-2.875, -3.200, -3.435, -3.745, -1.745, -4.895, -3.225, -2.736, -2.923, -3.195
-2.841, -2.887, -3.307, -2.365, -2.141, -5.986, -2.924, -3.335, -2.822, -3.472
-3.141, -2.673, -3.166, -3.081, -8.461, -2.567, -2.683, -2.307, -3.499, -3.433
-3.606, -2.980, -2.357, -4.023, -10.661, -2.482, -3.632, -2.759, -2.642, -3.122
-3.321, -2.895, -3.570, -3.370, -4.955, -2.362, -3.785, -3.243, -3.762, -3.114
-3.193, -3.081, -3.180, -3.584, -9.062, -3.020, -2.963, -3.095, -2.822, -3.163
-2.937, -2.675, -3.688, -2.858, -6.793, -3.133, -2.971, -2.738, -3.135, -3.739
-2.783, -3.218, -3.373, -4.078, -4.422, -1.469, -2.937, -3.582, -3.374, -3.318
-3.732, -2.648, -2.724, -3.525, -5.597, -1.651, -3.612, -2.961, -2.652, -3.270
-3.270, -3.430, -3.246, -3.549, -5.252, -1.910, -3.326, -3.338, -2.529, -2.759
-3.192, -3.019, -3.252, -2.768, -8.514, -2.781, -3.289, -2.957, -3.674, -3.140
-2.889, -3.923, -2.568, -3.004, -1.977, -4.088, -2.581, -3.589, -3.094, -2.909
-3.336, -3.191, -2.656, -3.481, -7.835, -3.127, -2.855, -2.979, -3.644, -3.206
-3.263, -2.976, -2.871, -3.858, -8.271, -2.718, -3.138, -3.158, -3.104, -3.638
-3.329, -3.181, -3.060, -3.241, -6.431, -2.521, -3.182, -2.759, -3.143, -3.060
-3.210, -3.651, -3.100, -3.107, -1.771, -4.459, -3.082, -3.359, -3.714, -2.952
-3.413, -3.088, -3.429, -1.752, -1.627, -5.688, -4.251, -4.397, -2.956, -3.623
-3.420, -3.563, -3.743, -2.830, -5.902, -2.792, -3.743, -2.461, -2.615, -2.761
-3.137, -3.318, -3.695, -3.100, -1.789, -6.576, -2.678, -2.768, -3.161, -3.595
-3.407, -3.374, -3.367, -3.285, -6.568, -2.482, -2.660, -3.456, -3.535, -3.268
-3.319, -3.707, -2.981, -3.808, -4.396, -1.565, -2.996, -2.743, -3.791, -3.246
-3.002, -3.477, -2.866, -3.125, -1.924, -6.874, -4.504, -2.519, -3.934, -2.802
-3.021, -4.250, -2.680, -2.291, -3.291, -0.943, -3.980, -2.918, -3.335, -2.838
-3.129, -3.069, -3.206, -2.546, -0.955, -3.616, -3.339, -4.544, -2.750, -3.096
-2.910, -4.606, -3.294, -3.988, -0.694, -3.367, -3.026, -2.746, -2.816, -3.244
-2.955, -3.330, -3.028, -4.208, -7.960, -2.438, -2.846, -2.744, -3.043, -3.406
-3.131, -3.008, -3.165, -3.362, -1.948, -5.494, -3.539, -2.709, -3.249, -2.940
-3.373, -3.023, -2.757, -3.862, -9.606, -3.956, -3.202, -3.237, -3.178, -2.817
-2.728, -3.026, -3.442, -3.897, -1.817, -4.994, -2.900, -3.298, -3.373, -3.598
-3.358, -3.214, -3.025, -3.440, -9.038, -3.824, -3.464, -3.277, -3.249, -2.888
-3.719, -3.129, -2.839, -3.055, -4.703, -2.045, -4.132, -3.060, -3.227, -2.434
-3.122, -3.655, -3.582, -3.480, -5.304, -2.135, -3.204, -2.971, -2.706, -3.142
-3.136, -4.118, -4.066, -2.742, -2.440, -5.601, -3.467, -3.879, -3.075, -3.272
-3.311, -3.772, -3.882, -2.669, -1.242, -4.649, -3.154, -3.114, -3.477, -2.665
-3.228, -3.957, -2.874, -4.426, -4.368, -1.554, -3.072, -2.800, -2.906, -3.219
-3.111, -2.938, -3.203, -3.074, -5.534, -2.169, -3.397, -3.549, -3.283, -2.988
-2.961, -3.163, -3.042, -3.321, -4.567, -1.685, -2.842, -3.264, -2.916, -3.181
-2.713, -2.945, -2.802, -2.294, -1.981, -5.040, -3.486, -3.394, -2.849, -3.121
-3.154, -3.470, -3.677, -1.994, -0.988, -4.115, -3.215, -3.036, -3.158, -3.363
-4.418, -2.901, -3.507, -3.498, -2.696, -6.174, -2.465, -2.931, -3.168, -2.756
-3.317, -3.113, -3.018, -2.821, -2.028, -5.387, -3.942, -3.093, -3.060, -3.272
-3.477, -2.921, -3.564, -2.617, -1.293, -5.080, -3.501, -3.471, -3.003, -3.346
-3.268, -3.422, -1.951, -2.174, -2.119, -4.150, -2.668, -3.473, -3.005, -3.079
-3.314, -3.169, -3.301, -3.837, -5.691, -2.312, -3.401, -3.008, -2.924, -2.984
-3.324, -3.603, -3.213, -2.939, -1.590, -5.711, -3.583, -2.665, -3.082, -3.528
-3.490, -3.940, -3.057, -2.745, -2.093, -5.594, -2.439, -3.609, -4.171, -4.023
-2.986, -3.792, -3.306, -2.093, -0.883, -3.903, -3.465, -2.844, -2.630, -3.189
-3.310, -2.775, -3.433, -1.698, -7.465, -2.828, -3.331, -2.772, -2.991, -3.107
-3.237, -2.912, -2.704, -3.533, -9.302, -3.420, -3.550, -3.041, -3.480, -3.069
-3.570, -3.163, -3.262, -2.464, -3.968, -0.621, -3.430, -2.340, -2.897, -3.170
-3.538, -3.496, -3.286, -2.144, -1.721, -4.968, -3.564, -3.854, -3.319, -3.139
-2.729, -3.590, -3.921, -2.591, -5.185, -1.950, -3.714, -3.855, -3.029, -3.079
-4.120, -3.461, -4.145, -3.784, -2.382, -6.514, -2.686, -2.985, -2.948, -3.699
-2.859, -3.236, -3.528, -2.543, -6.914, -2.739, -2.887, -3.317, -3.137, -2.819
-2.752, -3.036, -3.745, -4.398, -6.921, -2.413, -3.677, -3.310, -4.054, -2.974
-3.516, -3.255, -3.265, -2.672, -1.279, -4.363, -3.597, -3.208, -3.097, -3.144
-3.229, -3.060, -3.522, -3.739, -4.415, -1.994, -3.519, -3.589, -3.107, -3.043
-2.577, -2.780, -3.343, -3.298, -2.293, -5.713, -2.991, -3.456, -3.377, -2.989
-3.026, -2.725, -3.384, -2.667, -5.013, -1.891, -3.228, -2.336, -2.845, -2.648
-3.227, -3.374, -2.380, -2.401, -2.045, -4.378, -3.005, -3.242, -2.971, -3.120
-3.636, -3.347, -3.173, -2.084, -0.759, -4.132, -3.887, -3.051, -2.978, -3.335
-3.976, -3.417, -3.168, -2.844, -2.067, -4.885, -3.505, -2.841, -3.132, -3.737
-4.131, -3.404, -3.636, -4.088, -2.209, -6.030, -2.321, -3.638, -3.118, -3.265
-3.115, -3.680, -3.606, -3.387, -4.626, -1.831, -3.886, -2.912, -3.139, -2.901
-2.776, -2.960, -3.173, -4.328, -2.334, -6.780, -3.073, -3.673, -3.245, -3.238
-3.352, -2.656, -3.692, -1.793, -1.213, -4.704, -3.562, -3.440, -3.655, -3.232
-3.800, -3.302, -3.149, -3.344, -1.985, -5.189, -2.940, -3.998, -3.604, -3.719
-2.860, -3.068, -3.539, -1.649, -0.944, -3.825, -3.354, -3.756, -3.095, -2.990
-2.888, -3.269, -3.461, -3.327, -1.811, -4.648, -3.211, -3.703, -3.139, -3.334
-3.581, -3.127, -3.448, -3.385, -7.495, -2.981, -2.629, -2.468, -3.116, -3.611
-3.069, -2.503, -5.140, -2.537, -4.208, -2.296, -3.029, -2.088, -3.002, -3.488
-3.708, -3.418, -3.122, -3.384, -1.836, -5.429, -3.762, -2.644, -3.886, -2.718
-3.206, -3.154, -3.501, -3.965, -5.187, -2.152, -3.860, -4.534, -3.749, -3.884
-3.377, -2.842, -3.501, -4.086, -4.224, -1.654, -3.027, -2.576, -3.343, -2.911
-3.638, -3.748, -2.704, -3.422, -7.983, -2.867, -3.471, -3.747, -3.258, -3.523
-3.072, -3.429, -2.946, -3.838, -6.101, -2.309, -3.300, -3.066, -3.227, -2.854
-3.301, -3.227, -3.638, -2.716, -2.015, -6.200, -3.364, -2.906, -3.457, -3.262
-4.057, -2.602, -2.805, -2.854, -5.810, -2.512, -3.975, -3.235, -3.003, -2.882
-3.478, -2.777, -3.341, -3.733, -5.404, -2.459, -3.750, -2.646, -3.396, -3.330
-3.129, -3.882, -3.675, -2.072, -0.789, -4.619, -3.455, -3.132, -3.101, -3.342
-3.202, -3.444, -2.853, -3.080, -5.726, -2.228, -3.133, -2.985, -3.185, -3.035
-2.505, -3.762, -3.028, -3.370, -1.705, -4.878, -4.161, -2.605, -3.006, -3.129
-2.987, -3.611, -3.294, -2.401, -4.965, -1.879, -3.446, -3.223, -3.154, -3.292
-2.722, -3.657, -3.597, -2.873, -1.052, -4.786, -3.255, -3.752, -3.231, -3.018
-3.385, -2.793, -3.148, -3.064, -1.972, -5.237, -3.225, -3.114, -3.092, -3.077
-3.137, -3.189, -3.340, -3.054, -5.740, -2.344, -3.451, -3.677, -3.306, -3.187
-3.323, -2.715, -3.078, -3.196, -6.958, -2.703, -3.416, -2.625, -3.208, -3.085
-2.894, -3.316, -3.030, -2.796, -7.914, -2.588, -2.971, -2.753, -3.301, -2.351
-2.831, -3.267, -3.725, -3.246, -6.508, -2.641, -3.441, -2.708, -3.040, -3.116
-3.959, -2.737, -3.767, -2.685, -5.100, -2.273, -3.083, -2.516, -3.071, -2.524
-3.557, -3.279, -3.408, -3.410, -2.241, -6.526, -3.338, -2.670, -3.114, -3.295
-3.172, -3.588, -2.560, -3.033, -1.432, -3.893, -2.817, -3.086, -2.871, -2.978
-2.908, -3.394, -3.303, -3.865, -6.444, -2.564, -2.888, -3.646, -3.364, -2.678
-3.354, -3.135, -3.321, -4.321, -5.283, -1.151, -2.650, -3.611, -3.664, -3.092
-3.007, -3.278, -4.473, -2.843, -1.821, -5.357, -3.702, -3.462, -3.380, -3.196
-2.960, -3.688, -3.330, -3.386, -1.401, -4.613, -2.973, -2.923, -2.969, -3.143
-3.114, -3.224, -2.887, -3.902, -5.861, -2.017, -3.360, -2.780, -3.305, -2.886
-3.058, -3.455, -3.136, -4.200, -7.331, -1.764, -2.821, -3.721, -3.196, -3.174
-3.254, -3.590, -3.573, -3.644, -1.613, -5.160, -3.649, -2.638, -4.006, -3.208
-3.511, -3.145, -2.805, -3.474, -1.786, -5.262, -3.578, -2.505, -3.463, -3.662
-3.225, -2.770, -3.491, -2.647, -9.465, -3.183, -3.467, -2.831, -3.683, -2.937
-3.967, -3.400, -3.538, -2.386, -2.300, -5.329, -2.704, -3.163, -3.543, -3.259
-2.974, -3.104, -2.662, -3.476, -1.879, -6.442, -4.192, -2.171, -3.636, -2.824
-3.116, -3.795, -4.046, -2.579, -2.486, -5.069, -2.339, -4.018, -2.617, -2.682
-3.059, -2.945, -3.135, -3.691, -2.171, -6.102, -3.368, -3.064, -3.316, -3.528
-2.966, -3.693, -3.380, -3.379, -1.343, -4.986, -3.292, -3.286, -3.228, -3.105
-3.470, -3.857, -2.675, -3.302, -1.091, -3.802, -3.005, -3.281, -3.535, -2.970
-3.420, -2.703, -2.874, -2.319, -2.035, -4.655, -2.621, -3.306, -2.748, -3.090
-3.527, -4.415, -3.399, -2.886, -1.133, -4.385, -3.778, -2.404, -3.016, -3.104
-3.464, -2.728, -2.927, -4.206, -2.172, -5.177, -3.446, -2.959, -2.810, -3.684
-2.775, -2.927, -2.608, -1.690, -2.717, -6.395, -3.446, -3.599, -2.883, -3.135
-3.234, -2.590, -4.192, -3.635, -3.535, -1.721, -3.756, -3.260, -3.313, -3.183
-3.529, -2.407, -4.398, -3.071, -5.241, -2.504, -2.333, -2.896, -2.723, -3.400
-2.714, -3.289, -2.740, -2.838, -5.015, -2.287, -4.043, -2.526, -3.566, -2.595
-3.328, -3.487, -2.416, -6.113, -6.891, -2.641, -3.135, -2.498, -3.238, -3.473
-3.503, -4.046, -3.355, -2.552, -6.350, -2.265, -2.896, -2.254, -3.439, -3.329
-3.465, -2.875, -2.077, -2.752, -6.867, -2.317, -3.954, -2.944, -3.105, -3.511
-3.610, -3.300, -3.872, -2.816, -1.713, -6.030, -3.242, -3.415, -4.069, -2.967
-3.462, -3.981, -2.714, -3.405, -1.933, -4.790, -3.298, -2.997, -3.453, -3.363
-2.190, -3.644, -2.565, -2.309, -1.661, -4.215, -4.759, -2.864, -2.229, -3.394
-2.736, -2.989, -3.032, -2.607, -5.374, -1.509, -3.636, -3.214, -3.170, -2.814
-3.520, -3.208, -2.317, -2.309, -2.101, -4.233, -2.793, -3.068, -3.857, -3.682
-3.240, -3.545, -3.626, -2.914, -1.996, -5.486, -3.305, -2.712, -3.254, -3.374
-3.287, -2.962, -2.719, -5.284, -1.947, -4.902, -3.409, -3.293, -3.020, -3.775
-2.625, -3.394, -3.107, -3.091, -5.374, -2.117, -3.377, -2.468, -3.697, -3.169
-3.356, -3.117, -2.960, -2.923, -2.716, -5.303, -2.625, -3.288, -3.302, -3.339
-3.398, -2.855, -3.266, -2.928, -2.201, -5.142, -2.554, -3.770, -3.253, -3.693
-3.145, -4.637, -2.647, -3.343, -0.794, -3.044, -3.033, -2.948, -2.936, -3.165
-2.981, -3.451, -3.330, -4.024, -7.638, -3.217, -2.923, -3.168, -3.250, -3.194
-3.739, -3.159, -3.195, -3.001, -1.902, -4.863, -2.819, -3.648, -3.768, -3.054
-3.092, -3.410, -3.295, -2.094, -8.822, -3.499, -3.346, -2.609, -2.856, -3.139
-3.559, -3.232, -3.028, -4.633, -7.033, -2.185, -2.830, -2.871, -3.211, -3.211
-3.134, -3.560, -4.376, -4.119, -4.579, -1.895, -4.397, -3.662, -3.688, -3.107
-3.881, -3.027, -2.838, -4.081, -6.760, -2.548, -3.305, -2.549, -3.306, -3.457
-3.395, -3.824, -3.037, -2.811, -1.086, -4.828, -3.084, -2.814, -3.259, -3.566
-3.586, -2.633, -2.708, -2.614, -1.483, -4.657, -3.558, -3.134, -3.277, -3.140
-3.295, -4.008, -3.146, -2.686, -3.393, -6.928, -3.311, -3.113, -3.714, -3.382
-3.683, -3.513, -2.837, -3.306, -1.735, -4.810, -3.593, -2.116, -3.607, -3.231
-3.191, -3.415, -2.698, -2.418, -1.257, -3.704, -2.867, -3.123, -3.386, -3.233
-3.330, -3.166, -2.796, -2.634, -1.932, -4.595, -3.607, -2.921, -3.183, -3.239
-2.889, -3.593, -2.847, -3.550, -1.480, -4.790, -2.953, -2.773, -3.295, -3.046
-3.870, -2.905, -3.063, -1.632, -6.268, -2.539, -3.462, -2.277, -2.809, -2.878
-3.445, -4.007, -3.728, -2.855, -3.262, -1.209, -3.874, -3.963, -3.504, -2.979
-3.389, -2.805, -3.529, -2.739, -9.938, -3.088, -2.890, -2.134, -3.135, -3.466
-3.504, -3.238, -3.519, -2.783, -2.111, -5.082, -3.133, -3.078, -2.456, -2.826
-3.314, -3.221, -3.109, -3.354, -6.728, -2.589, -3.045, -2.821, -3.170, -3.168
-3.662, -3.699, -3.583, -2.769, -3.489, -0.849, -2.003, -3.091, -2.888, -3.314
-3.247, -2.875, -3.324, -4.441, -2.444, -5.807, -3.563, -2.906, -2.900, -3.541
-3.579, -3.731, -3.246, -3.703, -1.819, -5.376, -3.785, -3.656, -3.924, -3.632
-3.024, -3.424, -3.317, -3.084, -1.692, -4.683, -2.439, -3.186, -3.619, -2.833
-3.179, -3.373, -3.364, -2.103, -1.099, -4.547, -4.029, -2.556, -3.019, -3.236
-3.258, -3.030, -3.593, -3.439, -1.647, -5.097, -3.348, -2.797, -3.870, -2.976
-3.585, -2.838, -3.772, -4.468, -1.714, -5.057, -3.365, -3.772, -2.379, -3.891
-3.022, -3.004, -2.662, -2.351, -2.365, -4.964, -3.227, -3.152, -3.300, -2.970
-2.786, -2.668, -3.550, -2.570, -1.400, -4.373, -3.094, -4.037, -3.595, -3.028
-2.975, -4.332, -4.341, -3.295, -1.279, -5.785, -2.454, -3.779, -3.312, -2.794
-2.691, -3.217, -4.178, -3.197, -4.913, -2.535, -3.932, -2.378, -2.465, -2.881
-3.145, -2.926, -3.123, -3.032, -6.798, -3.101, -3.879, -2.562, -3.435, -2.785
-3.320, -3.930, -2.444, -4.237, -1.155, -4.243, -3.870, -1.985, -3.409, -3.093
-2.759, -3.088, -3.657, -3.836, -6.738, -2.687, -2.563, -3.185, -3.438, -3.133
-3.396, -3.512, -2.773, -2.663, -2.368, -4.716, -2.851, -3.036, -3.481, -3.165
-3.108, -2.967, -2.450, -3.676, -1.960, -4.593, -3.114, -2.748, -3.175, -3.094
-3.349, -3.140, -3.195, -3.975, -6.278, -2.027, -3.279, -3.647, -3.394, -3.061
-3.214, -3.371, -3.122, -3.981, -5.777, -2.017, -3.248, -3.048, -2.955, -3.215
-3.310, -3.060, -2.086, -2.173, -1.461, -3.865, -2.271, -3.493, -3.563, -3.165
-3.273, -2.990, -3.354, -3.218, -6.289, -1.642, -2.931, -3.353, -2.921, -3.344
-3.148, -3.224, -3.512, -2.396, -1.081, -4.210, -3.342, -4.133, -3.577, -2.779
-2.909, -2.829, -2.508, -4.228, -2.276, -5.251, -3.215, -3.085, -2.897, -3.016
-2.950, -3.440, -2.996, -3.215, -1.503, -4.506, -3.054, -3.017, -3.550, -2.957
-2.980, -4.603, -2.942, -3.008, -1.550, -4.628, -3.307, -2.600, -3.189, -3.379
-3.042, -2.879, -3.001, -2.877, -1.918, -4.830, -3.137, -3.005, -3.134, -3.160
-3.619, -3.476, -2.829, -2.995, -2.390, -6.505, -2.756, -3.089, -3.858, -3.208
-3.560, -3.148, -3.410, -2.491, -2.116, -5.591, -2.517, -2.880, -3.241, -3.779
-3.213, -2.817, -2.932, -3.747, -8.116, -2.696, -2.985, -3.492, -3.461, -2.891
-3.110, -3.735, -3.446, -2.542, -1.473, -4.359, -3.393, -3.173, -2.930, -3.162
-3.609, -3.639, -4.535, -3.515, -3.683, -1.338, -3.814, -2.736, -3.653, -3.516
-3.362, -3.936, -3.122, -3.880, -1.438, -5.120, -3.355, -2.712, -3.689, -3.263
-2.676, -3.530, -4.569, -2.879, -5.360, -2.494, -3.746, -3.219, -3.623, -3.006
-3.739, -4.559, -2.502, -3.452, -2.166, -5.952, -2.975, -2.538, -3.096, -4.115
-3.271, -3.065, -3.039, -3.013, -2.387, -6.120, -2.830, -2.948, -3.390, -3.282
-3.640, -2.264, -3.107, -2.408, -6.904, -2.749, -4.388, -2.905, -2.582, -3.179
-3.405, -2.731, -2.762, -3.014, -1.936, -5.130, -3.100, -3.728, -2.702, -3.299
-3.031, -3.418, -3.188, -3.097, -9.659, -3.748, -3.124, -2.705, -3.330, -3.373
-3.151, -3.809, -2.905, -2.468, -1.097, -4.521, -3.011, -3.024, -3.386, -3.078
-2.924, -3.798, -3.494, -2.911, -2.099, -6.224, -3.144, -2.558, -2.627, -3.466
-3.383, -3.287, -3.961, -3.590, -6.746, -3.198, -3.696, -3.219, -3.439, -3.178
-3.426, -3.586, -2.365, -3.284, -5.183, -1.769, -3.881, -3.142, -3.757, -3.130
-3.127, -3.573, -3.045, -3.757, -2.811, -5.617, -3.028, -2.407, -2.729, -3.488
-2.854, -2.829, -3.167, -4.761, -2.700, -6.100, -2.922, -3.135, -3.135, -3.151
-3.161, -3.506, -2.872, -3.228, -5.089, -1.854, -3.194, -2.504, -2.782, -3.536
-3.257, -4.030, -2.998, -2.640, -0.939, -4.002, -3.525, -2.713, -2.893, -3.496
-3.148, -3.005, -3.238, -3.647, -9.061, -3.512, -3.149, -3.422, -3.430, -3.319
-3.206, -2.949, -2.897, -3.470, -4.595, -1.703, -3.299, -2.729, -3.318, -3.155
-2.866, -2.655, -3.460, -3.207, -2.054, -5.983, -3.187, -2.805, -2.856, -3.198
-3.444, -3.412, -2.957, -3.297, -1.431, -4.249, -3.714, -2.776, -3.276, -3.041
-3.182, -3.322, -3.119, -3.424, -9.125, -3.816, -3.464, -2.922, -3.392, -3.184
-2.469, -2.987, -2.224, -3.345, -2.345, -5.030, -3.787, -2.582, -2.696, -3.032
-3.316, -3.453, -3.227, -3.089, -2.650, -6.212, -3.334, -3.507, -4.021, -3.259
-3.070, -3.621, -2.706, -1.862, -1.119, -4.158, -2.888, -3.328, -2.962, -3.211
-3.581, -2.492, -3.186, -3.477, -5.238, -1.755, -3.432, -3.195, -3.506, -3.370
-2.845, -3.942, -3.444, -3.502, -1.068, -3.600, -2.972, -2.681, -1.873, -2.778
-3.158, -3.173, -3.537, -2.955, -1.681, -4.917, -2.661, -2.658, -3.510, -2.904
-2.615, -3.425, -4.220, -2.835, -4.946, -1.408, -2.041, -3.206, -3.580, -3.773
-3.224, -3.539, -3.052, -2.330, -1.473, -4.785, -2.722, -3.202, -3.441, -2.967
-2.935, -3.420, -3.063, -3.085, -9.570, -3.118, -3.216, -3.258, -3.009, -3.491
-2.725, -3.651, -3.987, -2.894, -4.032, -1.180, -2.384, -3.949, -3.272, -3.026
-3.190, -3.450, -2.828, -3.229, -2.222, -5.231, -4.035, -3.010, -3.247, -2.931
-3.304, -3.135, -3.215, -2.688, -1.625, -4.393, -3.000, -4.670, -3.015, -2.850
-2.959, -3.417, -3.419, -3.276, -0.831, -3.857, -3.049, -3.472, -3.000, -2.782
-3.286, -2.902, -3.177, -3.041, -6.867, -2.551, -2.967, -2.643, -2.849, -3.765
-3.243, -3.517, -3.333, -3.442, -5.653, -2.183, -3.109, -2.651, -3.881, -3.435
-3.188, -2.968, -3.361, -3.488, -5.526, -2.399, -2.898, -3.101, -3.264, -3.198
-3.860, -3.115, -3.305, -3.094, -1.111, -4.198, -3.870, -3.662, -3.098, -2.941
-3.110, -3.214, -3.273, -3.045, -3.163, -6.695, -2.963, -2.924, -2.594, -3.209
-3.483, -3.432, -3.202, -2.692, -5.236, -1.698, -2.858, -3.007, -3.015, -3.182
-3.597, -3.092, -3.418, -3.202, -5.334, -2.387, -4.221, -3.351, -3.087, -3.371
-3.370, -2.278, -4.009, -1.662, -5.839, -2.016, -2.448, -2.624, -3.031, -3.464
-2.865, -3.563, -3.761, -2.178, -1.346, -4.885, -3.082, -3.673, -3.434, -3.577
-3.153, -3.817, -3.588, -2.257, -1.230, -4.856, -3.471, -2.872, -2.972, -3.207
-2.925, -3.109, -3.379, -3.181, -5.364, -1.818, -3.826, -2.684, -3.376, -3.281
-3.480, -3.967, -3.277, -2.985, -1.362, -4.467, -2.969, -3.143, -3.871, -3.444
-2.536, -2.608, -3.293, -2.633, -7.951, -2.332, -3.298, -2.181, -3.151, -2.992
-2.675, -2.193, -3.543, -2.582, -1.438, -4.527, -3.014, -4.097, -3.421, -2.954
-2.836, -4.220, -2.913, -3.827, -1.165, -3.911, -2.880, -2.189, -2.805, -3.488
-3.709, -3.316, -3.201, -3.501, -3.044, -0.964, -2.544, -3.373, -3.113, -2.899
-2.866, -4.128, -3.472, -3.368, -1.400, -5.254, -2.996, -2.507, -3.302, -2.765
-3.873, -2.774, -3.819, -2.790, -7.062, -2.805, -3.524, -3.111, -2.283, -3.470
-3.901, -3.097, -3.542, -3.120, -3.280, -6.576, -2.373, -2.810, -2.972, -3.013
-3.306, -4.108, -3.003, -2.585, -2.273, -4.836, -3.565, -2.994, -3.843, -3.296
-3.451, -2.798, -2.977, -4.252, -6.036, -2.515, -3.235, -3.442, -3.395, -3.194
-2.822, -3.015, -2.760, -1.724, -1.660, -3.904, -2.918, -3.436, -2.644, -2.965
-3.291, -3.022, -2.709, -3.844, -6.905, -2.741, -2.895, -3.051, -3.379, -3.117
-3.298, -3.117, -2.583, -3.549, -2.911, -5.440, -2.830, -3.016, -3.715, -3.274
-3.278, -3.930, -3.265, -2.760, -1.620, -6.191, -3.263, -3.982, -2.965, -3.729
-3.343, -2.831, -3.000, -1.696, -5.109, -2.066, -3.186, -2.131, -2.921, -3.399
-3.261, -2.964, -3.305, -2.158, -6.137, -2.354, -2.804, -2.536, -3.108, -3.276
-2.661, -3.868, -3.066, -2.553, -2.786, -5.330, -3.074, -3.380, -2.751, -3.906
-2.336, -3.229, -4.559, -3.065, -4.773, -2.297, -2.283, -2.313, -4.058, -2.757
-3.193, -4.950, -3.926, -3.597, -0.759, -4.006, -2.914, -3.110, -3.276, -3.678
-3.228, -3.416, -3.369, -3.561, -6.437, -2.679, -3.272, -3.168, -3.427, -3.173
-3.050, -3.240, -3.774, -2.841, -5.659, -2.574, -3.879, -3.527, -2.943, -3.384
-3.288, -3.837, -3.316, -2.442, -1.879, -5.395, -3.322, -2.859, -3.750, -3.366
-3.148, -3.028, -3.196, -3.320, -7.320, -2.394, -3.194, -2.567, -3.417, -2.977
-2.967, -3.971, -2.644, -3.885, -9.446, -2.563, -2.880, -2.483, -2.494, -2.897
-3.166, -3.250, -2.969, -3.167, -6.771, -2.567, -2.970, -3.272, -3.233, -3.152
-3.191, -3.547, -2.691, -3.792, -5.268, -1.510, -2.838, -2.710, -2.923, -2.786
-2.998, -2.798, -2.800, -3.615, -5.115, -2.052, -3.319, -3.265, -2.981, -3.405
-3.148, -2.845, -2.994, -4.230, -2.820, -6.683, -2.982, -2.514, -3.177, -3.214
-3.268, -2.929, -3.290, -3.378, -1.760, -5.434, -4.163, -3.202, -3.448, -2.605
-2.198, -3.852, -5.054, -2.923, -6.661, -2.191, -1.714, -2.994, -3.994, -3.098
-3.322, -2.929, -2.782, -3.400, -5.999, -2.512, -3.459, -2.743, -3.165, -3.183
-3.174, -2.979, -3.268, -3.265, -2.255, -5.791, -3.315, -2.838, -3.595, -3.044
-2.950, -2.895, -4.216, -3.727, -5.236, -2.004, -3.711, -2.941, -3.394, -3.283
-3.505, -3.761, -3.822, -2.966, -5.470, -2.446, -3.579, -3.508, -3.691, -2.924
-2.874, -3.136, -3.504, -4.334, -5.137, -1.876, -2.951, -3.159, -3.217, -2.957
-2.927, -3.369, -3.290, -3.090, -1.819, -4.898, -3.154, -3.843, -2.437, -3.187
-3.396, -3.024, -3.239, -2.519, -9.981, -3.604, -3.162, -2.899, -3.312, -3.450
-3.252, -3.630, -2.779, -4.084, -5.691, -2.288, -4.002, -2.781, -3.223, -3.281
-3.632, -3.614, -2.890, -2.486, -3.880, -1.327, -3.179, -3.026, -3.153, -3.111
-2.444, -4.115, -3.203, -3.178, -2.196, -4.938, -2.370, -3.276, -3.385, -3.276
-3.056, -3.035, -3.112, -3.685, -8.042, -2.694, -3.354, -3.608, -3.342, -3.643
-2.890, -2.952, -3.027, -3.696, -9.290, -2.479, -3.322, -3.289, -3.334, -3.524
-2.357, -3.742, -2.849, -3.845, -1.591, -4.496, -3.424, -3.632, -3.278, -2.577
-3.167, -3.031, -2.928, -2.952, -5.883, -1.890, -3.385, -2.885, -2.974, -2.526
-2.913, -3.511, -3.544, -2.908, -2.036, -5.587, -3.495, -2.546, -2.698, -3.432
-3.398, -3.171, -3.611, -2.364, -2.164, -5.810, -3.187, -3.499, -3.130, -3.193
-3.701, -3.132, -2.865, -1.985, -4.977, -2.109, -4.173, -1.591, -2.801, -2.852
-2.992, -4.023, -2.910, -1.785, -1.606, -4.393, -3.473, -3.341, -3.219, -2.839
-2.492, -2.843, -3.431, -2.819, -7.817, -2.826, -2.229, -3.042, -3.577, -3.149
-3.666, -4.064, -2.427, -4.199, -1.750, -4.251, -3.420, -3.016, -3.225, -3.978
-3.124, -3.186, -2.970, -3.373, -2.405, -5.509, -3.191, -2.770, -4.005, -3.034
-3.432, -3.175, -3.485, -3.011, -5.443, -2.566, -4.010, -3.152, -3.145, -2.640
-3.355, -3.654, -3.236, -2.708, -4.819, -1.704, -3.131, -2.557, -3.389, -3.281
-3.663, -2.740, -3.847, -4.282, -2.593, -6.964, -2.424, -3.306, -3.049, -3.634
-3.207, -2.944, -3.431, -3.379, -5.291, -1.621, -3.212, -3.641, -3.036, -3.394
-3.526, -3.593, -3.455, -3.569, -2.401, -7.043, -3.064, -2.368, -3.798, -3.440
-2.949, -3.055, -2.829, -3.298, -7.605, -3.103, -3.585, -3.130, -3.483, -2.598
-3.620, -3.522, -2.580, -2.851, -2.254, -5.258, -2.600, -2.993, -3.714, -3.229
-3.451, -3.224, -2.827, -2.594, -1.564, -4.016, -2.859, -3.778, -3.699, -3.459
-3.075, -2.931, -2.678, -4.406, -10.793, -2.672, -2.797, -3.034, -3.354, -3.430
-3.135, -2.883, -2.620, -3.086, -2.660, -9.381, -3.285, -2.446, -3.872, -3.294
-2.992, -2.989, -3.036, -2.927, -10.855, -3.471, -3.014, -2.118, -3.340, -3.422
-3.457, -3.097, -3.239, -1.698, -1.557, -4.290, -3.139, -4.593, -2.936, -3.157
-3.445, -4.191, -2.962, -3.658, -0.754, -3.620, -3.569, -2.511, -2.434, -3.324
-2.845, -2.703, -3.314, -2.548, -5.723, -2.381, -2.919, -2.877, -2.968, -3.619
-2.674, -3.054, -3.842, -1.808, -5.892, -2.620, -2.759, -1.822, -3.276, -3.560
-2.872, -3.079, -3.709, -3.058, -7.827, -2.288, -3.083, -2.444, -3.692, -2.988
-2.919, -2.715, -3.372, -2.869, -5.410, -1.970, -3.556, -2.771, -3.218, -2.699
-3.189, -3.657, -4.079, -2.363, -1.456, -5.805, -2.556, -3.266, -3.115, -3.104
-3.536, -3.898, -3.123, -3.145, -0.560, -3.536, -3.611, -3.560, -2.932, -3.149
-3.071, -3.248, -3.436, -4.145, -1.862, -4.970, -2.945, -2.753, -2.899, -3.003
-3.390, -3.579, -2.328, -2.932, -2.161, -4.637, -3.020, -2.804, -3.337, -3.234
-3.342, -3.530, -2.754, -3.265, -2.435, -5.211, -3.134, -2.390, -3.490, -3.446
-2.717, -3.423, -3.187, -3.036, -5.607, -2.141, -3.052, -2.476, -3.040, -3.091
-2.844, -3.286, -3.399, -4.204, -1.610, -4.653, -3.043, -3.557, -3.066, -3.036
-3.079, -4.004, -3.140, -2.954, -1.313, -4.206, -2.979, -3.383, -4.052, -3.077
-3.671, -3.629, -2.917, -3.086, -7.024, -2.700, -3.302, -2.574, -3.221, -3.776
-3.316, -2.690, -3.766, -3.504, -7.074, -3.037, -3.806, -2.612, -3.538, -3.253
-2.853, -2.853, -2.993, -3.731, -2.316, -5.436, -3.227, -3.538, -2.847, -3.098
-3.160, -4.492, -3.525, -2.932, -2.271, -4.747, -2.747, -2.777, -3.067, -3.799
-3.186, -3.678, -3.438, -1.747, -1.209, -4.952, -3.284, -3.952, -3.155, -3.148
-3.372, -3.039, -2.830, -3.415, -2.492, -6.071, -3.159, -3.324, -2.952, -3.457
-3.209, -3.054, -3.325, -4.115, -2.515, -7.188, -3.117, -3.086, -3.200, -3.452
-3.825, -3.547, -2.375, -2.751, -1.810, -4.200, -3.332, -2.872, -3.039, -3.392
-3.041, -3.073, -3.147, -3.481, -2.058, -5.495, -3.158, -2.714, -2.939, -2.717
-2.814, -4.054, -2.812, -2.320, -1.885, -4.436, -3.115, -3.075, -3.069, -3.099
-2.562, -4.105, -2.894, -3.928, -1.005, -3.999, -3.664, -3.740, -2.881, -2.498
-3.328, -3.402, -3.351, -3.391, -1.052, -3.832, -3.130, -3.285, -2.211, -3.505
-2.844, -3.761, -3.523, -2.549, -1.344, -4.633, -3.164, -4.069, -2.968, -3.299
-3.090, -3.457, -3.514, -1.971, -1.873, -6.011, -3.697, -2.832, -3.060, -3.058
-3.088, -3.828, -4.006, -2.369, -0.846, -4.062, -3.008, -3.110, -3.489, -3.235
-3.529, -2.655, -3.455, -3.658, -6.861, -2.633, -3.145, -3.015, -3.250, -2.920
-2.828, -2.894, -3.442, -3.660, -2.327, -5.883, -3.722, -3.438, -3.070, -2.989
-3.055, -4.267, -3.541, -2.636, -0.884, -3.982, -3.280, -2.903, -3.280, -3.485
-3.275, -3.838, -3.692, -2.692, -1.961, -4.912, -3.589, -3.089, -3.033, -2.777
-3.078, -2.930, -3.464, -2.534, -8.446, -3.204, -3.194, -3.508, -3.207, -3.100
-3.108, -3.562, -3.647, -3.101, -6.696, -2.222, -2.598, -2.575, -2.823, -3.428
-4.764, -3.042, -3.297, -2.789, -4.929, -1.874, -4.629, -2.842, -3.120, -4.135
-3.172, -3.458, -3.219, -3.348, -4.471, -1.835, -3.979, -3.299, -2.608, -3.586
-2.704, -2.928, -3.205, -2.707, -2.607, -5.344, -3.080, -3.005, -2.858, -3.623
-3.194, -2.533, -3.500, -2.582, -7.393, -2.067, -3.265, -2.677, -3.026, -3.061
-3.088, -3.106, -3.228, -3.156, -4.591, -1.986, -3.658, -3.434, -2.858, -2.852
-2.746, -3.807, -3.237, -2.336, -1.366, -4.106, -2.543, -3.318, -3.345, -2.950
-3.435, -2.945, -3.675, -2.374, -1.263, -5.308, -3.270, -3.304, -3.555, -3.357
-3.384, -3.118, -2.996, -3.664, -10.941, -3.304, -2.829, -3.121, -3.458, -2.870
-2.320, -2.567, -4.616, -3.351, -5.740, -2.669, -2.972, -3.638, -2.974, -2.510
-2.598, -3.810, -2.767, -5.128, -1.095, -4.160, -3.263, -2.342, -3.286, -2.750
-2.916, -2.768, -3.735, -3.142, -9.142, -3.288, -2.713, -3.226, -3.191, -4.071
-2.418, -3.839, -2.689, -3.076, -1.889, -4.516, -3.759, -3.502, -2.766, -3.027
-3.112, -2.784, -3.080, -4.818, -2.310, -5.848, -3.748, -3.160, -3.128, -3.311
-3.198, -3.141, -2.358, -3.268, -2.682, -5.679, -4.734, -3.963, -3.060, -2.886
-2.525, -3.246, -3.520, -2.606, -8.970, -3.491, -2.305, -2.477, -3.127, -3.748
-3.057, -3.434, -3.803, -4.436, -2.708, -5.694, -2.686, -3.290, -3.062, -3.460
-3.323, -3.521, -3.778, -2.692, -1.325, -5.240, -3.168, -2.994, -3.394, -3.234
-3.270, -4.003, -3.214, -3.443, -1.359, -6.471, -3.585, -3.011, -3.447, -2.964
-2.773, -3.994, -4.047, -3.106, -5.241, -2.047, -2.854, -2.751, -2.894, -3.336
-3.460, -3.258, -2.570, -3.676, -11.896, -3.306, -3.106, -2.989, -2.678, -3.591
-3.050, -3.455, -3.688, -2.111, -1.040, -5.095, -3.253, -4.063, -3.084, -3.026
-3.191, -3.434, -3.030, -3.312, -1.263, -4.484, -3.466, -2.602, -3.114, -3.468
-3.423, -3.102, -4.064, -4.239, -6.511, -3.208, -3.613, -3.386, -3.247, -3.015
-3.259, -2.980, -2.997, -2.423, -9.035, -3.001, -3.766, -1.917, -2.959, -3.106
-3.420, -2.766, -3.842, -4.574, -2.541, -5.880, -2.852, -2.998, -2.705, -3.210
-3.256, -3.072, -3.441, -3.502, -9.326, -3.958, -3.119, -2.823, -3.206, -3.477
-3.915, -2.896, -2.652, -4.156, -4.440, -1.943, -3.335, -2.632, -3.183, -2.681
-3.021, -2.896, -2.882, -3.421, -1.427, -4.241, -3.189, -3.135, -3.534, -3.269
-3.429, -3.320, -2.131, -2.516, -2.540, -6.137, -2.609, -2.463, -3.674, -3.258
-3.437, -2.993, -2.826, -3.782, -5.277, -0.748, -3.091, -4.057, -3.230, -2.780
-3.587, -3.301, -2.759, -3.434, -2.071, -4.737, -2.519, -2.465, -3.867, -3.874
-3.818, -3.200, -3.526, -3.395, -2.904, -6.546, -3.216, -2.247, -3.745, -3.305
-3.033, -2.759, -3.478, -3.367, -4.540, -1.644, -3.968, -3.780, -3.006, -3.114
-3.550, -3.341, -3.563, -3.743, -5.758, -1.240, -3.003, -2.885, -3.483, -3.418
-3.423, -2.619, -4.210, -3.827, -7.298, -3.072, -4.679, -3.197, -3.264, -3.284
-2.684, -3.474, -3.247, -3.555, -5.770, -1.710, -3.079, -2.915, -3.143, -3.250
-3.177, -2.665, -3.552, -2.520, -5.002, -1.529, -3.218, -1.581, -2.697, -3.079
-3.731, -2.829, -2.465, -2.387, -5.406, -1.454, -3.659, -4.309, -2.484, -3.867
-3.280, -2.938, -3.209, -3.646, -3.005, -6.122, -2.968, -3.243, -2.690, -3.005
-3.436, -3.425, -3.880, -2.401, -1.541, -4.416, -3.347, -3.417, -2.583, -3.042
-2.874, -2.907, -4.498, -3.326, -6.085, -3.033, -2.970, -3.044, -3.364, -2.806
-4.265, -3.711, -3.127, -3.504, -1.608, -4.601, -3.749, -2.972, -3.327, -3.688
-3.126, -4.754, -3.255, -2.892, -0.193, -2.815, -3.494, -3.332, -2.860, -2.827
-2.845, -2.457, -3.579, -2.758, -6.424, -2.620, -2.827, -2.986, -3.507, -3.524
-3.385, -4.093, -3.507, -2.465, -1.472, -5.460, -3.656, -3.302, -2.779, -3.836
-3.155, -3.693, -3.884, -2.347, -1.162, -4.299, -3.133, -2.862, -3.036, -3.184
-3.256, -3.305, -3.664, -2.962, -1.509, -5.552, -3.182, -2.856, -3.342, -3.253
-3.370, -2.599, -3.203, -2.236, -6.377, -2.484, -3.943, -2.880, -2.587, -2.852
-3.046, -3.228, -3.007, -3.055, -8.145, -3.333, -3.365, -2.850, -2.922, -3.270
-3.304, -3.211, -3.047, -3.531, -11.692, -4.219, -2.617, -3.352, -3.413, -3.749
-3.340, -2.850, -3.283, -3.837, -7.025, -3.188, -3.440, -3.478, -4.179, -3.178
-3.267, -2.915, -3.826, -3.446, -6.664, -2.783, -2.898, -3.253, -3.358, -2.894
-2.774, -4.089, -2.912, -4.539, -5.994, -1.937, -2.929, -2.462, -2.725, -2.909
-2.758, -3.263, -2.963, -3.320, -2.251, -4.612, -2.483, -3.210, -2.821, -3.401
-2.826, -3.509, -2.941, -3.574, -1.922, -5.116, -3.651, -2.251, -3.488, -3.161
-3.404, -3.882, -3.407, -2.463, -0.614, -3.916, -3.600, -3.413, -3.171, -2.996
-3.720, -4.020, -3.228, -3.189, -2.111, -4.989, -3.218, -3.083, -3.424, -2.624
-3.462, -2.788, -2.926, -2.484, -6.157, -1.866, -4.838, -3.132, -4.206, -2.446
-3.485, -3.249, -3.689, -2.709, -5.573, -2.299, -3.351, -3.012, -2.917, -3.085
-3.184, -3.646, -2.993, -3.699, -7.407, -2.393, -3.609, -3.491, -3.350, -3.147
-2.591, -2.996, -3.256, -3.124, -1.140, -4.028, -2.996, -3.767, -2.742, -3.532
-3.027, -2.896, -3.285, -3.018, -11.243, -3.242, -2.502, -2.907, -3.701, -3.299
-3.205, -3.051, -2.770, -4.366, -6.157, -2.342, -3.023, -2.982, -3.493, -2.836
-2.842, -3.689, -4.566, -3.972, -3.797, -1.173, -3.111, -3.146, -3.179, -2.532
-3.163, -2.969, -3.001, -4.318, -7.534, -1.883, -3.165, -2.956, -3.179, -3.398
-2.881, -3.637, -2.811, -4.629, -9.187, -2.307, -2.665, -3.109, -3.214, -3.048
-2.757, -3.117, -3.197, -3.441, -8.856, -2.873, -2.505, -3.817, -3.494, -3.485
-3.387, -2.887, -3.812, -2.345, -7.261, -2.779, -3.895, -2.638, -3.832, -3.266
-3.105, -2.582, -2.302, -2.681, -4.565, -1.558, -4.203, -3.158, -2.934, -2.634
-2.841, -2.590, -3.590, -2.785, -5.032, -2.145, -2.611, -2.839, -3.093, -3.425
-3.264, -3.174, -2.996, -2.804, -10.640, -3.688, -2.893, -3.150, -2.962, -3.568
-2.891, -2.646, -3.073, -3.222, -2.624, -6.232, -3.310, -2.940, -2.722, -3.132
-3.232, -3.452, -4.176, -3.303, -6.666, -2.797, -2.912, -3.524, -3.411, -3.306
-2.779, -3.567, -3.635, -2.280, -0.504, -3.265, -3.048, -3.402, -2.687, -3.106
-3.420, -3.061, -3.871, -2.639, -1.091, -4.186, -3.431, -3.063, -3.605, -3.465
-3.636, -3.597, -3.689, -2.918, -1.368, -4.403, -3.327, -3.299, -3.377, -3.195
-2.553, -3.077, -3.235, -2.771, -1.494, -4.321, -3.221, -4.415, -3.164, -3.354
-2.979, -4.692, -2.845, -2.844, -1.372, -4.802, -3.272, -3.641, -3.246, -3.179
-3.030, -4.612, -3.298, -3.434, -1.278, -4.811, -2.188, -3.120, -3.442, -3.914
-3.439, -2.174, -3.012, -2.164, -6.971, -2.111, -3.351, -3.034, -2.986, -3.313
-3.154, -3.215, -3.359, -3.440, -10.387, -3.625, -2.994, -3.586, -3.047, -2.989
-3.378, -2.713, -3.685, -3.426, -5.963, -2.921, -3.583, -3.275, -3.277, -3.151
-3.585, -3.189, -3.152, -4.175, -6.974, -2.236, -3.305, -3.173, -2.937, -3.088
-2.955, -3.558, -4.362, -4.732, -5.367, -2.135, -3.112, -2.808, -2.906, -2.799
-3.069, -3.298, -3.205, -1.805, -1.841, -4.939, -3.486, -3.823, -3.038, -3.161
-2.943, -3.112, -2.906, -3.021, -9.655, -2.641, -3.003, -3.034, -2.426, -3.303
-2.842, -2.266, -3.473, -2.870, -9.194, -3.177, -2.669, -3.459, -3.401, -3.645
-4.156, -2.982, -2.240, -3.270, -7.660, -2.379, -5.086, -2.285, -3.124, -2.941
-3.353, -2.317, -3.196, -1.493, -5.151, -2.213, -3.562, -2.508, -2.584, -3.297
-2.830, -3.034, -4.227, -2.874, -6.162, -2.640, -3.333, -2.415, -3.408, -3.532
-3.003, -2.722, -2.830, -4.424, -4.346, -1.702, -2.847, -3.047, -3.131, -3.405
-3.212, -3.315, -3.276, -3.337, -6.516, -2.325, -2.489, -3.366, -2.865, -3.566
-3.278, -3.412, -3.039, -2.650, -1.010, -4.708, -3.270, -3.288, -3.327, -3.085
-3.252, -3.421, -3.015, -4.140, -4.774, -1.373, -2.951, -3.248, -3.025, -3.345
-3.143, -3.493, -3.406, -2.911, -1.278, -4.068, -3.224, -3.507, -3.677, -2.941
-3.253, -3.222, -2.819, -3.532, -2.148, -5.891, -3.209, -2.346, -3.365, -3.252
-3.311, -3.698, -3.265, -3.595, -1.048, -4.308, -4.367, -2.927, -3.408, -2.557
-3.672, -4.339, -2.410, -2.931, -1.400, -4.859, -3.551, -3.764, -3.255, -2.839
-2.704, -2.433, -3.283, -2.689, -7.601, -3.166, -2.781, -3.155, -3.184, -2.898
-2.618, -3.284, -3.290, -3.224, -1.211, -4.740, -3.547, -3.404, -3.572, -2.514
-3.328, -3.049, -3.496, -3.494, -2.819, -7.395, -3.503, -2.544, -3.254, -2.821
-2.656, -2.819, -3.978, -2.940, -5.795, -2.136, -3.687, -3.041, -2.985, -3.114
-3.116, -3.350, -3.474, -2.467, -2.888, -5.454, -2.580, -3.244, -3.161, -3.625
-3.136, -3.133, -2.221, -2.149, -1.758, -4.340, -2.548, -2.904, -3.646, -3.446
-3.050, -2.732, -3.146, -3.745, -6.163, -2.190, -2.766, -3.377, -2.755, -3.739
-3.138, -3.757, -4.559, -3.637, -4.074, -1.497, -3.512, -3.509, -3.596, -3.502
-2.401, -2.805, -3.287, -2.019, -5.209, -1.763, -3.661, -2.611, -3.694, -2.386
-3.188, -2.673, -3.667, -3.681, -1.834, -5.322, -2.843, -3.333, -2.808, -3.217
-3.363, -2.537, -2.496, -2.405, -2.217, -4.613, -2.325, -3.012, -3.297, -3.146
-3.036, -3.725, -3.360, -3.351, -6.663, -2.601, -2.704, -2.963, -3.066, -2.875
-3.589, -3.531, -2.680, -3.593, -0.925, -3.979, -3.467, -3.537, -3.363, -3.018
-3.182, -3.737, -2.739, -3.294, -2.036, -4.960, -3.679, -2.880, -3.701, -3.357
-2.816, -2.381, -3.299, -2.806, -2.863, -6.030, -3.495, -3.606, -2.985, -3.225
-2.994, -2.614, -3.519, -3.011, -2.436, -6.047, -3.026, -2.822, -2.909, -3.167
-3.733, -2.931, -2.985, -3.485, -5.908, -1.769, -3.220, -3.121, -3.178, -3.525
-3.329, -3.535, -3.410, -2.335, -0.800, -3.748, -3.215, -3.696, -3.650, -3.081
-3.990, -3.077, -3.043, -3.593, -5.336, -1.852, -3.972, -2.415, -2.714, -4.385
-3.476, -3.938, -3.108, -3.935, -1.769, -5.954, -3.017, -4.091, -3.645, -3.797
-2.874, -3.805, -3.176, -2.461, -2.138, -5.027, -2.729, -3.806, -2.969, -3.186
-3.317, -2.873, -3.165, -2.186, -1.392, -5.058, -3.410, -3.493, -3.414, -3.099
-3.336, -3.162, -3.234, -2.979, -1.090, -4.713, -3.807, -2.940, -3.241, -3.126
-3.346, -2.616, -3.851, -3.736, -2.373, -5.929, -3.124, -2.836, -3.075, -3.355
-3.451, -3.269, -3.204, -3.589, -1.934, -4.969, -3.216, -2.336, -3.460, -3.419
-3.847, -2.719, -2.636, -3.201, -2.084, -5.518, -3.931, -3.572, -3.286, -3.103
-3.028, -3.130, -2.944, -3.750, -4.574, -1.666, -3.176, -2.854, -3.371, -3.253
-3.068, -3.398, -3.120, -2.579, -5.122, -1.908, -3.192, -2.518, -3.140, -3.093
-2.685, -4.559, -3.355, -3.641, -6.633, -2.443, -3.468, -2.301, -2.636, -2.739
-2.688, -2.937, -3.495, -2.848, -3.796, -1.670, -3.819, -2.656, -3.155, -3.023
-3.076, -3.244, -3.422, -3.942, -1.405, -4.999, -3.311, -2.457, -3.503, -3.209
-3.138, -2.856, -3.021, -4.367, -8.112, -1.622, -2.967, -3.427, -3.309, -2.952
-3.191, -2.917, -3.137, -2.677, -7.008, -2.471, -4.186, -2.694, -3.155, -2.719
-3.357, -3.705, -2.654, -3.170, -7.702, -2.796, -2.856, -3.551, -3.196, -3.262
-3.528, -3.756, -3.409, -3.562, -2.330, -6.587, -2.692, -3.228, -3.505, -3.547
-3.060, -3.636, -2.288, -2.316, -1.507, -4.059, -3.871, -3.618, -3.159, -2.885
-2.718, -2.968, -2.973, -3.975, -2.059, -5.467, -3.488, -2.267, -3.261, -2.874
-3.169, -3.100, -3.345, -3.243, -6.940, -2.347, -2.787, -2.907, -3.592, -3.487
-2.917, -3.939, -3.229, -3.615, -1.158, -4.981, -3.617, -2.976, -2.644, -3.449
-2.596, -2.948, -3.101, -3.067, -6.163, -2.201, -2.886, -1.900, -2.934, -3.648
-3.323, -3.257, -3.320, -3.309, -8.912, -3.603, -2.828, -3.455, -3.377, -3.667
-2.908, -3.177, -3.380, -3.116, -5.476, -2.286, -2.939, -3.266, -3.199, -3.554
-3.436, -3.572, -3.064, -3.650, -3.062, -5.764, -2.468, -5.308, -3.992, -4.274
-3.233, -3.839, -3.153, -3.112, -1.581, -4.169, -3.183, -2.822, -2.658, -3.727
-3.306, -3.322, -3.377, -2.829, -1.886, -6.446, -3.891, -3.284, -3.518, -2.984
-3.271, -2.932, -2.466, -2.035, -4.904, -1.999, -5.379, -2.199, -3.911, -2.927
-3.182, -3.185, -2.455, -1.847, -1.891, -4.039, -2.075, -3.747, -3.183, -3.066
-3.588, -2.935, -4.074, -2.338, -5.857, -2.295, -2.280, -2.659, -3.263, -4.252
-2.989, -3.275, -3.450, -3.323, -1.284, -4.233, -3.071, -3.975, -3.419, -3.155
-3.496, -3.517, -2.493, -2.884, -4.032, -1.593, -4.340, -2.670, -3.345, -2.857
-2.722, -3.371, -6.459, -4.044, -4.316, -2.329, -3.115, -3.640, -3.600, -2.729
-3.504, -2.757, -2.561, -3.094, -5.764, -1.955, -3.236, -2.521, -2.812, -2.979
-3.444, -3.096, -3.169, -4.107, -10.983, -3.907, -3.592, -3.196, -3.315, -3.303
-2.458, -2.999, -4.839, -2.115, -3.274, -1.421, -2.754, -1.973, -3.210, -3.139
-3.211, -3.813, -3.133, -2.567, -3.826, -1.227, -3.049, -2.122, -2.909, -3.106
-3.363, -2.619, -2.984, -3.119, -5.716, -2.540, -3.392, -3.540, -2.804, -2.846
-3.218, -2.541, -2.634, -3.178, -5.367, -1.337, -3.012, -3.768, -3.010, -3.159
-3.584, -3.105, -2.747, -3.490, -6.314, -2.365, -4.053, -3.100, -3.205, -3.186
-2.281, -3.839, -2.797, -5.111, -1.057, -3.778, -3.123, -3.389, -3.218, -2.609
-3.130, -3.471, -2.956, -3.355, -7.628, -2.907, -3.050, -3.300, -3.185, -3.341
-4.319, -3.133, -2.895, -3.040, -1.497, -4.600, -2.783, -3.579, -3.058, -3.807
-3.570, -3.334, -3.039, -3.421, -1.369, -4.296, -2.964, -2.634, -4.036, -3.274
-3.348, -2.960, -2.791, -2.469, -6.623, -2.563, -3.951, -2.358, -3.489, -2.753
-3.536, -3.388, -3.398, -3.839, -6.275, -2.512, -2.937, -3.916, -3.621, -3.372
-3.127, -3.656, -3.071, -3.866, -2.285, -5.843, -3.567, -6.256, -3.220, -3.060
-4.163, -3.263, -2.710, -2.825, -1.736, -4.531, -3.357, -3.800, -3.116, -3.912
-3.482, -3.176, -3.222, -2.823, -1.216, -4.718, -3.730, -3.227, -3.437, -3.083
-3.412, -3.387, -3.280, -2.635, -2.134, -5.596, -3.378, -2.780, -3.296, -3.137
-3.158, -2.919, -3.966, -3.211, -6.267, -2.059, -3.853, -3.397, -3.338, -2.864
-3.084, -3.156, -3.035, -2.854, -8.728, -2.596, -3.234, -3.117, -2.880, -2.961
-2.686, -3.296, -2.895, -4.238, -5.245, -2.051, -3.657, -2.696, -3.678, -3.161
-2.783, -3.937, -2.937, -4.160, -6.428, -2.228, -3.062, -2.570, -3.006, -3.551
-2.698, -3.056, -2.788, -3.186, -2.247, -5.301, -3.221, -3.068, -2.507, -4.046
-2.469, -4.290, -3.135, -4.892, -1.037, -4.062, -3.538, -2.769, -2.906, -2.763
-3.646, -3.289, -3.747, -3.628, -1.577, -5.918, -2.692, -3.306, -3.432, -3.454
-3.939, -3.158, -3.210, -3.536, -2.866, -5.994, -2.856, -3.357, -3.691, -3.376
-2.528, -4.230, -3.917, -2.866, -1.597, -4.329, -2.963, -2.638, -2.581, -2.696
-2.415, -2.623, -3.142, -1.455, -3.658, -1.442, -3.648, -3.078, -3.581, -3.327
-2.871, -3.236, -3.242, -2.650, -6.213, -2.243, -3.475, -2.798, -3.061, -2.512
-3.528, -2.647, -3.156, -2.214, -1.742, -4.681, -3.085, -3.461, -3.364, -3.425
-3.313, -2.723, -2.861, -4.021, -2.773, -6.136, -3.182, -3.496, -2.784, -3.977
-2.945, -3.809, -3.342, -2.650, -0.605, -3.832, -3.646, -3.154, -2.928, -2.712
-3.183, -3.428, -2.666, -4.390, -10.590, -3.718, -2.909, -3.276, -3.256, -3.301
-3.382, -3.403, -2.674, -4.162, -5.327, -2.036, -2.988, -2.831, -3.276, -3.332
-3.333, -2.791, -2.836, -3.458, -5.439, -2.196, -3.586, -3.254, -3.056, -3.323
-3.281, -3.213, -3.352, -3.248, -1.459, -5.454, -3.699, -3.515, -3.025, -3.235
-2.967, -4.056, -3.627, -2.520, -1.050, -4.934, -3.386, -3.396, -3.101, -3.205
-3.721, -3.735, -2.576, -3.029, -6.664, -2.216, -3.430, -2.605, -2.418, -2.934
-3.054, -3.095, -3.939, -3.149, -5.631, -2.136, -4.139, -3.468, -3.185, -2.900
-2.893, -2.976, -3.031, -2.403, -5.979, -1.807, -2.930, -2.970, -2.441, -3.215
-2.643, -2.807, -3.547, -2.780, -1.486, -4.422, -2.983, -3.754, -3.127, -3.306
-3.150, -3.244, -3.168, -2.688, -2.068, -5.023, -3.549, -2.826, -2.894, -3.660
-3.341, -3.107, -2.855, -5.164, -4.843, -1.540, -3.138, -2.570, -3.428, -3.263
-3.507, -3.475, -2.516, -2.669, -2.185, -5.099, -2.821, -2.785, -3.734, -3.257
-2.793, -4.130, -2.967, -3.552, -0.779, -3.586, -3.639, -2.824, -2.237, -3.361
-3.166, -3.029, -3.102, -3.302, -1.273, -4.636, -3.583, -3.225, -3.022, -3.112
-3.357, -2.609, -2.528, -2.753, -2.810, -5.733, -2.971, -2.553, -3.491, -3.772
-3.301, -2.927, -3.093, -3.000, -9.634, -2.913, -3.504, -2.382, -3.310, -2.926
-3.337, -2.905, -3.794, -2.573, -8.380, -3.689, -3.586, -2.841, -3.728, -3.288
-2.870, -3.755, -2.873, -3.688, -2.418, -6.894, -3.079, -3.362, -4.310, -3.140
-3.691, -3.594, -4.055, -3.341, -1.719, -7.444, -2.610, -3.939, -3.828, -3.892
-3.264, -3.436, -3.380, -2.842, -1.480, -4.652, -3.516, -2.951, -3.588, -3.198
-2.668, -2.912, -3.218, -3.152, -6.861, -2.477, -4.495, -3.076, -3.479, -2.791
-2.747, -2.839, -3.088, -3.265, -4.925, -1.839, -3.588, -2.635, -3.210, -3.240
-3.233, -3.135, -4.089, -3.598, -5.644, -2.449, -2.878, -3.478, -3.067, -2.768
-3.120, -4.511, -3.695, -2.895, -0.626, -3.121, -2.520, -2.773, -2.634, -3.465
-3.567, -3.318, -3.109, -3.009, -1.245, -5.210, -3.914, -2.594, -3.363, -2.874
-2.875, -3.107, -3.332, -3.050, -6.339, -2.530, -2.358, -1.984, -3.372, -3.368
-2.979, -4.267, -3.563, -4.312, -1.292, -4.509, -3.063, -2.987, -3.489, -3.178
-3.323, -3.244, -3.185, -3.622, -7.528, -2.745, -3.008, -3.108, -3.583, -3.258
-3.331, -2.776, -3.057, -3.748, -9.248, -3.001, -2.851, -3.333, -2.984, -3.543
-3.278, -3.823, -3.212, -2.954, -1.569, -5.714, -3.581, -2.535, -3.776, -3.144
-2.608, -4.146, -4.023, -2.277, -0.993, -4.800, -3.497, -2.693, -2.744, -3.909
-3.242, -2.949, -3.149, -4.077, -2.170, -6.039, -2.918, -3.180, -2.846, -2.333
-3.787, -2.747, -3.258, -1.945, -5.311, -2.212, -3.070, -2.728, -2.733, -3.647
-3.198, -3.627, -4.910, -2.942, -3.987, -1.830, -3.457, -3.768, -3.307, -3.087
-3.154, -2.914, -3.517, -3.691, -5.064, -1.876, -2.866, -3.644, -3.236, -3.087
-3.535, -3.146, -2.465, -2.923, -8.113, -2.963, -4.130, -3.210, -2.845, -3.930
-3.273, -4.758, -3.280, -2.730, -0.568, -3.831, -3.830, -2.836, -2.443, -3.287
-3.092, -3.535, -4.735, -4.135, -4.509, -2.371, -4.111, -2.816, -3.183, -3.312
-3.216, -2.705, -2.982, -3.324, -8.926, -3.196, -2.795, -3.286, -2.978, -3.273
-3.297, -3.929, -2.941, -2.595, -2.373, -6.560, -3.154, -2.727, -3.782, -3.214
-3.436, -3.357, -3.035, -2.999, -1.354, -4.400, -3.165, -2.864, -3.830, -3.244
-2.820, -2.753, -3.663, -3.296, -6.245, -2.314, -3.623, -2.516, -2.956, -3.783
-2.613, -3.795, -5.174, -3.046, -5.305, -2.294, -2.773, -2.696, -3.644, -2.801
-3.187, -2.465, -3.127, -2.188, -5.978, -2.371, -3.203, -2.641, -3.329, -3.140
-3.531, -3.380, -3.233, -4.647, -2.624, -5.615, -3.262, -3.478, -2.755, -3.558
-3.260, -3.356, -3.149, -4.183, -1.816, -6.023, -2.517, -3.069, -3.913, -3.364
-2.924, -3.002, -3.644, -3.197, -5.712, -1.914, -2.769, -3.430, -3.154, -3.441
-3.186, -3.012, -4.150, -3.733, -4.757, -2.037, -3.254, -3.393, -3.165, -3.480
-3.264, -2.646, -3.406, -3.688, -4.102, -1.820, -3.438, -3.368, -3.198, -2.919
-3.603, -2.715, -3.164, -4.075, -5.423, -1.922, -3.841, -2.096, -3.156, -3.965
-3.516, -3.614, -2.503, -2.651, -3.137, -5.617, -2.533, -2.841, -4.114, -3.471
-2.533, -3.025, -3.378, -2.910, -1.509, -4.363, -3.100, -4.153, -3.001, -3.445
-3.337, -3.794, -3.842, -3.028, -8.112, -3.472, -3.300, -3.432, -4.237, -2.936
-2.648, -3.518, -2.935, -4.767, -3.981, -1.467, -2.602, -2.589, -3.235, -2.977
-2.998, -3.720, -3.340, -4.450, -5.600, -1.548, -2.915, -3.697, -3.556, -3.197
-2.454, -3.816, -2.965, -3.442, -1.385, -4.137, -3.626, -3.319, -3.419, -2.484
-3.181, -3.349, -3.306, -2.120, -2.382, -5.109, -3.455, -3.109, -3.165, -3.125
-4.408, -3.083, -2.948, -3.058, -1.594, -4.735, -2.731, -3.415, -3.009, -3.852
-3.330, -3.626, -3.232, -2.722, -1.284, -4.280, -3.809, -2.957, -3.146, -3.295
-2.980, -3.315, -3.642, -3.923, -9.164, -2.772, -2.833, -3.398, -3.266, -2.994
-3.065, -3.747, -3.783, -2.260, -0.876, -4.342, -3.837, -2.952, -2.982, -3.170
-2.689, -3.304, -2.737, -3.813, -5.472, -1.879, -3.146, -2.465, -3.425, -3.091
-2.819, -4.441, -2.767, -4.672, -1.528, -3.853, -2.603, -2.886, -2.748, -3.200
-3.972, -3.700, -3.225, -4.774, -1.448, -4.191, -2.926, -3.034, -2.162, -4.149
-2.771, -3.154, -3.301, -2.942, -1.768, -4.689, -3.062, -3.066, -3.171, -2.991
-3.024, -4.851, -3.396, -4.032, -1.082, -4.494, -3.022, -2.724, -3.120, -3.252
-3.795, -3.628, -3.577, -1.757, -0.959, -6.127, -3.776, -4.254, -3.414, -3.301
-3.332, -3.308, -2.414, -3.768, -6.682, -2.476, -3.657, -3.665, -2.823, -2.760
-3.725, -3.512, -3.181, -3.830, -2.449, -5.632, -2.629, -2.382, -3.855, -3.671
-3.178, -3.090, -3.277, -2.668, -1.593, -5.978, -3.678, -2.840, -2.898, -3.538
-2.988, -2.982, -3.404, -3.185, -4.655, -1.296, -3.734, -2.476, -2.934, -3.150
-2.944, -2.988, -3.092, -2.573, -5.987, -2.503, -3.329, -2.176, -3.146, -3.550
-3.010, -3.146, -4.892, -2.318, -4.998, -1.925, -2.352, -2.338, -3.556, -3.882
-3.524, -3.548, -3.904, -3.772, -4.940, -1.945, -3.430, -3.726, -3.404, -3.048
-3.086, -2.984, -3.590, -2.751, -9.053, -3.299, -3.093, -2.523, -3.367, -3.512
-3.123, -2.686, -2.998, -3.699, -2.061, -5.341, -4.157, -2.767, -3.339, -3.243
-3.966, -3.531, -2.870, -4.677, -2.021, -5.066, -3.507, -2.772, -3.259, -2.776
-3.141, -3.086, -2.688, -3.222, -2.028, -6.214, -3.549, -2.859, -3.844, -3.043
-3.051, -3.192, -3.111, -2.793, -2.379, -5.109, -2.995, -3.160, -3.159, -3.470
-3.681, -1.647, -3.025, -2.851, -4.754, -2.267, -3.764, -3.581, -3.122, -2.584
-3.345, -3.019, -3.028, -3.908, -1.709, -4.832, -3.327, -2.850, -3.882, -3.215
-3.686, -3.456, -2.956, -3.040, -8.004, -3.313, -3.650, -2.263, -3.712, -3.205
-3.447, -3.723, -2.660, -2.604, -1.685, -5.426, -3.983, -2.570, -3.497, -3.032
-2.797, -3.617, -3.283, -3.821, -1.875, -4.899, -3.092, -2.593, -3.688, -2.787
-3.111, -3.739, -3.015, -3.246, -2.349, -5.262, -2.893, -3.341, -3.657, -2.844
-3.675, -3.181, -2.959, -3.469, -1.484, -5.686, -2.736, -2.925, -4.324, -3.130
-3.061, -3.155, -3.247, -3.150, -4.523, -1.981, -3.635, -3.460, -2.842, -2.824
-2.749, -3.289, -3.382, -2.882, -1.201, -4.205, -3.419, -3.301, -2.787, -3.021
-3.226, -3.489, -3.263, -3.889, -1.159, -3.940, -2.823, -2.652, -3.674, -3.181
-3.266, -3.440, -2.166, -2.191, -1.837, -4.360, -2.490, -3.076, -3.278, -3.209
-3.879, -2.512, -2.781, -3.146, -5.768, -1.994, -3.735, -3.054, -3.453, -2.843
-3.106, -2.638, -2.818, -3.408, -7.265, -2.213, -3.698, -2.134, -3.291, -3.129
-2.978, -3.259, -3.874, -4.388, -2.426, -5.817, -2.763, -4.196, -2.810, -3.005
-3.133, -3.537, -2.925, -3.130, -2.112, -5.265, -3.743, -3.308, -3.210, -2.898
-3.172, -3.264, -3.503, -3.795, -4.974, -1.694, -2.899, -3.445, -3.377, -3.358
-3.687, -2.668, -3.201, -3.021, -2.217, -6.202, -3.847, -2.325, -3.332, -2.762
-2.435, -3.081, -3.317, -3.121, -1.608, -4.399, -3.073, -3.671, -2.820, -3.665
-3.113, -2.930, -3.250, -2.670, -7.913, -3.161, -3.587, -1.731, -2.967, -3.103
-3.228, -2.957, -3.535, -2.032, -1.314, -4.324, -3.186, -2.916, -3.216, -3.319
-2.560, -2.792, -2.899, -2.757, -6.988, -2.547, -3.657, -3.140, -3.532, -2.714
-2.643, -3.859, -2.953, -4.469, -5.487, -1.664, -2.790, -2.306, -2.675, -3.164
-3.543, -2.690, -3.474, -4.117, -9.135, -3.596, -3.528, -3.217, -3.613, -3.246
-3.771, -4.629, -3.044, -4.082, -0.571, -3.343, -3.491, -2.632, -3.390, -3.247
-2.465, -3.387, -4.205, -1.721, -0.852, -4.265, -2.653, -3.683, -3.159, -2.970
-2.909, -4.450, -2.859, -2.574, -1.624, -6.086, -3.001, -3.131, -2.955, -3.630
-3.417, -3.883, -2.724, -2.417, -1.757, -5.099, -3.663, -3.074, -3.398, -3.309
-3.164, -3.402, -3.248, -2.603, -2.064, -6.172, -3.161, -2.993, -3.046, -3.262
-3.514, -2.404, -3.405, -2.147, -1.345, -4.781, -3.896, -3.348, -3.919, -2.906
-2.787, -2.649, -3.409, -2.477, -5.683, -1.659, -2.698, -3.010, -3.841, -3.254
-2.630, -2.749, -4.080, -2.459, -6.079, -2.164, -2.089, -2.904, -3.497, -2.901
-3.419, -2.967, -3.589, -4.371, -2.109, -5.388, -3.038, -3.567, -2.741, -3.202
-3.413, -4.506, -2.547, -2.693, -1.298, -4.694, -3.980, -3.074, -3.110, -3.095
-2.234, -3.197, -3.013, -3.363, -5.060, -2.097, -3.297, -2.750, -3.855, -2.445
-2.934, -2.924, -3.438, -2.997, -7.503, -3.334, -3.766, -3.158, -2.998, -3.241
-2.883, -2.904, -3.019, -2.823, -1.821, -4.744, -3.838, -2.675, -2.900, -3.851
-3.308, -3.337, -2.921, -2.655, -2.722, -5.433, -3.145, -3.106, -3.358, -3.000
-3.171, -4.430, -2.775, -3.304, -1.402, -6.247, -3.392, -2.934, -3.168, -2.918
-3.797, -2.781, -3.098, -3.715, -4.642, -1.959, -2.931, -3.146, -3.046, -3.383
-3.074, -3.765, -3.122, -3.088, -2.986, -0.649, -2.495, -4.358, -3.425, -3.572
-3.548, -3.136, -4.071, -3.526, -6.667, -3.063, -3.224, -3.424, -2.952, -2.984
-3.429, -3.611, -3.171, -2.758, -9.814, -3.871, -3.362, -2.506, -3.449, -3.487
-3.042, -4.440, -2.807, -2.789, -0.720, -3.134, -3.162, -3.226, -2.638, -3.198
-3.089, -3.784, -3.775, -1.742, -1.219, -5.496, -3.371, -3.955, -2.830, -3.239
-3.544, -3.085, -3.670, -3.942, -2.128, -7.048, -3.759, -2.871, -3.608, -3.295
-2.799, -3.058, -3.027, -3.011, -2.714, -5.544, -3.061, -3.116, -3.278, -2.620
-2.872, -3.415, -3.225, -4.494, -7.418, -2.839, -3.145, -3.029, -2.527, -3.028
-3.207, -2.555, -3.179, -2.090, -4.571, -1.455, -3.764, -2.185, -2.897, -2.823
-2.577, -2.428, -2.707, -2.775, -4.931, -1.256, -4.135, -3.116, -3.240, -3.210
-3.261, -2.984, -2.996, -3.483, -2.005, -6.680, -3.571, -3.030, -3.283, -3.124
-3.330, -2.633, -2.092, -3.990, -2.776, -5.618, -2.819, -2.809, -4.375, -3.195
-3.327, -3.153, -3.542, -3.018, -5.014, -1.943, -3.528, -3.020, -3.301, -3.158
-2.956, -2.614, -2.623, -4.260, -9.182, -3.389, -3.372, -2.778, -3.457, -3.441
-2.909, -2.977, -3.368, -2.995, -7.852, -3.715, -3.791, -2.265, -3.457, -2.860
-3.661, -3.703, -3.281, -3.124, -3.272, -5.990, -2.105, -3.185, -3.290, -3.922
-3.188, -2.827, -2.699, -3.152, -7.358, -2.824, -3.577, -2.809, -3.699, -2.840
-2.671, -3.068, -4.328, -3.724, -4.878, -1.689, -4.448, -3.304, -4.380, -2.981
-2.964, -3.351, -2.597, -2.436, -4.130, -6.439, -2.906, -2.765, -3.029, -3.373
-2.892, -3.323, -3.488, -3.130, -6.755, -2.411, -2.685, -2.254, -3.214, -3.279
-3.190, -3.893, -3.577, -3.712, -1.165, -5.457, -3.074, -3.152, -3.612, -3.685
-3.600, -2.467, -2.843, -2.842, -6.077, -2.559, -3.357, -3.170, -2.939, -3.203
-2.996, -2.458, -3.577, -3.147, -4.619, -2.184, -3.104, -3.227, -3.969, -3.162
-3.289, -2.703, -3.652, -2.962, -2.441, -6.759, -2.581, -3.084, -2.867, -3.357
-2.483, -3.829, -3.050, -3.965, -1.195, -4.282, -3.299, -2.633, -3.024, -2.891
-2.823, -3.691, -3.220, -3.946, -8.384, -3.253, -3.159, -2.848, -2.597, -3.720
-3.081, -3.593, -2.743, -2.518, -2.454, -4.983, -3.394, -3.154, -2.562, -2.677
-3.333, -2.875, -2.674, -3.937, -7.402, -2.547, -3.079, -2.554, -3.287, -3.278
-3.339, -3.464, -3.203, -2.807, -2.294, -5.144, -3.044, -3.456, -2.897, -3.031
-3.119, -3.241, -2.596, -4.081, -4.343, -1.467, -3.234, -3.148, -2.809, -3.512
-2.734, -3.737, -4.182, -3.854, -1.183, -4.643, -2.441, -3.467, -3.172, -3.293
-3.513, -3.218, -2.864, -3.988, -5.468, -2.175, -3.485, -2.995, -3.149, -3.717
-2.635, -2.714, -2.937, -2.982, -7.647, -3.282, -3.221, -2.454, -3.193, -3.380
-2.956, -3.525, -3.262, -4.203, -5.528, -1.957, -2.588, -3.914, -3.164, -3.697
-3.472, -3.032, -3.387, -3.411, -4.125, -1.634, -2.516, -2.522, -3.209, -2.668
-3.706, -2.881, -3.449, -3.232, -4.160, -1.608, -2.790, -3.613, -3.234, -2.926
-3.534, -4.410, -3.847, -3.003, -1.578, -5.061, -3.331, -3.491, -2.771, -3.499
-3.554, -2.736, -3.666, -4.038, -5.216, -2.367, -3.393, -3.140, -3.206, -3.303
-3.359, -3.631, -2.399, -2.569, -2.196, -4.386, -2.689, -3.155, -3.283, -3.251
-3.747, -3.045, -3.025, -2.637, -0.851, -3.925, -4.185, -3.282, -2.882, -2.995
-3.020, -3.395, -3.474, -3.255, -8.569, -3.497, -2.470, -2.884, -3.317, -3.031
-3.887, -2.804, -3.235, -2.989, -8.122, -2.774, -3.496, -2.597, -2.652, -3.510
-3.049, -3.211, -3.641, -2.667, -5.898, -2.622, -4.065, -2.908, -3.052, -3.035
-3.580, -2.318, -3.280, -2.739, -8.249, -2.835, -3.490, -2.875, -4.634, -3.562
-3.145, -2.904, -1.816, -3.220, -2.631, -5.482, -2.827, -3.044, -3.511, -3.292
-3.104, -3.920, -2.954, -3.731, -1.375, -4.089, -2.609, -2.877, -2.441, -3.147
-3.056, -2.775, -3.236, -4.173, -7.421, -2.806, -3.192, -3.275, -3.715, -3.202
-3.474, -3.258, -3.383, -2.147, -0.558, -3.452, -3.734, -3.433, -3.040, -3.232
-3.437, -3.761, -3.009, -2.464, -2.891, -5.463, -2.872, -3.192, -3.211, -3.004
-2.787, -2.873, -3.229, -3.140, -9.477, -2.752, -2.746, -2.156, -3.446, -2.862
-2.778, -2.748, -3.360, -2.269, -4.298, -1.524, -2.828, -3.101, -3.029, -3.471
-3.310, -4.074, -2.965, -3.178, -0.859, -3.686, -3.697, -2.878, -2.823, -3.113
-3.200, -3.110, -3.962, -2.292, -1.570, -5.836, -3.463, -3.095, -3.371, -3.056
-3.084, -2.993, -2.816, -5.041, -1.760, -4.977, -3.464, -2.682, -3.019, -3.130
-3.089, -3.292, -3.346, -2.245, -2.016, -5.203, -3.120, -2.865, -2.636, -3.214
-3.314, -3.473, -3.826, -3.282, -2.357, -6.993, -3.350, -2.520, -3.425, -2.768
-3.523, -3.075, -3.257, -3.565, -3.889, -1.149, -2.833, -3.425, -2.859, -3.705
-3.394, -2.072, -2.716, -2.529, -3.211, -5.855, -2.721, -3.406, -2.838, -3.417
-3.604, -3.743, -3.076, -4.333, -5.531, -2.124, -4.064, -3.526, -2.925, -3.587
-3.146, -3.837, -3.697, -3.167, -0.719, -3.973, -2.904, -5.072, -3.931, -3.159
-2.893, -3.408, -3.217, -2.938, -4.342, -1.771, -2.931, -2.666, -2.825, -2.695
-3.099, -3.544, -2.956, -3.227, -5.533, -2.212, -3.911, -2.862, -3.308, -2.961
-3.431, -3.636, -3.194, -2.724, -0.779, -3.882, -3.712, -3.188, -3.154, -3.027
-3.675, -3.315, -2.568, -3.359, -10.365, -3.161, -3.337, -2.359, -2.475, -4.120
-2.928, -2.938, -2.313, -5.084, -1.813, -5.510, -2.326, -2.946, -3.271, -3.212
-3.312, -3.010, -3.002, -3.639, -10.106, -3.016, -3.052, -3.068, -3.569, -2.731
-2.706, -3.121, -3.181, -2.768, -5.878, -2.415, -3.314, -3.275, -3.361, -2.884
-3.380, -3.107, -2.651, -4.051, -6.783, -2.040, -3.525, -2.826, -3.077, -2.879
-3.420, -2.738, -2.242, -4.114, -2.227, -4.913, -2.406, -3.043, -3.850, -3.000
-3.449, -3.143, -3.317, -2.230, -2.469, -5.667, -3.595, -3.060, -3.636, -3.003
-3.553, -3.165, -2.500, -3.232, -2.681, -5.706, -2.713, -3.002, -4.050, -3.398
-3.217, -3.059, -7.117, -3.113, -4.003, -2.448, -4.043, -3.096, -3.254, -3.110
-3.479, -3.221, -3.372, -2.739, -1.637, -5.760, -3.302, -3.256, -3.362, -3.779
-3.270, -3.301, -3.336, -3.247, -4.857, -1.731, -3.262, -3.638, -3.340, -3.011
-3.146, -3.068, -3.563, -2.667, -0.801, -3.583, -3.137, -3.456, -3.049, -3.440
-2.948, -3.995, -2.771, -2.935, -5.840, -2.296, -3.508, -2.684, -2.784, -3.044
-3.677, -3.569, -3.904, -3.704, -4.902, -1.612, -3.306, -4.179, -3.767, -3.498
-3.249, -3.083, -4.515, -4.164, -6.232, -3.103, -3.801, -3.272, -3.272, -3.202
-3.439, -3.229, -2.956, -3.092, -1.748, -5.236, -3.146, -2.534, -3.737, -3.273
-3.425, -2.925, -3.763, -2.146, -1.566, -6.128, -3.209, -3.492, -3.226, -3.457
-3.347, -3.037, -3.467, -2.748, -3.237, -6.383, -3.219, -3.300, -3.117, -3.312
-2.848, -3.585, -4.015, -1.944, -1.546, -4.405, -3.425, -3.644, -2.783, -3.063
-3.331, -3.486, -2.022, -2.147, -1.698, -4.397, -2.472, -2.970, -3.478, -3.232
-3.318, -3.497, -2.988, -2.591, -1.014, -4.052, -3.033, -2.777, -3.437, -3.096
-3.684, -2.852, -3.782, -2.557, -4.675, -1.484, -3.899, -2.080, -2.726, -3.972
-3.431, -3.888, -2.874, -3.911, -1.406, -4.297, -3.397, -2.769, -3.312, -3.322
-3.525, -3.758, -2.187, -1.872, -2.551, -4.610, -2.373, -3.773, -3.540, -3.123
-2.830, -3.087, -3.545, -3.218, -4.324, -1.378, -2.905, -2.603, -3.137, -3.305
-4.915, -2.752, -3.546, -5.015, -3.202, -0.888, -1.817, -2.690, -3.365, -2.885
-3.281, -3.634, -3.756, -2.088, -2.632, -5.434, -3.131, -3.124, -2.882, -3.121
-2.527, -3.359, -3.370, -2.064, -4.311, -1.767, -3.106, -2.255, -3.384, -3.220
-3.209, -3.186, -3.257, -2.473, -1.304, -4.187, -3.526, -3.505, -3.080, -3.045
-3.386, -2.625, -2.615, -3.204, -5.944, -2.588, -3.611, -3.339, -3.612, -2.693
-2.795, -2.417, -3.293, -3.342, -2.110, -5.450, -3.333, -2.708, -2.977, -3.465
-3.175, -2.880, -2.859, -3.242, -7.277, -3.170, -3.220, -3.030, -3.078, -2.973
-3.337, -3.559, -3.983, -2.532, -1.950, -5.132, -3.169, -3.670, -3.199, -2.692
-3.290, -2.631, -3.399, -3.237, -6.908, -2.743, -3.027, -3.433, -3.216, -3.147
-2.849, -3.454, -3.537, -2.643, -1.842, -5.192, -2.872, -3.612, -3.462, -3.292
-3.020, -2.855, -3.125, -3.905, -7.550, -2.379, -3.139, -3.002, -3.211, -3.410
-3.153, -2.667, -2.900, -2.930, -5.488, -1.362, -2.805, -2.816, -3.498, -2.916
-3.100, -2.901, -2.940, -3.156, -4.927, -1.968, -3.104, -3.468, -2.644, -2.961
-2.851, -3.048, -2.993, -4.129, -4.254, -1.081, -2.822, -2.942, -3.516, -3.097
-3.180, -3.390, -3.678, -1.791, -1.417, -4.671, -3.361, -3.394, -3.186, -3.513
-3.595, -3.486, -3.318, -2.135, -2.498, -5.122, -3.000, -3.346, -3.163, -3.387
-2.793, -2.548, -3.230, -3.127, -1.607, -4.588, -3.367, -4.525, -2.774, -3.400
-2.441, -2.684, -3.507, -2.530, -4.755, -2.070, -3.772, -3.147, -3.313, -3.056
-4.387, -3.324, -3.543, -3.660, -4.770, -1.950, -3.793, -2.435, -3.150, -2.966
-2.637, -2.529, -2.701, -3.105, -5.470, -1.901, -3.873, -2.501, -3.621, -3.369
-3.006, -3.673, -3.316, -3.028, -2.118, -4.959, -3.066, -2.784, -3.389, -2.919
-2.992, -3.169, -3.176, -3.217, -1.429, -4.277, -3.497, -4.251, -2.268, -3.609
-3.219, -3.149, -2.822, -4.735, -1.815, -5.137, -3.384, -4.186, -3.430, -2.975
-2.917, -3.331, -3.235, -2.848, -7.194, -2.716, -2.907, -3.460, -2.868, -3.442
-3.095, -3.349, -3.673, -3.722, -5.395, -2.456, -3.879, -2.905, -3.022, -3.128
-3.676, -4.194, -3.281, -2.612, -2.871, -5.419, -3.209, -3.073, -3.185, -3.004
-3.558, -3.375, -2.775, -3.346, -5.773, -1.926, -4.146, -3.451, -3.450, -3.417
-2.850, -3.222, -3.042, -2.997, -2.870, -5.977, -3.363, -3.218, -2.645, -3.045
-2.756, -3.978, -3.736, -3.098, -1.517, -5.166, -2.670, -3.283, -3.174, -3.041
-3.382, -3.069, -3.550, -3.698, -8.360, -3.652, -3.123, -2.799, -4.328, -3.061
-3.146, -3.117, -3.554, -3.387, -1.629, -4.398, -2.582, -3.014, -3.156, -3.693
-2.859, -3.932, -3.393, -4.575, -0.926, -3.679, -2.645, -2.237, -2.688, -3.955
-2.628, -2.867, -2.553, -3.352, -3.737, -1.527, -3.637, -2.349, -3.001, -3.457
-3.357, -3.190, -4.193, -3.080, -6.676, -3.192, -3.397, -3.238, -3.224, -3.168
-3.381, -2.628, -3.500, -3.157, -1.531, -5.472, -3.737, -3.090, -4.079, -2.955
-2.707, -3.323, -3.362, -2.355, -10.911, -3.421, -2.837, -2.359, -3.372, -3.171
-3.037, -3.673, -4.263, -3.615, -4.287, -1.843, -3.479, -4.083, -3.504, -3.224
-3.150, -3.711, -3.365, -4.127, -2.215, -6.701, -2.552, -2.988, -3.208, -3.754
-3.303, -2.976, -3.910, -1.952, -1.157, -4.803, -3.064, -3.501, -3.254, -4.001
-3.367, -3.233, -3.096, -3.319, -1.786, -6.527, -3.554, -2.838, -3.219, -3.108
-2.835, -2.988, -3.086, -3.555, -5.635, -1.625, -3.632, -3.384, -3.240, -3.396
-3.323, -3.063, -3.141, -3.093, -1.419, -4.858, -2.954, -3.649, -3.073, -3.619
-3.546, -2.332, -3.128, -4.690, -3.168, -7.258, -2.784, -3.086, -3.013, -3.002
-2.613, -3.349, -2.496, -3.119, -2.098, -6.354, -5.045, -3.466, -3.629, -2.600
-3.455, -3.315, -3.386, -3.469, -4.178, -1.674, -3.393, -3.356, -3.294, -3.248
-3.289, -3.225, -3.292, -2.189, -2.468, -6.050, -3.065, -3.560, -3.235, -3.393
-2.881, -3.433, -3.034, -3.978, -2.542, -8.746, -3.362, -4.036, -3.088, -3.058
-3.522, -3.400, -3.041, -4.098, -1.507, -4.631, -3.663, -3.744, -3.288, -3.169
-3.345, -3.115, -3.348, -3.503, -9.423, -3.048, -2.834, -3.237, -3.110, -3.602
-3.320, -3.341, -3.823, -3.593, -7.555, -2.991, -3.500, -2.766, -3.515, -3.145
-3.491, -2.805, -3.537, -4.079, -1.994, -5.839, -3.266, -3.158, -3.192, -3.186
-3.616, -3.005, -3.568, -3.007, -4.826, -1.870, -3.461, -3.548, -2.720, -3.026
-3.149, -3.154, -2.941, -3.135, -1.708, -5.077, -3.754, -2.118, -3.442, -3.362
-3.321, -3.363, -3.152, -3.514, -10.310, -3.923, -3.326, -3.585, -3.307, -3.143
-3.522, -2.651, -3.646, -3.046, -2.017, -5.180, -2.733, -3.032, -3.198, -3.374
-3.310, -3.930, -2.775, -2.125, -1.181, -4.637, -3.100, -3.227, -2.722, -3.619
-2.957, -2.947, -2.663, -3.614, -2.073, -4.867, -3.361, -3.907, -3.150, -3.170
-3.381, -3.839, -2.368, -2.191, -1.853, -4.479, -3.358, -3.244, -3.064, -3.249
-3.133, -2.770, -3.796, -3.667, -7.069, -2.442, -3.320, -3.448, -3.034, -3.730
-3.086, -3.398, -2.906, -3.865, -6.406, -2.371, -3.046, -3.525, -2.957, -3.177
-3.369, -4.247, -2.967, -6.771, -0.979, -3.783, -2.974, -3.945, -3.520, -3.404
-3.220, -2.915, -3.360, -3.001, -2.229, -6.253, -3.502, -3.101, -2.943, -3.328
-2.783, -3.188, -3.206, -3.248, -6.312, -2.437, -2.706, -2.301, -3.548, -2.911
-3.249, -3.009, -2.851, -3.525, -6.696, -1.986, -2.930, -3.381, -3.105, -3.139
-3.287, -3.921, -3.095, -3.848, -1.287, -4.564, -3.408, -3.282, -3.578, -2.745
-3.336, -4.214, -3.468, -2.830, -1.006, -3.487, -3.059, -3.000, -2.187, -3.855
-3.252, -3.588, -3.330, -3.201, -7.033, -2.845, -3.363, -3.059, -3.084, -2.934
-2.608, -3.063, -3.696, -2.894, -4.083, -1.091, -2.666, -2.296, -3.075, -2.858
-3.917, -2.880, -3.556, -2.671, -4.576, -2.014, -3.305, -2.265, -3.026, -3.370
-3.438, -2.621, -3.700, -4.253, -2.257, -6.760, -3.363, -2.862, -3.659, -3.309
-3.153, -3.116, -3.242, -3.709, -1.927, -5.578, -3.655, -3.373, -3.315, -3.598
-3.207, -2.965, -2.988, -4.110, -5.244, -1.694, -3.062, -3.146, -3.175, -3.113
-3.066, -2.702, -3.297, -2.582, -0.905, -3.920, -3.330, -3.742, -2.697, -3.307
-2.969, -2.838, -2.954, -3.081, -4.958, -1.634, -2.907, -2.710, -3.490, -2.984
-3.312, -3.331, -2.765, -2.159, -1.562, -5.046, -2.814, -4.022, -3.257, -3.280
-3.245, -3.067, -2.835, -3.684, -6.404, -2.591, -3.320, -2.917, -3.009, -3.043
-3.280, -2.875, -3.016, -4.598, -2.259, -6.784, -3.360, -2.755, -3.175, -2.687
-2.642, -3.899, -2.218, -4.841, -1.758, -4.977, -4.507, -4.549, -3.672, -2.531
-2.864, -3.536, -3.295, -1.724, -1.141, -3.941, -3.884, -3.674, -2.832, -3.521
-3.102, -3.958, -2.774, -2.501, -6.659, -2.400, -3.323, -3.396, -2.905, -2.836
-2.942, -3.618, -2.958, -2.703, -2.104, -5.198, -3.479, -2.624, -3.281, -3.228
-3.314, -3.937, -3.652, -3.035, -6.176, -1.948, -3.461, -2.550, -2.907, -3.577
-3.217, -4.601, -2.598, -2.754, -2.169, -5.254, -3.037, -3.045, -3.283, -3.101
-2.946, -3.396, -3.241, -2.502, -2.865, -5.822, -3.365, -2.733, -3.548, -3.136
-3.491, -3.852, -3.275, -2.433, -0.635, -3.636, -3.700, -3.402, -3.097, -2.982
-2.909, -3.457, -3.918, -2.915, -0.801, -3.897, -2.664, -3.567, -3.392, -3.575
-3.146, -2.971, -3.344, -3.724, -2.810, -6.610, -2.784, -3.348, -2.984, -3.535
-3.287, -3.159, -3.046, -2.906, -5.846, -2.300, -4.414, -3.677, -2.732, -2.432
-3.043, -3.136, -3.128, -2.739, -9.880, -3.338, -3.422, -3.284, -3.039, -3.635
-3.213, -3.257, -3.900, -2.893, -5.114, -2.192, -2.964, -3.141, -3.351, -3.012
-3.049, -3.411, -3.693, -2.666, -6.374, -2.276, -3.197, -2.615, -2.431, -2.885
-3.626, -2.933, -2.839, -3.706, -6.186, -1.946, -3.960, -3.068, -3.082, -3.215
-2.932, -4.253, -3.091, -2.530, -0.889, -4.052, -3.801, -2.955, -2.471, -3.103
-3.156, -2.923, -2.894, -3.644, -5.312, -1.944, -3.183, -3.437, -3.346, -2.603
-2.882, -3.028, -3.662, -2.594, -1.243, -4.183, -3.085, -3.853, -3.463, -3.072
-3.420, -2.573, -3.159, -2.406, -8.130, -2.888, -2.894, -2.624, -3.284, -3.543
-3.616, -2.929, -3.788, -3.570, -7.612, -2.998, -2.577, -3.899, -2.580, -2.946
-2.908, -2.734, -3.706, -2.793, -4.228, -1.886, -2.664, -2.947, -3.750, -3.099
-3.103, -2.234, -3.120, -2.226, -5.692, -1.638, -2.880, -2.156, -4.001, -3.426
-3.267, -2.728, -3.537, -2.740, -6.806, -2.624, -2.969, -2.784, -3.187, -2.787
-2.864, -1.870, -3.931, -2.269, -6.055, -2.039, -3.332, -4.382, -2.647, -3.522
-2.901, -2.635, -3.926, -2.988, -6.694, -1.743, -2.697, -2.415, -3.358, -3.531
-3.234, -3.324, -3.121, -3.326, -10.211, -3.681, -2.364, -2.940, -3.430, -3.931
-2.941, -2.989, -2.752, -4.778, -4.991, -0.919, -3.139, -2.545, -3.018, -3.344
-3.712, -3.308, -3.555, -3.746, -4.146, -1.542, -2.992, -3.142, -3.374, -3.256
-3.046, -3.051, -3.194, -2.940, -7.927, -3.038, -2.698, -2.489, -3.233, -3.324
-3.336, -3.119, -2.978, -2.611, -6.518, -2.218, -3.294, -2.411, -3.274, -3.387
-3.448, -3.766, -3.404, -2.932, -2.697, -6.813, -2.997, -2.949, -3.195, -3.144
-3.177, -3.180, -3.077, -3.900, -9.176, -3.789, -3.259, -3.312, -3.270, -3.275
-3.071, -2.348, -3.122, -2.675, -5.290, -2.477, -3.523, -2.721, -2.987, -3.167
-3.499, -3.883, -3.192, -2.721, -2.003, -5.427, -3.636, -3.292, -2.953, -3.176
-2.217, -3.589, -3.348, -3.184, -2.009, -4.849, -3.180, -4.084, -3.405, -2.876
-3.530, -2.909, -3.282, -3.335, -5.080, -1.671, -3.010, -4.085, -2.711, -3.804
-2.872, -3.852, -3.740, -2.516, -1.554, -6.112, -2.661, -3.423, -3.535, -2.963
-3.378, -2.960, -1.959, -3.096, -1.871, -4.642, -6.026, -4.207, -2.395, -3.634
-3.391, -3.920, -2.165, -3.017, -2.162, -4.702, -2.846, -2.960, -3.874, -2.814
-3.361, -3.214, -3.393, -3.020, -5.733, -2.470, -3.277, -4.165, -3.175, -2.541
-3.189, -2.734, -3.336, -2.726, -6.436, -2.531, -3.064, -2.529, -3.142, -3.162
-1.983, -3.583, -3.178, -3.112, -8.594, -2.944, -2.773, -2.669, -3.405, -2.663
-3.715, -3.882, -4.132, -3.429, -1.814, -4.817, -2.605, -3.587, -3.136, -3.325
-3.470, -2.754, -4.112, -2.645, -6.932, -2.762, -1.904, -2.986, -3.295, -4.343
-3.150, -3.207, -5.545, -2.924, -6.049, -3.112, -3.950, -3.332, -4.018, -3.033
-3.032, -3.215, -3.568, -3.450, -6.622, -2.798, -3.499, -3.046, -2.733, -3.176
-3.354, -2.875, -2.797, -2.111, -4.208, -1.094, -3.493, -2.497, -2.682, -2.929
-3.237, -3.201, -2.763, -4.221, -2.898, -6.154, -2.848, -3.187, -3.390, -2.969
-3.030, -3.775, -2.728, -2.190, -1.946, -4.213, -3.322, -3.868, -3.008, -3.338
-2.427, -2.617, -2.531, -3.279, -2.992, -5.805, -3.435, -3.146, -3.633, -3.952
-3.050, -3.643, -3.187, -3.318, -2.084, -5.950, -3.261, -2.789, -3.257, -3.262
-3.898, -2.842, -3.476, -2.458, -6.047, -2.447, -2.738, -3.490, -3.559, -3.162
-3.421, -2.832, -3.700, -3.439, -2.393, -6.371, -3.224, -2.670, -3.466, -3.195
-3.213, -3.179, -3.270, -2.681, -2.175, -5.704, -2.935, -3.019, -3.437, -3.368
-3.507, -2.665, -3.147, -2.867, -5.444, -1.881, -3.117, -2.689, -2.814, -3.437
-3.092, -2.866, -3.427, -1.954, -5.019, -2.185, -2.896, -2.351, -3.498, -3.425
-2.858, -3.321, -3.176, -2.689, -1.328, -4.164, -3.062, -3.891, -3.242, -3.087
-3.119, -3.469, -3.112, -2.375, -5.806, -1.769, -3.154, -2.764, -2.918, -2.858
-3.617, -3.409, -2.654, -2.795, -1.561, -4.325, -3.352, -4.223, -3.214, -2.746
-2.964, -3.695, -3.173, -2.844, -0.781, -3.590, -3.078, -2.996, -3.161, -3.168
-3.122, -3.488, -3.360, -4.167, -5.108, -1.796, -3.313, -2.484, -3.153, -2.926
-3.411, -2.924, -2.934, -3.069, -4.355, -1.556, -3.644, -2.839, -3.068, -3.374
-3.322, -3.264, -2.678, -4.249, -7.548, -2.720, -2.707, -2.988, -3.464, -3.307
-2.777, -3.787, -3.483, -3.221, -0.877, -3.980, -3.067, -3.025, -3.496, -2.805
-3.554, -3.454, -2.547, -4.025, -1.804, -5.132, -3.911, -2.955, -2.865, -3.589
-3.360, -3.645, -3.404, -2.542, -0.741, -3.536, -3.365, -3.155, -3.226, -3.379
-3.101, -3.126, -3.133, -2.985, -1.970, -5.473, -3.150, -2.770, -3.571, -3.427
-3.227, -3.857, -2.566, -3.092, -7.617, -2.446, -4.053, -3.328, -2.661, -3.092
-3.225, -3.081, -3.009, -2.671, -6.888, -3.001, -3.734, -3.039, -3.463, -3.410
-2.839, -3.915, -3.598, -1.904, -1.237, -3.721, -3.161, -3.415, -2.562, -2.991
-2.707, -2.873, -3.202, -4.039, -2.330, -5.205, -2.940, -2.888, -2.945, -3.395
-3.347, -3.613, -2.890, -3.234, -1.286, -4.542, -4.064, -2.475, -3.318, -2.726
-3.361, -2.711, -3.149, -2.729, -8.706, -3.366, -3.023, -2.019, -3.166, -3.698
-2.811, -3.623, -3.346, -2.813, -1.635, -5.386, -3.339, -2.243, -3.573, -2.884
-2.645, -2.960, -3.736, -3.015, -5.055, -1.787, -2.356, -3.074, -3.709, -3.163
-3.337, -3.140, -3.169, -4.416, -10.102, -3.541, -3.223, -3.324, -3.189, -2.975
-2.133, -3.744, -2.870, -2.729, -1.738, -4.347, -3.799, -3.541, -2.853, -2.976
-2.980, -3.068, -2.753, -2.782, -7.610, -3.133, -3.796, -2.801, -3.338, -3.128
-3.428, -4.781, -2.452, -2.864, -2.059, -5.125, -3.536, -2.672, -2.822, -2.989
-3.119, -3.688, -3.514, -2.508, -1.228, -4.804, -3.154, -3.169, -3.075, -3.591
-3.136, -3.845, -3.161, -2.899, -1.037, -3.703, -3.406, -3.323, -2.911, -2.987
-3.061, -3.691, -3.326, -3.157, -0.977, -3.363, -2.682, -3.192, -2.283, -4.014
-3.162, -3.659, -3.978, -3.304, -2.474, -5.648, -2.134, -3.838, -3.267, -3.400
-3.469, -3.442, -3.383, -3.025, -2.197, -5.574, -3.156, -2.425, -3.453, -3.496
-2.957, -3.283, -3.591, -3.180, -8.122, -3.044, -3.030, -2.752, -3.174, -3.152
-4.121, -2.559, -3.056, -3.964, -5.807, -2.272, -3.323, -2.276, -2.765, -3.734
-3.007, -2.655, -3.824, -4.076, -4.656, -2.174, -3.626, -3.216, -3.243, -3.101
-3.493, -3.210, -2.961, -3.931, -2.257, -5.432, -3.713, -2.367, -3.292, -3.696
-2.682, -2.911, -3.253, -2.803, -2.248, -5.708, -3.067, -3.104, -2.488, -3.189
-2.887, -3.106, -4.125, -3.325, -4.306, -2.045, -3.212, -3.138, -3.246, -3.188
-3.197, -2.974, -3.118, -4.123, -5.806, -2.384, -2.990, -3.124, -3.776, -2.804
-3.382, -3.003, -2.823, -3.552, -6.627, -2.101, -3.150, -3.545, -2.944, -3.230
-3.111, -4.365, -3.240, -3.857, -1.074, -3.525, -3.027, -2.618, -2.133, -3.220
-3.242, -3.080, -3.219, -3.558, -3.928, -1.542, -2.852, -3.603, -3.055, -3.108
-3.058, -2.729, -3.515, -3.876, -5.638, -2.670, -3.547, -3.065, -3.102, -3.649
-2.991, -1.955, -3.969, -3.692, -4.099, -2.011, -2.492, -2.219, -3.379, -3.429
-3.107, -3.308, -5.054, -3.242, -4.190, -1.980, -2.408, -2.993, -3.304, -2.907
-3.505, -3.280, -3.497, -3.186, -1.973, -5.403, -3.337, -2.823, -3.335, -3.168
-3.747, -3.658, -2.695, -4.181, -1.625, -4.279, -3.443, -3.903, -3.540, -2.991
-3.305, -3.522, -3.129, -2.944, -3.355, -7.455, -3.261, -2.909, -3.454, -3.200
-2.836, -2.977, -3.256, -2.543, -7.689, -2.409, -2.978, -2.366, -3.278, -3.507
-3.952, -3.537, -2.801, -3.893, -8.152, -3.151, -3.855, -3.613, -2.692, -3.257
-3.074, -2.960, -3.422, -2.987, -8.071, -2.498, -2.653, -2.882, -3.378, -3.087
-3.042, -3.570, -2.841, -3.819, -5.292, -1.564, -2.912, -1.872, -3.035, -3.268
-3.047, -2.770, -2.946, -2.946, -1.805, -5.039, -3.437, -3.031, -3.084, -2.990
-3.062, -3.556, -3.162, -3.593, -2.282, -5.066, -3.160, -2.954, -2.600, -2.977
-3.153, -3.064, -3.545, -2.873, -1.064, -3.834, -3.025, -2.911, -2.762, -3.334
-3.158, -2.633, -2.777, -3.519, -5.316, -1.848, -2.693, -3.364, -2.766, -3.318
-3.142, -3.127, -3.757, -2.850, -1.401, -4.213, -2.694, -3.316, -2.712, -3.767
-3.257, -2.939, -2.366, -3.357, -2.832, -6.464, -3.626, -3.321, -4.042, -3.139
-3.081, -4.110, -3.141, -2.723, -0.962, -3.392, -3.317, -3.554, -2.787, -3.018
-3.184, -3.930, -2.262, -2.547, -2.114, -4.164, -2.609, -3.077, -2.960, -3.234
-3.147, -3.115, -3.318, -2.094, -6.047, -1.997, -3.313, -2.299, -3.187, -3.349
-2.989, -3.034, -2.859, -3.335, -9.137, -2.895, -3.153, -2.900, -3.072, -2.792
-3.752, -3.068, -2.602, -4.226, -4.281, -1.777, -3.277, -2.562, -3.073, -2.701
-3.066, -3.362, -3.083, -3.682, -5.283, -2.040, -3.034, -2.770, -3.042, -2.940
-3.162, -3.102, -3.096, -2.865, -5.430, -1.776, -2.926, -2.397, -3.278, -3.752
-3.450, -4.028, -3.064, -2.839, -1.279, -3.800, -2.973, -2.875, -3.654, -3.028
-2.921, -3.756, -3.516, -2.974, -0.732, -3.916, -2.955, -3.765, -3.722, -2.740
-3.019, -2.715, -2.913, -3.236, -7.535, -3.203, -3.470, -3.090, -3.424, -3.181
-2.871, -2.641, -3.239, -4.000, -6.407, -2.762, -3.220, -3.390, -3.555, -3.137
-3.327, -3.471, -1.930, -2.602, -1.704, -3.532, -2.178, -2.947, -3.454, -3.248
-3.376, -3.342, -2.762, -3.340, -1.559, -5.016, -3.247, -3.289, -4.025, -2.990
-2.670, -3.034, -3.742, -3.987, -5.807, -2.495, -2.869, -3.258, -3.274, -4.046
-3.050, -3.460, -3.430, -3.544, -6.130, -2.273, -3.718, -2.735, -2.485, -2.796
-3.353, -2.854, -3.174, -3.124, -1.603, -5.060, -3.128, -2.332, -3.386, -3.188
-3.115, -2.754, -3.432, -4.779, -3.183, -1.139, -2.354, -2.914, -2.959, -3.530
-3.166, -3.883, -3.210, -2.220, -0.881, -3.884, -2.900, -3.010, -3.188, -3.184
-3.132, -3.044, -3.048, -3.185, -5.836, -2.376, -3.105, -2.863, -3.173, -3.474
-3.492, -2.719, -2.826, -2.411, -10.805, -3.549, -3.778, -2.755, -3.441, -2.645
-2.990, -3.133, -3.212, -3.212, -5.550, -2.049, -3.217, -3.107, -3.045, -3.329
-5.497, -2.815, -2.558, -3.565, -1.900, -5.083, -3.902, -2.677, -3.684, -3.549
-2.687, -2.947, -2.593, -4.361, -5.627, -2.158, -3.679, -3.307, -2.618, -3.463
-3.170, -2.989, -3.150, -3.284, -1.460, -4.522, -3.309, -3.473, -2.643, -3.302
-2.752, -2.594, -3.583, -2.735, -7.232, -2.929, -3.162, -2.419, -3.095, -3.538
-2.970, -3.457, -3.390, -2.763, -4.250, -1.978, -4.652, -3.479, -3.510, -2.755
-3.172, -3.384, -3.086, -3.598, -6.292, -1.800, -3.428, -4.135, -2.775, -2.963
-3.480, -3.509, -2.176, -2.170, -1.685, -4.009, -2.909, -3.029, -3.042, -3.047
-2.513, -3.216, -3.289, -3.304, -4.392, -1.805, -2.765, -2.811, -3.582, -3.244
-2.779, -3.523, -3.213, -2.794, -1.916, -5.227, -3.051, -3.705, -3.110, -3.476
-3.054, -2.858, -3.279, -3.518, -2.149, -6.240, -3.304, -2.748, -3.538, -2.737
-3.457, -3.492, -3.364, -3.669, -1.646, -6.795, -3.116, -2.615, -4.132, -3.034
-2.485, -3.745, -3.355, -3.431, -7.011, -2.448, -2.299, -2.879, -2.654, -3.385
-3.699, -3.016, -2.751, -2.633, -2.640, -5.263, -2.809, -3.260, -2.789, -2.893
-4.469, -2.312, -4.290, -1.414, -5.305, -1.631, -2.256, -3.127, -2.978, -3.569
-2.764, -3.377, -2.212, -2.829, -2.495, -5.627, -2.766, -2.875, -2.240, -2.744
-2.741, -3.265, -3.489, -3.360, -1.703, -4.928, -3.865, -3.809, -2.879, -3.062
-3.505, -4.028, -3.621, -2.425, -1.195, -6.030, -3.433, -3.673, -3.049, -3.758
-2.860, -3.342, -3.059, -4.420, -5.738, -1.915, -3.768, -2.797, -3.286, -3.159
-3.544, -3.512, -2.716, -3.083, -2.021, -5.115, -2.706, -2.635, -3.789, -3.282
-2.192, -3.343, -3.922, -2.829, -6.359, -1.715, -2.325, -2.731, -3.439, -3.195
-3.034, -3.562, -3.202, -3.920, -5.487, -2.247, -2.984, -2.931, -2.891, -3.305
-3.352, -3.165, -3.396, -3.550, -9.003, -3.597, -3.312, -2.618, -3.029, -3.326
-3.423, -2.218, -4.087, -2.785, -4.884, -2.628, -4.079, -2.418, -3.561, -3.186
-3.084, -2.830, -2.960, -2.983, -8.766, -3.310, -3.057, -2.808, -3.995, -2.742
-2.924, -2.893, -3.509, -2.836, -1.984, -5.663, -2.823, -3.401, -2.874, -3.231
-3.109, -3.426, -3.209, -3.666, -1.813, -5.394, -2.901, -2.240, -2.498, -3.987
-2.996, -3.611, -2.832, -3.298, -5.258, -1.149, -3.631, -2.859, -3.248, -3.153
-2.829, -2.875, -3.532, -3.197, -3.844, -1.391, -3.804, -3.628, -3.081, -3.288
-3.465, -3.577, -2.738, -2.481, -2.311, -5.873, -3.485, -2.749, -3.064, -3.195
-3.226, -2.834, -2.217, -3.387, -6.758, -2.866, -4.598, -3.368, -3.318, -3.221
-2.970, -3.060, -2.658, -4.506, -10.485, -2.587, -2.749, -2.846, -2.845, -3.370
-3.414, -3.923, -2.555, -2.873, -2.205, -4.410, -2.361, -3.168, -3.397, -3.271
-4.222, -3.314, -3.177, -2.594, -1.280, -4.898, -3.343, -3.583, -3.353, -3.938
-3.079, -3.898, -3.195, -3.027, -0.923, -3.716, -2.898, -2.881, -3.130, -3.247
-3.486, -3.330, -3.583, -2.303, -2.445, -5.908, -2.827, -3.265, -2.763, -3.053
-3.320, -3.572, -2.448, -4.958, -8.529, -2.116, -3.024, -2.403, -2.436, -3.471
-3.673, -2.308, -2.980, -2.703, -2.000, -5.209, -3.879, -3.246, -3.314, -2.628
-3.343, -2.910, -2.918, -4.231, -5.626, -1.234, -3.203, -2.792, -3.181, -3.145
-3.011, -2.723, -3.170, -2.597, -7.822, -2.796, -3.223, -2.586, -3.070, -3.505
-3.101, -3.539, -2.677, -4.062, -11.190, -3.260, -2.950, -2.550, -2.878, -2.950
-3.197, -2.984, -3.548, -3.991, -4.617, -2.004, -3.609, -2.877, -3.208, -2.986
-3.077, -3.448, -3.388, -3.558, -0.802, -3.410, -3.039, -3.611, -2.564, -3.405
-3.027, -3.038, -3.153, -2.928, -2.432, -5.633, -3.227, -2.764, -2.990, -3.409
-3.210, -3.264, -2.844, -2.641, -1.807, -4.961, -3.189, -3.012, -3.025, -3.391
-3.983, -2.743, -4.259, -2.665, -5.143, -2.087, -2.464, -2.447, -2.700, -3.795
-2.619, -3.670, -3.256, -3.484, -3.963, -1.519, -3.125, -2.327, -3.034, -3.573
-2.900, -2.890, -2.884, -3.439, -4.482, -1.764, -2.920, -3.188, -2.973, -3.088
-3.397, -3.925, -2.631, -3.038, -2.116, -4.650, -3.157, -2.705, -3.053, -3.409
-2.929, -3.556, -3.744, -2.667, -5.401, -2.266, -3.103, -3.062, -3.156, -3.716
-3.241, -3.405, -2.887, -3.166, -7.049, -2.294, -3.048, -3.561, -3.246, -3.146
-3.093, -3.395, -2.888, -3.538, -11.339, -3.550, -2.930, -2.795, -3.148, -3.314
-3.008, -4.166, -3.228, -2.655, -0.953, -4.154, -3.638, -3.112, -2.636, -3.000
-3.638, -4.499, -2.877, -3.607, -2.830, -5.967, -2.701, -2.837, -3.462, -3.453
-3.840, -2.764, -2.421, -3.625, -7.130, -2.199, -3.789, -2.969, -3.043, -3.715
-3.665, -4.143, -3.454, -3.073, -2.597, -5.718, -2.887, -2.890, -3.254, -2.539
-2.883, -3.173, -3.587, -3.176, -5.374, -2.118, -3.605, -3.810, -2.613, -3.489
-3.544, -3.826, -2.537, -3.127, -1.470, -4.653, -2.154, -3.178, -3.562, -3.554
-2.882, -3.826, -3.007, -2.310, -2.001, -4.707, -2.795, -3.438, -3.018, -3.216
-3.303, -3.726, -3.216, -3.241, -1.575, -4.460, -3.093, -3.526, -3.792, -3.331
-3.571, -2.272, -3.251, -3.419, -7.173, -2.665, -2.876, -2.889, -5.099, -3.376
-3.073, -3.063, -2.935, -2.639, -2.602, -5.521, -2.966, -2.941, -3.168, -3.274
-3.014, -3.054, -3.182, -3.014, -2.552, -5.512, -3.117, -2.754, -3.308, -3.504
-2.651, -2.662, -3.567, -2.599, -6.154, -2.756, -3.395, -2.194, -3.261, -3.959
-3.637, -3.297, -2.349, -2.783, -2.720, -5.757, -3.299, -3.058, -3.687, -3.456
-3.556, -2.709, -2.726, -3.546, -5.852, -2.389, -3.812, -2.927, -3.941, -2.857
-2.766, -3.518, -2.892, -3.319, -5.741, -2.420, -3.656, -3.133, -3.197, -2.828
-3.153, -3.003, -3.245, -4.997, -6.546, -2.123, -2.872, -3.185, -3.213, -3.431
-2.906, -2.879, -2.678, -3.130, -5.141, -2.321, -3.795, -2.300, -3.034, -2.987
-2.969, -3.011, -3.365, -3.400, -2.681, -5.797, -3.064, -2.799, -2.843, -3.404
-3.352, -3.415, -3.306, -3.320, -6.612, -2.584, -3.662, -3.130, -3.184, -2.990
-3.567, -2.633, -3.011, -2.819, -4.809, -1.884, -3.223, -2.481, -3.323, -3.584
-2.629, -2.753, -3.017, -2.405, -9.508, -3.746, -3.121, -2.120, -3.257, -2.833
-3.709, -3.665, -3.216, -3.783, -2.238, -5.756, -3.807, -3.896, -3.419, -3.311
-3.355, -3.243, -3.347, -3.925, -2.603, -6.169, -2.625, -2.724, -3.810, -3.225
-3.172, -3.857, -4.529, -2.653, -6.383, -2.589, -2.352, -3.158, -2.652, -3.460
-2.890, -3.489, -3.369, -2.336, -1.091, -4.026, -3.600, -3.270, -2.709, -3.377
-2.309, -2.895, -3.535, -2.138, -7.765, -2.788, -2.697, -2.402, -3.596, -3.161
-3.104, -3.613, -2.941, -4.220, -0.988, -3.836, -3.094, -3.545, -2.728, -3.963
-3.292, -3.829, -2.858, -2.747, -2.761, -5.016, -2.319, -3.067, -3.674, -3.632
-3.374, -3.452, -2.649, -4.108, -5.441, -1.744, -3.512, -2.646, -2.856, -3.295
-3.215, -3.796, -3.279, -3.684, -1.768, -5.177, -3.314, -2.394, -3.585, -3.364
-3.096, -4.065, -3.278, -3.045, -0.956, -4.479, -2.879, -3.516, -3.081, -3.678
-4.127, -3.774, -3.962, -2.743, -3.232, -6.161, -2.419, -3.063, -2.978, -2.848
-3.202, -3.634, -3.000, -3.139, -1.979, -4.775, -2.808, -2.761, -3.323, -3.253
-3.517, -3.575, -3.561, -3.020, -4.982, -1.818, -3.506, -3.305, -3.192, -3.751
-2.816, -3.469, -3.924, -3.731, -5.259, -2.099, -3.606, -3.165, -3.428, -3.495
-3.516, -3.018, -2.879, -3.916, -2.209, -7.154, -3.415, -3.424, -3.487, -3.077
-3.074, -3.204, -3.030, -3.507, -6.171, -2.267, -3.117, -2.936, -2.993, -2.447
-2.512, -3.524, -3.012, -1.963, -1.411, -4.144, -4.381, -2.897, -2.458, -3.301
-3.659, -3.225, -3.185, -4.041, -1.829, -4.521, -2.289, -3.460, -2.436, -3.184
-2.835, -2.891, -2.835, -3.027, -2.382, -5.293, -3.540, -3.400, -2.613, -3.440
-3.088, -3.359, -3.101, -3.191, -1.197, -4.299, -2.763, -3.102, -2.924, -3.305
-3.303, -3.467, -3.345, -3.489, -2.070, -5.087, -3.291, -2.549, -3.500, -3.166
-3.201, -3.016, -3.351, -2.805, -1.449, -4.141, -2.964, -3.765, -2.729, -3.120
-3.231, -2.787, -3.759, -3.843, -3.421, -1.456, -2.573, -3.333, -2.655, -2.814
-3.479, -2.945, -3.490, -1.915, -0.915, -4.078, -3.669, -3.484, -2.396, -3.522
-2.869, -2.692, -2.725, -2.978, -8.239, -2.446, -3.269, -2.731, -2.909, -3.450
-3.274, -2.791, -4.084, -3.700, -1.940, -4.976, -2.451, -3.162, -2.789, -3.753
-3.703, -3.006, -2.515, -1.793, -2.207, -5.352, -3.648, -3.879, -2.526, -3.099
-3.290, -3.034, -2.839, -3.329, -5.704, -2.492, -3.564, -2.885, -3.332, -2.917
-2.766, -2.931, -2.836, -3.705, -4.438, -1.158, -2.892, -3.508, -3.535, -2.979
-3.760, -2.393, -2.716, -2.594, -5.468, -1.790, -3.818, -2.023, -2.729, -3.193
-3.765, -3.230, -3.538, -2.902, -4.715, -1.512, -2.596, -2.916, -2.914, -3.241
-3.080, -4.447, -2.371, -2.282, -1.180, -4.245, -3.312, -2.625, -2.531, -3.109
-3.442, -2.937, -3.498, -4.222, -2.192, -5.996, -2.894, -3.091, -2.872, -3.682
-3.222, -3.633, -3.527, -2.895, -1.438, -5.912, -3.600, -2.719, -3.683, -3.078
-3.073, -3.280, -3.224, -2.886, -14.511, -3.896, -2.746, -3.419, -3.040, -3.709
-3.589, -3.061, -3.819, -4.128, -4.726, -2.068, -3.123, -2.780, -3.224, -3.211
-3.132, -3.355, -4.249, -3.623, -1.744, -5.985, -2.622, -3.151, -3.251, -4.195
-2.583, -3.003, -2.589, -2.745, -7.072, -2.860, -3.627, -2.391, -3.482, -2.741
-3.293, -2.684, -3.646, -3.822, -2.733, -6.154, -2.749, -3.109, -2.628, -4.222
-2.954, -2.987, -3.798, -2.615, -1.132, -4.229, -3.151, -3.072, -3.191, -3.041
-3.233, -3.183, -3.153, -2.921, -3.796, -1.443, -3.060, -3.364, -2.675, -2.833
-3.052, -3.087, -2.925, -3.538, -11.100, -3.811, -3.290, -3.154, -3.182, -3.116
-3.534, -3.220, -2.666, -3.835, -13.381, -4.057, -2.885, -2.877, -3.290, -3.467
-2.430, -3.919, -2.791, -4.773, -1.804, -4.592, -3.115, -2.999, -3.096, -3.009
-4.157, -3.002, -2.936, -4.431, -4.435, -1.420, -3.165, -3.603, -2.743, -3.826
-3.079, -2.675, -3.584, -2.993, -5.456, -1.786, -3.251, -3.461, -3.079, -2.905
-3.247, -3.220, -3.285, -3.430, -1.798, -5.687, -3.146, -2.543, -3.560, -3.447
-2.782, -3.074, -2.914, -3.382, -5.298, -2.190, -3.112, -3.073, -3.192, -3.171
-3.875, -2.872, -2.970, -2.414, -2.782, -5.383, -3.170, -3.416, -2.850, -3.603
-3.155, -3.748, -3.669, -3.729, -5.488, -2.231, -3.696, -2.670, -3.282, -3.185
-3.231, -3.039, -3.145, -3.852, -5.808, -2.094, -3.110, -3.098, -3.309, -3.212
-3.259, -3.209, -2.935, -4.920, -2.025, -4.860, -2.765, -2.866, -2.287, -3.641
-3.078, -2.839, -4.254, -2.230, -5.899, -2.869, -3.957, -3.113, -3.166, -3.100
-3.393, -3.193, -2.855, -2.898, -1.765, -5.181, -3.231, -2.449, -3.426, -3.298
-2.839, -2.538, -3.159, -2.930, -2.877, -5.730, -2.832, -2.976, -3.505, -3.537
-3.173, -2.596, -3.301, -3.544, -3.614, -1.371, -2.651, -3.216, -3.049, -3.195
-3.347, -2.608, -3.973, -3.324, -5.789, -2.856, -3.741, -3.381, -3.334, -3.138
-3.079, -3.199, -3.342, -2.893, -2.879, -5.738, -2.846, -3.269, -3.271, -3.590
-3.220, -3.272, -2.726, -2.736, -2.271, -5.230, -4.093, -3.286, -3.095, -2.832
-2.770, -4.472, -3.801, -2.658, -0.917, -4.617, -2.940, -3.085, -3.176, -3.528
-3.059, -2.987, -3.393, -4.465, -6.285, -1.836, -3.703, -2.336, -3.117, -3.004
-2.640, -2.982, -3.021, -3.315, -6.748, -2.911, -2.938, -2.664, -3.281, -2.919
-3.187, -3.188, -3.182, -3.273, -6.473, -2.230, -2.569, -3.161, -2.885, -2.972
-3.099, -4.119, -3.100, -3.421, -9.090, -3.366, -2.586, -3.083, -3.081, -3.443
-3.688, -2.995, -3.061, -3.746, -1.708, -4.651, -3.374, -2.451, -3.384, -3.498
-4.472, -3.305, -2.718, -3.389, -6.760, -2.499, -3.566, -2.708, -3.148, -3.960
-3.780, -3.604, -2.389, -4.729, -6.170, -1.569, -3.575, -2.641, -2.617, -3.883
-2.722, -3.267, -4.480, -2.493, -4.650, -1.919, -2.556, -2.764, -3.052, -2.954
-2.756, -3.583, -2.567, -4.100, -6.968, -1.879, -2.764, -3.642, -2.637, -2.928
-2.706, -2.673, -3.369, -3.179, -5.425, -1.799, -3.000, -3.116, -3.678, -3.363
-3.117, -2.847, -3.470, -3.616, -2.358, -6.233, -3.152, -2.521, -3.400, -3.430
-3.030, -2.675, -3.329, -2.149, -4.120, -1.479, -3.616, -2.197, -3.022, -2.497
-3.138, -2.675, -3.390, -3.068, -3.336, -6.257, -2.981, -3.075, -2.891, -3.644
-3.513, -2.999, -3.436, -2.293, -4.916, -1.542, -4.242, -3.155, -2.973, -3.746
-3.200, -3.821, -2.993, -2.324, -2.041, -4.646, -3.235, -3.022, -2.789, -3.130
-2.745, -3.567, -3.277, -2.108, -0.932, -4.263, -3.094, -2.892, -2.968, -3.010
-3.340, -3.028, -4.729, -3.924, -6.326, -2.074, -3.947, -3.638, -3.165, -3.043
-3.141, -3.574, -3.616, -3.735, -6.191, -2.464, -3.000, -3.190, -3.219, -3.310
-3.593, -3.433, -3.091, -2.840, -1.256, -4.059, -3.164, -3.073, -3.453, -3.194
-3.404, -3.061, -4.955, -3.471, -3.631, -1.915, -3.450, -2.810, -3.279, -3.625
-2.657, -3.751, -3.749, -2.087, -1.119, -5.180, -3.237, -2.953, -2.824, -3.343
-3.363, -3.220, -3.699, -2.996, -4.721, -2.117, -3.540, -3.290, -3.282, -3.162
-3.473, -2.918, -3.758, -3.250, -4.830, -2.097, -3.104, -3.557, -3.349, -3.249
-2.937, -3.505, -2.656, -2.383, -0.966, -3.530, -3.763, -2.596, -3.310, -3.460
-2.776, -2.944, -3.137, -2.592, -9.520, -3.517, -2.849, -2.630, -3.061, -3.480
-3.192, -3.391, -3.207, -3.249, -5.199, -1.648, -2.880, -2.641, -3.255, -2.998
-3.301, -2.704, -2.714, -2.425, -2.025, -4.780, -2.689, -3.002, -3.361, -3.204
-2.993, -3.903, -2.862, -2.430, -1.732, -4.752, -3.134, -2.812, -3.035, -3.264
-3.206, -3.262, -5.442, -4.235, -5.132, -3.067, -4.612, -2.989, -3.072, -3.050
-2.749, -3.536, -3.312, -2.978, -0.767, -3.548, -3.335, -3.173, -2.677, -3.218
-3.345, -2.589, -3.302, -4.061, -2.925, -5.959, -2.660, -3.661, -2.743, -3.777
-3.529, -3.828, -3.003, -2.591, -5.937, -2.031, -3.019, -2.770, -2.845, -2.905
-2.948, -3.070, -3.041, -3.001, -1.952, -5.158, -3.456, -2.926, -3.253, -3.002
-3.558, -2.610, -2.967, -2.858, -4.737, -2.026, -3.540, -2.792, -3.544, -3.198
-3.068, -3.096, -2.906, -3.809, -12.587, -3.268, -2.946, -2.914, -3.155, -2.987
-3.357, -3.939, -2.791, -2.197, -1.592, -4.643, -4.108, -3.168, -3.080, -3.456
-2.618, -2.919, -3.069, -2.003, -8.309, -3.041, -3.205, -2.649, -3.349, -2.874
-2.907, -3.301, -3.507, -2.327, -2.645, -5.757, -3.358, -3.562, -2.940, -3.260
-2.980, -3.420, -3.278, -2.524, -1.480, -4.562, -3.700, -2.865, -3.435, -3.136
-3.391, -3.231, -3.407, -2.273, -2.756, -6.733, -3.406, -2.601, -2.990, -2.884
-3.206, -4.240, -2.966, -2.077, -1.651, -4.013, -3.158, -3.655, -2.628, -3.239
-3.020, -2.901, -3.313, -3.366, -1.859, -4.964, -3.079, -2.637, -2.913, -3.225
-3.736, -3.928, -1.650, -2.599, -2.923, -4.679, -3.517, -3.524, -2.877, -3.547
-3.067, -2.622, -3.798, -3.017, -1.773, -4.644, -2.311, -4.106, -3.128, -4.196
-3.166, -3.616, -2.987, -2.741, -1.861, -5.613, -3.338, -2.844, -2.943, -3.433
-3.110, -2.857, -3.441, -3.471, -2.015, -5.711, -3.356, -2.472, -3.631, -3.021
-2.958, -3.130, -2.767, -2.338, -4.839, -1.969, -3.998, -2.202, -3.338, -2.701
-3.920, -2.556, -3.525, -3.263, -2.472, -5.496, -2.565, -3.268, -3.018, -3.022
-2.921, -2.850, -2.921, -2.585, -4.964, -2.137, -3.321, -2.351, -3.085, -2.770
-3.882, -3.776, -2.689, -3.030, -1.903, -5.434, -4.379, -3.095, -3.651, -2.732
-2.606, -2.374, -3.572, -2.455, -10.046, -2.710, -2.725, -2.500, -2.700, -3.925
-3.069, -2.909, -3.353, -2.632, -8.130, -3.055, -3.308, -1.856, -2.857, -3.118
-2.985, -3.432, -2.892, -3.150, -1.715, -4.241, -2.695, -3.601, -3.759, -2.860
-3.145, -3.011, -2.860, -2.587, -1.856, -4.980, -3.857, -3.135, -2.886, -3.176
-3.298, -2.611, -3.347, -2.665, -4.712, -2.097, -3.132, -2.768, -2.855, -3.276
-3.714, -2.440, -2.222, -2.666, -1.750, -4.219, -2.842, -3.047, -3.563, -3.544
-3.150, -2.426, -3.729, -2.220, -3.116, -1.539, -3.902, -2.150, -2.884, -3.019
-3.361, -3.677, -3.667, -2.451, -1.398, -5.711, -3.117, -3.503, -3.370, -3.281
-3.552, -3.665, -3.253, -2.397, -0.689, -3.662, -3.673, -3.519, -3.182, -2.980
-3.497, -3.122, -3.087, -4.146, -4.779, -1.884, -2.873, -3.313, -3.406, -2.953
-3.460, -3.708, -3.646, -2.989, -1.983, -7.501, -3.070, -2.702, -3.551, -3.584
-3.532, -2.746, -2.981, -3.558, -1.720, -5.449, -3.795, -4.079, -3.391, -3.426
-2.891, -3.591, -3.344, -3.597, -5.093, -1.654, -3.092, -3.705, -2.881, -3.346
-3.197, -3.124, -2.901, -3.128, -16.308, -4.423, -2.862, -3.035, -3.154, -3.381
-3.097, -2.924, -3.830, -3.153, -7.350, -2.672, -2.997, -2.746, -3.068, -2.999
-3.372, -3.685, -3.065, -3.450, -1.447, -4.630, -3.385, -3.319, -3.669, -2.681
-2.555, -2.812, -3.286, -3.186, -4.328, -1.976, -3.045, -2.068, -3.251, -2.738
-3.557, -3.370, -3.026, -2.250, -1.184, -4.751, -3.363, -3.707, -2.904, -3.166
-3.388, -2.809, -3.462, -4.350, -2.676, -6.067, -2.545, -3.583, -2.802, -3.098
-3.333, -3.633, -3.404, -2.863, -1.421, -4.814, -3.235, -2.734, -3.641, -3.120
-3.293, -3.474, -3.275, -2.827, -1.815, -4.923, -3.290, -3.009, -2.840, -3.385
-2.782, -4.189, -2.986, -2.618, -2.107, -4.693, -2.343, -3.146, -3.469, -3.338
-3.446, -2.509, -3.328, -3.082, -6.131, -2.737, -3.393, -3.451, -2.959, -3.132
-2.729, -3.358, -3.733, -2.589, -4.733, -1.217, -2.640, -2.468, -3.653, -3.073
-3.122, -2.880, -2.726, -2.782, -2.034, -4.443, -2.540, -3.120, -3.434, -3.116
-2.542, -3.847, -3.198, -2.607, -1.754, -5.446, -3.103, -3.662, -3.143, -2.999
-3.385, -3.504, -3.439, -3.132, -1.518, -4.768, -3.379, -2.330, -3.810, -3.347
-2.990, -3.631, -2.912, -2.270, -1.816, -4.125, -3.009, -3.242, -3.058, -3.338
-3.166, -2.590, -3.123, -3.298, -1.706, -4.826, -3.132, -2.611, -3.370, -3.289
-3.536, -3.124, -3.516, -1.738, -0.832, -4.084, -3.499, -3.492, -3.091, -3.811
-3.528, -3.061, -3.274, -3.726, -4.663, -1.631, -4.189, -2.740, -3.154, -2.920
-3.273, -2.644, -3.524, -2.111, -1.681, -5.293, -3.228, -3.055, -3.217, -3.374
-3.523, -3.525, -2.742, -3.831, -5.135, -1.799, -3.364, -3.459, -3.284, -2.981
-3.129, -2.872, -3.243, -4.360, -5.810, -1.761, -3.176, -2.709, -3.196, -2.673
-2.992, -3.367, -3.579, -2.739, -10.094, -3.812, -2.823, -2.450, -3.182, -3.825
-3.041, -2.862, -2.823, -2.647, -10.164, -3.854, -3.298, -2.356, -2.862, -2.800
-2.800, -2.926, -3.367, -3.302, -2.280, -5.429, -2.668, -3.239, -3.422, -3.409
-2.917, -3.339, -3.723, -2.441, -1.363, -4.695, -2.858, -3.044, -3.217, -2.981
-3.409, -3.101, -3.189, -2.829, -1.788, -6.094, -3.230, -2.885, -3.494, -2.964
-2.816, -2.791, -3.080, -3.032, -4.923, -1.985, -3.858, -2.350, -3.078, -3.968
-3.200, -2.917, -3.630, -3.157, -2.029, -5.289, -3.300, -2.534, -3.512, -3.306
-2.684, -3.246, -3.171, -3.378, -6.367, -2.361, -3.439, -2.449, -3.427, -2.974
-2.944, -2.816, -3.566, -3.118, -2.319, -5.421, -1.386, -3.165, -3.245, -4.357
-2.859, -2.621, -3.523, -3.442, -2.725, -6.323, -3.394, -2.797, -2.412, -3.164
-3.299, -3.416, -3.134, -3.159, -2.456, -5.580, -3.614, -3.237, -3.015, -3.464
-3.008, -3.308, -3.568, -2.736, -2.065, -4.874, -3.169, -2.751, -2.986, -3.518
-3.230, -2.862, -2.788, -3.753, -4.636, -1.789, -3.378, -2.772, -3.566, -2.880
-2.746, -2.681, -2.707, -4.275, -2.829, -6.473, -3.839, -2.948, -2.964, -3.147
-3.081, -3.017, -3.189, -2.584, -1.090, -3.756, -3.326, -4.324, -2.706, -3.103
-2.869, -3.133, -3.047, -2.891, -8.232, -3.329, -4.011, -3.663, -2.624, -2.859
-3.286, -3.576, -2.814, -4.109, -5.024, -1.575, -2.787, -2.912, -2.974, -2.960
-3.342, -3.128, -3.286, -2.977, -1.732, -4.961, -3.343, -3.119, -3.119, -2.757
-2.928, -3.240, -3.702, -2.273, -0.734, -3.608, -2.926, -3.352, -3.489, -3.251
-2.574, -3.459, -3.132, -1.821, -2.167, -4.837, -2.833, -3.533, -3.219, -3.128
-2.922, -3.207, -3.564, -3.106, -3.991, -1.295, -2.548, -2.951, -3.106, -3.319
-2.877, -2.403, -3.302, -2.958, -6.764, -3.005, -2.704, -2.618, -3.073, -3.514
-3.009, -3.724, -3.501, -3.480, -3.380, -1.115, -3.601, -2.814, -3.265, -2.901
-3.097, -2.845, -3.394, -4.332, -1.695, -5.043, -2.897, -3.369, -3.310, -3.195
-3.182, -3.484, -3.449, -3.083, -4.980, -1.569, -3.353, -3.482, -3.058, -3.119
-3.174, -3.089, -2.626, -4.056, -7.466, -2.924, -3.088, -3.416, -3.382, -3.264
-3.046, -2.607, -3.325, -2.167, -4.909, -1.736, -3.824, -2.588, -2.930, -3.730
-2.554, -2.576, -3.302, -3.901, -5.362, -2.089, -3.104, -2.739, -3.486, -2.950
-3.223, -3.769, -3.232, -2.830, -5.386, -1.632, -2.988, -3.272, -2.937, -3.442
-3.026, -2.891, -3.117, -3.644, -2.130, -5.693, -3.447, -3.076, -3.133, -3.215
-3.488, -4.219, -3.053, -3.864, -1.380, -4.600, -2.347, -2.871, -3.680, -3.921
-3.102, -2.848, -3.155, -3.455, -7.255, -2.957, -3.044, -2.997, -3.359, -3.055
-3.262, -2.974, -3.226, -3.412, -1.813, -5.682, -3.380, -2.847, -3.460, -3.114
-3.438, -3.333, -3.459, -2.964, -1.542, -4.327, -2.858, -2.457, -3.301, -3.805
-2.795, -4.009, -2.928, -2.999, -1.524, -5.055, -3.741, -2.548, -3.074, -3.222
-2.921, -4.002, -3.386, -2.887, -1.267, -4.446, -3.710, -2.762, -3.234, -3.693
-3.231, -3.518, -3.280, -3.267, -1.524, -5.635, -3.319, -3.871, -4.079, -2.606
-2.878, -2.853, -2.621, -3.808, -4.369, -0.859, -2.869, -3.091, -2.956, -2.758
-3.744, -3.072, -2.296, -3.823, -6.709, -2.360, -4.904, -3.424, -2.979, -3.427
-3.367, -4.003, -2.797, -3.017, -1.219, -4.493, -4.000, -2.851, -2.837, -3.283
-3.329, -3.783, -2.897, -2.204, -1.453, -3.998, -3.253, -3.247, -2.736, -3.140
-3.185, -2.580, -3.777, -2.687, -2.529, -5.805, -2.683, -3.401, -3.570, -2.957
-2.872, -3.327, -3.162, -4.283, -1.945, -5.212, -3.081, -2.467, -3.575, -3.154
-2.961, -2.995, -2.972, -2.730, -6.654, -2.464, -3.219, -3.174, -3.752, -3.074
-3.659, -3.479, -2.850, -2.561, -7.299, -2.203, -3.469, -3.977, -2.901, -3.002
-2.782, -2.864, -2.937, -2.860, -8.439, -3.206, -2.906, -3.098, -3.111, -2.961
-3.396, -2.597, -3.488, -2.657, -5.359, -2.383, -3.630, -2.864, -2.875, -3.575
-3.493, -3.426, -3.287, -2.256, -0.855, -3.589, -3.791, -3.684, -2.709, -3.077
-3.011, -2.589, -4.718, -3.353, -4.819, -2.580, -3.277, -2.806, -3.572, -3.525
-3.126, -3.797, -3.572, -3.227, -5.325, -2.030, -3.166, -4.657, -3.386, -3.126
-3.232, -3.628, -2.880, -5.261, -6.566, -1.733, -2.684, -2.695, -3.204, -3.439
-3.231, -3.623, -3.250, -1.961, -6.029, -2.355, -3.793, -1.998, -2.959, -3.101
-3.073, -2.929, -3.556, -1.744, -1.695, -5.063, -3.420, -3.123, -2.920, -2.828
-3.300, -3.306, -3.391, -2.694, -4.786, -1.312, -3.502, -4.169, -3.100, -2.833
-3.049, -3.236, -3.071, -2.977, -5.539, -2.050, -3.323, -3.195, -3.610, -3.424
-2.979, -3.049, -2.747, -2.737, -4.574, -0.964, -3.176, -2.496, -2.958, -3.069
-3.572, -3.934, -3.111, -3.121, -1.716, -4.023, -3.246, -3.560, -1.783, -4.127
-2.955, -3.057, -4.204, -4.153, -5.187, -2.061, -2.675, -2.945, -3.211, -3.816
-3.444, -3.354, -2.777, -4.262, -5.533, -1.400, -3.192, -2.828, -3.193, -3.335
-2.524, -4.280, -3.466, -3.130, -0.832, -4.158, -3.018, -3.229, -3.345, -2.889
-2.598, -4.023, -3.359, -1.915, -1.282, -3.614, -2.681, -4.071, -3.898, -3.114
-3.116, -3.281, -3.052, -3.428, -5.275, -2.031, -2.901, -3.191, -3.185, -3.330
-3.054, -3.849, -3.009, -3.230, -10.720, -3.444, -2.799, -3.071, -3.066, -3.324
-3.279, -3.051, -2.637, -3.383, -2.089, -5.609, -3.834, -2.998, -3.104, -3.488
-4.310, -3.947, -3.325, -3.835, -1.304, -4.294, -3.518, -3.302, -2.549, -3.678
-2.822, -3.250, -3.503, -3.438, -1.800, -6.027, -3.378, -2.776, -3.532, -3.013
-3.280, -3.348, -4.024, -4.225, -5.210, -2.384, -2.893, -2.998, -3.257, -2.963
-4.091, -3.388, -2.404, -3.008, -1.706, -4.727, -2.943, -2.753, -3.340, -3.715
-3.797, -3.198, -3.127, -4.328, -1.875, -4.597, -2.273, -3.395, -2.578, -3.224
-2.440, -3.330, -3.367, -3.939, -6.672, -2.385, -2.512, -3.032, -3.146, -2.823
-3.211, -3.626, -2.561, -2.694, -1.200, -3.391, -2.838, -3.538, -2.901, -3.319
-3.114, -3.351, -3.100, -3.970, -4.650, -2.068, -3.149, -2.364, -3.505, -2.502
-2.729, -2.655, -3.265, -2.696, -6.465, -2.967, -3.634, -2.413, -3.569, -2.595
-3.025, -2.701, -3.138, -3.136, -5.967, -2.434, -2.695, -3.301, -3.856, -2.805
-3.256, -3.272, -3.550, -3.329, -2.666, -7.146, -2.823, -3.185, -4.078, -3.018
-3.686, -2.841, -3.130, -4.042, -6.436, -2.811, -2.709, -3.254, -2.909, -2.754
-2.751, -2.765, -3.471, -3.391, -10.298, -3.158, -2.637, -3.309, -3.431, -3.175
-3.230, -2.951, -2.737, -3.794, -10.382, -3.423, -2.990, -2.941, -3.043, -2.959
-3.473, -3.112, -2.871, -3.071, -1.784, -5.074, -3.642, -2.819, -3.603, -3.163
-3.654, -3.986, -2.550, -2.797, -1.870, -4.461, -3.477, -2.814, -3.205, -2.588
-3.322, -3.286, -3.574, -3.417, -5.979, -2.262, -2.957, -3.286, -3.407, -3.455
-2.565, -3.158, -3.536, -2.076, -1.734, -4.766, -3.823, -3.698, -2.768, -2.610
-3.252, -3.525, -3.223, -3.248, -1.551, -5.958, -3.824, -2.596, -3.312, -2.992
-2.868, -3.742, -2.835, -2.844, -2.186, -5.410, -2.214, -2.826, -4.037, -3.401
-2.568, -2.738, -2.978, -3.807, -4.876, -1.798, -2.275, -3.407, -3.560, -3.288
-3.236, -2.677, -3.293, -2.760, -2.460, -5.403, -3.128, -3.450, -2.793, -2.874
-3.132, -4.120, -3.532, -2.962, -1.495, -4.257, -3.059, -1.991, -2.714, -2.735
-3.025, -2.567, -2.848, -4.031, -2.348, -6.110, -3.433, -3.078, -3.186, -2.837
-3.029, -3.755, -3.119, -2.440, -1.547, -5.114, -3.273, -2.801, -3.009, -3.233
-3.042, -2.740, -3.408, -3.574, -2.408, -5.558, -3.116, -2.682, -3.067, -3.207
-2.824, -3.366, -2.753, -3.238, -10.035, -4.073, -3.374, -2.950, -4.024, -3.061
-3.281, -2.690, -4.187, -3.072, -6.089, -2.344, -2.779, -2.079, -3.794, -3.409
-2.851, -2.815, -4.060, -2.833, -5.434, -2.410, -3.222, -2.067, -2.787, -3.127
-3.237, -3.077, -3.463, -3.566, -2.229, -5.111, -2.806, -3.451, -3.157, -3.098
-3.037, -4.199, -3.389, -2.749, -1.208, -4.959, -2.880, -2.797, -3.388, -3.337
-3.451, -2.924, -3.547, -2.954, -6.779, -2.615, -2.317, -2.529, -3.537, -3.237
-3.006, -3.251, -3.573, -2.738, -6.773, -3.053, -3.266, -2.889, -3.579, -3.232
-3.189, -2.915, -2.699, -4.912, -3.444, -1.282, -3.519, -2.892, -3.503, -3.053
-3.449, -2.922, -3.544, -2.966, -5.478, -1.721, -2.812, -3.204, -3.196, -3.258
-3.304, -2.770, -3.175, -2.612, -9.678, -3.920, -2.715, -2.911, -2.973, -3.351
-3.546, -3.592, -2.465, -3.961, -2.106, -4.659, -3.648, -3.249, -2.792, -3.012
-3.200, -3.714, -3.185, -4.197, -7.992, -2.976, -3.183, -2.566, -3.204, -2.878
-3.279, -2.957, -3.838, -2.710, -1.465, -5.407, -3.322, -3.112, -2.832, -3.530
-3.505, -3.634, -3.546, -3.101, -1.678, -4.340, -3.001, -3.619, -2.461, -4.300
-3.576, -4.613, -2.480, -3.836, -0.806, -3.506, -4.014, -2.867, -2.723, -2.706
-3.124, -3.784, -3.489, -3.428, -1.021, -4.295, -3.063, -4.470, -3.135, -3.467
-3.072, -2.833, -3.371, -2.686, -2.106, -5.494, -4.275, -2.988, -3.206, -3.207
-3.131, -3.258, -2.462, -3.968, -5.315, -2.235, -3.904, -2.835, -2.997, -3.166
-3.947, -3.674, -2.959, -3.172, -1.422, -5.386, -4.146, -3.670, -3.335, -3.254
-2.876, -3.043, -2.612, -3.042, -2.133, -4.897, -3.969, -3.439, -3.149, -3.424
-2.972, -2.644, -3.703, -2.509, -4.800, -2.039, -4.573, -4.250, -3.623, -3.778
-3.189, -3.865, -3.543, -2.470, -1.305, -4.861, -2.978, -2.810, -3.546, -2.981
-2.193, -2.917, -2.831, -2.515, -5.898, -2.013, -3.686, -3.600, -2.840, -3.045
-4.364, -2.269, -3.128, -2.261, -6.251, -2.884, -3.702, -2.659, -2.634, -3.039
-3.023, -2.948, -3.241, -2.968, -5.325, -1.996, -3.326, -3.416, -3.428, -3.128
-3.157, -3.496, -2.716, -3.744, -2.337, -6.083, -3.216, -2.484, -3.693, -2.818
-3.315, -4.221, -3.051, -3.159, -1.197, -5.598, -3.707, -3.066, -3.170, -2.866
-3.294, -3.006, -3.489, -3.494, -1.578, -6.040, -2.678, -3.292, -3.306, -3.471
-3.183, -3.783, -3.969, -2.375, -5.233, -2.053, -3.388, -3.458, -3.361, -3.352
-2.935, -2.206, -2.984, -2.376, -4.502, -2.226, -3.933, -2.777, -3.355, -2.920
-2.926, -3.108, -3.171, -3.374, -1.728, -4.742, -2.956, -2.799, -3.403, -2.957
-2.530, -2.428, -3.009, -4.075, -3.563, -1.451, -3.496, -2.891, -2.645, -3.169
-2.515, -2.202, -2.936, -2.506, -7.488, -2.280, -2.493, -2.531, -2.658, -3.664
-2.830, -3.327, -2.925, -2.925, -2.175, -6.881, -3.181, -2.830, -2.681, -3.019
-3.503, -3.258, -2.954, -2.861, -5.932, -2.607, -4.311, -2.767, -3.236, -2.805
-3.093, -3.459, -3.825, -4.014, -5.507, -2.604, -3.886, -3.067, -3.284, -3.304
-3.380, -3.837, -2.908, -2.836, -2.188, -5.057, -3.104, -2.917, -3.718, -3.261
-2.889, -3.380, -3.862, -2.972, -4.574, -1.360, -2.631, -2.688, -3.380, -3.285
-2.667, -2.836, -2.390, -4.386, -2.825, -5.622, -3.232, -3.485, -2.758, -3.506
-3.287, -3.742, -3.357, -2.151, -0.980, -3.859, -3.597, -3.789, -2.791, -3.201
-3.186, -3.623, -4.725, -3.048, -2.403, -5.097, -1.884, -3.347, -2.706, -3.675
-2.704, -3.081, -3.124, -3.396, -4.621, -1.631, -2.385, -3.588, -3.760, -2.742
-3.175, -3.924, -2.429, -2.612, -2.341, -4.544, -2.503, -3.318, -3.383, -3.336
-3.259, -3.613, -2.708, -3.163, -2.033, -4.855, -3.170, -2.959, -3.084, -3.160
-3.085, -3.269, -2.988, -3.175, -9.399, -3.537, -3.066, -3.521, -3.020, -3.209
-2.840, -4.144, -2.872, -3.107, -1.754, -4.209, -3.121, -3.469, -2.852, -3.004
-2.925, -4.067, -2.835, -2.202, -2.498, -4.784, -3.071, -3.208, -3.140, -3.251
-3.148, -2.717, -2.885, -4.668, -2.781, -5.933, -2.731, -2.990, -2.792, -2.921
-2.814, -3.327, -3.531, -3.087, -5.505, -1.829, -3.114, -3.611, -3.263, -2.900
-2.977, -3.632, -3.334, -3.205, -1.490, -4.262, -3.475, -2.584, -2.717, -3.187
-3.107, -3.479, -2.535, -1.951, -2.041, -4.286, -2.595, -3.696, -3.173, -3.224
-2.575, -3.371, -2.890, -2.514, -2.138, -4.983, -4.147, -2.655, -2.988, -3.060
-3.419, -3.215, -3.994, -2.563, -5.885, -2.726, -3.942, -3.703, -3.105, -3.373
-3.948, -3.549, -3.461, -2.485, -4.264, -1.570, -2.698, -2.480, -2.803, -3.045
-2.807, -2.390, -3.151, -1.866, -6.016, -2.481, -3.100, -2.278, -2.832, -3.006
-3.334, -3.179, -3.622, -1.854, -1.349, -4.547, -3.323, -3.807, -3.231, -3.471
-2.626, -3.004, -3.171, -2.242, -1.977, -5.361, -3.413, -2.708, -3.772, -3.275
-3.972, -3.039, -3.041, -3.280, -2.620, -5.917, -3.611, -4.647, -3.444, -3.086
-3.225, -3.645, -3.347, -2.731, -4.252, -1.418, -3.177, -3.753, -3.260, -3.189
-3.097, -4.573, -3.152, -3.374, -1.019, -4.833, -3.438, -3.317, -2.809, -3.195
-2.610, -3.358, -3.617, -2.365, -8.342, -3.547, -3.715, -2.614, -3.062, -2.809
-3.264, -2.592, -3.011, -3.693, -1.841, -5.188, -3.422, -2.456, -3.528, -3.162
-3.180, -3.003, -2.841, -2.759, -6.375, -2.676, -3.699, -2.970, -2.971, -3.214
-3.488, -2.519, -2.898, -3.951, -7.383, -2.100, -3.098, -2.970, -3.775, -3.227
-2.679, -2.789, -3.374, -3.170, -2.104, -5.154, -3.334, -3.244, -2.807, -3.181
-3.234, -3.156, -3.439, -3.626, -4.351, -1.866, -3.172, -3.098, -3.008, -3.238
-3.159, -2.578, -2.671, -2.387, -2.209, -5.500, -2.635, -3.025, -3.255, -3.121
-2.969, -4.134, -3.726, -2.715, -4.259, -1.702, -3.508, -3.016, -3.375, -2.975
-3.197, -3.308, -3.437, -3.658, -5.391, -2.105, -3.442, -3.315, -3.069, -3.249
-2.840, -3.225, -3.197, -3.840, -7.300, -2.183, -2.625, -3.232, -3.568, -3.194
-4.810, -3.242, -3.797, -2.910, -4.902, -2.112, -3.284, -2.842, -2.511, -3.065
-2.945, -3.178, -2.887, -3.352, -1.583, -5.197, -3.179, -3.064, -3.845, -2.629
-3.436, -3.439, -3.557, -2.637, -1.927, -5.447, -2.730, -2.941, -2.766, -3.215
-3.546, -3.370, -3.656, -3.777, -1.973, -5.888, -3.150, -2.340, -3.369, -3.531
-3.272, -3.352, -3.052, -2.754, -1.361, -4.520, -3.544, -2.478, -2.774, -3.214
-2.815, -3.634, -3.308, -3.140, -2.384, -6.661, -3.508, -3.130, -3.107, -3.265
-2.245, -3.070, -3.778, -2.757, -7.656, -2.548, -2.628, -2.774, -3.253, -2.815
-3.907, -3.369, -3.244, -3.241, -3.400, -6.580, -2.378, -2.657, -2.966, -2.760
-3.501, -2.379, -3.224, -2.675, -7.171, -2.521, -2.792, -2.615, -2.697, -3.489
-3.313, -2.838, -3.143, -2.954, -1.704, -4.967, -2.909, -3.052, -3.241, -3.123
-2.941, -2.704, -3.386, -2.817, -2.814, -5.879, -2.820, -2.847, -3.089, -3.044
-3.613, -3.562, -3.650, -2.204, -2.455, -5.720, -2.814, -2.949, -2.726, -2.759
-3.293, -3.005, -4.365, -3.651, -4.939, -2.356, -3.517, -3.285, -3.321, -3.234
-2.947, -2.969, -3.433, -2.841, -4.872, -2.123, -3.078, -2.628, -3.492, -3.226
-3.258, -3.476, -2.817, -3.500, -1.855, -5.207, -3.101, -3.050, -2.980, -3.559
-3.387, -3.356, -2.992, -2.887, -1.896, -4.552, -3.241, -2.707, -3.124, -3.327
-3.388, -2.855, -2.746, -2.907, -5.166, -2.093, -3.755, -2.470, -2.610, -3.296
-2.831, -2.642, -3.333, -2.377, -2.743, -6.245, -3.033, -2.690, -2.633, -3.070
-3.651, -2.945, -2.409, -3.357, -5.968, -2.519, -3.940, -2.402, -3.095, -3.567
-2.898, -3.342, -2.449, -3.410, -5.114, -1.850, -2.830, -3.186, -3.097, -2.732
-3.280, -3.062, -2.585, -2.442, -1.918, -4.886, -2.728, -3.111, -2.722, -2.724
-3.985, -3.524, -2.744, -3.959, -2.138, -5.404, -3.662, -2.966, -3.527, -3.309
-2.948, -2.665, -3.257, -3.560, -1.871, -4.761, -2.017, -2.852, -2.665, -3.175
-2.966, -4.336, -3.325, -3.500, -1.541, -4.607, -2.967, -3.066, -3.156, -3.373
-2.776, -3.615, -3.325, -3.388, -1.487, -4.433, -2.788, -2.875, -3.318, -3.813
-3.410, -3.080, -3.336, -2.939, -1.399, -4.340, -3.281, -2.715, -3.000, -3.234
-2.466, -3.409, -4.012, -2.810, -5.114, -1.801, -2.304, -2.161, -3.757, -3.011
-3.174, -3.110, -2.765, -3.982, -7.673, -3.112, -2.852, -3.091, -3.515, -3.144
-3.278, -2.824, -3.138, -3.624, -1.886, -6.536, -3.075, -2.635, -3.613, -3.207
-3.172, -3.342, -2.899, -2.732, -1.552, -4.240, -3.135, -3.189, -3.281, -3.243
-3.084, -4.375, -3.240, -3.357, -1.515, -4.709, -2.783, -2.923, -3.301, -3.257
-3.453, -3.092, -2.624, -3.277, -8.679, -2.960, -3.185, -3.320, -3.031, -2.942
-3.632, -3.288, -3.375, -3.194, -1.428, -5.927, -3.427, -2.567, -4.090, -3.084
-3.035, -4.037, -3.753, -2.825, -4.096, -1.608, -3.605, -4.037, -3.587, -2.845
-3.149, -2.641, -3.962, -3.545, -6.458, -2.555, -3.408, -2.531, -2.932, -2.943
-3.113, -2.896, -3.249, -3.857, -1.965, -6.002, -3.219, -2.270, -3.649, -3.091
-3.399, -2.952, -2.802, -3.672, -13.255, -4.012, -3.419, -3.904, -3.377, -3.195
-2.838, -2.719, -3.567, -3.418, -6.307, -1.963, -3.451, -3.457, -3.797, -2.961
-3.159, -3.607, -3.428, -4.056, -5.929, -2.032, -3.473, -2.872, -3.357, -3.206
-3.080, -3.066, -3.205, -2.960, -7.110, -3.004, -3.121, -2.844, -3.052, -3.164
-3.215, -3.297, -2.946, -2.507, -1.236, -4.755, -3.027, -2.677, -3.353, -3.089
-3.385, -3.670, -3.179, -4.924, -6.243, -1.968, -3.196, -2.746, -3.045, -3.242
-2.617, -2.985, -4.016, -2.226, -4.338, -2.023, -2.716, -2.175, -2.975, -2.835
-3.367, -3.408, -2.503, -2.711, -1.520, -4.434, -3.445, -4.155, -3.419, -3.287
-3.078, -3.726, -3.427, -3.884, -1.057, -4.500, -3.037, -3.140, -3.405, -3.431
-3.167, -2.999, -2.936, -3.521, -5.874, -2.414, -2.797, -2.988, -3.853, -2.355
-3.641, -3.188, -2.967, -2.554, -2.480, -5.757, -3.422, -3.457, -3.249, -3.322
-3.215, -3.088, -3.229, -3.660, -7.695, -3.059, -2.357, -3.083, -3.539, -3.333
-3.276, -3.476, -3.586, -2.186, -2.027, -5.079, -3.340, -3.508, -3.295, -2.929
-2.609, -3.654, -4.082, -1.563, -4.122, -1.458, -2.316, -2.497, -4.244, -2.995
-2.926, -3.268, -3.063, -3.403, -5.682, -2.192, -3.220, -2.717, -3.195, -2.560
-2.606, -3.337, -3.805, -2.350, -6.699, -2.061, -2.616, -2.410, -3.413, -2.986
-3.172, -3.453, -3.562, -3.987, -1.738, -4.487, -2.518, -3.244, -2.738, -2.864
-3.247, -3.243, -3.089, -3.078, -1.934, -4.890, -2.950, -2.813, -2.858, -2.755
-3.707, -3.744, -2.752, -2.881, -1.612, -4.929, -2.975, -2.766, -3.032, -3.870
-3.302, -3.943, -3.322, -2.986, -1.879, -4.442, -2.741, -3.545, -3.617, -3.035
-3.144, -2.754, -3.073, -4.277, -2.402, -5.640, -2.818, -3.066, -3.258, -2.993
-3.371, -4.090, -3.294, -2.631, -3.946, -6.814, -2.763, -2.896, -3.143, -3.340
-3.426, -3.211, -2.879, -2.484, -2.172, -5.576, -2.838, -2.845, -3.410, -3.322
-2.812, -2.944, -4.259, -2.209, -1.198, -4.528, -2.550, -3.050, -3.453, -3.325
-3.159, -3.022, -2.318, -3.291, -4.829, -1.399, -3.048, -3.569, -3.112, -2.978
-3.334, -3.520, -3.257, -1.923, -0.913, -3.826, -3.954, -3.585, -2.754, -3.357
-3.279, -3.043, -3.138, -2.629, -8.319, -3.197, -2.725, -2.527, -2.641, -3.113
-3.048, -3.695, -3.423, -2.292, -1.288, -5.751, -3.704, -4.052, -2.946, -3.265
-2.545, -3.389, -3.803, -4.199, -7.424, -2.747, -2.386, -3.017, -3.478, -3.061
-4.003, -2.874, -2.342, -3.178, -7.534, -2.705, -4.142, -3.353, -2.957, -3.030
-3.089, -3.147, -3.477, -2.747, -1.840, -4.666, -3.081, -3.266, -2.915, -3.052
-2.978, -2.904, -3.047, -3.080, -7.160, -2.980, -2.920, -3.259, -3.584, -2.908
-3.162, -2.847, -2.966, -3.370, -1.793, -5.004, -3.424, -3.777, -3.455, -2.917
-3.053, -3.136, -3.300, -2.457, -2.346, -6.063, -3.235, -3.359, -3.241, -3.365
-3.198, -3.324, -3.099, -2.144, -0.929, -3.471, -2.903, -2.919, -3.335, -3.214
-3.155, -3.237, -3.382, -2.565, -1.067, -3.998, -3.111, -3.040, -3.651, -3.107
-3.008, -3.265, -3.061, -3.054, -1.212, -4.147, -3.477, -3.039, -3.527, -2.852
-3.382, -3.469, -3.209, -3.010, -5.131, -1.839, -3.429, -3.826, -2.722, -3.103
-3.262, -2.899, -3.545, -2.709, -3.478, -1.331, -3.057, -2.876, -3.053, -2.856
-3.201, -2.869, -3.145, -2.092, -1.928, -4.748, -2.743, -2.962, -2.971, -3.391
-3.074, -3.149, -2.793, -3.696, -10.401, -3.915, -2.949, -3.569, -3.691, -3.285
-3.672, -2.613, -2.638, -3.856, -8.540, -2.378, -3.746, -3.224, -3.074, -3.101
-3.522, -3.584, -3.458, -2.726, -1.576, -5.073, -3.376, -3.283, -3.452, -3.192
-3.059, -3.645, -2.888, -2.598, -8.436, -3.213, -3.337, -2.048, -3.111, -3.065
-2.951, -3.182, -3.064, -2.495, -6.381, -1.921, -2.934, -2.925, -2.496, -3.147
-3.365, -2.809, -2.921, -3.114, -14.809, -4.026, -2.970, -3.104, -2.799, -3.267
-3.589, -3.111, -2.774, -2.804, -2.500, -5.165, -2.618, -2.967, -3.597, -3.149
-3.280, -3.660, -3.693, -3.620, -6.677, -2.848, -3.238, -3.193, -3.373, -3.200
-3.206, -3.295, -3.562, -3.854, -4.920, -2.203, -3.693, -2.902, -3.043, -3.067
-3.247, -4.351, -3.261, -3.298, -1.052, -3.964, -3.255, -2.564, -2.959, -3.088
-2.996, -3.553, -2.716, -4.401, -6.059, -2.288, -2.895, -2.668, -2.958, -3.241
-3.060, -3.642, -3.571, -3.423, -1.472, -4.351, -2.974, -3.145, -2.993, -3.133
-2.841, -3.649, -3.663, -3.486, -5.812, -2.023, -2.755, -3.138, -3.578, -3.060
-2.553, -2.867, -3.793, -3.120, -5.857, -2.640, -2.715, -3.427, -3.804, -2.886
-3.150, -3.519, -3.234, -3.703, -8.242, -3.148, -3.504, -3.153, -3.232, -2.991
-3.108, -3.353, -3.353, -2.781, -1.584, -4.568, -3.363, -3.151, -3.105, -3.074
-3.502, -3.552, -2.743, -2.617, -1.561, -4.746, -2.874, -3.421, -3.713, -3.132
-2.795, -3.279, -2.645, -3.777, -2.218, -5.315, -3.019, -2.749, -3.059, -3.755
-3.078, -2.805, -2.847, -4.082, -16.384, -3.375, -2.881, -3.090, -3.264, -3.053
-3.140, -3.141, -3.420, -4.052, -5.428, -2.302, -3.716, -3.250, -2.938, -2.982
-2.807, -2.914, -3.351, -3.402, -8.513, -2.577, -2.980, -2.831, -3.360, -3.290
-3.882, -3.121, -3.161, -3.688, -1.899, -4.850, -3.229, -4.235, -3.111, -3.639
-2.514, -2.563, -3.264, -3.988, -5.292, -2.072, -3.168, -2.625, -3.304, -2.998
-3.857, -2.817, -2.241, -3.488, -8.852, -2.870, -4.098, -3.688, -2.867, -2.974
-3.291, -3.267, -2.873, -4.468, -4.884, -1.821, -3.489, -2.782, -3.348, -3.105
-3.328, -2.881, -4.307, -2.709, -5.849, -2.677, -4.365, -2.831, -2.785, -3.388
-3.407, -3.341, -3.043, -2.949, -1.462, -4.661, -3.681, -3.203, -3.434, -3.124
-3.610, -3.178, -2.675, -3.608, -9.678, -3.820, -3.572, -3.397, -3.339, -3.020
-3.160, -3.346, -3.581, -2.783, -1.578, -4.904, -2.822, -2.915, -2.959, -3.114
-3.171, -3.392, -3.368, -2.671, -1.809, -5.241, -3.444, -2.594, -3.427, -3.215
-3.041, -3.248, -3.291, -4.041, -2.309, -6.993, -3.133, -2.741, -3.645, -3.142
-3.657, -2.966, -2.108, -2.439, -6.531, -2.357, -4.768, -2.588, -3.038, -3.075
-3.056, -3.534, -3.402, -2.164, -2.461, -5.551, -3.272, -2.831, -2.801, -3.490
-2.846, -2.743, -3.104, -4.218, -2.059, -5.204, -3.376, -2.826, -3.215, -3.647
-3.411, -3.047, -2.830, -2.231, -5.840, -2.099, -3.783, -1.331, -3.372, -3.303
-3.427, -3.134, -2.414, -4.833, -6.385, -1.434, -2.882, -2.832, -3.202, -3.266
-3.564, -2.993, -2.925, -2.936, -2.228, -5.150, -2.620, -2.840, -3.600, -3.569
-3.203, -3.589, -2.587, -3.565, -1.348, -3.998, -4.145, -3.404, -2.633, -2.827
-2.814, -4.016, -3.407, -3.476, -0.802, -3.887, -3.039, -3.162, -3.366, -3.057
-3.472, -2.575, -3.667, -3.045, -2.283, -5.608, -2.409, -3.286, -2.823, -3.215
-3.110, -3.241, -3.313, -4.014, -2.296, -6.318, -3.381, -2.833, -3.487, -3.321
-2.953, -3.155, -3.130, -3.016, -7.211, -2.932, -2.826, -2.555, -3.802, -2.934
-3.594, -3.212, -3.047, -1.949, -1.116, -4.600, -4.676, -2.689, -3.098, -3.039
-2.881, -2.799, -3.054, -2.642, -5.346, -1.783, -2.995, -3.643, -2.976, -3.574
-2.899, -2.242, -2.897, -3.180, -9.729, -2.763, -2.879, -3.220, -3.623, -2.665
-3.121, -2.965, -3.646, -3.296, -8.042, -3.566, -3.507, -3.063, -3.091, -2.956
-2.987, -3.424, -3.119, -2.611, -6.176, -2.339, -3.371, -2.665, -3.591, -3.523
-3.266, -2.634, -3.437, -3.158, -4.480, -1.247, -2.616, -3.286, -3.404, -3.493
-3.521, -2.948, -2.651, -2.105, -5.100, -1.931, -4.377, -2.743, -3.102, -3.175
-3.144, -3.460, -2.724, -2.735, -2.859, -5.223, -3.009, -3.276, -2.978, -3.161
-3.434, -3.394, -3.011, -2.204, -1.048, -3.713, -3.523, -2.901, -2.841, -3.191
-2.947, -2.860, -4.259, -3.358, -6.973, -2.884, -3.056, -3.232, -3.529, -3.020
-4.059, -3.559, -3.329, -4.043, -1.651, -4.829, -3.148, -3.137, -3.674, -3.187
-3.111, -2.774, -3.180, -3.718, -6.172, -2.274, -2.918, -3.351, -3.568, -3.220
-3.249, -3.366, -2.771, -3.719, -12.457, -3.733, -3.185, -3.438, -3.078, -3.070
-3.689, -3.600, -2.773, -4.145, -5.561, -1.672, -2.909, -3.375, -3.481, -3.272
-3.058, -4.070, -3.372, -2.717, -1.138, -4.590, -3.053, -3.344, -3.201, -3.042
-3.011, -3.657, -3.397, -2.614, -5.880, -2.054, -2.776, -3.046, -2.847, -3.533
-3.140, -2.700, -2.661, -5.155, -4.900, -2.027, -2.595, -2.488, -2.523, -3.277
-3.174, -3.414, -2.765, -2.751, -4.353, -1.097, -3.093, -3.389, -2.873, -3.299
-3.150, -3.107, -3.292, -2.169, -2.311, -4.995, -3.258, -3.223, -2.246, -2.870
-3.021, -2.822, -2.996, -3.599, -5.364, -2.149, -3.160, -2.867, -3.367, -3.248
-3.334, -3.292, -3.461, -2.879, -2.344, -5.995, -3.030, -2.696, -3.237, -3.151
-3.611, -3.043, -2.940, -3.096, -5.546, -2.211, -3.258, -2.653, -2.871, -4.270
-2.978, -3.163, -3.405, -2.712, -6.355, -2.743, -3.704, -3.601, -3.234, -2.865
-3.001, -3.432, -3.406, -2.791, -2.397, -5.576, -3.557, -3.384, -2.812, -2.997
-3.330, -2.675, -3.130, -2.099, -4.523, -1.693, -3.433, -2.032, -2.790, -3.587
-3.098, -3.261, -3.136, -2.865, -2.612, -6.760, -2.995, -3.169, -3.109, -3.125
-3.103, -2.927, -3.107, -2.067, -1.614, -4.584, -3.550, -3.254, -3.050, -3.255
-3.239, -4.012, -3.303, -2.309, -2.291, -5.874, -3.521, -3.137, -3.713, -3.698
-2.918, -3.501, -2.876, -3.860, -6.687, -2.032, -3.376, -3.683, -3.427, -2.817
-3.405, -3.025, -2.815, -4.008, -1.742, -5.317, -3.789, -2.967, -3.262, -3.456
-3.125, -2.674, -3.441, -2.052, -5.303, -2.247, -3.284, -2.702, -2.817, -3.011
-2.346, -3.005, -2.915, -3.712, -2.313, -5.424, -3.522, -3.067, -3.029, -4.070
-2.771, -3.434, -2.913, -2.810, -2.170, -5.056, -3.984, -3.348, -3.407, -3.809
-3.063, -3.283, -3.045, -2.944, -2.539, -5.260, -3.200, -2.996, -2.728, -2.749
-3.220, -3.804, -3.137, -2.445, -1.461, -5.495, -3.624, -2.824, -2.314, -3.743
-3.163, -3.336, -3.470, -3.729, -6.676, -2.890, -3.533, -3.131, -2.887, -2.912
-3.805, -3.625, -3.151, -3.141, -2.160, -6.689, -3.026, -2.298, -2.938, -3.090
-2.738, -3.343, -3.372, -2.389, -1.703, -5.098, -3.670, -2.657, -3.085, -3.046
-2.939, -3.087, -2.827, -4.031, -8.095, -3.179, -3.056, -2.885, -3.611, -2.755
-2.933, -3.333, -3.573, -2.786, -7.018, -2.776, -2.775, -2.686, -3.436, -3.387
-3.130, -2.923, -3.393, -3.206, -1.743, -5.441, -3.097, -3.000, -3.099, -3.375
-2.510, -4.294, -3.469, -3.136, -1.507, -4.433, -2.885, -2.588, -3.085, -2.155
-2.865, -3.246, -3.317, -2.606, -1.529, -5.896, -3.649, -3.386, -3.259, -3.164
-3.021, -3.044, -3.190, -3.207, -12.450, -3.617, -2.542, -3.339, -4.035, -3.293
-3.154, -2.688, -3.843, -1.951, -5.496, -2.358, -2.677, -2.285, -3.265, -3.121
-3.343, -3.368, -2.824, -2.706, -4.956, -1.434, -3.598, -2.944, -2.675, -2.886
-2.884, -3.956, -2.742, -3.214, -1.467, -4.503, -3.015, -3.024, -2.945, -2.974
-3.816, -3.808, -3.476, -2.902, -1.531, -4.513, -2.972, -3.752, -3.064, -2.724
-3.440, -2.802, -3.142, -3.934, -4.935, -1.527, -2.950, -3.375, -3.276, -3.042
-3.330, -3.414, -3.308, -3.312, -1.090, -4.139, -3.227, -3.924, -3.330, -3.024
-3.408, -3.280, -3.352, -3.025, -1.511, -4.990, -3.284, -3.205, -3.596, -3.117
-3.003, -3.139, -3.898, -2.730, -4.682, -2.013, -3.330, -3.922, -3.191, -3.079
-3.037, -3.320, -4.040, -3.350, -5.444, -2.038, -3.616, -3.658, -3.359, -3.467
-3.179, -3.867, -2.632, -2.549, -1.433, -5.241, -4.257, -2.649, -3.121, -3.241
-3.403, -3.162, -2.850, -3.620, -11.830, -4.340, -3.014, -3.073, -3.421, -3.047
-3.160, -3.603, -3.472, -2.524, -1.365, -4.889, -3.418, -2.965, -3.679, -3.316
-3.206, -3.307, -3.468, -3.630, -5.775, -1.765, -3.165, -3.806, -3.492, -2.989
-3.514, -3.413, -2.497, -3.273, -2.679, -5.641, -3.433, -3.387, -4.008, -2.989
-3.098, -3.796, -3.134, -3.084, -2.148, -5.133, -3.060, -2.350, -3.063, -3.207
-3.106, -3.912, -3.751, -3.218, -1.081, -4.283, -2.579, -2.754, -3.500, -3.485
-3.426, -3.265, -3.149, -3.367, -9.625, -3.828, -3.178, -3.218, -3.268, -3.312
-3.079, -2.677, -2.823, -3.553, -2.416, -5.340, -3.122, -2.837, -2.984, -3.142
-2.904, -4.726, -3.262, -3.873, -1.028, -4.170, -2.937, -3.117, -3.335, -3.168
-3.384, -3.314, -3.743, -3.589, -2.794, -6.045, -2.624, -3.171, -3.705, -2.914
-3.200, -2.976, -3.389, -3.595, -1.678, -5.331, -3.129, -3.007, -2.978, -3.033
-2.867, -3.327, -3.349, -2.776, -5.045, -2.193, -3.174, -2.743, -3.497, -2.931
-3.389, -3.051, -3.189, -3.758, -5.445, -2.308, -2.946, -2.815, -3.362, -3.211
-3.242, -3.283, -3.528, -3.295, -2.185, -6.173, -3.172, -2.638, -3.348, -3.266
-3.367, -3.965, -3.152, -2.866, -0.686, -3.400, -3.675, -2.678, -3.254, -2.896
-3.428, -3.190, -3.359, -3.779, -2.133, -5.727, -3.025, -2.899, -3.674, -3.198
-3.299, -4.042, -2.760, -2.752, -2.145, -4.819, -3.080, -3.267, -2.953, -3.335
-2.637, -3.375, -2.709, -2.782, -1.586, -4.469, -3.090, -2.943, -3.656, -2.980
-3.452, -4.400, -3.250, -2.634, -1.222, -5.097, -3.555, -3.659, -3.185, -2.994
-3.039, -3.492, -3.119, -2.269, -2.406, -5.898, -3.412, -3.356, -3.035, -3.316
-3.255, -3.406, -3.277, -3.454, -1.246, -3.960, -2.992, -4.114, -3.652, -3.396
-3.286, -3.172, -2.926, -4.216, -5.119, -1.915, -2.966, -3.313, -3.277, -3.145
-3.370, -3.400, -3.729, -1.790, -1.194, -4.711, -3.423, -3.100, -3.526, -3.274
-3.285, -3.111, -2.579, -3.718, -4.318, -1.396, -2.614, -3.952, -3.743, -3.194
-3.325, -2.830, -3.132, -3.266, -2.918, -0.836, -3.164, -3.958, -2.918, -2.779
-2.738, -3.456, -2.059, -3.708, -4.319, -1.191, -2.691, -2.088, -2.862, -2.955
-3.290, -2.782, -2.887, -2.082, -9.530, -2.910, -2.972, -3.194, -3.086, -3.077
-3.176, -3.646, -2.971, -2.912, -1.782, -7.324, -3.239, -2.289, -3.433, -3.303
-3.586, -3.272, -3.453, -3.447, -1.676, -6.089, -2.700, -3.457, -3.168, -3.476
-3.072, -2.392, -2.754, -2.509, -4.867, -0.664, -3.086, -3.149, -2.640, -3.261
-3.476, -2.432, -2.646, -3.839, -4.266, -1.071, -3.140, -3.274, -3.320, -3.360
-2.680, -2.799, -3.081, -3.215, -2.930, -6.131, -3.288, -3.009, -3.564, -3.195
-3.184, -3.971, -3.447, -2.739, -1.474, -6.805, -3.715, -2.511, -3.492, -2.816
-3.036, -3.072, -2.852, -2.992, -1.488, -4.168, -3.584, -4.324, -3.368, -3.314
-3.543, -4.138, -3.122, -2.526, -1.957, -6.049, -3.405, -2.822, -3.649, -3.297
-3.571, -3.304, -3.075, -3.378, -1.753, -6.236, -3.740, -3.203, -2.783, -3.925
-3.061, -3.268, -3.453, -3.076, -4.946, -2.210, -3.381, -3.157, -3.295, -3.009
-3.161, -2.721, -3.069, -4.084, -10.970, -2.521, -2.941, -2.962, -3.288, -3.371
-2.936, -3.507, -3.335, -3.221, -1.640, -4.264, -2.275, -3.629, -3.867, -3.328
-3.412, -3.006, -3.397, -3.862, -2.601, -0.806, -3.223, -3.896, -3.586, -3.365
-3.196, -3.198, -3.366, -2.604, -5.042, -1.935, -3.344, -3.120, -3.097, -2.989
-3.040, -3.522, -2.577, -3.408, -7.783, -2.283, -3.069, -3.165, -3.132, -3.120
-3.030, -2.817, -3.606, -2.739, -1.599, -4.656, -3.055, -2.731, -3.075, -3.212
-2.834, -2.916, -2.707, -3.677, -5.494, -2.073, -3.424, -2.748, -2.926, -3.313
-2.494, -2.860, -3.170, -4.463, -5.987, -2.234, -2.671, -3.289, -3.343, -3.367
-2.943, -3.427, -3.429, -2.598, -0.875, -4.050, -3.480, -3.073, -3.139, -3.156
-2.812, -4.153, -3.742, -2.813, -0.982, -3.996, -2.884, -2.933, -3.662, -2.998
-3.789, -3.111, -3.153, -3.097, -6.869, -2.744, -3.296, -2.499, -3.127, -3.335
-3.315, -3.599, -2.491, -2.687, -2.649, -4.935, -2.686, -2.991, -3.271, -3.229
-2.892, -3.228, -2.393, -2.811, -1.966, -4.579, -2.354, -3.398, -2.754, -3.741
-3.071, -2.984, -3.132, -3.595, -5.193, -1.640, -3.295, -3.584, -3.394, -2.920
-3.230, -2.810, -3.429, -2.630, -2.084, -5.526, -3.568, -2.775, -3.877, -2.864
-3.050, -3.800, -3.795, -2.331, -1.311, -4.398, -3.142, -3.747, -2.732, -3.072
-3.212, -2.942, -3.000, -3.872, -2.144, -5.505, -3.959, -3.150, -3.341, -3.179
-3.058, -2.767, -3.192, -3.914, -2.320, -5.487, -2.968, -2.469, -2.931, -3.395
-2.839, -3.342, -3.066, -3.777, -5.867, -1.586, -2.795, -3.755, -3.214, -3.281
-2.600, -3.490, -3.298, -3.732, -1.837, -6.178, -3.063, -3.485, -3.540, -2.849
-3.471, -3.589, -3.681, -2.610, -6.025, -2.489, -3.417, -3.651, -3.330, -3.151
-3.328, -3.409, -3.177, -3.827, -1.519, -4.585, -3.306, -4.035, -2.771, -3.468
-3.163, -2.951, -2.989, -2.926, -9.547, -3.284, -3.199, -2.662, -3.140, -3.281
-2.963, -2.043, -2.994, -2.100, -6.237, -1.989, -3.068, -2.380, -3.029, -2.989
-3.104, -3.766, -3.507, -3.627, -1.105, -4.044, -3.112, -4.149, -3.239, -3.197
-3.071, -3.216, -3.311, -2.776, -1.226, -4.607, -3.450, -3.989, -3.429, -3.063
-2.737, -2.829, -4.038, -2.838, -7.285, -2.641, -2.924, -3.804, -3.651, -2.637
-3.332, -3.070, -3.750, -3.226, -1.885, -5.319, -3.293, -3.071, -3.596, -3.125
-3.610, -2.916, -3.981, -3.632, -5.634, -2.488, -3.412, -3.389, -3.378, -3.431
-3.209, -3.314, -3.615, -2.658, -1.472, -5.880, -3.149, -2.749, -3.525, -3.246
-3.238, -2.272, -3.171, -2.127, -4.766, -1.465, -2.982, -2.395, -2.923, -3.693
-3.519, -3.497, -3.283, -2.539, -0.833, -4.305, -3.700, -3.293, -3.304, -3.036
-2.722, -3.234, -3.185, -3.740, -4.964, -1.711, -3.398, -2.792, -2.925, -2.562
-3.145, -2.664, -3.210, -4.065, -5.958, -2.079, -3.266, -2.757, -3.769, -3.510
-2.754, -3.364, -3.099, -4.890, -2.317, -5.118, -3.110, -3.273, -2.527, -3.095
-3.023, -2.843, -3.245, -2.738, -7.430, -2.804, -3.248, -2.536, -3.252, -2.994
-2.753, -2.571, -3.085, -3.352, -8.806, -2.587, -2.715, -2.685, -3.123, -3.518
-3.073, -3.289, -3.840, -3.734, -5.757, -2.743, -3.784, -3.095, -3.313, -3.186
-2.776, -2.549, -2.199, -3.625, -2.765, -0.984, -5.179, -3.335, -3.217, -3.764
-2.983, -3.025, -2.802, -3.996, -6.193, -2.187, -3.709, -2.778, -3.558, -3.586
-2.153, -2.676, -3.353, -1.986, -6.222, -2.984, -3.096, -1.773, -3.469, -2.747
-3.393, -2.722, -2.908, -3.114, -5.613, -1.424, -2.976, -2.162, -2.740, -3.301
-2.902, -3.215, -3.262, -3.476, -9.397, -3.838, -2.721, -3.076, -3.241, -3.252
-2.779, -3.594, -4.252, -3.665, -5.333, -1.969, -2.323, -3.640, -3.105, -3.732
-3.147, -2.690, -3.254, -3.358, -5.957, -2.267, -3.624, -3.371, -2.908, -3.085
-3.324, -3.392, -3.140, -3.051, -1.024, -4.216, -3.491, -3.188, -3.270, -3.048
-3.759, -2.859, -3.737, -3.415, -4.206, -1.411, -2.268, -3.503, -2.925, -3.602
-3.098, -3.381, -3.567, -3.039, -1.391, -4.488, -3.093, -3.440, -3.119, -3.602
-3.365, -3.129, -3.538, -2.348, -1.617, -4.483, -2.834, -3.262, -3.015, -3.222
-3.030, -3.565, -3.605, -2.305, -1.266, -4.063, -3.136, -3.357, -2.566, -3.104
-2.835, -2.905, -2.842, -3.138, -1.543, -4.690, -3.348, -4.202, -2.594, -3.052
-3.422, -2.216, -2.306, -2.091, -6.444, -2.083, -3.866, -2.865, -3.170, -2.851
-3.325, -3.471, -2.849, -3.914, -8.761, -3.296, -3.343, -2.884, -2.881, -2.922
-3.264, -3.493, -3.707, -3.851, -6.386, -2.202, -1.986, -3.372, -2.904, -3.457
-3.360, -2.964, -2.946, -3.430, -8.121, -3.326, -3.692, -3.051, -3.169, -3.004
-3.294, -3.831, -3.203, -2.605, -0.704, -3.492, -3.314, -3.109, -3.350, -2.970
-3.036, -3.362, -3.860, -2.613, -5.064, -1.994, -2.872, -3.294, -3.265, -3.215
-3.155, -3.114, -3.272, -2.759, -2.215, -8.379, -3.232, -2.668, -3.006, -3.236
-3.512, -3.628, -2.529, -2.800, -1.594, -4.300, -3.167, -3.067, -3.050, -3.104
-3.035, -2.922, -3.271, -3.437, -5.241, -1.247, -2.996, -3.366, -3.146, -3.422
-2.939, -3.028, -3.444, -2.305, -6.978, -3.001, -3.270, -3.286, -2.636, -3.515
-3.544, -3.658, -3.083, -3.228, -4.553, -1.425, -3.558, -4.265, -3.439, -3.199
-2.835, -3.093, -2.990, -2.970, -10.415, -4.030, -3.116, -2.630, -3.086, -3.262
-3.210, -2.976, -3.980, -2.828, -1.810, -5.526, -3.115, -3.743, -3.026, -3.409
-3.415, -3.478, -3.661, -2.431, -0.983, -3.709, -3.081, -3.653, -3.221, -3.303
-3.111, -2.925, -2.414, -2.571, -7.110, -2.539, -4.623, -2.154, -3.289, -3.308
-3.322, -3.681, -2.952, -3.115, -1.275, -4.838, -3.931, -2.494, -3.838, -3.121
-3.444, -3.853, -3.543, -3.169, -1.108, -3.828, -2.959, -3.281, -2.468, -3.641
-3.079, -3.518, -3.143, -3.143, -6.061, -2.408, -3.334, -2.928, -2.979, -3.073
-3.352, -3.351, -2.711, -3.557, -5.501, -2.003, -3.320, -3.500, -3.088, -2.951
-2.606, -3.592, -3.361, -2.457, -1.759, -4.440, -3.573, -3.258, -3.054, -3.566
-2.131, -3.166, -3.708, -2.687, -6.242, -2.337, -3.305, -2.338, -3.212, -2.763
-3.258, -3.288, -3.087, -3.802, -9.473, -3.743, -3.072, -3.409, -3.358, -3.284
-3.189, -3.480, -3.204, -1.841, -1.150, -4.229, -3.300, -3.271, -2.888, -3.067
-3.496, -3.220, -2.833, -3.445, -2.274, -4.729, -2.311, -2.584, -3.062, -2.887
-2.992, -3.290, -3.023, -2.683, -2.006, -5.232, -3.049, -3.030, -2.973, -2.983
-3.627, -3.386, -3.356, -2.678, -2.591, -5.465, -3.293, -3.076, -3.595, -3.172
-2.724, -3.054, -2.556, -3.467, -2.767, -5.687, -3.041, -3.176, -2.654, -3.315
-3.690, -3.666, -3.089, -3.701, -2.442, -5.534, -2.915, -3.727, -3.524, -3.657
-3.201, -2.982, -2.561, -3.026, -2.606, -6.146, -3.487, -2.932, -3.459, -3.512
-3.065, -3.312, -3.977, -3.022, -6.729, -2.602, -3.353, -3.151, -3.320, -3.568
-3.520, -3.024, -3.236, -3.356, -1.363, -3.899, -2.404, -3.200, -1.875, -4.281
-3.990, -3.024, -3.463, -2.561, -4.139, -1.473, -2.746, -2.924, -2.785, -3.074
-3.576, -3.962, -3.088, -4.129, -1.491, -4.566, -3.392, -2.890, -2.718, -3.290
-3.267, -3.155, -2.876, -2.186, -2.184, -4.927, -2.826, -3.022, -2.896, -2.833
-2.968, -3.883, -2.574, -2.172, -2.001, -5.340, -2.927, -3.734, -3.299, -3.889
-3.479, -2.620, -3.358, -2.622, -4.947, -2.212, -3.925, -1.762, -3.541, -3.564
-2.772, -3.471, -3.571, -3.292, -4.407, -1.558, -2.179, -2.997, -3.708, -3.287
-3.523, -3.046, -3.070, -2.821, -2.262, -5.388, -3.222, -3.977, -2.895, -3.380
-3.399, -4.137, -2.664, -2.891, -2.678, -5.418, -3.793, -3.122, -2.899, -3.015
-2.777, -3.303, -3.171, -3.800, -4.776, -1.430, -2.803, -2.733, -3.969, -2.241
-3.057, -3.344, -3.248, -3.554, -5.115, -2.192, -3.543, -3.121, -2.715, -3.162
-3.216, -3.922, -3.046, -2.877, -2.665, -5.216, -2.840, -3.655, -3.442, -3.066
-3.438, -2.953, -3.013, -3.300, -7.911, -3.388, -3.505, -2.963, -3.334, -3.051
-3.086, -3.033, -2.950, -3.094, -1.105, -4.113, -3.655, -3.179, -2.858, -3.123
-3.571, -3.435, -3.214, -3.882, -5.914, -1.962, -2.853, -2.848, -3.211, -3.162
-2.842, -3.114, -3.954, -3.090, -1.336, -4.114, -2.375, -4.518, -3.168, -3.614
-3.250, -3.654, -3.469, -2.687, -1.883, -6.150, -3.567, -2.530, -3.179, -3.296
-2.948, -2.555, -2.838, -4.541, -3.116, -6.608, -3.164, -3.575, -3.314, -3.370
-3.394, -3.141, -3.178, -4.245, -1.671, -5.151, -3.054, -2.767, -3.682, -3.299
-2.796, -2.987, -4.052, -2.265, -4.833, -2.293, -3.517, -3.224, -3.399, -2.916
-3.729, -3.094, -3.328, -4.159, -2.132, -5.786, -2.893, -3.078, -2.909, -3.341
-3.221, -3.208, -3.575, -3.246, -3.400, -1.386, -3.519, -3.635, -3.177, -3.005
-3.203, -3.345, -3.292, -3.044, -4.884, -1.906, -2.429, -2.855, -2.727, -3.001
-2.647, -3.563, -3.328, -4.411, -7.206, -3.045, -3.217, -3.072, -2.957, -3.021
-3.165, -2.940, -3.728, -4.003, -2.220, -5.646, -3.165, -2.957, -3.177, -3.673
-3.331, -3.673, -3.153, -3.161, -1.665, -4.543, -2.866, -2.768, -3.623, -3.006
-3.301, -3.213, -2.740, -3.314, -8.268, -3.204, -3.243, -2.943, -3.355, -2.912
-3.094, -3.053, -3.074, -3.390, -1.342, -4.398, -3.478, -3.121, -2.947, -3.109
-3.217, -3.014, -3.630, -4.019, -2.176, -5.616, -3.259, -3.824, -2.692, -3.363
-3.104, -2.885, -2.877, -3.130, -1.829, -4.700, -3.474, -3.834, -2.913, -2.864
-2.919, -2.747, -3.663, -3.042, -4.296, -1.667, -3.005, -2.119, -3.734, -3.147
-3.005, -3.113, -3.094, -3.207, -4.241, -1.625, -3.415, -3.743, -3.027, -3.073
-2.610, -3.249, -3.770, -4.044, -5.122, -2.213, -2.502, -2.917, -3.354, -2.893
-3.215, -3.161, -2.784, -3.174, -2.315, -5.832, -3.252, -2.856, -2.975, -3.198
-2.268, -3.407, -3.363, -2.621, -8.960, -3.272, -2.444, -2.615, -3.040, -3.357
-2.952, -3.636, -4.057, -3.239, -0.855, -3.621, -2.172, -2.431, -3.868, -3.462
-2.848, -2.942, -2.726, -3.921, -5.946, -2.519, -3.580, -3.389, -3.191, -3.230
-3.599, -3.409, -2.960, -3.154, -1.385, -4.043, -2.763, -3.601, -3.884, -3.202
-3.417, -2.633, -3.601, -3.852, -2.640, -0.910, -3.588, -3.086, -3.283, -2.949
-3.174, -3.216, -3.295, -3.462, -2.008, -5.487, -3.028, -3.492, -3.339, -3.363
-3.803, -2.854, -2.465, -3.557, -8.324, -3.029, -3.652, -3.235, -3.398, -2.927
-4.061, -2.930, -3.198, -2.477, -5.121, -2.134, -3.376, -2.534, -3.262, -3.252
-3.288, -2.985, -2.828, -2.472, -1.540, -4.465, -3.415, -2.336, -3.710, -3.028
-3.354, -3.259, -2.486, -3.825, -7.426, -2.811, -3.572, -3.699, -2.932, -2.748
-3.581, -3.879, -3.047, -2.401, -0.906, -3.743, -3.380, -3.146, -2.899, -3.889
-3.058, -1.921, -3.500, -2.253, -5.200, -1.937, -2.791, -3.028, -3.595, -3.450
-3.192, -2.847, -3.446, -2.282, -6.318, -2.741, -3.067, -3.062, -3.342, -3.349
-2.945, -3.560, -2.571, -3.330, -2.707, -5.665, -3.576, -2.843, -3.665, -2.970
-3.427, -2.220, -2.954, -2.705, -1.537, -4.721, -4.265, -3.919, -3.160, -3.044
-3.283, -3.514, -2.943, -2.212, -1.709, -4.160, -3.222, -3.521, -3.209, -3.334
-3.597, -2.948, -4.797, -2.835, -1.611, -5.462, -3.158, -2.944, -3.405, -3.312
-3.330, -3.028, -3.587, -2.787, -4.446, -1.901, -3.468, -3.471, -2.751, -3.254
-2.369, -2.777, -2.745, -3.961, -4.993, -2.203, -4.290, -3.282, -4.106, -2.837
-2.400, -2.221, -2.909, -2.998, -6.133, -2.362, -3.971, -2.786, -4.099, -3.072
-3.372, -3.767, -3.412, -2.932, -4.331, -1.806, -3.820, -3.461, -3.468, -2.913
-1.742, -3.116, -3.709, -1.544, -6.153, -2.375, -2.543, -1.991, -3.730, -3.379
-3.752, -3.273, -3.052, -4.407, -1.282, -4.295, -3.416, -3.711, -3.130, -3.847
-3.448, -3.459, -3.301, -2.805, -4.958, -1.761, -3.060, -3.005, -3.016, -2.990
-3.053, -3.235, -2.775, -4.098, -8.474, -2.890, -2.997, -2.902, -3.202, -3.260
-2.547, -3.311, -4.201, -4.980, -5.413, -1.927, -2.039, -3.678, -3.917, -2.522
-3.535, -3.445, -3.316, -3.423, -1.649, -4.780, -3.234, -2.561, -3.820, -3.269
-3.594, -2.854, -2.824, -3.070, -5.502, -2.364, -3.903, -2.831, -3.367, -2.993
-3.172, -3.299, -3.119, -3.016, -9.637, -2.792, -2.704, -2.293, -2.984, -3.733
-3.293, -3.732, -3.160, -2.479, -1.703, -5.176, -3.164, -2.826, -3.308, -3.264
-3.326, -3.920, -2.682, -2.913, -2.224, -5.111, -3.102, -3.047, -3.348, -3.251
-3.777, -3.902, -2.939, -2.500, -1.852, -5.844, -3.186, -3.001, -3.312, -2.944
-2.484, -3.132, -3.316, -2.748, -5.546, -1.557, -2.559, -1.413, -3.170, -3.079
-3.697, -3.175, -3.712, -3.398, -5.069, -2.258, -3.944, -2.754, -2.879, -3.250
-2.848, -3.236, -2.996, -3.692, -9.149, -3.156, -2.781, -2.836, -3.309, -3.024
-2.935, -2.723, -2.895, -2.867, -1.854, -4.468, -2.680, -3.424, -3.059, -3.305
-3.483, -3.594, -3.881, -3.536, -2.137, -5.156, -2.435, -3.397, -3.412, -3.362
-3.371, -3.295, -3.119, -2.622, -2.813, -5.830, -3.346, -3.281, -3.882, -3.313
-3.431, -2.768, -3.109, -3.791, -2.408, -7.209, -3.305, -2.955, -3.397, -2.962
-2.967, -2.677, -3.077, -2.267, -7.163, -3.146, -3.222, -1.522, -3.398, -3.121
-2.820, -3.346, -3.409, -2.585, -4.487, -1.679, -3.420, -2.299, -3.615, -3.462
-2.991, -3.458, -2.663, -4.363, -1.965, -4.775, -3.468, -2.824, -3.281, -4.125
-3.300, -3.999, -3.195, -4.129, -1.536, -4.643, -3.246, -2.596, -3.190, -2.964
-3.059, -3.109, -3.093, -3.081, -1.734, -4.807, -3.136, -2.596, -3.409, -3.150
-3.281, -2.682, -3.435, -3.560, -1.501, -4.813, -3.062, -2.840, -3.542, -3.285
-3.036, -2.953, -2.592, -3.244, -5.504, -1.817, -3.572, -3.180, -2.983, -3.133
-3.499, -3.107, -3.405, -4.258, -1.967, -6.469, -2.945, -3.034, -4.005, -3.464
-3.280, -3.476, -3.230, -3.053, -6.205, -2.394, -3.590, -3.331, -2.984, -3.231
-3.776, -3.797, -2.979, -2.832, -0.673, -3.432, -4.323, -2.531, -2.820, -3.289
-3.041, -3.527, -3.634, -2.336, -1.833, -5.437, -3.659, -3.354, -3.336, -2.946
-3.467, -3.154, -3.276, -1.793, -1.043, -5.021, -3.318, -3.080, -3.371, -3.344
-3.195, -2.696, -3.289, -2.814, -6.622, -3.026, -3.259, -2.769, -3.088, -3.123
-3.275, -3.229, -2.857, -3.882, -6.998, -2.291, -2.969, -3.260, -3.311, -2.749
-2.326, -3.880, -3.064, -3.699, -1.245, -4.021, -3.020, -3.776, -2.398, -3.499
-3.013, -2.679, -2.632, -2.395, -1.919, -4.940, -3.181, -3.146, -3.014, -3.253
-2.999, -3.224, -3.807, -3.808, -6.346, -2.750, -3.222, -2.864, -3.552, -2.923
-3.360, -4.136, -3.112, -2.551, -1.103, -4.245, -3.174, -3.428, -3.024, -2.921
-3.141, -2.525, -3.238, -2.483, -2.158, -5.055, -3.136, -3.157, -2.664, -3.617
-3.488, -3.473, -4.075, -2.412, -1.157, -3.957, -2.790, -3.616, -2.585, -3.122
-3.207, -3.521, -2.930, -2.878, -1.571, -4.783, -3.457, -2.481, -3.491, -2.970
-3.320, -3.311, -2.670, -4.345, -4.292, -1.622, -3.636, -3.331, -3.625, -2.954
-3.362, -2.934, -3.403, -3.996, -8.367, -3.607, -3.652, -3.463, -3.347, -3.145
-3.190, -3.218, -2.338, -4.006, -4.046, -0.989, -3.958, -3.813, -3.762, -3.243
-3.143, -2.943, -3.761, -3.733, -4.753, -2.052, -3.921, -3.326, -3.059, -3.248
-2.609, -3.355, -3.307, -2.865, -7.252, -2.147, -3.185, -3.303, -2.803, -2.803
-2.669, -3.001, -3.125, -3.163, -4.307, -1.647, -3.266, -2.494, -3.232, -2.911
-2.745, -3.173, -3.463, -2.835, -1.379, -4.172, -3.041, -3.918, -3.160, -3.239
-3.119, -3.035, -2.837, -3.019, -4.394, -1.621, -3.251, -3.311, -2.842, -3.265
-2.763, -3.125, -2.944, -3.514, -2.516, -5.992, -3.395, -3.003, -3.012, -3.554
-3.294, -3.259, -3.374, -2.151, -0.748, -3.903, -3.504, -3.253, -3.166, -3.171
-3.093, -3.057, -2.912, -3.540, -1.778, -5.884, -3.537, -3.387, -2.834, -3.065
-2.869, -4.176, -3.009, -3.034, -1.827, -5.137, -2.794, -2.870, -3.441, -3.181
-2.826, -3.429, -3.244, -4.330, -4.403, -1.568, -2.426, -2.503, -3.233, -2.614
-3.648, -3.770, -2.405, -2.923, -2.439, -4.503, -2.365, -3.011, -3.930, -3.577
-2.769, -3.768, -3.156, -3.468, -5.201, -1.504, -2.745, -2.489, -2.660, -2.793
-3.930, -2.971, -2.916, -4.646, -4.566, -1.874, -3.094, -3.208, -4.475, -2.989
-3.193, -2.360, -3.069, -3.634, -2.699, -6.073, -3.232, -3.009, -3.643, -3.142
-3.264, -2.967, -2.812, -3.129, -2.605, -5.530, -3.471, -2.938, -3.158, -3.224
-3.133, -3.319, -2.959, -1.939, -1.782, -4.285, -2.989, -3.785, -3.004, -3.204
-2.993, -2.638, -3.119, -2.981, -5.036, -1.954, -2.759, -3.121, -3.002, -3.099
-3.404, -3.305, -3.399, -2.549, -2.955, -5.478, -2.371, -3.122, -3.294, -3.174
-2.815, -3.396, -4.252, -2.745, -0.980, -4.300, -2.543, -3.279, -3.229, -3.945
-2.876, -3.863, -3.126, -2.335, -2.268, -5.324, -3.205, -2.984, -3.558, -3.268
-3.212, -3.096, -3.157, -2.927, -9.732, -3.712, -3.162, -2.640, -3.472, -3.145
-3.461, -3.610, -3.134, -3.120, -0.878, -4.032, -3.170, -2.903, -3.841, -2.935
-3.095, -3.583, -2.948, -4.340, -4.869, -1.397, -3.084, -3.220, -2.878, -2.703
-3.354, -3.417, -2.611, -4.967, -5.288, -1.400, -3.019, -3.064, -3.267, -3.366
-2.505, -3.916, -3.061, -2.230, -1.550, -4.086, -2.332, -3.104, -2.878, -3.130
-3.316, -3.165, -3.323, -2.412, -4.574, -0.886, -3.000, -2.436, -2.631, -3.700
-3.600, -3.124, -2.520, -3.880, -9.129, -3.255, -3.272, -3.134, -2.725, -3.552
-3.317, -2.937, -2.568, -3.914, -10.212, -3.071, -2.897, -3.074, -3.257, -2.948
-3.155, -2.702, -3.448, -3.254, -1.776, -4.883, -3.293, -3.073, -3.000, -3.456
-3.192, -4.426, -2.878, -2.833, -1.296, -4.232, -3.300, -2.449, -2.950, -2.950
-3.312, -2.801, -2.731, -4.227, -14.570, -3.179, -3.055, -3.096, -3.252, -2.877
-4.257, -3.182, -2.629, -3.311, -6.439, -2.561, -4.769, -2.785, -3.167, -3.258
-4.228, -2.861, -2.659, -3.596, -6.329, -2.704, -3.483, -3.106, -3.440, -2.835
-2.732, -3.018, -2.620, -3.540, -2.389, -5.545, -3.123, -3.785, -3.424, -3.309
-4.354, -3.436, -3.483, -2.875, -2.791, -6.667, -2.625, -2.360, -3.038, -2.666
-3.116, -3.197, -3.520, -2.906, -3.472, -1.019, -2.551, -2.864, -3.060, -3.105
-2.683, -3.961, -3.501, -2.816, -0.669, -3.559, -2.994, -3.669, -2.945, -3.064
-2.973, -3.695, -2.985, -4.034, -1.142, -3.854, -2.642, -2.745, -2.219, -3.346
-2.786, -2.331, -3.777, -2.790, -4.489, -2.245, -3.407, -2.887, -3.326, -3.346
-2.883, -3.161, -3.121, -3.506, -6.134, -1.497, -2.566, -3.998, -3.428, -1.704
-3.069, -3.822, -2.861, -2.237, -2.192, -4.613, -3.172, -3.570, -3.264, -3.320
-2.790, -2.237, -3.736, -3.083, -4.474, -1.843, -3.026, -2.474, -2.850, -2.654
-3.756, -4.576, -2.819, -2.824, -1.327, -5.194, -4.245, -2.947, -2.969, -3.497
-3.197, -3.223, -3.527, -2.985, -5.451, -1.914, -3.279, -3.556, -3.192, -3.014
-2.135, -3.189, -3.152, -3.608, -2.834, -5.810, -3.304, -3.081, -3.837, -3.624
-2.931, -3.845, -3.261, -2.621, -0.680, -3.536, -3.598, -2.595, -3.108, -2.751
-3.183, -2.549, -3.637, -2.762, -5.994, -2.740, -2.893, -2.860, -3.345, -3.277
-3.346, -3.002, -3.000, -2.860, -7.766, -2.505, -3.158, -2.814, -3.185, -3.308
-3.345, -3.124, -3.143, -4.063, -6.973, -2.216, -3.141, -3.617, -3.433, -3.157
-3.365, -3.531, -2.600, -4.134, -1.771, -4.828, -3.640, -3.320, -3.342, -3.073
-3.117, -3.857, -3.057, -2.521, -1.686, -4.333, -3.042, -3.658, -3.186, -3.235
-3.281, -3.663, -3.375, -2.940, -1.318, -5.013, -3.656, -2.994, -3.546, -2.932
-3.414, -3.171, -2.545, -3.403, -8.809, -3.533, -4.017, -3.141, -2.870, -3.060
-2.458, -2.779, -3.443, -3.357, -4.667, -1.778, -2.519, -2.574, -3.984, -2.949
-3.433, -3.348, -3.121, -2.680, -2.265, -5.112, -3.560, -2.860, -3.322, -3.191
-3.441, -3.091, -3.549, -3.806, -2.005, -6.074, -2.779, -2.782, -3.149, -3.413
-3.102, -3.006, -3.246, -3.669, -1.601, -4.536, -2.705, -3.610, -3.814, -2.687
-2.979, -3.433, -3.447, -2.501, -1.262, -4.088, -3.166, -2.945, -3.298, -2.920
-3.043, -4.209, -3.335, -4.094, -3.668, -1.237, -3.833, -3.580, -3.311, -3.364
-3.272, -3.657, -3.074, -2.983, -2.026, -4.574, -2.760, -2.748, -3.276, -3.342
-3.221, -3.099, -3.006, -3.037, -5.866, -2.177, -3.058, -2.929, -3.319, -3.345
-3.262, -3.482, -3.203, -2.423, -4.325, -0.966, -2.962, -1.648, -3.150, -3.463
-3.074, -3.161, -3.223, -3.263, -8.303, -3.230, -3.304, -3.099, -3.217, -3.034
-3.323, -3.016, -3.216, -3.247, -1.282, -4.782, -3.687, -3.608, -3.169, -3.094
-3.103, -3.221, -3.482, -3.341, -8.273, -3.535, -3.516, -2.725, -3.366, -3.196
-3.184, -2.704, -3.129, -3.916, -1.776, -4.764, -2.718, -3.063, -3.290, -2.673
-2.294, -4.897, -3.596, -2.547, -0.783, -4.140, -3.193, -2.689, -2.152, -3.179
-3.100, -2.812, -3.390, -2.498, -2.204, -5.649, -3.342, -3.444, -2.849, -3.116
-3.276, -3.072, -3.112, -3.404, -1.846, -4.756, -3.013, -2.379, -3.214, -3.109
-3.498, -3.425, -3.542, -2.033, -0.847, -3.552, -3.496, -4.155, -3.075, -3.093
-2.552, -3.096, -3.076, -2.955, -9.975, -3.830, -3.105, -2.805, -3.318, -3.167
-4.094, -3.418, -3.949, -3.422, -4.439, -1.728, -3.322, -3.643, -3.524, -3.284
-3.302, -3.071, -3.341, -3.673, -7.607, -3.288, -3.401, -3.526, -3.079, -3.144
-2.922, -2.603, -4.099, -3.090, -7.035, -2.958, -3.375, -2.935, -3.853, -3.275
-3.078, -3.492, -3.491, -3.688, -3.280, -1.207, -3.685, -2.866, -3.279, -3.153
-3.238, -3.096, -2.974, -3.466, -8.458, -3.225, -3.170, -2.378, -3.585, -2.963
-3.338, -3.434, -2.600, -2.956, -5.929, -2.377, -4.003, -2.481, -3.210, -3.388
-3.183, -2.919, -3.159, -3.797, -2.000, -5.309, -3.333, -2.732, -3.642, -3.425
-3.874, -2.722, -3.907, -2.003, -5.299, -2.251, -2.439, -2.802, -3.342, -3.439
-2.984, -3.123, -3.369, -2.964, -2.510, -5.860, -3.103, -3.314, -2.837, -3.067
-3.286, -3.243, -2.795, -2.829, -2.205, -5.685, -3.052, -3.298, -3.325, -3.083
-3.418, -2.754, -3.203, -2.426, -7.036, -2.345, -3.300, -3.411, -2.647, -2.947
-3.320, -2.708, -3.404, -4.542, -3.977, -1.290, -3.348, -3.711, -3.993, -3.258
-2.906, -3.017, -2.373, -2.549, -1.882, -5.104, -2.899, -3.173, -2.957, -3.268
-3.363, -5.049, -2.755, -3.091, -1.578, -3.750, -3.057, -3.271, -2.800, -2.883
-3.049, -2.729, -3.071, -3.357, -6.199, -1.827, -2.849, -2.968, -3.351, -3.169
-2.919, -2.962, -3.806, -2.647, -5.476, -2.123, -3.486, -2.514, -2.878, -3.082
-2.908, -3.664, -3.020, -3.181, -9.177, -3.588, -3.567, -3.210, -2.923, -3.278
-2.757, -4.639, -3.745, -2.502, -3.625, -1.086, -3.735, -2.819, -3.297, -2.710
-3.589, -2.922, -2.525, -2.594, -2.382, -5.084, -3.384, -4.349, -3.470, -2.979
-3.015, -4.145, -3.471, -3.561, -0.872, -3.623, -2.817, -2.862, -3.432, -3.543
-3.148, -2.819, -4.661, -3.771, -5.608, -2.340, -4.136, -2.909, -3.342, -3.249
-3.328, -3.083, -3.419, -3.368, -7.170, -2.701, -3.303, -3.314, -3.165, -3.224
-3.184, -3.074, -3.359, -3.845, -3.591, -1.726, -5.324, -2.986, -3.033, -3.884
-2.955, -4.084, -3.042, -2.830, -1.325, -3.805, -3.291, -3.386, -2.835, -3.220
-3.300, -3.834, -3.036, -2.493, -1.006, -4.101, -2.992, -3.734, -3.339, -3.270
-3.103, -3.388, -3.632, -4.242, -5.297, -2.051, -2.930, -3.538, -3.441, -3.368
-3.237, -3.047, -2.715, -4.141, -14.765, -3.380, -3.067, -3.232, -3.047, -2.837
-3.547, -2.980, -3.299, -4.006, -4.338, -1.804, -3.514, -3.397, -3.352, -3.363
-2.505, -3.519, -3.437, -3.689, -1.921, -5.111, -3.550, -3.206, -3.272, -3.157
-3.242, -4.914, -2.705, -2.939, -1.987, -5.634, -2.777, -2.675, -3.102, -4.052
-3.131, -3.003, -3.008, -3.514, -7.912, -2.737, -3.022, -3.258, -3.046, -3.279
-3.132, -4.146, -2.328, -2.282, -2.356, -5.269, -2.718, -3.045, -3.105, -3.261
-3.523, -2.329, -3.535, -2.853, -3.998, -1.957, -3.679, -3.726, -3.388, -2.664
-3.168, -2.967, -2.947, -4.041, -5.419, -1.851, -3.168, -3.050, -2.917, -2.957
-2.490, -3.343, -3.497, -3.324, -7.350, -2.725, -2.856, -3.186, -3.241, -3.906
-2.877, -2.841, -3.334, -3.707, -5.765, -2.238, -3.571, -3.420, -3.768, -2.244
-3.813, -3.176, -2.609, -2.655, -6.682, -3.014, -4.216, -2.868, -3.693, -2.367
-2.644, -3.436, -3.738, -2.325, -1.420, -4.385, -2.934, -3.568, -2.870, -2.970
-3.793, -3.699, -2.400, -3.297, -1.970, -4.622, -2.680, -2.912, -4.071, -3.522
-3.134, -3.182, -3.216, -4.515, -4.206, -1.770, -3.121, -2.932, -3.320, -3.178
-3.151, -2.943, -2.892, -3.168, -6.292, -1.774, -3.613, -3.209, -3.067, -3.492
-3.071, -3.004, -3.125, -4.543, -2.984, -6.675, -3.197, -2.921, -3.459, -2.940
-3.186, -3.371, -3.521, -2.675, -0.903, -3.779, -3.143, -2.924, -3.079, -3.437
-3.125, -3.240, -3.528, -2.513, -2.167, -5.103, -3.507, -2.885, -3.220, -3.557
-2.270, -2.585, -3.380, -2.860, -5.569, -2.257, -2.513, -2.495, -3.333, -2.909
-3.016, -2.430, -4.719, -3.282, -3.749, -1.973, -2.699, -2.311, -3.353, -3.177
-3.545, -3.416, -2.989, -2.532, -2.169, -4.930, -3.334, -1.997, -3.710, -3.178
-3.437, -3.842, -3.254, -4.086, -2.217, -5.440, -3.274, -4.445, -3.419, -3.344
-3.250, -4.982, -3.045, -3.362, -0.707, -3.086, -3.062, -2.346, -3.180, -3.193
-2.643, -3.397, -2.620, -3.060, -1.772, -5.089, -3.063, -3.414, -2.860, -3.289
-3.185, -2.993, -3.243, -3.361, -2.356, -5.829, -3.062, -2.680, -3.122, -3.047
-3.210, -2.587, -3.001, -3.653, -2.393, -5.670, -3.480, -3.063, -4.059, -3.439
-3.674, -4.017, -2.887, -2.633, -1.288, -4.768, -3.915, -3.385, -2.745, -2.940
-3.389, -3.736, -2.709, -4.146, -5.516, -1.748, -3.090, -2.884, -3.225, -3.260
-3.563, -3.250, -2.611, -3.970, -8.931, -3.308, -3.370, -2.621, -3.190, -3.191
-3.130, -3.191, -2.607, -2.408, -1.686, -4.033, -2.841, -3.040, -3.242, -3.149
-3.523, -3.214, -3.387, -3.066, -1.701, -6.806, -3.362, -3.433, -3.302, -2.935
-2.186, -4.994, -3.242, -2.986, -1.948, -4.141, -3.047, -3.458, -2.544, -3.936
-3.027, -2.811, -3.450, -3.269, -5.819, -2.716, -4.131, -2.612, -3.368, -2.965
-3.060, -2.808, -3.034, -3.400, -5.180, -2.195, -2.868, -3.209, -3.170, -3.111
-2.906, -3.032, -3.722, -2.253, -4.874, -1.970, -3.430, -1.702, -3.342, -3.356
-2.528, -3.523, -3.307, -3.527, -7.864, -2.790, -2.666, -2.643, -2.707, -3.794
-3.107, -3.177, -3.316, -3.375, -7.920, -3.110, -3.375, -2.804, -2.932, -3.488
-3.673, -2.594, -3.327, -3.664, -3.918, -1.284, -2.771, -2.875, -3.411, -2.947
-2.588, -3.955, -3.247, -3.190, -0.874, -4.202, -3.329, -3.417, -2.822, -2.686
-2.994, -3.248, -3.356, -3.435, -2.153, -5.369, -3.323, -3.751, -3.545, -3.407
-2.657, -3.657, -3.349, -1.962, -0.947, -3.921, -3.376, -3.478, -2.940, -3.063
-3.046, -2.897, -3.567, -3.187, -5.060, -2.370, -3.496, -2.853, -3.062, -3.169
-3.344, -3.063, -2.615, -2.406, -1.911, -5.522, -3.944, -3.339, -3.371, -3.024
-3.308, -4.049, -2.572, -2.937, -1.166, -3.856, -3.186, -2.773, -2.972, -2.954
-2.754, -3.161, -3.204, -2.059, -4.448, -1.335, -3.807, -2.821, -2.964, -2.981
-3.010, -3.742, -3.278, -3.741, -4.071, -1.185, -3.175, -2.661, -2.701, -3.005
-3.749, -2.988, -4.069, -3.545, -7.596, -2.738, -3.175, -2.750, -2.792, -3.894
-3.203, -3.746, -3.003, -4.037, -6.404, -2.056, -3.409, -2.932, -3.041, -2.882
-2.867, -3.072, -2.985, -4.149, -1.732, -4.827, -3.263, -3.819, -2.839, -2.766
-2.264, -3.633, -3.092, -2.100, -0.884, -3.512, -3.964, -3.427, -2.606, -3.023
-2.674, -3.108, -2.556, -4.270, -6.684, -2.016, -2.756, -3.271, -3.064, -3.162
-3.251, -3.741, -1.912, -2.996, -2.500, -4.291, -2.479, -2.439, -3.529, -3.762
-3.035, -2.969, -3.262, -2.944, -6.514, -2.954, -3.567, -2.410, -3.746, -3.352
-3.065, -3.060, -3.626, -4.792, -4.371, -2.149, -4.039, -3.481, -3.260, -3.289
-2.900, -3.021, -3.414, -3.380, -2.536, -5.550, -2.932, -2.498, -3.603, -3.208
-2.739, -2.238, -3.028, -2.288, -6.644, -3.173, -3.046, -2.621, -3.531, -2.645
-3.297, -3.801, -3.261, -3.611, -1.340, -4.588, -3.353, -2.022, -3.522, -3.331
-3.298, -3.100, -3.224, -2.900, -1.604, -5.145, -4.009, -2.826, -3.187, -2.977
-3.582, -3.857, -3.388, -2.685, -0.914, -4.739, -3.561, -4.416, -3.230, -3.331
-3.003, -3.528, -3.244, -3.426, -1.634, -5.437, -3.492, -2.572, -2.495, -3.453
-3.223, -2.665, -3.297, -4.049, -2.968, -1.333, -4.148, -3.886, -3.003, -3.324
-2.210, -2.896, -3.620, -3.700, -4.530, -1.766, -2.396, -3.926, -3.577, -3.143
-3.047, -2.800, -3.475, -2.295, -13.110, -3.656, -2.690, -3.352, -2.399, -4.028
-2.933, -3.971, -3.319, -3.773, -0.995, -4.276, -2.848, -2.861, -2.842, -3.438
-3.104, -3.767, -4.496, -3.364, -6.033, -2.816, -4.145, -3.823, -3.219, -3.851
-3.080, -2.491, -3.202, -3.429, -2.236, -5.332, -2.508, -3.323, -3.573, -3.618
-3.154, -3.217, -4.060, -2.047, -1.677, -4.636, -2.935, -3.054, -2.629, -3.281
-3.012, -3.563, -3.645, -2.520, -1.658, -4.304, -2.876, -2.879, -2.597, -2.970
-3.301, -2.565, -2.780, -2.877, -6.323, -1.656, -3.208, -2.913, -3.597, -3.226
-3.280, -2.751, -3.307, -3.868, -5.323, -1.478, -3.256, -3.336, -3.190, -3.082
-3.097, -3.080, -2.802, -2.830, -2.438, -5.297, -3.699, -3.003, -2.797, -3.361
-3.207, -4.234, -3.268, -2.235, -1.338, -5.198, -3.455, -3.467, -3.308, -3.439
-2.918, -4.177, -3.518, -2.395, -0.892, -3.813, -3.297, -3.049, -3.003, -3.362
-2.872, -3.099, -3.053, -2.488, -4.629, -1.731, -3.195, -2.281, -2.888, -3.071
-2.782, -2.783, -3.316, -2.996, -7.655, -3.146, -2.937, -2.601, -3.410, -3.480
-3.707, -3.039, -2.916, -1.581, -5.851, -2.220, -3.573, -2.950, -2.523, -3.610
-3.258, -3.257, -3.038, -3.290, -4.683, -1.826, -3.323, -3.288, -3.192, -3.015
-2.742, -3.118, -3.476, -2.695, -1.360, -4.052, -3.052, -4.692, -3.679, -4.180
-3.053, -3.240, -2.840, -3.671, -7.249, -2.954, -3.299, -2.750, -3.018, -3.017
-3.265, -3.378, -3.241, -3.298, -9.024, -3.475, -2.911, -2.932, -3.241, -3.473
-3.476, -3.073, -4.405, -2.910, -4.672, -1.851, -2.961, -3.588, -3.362, -3.300
-2.854, -4.496, -3.540, -3.839, -1.170, -3.895, -2.955, -2.854, -3.301, -3.112
-2.872, -3.080, -3.257, -2.062, -1.465, -4.367, -2.712, -3.067, -3.169, -3.474
-3.448, -3.109, -2.228, -4.608, -7.112, -1.666, -3.785, -3.002, -3.623, -2.740
-3.304, -2.692, -2.839, -2.554, -8.926, -3.475, -3.211, -3.003, -2.956, -2.978
-3.104, -3.559, -3.237, -3.787, -1.852, -5.161, -3.273, -3.273, -3.139, -3.156
-3.119, -3.763, -3.770, -2.456, -1.644, -5.085, -3.477, -3.147, -2.721, -2.970
-3.130, -4.101, -3.094, -2.724, -1.758, -5.515, -3.309, -3.352, -3.471, -4.081
-3.260, -3.006, -2.890, -3.842, -11.172, -3.308, -3.189, -3.029, -3.248, -3.032
-3.117, -3.403, -3.641, -2.655, -1.442, -5.317, -3.482, -2.645, -3.473, -3.256
-3.379, -3.697, -2.777, -2.269, -1.897, -4.741, -3.473, -3.036, -2.973, -3.251
-3.265, -2.627, -3.554, -3.970, -2.852, -0.978, -3.390, -2.883, -3.290, -3.159
-3.576, -3.340, -3.322, -3.525, -6.610, -2.786, -3.157, -3.445, -3.372, -3.126
-2.565, -4.037, -3.053, -2.982, -2.282, -6.697, -3.413, -2.948, -3.575, -3.152
-3.572, -2.963, -3.529, -3.193, -5.878, -2.780, -4.421, -2.513, -3.031, -3.302
-3.853, -2.972, -2.942, -4.517, -4.762, -1.792, -3.106, -2.832, -3.448, -3.171
-3.528, -3.011, -3.029, -3.769, -7.633, -2.674, -3.116, -3.351, -3.430, -3.053
-3.640, -2.832, -4.049, -2.818, -2.536, -5.497, -2.612, -3.524, -2.392, -3.020
-2.998, -3.913, -2.540, -2.344, -1.967, -4.293, -2.346, -3.106, -3.084, -3.330
-2.775, -4.109, -3.441, -2.021, -2.096, -5.119, -2.987, -3.485, -3.370, -3.728
-2.802, -2.702, -3.317, -2.935, -2.125, -5.702, -3.703, -3.234, -3.283, -2.929
-2.664, -3.013, -3.311, -3.206, -1.237, -3.971, -3.093, -3.426, -2.808, -3.531
-3.184, -3.667, -2.938, -2.617, -2.500, -5.027, -2.911, -3.332, -3.090, -3.296
-3.237, -2.947, -2.575, -2.354, -1.481, -4.139, -3.060, -3.442, -2.792, -3.029
-3.342, -3.010, -2.784, -3.389, -1.684, -5.187, -3.608, -2.367, -3.371, -2.831
-3.610, -2.924, -3.061, -2.721, -7.008, -2.652, -3.707, -2.107, -3.163, -3.133
-3.095, -3.149, -3.653, -2.967, -3.869, -1.669, -3.710, -3.613, -2.929, -3.103
-3.072, -3.385, -2.960, -2.193, -1.551, -4.922, -3.206, -3.495, -3.112, -2.993
-3.832, -2.875, -2.720, -3.106, -8.147, -3.331, -3.836, -2.391, -3.267, -2.687
-3.451, -3.188, -3.231, -4.028, -2.160, -5.577, -3.728, -2.709, -3.688, -3.100
-2.411, -3.783, -3.362, -2.933, -1.202, -4.364, -3.121, -3.694, -3.275, -3.431
-3.010, -3.775, -3.461, -2.413, -1.882, -5.479, -3.974, -2.848, -2.825, -3.335
-2.942, -3.292, -3.310, -3.309, -1.754, -4.696, -3.105, -3.435, -2.817, -2.925
-3.195, -3.426, -2.762, -4.057, -1.699, -4.992, -3.472, -2.432, -3.194, -3.296
-3.599, -3.590, -3.366, -2.619, -0.915, -4.218, -3.521, -3.710, -2.996, -2.949
-3.535, -3.875, -3.922, -2.062, -1.394, -4.531, -3.016, -4.042, -2.532, -2.968
-2.777, -3.839, -3.462, -2.465, -0.712, -3.427, -3.271, -3.363, -2.825, -3.040
-2.798, -3.776, -3.481, -2.442, -1.841, -6.955, -3.253, -3.200, -2.844, -3.321
-3.144, -2.653, -3.556, -2.394, -1.190, -4.228, -3.535, -3.620, -3.192, -3.011
-3.045, -2.897, -3.600, -3.677, -2.581, -6.039, -3.063, -2.582, -3.661, -3.075
-3.172, -3.751, -3.440, -1.868, -1.429, -5.993, -2.981, -2.915, -3.151, -3.198
-2.984, -3.471, -3.224, -3.560, -7.379, -2.450, -3.190, -3.161, -2.764, -3.381
-2.625, -2.660, -3.367, -2.952, -2.143, -5.866, -3.210, -3.351, -3.753, -3.356
-3.194, -3.159, -3.177, -2.762, -7.862, -2.923, -3.042, -2.820, -2.800, -3.376
-2.640, -3.631, -3.683, -3.637, -5.219, -2.052, -2.147, -2.831, -3.469, -3.053
-3.353, -3.425, -3.086, -2.558, -1.663, -4.506, -3.103, -2.669, -3.304, -3.078
-3.434, -3.305, -3.540, -3.706, -1.683, -5.821, -3.001, -2.505, -3.213, -3.352
-3.332, -2.710, -2.644, -3.019, -2.433, -5.557, -2.331, -3.680, -2.924, -3.324
-3.485, -3.057, -3.373, -3.032, -7.733, -2.969, -2.818, -2.936, -3.773, -3.254
-2.569, -3.528, -3.348, -2.239, -1.273, -4.052, -3.012, -3.252, -2.571, -2.862
-3.283, -2.793, -3.433, -2.556, -8.588, -2.913, -3.114, -2.726, -3.320, -3.227
-3.318, -3.216, -2.909, -2.927, -1.935, -6.052, -3.164, -2.660, -3.677, -3.253
-2.858, -2.905, -3.267, -3.479, -5.310, -2.367, -3.148, -3.424, -3.349, -2.916
-3.175, -3.367, -2.927, -3.146, -8.372, -3.412, -4.003, -3.091, -3.263, -2.768
-2.988, -3.322, -3.024, -3.337, -9.628, -3.460, -2.411, -3.775, -3.547, -3.259
-2.899, -3.736, -3.808, -2.196, -1.282, -3.935, -2.623, -3.926, -3.259, -3.051
-3.073, -3.179, -3.645, -4.056, -5.530, -2.026, -2.561, -2.951, -3.303, -3.999
-3.378, -3.950, -3.595, -2.721, -1.664, -5.107, -2.899, -3.180, -2.574, -3.038
-2.808, -3.650, -3.273, -3.106, -7.021, -2.471, -3.112, -2.993, -2.796, -3.272
-3.708, -2.915, -3.090, -2.695, -1.938, -4.753, -2.556, -3.454, -3.899, -3.858
-2.907, -2.455, -3.584, -4.017, -2.463, -5.978, -3.280, -2.990, -3.304, -3.266
-2.884, -2.613, -3.715, -3.041, -7.846, -2.682, -3.133, -3.211, -3.269, -3.552
-3.217, -3.320, -3.379, -3.226, -1.524, -5.414, -2.948, -3.106, -3.097, -3.493
-3.478, -2.398, -3.205, -3.148, -4.983, -2.489, -4.048, -2.530, -2.800, -3.259
-3.378, -4.116, -3.023, -3.358, -1.297, -3.744, -2.560, -3.462, -3.576, -3.695
-2.914, -2.917, -2.922, -2.556, -8.429, -2.240, -3.239, -2.723, -2.712, -3.303
-2.695, -4.177, -3.018, -4.243, -1.461, -4.258, -3.161, -3.003, -3.056, -2.437
-3.365, -2.927, -2.659, -4.180, -13.782, -3.200, -3.196, -3.267, -3.142, -2.715
-3.167, -2.317, -2.893, -3.558, -10.222, -3.004, -3.063, -3.295, -3.289, -2.832
-3.409, -2.978, -3.813, -3.107, -6.019, -2.537, -2.987, -3.166, -3.055, -3.652
-3.778, -3.322, -2.270, -3.274, -2.866, -5.904, -2.507, -3.131, -3.614, -3.427
-2.870, -3.615, -2.904, -2.207, -2.626, -5.113, -3.119, -3.979, -3.731, -3.637
-3.584, -3.580, -3.224, -2.257, -0.726, -3.563, -3.739, -3.433, -3.147, -3.048
-3.215, -3.443, -3.047, -2.795, -1.947, -5.549, -3.918, -2.827, -2.925, -3.358
-3.275, -3.092, -2.760, -3.794, -6.215, -2.388, -3.486, -2.923, -3.535, -3.038
-4.303, -3.109, -3.526, -3.432, -6.328, -2.743, -2.555, -2.572, -3.199, -3.195
-3.510, -3.233, -2.821, -2.829, -6.490, -2.470, -3.429, -2.390, -2.851, -3.833
-2.650, -2.460, -3.895, -1.803, -5.441, -2.501, -2.167, -2.356, -3.327, -2.792
-3.249, -3.160, -5.719, -5.073, -4.154, -2.509, -4.009, -3.230, -3.575, -3.491
-3.173, -2.912, -3.502, -4.080, -6.298, -1.922, -3.150, -3.272, -3.259, -3.602
-3.356, -3.553, -3.753, -2.167, -1.743, -5.314, -3.503, -3.570, -3.269, -3.810
-3.496, -3.477, -2.773, -4.516, -1.322, -4.288, -3.631, -2.174, -3.735, -3.192
-3.510, -3.258, -3.211, -2.404, -1.651, -5.132, -3.389, -4.318, -3.254, -3.044
-2.993, -2.494, -2.901, -2.393, -5.574, -1.211, -3.590, -2.182, -2.740, -3.244
-3.027, -2.678, -3.335, -2.181, -8.117, -3.323, -2.777, -2.851, -3.918, -3.198
-3.091, -2.840, -2.655, -3.930, -9.564, -3.173, -2.978, -3.310, -3.184, -2.926
-3.347, -3.400, -2.980, -3.441, -1.933, -4.736, -2.893, -2.497, -4.076, -3.392
-3.149, -3.258, -3.062, -2.998, -7.444, -3.021, -3.395, -2.932, -2.841, -2.977
-3.068, -3.484, -2.826, -4.203, -2.290, -5.312, -3.086, -2.342, -3.241, -2.961
-3.117, -2.487, -3.056, -3.609, -2.491, -5.721, -3.281, -2.872, -2.872, -2.705
-3.326, -3.808, -3.333, -2.190, -1.227, -6.026, -3.870, -3.166, -2.998, -3.012
-3.503, -2.995, -3.124, -3.249, -4.946, -1.568, -2.869, -3.661, -3.377, -3.277
-3.300, -3.202, -3.015, -4.711, -5.312, -1.957, -4.040, -2.779, -3.273, -3.249
-4.551, -3.397, -2.270, -4.908, -6.506, -1.915, -3.433, -3.448, -3.186, -3.520
-2.733, -3.028, -4.362, -3.461, -4.985, -2.293, -2.243, -2.545, -4.298, -2.786
-3.553, -4.614, -2.718, -2.930, -1.101, -4.181, -4.107, -2.938, -3.000, -2.874
-3.560, -3.698, -3.213, -3.353, -1.207, -5.300, -3.116, -3.367, -3.697, -2.910
-3.109, -2.838, -3.209, -3.514, -2.283, -5.255, -2.521, -3.459, -3.005, -3.440
-3.453, -3.572, -3.766, -2.454, -1.888, -6.283, -3.234, -3.103, -3.344, -3.169
-3.264, -3.198, -3.114, -3.320, -1.808, -4.816, -3.409, -2.478, -3.733, -3.180
-2.430, -2.795, -3.195, -3.098, -5.423, -2.151, -1.842, -2.965, -3.749, -3.128
-2.839, -3.555, -3.117, -3.656, -6.028, -2.115, -3.859, -3.081, -2.521, -2.669
-3.427, -4.153, -2.916, -3.577, -1.659, -4.377, -3.623, -2.741, -3.023, -2.917
-3.074, -2.873, -2.950, -3.494, -6.901, -2.537, -3.937, -2.678, -3.277, -3.727
-3.386, -3.676, -2.480, -2.738, -3.132, -5.713, -3.593, -3.619, -3.774, -2.503
-3.750, -3.783, -3.704, -2.910, -5.525, -2.268, -3.712, -3.561, -3.184, -3.140
-3.170, -3.011, -3.119, -3.182, -2.143, -5.261, -3.646, -3.055, -3.294, -2.999
-3.166, -2.855, -3.764, -2.981, -5.471, -1.998, -3.726, -2.478, -2.815, -2.644
-3.304, -3.569, -3.167, -2.741, -1.972, -4.878, -3.447, -2.642, -3.328, -2.972
-3.521, -3.448, -3.244, -2.327, -0.840, -3.876, -3.665, -3.172, -3.275, -3.072
-2.705, -3.084, -3.473, -3.897, -1.535, -4.939, -4.017, -2.916, -3.534, -2.807
-3.444, -3.019, -3.024, -2.614, -7.592, -2.691, -3.233, -2.885, -2.741, -2.793
-3.096, -3.635, -3.493, -3.956, -6.688, -2.680, -3.450, -3.987, -3.615, -3.253
-3.018, -2.869, -3.426, -2.937, -1.942, -5.094, -3.254, -2.660, -3.154, -3.513
-3.063, -2.829, -3.311, -3.051, -2.282, -0.608, -3.223, -3.367, -3.146, -3.329
-3.455, -3.382, -3.592, -3.522, -9.186, -3.245, -3.631, -3.068, -2.905, -3.319
-3.537, -3.412, -3.651, -2.766, -1.452, -5.522, -3.172, -3.811, -2.662, -2.967
-3.457, -3.135, -2.965, -3.533, -2.038, -4.954, -3.437, -3.957, -3.318, -3.029
-3.448, -3.771, -3.054, -3.717, -4.601, -1.530, -3.276, -2.515, -2.766, -3.578
-2.877, -2.967, -2.919, -2.855, -5.018, -2.131, -4.213, -3.889, -3.251, -2.682
-3.259, -3.286, -2.382, -2.301, -1.907, -4.441, -2.660, -3.063, -3.195, -3.102
-3.866, -2.973, -3.392, -2.664, -2.193, -5.287, -3.445, -3.172, -3.232, -3.601
-3.174, -3.688, -2.583, -4.752, -4.852, -1.676, -3.151, -3.340, -3.227, -2.853
-3.123, -3.076, -3.012, -3.065, -7.247, -2.964, -4.013, -2.508, -3.308, -3.356
-2.715, -2.611, -2.918, -2.917, -4.416, -1.571, -3.595, -3.134, -3.381, -2.981
-2.993, -3.145, -3.085, -3.007, -2.699, -5.846, -3.326, -2.973, -3.057, -3.313
-4.167, -2.793, -3.519, -1.730, -3.511, -0.904, -3.191, -2.736, -2.381, -3.192
-2.997, -3.754, -3.150, -2.388, -1.894, -6.140, -3.848, -3.254, -3.207, -3.363
-3.287, -2.647, -3.057, -3.192, -4.081, -1.770, -3.464, -3.647, -2.941, -2.979
-3.398, -3.698, -2.244, -3.720, -9.926, -3.114, -3.276, -2.773, -2.842, -3.175
-4.634, -2.605, -3.364, -2.330, -4.760, -1.922, -2.620, -2.514, -2.304, -3.062
-2.813, -2.843, -2.759, -2.710, -2.393, -5.846, -3.502, -3.328, -2.663, -2.407
-2.522, -5.009, -2.946, -3.877, -0.846, -3.394, -3.256, -2.402, -2.852, -3.239
-3.459, -3.616, -3.422, -2.833, -1.426, -4.033, -3.264, -3.124, -2.195, -4.077
-2.705, -3.006, -3.761, -3.305, -3.365, -1.449, -3.042, -3.429, -3.622, -3.100
-3.139, -3.418, -3.061, -3.402, -1.242, -3.933, -3.187, -3.301, -3.149, -3.066
-2.947, -3.017, -3.237, -3.118, -8.351, -2.811, -2.684, -2.670, -3.301, -3.490
-2.831, -4.130, -2.597, -2.850, -1.619, -3.890, -3.152, -2.948, -2.742, -2.774
-3.086, -3.349, -3.449, -2.667, -3.829, -1.344, -3.105, -3.344, -2.558, -4.014
-3.052, -3.124, -3.161, -3.354, -6.997, -2.749, -3.596, -2.298, -2.720, -3.323
-2.918, -2.435, -2.595, -4.426, -4.890, -1.300, -4.052, -3.080, -3.358, -4.201
-3.048, -3.603, -2.944, -2.961, -6.563, -2.522, -3.272, -3.250, -3.646, -2.701
-3.066, -3.975, -3.076, -2.326, -0.910, -4.137, -3.576, -3.170, -2.571, -3.600
-3.176, -2.942, -3.495, -2.617, -1.746, -4.797, -3.182, -2.872, -2.939, -3.314
-2.867, -2.874, -3.534, -4.126, -2.246, -6.291, -2.697, -2.816, -3.000, -3.110
-3.134, -3.650, -3.463, -2.313, -1.079, -4.660, -3.349, -2.762, -3.465, -2.951
-3.109, -3.254, -3.789, -3.132, -6.207, -2.120, -3.277, -3.128, -2.896, -2.913
-3.492, -2.607, -3.391, -3.076, -2.369, -6.161, -3.134, -3.031, -3.364, -3.198
-2.985, -3.256, -3.524, -3.409, -1.948, -5.383, -2.807, -2.826, -2.324, -2.786
-3.245, -3.014, -3.336, -3.006, -3.787, -1.425, -3.576, -2.657, -2.746, -3.010
-2.736, -3.147, -3.455, -2.833, -1.412, -4.206, -3.021, -3.721, -3.154, -3.269
-3.219, -3.029, -2.977, -4.020, -7.467, -3.063, -2.889, -2.690, -2.958, -3.246
-3.630, -3.740, -2.890, -3.294, -1.851, -4.679, -3.282, -2.852, -3.236, -3.209
-2.738, -2.949, -3.267, -2.445, -1.601, -4.880, -3.430, -2.840, -3.256, -3.281
-2.779, -2.758, -3.021, -2.720, -2.784, -5.673, -3.249, -3.519, -3.022, -3.181
-2.957, -3.444, -3.349, -2.700, -1.329, -4.010, -3.218, -3.828, -3.289, -3.006
-3.277, -3.558, -3.214, -3.076, -1.119, -4.000, -2.950, -2.310, -3.646, -3.243
-3.707, -3.104, -3.190, -3.457, -6.624, -2.827, -4.236, -3.512, -3.026, -2.972
-3.289, -4.316, -3.678, -3.301, -1.274, -4.001, -3.218, -3.521, -2.861, -2.738
-3.661, -3.165, -2.625, -2.897, -6.452, -2.459, -3.878, -2.922, -3.176, -3.109
-3.097, -2.818, -3.257, -3.257, -12.945, -4.071, -2.869, -3.294, -3.295, -3.392
-3.380, -4.029, -3.224, -5.259, -1.025, -3.953, -2.909, -3.175, -2.833, -3.665
-3.076, -2.992, -3.055, -2.611, -2.444, -5.325, -3.112, -3.069, -3.194, -3.419
-3.359, -2.448, -2.616, -2.930, -2.456, -5.635, -2.738, -3.028, -3.093, -2.939
-3.581, -3.750, -2.855, -2.930, -1.965, -5.565, -3.064, -3.562, -3.172, -2.929
-3.966, -3.385, -3.288, -3.444, -4.995, -1.625, -3.257, -3.076, -2.729, -3.195
-2.881, -3.488, -3.242, -2.763, -2.144, -5.355, -3.321, -3.065, -2.581, -3.769
-3.466, -2.974, -3.334, -3.182, -8.557, -2.938, -2.583, -2.859, -3.862, -4.212
-2.430, -2.849, -2.943, -2.791, -1.974, -5.870, -3.821, -3.615, -2.957, -3.105
-3.106, -3.114, -2.977, -3.603, -4.650, -1.499, -2.806, -2.641, -3.239, -3.364
-2.545, -2.401, -3.443, -3.559, -2.414, -6.068, -3.125, -3.156, -3.617, -3.920
-2.895, -2.985, -3.172, -3.571, -2.247, -5.072, -2.864, -2.833, -3.062, -2.974
-2.811, -2.619, -3.185, -3.155, -5.569, -2.031, -3.095, -2.395, -3.037, -3.392
-3.017, -3.449, -2.740, -2.645, -1.938, -4.245, -2.816, -3.065, -3.009, -3.166
-3.088, -3.325, -2.815, -4.163, -4.329, -1.469, -3.390, -2.691, -2.704, -2.867
-3.083, -2.717, -3.513, -2.864, -2.450, -5.618, -3.355, -2.703, -2.963, -3.070
-3.303, -3.308, -2.957, -3.079, -4.095, -1.496, -3.575, -3.330, -2.898, -3.021
-3.233, -3.398, -2.315, -2.311, -1.717, -3.876, -2.634, -3.241, -3.348, -3.172
-3.225, -3.152, -3.122, -3.503, -14.956, -4.113, -2.879, -3.162, -3.107, -3.240
-3.330, -2.542, -3.459, -2.133, -4.372, -2.074, -2.985, -3.257, -3.433, -1.886
-3.292, -3.133, -3.244, -2.228, -1.292, -5.067, -3.616, -2.884, -2.897, -3.627
-3.072, -3.411, -3.805, -3.332, -7.332, -2.964, -1.984, -3.138, -3.800, -2.815
-3.247, -3.274, -2.763, -2.825, -1.773, -4.443, -2.792, -3.216, -3.292, -3.199
-2.688, -3.415, -3.136, -4.719, -5.881, -1.876, -3.065, -2.576, -2.556, -3.632
-3.417, -3.031, -3.235, -3.088, -1.765, -4.972, -2.965, -2.485, -3.995, -3.201
-2.828, -3.547, -3.131, -2.475, -1.941, -4.658, -2.520, -3.008, -2.952, -3.436
-3.605, -3.746, -2.919, -3.083, -2.377, -5.308, -2.684, -2.666, -3.446, -3.601
-3.065, -2.994, -3.119, -2.813, -2.221, -6.132, -3.273, -3.104, -2.991, -2.704
-3.269, -3.833, -3.406, -1.864, -1.427, -6.086, -3.593, -4.100, -2.977, -3.151
-3.233, -2.972, -3.399, -3.549, -6.659, -2.850, -3.135, -2.649, -2.984, -3.470
-3.192, -2.947, -3.205, -4.337, -2.808, -6.042, -2.777, -2.661, -2.895, -2.313
-3.209, -2.738, -4.038, -3.085, -5.500, -2.689, -3.938, -3.505, -3.068, -3.054
-3.272, -3.399, -1.531, -3.483, -2.630, -4.550, -2.222, -3.358, -4.070, -3.295
-3.207, -3.386, -3.136, -2.457, -1.796, -5.334, -3.501, -3.174, -3.569, -3.062
-3.408, -2.144, -3.492, -2.760, -5.297, -2.028, -2.352, -3.719, -3.610, -3.544
-2.923, -3.269, -3.166, -2.469, -1.194, -4.124, -3.511, -3.858, -2.734, -2.995
-3.069, -3.180, -3.678, -2.743, -2.069, -5.038, -3.046, -2.998, -2.891, -3.661
-3.102, -2.863, -3.608, -3.277, -3.962, -1.507, -2.766, -3.366, -3.203, -3.250
-3.936, -2.850, -2.789, -3.195, -4.081, -1.401, -4.244, -3.017, -2.436, -3.447
-3.270, -3.318, -3.517, -2.692, -2.185, -5.237, -3.001, -2.606, -2.939, -3.428
-3.584, -4.355, -3.194, -2.952, -1.372, -4.626, -3.432, -2.790, -2.683, -3.505
-2.934, -3.134, -3.362, -2.362, -4.466, -1.806, -3.570, -3.158, -2.538, -2.727
-3.715, -3.111, -2.626, -3.930, -4.795, -1.652, -3.212, -3.062, -3.227, -2.637
-3.404, -2.632, -3.887, -2.495, -6.838, -2.934, -2.152, -2.702, -3.338, -3.475
-3.481, -3.359, -3.296, -2.922, -2.099, -5.500, -3.291, -3.244, -3.221, -3.428
-3.781, -2.752, -3.871, -1.550, -4.899, -1.811, -3.257, -2.712, -3.893, -3.056
-3.396, -2.991, -2.410, -3.119, -2.823, -5.652, -2.501, -2.855, -3.228, -3.115
-2.939, -3.201, -2.635, -2.523, -2.262, -4.547, -3.135, -3.520, -2.771, -3.436
-3.512, -2.952, -3.194, -2.776, -1.554, -4.772, -2.489, -2.577, -3.288, -3.458
-3.061, -3.746, -2.765, -3.763, -1.871, -5.127, -3.477, -4.243, -2.973, -2.868
-3.097, -3.004, -3.276, -3.285, -5.267, -2.223, -2.957, -3.197, -3.004, -3.210
-3.362, -4.409, -2.785, -3.471, -6.706, -2.450, -3.609, -2.439, -3.671, -2.773
-3.387, -2.994, -3.243, -3.997, -5.674, -2.379, -3.132, -2.954, -3.382, -3.303
-3.090, -3.751, -3.492, -2.683, -2.156, -5.797, -2.959, -2.770, -2.667, -3.473
-3.378, -2.893, -3.595, -3.995, -1.695, -5.476, -3.155, -2.595, -3.739, -3.328
-3.071, -3.473, -2.878, -2.554, -1.594, -4.517, -3.603, -2.798, -2.887, -3.210
-3.238, -3.492, -2.980, -3.220, -11.083, -4.207, -2.803, -2.799, -3.341, -2.965
-3.054, -2.809, -2.718, -4.694, -5.489, -2.449, -3.436, -3.689, -3.328, -2.851
-3.417, -2.970, -3.079, -3.908, -1.897, -4.956, -2.983, -2.746, -3.538, -3.039
-3.236, -2.733, -3.028, -4.241, -6.665, -2.408, -3.037, -3.268, -3.122, -3.321
-3.346, -3.298, -3.901, -2.684, -1.335, -3.862, -2.688, -3.466, -2.214, -4.217
-3.485, -2.992, -3.029, -4.482, -9.694, -3.218, -2.775, -2.993, -3.197, -3.386
-4.020, -2.449, -3.424, -2.981, -2.285, -5.966, -2.906, -3.071, -3.940, -3.101
-2.932, -3.357, -3.656, -3.169, -5.736, -2.367, -3.193, -2.255, -2.674, -3.496
-3.384, -3.364, -3.411, -2.992, -0.887, -4.007, -3.342, -4.496, -3.397, -3.181
-3.274, -2.970, -3.275, -2.986, -6.453, -2.666, -2.892, -2.883, -2.872, -3.370
-3.845, -2.803, -3.090, -3.922, -4.797, -2.079, -3.951, -2.586, -3.326, -3.455
-3.130, -3.826, -4.542, -2.911, -1.590, -5.383, -3.489, -2.871, -3.219, -3.065
-3.253, -3.155, -2.573, -4.629, -5.989, -1.441, -2.767, -2.811, -3.258, -3.219
-3.130, -3.286, -3.761, -3.032, -6.618, -3.022, -3.603, -2.525, -3.161, -3.112
-2.913, -2.505, -3.136, -3.143, -3.381, -1.346, -3.292, -2.773, -3.229, -3.086
-3.342, -3.116, -3.355, -3.267, -5.339, -1.864, -2.955, -3.506, -3.063, -3.252
-3.400, -2.877, -3.283, -2.490, -2.322, -5.176, -2.631, -2.956, -3.037, -2.912
-3.216, -3.042, -3.298, -5.299, -2.218, -5.804, -2.573, -3.962, -3.196, -3.169
-3.126, -3.723, -3.110, -3.432, -5.662, -2.047, -3.362, -3.077, -3.171, -2.918
-3.052, -3.476, -3.467, -2.534, -1.709, -5.532, -3.138, -2.870, -3.168, -3.347
-2.519, -3.038, -3.297, -3.936, -1.748, -4.682, -3.141, -3.819, -2.909, -3.492
-3.042, -2.952, -2.826, -2.920, -8.152, -3.212, -3.171, -2.583, -3.185, -3.033
-2.633, -4.272, -2.683, -5.056, -1.190, -4.128, -3.437, -2.273, -3.052, -2.877
-3.506, -3.871, -3.270, -3.178, -0.958, -3.637, -3.430, -2.773, -2.730, -3.781
-3.165, -2.603, -5.101, -2.391, -1.855, -5.107, -2.410, -2.824, -2.854, -3.988
-3.520, -3.224, -3.270, -3.397, -2.253, -5.958, -3.171, -2.997, -3.521, -3.232
-3.326, -2.948, -3.405, -3.774, -1.913, -5.163, -3.151, -2.475, -3.266, -3.473
-3.241, -3.324, -3.118, -2.175, -1.888, -4.699, -3.221, -3.022, -3.219, -3.196
-3.087, -3.309, -3.362, -3.647, -4.981, -1.826, -3.499, -3.855, -2.923, -3.112
-3.080, -2.923, -3.894, -3.240, -7.324, -3.483, -2.822, -2.922, -3.504, -2.807
-3.307, -3.489, -2.742, -3.381, -11.726, -4.113, -3.402, -3.132, -3.652, -2.781
-3.524, -2.997, -3.620, -2.320, -4.680, -1.506, -2.859, -2.415, -2.919, -3.884
-2.856, -3.197, -3.631, -3.252, -6.084, -2.481, -3.000, -3.581, -3.173, -3.348
-3.238, -3.334, -3.989, -2.253, -6.916, -2.576, -2.330, -3.518, -3.961, -2.843
-3.004, -2.951, -2.872, -1.843, -6.039, -1.505, -3.625, -2.915, -2.634, -2.966
-2.488, -3.164, -3.430, -3.040, -1.345, -4.163, -2.946, -3.723, -2.704, -3.495
-2.676, -4.108, -3.466, -3.176, -0.565, -3.058, -2.876, -3.124, -2.654, -3.110
-3.429, -4.035, -3.508, -3.273, -2.089, -4.868, -2.734, -3.127, -1.911, -3.249
-3.276, -3.155, -3.185, -3.726, -4.724, -1.860, -3.120, -3.023, -3.319, -3.189
-3.248, -4.541, -3.279, -3.185, -0.978, -3.775, -3.193, -2.710, -3.155, -2.590
-2.865, -2.909, -2.463, -2.655, -2.696, -5.101, -2.709, -3.155, -3.297, -3.274
-3.303, -3.574, -3.501, -3.183, -1.070, -4.153, -3.078, -2.671, -3.401, -3.224
-3.226, -3.151, -3.026, -3.440, -8.084, -2.982, -2.884, -3.121, -3.283, -3.191
-2.957, -2.929, -3.316, -3.874, -1.687, -4.876, -3.019, -3.965, -3.302, -3.026
-2.873, -2.429, -3.398, -3.200, -3.807, -1.089, -2.811, -2.697, -2.685, -2.921
-2.817, -3.348, -3.321, -2.618, -5.535, -2.344, -3.911, -2.313, -3.328, -2.276
-3.312, -2.640, -3.000, -3.484, -4.300, -1.817, -3.435, -3.401, -3.149, -3.106
-3.126, -4.191, -3.896, -2.651, -1.028, -4.958, -3.363, -2.898, -3.031, -3.681
-3.531, -3.456, -2.891, -2.870, -2.170, -5.056, -3.514, -3.650, -3.627, -3.289
-2.589, -3.218, -3.358, -3.486, -5.240, -2.069, -2.600, -3.149, -3.469, -3.046
-3.312, -3.044, -3.723, -3.194, -5.403, -1.921, -3.277, -2.917, -3.122, -3.840
-3.154, -3.835, -4.607, -3.737, -5.851, -2.888, -3.851, -3.150, -3.128, -2.962
-3.419, -3.254, -3.714, -1.720, -0.808, -3.948, -3.628, -4.300, -2.973, -3.270
-2.311, -4.696, -3.286, -3.710, -1.675, -3.919, -3.019, -3.475, -2.556, -3.983
-3.089, -2.832, -3.663, -2.926, -7.136, -3.351, -3.714, -2.084, -3.053, -3.394
-3.498, -3.368, -3.106, -2.672, -2.145, -7.604, -3.919, -3.031, -3.802, -2.990
-2.797, -2.510, -2.795, -2.656, -5.611, -2.090, -3.508, -2.559, -3.076, -2.968
-3.183, -3.405, -3.227, -3.978, -1.864, -5.677, -2.768, -2.620, -2.636, -3.905
-3.483, -3.104, -3.360, -2.699, -5.877, -2.038, -2.760, -2.758, -3.417, -3.277
-4.177, -3.413, -2.631, -3.949, -6.724, -2.167, -3.721, -3.017, -3.141, -3.713
-2.843, -3.495, -3.602, -2.716, -0.867, -3.842, -2.945, -3.386, -2.780, -3.070
-2.859, -4.111, -3.346, -2.293, -0.661, -3.534, -3.163, -2.811, -2.646, -3.279
-3.209, -2.603, -3.235, -2.094, -1.586, -5.058, -2.917, -3.223, -3.429, -3.230
-3.120, -3.287, -3.558, -3.319, -1.502, -3.999, -1.888, -3.458, -3.220, -3.504
-2.834, -3.464, -3.099, -2.369, -5.012, -1.170, -2.699, -3.027, -3.321, -2.996
-2.885, -3.312, -3.126, -2.772, -4.061, -1.598, -3.913, -3.144, -3.363, -2.937
-2.913, -3.458, -3.417, -2.284, -1.715, -5.034, -3.290, -3.547, -2.669, -3.442
-3.228, -2.741, -2.990, -3.430, -5.407, -1.842, -3.047, -2.782, -3.801, -3.400
-3.236, -3.181, -2.228, -2.049, -1.619, -3.724, -2.572, -3.393, -3.157, -3.151
-3.645, -3.417, -2.997, -2.596, -1.648, -5.267, -2.965, -3.692, -4.071, -3.121
-2.886, -4.193, -2.466, -4.788, -5.557, -1.970, -2.983, -2.199, -2.629, -3.224
-2.989, -3.173, -3.807, -3.325, -4.025, -1.355, -3.233, -3.212, -3.049, -3.322
-2.946, -3.897, -3.396, -2.473, -3.057, -6.242, -3.789, -2.917, -2.898, -3.472
-3.310, -3.222, -2.879, -2.657, -1.872, -5.832, -3.221, -3.802, -3.309, -3.055
-3.424, -3.079, -2.974, -3.318, -4.521, -1.960, -3.420, -2.661, -3.207, -2.724
-3.499, -3.019, -3.349, -3.000, -2.758, -6.158, -3.059, -2.588, -2.740, -2.531
-3.496, -3.113, -3.039, -2.978, -5.768, -1.731, -3.397, -2.852, -3.340, -3.082
-3.110, -3.567, -2.819, -2.533, -2.840, -6.337, -3.797, -3.497, -2.787, -3.393
-3.382, -3.623, -3.169, -3.529, -7.430, -2.370, -3.483, -2.771, -3.172, -3.089
-3.020, -2.811, -3.653, -2.595, -7.968, -2.912, -3.425, -2.952, -2.935, -3.319
-3.188, -3.440, -3.566, -2.543, -2.561, -5.569, -3.414, -2.934, -2.974, -3.153
-3.095, -3.259, -3.459, -3.169, -5.044, -2.033, -3.329, -2.854, -2.748, -3.201
-3.114, -3.642, -3.399, -3.547, -1.142, -4.454, -3.481, -3.088, -2.935, -3.482
-3.118, -2.613, -3.161, -3.148, -3.956, -1.637, -2.735, -3.199, -3.362, -3.241
-2.818, -2.746, -2.771, -3.129, -6.940, -2.343, -2.948, -2.632, -3.063, -2.891
-3.084, -3.253, -3.349, -3.898, -1.825, -5.296, -2.898, -3.021, -3.065, -2.989
-2.882, -2.558, -2.978, -1.575, -5.287, -1.913, -2.920, -3.162, -2.680, -3.446
-3.209, -3.169, -3.460, -3.631, -5.491, -2.398, -3.492, -3.415, -3.073, -3.183
-2.859, -3.206, -3.592, -3.463, -6.712, -2.860, -2.881, -3.118, -3.420, -3.215
-3.312, -3.483, -3.292, -1.531, -2.838, -5.290, -2.494, -2.979, -2.684, -2.970
-3.482, -2.798, -3.453, -4.059, -1.871, -5.516, -3.413, -2.428, -3.590, -3.302
-3.222, -3.322, -3.377, -2.639, -2.078, -5.081, -3.855, -3.326, -2.780, -3.565
-3.270, -3.033, -3.181, -2.847, -0.976, -3.915, -3.523, -3.361, -3.125, -3.042
-2.646, -2.808, -3.502, -3.584, -2.366, -5.694, -3.352, -2.578, -3.340, -3.234
-2.993, -2.578, -3.328, -3.283, -6.348, -2.231, -2.671, -3.081, -3.661, -3.033
-3.069, -3.089, -2.927, -3.127, -10.826, -3.819, -3.022, -2.939, -3.043, -3.017
-3.433, -3.792, -3.367, -4.738, -4.319, -1.555, -2.822, -3.871, -3.795, -2.998
-3.298, -2.816, -3.463, -2.465, -1.946, -5.518, -2.967, -3.123, -3.060, -2.944
-2.391, -3.954, -3.405, -3.482, -1.227, -3.800, -2.728, -2.392, -2.668, -2.776
-3.029, -3.174, -2.972, -2.883, -2.375, -5.466, -3.725, -2.771, -2.897, -2.970
-3.316, -3.070, -3.180, -3.690, -5.165, -1.890, -3.150, -3.842, -2.784, -3.359
-2.970, -2.786, -3.390, -2.410, -7.350, -3.225, -3.127, -2.180, -3.031, -3.004
-3.457, -3.303, -2.793, -3.167, -1.740, -4.408, -3.067, -3.453, -3.068, -3.591
-2.466, -3.081, -3.251, -2.113, -4.251, -1.789, -3.323, -1.689, -3.355, -3.220
-2.775, -2.995, -3.098, -4.317, -2.007, -6.382, -4.074, -3.187, -3.494, -2.896
-3.113, -3.829, -4.294, -3.009, -1.879, -5.189, -3.356, -2.353, -3.478, -2.639
-3.114, -3.531, -3.669, -2.443, -0.829, -3.801, -3.143, -2.976, -3.121, -3.414
-3.275, -3.055, -2.950, -3.279, -1.684, -5.630, -3.648, -2.530, -3.064, -3.144
-3.562, -2.833, -2.667, -2.984, -2.031, -5.621, -4.683, -3.706, -2.582, -2.889
-2.521, -2.950, -2.847, -4.018, -5.449, -1.606, -2.489, -3.543, -3.145, -3.165
-3.170, -2.582, -2.424, -2.661, -8.030, -3.427, -3.890, -3.249, -3.179, -2.570
-3.439, -3.508, -3.269, -3.005, -7.140, -2.434, -3.186, -2.778, -3.243, -2.929
-3.331, -3.019, -3.448, -1.930, -1.700, -4.769, -3.487, -3.466, -3.237, -3.211
-3.472, -3.196, -2.721, -3.328, -3.137, -5.991, -2.698, -2.610, -3.295, -3.108
-3.195, -3.067, -2.863, -4.489, -5.375, -1.681, -2.943, -2.913, -3.187, -3.046
-3.106, -3.411, -3.402, -2.040, -0.991, -4.031, -3.140, -3.109, -3.284, -3.286
-3.157, -3.251, -3.153, -3.435, -6.340, -2.471, -3.191, -3.031, -3.068, -3.136
-2.841, -3.239, -3.552, -2.863, -1.772, -5.097, -3.160, -3.123, -3.026, -3.543
-2.944, -3.581, -3.514, -2.003, -1.302, -5.771, -3.586, -2.946, -3.096, -3.122
-3.247, -2.876, -3.121, -3.491, -3.351, -0.802, -2.922, -2.998, -3.210, -3.075
-3.402, -3.350, -3.126, -2.472, -2.018, -5.222, -3.202, -3.221, -3.025, -3.454
-3.998, -3.453, -3.957, -3.149, -4.022, -1.722, -3.324, -3.555, -3.530, -3.238
-3.424, -3.233, -3.377, -3.222, -2.062, -6.013, -3.266, -3.080, -2.940, -3.155
-2.864, -3.241, -2.919, -3.246, -9.868, -3.587, -3.261, -3.396, -3.451, -3.328
-3.337, -3.108, -3.537, -2.325, -1.423, -4.480, -3.222, -2.664, -3.299, -3.295
-2.195, -3.963, -2.827, -3.258, -1.367, -3.961, -3.283, -3.074, -3.042, -2.148
-3.415, -3.110, -3.428, -3.929, -1.904, -5.805, -3.031, -3.062, -3.291, -3.348
-3.289, -3.497, -2.588, -3.418, -2.236, -5.008, -3.106, -3.196, -3.864, -3.206
-2.674, -3.203, -3.400, -3.072, -2.418, -6.233, -2.651, -3.554, -3.682, -3.151
-2.815, -3.956, -3.018, -3.172, -1.076, -3.607, -3.116, -2.507, -3.023, -3.227
-3.976, -2.816, -2.553, -2.435, -6.791, -1.970, -5.474, -3.312, -3.330, -2.498
-3.941, -2.673, -2.963, -3.077, -9.174, -3.546, -3.324, -2.853, -2.928, -2.666
-2.903, -3.429, -3.132, -3.556, -1.825, -5.071, -3.951, -3.863, -3.122, -3.014
-2.960, -3.957, -3.595, -2.429, -0.978, -4.676, -3.364, -2.691, -2.962, -3.471
-3.531, -2.619, -3.164, -1.732, -4.764, -1.899, -4.241, -1.796, -3.002, -3.087
-3.027, -3.542, -3.534, -2.585, -1.531, -4.306, -2.841, -2.849, -3.317, -3.333
-3.162, -2.728, -2.844, -3.814, -5.309, -2.081, -2.895, -3.061, -3.293, -3.247
-2.892, -3.033, -3.429, -3.638, -7.143, -2.644, -2.893, -3.418, -3.261, -2.706
-3.056, -3.423, -3.309, -3.134, -1.717, -5.131, -2.916, -2.973, -3.370, -2.894
-3.419, -2.930, -3.059, -4.255, -4.868, -1.682, -3.497, -3.080, -3.380, -3.021
-3.822, -2.844, -3.812, -3.148, -4.863, -1.930, -3.358, -3.378, -3.596, -3.222
-3.522, -3.628, -3.808, -1.998, -0.901, -4.209, -3.693, -3.263, -3.272, -3.133
-3.025, -3.607, -4.028, -3.435, -5.174, -2.065, -2.986, -2.966, -3.547, -3.426
-3.089, -2.655, -2.601, -2.822, -7.040, -2.123, -3.059, -2.085, -2.792, -3.099
-3.266, -3.221, -4.059, -4.438, -6.720, -2.959, -3.378, -3.190, -3.225, -2.924
-2.880, -3.319, -3.330, -2.143, -0.984, -3.828, -3.305, -3.712, -3.157, -2.635
-3.299, -3.922, -2.597, -2.767, -2.312, -5.302, -2.910, -2.964, -3.331, -2.826
-3.548, -2.325, -3.200, -2.315, -4.210, -1.753, -4.017, -2.447, -2.878, -3.379
-3.045, -2.571, -3.109, -3.174, -7.546, -3.446, -3.445, -2.634, -2.960, -2.928
-3.251, -3.222, -3.108, -2.497, -1.860, -4.534, -3.337, -3.216, -2.884, -3.414
-2.755, -2.676, -2.718, -3.597, -2.398, -6.320, -3.044, -3.220, -3.227, -2.829
-2.693, -3.050, -3.493, -2.188, -6.697, -2.438, -2.427, -3.004, -3.165, -3.578
-3.233, -3.370, -3.224, -3.101, -0.951, -3.836, -3.411, -3.251, -3.155, -3.033
-2.599, -2.908, -3.544, -3.367, -4.790, -2.103, -2.130, -2.346, -3.653, -2.404
-3.236, -3.385, -3.511, -1.930, -0.836, -3.641, -3.611, -3.849, -2.686, -3.085
-3.212, -3.101, -3.331, -3.557, -7.437, -3.021, -3.418, -2.986, -3.059, -3.453
-3.267, -3.449, -3.241, -3.170, -1.261, -4.344, -3.427, -2.673, -3.522, -3.155
-3.021, -3.970, -3.784, -2.774, -1.790, -5.432, -3.222, -2.648, -3.175, -3.156
-2.997, -3.401, -3.184, -2.276, -1.706, -4.948, -3.718, -3.656, -2.694, -3.163
-2.573, -2.782, -3.032, -3.191, -6.714, -2.820, -3.002, -2.716, -3.295, -3.112
-3.101, -3.379, -3.391, -3.567, -2.545, -5.726, -2.843, -3.049, -2.693, -2.977
-3.362, -2.592, -3.242, -2.908, -4.109, -1.747, -3.529, -3.419, -3.249, -2.933
-2.576, -2.429, -3.867, -2.333, -6.433, -2.254, -2.798, -2.545, -2.665, -2.946
-3.234, -3.213, -3.021, -2.228, -1.814, -4.907, -3.708, -3.314, -3.007, -3.150
-3.300, -3.196, -3.441, -4.137, -1.890, -5.606, -3.183, -2.227, -3.638, -3.123
-3.100, -3.875, -3.429, -2.311, -1.140, -4.562, -3.552, -3.179, -2.425, -3.433
-3.000, -3.342, -3.746, -3.219, -2.441, -6.206, -2.444, -2.974, -3.728, -4.048
-3.573, -3.334, -4.174, -3.968, -7.420, -3.178, -3.693, -3.129, -3.248, -3.344
-3.184, -3.580, -3.315, -2.738, -4.476, -1.692, -3.736, -3.798, -3.855, -3.104
-3.392, -3.442, -2.777, -3.153, -3.384, -1.037, -3.086, -3.452, -3.216, -3.033
-2.470, -2.935, -3.862, -2.886, -6.856, -2.651, -2.465, -2.965, -4.039, -3.489
-3.126, -3.571, -3.784, -3.134, -4.145, -1.617, -3.488, -3.325, -2.940, -3.300
-3.195, -2.849, -2.779, -4.265, -16.246, -3.378, -2.921, -3.097, -3.285, -3.033
-3.262, -3.111, -3.405, -3.706, -1.894, -5.829, -3.199, -3.016, -3.588, -3.460
-3.255, -3.372, -3.109, -3.522, -4.487, -1.639, -2.834, -3.278, -3.265, -3.187
-2.490, -2.946, -3.166, -1.837, -4.638, -1.806, -3.016, -2.857, -2.793, -2.994
-3.402, -2.812, -3.106, -3.753, -3.932, -1.670, -3.204, -2.953, -3.418, -2.923
-3.061, -3.631, -2.992, -2.508, -1.847, -4.727, -3.283, -3.353, -2.925, -3.559
-2.576, -3.128, -2.701, -2.828, -1.485, -4.694, -4.379, -2.741, -2.803, -2.744
-2.950, -4.111, -3.221, -2.694, -1.002, -3.746, -3.717, -3.080, -2.576, -3.416
-3.128, -3.244, -3.014, -3.126, -9.117, -3.435, -2.832, -3.059, -3.046, -3.266
-3.480, -3.001, -3.219, -3.861, -7.782, -3.028, -3.388, -3.743, -3.361, -2.847
-3.963, -3.241, -2.194, -3.308, -5.344, -2.002, -4.506, -2.783, -2.999, -2.744
-3.144, -3.493, -3.505, -2.927, -1.761, -4.517, -2.926, -2.794, -3.366, -3.182
-3.093, -3.542, -3.905, -3.165, -1.507, -4.719, -2.509, -3.487, -3.611, -3.891
-3.155, -3.240, -3.001, -2.925, -2.370, -5.330, -3.136, -3.119, -3.406, -3.058
-2.780, -3.630, -3.531, -2.751, -0.736, -3.438, -2.954, -3.143, -2.672, -3.134
-2.513, -3.222, -3.381, -2.999, -8.609, -2.648, -3.109, -2.549, -3.124, -2.746
-3.125, -3.280, -2.805, -3.969, -7.045, -2.377, -2.895, -2.888, -3.179, -3.240
-3.486, -3.656, -2.976, -2.659, -1.335, -5.470, -3.140, -2.856, -3.561, -3.147
-3.016, -3.441, -3.125, -3.033, -2.378, -5.112, -2.935, -3.300, -3.106, -2.909
-3.640, -3.033, -3.688, -3.456, -3.770, -7.030, -2.454, -2.726, -3.465, -3.750
-3.272, -3.114, -3.480, -3.416, -0.964, -3.859, -2.988, -3.319, -2.817, -3.690
-3.101, -3.417, -4.005, -2.450, -1.828, -5.077, -2.799, -3.277, -3.183, -3.559
-3.622, -3.274, -2.932, -4.267, -4.551, -1.059, -2.866, -2.287, -3.174, -3.426
-3.805, -3.358, -3.216, -2.666, -1.095, -5.110, -3.671, -3.293, -3.434, -3.422
-3.244, -2.841, -3.247, -3.187, -7.663, -3.074, -3.775, -3.133, -3.559, -3.064
-2.799, -3.256, -3.353, -4.489, -4.784, -1.601, -2.453, -2.995, -3.632, -3.226
-3.262, -2.716, -3.462, -4.043, -2.552, -6.487, -2.918, -2.367, -3.442, -3.001
-3.556, -2.457, -2.974, -3.196, -5.941, -2.600, -3.836, -2.699, -3.564, -3.327
-3.323, -2.890, -3.474, -3.588, -5.933, -2.094, -3.154, -3.612, -3.479, -3.260
-2.975, -3.415, -3.395, -3.312, -2.089, -5.771, -4.225, -2.577, -3.508, -3.184
-3.550, -2.761, -2.847, -3.276, -1.870, -5.298, -3.979, -3.279, -2.647, -3.360
-2.539, -3.686, -3.605, -2.747, -1.553, -4.879, -2.500, -4.513, -3.513, -3.103
-2.994, -3.770, -3.187, -1.918, -1.177, -4.414, -3.253, -3.392, -2.620, -3.036
-3.291, -3.850, -3.260, -2.685, -1.491, -4.347, -3.187, -3.229, -3.351, -3.283
-3.582, -2.637, -3.376, -4.541, -2.489, -6.070, -3.056, -2.565, -3.173, -3.332
-3.489, -3.464, -4.066, -2.518, -1.886, -6.693, -2.902, -2.838, -3.209, -3.222
-3.409, -2.959, -3.097, -3.704, -3.094, -5.825, -2.689, -3.526, -2.423, -3.160
-3.305, -3.634, -3.325, -3.534, -1.335, -4.939, -3.013, -3.051, -3.339, -3.024
-3.221, -3.745, -2.714, -3.708, -2.179, -4.556, -2.720, -4.128, -3.215, -3.225
-3.250, -3.125, -3.459, -2.907, -1.845, -4.591, -3.037, -4.246, -2.402, -2.978
-3.356, -2.687, -3.063, -2.968, -2.767, -5.780, -2.448, -3.077, -3.038, -3.121
-3.195, -3.478, -2.484, -2.319, -1.551, -3.941, -2.903, -2.931, -3.131, -3.049
-2.371, -3.265, -3.141, -2.466, -4.077, -1.352, -3.986, -3.530, -3.814, -3.204
-3.354, -3.517, -3.195, -2.801, -1.934, -5.689, -3.449, -3.493, -3.346, -3.073
-3.366, -3.926, -3.411, -3.067, -2.274, -6.188, -2.975, -2.817, -3.263, -3.426
-3.211, -3.776, -3.112, -2.939, -2.209, -6.128, -3.160, -3.013, -3.348, -3.142
-3.182, -2.872, -2.562, -3.797, -4.785, -1.431, -3.177, -3.578, -2.634, -3.128
-3.358, -3.177, -2.508, -2.098, -1.900, -4.163, -2.771, -3.613, -3.574, -3.191
-3.415, -3.520, -5.330, -3.119, -5.092, -2.566, -3.690, -2.945, -3.623, -2.933
-2.920, -3.198, -2.770, -3.994, -10.978, -3.334, -2.890, -3.105, -3.000, -3.313
-3.020, -2.752, -3.472, -4.025, -2.140, -5.828, -3.605, -3.382, -3.108, -3.192
-3.443, -3.540, -2.887, -3.360, -2.263, -5.264, -3.147, -3.132, -3.651, -3.158
-3.279, -2.653, -2.918, -3.269, -7.133, -2.496, -3.324, -2.581, -3.358, -2.693
-3.104, -3.725, -3.525, -3.012, -1.505, -5.942, -3.226, -3.078, -3.256, -3.228
-2.923, -3.678, -2.723, -2.109, -2.303, -4.608, -2.419, -3.496, -3.122, -3.204
-2.992, -3.498, -3.691, -3.563, -4.469, -1.407, -3.315, -2.576, -3.540, -2.795
-3.059, -2.768, -2.944, -3.776, -5.664, -1.759, -3.068, -3.000, -3.138, -3.067
-3.691, -2.960, -4.015, -3.374, -3.905, -1.837, -3.405, -2.850, -2.658, -2.978
-3.864, -3.213, -2.995, -2.896, -2.313, -5.013, -3.356, -3.184, -3.086, -3.398
-3.355, -3.281, -3.292, -3.852, -10.217, -3.837, -3.163, -3.196, -3.434, -3.266
-2.209, -2.762, -3.498, -2.508, -5.032, -2.331, -2.966, -3.367, -4.063, -2.380
-3.034, -2.475, -3.104, -3.692, -2.871, -6.134, -3.232, -2.684, -3.186, -3.173
-3.398, -4.119, -3.756, -2.967, -1.252, -4.196, -3.295, -3.338, -3.131, -3.480
-3.177, -1.995, -3.118, -1.466, -6.967, -2.030, -3.623, -2.612, -3.883, -2.867
-3.589, -3.070, -3.090, -3.023, -6.964, -3.102, -3.443, -3.097, -3.327, -2.737
-3.031, -2.834, -2.893, -4.147, -3.905, -1.055, -2.858, -3.281, -3.067, -3.366
-3.438, -2.672, -3.002, -3.532, -7.265, -2.132, -3.398, -3.046, -3.232, -4.540
-3.827, -2.796, -3.431, -2.998, -1.693, -4.338, -2.186, -2.854, -2.993, -3.420
-3.827, -3.045, -3.093, -3.526, -2.274, -5.847, -2.709, -2.472, -3.931, -3.612
-2.879, -3.414, -3.334, -2.783, -1.343, -4.041, -3.217, -3.819, -3.214, -3.100
-3.173, -3.142, -4.995, -4.626, -4.797, -2.639, -3.932, -4.003, -3.577, -3.095
-3.035, -2.625, -2.935, -3.764, -14.447, -3.124, -2.963, -3.152, -3.106, -3.057
-3.428, -3.620, -3.303, -2.115, -1.052, -4.227, -3.343, -3.992, -3.312, -2.918
-2.628, -3.714, -2.675, -4.502, -6.686, -2.195, -3.148, -2.936, -3.361, -2.901
-3.902, -3.569, -3.254, -4.247, -7.432, -2.978, -3.102, -2.499, -2.875, -2.879
-3.348, -3.127, -2.540, -3.354, -8.872, -3.387, -3.860, -3.060, -3.078, -3.207
-3.292, -3.244, -2.452, -3.905, -10.217, -3.540, -2.735, -3.325, -3.377, -3.102
-2.945, -2.947, -3.848, -2.899, -2.154, -6.021, -3.078, -2.959, -2.654, -3.203
-3.337, -3.357, -4.171, -2.674, -1.800, -4.730, -2.225, -3.451, -3.680, -3.696
-3.827, -3.366, -2.950, -3.868, -4.873, -1.581, -2.803, -3.923, -2.816, -2.801
-3.113, -2.788, -3.097, -3.165, -6.410, -2.693, -2.464, -2.777, -3.533, -3.069
-3.115, -3.663, -3.389, -3.051, -0.777, -3.474, -3.181, -2.708, -2.735, -3.250
-2.722, -2.835, -2.547, -3.344, -2.207, -6.680, -4.255, -3.168, -3.178, -2.688
-3.457, -3.646, -3.580, -2.842, -1.322, -6.647, -3.280, -3.346, -4.000, -3.169
-2.676, -2.987, -3.231, -2.247, -2.454, -6.686, -3.540, -3.416, -2.719, -3.545
-2.944, -2.616, -3.037, -3.862, -7.403, -1.923, -2.671, -3.082, -3.595, -3.181
-3.221, -2.860, -3.092, -2.844, -1.100, -4.014, -3.647, -3.266, -3.056, -3.094
-4.001, -3.307, -3.849, -3.119, -6.373, -2.681, -3.139, -2.809, -2.975, -3.053
-3.255, -3.347, -4.070, -3.301, -3.907, -1.738, -3.152, -3.105, -2.946, -3.158
-3.333, -3.360, -3.484, -2.699, -2.241, -5.931, -3.755, -3.012, -3.394, -3.159
-2.986, -3.820, -3.483, -3.367, -0.917, -4.060, -3.616, -3.019, -3.031, -3.030
-4.266, -3.154, -3.097, -2.841, -7.298, -2.424, -3.772, -2.570, -2.744, -3.530
-3.422, -2.438, -2.710, -4.152, -4.489, -1.861, -2.965, -3.470, -3.261, -3.022
-3.203, -2.473, -2.885, -3.319, -12.209, -3.008, -2.881, -2.632, -3.071, -3.589
-2.798, -3.593, -3.286, -2.840, -1.025, -4.622, -3.405, -3.239, -3.008, -2.439
-3.260, -3.434, -3.154, -3.058, -0.858, -3.744, -3.550, -3.284, -3.136, -3.012
-3.143, -3.990, -2.919, -2.550, -1.696, -6.007, -4.055, -2.737, -2.657, -3.016
-3.448, -2.607, -3.838, -2.545, -5.517, -2.249, -2.799, -3.119, -3.133, -3.342
-3.160, -2.933, -3.079, -3.619, -2.399, -5.379, -3.024, -3.030, -2.964, -2.894
-3.251, -2.846, -3.122, -3.603, -6.852, -2.529, -3.080, -3.264, -3.208, -2.947
-3.381, -2.790, -3.280, -3.460, -2.609, -6.198, -3.083, -2.694, -3.059, -2.560
-3.636, -2.710, -3.135, -3.447, -3.889, -1.517, -2.962, -3.940, -3.464, -2.932
-3.409, -3.412, -3.671, -2.895, -2.029, -5.400, -2.624, -4.203, -3.158, -3.818
-2.842, -2.787, -3.307, -3.471, -2.523, -6.453, -3.692, -2.523, -3.587, -3.667
-2.777, -3.092, -2.950, -3.093, -8.786, -3.326, -2.896, -2.871, -3.292, -2.576
-3.145, -3.100, -2.941, -3.840, -9.938, -3.718, -2.697, -3.155, -3.483, -3.025
-3.120, -3.221, -2.802, -2.974, -7.945, -2.892, -3.651, -2.810, -3.583, -2.567
-2.786, -2.769, -2.885, -3.293, -9.461, -2.842, -2.977, -3.014, -2.876, -3.082
-3.074, -2.960, -3.607, -2.235, -1.790, -5.295, -3.777, -3.194, -3.617, -3.632
-3.271, -3.178, -3.402, -1.918, -2.185, -5.041, -3.046, -2.989, -3.391, -2.945
-3.597, -3.109, -3.004, -2.761, -1.798, -5.398, -2.916, -3.288, -3.444, -3.623
-3.063, -3.085, -3.055, -3.458, -1.725, -5.589, -3.451, -2.650, -3.139, -2.844
-3.017, -3.460, -2.849, -3.083, -1.051, -3.867, -4.086, -4.668, -3.332, -2.213
-3.047, -4.210, -3.327, -3.763, -1.223, -5.823, -2.890, -3.400, -3.605, -2.722
-2.820, -4.048, -3.641, -2.267, -0.923, -4.618, -3.285, -3.359, -2.658, -3.186
-3.051, -3.278, -3.269, -3.161, -9.097, -3.347, -2.502, -3.060, -3.107, -3.510
-3.799, -3.198, -2.983, -3.438, -3.508, -1.323, -3.376, -2.891, -3.197, -3.251
-3.322, -3.410, -3.092, -3.971, -1.201, -4.157, -3.314, -3.010, -3.173, -2.981
-3.860, -4.743, -2.925, -3.080, -0.964, -4.658, -3.714, -3.213, -3.265, -2.920
-3.125, -3.024, -3.178, -3.802, -7.450, -3.103, -3.363, -3.567, -3.512, -3.319
-3.129, -3.725, -3.358, -2.809, -2.262, -5.594, -3.029, -3.132, -3.199, -3.346
-2.937, -3.659, -3.098, -3.477, -1.459, -5.126, -3.294, -3.135, -3.617, -2.503
-3.396, -3.363, -3.596, -3.918, -2.314, -6.471, -2.202, -3.161, -2.877, -3.287
-3.076, -4.084, -3.691, -3.697, -1.092, -4.052, -3.088, -2.561, -3.506, -3.031
-3.432, -3.732, -2.225, -3.057, -1.795, -4.477, -2.826, -2.460, -3.155, -3.231
-4.112, -3.038, -2.864, -2.167, -7.200, -2.934, -3.641, -2.681, -3.125, -3.020
-3.293, -3.365, -3.483, -4.191, -6.615, -2.782, -3.250, -3.285, -3.486, -3.116
-3.063, -3.269, -3.317, -3.465, -7.085, -2.785, -2.963, -3.024, -3.156, -3.216
-2.947, -3.255, -3.027, -3.561, -5.993, -2.290, -2.676, -2.506, -2.807, -3.237
-3.310, -3.676, -4.262, -2.942, -5.647, -2.583, -4.420, -3.528, -2.765, -3.420
-3.248, -3.929, -2.503, -2.355, -2.041, -5.090, -2.980, -2.703, -3.454, -3.332
-3.052, -3.669, -3.419, -3.127, -5.510, -2.069, -3.591, -2.819, -3.246, -2.917
-3.571, -3.673, -3.394, -2.861, -2.549, -8.628, -3.289, -2.177, -3.796, -3.416
-3.441, -3.360, -3.381, -2.980, -1.586, -5.790, -2.890, -2.885, -3.368, -3.516
-3.471, -3.162, -3.287, -2.996, -7.200, -2.976, -3.505, -2.639, -2.923, -3.158
-3.043, -3.418, -3.838, -2.140, -2.274, -5.391, -3.209, -3.466, -2.955, -3.549
-2.968, -2.451, -2.737, -2.810, -6.724, -2.796, -3.269, -3.134, -2.947, -3.243
-3.545, -2.968, -3.730, -3.507, -5.006, -2.228, -3.460, -3.723, -3.711, -3.150
-2.856, -3.369, -3.029, -3.535, -6.401, -2.144, -2.829, -3.038, -3.346, -2.913
-3.121, -3.554, -6.345, -4.041, -4.181, -2.215, -3.403, -2.731, -3.133, -3.430
-3.158, -2.680, -3.686, -3.226, -2.230, -5.845, -2.812, -3.233, -3.167, -3.506
-3.245, -3.297, -2.812, -3.242, -6.543, -1.708, -3.566, -3.700, -2.744, -3.078
-2.541, -3.071, -2.361, -3.488, -2.548, -6.174, -4.004, -3.681, -3.323, -3.217
-2.159, -3.135, -3.886, -3.036, -4.984, -1.941, -2.039, -3.310, -3.596, -2.859
-3.342, -3.690, -3.141, -2.780, -1.602, -7.035, -3.611, -2.758, -3.539, -2.816
-2.984, -2.902, -2.882, -3.146, -1.757, -4.475, -3.095, -3.176, -3.121, -3.717
-3.649, -3.003, -2.975, -4.182, -6.078, -2.177, -2.700, -3.698, -3.390, -3.121
-3.344, -2.659, -4.786, -3.032, -4.672, -2.232, -2.443, -2.553, -3.111, -3.863
-3.198, -2.888, -2.934, -4.039, -7.424, -2.472, -3.042, -3.558, -3.226, -3.100
-2.768, -3.829, -3.407, -2.969, -2.093, -6.336, -3.121, -3.123, -3.185, -3.252
-3.040, -3.715, -3.194, -4.289, -5.232, -1.935, -3.487, -2.782, -2.901, -3.408
-2.747, -3.182, -3.715, -3.976, -5.562, -2.238, -3.465, -3.274, -3.350, -3.053
-4.398, -2.986, -3.916, -4.379, -4.437, -1.793, -2.096, -3.425, -2.626, -3.268
-2.739, -4.440, -2.316, -3.243, -7.035, -2.466, -3.947, -2.973, -2.613, -2.412
-3.314, -2.763, -3.345, -3.385, -4.652, -1.634, -4.091, -2.970, -3.498, -2.740
-3.179, -2.649, -3.369, -2.728, -4.279, -1.681, -2.835, -3.660, -3.226, -3.294
-2.623, -2.781, -3.042, -4.167, -2.444, -5.351, -2.830, -3.477, -2.758, -3.472
-3.342, -2.757, -2.859, -3.170, -8.536, -2.729, -3.013, -3.200, -3.170, -3.054
-3.220, -3.215, -3.108, -3.050, -1.070, -3.965, -3.610, -2.954, -3.085, -3.099
-3.500, -2.786, -3.178, -3.542, -2.413, -6.544, -3.205, -2.893, -3.521, -3.369
-2.871, -3.133, -3.132, -3.081, -8.794, -2.809, -3.476, -3.321, -2.577, -3.007
-2.684, -3.362, -3.189, -2.854, -1.322, -4.186, -3.097, -3.983, -3.048, -3.235
-3.200, -3.106, -3.623, -2.616, -2.107, -5.303, -2.670, -2.669, -2.830, -3.377
-3.023, -3.124, -2.744, -4.408, -5.514, -1.467, -3.122, -2.909, -3.517, -2.749
-3.424, -3.316, -3.312, -3.853, -11.367, -3.367, -2.681, -3.304, -3.423, -3.066
-3.120, -3.530, -3.398, -2.924, -5.340, -1.706, -3.427, -2.837, -4.156, -2.634
-2.335, -2.905, -3.453, -2.049, -3.945, -1.828, -3.127, -2.607, -3.855, -2.279
-3.705, -2.355, -3.396, -1.834, -4.800, -2.436, -4.262, -1.841, -2.719, -3.187
-3.495, -4.032, -2.840, -2.738, -1.535, -4.758, -3.631, -2.658, -3.454, -3.444
-3.306, -3.318, -2.836, -4.292, -8.193, -2.940, -3.453, -3.580, -3.783, -3.152
-3.692, -2.990, -3.149, -3.427, -1.938, -5.518, -3.887, -2.719, -3.329, -2.950
-3.612, -2.987, -2.536, -3.110, -7.338, -3.069, -3.350, -2.435, -2.978, -2.946
-2.551, -3.226, -4.924, -2.823, -6.028, -1.803, -2.458, -2.816, -3.382, -3.209
-3.060, -3.368, -2.615, -2.322, -1.663, -4.162, -2.875, -3.458, -3.397, -3.350
-3.150, -4.171, -2.892, -2.429, -2.761, -7.096, -3.097, -2.939, -3.319, -3.209
-3.257, -3.409, -3.042, -3.143, -1.538, -4.228, -3.588, -2.580, -2.455, -3.459
-3.566, -2.669, -2.899, -3.068, -6.059, -2.392, -3.343, -3.007, -3.200, -2.930
-3.378, -2.346, -4.388, -2.480, -4.463, -2.016, -3.159, -2.617, -3.385, -3.006
-3.577, -3.227, -3.273, -4.116, -2.292, -5.575, -2.636, -3.796, -3.144, -3.497
-3.527, -4.128, -3.199, -3.135, -0.785, -4.263, -3.548, -3.185, -3.320, -3.218
-2.985, -2.951, -3.626, -2.482, -1.483, -4.639, -2.990, -3.099, -2.425, -3.632
-3.248, -3.510, -3.532, -2.136, -1.838, -5.335, -3.381, -3.298, -3.009, -3.037
-3.248, -2.863, -3.167, -2.662, -2.018, -5.798, -4.149, -4.254, -2.704, -3.790
-3.166, -3.308, -3.699, -2.331, -0.828, -3.743, -3.096, -3.133, -3.209, -3.397
-3.329, -3.307, -3.063, -2.978, -0.942, -3.811, -3.611, -3.544, -3.108, -3.006
-3.029, -3.667, -3.106, -3.988, -1.430, -4.205, -3.216, -3.240, -3.008, -3.057
-3.122, -3.016, -2.870, -3.177, -6.068, -2.301, -2.807, -3.778, -3.124, -3.088
-3.096, -3.599, -3.478, -2.802, -1.782, -5.384, -3.626, -3.502, -3.217, -3.034
-3.403, -3.474, -3.189, -4.184, -8.829, -3.332, -2.946, -3.413, -3.284, -3.456
-2.978, -3.673, -3.015, -3.945, -0.886, -3.360, -2.842, -3.646, -2.685, -3.410
-3.857, -2.584, -2.895, -3.471, -3.757, -1.334, -3.419, -3.787, -3.017, -3.116
-3.317, -3.832, -2.975, -3.371, -1.802, -4.926, -2.642, -4.326, -3.157, -3.100
-3.150, -3.591, -3.136, -2.704, -2.454, -5.824, -2.918, -2.946, -3.294, -3.581
-2.792, -3.311, -4.240, -3.029, -4.011, -1.873, -2.739, -2.351, -3.413, -2.815
-3.309, -3.302, -2.763, -3.778, -8.720, -3.388, -2.986, -3.153, -3.115, -3.454
-3.354, -2.941, -2.665, -4.413, -5.390, -2.036, -2.988, -3.029, -3.389, -3.100
-3.866, -3.175, -2.722, -2.686, -1.396, -4.752, -3.521, -2.681, -3.130, -3.249
-2.911, -3.313, -2.695, -4.187, -7.097, -2.819, -2.899, -3.010, -3.311, -3.461
-2.768, -3.105, -2.969, -3.392, -7.243, -2.292, -2.755, -2.586, -3.411, -2.867
-4.134, -2.438, -3.686, -3.567, -2.394, -5.376, -2.451, -3.944, -3.471, -3.875
-3.771, -3.225, -3.036, -2.926, -5.139, -2.112, -3.490, -3.057, -2.918, -3.074
-2.523, -3.345, -3.507, -4.503, -4.939, -1.913, -3.323, -2.831, -3.113, -3.072
-3.121, -3.556, -3.215, -2.577, -2.655, -7.057, -2.968, -3.187, -3.165, -2.823
-3.262, -3.111, -3.220, -2.903, -2.119, -5.110, -3.514, -2.879, -3.395, -3.264
-3.036, -4.532, -3.031, -2.993, -2.045, -5.082, -3.465, -3.735, -2.948, -3.700
-3.383, -2.709, -2.812, -2.518, -1.650, -4.541, -3.586, -3.403, -3.191, -3.202
-3.344, -3.235, -3.267, -2.607, -1.769, -5.292, -3.552, -3.179, -2.986, -2.611
-2.840, -3.760, -3.752, -4.074, -1.586, -5.615, -2.499, -2.696, -3.793, -3.199
-3.145, -3.402, -3.347, -3.655, -7.176, -2.864, -2.864, -2.889, -3.349, -3.265
-2.646, -2.800, -2.628, -2.907, -5.811, -2.342, -3.568, -3.158, -3.876, -3.098
-3.257, -3.450, -3.617, -3.078, -5.515, -2.336, -3.452, -3.621, -3.175, -3.465
-3.562, -3.113, -3.446, -2.861, -1.628, -5.879, -3.555, -2.430, -3.935, -3.161
-2.880, -2.485, -2.965, -3.327, -6.805, -2.179, -3.162, -3.275, -2.685, -3.048
-2.892, -2.630, -3.915, -2.764, -4.863, -2.370, -3.717, -3.652, -3.631, -2.663
-3.747, -3.838, -2.525, -3.321, -0.879, -3.748, -4.918, -2.848, -2.921, -2.738
-3.344, -3.175, -4.124, -3.755, -6.472, -3.178, -4.087, -3.241, -3.307, -3.014
-4.197, -3.307, -3.154, -3.035, -2.633, -5.190, -2.521, -2.902, -3.164, -3.217
-3.001, -2.891, -3.377, -2.696, -6.060, -1.728, -2.518, -3.612, -3.147, -3.089
-3.779, -3.032, -3.651, -3.712, -4.130, -1.819, -2.435, -2.296, -2.928, -2.856
-3.484, -3.555, -3.113, -2.196, -1.789, -4.899, -3.730, -3.869, -3.403, -3.314
-3.027, -3.115, -2.532, -1.954, -5.654, -1.444, -2.958, -2.684, -2.554, -3.821
-3.294, -2.986, -4.034, -2.879, -2.093, -6.185, -2.499, -2.662, -3.129, -3.364
-2.930, -3.823, -2.859, -3.348, -1.548, -5.107, -3.699, -2.519, -2.562, -2.908
-2.564, -4.064, -3.348, -3.490, -6.659, -2.228, -2.200, -2.403, -3.051, -3.097
-3.776, -3.823, -3.663, -2.867, -1.794, -6.061, -2.645, -3.024, -3.193, -3.056
-3.685, -3.178, -3.368, -2.641, -1.881, -6.377, -3.514, -3.191, -3.263, -3.389
-3.039, -2.785, -3.670, -3.008, -1.252, -4.543, -2.668, -3.733, -3.134, -3.221
-3.058, -3.782, -3.032, -2.300, -1.910, -4.419, -2.924, -3.566, -2.968, -3.116
-3.422, -3.213, -3.457, -3.196, -1.556, -4.852, -2.962, -2.383, -2.919, -3.483
-3.442, -3.298, -3.309, -3.984, -2.018, -6.426, -3.243, -2.792, -3.770, -3.596
-3.147, -2.895, -2.621, -4.133, -4.933, -1.975, -3.940, -3.282, -2.834, -3.552
-2.548, -3.594, -2.901, -4.050, -2.387, -5.114, -3.212, -3.325, -3.627, -3.342
-3.015, -2.281, -2.527, -3.507, -2.968, -6.649, -3.420, -2.741, -2.593, -2.772
-3.208, -2.820, -2.896, -3.544, -2.193, -5.278, -3.689, -3.280, -3.412, -3.167
-3.026, -3.455, -3.578, -2.050, -1.254, -4.644, -3.408, -2.734, -3.196, -2.982
-3.859, -3.367, -3.206, -3.422, -2.842, -6.045, -2.525, -2.410, -3.447, -3.275
-3.051, -3.121, -3.312, -3.455, -4.109, -1.781, -3.275, -2.615, -3.865, -3.268
-3.559, -2.853, -2.906, -3.216, -2.794, -6.392, -3.734, -3.002, -3.384, -3.318
-3.283, -2.470, -2.803, -3.065, -2.533, -5.726, -2.483, -3.407, -3.190, -3.421
-3.788, -2.716, -3.111, -3.432, -6.024, -2.108, -3.080, -2.713, -3.012, -2.678
-3.020, -3.363, -3.052, -4.072, -4.030, -1.221, -2.732, -3.102, -3.413, -3.055
-3.386, -3.843, -3.095, -3.183, -6.084, -2.046, -3.278, -3.469, -3.260, -2.948
-3.040, -3.016, -2.615, -3.018, -7.785, -3.214, -3.765, -3.063, -3.706, -2.829
-3.528, -3.289, -3.757, -4.141, -3.687, -0.991, -2.463, -3.676, -2.827, -3.064
-3.031, -2.744, -3.033, -2.604, -8.004, -3.074, -3.360, -2.641, -3.202, -2.733
-3.807, -2.781, -3.274, -2.572, -5.055, -1.979, -3.222, -1.883, -2.659, -4.404
-3.249, -3.569, -3.243, -2.945, -1.922, -5.716, -2.865, -2.505, -3.336, -3.413
-2.898, -2.680, -3.512, -2.597, -5.809, -2.529, -2.910, -2.199, -3.007, -3.163
-2.664, -3.188, -2.846, -3.051, -2.174, -6.494, -3.477, -2.886, -3.032, -3.240
-3.411, -3.145, -2.862, -4.261, -12.227, -4.228, -3.634, -3.375, -3.480, -3.298
-3.505, -3.094, -3.712, -3.136, -5.297, -2.348, -3.286, -2.986, -3.059, -2.950
-2.848, -3.816, -3.575, -2.108, -0.903, -4.031, -3.345, -3.223, -2.804, -3.106
-3.055, -3.751, -3.420, -4.495, -6.502, -2.278, -2.695, -3.171, -2.809, -2.843
-3.328, -2.965, -3.408, -3.680, -5.599, -2.524, -3.489, -3.087, -3.234, -2.862
-2.623, -2.992, -3.817, -2.736, -5.471, -2.189, -2.552, -2.555, -3.323, -3.457
-3.301, -3.420, -3.750, -3.482, -5.475, -2.401, -3.433, -3.598, -2.681, -3.110
-3.371, -3.099, -3.049, -3.531, -5.717, -1.722, -3.151, -3.301, -3.103, -3.199
-3.415, -3.436, -3.596, -4.645, -5.817, -2.615, -3.370, -2.992, -3.485, -3.354
-3.454, -4.413, -2.982, -2.970, -1.090, -3.699, -4.110, -2.980, -2.802, -3.213
-2.927, -3.374, -3.157, -2.746, -1.499, -4.636, -3.581, -2.592, -2.940, -3.300
-2.897, -2.246, -3.438, -1.916, -4.835, -2.139, -3.380, -2.809, -3.165, -2.916
-3.248, -3.861, -2.896, -2.896, -1.545, -4.755, -3.009, -2.347, -2.925, -3.019
-2.467, -2.323, -3.206, -2.781, -1.943, -5.084, -2.919, -4.019, -2.958, -3.186
-2.710, -3.090, -2.807, -2.956, -9.494, -3.105, -3.028, -2.712, -3.061, -3.077
-3.453, -4.045, -2.367, -3.359, -1.314, -3.602, -2.525, -3.411, -3.684, -3.149
-2.628, -2.859, -3.616, -3.485, -5.085, -2.417, -2.629, -2.364, -3.527, -2.936
-2.682, -3.484, -3.266, -3.422, -6.454, -2.300, -2.779, -2.940, -3.236, -3.582
-3.241, -2.684, -2.725, -2.987, -10.028, -3.345, -3.595, -2.670, -3.041, -2.698
-3.428, -2.889, -3.063, -3.294, -8.775, -3.530, -2.954, -3.423, -3.167, -3.188
-3.358, -3.076, -3.499, -3.100, -7.209, -3.099, -2.770, -2.596, -3.556, -3.570
-3.510, -2.766, -2.664, -4.814, -4.597, -1.882, -3.160, -2.524, -3.244, -4.066
-3.587, -2.964, -2.776, -2.515, -8.620, -2.967, -3.350, -2.464, -2.787, -3.280
-3.432, -3.425, -4.350, -4.949, -4.797, -1.878, -3.393, -2.777, -2.780, -2.987
-2.854, -3.143, -2.998, -2.949, -2.549, -5.675, -3.306, -2.501, -3.383, -3.397
-4.133, -3.199, -3.573, -3.325, -4.976, -1.538, -4.090, -2.646, -3.259, -3.608
-3.331, -2.903, -3.184, -2.893, -7.307, -2.889, -3.656, -1.812, -3.565, -3.201
-3.015, -3.541, -2.504, -3.797, -2.895, -5.226, -2.747, -3.208, -3.289, -2.881
-2.951, -3.532, -3.503, -2.836, -3.945, -1.548, -4.523, -3.290, -3.212, -3.578
-3.935, -2.851, -3.367, -3.187, -1.503, -4.284, -2.452, -3.742, -2.715, -3.658
-2.772, -2.861, -3.405, -2.780, -1.936, -4.805, -3.045, -3.770, -2.961, -3.714
-2.947, -3.037, -2.809, -4.200, -2.951, -5.722, -3.007, -3.005, -2.885, -3.515
-3.013, -3.135, -4.093, -3.449, -1.154, -4.313, -2.822, -3.497, -3.440, -3.460
-3.159, -4.107, -3.523, -2.563, -1.196, -4.794, -3.716, -3.644, -2.742, -2.946
-2.755, -4.186, -3.457, -3.465, -0.807, -3.521, -2.970, -2.612, -2.454, -3.633
-3.638, -3.365, -3.966, -3.392, -2.391, -5.445, -2.376, -3.452, -3.696, -3.277
-3.253, -2.878, -3.236, -3.298, -1.429, -4.614, -3.261, -3.557, -3.240, -3.421
-3.366, -2.880, -3.467, -2.914, -1.012, -3.823, -3.148, -3.627, -2.911, -3.372
-3.164, -3.136, -3.051, -3.074, -1.052, -3.966, -3.737, -3.149, -2.981, -3.111
-2.552, -2.698, -2.664, -4.244, -2.800, -6.836, -3.391, -2.834, -3.146, -3.091
-3.078, -3.668, -3.361, -3.227, -1.606, -6.500, -3.245, -2.268, -3.247, -3.142
-3.174, -2.844, -3.071, -2.548, -8.881, -3.100, -3.257, -2.419, -3.171, -3.025
-3.124, -3.247, -2.777, -3.471, -5.950, -2.280, -3.053, -3.360, -3.298, -3.238
-3.199, -3.301, -3.473, -3.681, -3.835, -0.837, -2.404, -3.444, -3.437, -3.441
-2.373, -3.097, -3.179, -3.336, -5.727, -2.311, -2.902, -2.478, -2.611, -2.753
-3.437, -3.941, -3.174, -3.066, -1.927, -5.728, -3.679, -2.808, -3.075, -3.241
-3.215, -3.067, -3.276, -2.142, -1.413, -4.296, -3.198, -3.372, -2.738, -3.501
-3.147, -2.563, -2.870, -3.819, -14.142, -3.030, -3.051, -3.074, -3.155, -2.944
-3.410, -3.646, -3.117, -2.687, -2.533, -5.828, -2.822, -2.599, -3.392, -3.476
-3.398, -2.904, -3.378, -2.230, -4.371, -1.800, -3.153, -2.058, -2.750, -3.315
-2.844, -3.523, -3.524, -3.399, -1.498, -4.683, -3.138, -2.532, -3.171, -3.226
-3.692, -3.052, -3.702, -2.765, -2.564, -5.573, -2.964, -3.432, -3.003, -2.958
-3.237, -3.564, -2.376, -4.339, -5.889, -2.116, -3.803, -3.295, -3.556, -2.612
-3.688, -3.396, -2.610, -3.104, -2.488, -5.248, -3.381, -2.959, -3.385, -3.208
-2.797, -3.137, -3.569, -3.185, -4.318, -1.569, -2.376, -2.688, -3.317, -3.007
-3.403, -3.113, -2.263, -5.417, -6.090, -2.239, -3.389, -3.029, -3.038, -3.672
-3.554, -3.027, -3.049, -4.042, -8.260, -3.247, -3.023, -3.170, -3.291, -3.413
-2.784, -3.219, -3.216, -3.080, -2.102, -5.050, -3.644, -2.343, -3.167, -3.636
-3.493, -3.086, -3.080, -3.405, -2.314, -5.989, -2.904, -4.034, -2.612, -3.544
-2.562, -4.056, -2.821, -3.687, -1.233, -4.410, -2.921, -3.422, -2.724, -2.871
-2.993, -2.700, -3.911, -2.455, -2.287, -5.352, -2.557, -3.037, -2.762, -3.861
-3.289, -3.111, -3.489, -4.855, -2.046, -5.417, -3.631, -2.809, -3.048, -3.369
-3.326, -3.382, -2.737, -3.134, -9.085, -3.609, -3.100, -2.822, -3.260, -3.368
-3.342, -3.078, -2.815, -3.335, -5.371, -1.896, -3.337, -2.303, -2.984, -3.083
-3.246, -2.202, -3.128, -3.202, -2.156, -6.064, -3.808, -2.636, -2.851, -2.953
-3.101, -2.917, -3.054, -3.638, -8.868, -3.489, -3.024, -3.517, -3.109, -3.327
-2.621, -4.562, -3.274, -2.838, -1.070, -4.244, -2.709, -3.085, -2.984, -3.526
-3.045, -2.740, -3.301, -2.967, -2.741, -6.375, -3.124, -3.033, -2.803, -3.286
-2.666, -3.210, -3.366, -2.800, -1.103, -4.079, -3.334, -3.256, -2.523, -3.032
-2.988, -3.183, -2.721, -3.499, -1.959, -5.041, -2.609, -3.181, -2.785, -3.285
-3.304, -2.655, -3.444, -4.047, -6.178, -2.705, -3.298, -3.655, -3.572, -3.015
-3.329, -2.922, -3.362, -2.006, -1.699, -4.968, -4.119, -2.807, -3.328, -3.167
-3.050, -3.221, -2.570, -2.929, -2.904, -5.785, -3.341, -2.423, -3.795, -3.492
-3.083, -3.539, -2.712, -3.353, -6.686, -2.415, -2.985, -3.083, -3.009, -3.142
-3.560, -3.139, -2.894, -3.704, -5.966, -2.406, -3.568, -2.810, -3.189, -3.507
-3.374, -2.858, -2.922, -3.709, -5.619, -2.220, -2.964, -2.995, -3.355, -3.436
-3.406, -3.494, -3.518, -2.286, -0.739, -3.882, -3.569, -3.248, -3.669, -3.036
-3.253, -3.724, -2.991, -3.102, -1.718, -4.355, -3.108, -2.898, -3.491, -3.370
-3.144, -2.654, -3.001, -2.557, -5.631, -2.413, -3.113, -3.449, -3.827, -2.982
-2.457, -2.927, -2.965, -4.604, -5.860, -1.672, -2.538, -3.285, -3.599, -2.857
-2.619, -2.975, -3.448, -2.890, -1.531, -4.321, -3.006, -3.662, -2.994, -3.367
-3.100, -3.015, -3.557, -4.437, -4.491, -1.672, -3.421, -2.971, -3.336, -3.037
-3.052, -3.729, -3.829, -1.876, -0.963, -4.289, -3.381, -3.614, -3.239, -3.195
-3.203, -3.343, -3.267, -2.769, -2.286, -5.292, -3.395, -2.925, -3.528, -3.472
-3.142, -3.060, -3.057, -3.507, -1.976, -5.637, -3.240, -2.547, -3.337, -3.546
-3.560, -3.139, -2.591, -4.380, -5.858, -1.583, -2.661, -3.172, -3.167, -3.355
-3.243, -3.032, -3.087, -3.863, -2.834, -5.318, -1.958, -3.986, -2.627, -3.838
-3.050, -2.837, -2.921, -3.276, -6.271, -2.305, -2.987, -3.541, -3.505, -3.831
-3.051, -2.951, -3.015, -3.212, -1.487, -4.600, -3.770, -2.995, -3.547, -3.167
-3.340, -2.878, -2.645, -2.515, -1.112, -3.671, -2.926, -3.169, -3.645, -3.035
-3.206, -3.431, -3.088, -3.718, -1.938, -4.899, -3.009, -2.895, -3.510, -3.320
-3.095, -2.782, -2.941, -3.322, -6.022, -2.241, -3.142, -3.031, -3.111, -3.241
-2.950, -3.561, -2.987, -2.925, -1.982, -7.623, -3.900, -3.238, -2.909, -3.657
-3.200, -3.423, -2.907, -1.980, -1.857, -5.589, -3.255, -3.100, -3.316, -2.926
-2.949, -2.578, -3.244, -1.730, -6.052, -2.673, -3.429, -2.546, -3.686, -2.891
-4.116, -2.868, -2.475, -3.520, -6.754, -2.263, -3.698, -2.667, -3.152, -4.540
-3.317, -3.049, -2.680, -4.021, -2.852, -6.936, -2.951, -2.864, -3.462, -3.188
-3.477, -4.152, -3.787, -3.136, -5.845, -2.320, -2.688, -2.406, -2.771, -3.759
-3.344, -4.366, -3.199, -2.707, -1.434, -5.467, -3.746, -3.159, -2.678, -3.265
-3.357, -3.701, -3.238, -2.376, -1.031, -4.138, -3.493, -2.555, -3.325, -3.132
-3.160, -3.526, -2.786, -2.232, -1.969, -5.445, -3.037, -3.269, -2.913, -3.131
-3.652, -2.876, -3.269, -3.115, -2.440, -5.630, -3.632, -3.965, -3.471, -3.369
-3.939, -3.864, -3.412, -3.995, -4.563, -1.551, -2.210, -3.371, -3.582, -3.234
-3.414, -3.230, -3.525, -3.156, -1.528, -6.302, -2.782, -3.312, -3.595, -3.782
-3.343, -3.504, -2.696, -2.634, -2.388, -4.883, -3.391, -3.080, -3.092, -3.437
-2.903, -3.003, -3.974, -3.162, -1.366, -4.547, -2.485, -3.556, -3.213, -3.198
-3.159, -3.080, -3.221, -3.378, -12.598, -3.873, -2.691, -3.401, -2.992, -3.685
-2.816, -3.534, -3.620, -3.477, -11.313, -3.592, -2.203, -3.220, -3.290, -3.203
-3.269, -3.177, -2.901, -3.916, -4.698, -1.595, -3.324, -2.923, -3.471, -2.828
-3.441, -3.753, -3.668, -3.118, -6.086, -2.478, -3.296, -3.414, -3.559, -3.293
-3.072, -3.149, -3.071, -2.745, -1.820, -5.386, -3.155, -3.176, -3.154, -3.518
-3.472, -3.363, -3.330, -2.483, -2.311, -5.571, -2.933, -3.493, -3.214, -3.092
-3.137, -3.248, -2.865, -4.133, -2.385, -5.360, -2.872, -3.185, -3.388, -3.007
-3.592, -2.690, -2.471, -2.433, -2.957, -5.958, -3.802, -2.834, -3.373, -3.029
-3.106, -3.665, -2.531, -3.932, -2.271, -5.019, -3.108, -3.765, -2.461, -3.624
-2.366, -2.500, -2.588, -2.604, -5.223, -2.306, -3.479, -1.983, -2.515, -3.364
-3.103, -2.322, -3.352, -3.363, -3.398, -1.110, -2.659, -3.911, -3.325, -3.205
-3.572, -2.983, -3.332, -1.235, -6.218, -2.219, -2.865, -2.425, -3.584, -3.139
-3.290, -3.605, -3.241, -2.447, -1.314, -4.394, -3.580, -2.716, -3.488, -3.169
-2.910, -3.599, -3.118, -3.054, -1.686, -5.210, -2.803, -2.654, -3.493, -3.151
-3.249, -2.922, -2.813, -2.633, -2.443, -5.331, -3.022, -3.309, -3.489, -3.923
-2.646, -2.653, -3.310, -2.619, -1.540, -4.495, -2.964, -3.842, -3.263, -3.214
-3.316, -2.979, -3.723, -3.545, -2.001, -6.043, -3.248, -2.639, -3.401, -3.701
-2.436, -3.560, -3.611, -2.133, -6.825, -2.755, -3.033, -2.766, -3.090, -3.458
-2.890, -3.382, -3.962, -2.416, -4.172, -1.509, -2.835, -2.951, -3.371, -2.796
-3.625, -4.205, -3.015, -4.123, -1.077, -4.064, -3.312, -2.520, -3.454, -3.039
-3.261, -3.552, -3.152, -3.561, -2.410, -6.149, -3.701, -2.548, -3.433, -2.826
-2.810, -2.893, -4.605, -3.015, -4.380, -2.294, -3.566, -3.193, -3.708, -3.073
-2.786, -2.946, -3.116, -3.499, -2.183, -5.638, -3.504, -3.655, -3.159, -3.451
-3.567, -3.242, -3.096, -4.001, -6.847, -2.836, -3.722, -2.445, -3.224, -2.993
-3.010, -3.682, -2.678, -1.904, -1.552, -4.493, -2.967, -3.467, -2.794, -3.234
-3.120, -3.473, -3.502, -3.663, -5.610, -2.475, -4.613, -2.922, -3.706, -2.882
-2.805, -2.827, -3.096, -3.280, -6.467, -2.252, -2.436, -2.397, -3.400, -2.340
-3.082, -2.933, -3.161, -3.055, -1.373, -4.522, -3.541, -2.639, -3.361, -3.620
-3.340, -3.279, -2.515, -4.612, -8.528, -2.309, -2.976, -2.848, -3.187, -3.178
-2.914, -3.591, -3.489, -4.199, -7.329, -2.924, -1.952, -3.053, -3.255, -3.274
-3.114, -3.170, -3.335, -3.950, -2.706, -6.322, -2.951, -3.222, -4.337, -3.289
-3.249, -3.052, -3.098, -3.910, -7.931, -2.759, -2.929, -3.281, -3.314, -3.144
-3.123, -3.158, -3.344, -3.709, -12.567, -3.791, -2.805, -3.016, -3.503, -3.387
-3.313, -3.303, -3.953, -3.718, -6.967, -3.143, -3.632, -3.424, -3.223, -3.220
-3.721, -3.187, -3.093, -4.719, -1.656, -4.924, -3.157, -2.563, -3.110, -3.628
-2.609, -3.965, -2.403, -5.159, -2.111, -4.867, -4.074, -2.424, -3.177, -3.508
-2.860, -2.918, -3.423, -3.812, -3.682, -1.105, -2.615, -2.985, -3.476, -3.116
-2.798, -3.391, -2.846, -3.065, -2.085, -4.872, -3.777, -3.021, -3.168, -2.718
-2.906, -2.784, -3.311, -2.718, -2.248, -5.367, -3.454, -2.978, -2.975, -3.364
-3.504, -3.623, -3.205, -2.587, -0.745, -3.731, -3.702, -3.413, -3.179, -2.964
-2.695, -4.124, -2.874, -3.554, -0.743, -3.417, -3.173, -2.814, -3.187, -2.633
-3.362, -2.937, -2.212, -2.713, -2.149, -4.639, -2.428, -2.825, -3.711, -3.138
-3.086, -3.080, -2.842, -2.979, -14.300, -3.810, -3.076, -2.625, -2.942, -3.091
-3.095, -2.233, -2.419, -3.149, -2.329, -6.338, -4.184, -3.100, -3.437, -2.887
-2.933, -2.635, -2.927, -2.585, -5.789, -2.115, -2.429, -2.306, -3.189, -3.280
-3.073, -2.795, -3.286, -2.625, -4.715, -1.767, -3.442, -2.257, -2.841, -2.786
-3.426, -3.589, -3.263, -2.643, -0.745, -3.864, -3.726, -3.226, -3.137, -3.021
-2.984, -4.347, -3.507, -2.575, -0.599, -3.261, -3.304, -3.090, -2.600, -3.398
-3.303, -2.665, -3.166, -3.271, -2.375, -5.739, -3.053, -3.619, -2.631, -3.311
-2.783, -3.354, -3.390, -2.048, -1.555, -4.036, -2.738, -3.594, -2.985, -2.874
-3.224, -2.871, -3.479, -2.738, -2.072, -7.440, -3.313, -2.695, -3.288, -3.335
-3.528, -3.268, -3.198, -2.676, -1.547, -4.347, -3.531, -2.777, -2.986, -3.433
-3.691, -2.838, -3.678, -3.203, -2.634, -6.103, -2.973, -2.795, -3.580, -2.670
-2.547, -2.647, -3.451, -3.015, -5.425, -2.173, -2.558, -2.424, -3.005, -3.846
-2.966, -2.529, -3.480, -2.622, -5.631, -2.742, -4.061, -1.984, -2.945, -2.943
-2.779, -4.168, -3.219, -2.410, -1.765, -3.900, -2.506, -3.461, -3.251, -3.528
-2.529, -3.123, -3.230, -3.778, -4.806, -1.552, -2.908, -2.812, -2.909, -3.392
-3.527, -3.160, -3.080, -4.661, -5.691, -1.354, -3.527, -2.882, -2.907, -3.257
-3.387, -3.669, -3.511, -3.267, -5.768, -2.076, -3.516, -3.900, -3.292, -3.036
-3.788, -3.091, -3.710, -3.642, -4.362, -1.895, -3.598, -2.715, -2.851, -2.421
-3.053, -2.980, -2.853, -3.341, -5.558, -2.135, -2.994, -3.162, -2.977, -3.410
-3.664, -3.431, -3.735, -3.548, -2.270, -6.395, -3.421, -2.282, -3.195, -2.961
-2.939, -3.541, -2.174, -2.789, -2.528, -5.476, -3.202, -3.136, -2.793, -2.369
-3.440, -3.761, -3.343, -2.389, -0.718, -3.735, -3.560, -3.465, -3.191, -2.996
-3.973, -2.456, -3.701, -4.469, -3.851, -1.330, -2.311, -3.466, -3.037, -2.990
-3.461, -3.090, -3.616, -2.559, -3.064, -6.953, -3.184, -2.563, -3.213, -3.230
-3.496, -3.279, -2.677, -3.628, -1.024, -4.162, -3.445, -3.566, -3.245, -2.969
-3.446, -3.017, -2.654, -2.485, -1.947, -5.292, -1.958, -2.813, -3.333, -3.115
-2.926, -3.796, -3.135, -3.656, -1.275, -3.795, -2.126, -3.937, -3.230, -3.249
-2.950, -3.422, -3.052, -3.465, -4.866, -1.989, -2.967, -2.720, -2.686, -2.775
-3.191, -2.636, -3.738, -2.723, -1.591, -5.503, -3.102, -3.191, -3.510, -3.120
-3.371, -3.820, -3.152, -2.427, -0.702, -4.349, -3.445, -3.890, -3.292, -2.717
-3.287, -3.087, -2.849, -4.070, -5.475, -1.913, -2.951, -2.790, -3.155, -3.222
-3.602, -3.777, -3.017, -4.143, -5.515, -1.828, -2.945, -2.843, -2.917, -3.015
-3.231, -3.328, -3.047, -3.315, -5.395, -2.018, -3.480, -3.098, -3.053, -2.160
-3.347, -2.851, -3.058, -3.877, -6.964, -1.658, -2.895, -2.646, -3.041, -3.567
-3.008, -3.843, -2.533, -2.354, -1.755, -4.430, -2.571, -2.960, -3.046, -3.180
-2.268, -4.511, -3.917, -3.283, -1.096, -4.211, -2.949, -3.077, -2.975, -3.110
-3.501, -2.521, -3.070, -3.419, -5.348, -1.447, -3.226, -3.975, -3.166, -3.039
-3.169, -3.019, -2.663, -2.052, -2.837, -5.764, -3.578, -3.745, -3.562, -3.282
-3.065, -3.426, -2.996, -3.979, -8.484, -3.604, -3.440, -2.844, -3.716, -3.251
-3.306, -2.827, -2.946, -2.423, -5.875, -2.571, -3.858, -2.705, -2.823, -3.256
-3.153, -3.689, -3.797, -3.205, -2.022, -6.667, -2.565, -3.522, -3.527, -3.505
-2.860, -3.933, -3.024, -2.325, -2.374, -5.443, -3.505, -3.113, -3.165, -3.305
-3.133, -3.221, -3.480, -2.990, -7.357, -2.353, -3.269, -3.435, -2.951, -3.248
-3.328, -3.411, -3.568, -2.770, -1.317, -5.301, -3.608, -2.633, -3.495, -3.339
-3.506, -2.793, -2.349, -3.498, -2.759, -5.864, -3.778, -4.112, -2.563, -3.109
-4.021, -2.809, -4.102, -1.784, -3.565, -1.256, -2.807, -2.628, -2.627, -3.642
-3.021, -3.750, -3.166, -3.081, -3.790, -0.976, -3.316, -4.157, -3.356, -3.232
-3.289, -3.569, -3.040, -3.882, -1.755, -5.002, -3.452, -2.357, -3.809, -2.961
-2.724, -3.557, -3.701, -3.083, -5.119, -1.492, -3.643, -4.463, -2.998, -3.149
-3.160, -2.873, -3.169, -3.239, -6.357, -1.847, -3.020, -3.127, -2.982, -3.479
-3.360, -3.097, -2.968, -3.522, -8.124, -2.634, -3.369, -2.648, -3.161, -3.131
-2.996, -3.838, -3.065, -2.499, -1.694, -4.209, -3.066, -3.069, -2.844, -3.147
-2.932, -3.132, -3.479, -3.535, -5.611, -2.248, -3.341, -3.312, -3.081, -3.016
-2.812, -3.291, -3.570, -3.519, -0.990, -4.191, -2.920, -3.689, -3.281, -3.792
-3.347, -3.643, -2.981, -3.205, -1.958, -5.566, -3.383, -2.653, -3.515, -3.239
-3.412, -3.607, -3.021, -2.001, -1.049, -4.581, -3.600, -3.171, -2.934, -3.173
-2.332, -2.820, -3.736, -3.383, -5.852, -2.013, -2.644, -2.874, -3.296, -3.291
-3.198, -4.770, -2.590, -2.970, -1.272, -3.895, -3.119, -3.508, -3.172, -2.649
-3.382, -3.460, -2.840, -2.927, -2.653, -5.139, -2.831, -2.772, -3.628, -3.408
-2.696, -3.380, -2.983, -2.033, -1.825, -5.740, -2.589, -3.510, -2.969, -3.057
-2.926, -2.766, -3.096, -3.302, -3.276, -6.740, -2.908, -2.939, -2.535, -3.271
-3.083, -3.003, -2.522, -3.789, -5.266, -2.124, -3.528, -2.699, -2.865, -3.523
-4.049, -2.317, -2.671, -2.620, -7.767, -2.631, -3.977, -3.454, -3.445, -2.665
-3.325, -3.050, -2.735, -4.133, -14.808, -3.943, -2.955, -3.712, -3.708, -2.947
-3.650, -3.054, -3.450, -3.701, -2.970, -6.205, -2.819, -4.012, -3.894, -3.368
-3.419, -2.881, -2.850, -3.715, -8.606, -2.960, -2.541, -2.686, -3.576, -3.191
-3.185, -3.178, -3.337, -3.580, -8.704, -3.339, -2.698, -3.484, -3.374, -3.731
-3.573, -2.876, -3.286, -4.114, -1.748, -4.989, -2.476, -3.163, -3.264, -3.540
-3.293, -3.153, -2.913, -4.228, -2.741, -5.346, -2.508, -2.614, -3.111, -3.328
-3.158, -2.619, -3.404, -3.138, -4.629, -1.992, -3.214, -2.555, -3.394, -3.260
-3.440, -3.032, -3.197, -2.880, -7.176, -2.506, -2.772, -3.064, -3.032, -3.496
-3.251, -3.116, -3.165, -4.123, -5.832, -1.983, -3.078, -3.019, -3.052, -3.281
-2.824, -3.249, -3.113, -2.846, -2.142, -5.697, -3.820, -2.297, -3.251, -3.246
-3.442, -3.402, -3.317, -3.012, -0.828, -3.651, -3.372, -4.375, -3.461, -3.051
-2.984, -2.815, -2.949, -3.080, -1.774, -4.957, -2.577, -2.744, -3.706, -2.982
-3.082, -2.980, -2.996, -3.287, -9.474, -3.978, -3.060, -3.043, -2.786, -3.034
-2.954, -4.033, -2.719, -2.352, -1.966, -4.596, -2.493, -3.202, -2.936, -3.258
-3.449, -3.207, -3.175, -4.551, -1.726, -4.538, -3.009, -4.013, -3.037, -3.241
-2.677, -2.802, -3.545, -2.402, -7.117, -3.264, -3.988, -2.779, -3.418, -2.642
-3.465, -3.543, -2.553, -3.207, -2.301, -5.200, -2.534, -2.605, -2.934, -3.173
-3.039, -2.690, -3.132, -3.642, -6.338, -1.893, -3.180, -2.071, -4.037, -3.142
-2.862, -3.642, -4.346, -3.417, -6.631, -2.039, -3.954, -3.484, -3.082, -3.241
-3.473, -2.849, -3.130, -2.889, -7.746, -2.764, -3.187, -2.813, -3.179, -3.255
-3.416, -3.026, -3.032, -2.649, -2.141, -6.274, -3.255, -3.557, -3.317, -3.246
-2.574, -3.344, -3.093, -2.746, -1.979, -6.070, -3.932, -2.903, -3.268, -3.312
-3.411, -2.746, -2.605, -1.857, -5.309, -1.390, -3.968, -1.689, -2.651, -3.243
-3.188, -2.053, -3.693, -3.511, -5.011, -2.397, -2.820, -1.735, -3.117, -3.287
-3.123, -3.507, -2.657, -2.538, -2.213, -4.984, -2.934, -3.043, -3.561, -3.126
-3.294, -2.634, -2.744, -2.758, -9.216, -2.884, -3.472, -3.313, -2.839, -3.249
-3.050, -2.452, -3.287, -3.116, -4.879, -1.936, -3.240, -3.117, -3.034, -2.835
-3.136, -2.491, -3.102, -3.384, -9.670, -2.907, -3.107, -3.158, -3.670, -3.149
-3.052, -3.887, -3.449, -2.746, -1.081, -4.561, -3.108, -2.955, -3.262, -3.249
-3.360, -3.030, -4.941, -3.374, -3.466, -1.676, -2.749, -3.236, -3.501, -3.235
-2.832, -3.843, -2.664, -2.331, -2.078, -5.507, -4.803, -3.110, -3.295, -3.517
-3.346, -3.542, -2.868, -3.134, -1.579, -5.987, -3.482, -3.977, -2.827, -3.110
-3.422, -3.261, -3.032, -3.219, -2.538, -8.194, -3.049, -3.132, -3.775, -3.398
-3.844, -2.506, -2.956, -3.294, -6.922, -2.363, -2.657, -2.496, -3.662, -3.632
-2.404, -2.814, -3.372, -2.813, -1.916, -4.618, -2.848, -4.098, -2.666, -3.443
-1.646, -2.351, -3.525, -2.587, -5.194, -1.496, -2.349, -2.082, -3.072, -3.411
-3.180, -2.536, -2.907, -2.739, -5.574, -2.411, -4.054, -3.151, -4.870, -3.055
-3.878, -3.645, -3.038, -2.636, -2.438, -6.055, -3.700, -2.829, -3.343, -3.169
-2.590, -3.534, -4.300, -1.912, -0.743, -3.937, -3.002, -3.443, -2.988, -3.027
-3.473, -3.139, -2.188, -3.027, -2.144, -6.372, -2.700, -2.734, -3.735, -3.245
-2.101, -2.976, -3.057, -3.258, -4.372, -1.770, -3.380, -2.612, -3.346, -2.862
-3.017, -3.094, -3.123, -2.862, -1.900, -5.246, -3.303, -3.289, -3.063, -3.172
-3.285, -3.006, -3.105, -2.988, -7.173, -2.861, -3.778, -1.663, -3.309, -3.037
-3.391, -3.176, -2.830, -2.630, -1.851, -4.719, -3.492, -2.949, -3.072, -2.995
-3.337, -3.836, -2.835, -3.882, -4.381, -1.533, -3.573, -3.832, -3.131, -2.965
-3.272, -3.401, -2.921, -2.958, -5.417, -2.170, -3.308, -3.460, -3.315, -3.103
-3.327, -3.210, -3.178, -3.459, -6.570, -2.563, -3.197, -3.310, -3.380, -3.264
-3.392, -2.734, -2.984, -3.646, -2.624, -6.198, -3.564, -2.974, -3.252, -2.602
-3.319, -3.293, -3.132, -2.512, -4.760, -1.645, -3.257, -2.759, -3.032, -3.465
-3.181, -3.058, -3.844, -3.434, -4.129, -1.862, -3.468, -3.969, -3.394, -3.286
-3.201, -2.964, -3.406, -4.300, -6.511, -1.735, -2.667, -3.098, -3.468, -3.327
-3.168, -3.755, -2.985, -2.441, -2.151, -4.741, -2.861, -3.034, -3.108, -3.226
-3.443, -2.863, -2.677, -4.251, -15.854, -3.393, -3.108, -3.274, -3.312, -2.884
-2.980, -2.628, -3.218, -2.835, -3.055, -1.055, -2.958, -3.825, -2.851, -3.306
-3.433, -4.557, -3.375, -3.288, -1.245, -5.570, -3.334, -3.305, -2.914, -3.180
-2.609, -3.476, -3.502, -3.186, -4.754, -1.998, -2.704, -3.614, -3.902, -2.561
-3.273, -2.849, -3.140, -3.064, -6.563, -2.045, -3.245, -2.390, -3.097, -3.112
-3.377, -3.036, -3.355, -3.289, -2.306, -5.304, -2.485, -4.400, -3.931, -3.173
-2.789, -2.739, -3.815, -2.707, -5.448, -1.889, -2.806, -1.943, -3.193, -2.622
-2.628, -3.647, -2.884, -2.540, -5.507, -1.593, -3.587, -3.831, -2.214, -2.957
-3.513, -4.057, -2.826, -2.284, -2.167, -5.584, -3.443, -3.542, -2.882, -3.304
-2.790, -3.828, -3.361, -2.549, -0.849, -4.037, -3.173, -2.888, -2.924, -3.004
-3.503, -3.320, -3.593, -2.359, -2.377, -5.394, -2.993, -2.968, -2.874, -3.113
-3.292, -3.598, -3.218, -2.899, -1.632, -5.010, -2.915, -3.621, -3.754, -3.084
-3.582, -3.296, -2.906, -3.310, -2.528, -7.765, -2.913, -2.574, -3.745, -3.185
-3.333, -3.385, -2.979, -4.985, -7.628, -3.073, -3.011, -3.270, -3.302, -3.210
-3.061, -4.001, -3.023, -2.479, -1.938, -4.826, -3.159, -3.229, -3.036, -3.281
-2.721, -2.648, -3.247, -3.068, -3.227, -6.907, -2.878, -3.102, -2.879, -3.321
-3.260, -3.086, -3.179, -2.564, -10.553, -3.914, -3.467, -2.983, -2.682, -3.135
-3.640, -3.268, -2.496, -4.623, -10.333, -3.380, -3.299, -3.227, -3.154, -3.223
-2.537, -2.981, -3.463, -3.386, -1.090, -4.036, -2.890, -3.482, -3.117, -3.528
-3.233, -2.642, -2.976, -2.463, -2.516, -5.468, -3.656, -3.291, -2.888, -3.667
-3.599, -3.253, -2.965, -2.701, -6.756, -2.301, -3.523, -2.543, -3.391, -3.393
-3.021, -3.216, -3.662, -2.281, -1.488, -4.810, -3.099, -4.221, -3.219, -3.167
-3.072, -2.960, -3.238, -2.969, -2.250, -7.071, -3.510, -3.145, -3.214, -3.386
-3.086, -2.669, -2.743, -3.605, -12.021, -3.598, -3.292, -3.202, -3.362, -2.924
-2.558, -3.251, -3.294, -3.751, -6.178, -2.523, -2.588, -3.149, -3.106, -2.918
-3.336, -3.146, -3.688, -3.231, -6.135, -2.498, -3.410, -2.864, -3.289, -3.083
-3.779, -2.553, -3.804, -1.024, -4.695, -1.924, -3.208, -2.742, -3.194, -2.863
-2.578, -3.428, -2.832, -3.330, -1.845, -4.975, -3.546, -3.289, -2.699, -2.875
-2.920, -2.579, -3.588, -2.559, -5.440, -1.773, -3.327, -3.346, -2.691, -3.412
-3.267, -3.888, -2.975, -2.623, -1.861, -5.469, -3.954, -3.303, -3.201, -2.898
-3.102, -4.355, -3.119, -2.423, -1.608, -5.689, -2.710, -3.144, -3.578, -3.715
-3.697, -2.566, -2.699, -3.359, -7.066, -2.712, -3.465, -3.129, -3.497, -2.981
-2.751, -3.018, -3.083, -3.910, -2.342, -5.639, -2.993, -2.748, -3.258, -3.392
-3.541, -3.568, -2.975, -4.038, -4.755, -1.470, -3.285, -3.177, -3.230, -3.253
-3.243, -3.091, -3.095, -3.332, -1.793, -5.745, -3.539, -3.069, -3.604, -3.340
-3.507, -3.325, -2.610, -4.242, -8.789, -3.163, -2.936, -3.277, -3.368, -3.278
-2.599, -3.687, -3.164, -4.281, -6.222, -2.072, -3.010, -2.483, -3.487, -3.010
-3.232, -3.181, -3.526, -4.111, -6.138, -2.449, -3.963, -3.161, -2.949, -2.821
-3.032, -3.751, -3.311, -3.097, -1.284, -3.842, -2.792, -2.919, -3.318, -3.401
-3.507, -3.337, -3.160, -3.965, -9.163, -3.469, -3.091, -2.643, -3.517, -3.377
-3.381, -2.888, -3.346, -2.555, -2.036, -5.565, -3.531, -3.375, -3.661, -3.205
-3.486, -3.941, -2.204, -2.947, -2.474, -4.491, -2.606, -3.131, -3.995, -3.143
-3.329, -2.978, -3.328, -3.687, -3.109, -6.454, -2.986, -3.000, -3.370, -3.436
-3.354, -3.093, -2.711, -3.887, -4.600, -1.562, -2.959, -2.650, -3.018, -3.556
-3.101, -2.925, -3.827, -3.548, -5.765, -2.923, -3.798, -2.943, -3.168, -2.907
-3.500, -3.553, -3.216, -2.653, -0.856, -3.922, -3.641, -3.216, -3.376, -2.970
-3.021, -3.773, -3.583, -2.661, -5.704, -1.904, -2.364, -2.303, -3.544, -2.630
-2.890, -3.000, -2.873, -3.929, -5.944, -2.540, -2.764, -2.565, -3.345, -3.095
-2.952, -3.093, -3.606, -2.955, -1.797, -4.949, -2.908, -3.637, -3.240, -3.415
-3.450, -2.395, -3.305, -3.725, -2.426, -7.298, -3.415, -2.997, -3.075, -2.718
-3.274, -2.863, -3.113, -3.080, -9.821, -3.435, -3.511, -2.881, -2.949, -3.120
-3.954, -2.713, -2.956, -2.351, -8.689, -2.937, -3.395, -2.821, -2.628, -3.299
-3.013, -2.619, -3.184, -2.797, -6.731, -1.487, -3.115, -2.075, -2.932, -2.752
-3.153, -3.680, -3.564, -2.711, -9.377, -3.734, -2.578, -3.001, -3.423, -2.858
-3.573, -3.415, -3.190, -3.567, -1.777, -5.687, -3.621, -2.987, -3.512, -3.187
-3.348, -3.107, -2.148, -2.769, -5.386, -1.049, -4.432, -2.574, -2.476, -2.611
-3.218, -3.198, -3.163, -3.894, -5.076, -2.134, -3.228, -3.365, -3.467, -2.866
-3.015, -3.724, -3.493, -3.061, -2.455, -5.092, -2.655, -2.963, -3.308, -3.183
-3.121, -2.660, -2.697, -3.818, -2.297, -5.420, -3.912, -3.534, -2.804, -3.683
-3.032, -3.785, -3.491, -2.962, -1.310, -5.409, -2.754, -2.967, -3.615, -3.461
-3.158, -3.122, -2.519, -3.352, -9.389, -3.355, -3.125, -2.818, -3.404, -3.127
-3.542, -3.286, -3.313, -3.450, -4.839, -1.952, -3.998, -2.596, -3.271, -3.321
-2.796, -3.047, -3.551, -2.411, -4.208, -1.276, -2.717, -2.691, -2.876, -3.283
-2.773, -3.069, -2.691, -3.151, -2.074, -5.828, -4.710, -2.856, -3.480, -2.747
-2.854, -3.462, -2.585, -4.546, -7.053, -2.702, -3.239, -2.363, -2.962, -3.352
-3.063, -3.409, -3.226, -3.199, -11.042, -3.453, -2.498, -3.040, -3.531, -3.301
-3.225, -2.532, -2.539, -4.961, -3.376, -1.016, -3.399, -3.100, -3.543, -3.043
-2.606, -3.369, -3.128, -3.188, -2.322, -5.451, -3.016, -2.469, -2.821, -3.459
-3.027, -3.031, -2.627, -2.944, -5.705, -1.947, -3.176, -3.047, -2.877, -3.544
-3.550, -4.190, -2.952, -3.460, -1.508, -5.102, -3.312, -3.109, -3.610, -2.927
-3.317, -2.901, -2.800, -2.402, -8.019, -3.371, -3.478, -2.655, -2.831, -2.802
-3.962, -3.704, -2.624, -2.620, -1.213, -3.876, -4.419, -2.994, -2.555, -3.463
-3.365, -3.466, -4.747, -2.829, -3.362, -1.688, -4.037, -4.004, -3.267, -2.854
-3.242, -3.162, -3.155, -3.723, -4.146, -1.254, -2.902, -3.522, -3.610, -3.325
-3.369, -2.450, -3.286, -2.255, -2.006, -5.263, -3.650, -3.169, -2.900, -3.286
-3.869, -3.481, -3.975, -4.046, -2.660, -5.866, -2.793, -2.430, -2.701, -2.900
-2.803, -3.259, -3.236, -2.670, -6.570, -2.289, -2.771, -3.221, -3.209, -2.760
-2.682, -2.994, -3.856, -3.040, -1.867, -5.421, -1.593, -3.229, -4.171, -3.925
-2.572, -2.766, -3.446, -2.807, -1.615, -4.362, -2.940, -3.765, -2.974, -3.349
-3.428, -4.195, -3.340, -2.585, -1.836, -5.763, -3.540, -3.578, -3.211, -2.921
-3.140, -3.500, -4.417, -3.080, -3.980, -1.454, -3.292, -2.659, -3.612, -3.114
-2.846, -3.406, -3.404, -3.442, -3.975, -1.557, -3.659, -3.883, -3.273, -3.289
-3.073, -3.399, -3.416, -3.567, -5.057, -1.251, -3.321, -2.589, -3.189, -3.150
-3.558, -3.451, -3.448, -3.057, -1.636, -5.716, -2.447, -2.863, -2.869, -3.337
-3.685, -3.740, -3.427, -3.557, -6.094, -2.360, -3.150, -3.075, -3.027, -3.066
-2.843, -3.457, -3.215, -3.033, -1.383, -4.412, -3.971, -3.645, -3.255, -3.114
-3.222, -2.623, -2.194, -2.978, -2.739, -5.383, -2.870, -2.984, -3.128, -3.158
-2.940, -3.516, -2.645, -6.259, -1.440, -4.658, -3.396, -3.552, -2.711, -3.157
-2.957, -3.407, -2.588, -3.785, -2.498, -5.539, -4.121, -3.007, -3.576, -4.126
-3.121, -2.862, -3.572, -3.647, -2.403, -5.681, -3.361, -3.097, -2.985, -3.651
-3.339, -3.504, -3.115, -3.884, -1.468, -4.261, -3.207, -3.331, -2.427, -3.453
-2.861, -3.476, -1.933, -3.304, -2.278, -4.224, -2.091, -3.482, -3.760, -2.545
-3.302, -3.351, -3.756, -3.688, -4.749, -2.141, -3.728, -2.868, -3.027, -3.483
-3.584, -3.585, -3.730, -2.505, -5.341, -1.945, -2.670, -3.165, -2.859, -3.297
-3.040, -3.672, -3.523, -2.936, -6.178, -1.733, -3.711, -3.686, -2.725, -3.312
-3.288, -3.243, -2.831, -3.684, -6.749, -2.692, -3.645, -3.253, -3.203, -3.405
-3.992, -3.386, -2.530, -2.515, -2.415, -5.910, -3.823, -3.242, -3.629, -3.294
-3.578, -3.443, -3.165, -2.444, -0.753, -3.662, -3.762, -3.405, -3.214, -3.002
-3.263, -2.504, -4.546, -2.244, -4.471, -1.733, -3.357, -3.019, -3.056, -3.887
-3.692, -2.493, -3.563, -3.516, -5.712, -1.616, -3.182, -3.409, -3.809, -3.165
-3.428, -3.766, -2.930, -3.189, -1.914, -5.986, -3.237, -2.618, -3.772, -2.969
-3.307, -2.549, -3.178, -2.734, -2.165, -5.348, -3.660, -3.096, -3.712, -3.122
-3.307, -3.374, -3.421, -3.521, -1.247, -5.125, -2.482, -3.330, -3.006, -3.888
-3.071, -2.820, -3.416, -2.428, -1.310, -4.485, -3.226, -3.982, -3.737, -2.936
-2.983, -3.045, -3.375, -3.348, -6.993, -3.134, -3.338, -3.280, -3.565, -3.191
-3.231, -3.241, -2.684, -4.743, -17.493, -3.681, -2.804, -3.261, -3.422, -3.070
-2.941, -3.582, -2.848, -4.007, -5.157, -1.687, -3.233, -2.373, -3.093, -2.553
-2.739, -3.307, -3.464, -1.941, -1.991, -4.593, -2.809, -2.869, -2.817, -3.396
-1.969, -2.965, -3.434, -4.586, -5.795, -2.218, -2.076, -2.957, -3.793, -3.091
-3.356, -3.130, -3.224, -3.536, -5.352, -1.655, -3.074, -3.824, -2.892, -2.718
-3.327, -3.224, -3.074, -3.979, -7.734, -2.395, -3.367, -3.207, -3.044, -3.206
-2.941, -3.216, -3.286, -2.449, -4.334, -1.721, -3.339, -2.661, -3.332, -3.547
-3.090, -3.626, -3.300, -2.396, -1.250, -4.333, -3.262, -3.073, -3.152, -3.485
-2.921, -3.366, -3.444, -2.662, -1.275, -4.017, -3.103, -3.787, -3.348, -3.069
-4.086, -3.272, -3.010, -1.824, -5.137, -2.007, -4.034, -2.594, -3.071, -3.206
-3.055, -3.271, -2.775, -4.211, -8.548, -3.606, -4.052, -3.647, -3.481, -3.197
-3.226, -3.452, -3.565, -3.725, -2.010, -6.345, -3.128, -2.526, -3.485, -3.841
-3.218, -3.434, -3.381, -3.525, -6.770, -2.460, -3.120, -3.411, -3.151, -3.422
-2.955, -3.257, -3.232, -3.632, -2.025, -4.982, -3.007, -2.634, -3.411, -3.578
-3.587, -3.361, -3.123, -3.369, -9.479, -3.307, -3.111, -3.044, -3.278, -3.643
-3.434, -3.689, -4.082, -2.256, -1.459, -5.348, -2.957, -3.371, -3.882, -3.671
-3.237, -2.586, -2.467, -2.487, -6.045, -2.048, -2.395, -2.646, -3.096, -3.533
-3.145, -4.120, -3.195, -2.445, -1.481, -5.581, -3.439, -2.704, -2.909, -3.217
-3.378, -3.897, -2.593, -3.646, -2.056, -5.064, -2.801, -2.750, -3.362, -3.184
-2.997, -3.734, -3.872, -2.054, -1.493, -5.645, -3.238, -3.247, -3.008, -2.962
-2.538, -3.832, -3.452, -2.967, -1.390, -3.982, -2.777, -2.513, -2.712, -3.239
-2.971, -3.430, -3.235, -3.834, -5.532, -1.971, -2.980, -2.506, -3.457, -2.820
-3.451, -3.241, -3.226, -3.108, -6.056, -2.123, -3.533, -3.214, -2.987, -2.960
-2.672, -4.088, -3.267, -4.971, -1.005, -3.734, -2.880, -3.359, -2.814, -4.125
-2.845, -2.589, -3.547, -2.558, -2.647, -6.899, -3.849, -2.730, -2.886, -3.135
-4.048, -2.949, -3.403, -3.361, -2.000, -5.776, -2.859, -3.293, -3.141, -3.233
-2.987, -2.763, -3.341, -3.218, -6.299, -2.289, -2.951, -2.111, -3.286, -3.156
-2.875, -3.438, -3.479, -1.998, -1.630, -4.682, -3.451, -3.253, -2.940, -3.178
-2.979, -2.730, -3.212, -4.079, -2.118, -5.483, -3.278, -2.829, -3.142, -3.605
-3.093, -3.024, -2.898, -3.168, -8.855, -3.563, -2.942, -2.569, -3.179, -3.244
-3.570, -3.264, -3.359, -1.916, -1.157, -5.477, -3.246, -3.897, -3.058, -3.188
-2.655, -3.080, -3.322, -2.789, -1.376, -4.311, -2.986, -3.691, -3.037, -3.309
-3.343, -3.131, -4.102, -3.296, -4.361, -1.910, -3.736, -3.302, -3.199, -2.940
-3.015, -3.233, -3.364, -3.749, -8.346, -3.316, -2.899, -3.271, -3.284, -3.266
-3.315, -3.509, -3.404, -2.840, -1.202, -4.067, -3.444, -3.357, -2.768, -2.685
-3.388, -3.041, -2.815, -2.924, -2.047, -5.905, -3.346, -2.942, -3.638, -3.361
-3.091, -3.862, -2.396, -2.332, -1.873, -4.602, -2.639, -3.122, -3.014, -3.200
-3.133, -3.266, -3.715, -2.579, -6.480, -2.487, -2.810, -2.177, -3.319, -3.119
-3.213, -3.090, -3.005, -3.673, -4.830, -1.229, -2.741, -3.189, -3.678, -3.618
-2.720, -2.917, -3.152, -3.748, -2.356, -0.973, -3.898, -2.634, -3.307, -3.128
-3.153, -4.095, -2.640, -2.693, -2.203, -5.321, -2.772, -3.867, -3.066, -3.171
-3.613, -3.102, -3.939, -3.884, -2.532, -6.129, -2.657, -3.119, -3.449, -3.496
-3.200, -3.520, -3.655, -2.149, -0.872, -3.685, -3.177, -2.918, -3.164, -3.401
-3.206, -2.739, -3.159, -3.541, -2.742, -6.754, -3.135, -3.366, -3.379, -3.547
-2.860, -4.080, -3.138, -2.913, -1.662, -4.076, -2.228, -3.327, -3.253, -3.198
-4.178, -2.447, -3.757, -3.732, -3.857, -1.126, -2.539, -3.099, -3.265, -3.658
-3.220, -2.877, -2.935, -3.424, -3.903, -1.019, -3.927, -3.590, -2.902, -2.896
-3.021, -3.473, -3.574, -2.428, -1.684, -4.623, -3.090, -2.782, -3.281, -3.478
-2.822, -3.219, -2.967, -4.082, -1.297, -4.272, -2.989, -3.077, -2.823, -2.607
-3.521, -4.087, -2.671, -2.952, -1.358, -4.732, -4.195, -3.741, -2.519, -3.165
-2.816, -3.245, -3.504, -3.476, -1.646, -4.728, -2.524, -3.408, -3.235, -3.490
-2.703, -2.880, -4.209, -3.359, -5.414, -2.349, -2.344, -2.405, -4.124, -2.938
-3.242, -3.689, -2.253, -2.454, -2.323, -4.614, -2.675, -3.221, -3.237, -3.208
-3.222, -3.757, -3.564, -3.119, -0.647, -3.494, -2.965, -3.200, -3.712, -3.430
-3.502, -2.814, -3.178, -3.156, -2.039, -5.693, -2.533, -3.444, -3.019, -3.493
-2.855, -2.989, -3.468, -3.144, -7.440, -2.475, -3.092, -3.455, -2.968, -3.638
-3.064, -2.876, -3.475, -1.676, -1.321, -4.507, -3.627, -4.768, -3.030, -2.751
-2.964, -2.789, -3.504, -3.164, -7.709, -2.915, -2.302, -3.334, -3.107, -3.607
-3.355, -3.857, -2.672, -2.655, -3.049, -5.148, -2.709, -3.429, -3.468, -3.303
-3.266, -3.477, -3.947, -3.292, -5.205, -1.798, -3.150, -4.118, -3.613, -3.607
-3.246, -3.975, -2.946, -2.866, -1.964, -5.172, -2.758, -2.723, -3.416, -3.222
-3.160, -3.355, -3.890, -4.280, -3.805, -1.039, -2.866, -3.447, -3.738, -2.817
-3.335, -3.734, -3.646, -2.610, -1.735, -4.385, -2.585, -3.559, -3.221, -3.123
-2.786, -3.284, -2.703, -4.452, -5.050, -1.913, -3.183, -2.138, -2.974, -3.319
-3.151, -3.877, -3.149, -2.277, -2.364, -4.969, -3.009, -3.082, -3.207, -3.324
-3.701, -3.585, -3.664, -2.275, -1.846, -6.505, -3.616, -3.976, -3.830, -3.332
-2.830, -2.883, -3.297, -2.940, -3.290, -1.298, -3.599, -3.220, -3.560, -3.118
-3.811, -3.380, -3.184, -3.864, -5.574, -1.955, -3.609, -2.209, -3.326, -3.296
-3.014, -3.708, -2.683, -4.244, -6.960, -2.702, -3.526, -3.040, -3.164, -2.207
-3.408, -2.877, -2.939, -3.523, -8.749, -3.702, -3.137, -2.629, -3.730, -3.040
-3.313, -3.332, -2.954, -3.894, -8.027, -3.293, -3.113, -3.335, -3.174, -3.226
-2.986, -2.778, -2.918, -3.562, -2.709, -6.455, -2.608, -3.074, -3.163, -3.200
-3.563, -3.418, -3.493, -2.851, -1.590, -4.736, -2.729, -3.375, -3.333, -3.435
-3.396, -2.287, -2.884, -4.627, -2.902, -6.421, -3.091, -2.950, -2.967, -2.828
-3.009, -3.077, -2.971, -3.429, -1.965, -5.244, -4.061, -3.615, -3.189, -3.074
-3.365, -3.380, -3.603, -1.855, -0.949, -3.927, -2.928, -4.102, -3.231, -3.122
-3.108, -3.424, -3.056, -2.548, -4.795, -1.933, -3.284, -2.925, -2.987, -3.063
-2.887, -3.357, -4.013, -4.387, -6.724, -2.526, -2.485, -3.993, -3.949, -2.339
-3.368, -3.407, -3.227, -3.383, -1.665, -4.811, -2.899, -3.559, -2.157, -3.192
-3.790, -2.576, -2.982, -2.651, -5.903, -2.638, -3.373, -2.860, -2.745, -2.756
-3.012, -3.139, -3.363, -2.052, -1.826, -4.926, -3.535, -3.252, -3.452, -3.211
-4.374, -2.949, -3.423, -3.315, -4.352, -1.189, -2.471, -2.829, -3.050, -3.980
-3.223, -2.536, -3.056, -4.027, -4.494, -1.821, -2.991, -3.552, -3.328, -3.181
-2.628, -3.748, -3.634, -2.609, -1.379, -3.875, -2.572, -2.843, -2.054, -2.763
-3.892, -3.617, -2.843, -3.907, -7.646, -3.044, -3.434, -2.887, -2.913, -3.121
-2.998, -2.928, -4.428, -2.264, -3.730, -1.850, -3.648, -2.753, -3.268, -3.324
-3.128, -3.340, -3.051, -3.396, -1.872, -5.325, -3.360, -2.351, -3.434, -3.469
-3.367, -3.039, -2.741, -3.369, -1.963, -6.376, -3.237, -3.643, -3.390, -2.932
-3.380, -3.356, -3.834, -1.462, -1.359, -5.032, -3.565, -3.908, -2.923, -2.990
-3.165, -3.387, -3.710, -3.776, -1.937, -5.036, -2.296, -2.510, -3.832, -3.422
-3.241, -3.029, -3.616, -3.011, -1.139, -4.594, -3.032, -3.615, -3.942, -3.226
-3.103, -2.823, -3.585, -4.063, -5.727, -2.723, -2.259, -2.754, -4.051, -2.496
-3.294, -2.779, -3.551, -4.350, -2.492, -6.200, -2.973, -2.749, -3.216, -2.786
-2.994, -3.353, -3.220, -2.415, -1.779, -4.614, -3.070, -3.394, -3.136, -3.273
-2.898, -4.186, -3.116, -3.536, -2.005, -4.575, -3.100, -3.011, -3.018, -3.302
-3.140, -3.464, -2.724, -2.962, -2.092, -5.001, -2.555, -3.292, -3.482, -2.985
-3.460, -3.453, -2.732, -3.782, -5.534, -1.986, -3.311, -2.887, -2.875, -3.381
-3.303, -2.641, -4.064, -2.889, -3.657, -1.797, -3.708, -3.328, -3.039, -2.861
-2.919, -2.879, -4.208, -3.527, -4.206, -1.924, -1.944, -2.978, -3.542, -2.243
-3.967, -3.019, -3.167, -2.978, -5.150, -1.814, -3.746, -3.331, -3.186, -3.137
-2.650, -2.971, -3.426, -3.271, -1.984, -5.666, -3.826, -2.874, -3.349, -3.573
-2.429, -3.353, -3.186, -2.333, -2.144, -4.867, -3.530, -2.771, -3.005, -3.514
-3.234, -3.172, -3.091, -2.979, -8.251, -3.428, -3.511, -2.929, -3.336, -2.889
-3.403, -2.901, -2.842, -2.690, -5.514, -1.663, -3.418, -3.207, -3.081, -3.064
-2.969, -3.760, -3.345, -3.497, -4.547, -1.839, -3.397, -3.346, -2.896, -3.068
-3.334, -2.545, -3.063, -4.384, -4.733, -0.369, -2.411, -3.207, -3.397, -3.425
-3.031, -3.852, -2.973, -2.962, -1.650, -4.415, -2.936, -2.926, -3.164, -2.884
-3.249, -3.523, -3.043, -3.066, -1.870, -4.380, -2.566, -2.401, -3.180, -2.989
-3.393, -3.457, -2.842, -2.765, -1.507, -4.284, -3.587, -2.419, -3.073, -3.399
-3.497, -3.099, -2.852, -2.622, -2.437, -6.523, -3.493, -3.381, -3.755, -3.375
-3.254, -2.953, -2.877, -3.685, -6.590, -2.361, -3.434, -3.166, -3.158, -3.228
-3.280, -4.050, -2.462, -3.849, -5.686, -2.221, -3.893, -2.239, -2.509, -2.789
-2.671, -2.427, -3.252, -2.843, -5.339, -2.504, -3.555, -3.152, -3.419, -2.845
-3.039, -4.116, -3.237, -3.312, -0.642, -3.629, -2.979, -3.053, -3.487, -3.271
-3.202, -3.078, -2.775, -3.450, -7.849, -2.484, -3.005, -3.421, -3.028, -3.114
-3.280, -2.766, -2.869, -2.494, -5.664, -2.418, -3.826, -2.659, -3.307, -3.416
-3.288, -3.346, -3.025, -3.895, -7.114, -2.986, -3.099, -2.903, -3.038, -3.328
-2.987, -3.570, -3.543, -3.546, -6.801, -2.248, -3.655, -2.533, -2.561, -3.006
-3.346, -3.232, -3.037, -3.566, -6.206, -2.306, -2.979, -3.138, -3.667, -3.098
-3.377, -3.581, -2.463, -2.692, -9.300, -3.625, -3.905, -2.639, -3.215, -2.677
-2.895, -3.683, -3.076, -2.750, -1.350, -4.345, -3.233, -3.314, -2.919, -3.159
-3.144, -3.392, -3.122, -2.648, -1.751, -4.256, -2.859, -3.159, -3.292, -3.146
-3.382, -3.046, -3.035, -4.091, -1.966, -5.080, -3.114, -2.824, -2.864, -2.671
-3.417, -3.471, -3.217, -3.190, -5.132, -1.540, -3.542, -3.072, -3.122, -3.192
-3.008, -2.785, -3.276, -2.819, -6.047, -2.492, -3.482, -3.033, -2.796, -3.463
-3.156, -3.532, -3.392, -2.837, -8.078, -3.211, -2.969, -2.781, -2.872, -3.638
-2.942, -4.242, -3.091, -4.196, -1.305, -4.400, -2.926, -2.581, -2.747, -3.347
-3.764, -2.500, -3.273, -3.094, -3.028, -6.234, -3.193, -3.484, -2.913, -3.111
-3.383, -3.387, -2.703, -2.680, -1.677, -4.582, -2.881, -2.862, -3.624, -3.191
-2.930, -3.519, -2.954, -3.178, -7.650, -3.034, -2.980, -2.598, -2.950, -3.294
-3.665, -4.473, -2.412, -3.202, -1.861, -5.306, -3.662, -3.699, -3.767, -2.279
-3.067, -3.379, -2.806, -3.927, -4.146, -1.367, -3.380, -2.883, -2.938, -3.304
-2.936, -3.499, -2.804, -2.927, -1.661, -6.364, -3.612, -3.025, -3.748, -3.044
-3.284, -3.017, -2.744, -3.476, -16.678, -4.210, -2.968, -3.114, -3.192, -3.102
-3.027, -4.182, -3.455, -2.956, -1.432, -4.606, -2.915, -2.972, -3.125, -3.533
-3.203, -2.755, -3.159, -2.748, -1.662, -4.470, -3.121, -3.741, -3.306, -3.270
-2.835, -3.321, -3.083, -3.871, -6.838, -2.803, -2.917, -3.128, -2.817, -3.086
-2.599, -3.775, -3.109, -3.229, -1.352, -5.302, -3.609, -3.848, -2.664, -3.067
-2.957, -4.384, -3.210, -2.415, -0.591, -3.608, -3.800, -2.918, -2.378, -3.091
-3.758, -2.728, -3.569, -3.295, -3.210, -6.832, -2.765, -3.201, -2.766, -2.952
-3.092, -3.174, -3.408, -3.616, -6.306, -2.210, -3.475, -3.363, -3.025, -3.258
-3.336, -3.195, -3.178, -3.782, -1.635, -4.910, -2.253, -3.557, -3.129, -3.541
-2.948, -2.989, -3.399, -3.603, -4.828, -2.073, -3.132, -3.077, -3.273, -3.333
-2.791, -3.582, -3.172, -2.593, -2.168, -5.397, -2.816, -3.032, -3.433, -2.794
-3.024, -2.714, -3.526, -2.379, -3.820, -1.512, -2.826, -2.764, -2.551, -2.950
-3.375, -4.088, -2.787, -3.287, -1.188, -3.708, -3.033, -2.219, -3.036, -3.139
-3.019, -2.654, -2.680, -3.526, -7.015, -2.860, -3.446, -3.058, -3.520, -2.935
-3.201, -3.064, -3.356, -3.934, -7.876, -2.338, -3.170, -3.581, -3.051, -3.150
-3.471, -3.312, -2.716, -2.608, -1.394, -4.081, -3.496, -3.500, -3.527, -3.216
-3.840, -2.395, -2.773, -2.095, -3.773, -1.465, -3.726, -2.587, -2.687, -3.183
-4.208, -3.390, -3.899, -2.433, -4.824, -1.938, -2.790, -2.524, -2.759, -3.453
-2.556, -3.649, -3.580, -2.266, -0.835, -4.176, -3.174, -3.335, -2.709, -2.746
-3.090, -3.668, -3.480, -4.002, -3.825, -1.653, -3.304, -2.308, -3.030, -2.911
-2.957, -2.667, -3.724, -2.606, -4.838, -1.440, -2.562, -2.953, -3.251, -3.289
-2.877, -3.414, -3.208, -3.302, -8.038, -2.411, -3.114, -2.637, -3.724, -2.784
-3.109, -2.824, -2.873, -2.909, -7.284, -2.227, -3.194, -2.321, -2.992, -3.557
-2.979, -2.820, -4.289, -3.983, -4.156, -1.997, -4.244, -3.643, -3.239, -3.658
-3.295, -3.491, -2.689, -2.509, -1.354, -4.603, -2.892, -2.683, -3.471, -3.158
-2.806, -3.339, -2.978, -3.088, -4.555, -1.892, -4.023, -2.968, -3.456, -3.684
-3.142, -2.142, -2.958, -4.310, -4.119, -1.732, -2.893, -3.227, -2.894, -2.825
-2.892, -3.050, -3.118, -3.415, -4.762, -2.078, -2.947, -2.358, -3.337, -3.150
-3.679, -2.603, -4.003, -3.226, -2.183, -5.615, -2.583, -2.649, -2.685, -3.933
-3.225, -3.425, -3.262, -3.466, -7.187, -2.771, -2.872, -2.961, -2.995, -2.752
-3.230, -2.666, -3.616, -3.354, -2.446, -6.305, -2.718, -3.713, -3.608, -3.656
-3.664, -2.883, -3.489, -3.801, -2.153, -6.049, -2.549, -3.885, -3.007, -3.859
-3.001, -2.888, -3.244, -3.639, -5.849, -2.412, -3.699, -3.282, -3.476, -3.098
-3.113, -4.122, -3.278, -2.462, -1.731, -4.941, -2.968, -3.165, -3.486, -2.811
-2.771, -2.527, -3.114, -3.307, -1.747, -5.154, -3.582, -2.793, -3.384, -3.076
-3.823, -2.407, -3.018, -4.316, -2.835, -6.644, -3.213, -2.791, -3.471, -3.195
-3.568, -3.484, -3.177, -3.884, -4.848, -1.789, -3.593, -3.500, -2.819, -3.238
-3.024, -2.713, -2.892, -2.283, -1.763, -4.485, -2.424, -2.962, -3.120, -3.067
-3.182, -3.375, -3.175, -3.843, -4.515, -1.442, -3.372, -3.019, -3.530, -3.260
-2.577, -2.765, -3.423, -2.767, -1.596, -4.409, -3.090, -4.002, -3.163, -3.293
-3.151, -3.505, -2.740, -2.142, -1.906, -4.793, -2.835, -3.023, -3.155, -3.293
-3.015, -2.968, -2.896, -3.077, -7.732, -2.386, -3.295, -3.254, -3.291, -2.943
-3.343, -3.102, -3.543, -4.014, -6.191, -2.578, -3.798, -2.607, -3.011, -3.204
-2.834, -3.711, -2.747, -4.176, -8.344, -2.708, -2.838, -2.719, -3.111, -3.490
-3.772, -2.605, -3.184, -2.275, -5.063, -1.835, -3.514, -3.121, -3.016, -3.223
-3.124, -3.139, -4.065, -3.270, -4.314, -1.920, -3.786, -3.335, -3.299, -3.312
-2.948, -3.986, -3.516, -2.090, -0.935, -4.307, -3.384, -3.166, -2.640, -3.034
-2.634, -3.286, -2.956, -2.799, -2.821, -6.641, -3.965, -2.603, -3.259, -3.070
-3.112, -3.306, -3.268, -2.710, -5.749, -2.423, -3.434, -3.474, -2.616, -2.862
-2.956, -2.864, -2.643, -2.731, -7.246, -3.086, -4.415, -2.325, -3.377, -2.381
-3.396, -3.608, -3.139, -3.054, -1.539, -4.636, -3.178, -2.663, -3.553, -3.150
-2.680, -3.324, -4.095, -1.648, -1.075, -4.528, -3.041, -4.184, -2.847, -3.256
-3.231, -3.122, -2.620, -2.524, -2.438, -5.634, -2.754, -3.447, -3.903, -3.280
-2.558, -3.312, -3.110, -4.406, -4.370, -1.196, -2.615, -2.655, -3.482, -2.791
-3.473, -3.771, -2.872, -3.997, -8.032, -2.824, -3.069, -2.881, -3.353, -3.477
-3.109, -3.972, -2.815, -2.909, -1.674, -5.036, -3.916, -3.184, -2.571, -2.767
-2.685, -2.729, -3.654, -2.679, -1.401, -4.355, -3.047, -3.957, -3.246, -3.165
-3.257, -3.552, -3.329, -3.192, -2.107, -5.744, -3.046, -2.627, -3.011, -3.153
-3.414, -3.177, -3.363, -4.146, -1.808, -4.762, -2.794, -2.561, -2.635, -3.569
-3.284, -4.227, -2.413, -2.718, -2.267, -4.410, -3.185, -3.594, -3.034, -2.931
-2.605, -3.493, -3.377, -4.278, -5.759, -1.438, -2.789, -2.384, -3.751, -2.815
-3.881, -3.542, -3.165, -2.963, -5.908, -2.438, -3.620, -2.947, -3.464, -3.300
-3.723, -3.429, -3.491, -2.942, -1.702, -4.853, -3.282, -4.055, -3.517, -2.943
-3.029, -3.182, -3.044, -2.575, -1.990, -6.243, -3.643, -2.353, -3.171, -3.018
-3.177, -3.011, -3.559, -3.275, -6.898, -3.110, -3.334, -2.635, -2.791, -2.888
-3.108, -4.115, -3.288, -4.140, -0.767, -3.402, -3.094, -2.493, -2.804, -3.585
-3.087, -3.234, -2.761, -3.920, -5.975, -2.409, -3.069, -2.895, -2.801, -3.203
-3.112, -3.146, -4.139, -4.033, -5.027, -2.507, -3.713, -3.213, -3.175, -3.109
-3.001, -3.623, -3.252, -3.231, -1.763, -5.352, -3.509, -2.649, -2.660, -3.485
-3.222, -3.391, -3.282, -3.245, -1.512, -5.052, -3.440, -3.224, -3.907, -3.133
-3.446, -3.798, -2.894, -3.411, -1.274, -4.451, -3.299, -2.882, -3.253, -3.153
-3.366, -3.823, -2.464, -2.271, -1.968, -5.137, -3.174, -3.307, -3.416, -2.614
-3.920, -2.640, -3.400, -4.029, -2.791, -6.059, -2.838, -2.750, -2.935, -2.639
-2.999, -3.544, -3.597, -3.596, -5.474, -1.640, -3.133, -3.662, -3.270, -3.359
-3.598, -2.881, -2.320, -3.150, -9.980, -3.765, -3.205, -2.601, -2.972, -3.034
-3.321, -2.772, -3.033, -3.508, -5.006, -2.032, -3.207, -3.247, -3.252, -3.147
-2.037, -3.063, -3.560, -1.692, -3.978, -1.764, -2.745, -2.133, -3.528, -2.168
-2.744, -3.608, -3.445, -2.723, -1.936, -7.293, -3.243, -2.939, -2.986, -3.175
-3.511, -3.087, -3.163, -3.199, -2.340, -5.524, -2.659, -2.524, -3.648, -3.465
-3.029, -3.324, -3.023, -3.191, -4.479, -1.135, -2.931, -4.028, -2.942, -3.527
-3.012, -3.004, -3.327, -3.274, -7.034, -3.034, -3.030, -3.161, -2.745, -3.332
-3.216, -3.554, -2.895, -3.762, -7.164, -2.731, -3.701, -3.185, -3.235, -2.979
-3.116, -3.283, -3.468, -3.205, -7.606, -3.207, -3.565, -2.594, -3.115, -3.283
-2.232, -3.855, -3.113, -2.807, -1.440, -3.722, -2.790, -3.165, -2.361, -3.531
-3.362, -3.519, -2.882, -2.514, -1.806, -4.445, -2.816, -2.708, -3.602, -3.236
-3.724, -4.038, -3.376, -2.702, -2.293, -5.235, -3.232, -2.877, -3.088, -3.229
-2.985, -2.628, -2.813, -3.444, -2.139, -5.201, -3.331, -3.377, -3.027, -3.186
-2.854, -3.517, -2.394, -4.796, -1.338, -4.388, -3.276, -3.502, -2.745, -2.645
-3.147, -3.111, -2.963, -3.575, -11.653, -3.674, -2.921, -2.861, -2.929, -3.030
-3.475, -3.532, -3.844, -2.143, -1.749, -5.814, -3.296, -3.404, -3.155, -3.105
-3.010, -3.905, -3.504, -3.392, -1.245, -4.207, -2.794, -2.644, -3.678, -3.285
-3.582, -3.055, -3.042, -3.215, -1.629, -4.788, -3.732, -3.470, -3.505, -3.495
-3.626, -2.929, -2.382, -3.134, -11.264, -3.466, -3.151, -2.906, -2.906, -3.274
-3.469, -2.799, -3.321, -2.720, -0.995, -3.877, -3.278, -3.248, -3.139, -3.513
-3.144, -2.968, -3.429, -2.034, -7.927, -3.000, -2.917, -3.836, -3.544, -3.376
-2.919, -3.861, -3.581, -3.049, -1.293, -3.972, -2.760, -2.897, -3.213, -3.203
-3.175, -2.659, -3.247, -2.962, -7.256, -3.088, -3.093, -2.816, -3.054, -3.423
-4.112, -3.524, -3.076, -4.262, -1.754, -6.489, -3.394, -2.811, -3.735, -3.805
-2.502, -2.739, -2.573, -4.601, -4.177, -1.415, -4.427, -3.802, -3.978, -3.311
-2.769, -2.640, -3.506, -3.254, -5.149, -2.609, -5.095, -2.878, -3.493, -2.891
-3.249, -3.187, -3.676, -2.662, -1.722, -5.153, -3.168, -2.506, -3.553, -3.177
-3.057, -3.068, -3.519, -2.937, -7.746, -3.471, -3.820, -3.015, -3.118, -3.070
-4.022, -2.861, -2.904, -2.343, -6.057, -2.435, -3.787, -2.549, -2.408, -3.323
-3.240, -3.172, -3.329, -2.301, -1.150, -3.982, -3.235, -4.079, -3.667, -2.707
-3.895, -3.520, -3.188, -3.280, -2.600, -5.535, -2.586, -2.985, -3.230, -2.568
-3.247, -2.791, -4.309, -4.407, -5.976, -2.535, -2.947, -3.043, -2.856, -3.579
-3.617, -2.965, -3.098, -4.805, -5.755, -1.352, -3.418, -2.862, -2.970, -3.226
-2.874, -2.800, -2.903, -3.392, -1.747, -5.182, -3.184, -3.428, -4.470, -2.999
-3.343, -2.977, -3.303, -2.956, -7.435, -3.506, -4.020, -3.427, -3.755, -2.754
-2.743, -3.290, -2.866, -3.399, -10.163, -3.242, -3.023, -3.342, -2.663, -2.886
-2.905, -2.853, -3.335, -2.616, -5.177, -2.006, -2.380, -2.532, -3.243, -3.768
-3.598, -3.666, -3.166, -2.119, -1.520, -5.162, -2.634, -3.002, -3.673, -3.332
-3.275, -2.767, -3.161, -3.887, -2.029, -5.495, -2.998, -2.393, -3.193, -3.353
-3.308, -3.108, -3.521, -3.608, -4.854, -1.540, -3.544, -3.003, -3.159, -3.340
-3.628, -3.159, -2.894, -4.267, -8.062, -2.830, -3.350, -3.389, -3.715, -3.220
-3.045, -2.507, -3.456, -3.242, -3.495, -1.068, -3.472, -3.608, -2.902, -3.079
-3.024, -3.056, -3.025, -2.917, -7.820, -2.760, -3.162, -3.134, -2.799, -2.852
-3.151, -2.854, -2.971, -3.001, -6.118, -2.663, -3.321, -2.647, -3.128, -3.133
-2.897, -3.042, -3.216, -3.561, -6.751, -2.989, -2.990, -3.073, -3.551, -3.027
-3.097, -2.787, -2.875, -1.736, -5.957, -2.249, -3.678, -1.599, -3.347, -3.061
-3.000, -2.991, -2.637, -3.328, -6.051, -2.163, -2.898, -3.257, -3.210, -2.851
-3.204, -2.802, -2.960, -3.371, -2.824, -5.894, -3.312, -3.058, -2.524, -3.483
-3.362, -3.447, -3.088, -3.262, -1.155, -4.562, -3.691, -3.327, -3.336, -3.188
-3.969, -3.364, -3.879, -3.270, -2.036, -5.970, -3.144, -3.612, -3.249, -3.455
-3.174, -3.497, -2.893, -3.786, -7.106, -2.706, -3.685, -3.252, -3.274, -3.008
-3.438, -3.454, -3.670, -2.401, -1.979, -5.862, -3.078, -2.952, -3.209, -3.179
-3.426, -3.158, -3.495, -3.320, -1.380, -5.696, -3.665, -3.185, -3.892, -3.118
-3.629, -2.977, -2.581, -3.542, -1.973, -4.781, -2.741, -2.976, -4.135, -3.431
-3.025, -3.816, -2.901, -2.800, -4.157, -0.989, -3.634, -3.929, -2.813, -3.593
-3.465, -2.760, -2.867, -3.454, -7.231, -3.253, -3.789, -2.799, -3.068, -3.221
-2.997, -3.858, -2.479, -2.395, -2.054, -4.145, -2.479, -3.336, -3.284, -3.679
-3.355, -3.291, -3.433, -2.454, -1.263, -4.132, -3.452, -3.448, -3.265, -3.169
-3.269, -3.275, -2.802, -3.614, -11.795, -4.387, -2.965, -3.231, -3.517, -3.093
-3.005, -3.612, -2.964, -3.117, -1.769, -7.132, -3.459, -2.545, -3.715, -2.868
-2.906, -2.400, -3.856, -3.423, -4.964, -2.180, -2.001, -2.948, -3.253, -3.683
-3.168, -3.752, -3.534, -2.625, -0.846, -3.930, -3.390, -3.319, -3.069, -3.272
-3.323, -3.359, -3.354, -3.909, -6.586, -1.707, -2.785, -3.099, -3.152, -3.321
-3.227, -3.870, -3.035, -2.712, -1.363, -4.813, -2.832, -3.461, -3.478, -3.058
-3.548, -3.008, -2.898, -3.518, -5.607, -1.471, -3.319, -3.459, -3.979, -2.835
-3.029, -3.286, -2.813, -2.652, -3.048, -6.324, -3.413, -3.192, -3.160, -2.887
-3.321, -2.771, -2.521, -3.028, -6.285, -2.422, -3.288, -2.885, -2.691, -2.958
-3.186, -3.031, -2.822, -3.616, -5.840, -2.174, -3.254, -3.063, -3.070, -3.195
-3.391, -2.675, -3.040, -3.275, -1.750, -4.805, -3.402, -2.360, -3.608, -3.508
-2.717, -2.828, -3.387, -3.021, -2.429, -5.586, -3.195, -4.099, -3.099, -4.540
-2.875, -2.944, -3.382, -2.173, -3.675, -1.719, -3.341, -2.254, -3.769, -2.634
-3.497, -2.829, -3.417, -3.107, -9.284, -3.695, -2.568, -3.302, -3.406, -3.412
-3.101, -2.981, -3.080, -4.890, -4.850, -1.754, -2.657, -3.398, -3.280, -3.252
-3.578, -4.245, -3.025, -3.814, -3.050, -5.617, -2.635, -2.297, -3.548, -4.143
-3.415, -2.743, -3.207, -2.904, -9.893, -3.180, -3.257, -2.896, -3.077, -3.117
-3.072, -2.928, -2.940, -3.543, -5.656, -2.222, -3.416, -2.572, -3.198, -3.117
-3.185, -2.965, -3.650, -3.170, -5.173, -2.186, -3.597, -3.449, -3.033, -3.429
-3.347, -3.058, -3.527, -2.697, -4.398, -1.342, -2.908, -3.382, -3.020, -3.542
-3.284, -3.364, -2.818, -3.325, -10.004, -3.283, -2.947, -2.628, -2.829, -3.193
-2.960, -3.247, -2.835, -4.295, -6.644, -2.054, -3.175, -2.464, -3.125, -2.991
-3.741, -3.149, -2.922, -2.512, -2.712, -5.470, -3.631, -3.948, -3.254, -3.004
-3.187, -3.678, -3.301, -3.060, -5.579, -1.865, -3.457, -3.324, -3.085, -3.203
-3.408, -3.098, -2.901, -4.216, -8.182, -3.340, -2.941, -3.425, -3.407, -3.063
-3.919, -3.151, -2.814, -4.477, -5.407, -1.501, -3.141, -3.136, -3.003, -2.843
-3.217, -3.318, -2.467, -3.499, -1.732, -4.990, -4.394, -3.133, -3.135, -3.477
-2.806, -2.620, -3.226, -2.695, -7.111, -2.468, -3.089, -3.069, -2.963, -3.221
-3.002, -3.077, -2.791, -3.444, -6.221, -2.221, -2.994, -2.516, -2.951, -2.585
-2.780, -2.588, -3.602, -4.155, -2.366, -6.243, -3.809, -2.869, -3.094, -3.248
-3.170, -3.615, -2.967, -3.927, -7.100, -2.176, -3.362, -3.044, -2.697, -2.859
-3.209, -3.760, -3.238, -3.523, -0.882, -3.592, -3.224, -4.098, -3.022, -3.180
-4.094, -3.972, -2.666, -2.785, -1.285, -5.566, -4.415, -2.856, -2.419, -3.162
-3.200, -3.851, -2.672, -4.694, -1.233, -3.610, -2.655, -2.494, -2.237, -3.328
-3.172, -3.962, -3.466, -2.657, -0.976, -4.516, -3.138, -3.340, -3.336, -3.460
-2.808, -2.676, -3.400, -2.943, -6.640, -2.522, -3.191, -3.357, -2.795, -2.577
-2.768, -3.447, -3.477, -2.565, -0.932, -3.713, -3.157, -3.189, -3.451, -2.990
-3.694, -2.732, -3.839, -1.569, -5.000, -1.853, -2.494, -2.660, -3.007, -3.218
-3.339, -3.172, -2.766, -3.301, -11.479, -3.898, -3.172, -2.814, -3.049, -2.965
-3.305, -2.932, -3.108, -4.407, -5.744, -1.725, -3.156, -3.022, -3.262, -3.142
-2.263, -2.525, -3.135, -2.049, -4.114, -1.815, -3.989, -2.684, -3.514, -3.065
-3.458, -4.048, -2.867, -3.783, -0.836, -3.411, -3.579, -2.391, -2.464, -3.289
-2.758, -4.156, -3.578, -4.261, -3.891, -1.252, -3.438, -3.209, -3.152, -3.453
-3.200, -3.258, -2.536, -4.398, -2.034, -4.933, -3.165, -2.756, -3.131, -2.983
-3.604, -2.449, -3.015, -3.238, -1.569, -4.621, -2.886, -3.423, -3.886, -3.297
-3.578, -2.881, -2.576, -2.827, -7.649, -3.089, -3.879, -2.358, -2.682, -3.275
-3.660, -3.083, -2.539, -4.027, -6.261, -2.006, -3.474, -2.900, -2.815, -4.093
-3.173, -3.994, -3.065, -3.139, -1.375, -4.345, -3.080, -3.226, -3.998, -3.041
-3.426, -3.179, -3.051, -2.299, -4.866, -1.963, -3.190, -2.862, -3.922, -3.416
-3.523, -3.033, -3.008, -3.073, -6.359, -2.517, -3.231, -3.771, -3.322, -3.118
-3.163, -2.437, -2.980, -3.113, -5.773, -1.702, -3.165, -2.113, -2.690, -3.559
-3.297, -3.180, -3.701, -2.022, -1.076, -4.462, -3.219, -3.180, -3.413, -3.206
-3.107, -4.095, -3.194, -3.107, -2.170, -6.092, -2.905, -2.820, -3.727, -3.517
-3.292, -2.540, -3.534, -3.019, -3.434, -1.651, -3.516, -2.858, -3.394, -2.961
-3.634, -3.253, -2.674, -2.912, -2.677, -6.147, -2.937, -2.882, -3.950, -3.307
-2.945, -3.288, -3.698, -2.970, -1.285, -4.686, -2.958, -3.928, -2.847, -3.608
-3.252, -4.361, -2.553, -3.161, -1.195, -4.069, -2.898, -2.810, -3.486, -3.195
-2.908, -3.312, -3.109, -2.551, -6.521, -2.535, -3.850, -2.557, -2.716, -3.070
-3.253, -3.538, -2.376, -2.754, -2.111, -4.147, -2.498, -2.830, -3.191, -3.107
-2.989, -3.177, -3.387, -2.634, -1.525, -4.515, -3.490, -3.037, -3.381, -2.822
-3.239, -3.367, -2.747, -3.506, -7.071, -2.574, -3.581, -3.134, -3.325, -2.644
-3.320, -3.631, -2.626, -2.844, -1.838, -6.015, -4.214, -2.265, -3.450, -2.792
-2.837, -3.696, -3.413, -3.462, -1.777, -4.312, -2.791, -3.486, -2.436, -3.569
-3.192, -3.101, -3.133, -2.823, -1.773, -5.821, -3.554, -2.886, -3.204, -3.302
-3.327, -3.063, -4.003, -2.579, -1.295, -4.080, -2.359, -3.152, -2.232, -3.561
-3.696, -3.697, -2.713, -3.287, -1.319, -4.767, -3.165, -3.694, -3.758, -2.783
-3.110, -2.902, -2.792, -2.660, -2.289, -6.076, -2.634, -3.118, -3.413, -3.199
-3.328, -4.175, -2.677, -2.874, -1.483, -4.383, -3.188, -3.161, -3.572, -3.919
-3.309, -3.241, -3.546, -3.542, -5.760, -1.449, -3.239, -3.342, -3.289, -3.263
-3.485, -2.681, -3.283, -2.762, -7.745, -3.134, -2.908, -3.192, -3.653, -3.106
-3.792, -2.888, -3.022, -4.687, -8.252, -3.417, -2.731, -3.207, -3.289, -2.923
-3.490, -3.105, -3.648, -1.638, -4.684, -1.794, -2.856, -3.002, -2.851, -3.234
-2.728, -3.266, -3.205, -3.278, -2.574, -5.370, -2.915, -3.325, -2.875, -3.182
-3.199, -2.678, -3.039, -3.713, -7.349, -2.612, -3.280, -3.736, -3.257, -3.177
-2.799, -4.011, -3.482, -2.692, -1.428, -5.744, -3.847, -2.956, -2.959, -2.995
-3.147, -3.122, -2.865, -4.232, -5.871, -2.300, -3.162, -3.269, -3.290, -3.231
-3.083, -3.491, -2.637, -3.062, -1.995, -4.840, -3.730, -3.173, -3.334, -2.869
-3.247, -3.355, -4.016, -3.690, -5.303, -2.460, -3.115, -3.304, -3.244, -3.015
-3.481, -3.569, -3.489, -2.557, -1.689, -6.340, -3.627, -3.256, -3.686, -3.062
-3.261, -3.167, -3.081, -3.160, -5.412, -2.193, -2.934, -3.426, -3.145, -3.140
-3.544, -2.828, -2.714, -4.101, -2.317, -5.451, -3.561, -3.180, -2.570, -3.266
-2.560, -3.152, -3.438, -2.938, -2.559, -5.357, -2.812, -3.305, -3.042, -3.653
-3.603, -2.490, -3.865, -2.896, -6.717, -1.998, -2.737, -2.593, -3.164, -3.483
-2.743, -3.295, -3.389, -2.915, -1.431, -4.211, -3.050, -3.856, -3.128, -3.268
-2.875, -2.753, -3.397, -3.812, -2.136, -6.186, -3.187, -2.972, -3.318, -2.813
-3.258, -2.616, -2.965, -3.830, -2.595, -5.647, -3.373, -3.033, -3.159, -3.507
-3.345, -3.297, -3.189, -2.610, -6.160, -2.251, -3.360, -3.660, -2.969, -2.852
-3.036, -3.002, -3.314, -3.151, -1.433, -4.666, -3.801, -3.151, -3.099, -2.960
-3.031, -3.126, -2.832, -3.438, -5.439, -2.195, -3.177, -3.171, -3.182, -3.012
-2.572, -2.971, -3.121, -2.383, -7.984, -2.656, -3.107, -1.776, -2.900, -3.004
-2.955, -3.045, -3.511, -3.036, -6.252, -1.513, -2.727, -2.605, -2.691, -3.152
-2.895, -2.815, -3.490, -2.915, -7.111, -2.807, -2.810, -3.023, -3.099, -2.502
-1.814, -2.926, -3.590, -2.065, -5.066, -1.837, -2.578, -2.733, -3.875, -2.473
-3.536, -3.822, -2.355, -2.616, -2.433, -5.091, -2.604, -3.064, -3.867, -3.570
-3.031, -2.715, -2.894, -3.426, -2.347, -6.032, -3.473, -2.582, -3.232, -3.257
-3.340, -3.185, -3.447, -2.316, -2.257, -5.134, -3.354, -2.896, -3.110, -3.028
-2.926, -3.078, -3.945, -2.676, -5.860, -2.712, -3.475, -3.089, -3.209, -2.627
-3.295, -2.379, -3.252, -3.182, -1.948, -5.529, -3.288, -2.823, -3.236, -3.157
-3.134, -2.885, -3.785, -3.324, -3.301, -6.842, -2.931, -2.648, -2.777, -2.755
-2.772, -2.214, -2.937, -2.659, -5.597, -1.504, -2.549, -2.818, -3.055, -3.147
-2.928, -3.595, -3.121, -3.768, -4.209, -1.199, -3.981, -2.552, -3.218, -2.928
-3.426, -2.858, -4.148, -2.764, -5.226, -2.264, -2.518, -2.233, -2.885, -3.938
-3.392, -3.134, -3.333, -3.654, -2.608, -5.311, -2.549, -3.436, -2.983, -3.101
-3.214, -3.234, -3.501, -3.845, -1.616, -5.656, -3.257, -2.641, -3.532, -3.214
-3.527, -3.512, -2.884, -2.415, -2.180, -4.688, -2.977, -3.440, -3.632, -3.018
-3.152, -3.327, -3.418, -3.859, -5.239, -2.098, -2.710, -3.288, -2.709, -3.098
-3.205, -3.139, -3.630, -3.541, -6.248, -2.816, -3.211, -3.052, -3.230, -3.450
-3.432, -2.832, -3.571, -3.528, -1.946, -6.162, -3.017, -3.479, -3.169, -3.298
-2.414, -2.909, -3.117, -3.255, -5.475, -2.113, -2.994, -3.048, -3.827, -2.713
-3.480, -3.236, -3.134, -2.912, -2.060, -4.811, -3.655, -3.610, -2.863, -3.439
-4.177, -3.642, -3.754, -2.274, -3.530, -1.161, -2.235, -2.717, -2.954, -2.961
-2.771, -3.241, -3.461, -3.740, -8.793, -2.645, -3.149, -3.517, -3.327, -3.327
-3.488, -3.082, -3.030, -3.129, -6.144, -1.769, -3.471, -2.367, -2.793, -3.511
-2.772, -3.833, -3.382, -2.504, -0.866, -3.522, -2.955, -2.672, -3.018, -3.166
-3.264, -3.496, -3.552, -2.559, -1.217, -4.282, -3.116, -3.498, -3.180, -3.897
-3.458, -3.312, -2.199, -4.455, -6.138, -2.474, -3.705, -3.350, -2.781, -2.741
-2.633, -2.830, -3.568, -2.225, -5.985, -2.277, -3.501, -2.909, -2.945, -3.553
-3.080, -2.600, -3.145, -3.487, -1.959, -5.149, -3.012, -3.107, -3.301, -2.776
-2.932, -4.211, -2.369, -2.639, -2.766, -5.599, -4.165, -3.147, -3.813, -3.440
-3.281, -3.668, -3.017, -2.858, -1.847, -4.473, -3.319, -3.347, -3.240, -3.203
-3.052, -2.956, -3.144, -3.367, -7.235, -2.243, -3.237, -2.909, -3.110, -3.215
-3.510, -3.452, -2.724, -2.921, -2.285, -5.444, -2.324, -2.965, -3.511, -3.148
-3.118, -3.288, -3.944, -2.675, -2.258, -5.579, -2.519, -3.817, -2.827, -3.374
-2.840, -3.120, -3.376, -3.358, -1.542, -4.825, -3.503, -2.873, -3.259, -2.857
-3.215, -2.999, -3.691, -3.420, -2.145, -5.699, -2.035, -4.280, -3.496, -3.225
-2.876, -3.856, -3.563, -2.528, -1.261, -4.842, -3.518, -2.740, -3.134, -3.044
-3.050, -2.724, -3.195, -2.007, -5.953, -2.697, -3.913, -2.443, -3.499, -3.006
-2.921, -2.476, -3.433, -3.280, -4.157, -1.746, -2.239, -2.492, -3.055, -2.751
-2.843, -4.471, -3.444, -2.669, -0.757, -3.939, -3.262, -2.451, -2.769, -3.203
-3.151, -3.415, -3.509, -2.272, -1.684, -5.206, -3.296, -2.790, -2.943, -3.001
-3.557, -3.256, -3.044, -4.521, -1.731, -5.131, -3.316, -2.867, -2.981, -3.933
-3.321, -4.616, -2.599, -2.493, -2.368, -4.367, -3.031, -3.156, -2.991, -3.246
-2.969, -2.855, -2.993, -3.555, -5.094, -2.289, -3.476, -3.030, -2.980, -3.082
-3.185, -2.954, -3.323, -3.915, -5.985, -1.790, -2.946, -3.357, -3.524, -3.217
-3.223, -3.218, -3.431, -2.537, -2.318, -5.274, -3.106, -2.766, -3.250, -3.438
-2.699, -2.734, -3.308, -2.661, -6.568, -2.578, -3.019, -2.257, -2.893, -3.610
-3.253, -3.045, -3.756, -2.960, -7.094, -2.890, -3.452, -3.115, -3.324, -3.144
-3.533, -2.697, -3.088, -3.273, -7.809, -2.987, -3.256, -3.236, -3.639, -3.290
-3.184, -3.612, -3.503, -2.372, -1.478, -5.537, -3.205, -3.294, -3.254, -3.668
-3.383, -2.654, -2.850, -3.496, -11.858, -3.452, -3.017, -3.110, -3.219, -3.450
-3.149, -2.734, -2.796, -2.498, -4.836, -2.115, -3.604, -2.033, -3.222, -3.085
-4.014, -3.185, -2.503, -4.663, -6.364, -2.021, -3.983, -2.848, -2.789, -3.217
-3.079, -3.230, -3.754, -2.324, -1.683, -5.084, -2.869, -3.093, -2.696, -2.935
-2.903, -3.259, -3.151, -3.358, -2.259, -5.593, -4.240, -3.681, -3.042, -2.928
-2.925, -3.555, -2.764, -4.015, -8.081, -2.856, -2.974, -2.881, -3.010, -3.149
-3.094, -2.783, -2.954, -3.412, -6.717, -2.208, -2.540, -2.923, -3.163, -3.258
-3.034, -3.055, -3.534, -3.075, -4.862, -2.093, -3.082, -3.671, -3.208, -2.909
-2.459, -2.188, -3.337, -2.515, -4.188, -1.349, -2.760, -2.591, -3.099, -2.470
-2.903, -3.453, -3.089, -3.470, -5.203, -1.783, -2.794, -3.882, -3.889, -3.363
-3.486, -3.552, -3.242, -2.591, -2.851, -6.104, -2.821, -3.019, -3.496, -3.106
-3.018, -2.894, -3.148, -3.565, -1.862, -5.732, -3.649, -2.536, -3.826, -3.026
-3.173, -2.190, -3.390, -2.710, -5.943, -2.647, -3.039, -3.563, -3.006, -3.412
-3.249, -3.527, -3.329, -2.111, -0.985, -4.573, -3.520, -3.588, -3.193, -2.845
-3.102, -3.284, -3.500, -3.194, -1.853, -5.866, -3.019, -2.729, -3.195, -3.052
-3.021, -3.633, -3.325, -2.627, -1.737, -5.805, -3.457, -2.817, -2.838, -3.054
-3.650, -3.599, -3.493, -3.065, -5.206, -1.913, -3.526, -3.691, -3.550, -2.791
-3.167, -3.205, -3.347, -3.270, -4.725, -1.867, -2.848, -3.030, -3.307, -3.077
-2.720, -3.575, -3.125, -2.675, -1.951, -7.309, -3.606, -3.942, -3.081, -3.236
-2.964, -2.712, -3.980, -3.015, -5.416, -2.129, -3.109, -2.419, -2.752, -2.748
-3.324, -3.419, -3.002, -2.399, -2.243, -5.791, -2.611, -3.438, -3.356, -2.949
-3.363, -3.421, -2.514, -2.179, -2.874, -5.424, -2.440, -3.502, -3.407, -3.201
-3.413, -3.366, -3.042, -4.278, -4.528, -1.596, -2.896, -2.493, -3.033, -2.542
-3.530, -2.762, -2.159, -2.706, -1.603, -4.056, -2.629, -2.838, -3.770, -3.263
-3.094, -3.241, -3.517, -2.569, -1.437, -4.303, -3.184, -2.893, -3.340, -3.253
-2.800, -4.108, -3.171, -4.498, -6.048, -2.221, -2.389, -2.658, -3.227, -3.660
-3.674, -3.295, -3.449, -3.001, -1.568, -5.592, -3.338, -3.062, -3.685, -3.272
-3.563, -2.837, -3.001, -3.892, -5.152, -2.512, -4.103, -1.998, -3.355, -3.297
-2.896, -3.404, -3.848, -1.953, -1.098, -4.191, -3.235, -3.500, -2.887, -3.337
-3.446, -3.740, -3.192, -2.560, -4.332, -1.135, -2.643, -3.281, -2.539, -3.197
-2.985, -3.173, -3.364, -3.271, -6.746, -2.496, -3.492, -3.359, -3.303, -3.146
-2.957, -2.762, -3.387, -4.318, -6.104, -2.794, -3.416, -3.373, -3.508, -3.147
-2.918, -3.277, -4.703, -3.130, -7.082, -2.583, -3.636, -2.988, -3.585, -2.976
-3.176, -2.978, -2.573, -1.443, -1.457, -3.567, -2.578, -3.452, -3.289, -3.127
-3.144, -2.590, -2.839, -3.281, -4.615, -1.585, -2.685, -3.114, -3.303, -3.113
-2.940, -3.153, -3.424, -2.559, -10.078, -3.570, -3.169, -3.176, -2.826, -3.643
-3.259, -2.960, -2.999, -3.868, -7.708, -2.988, -3.069, -3.082, -3.472, -3.205
-3.284, -3.351, -2.628, -4.060, -8.295, -3.221, -3.081, -3.040, -3.093, -2.966
-3.139, -4.303, -3.020, -3.017, -1.256, -3.858, -3.416, -3.378, -2.953, -3.208
-3.607, -2.369, -3.336, -1.874, -6.691, -1.640, -3.134, -2.642, -2.912, -3.027
-3.063, -2.596, -3.297, -3.800, -7.676, -2.480, -3.075, -3.328, -3.588, -3.331
-3.162, -3.189, -3.314, -2.636, -2.824, -6.671, -3.268, -3.057, -2.582, -2.843
-3.597, -3.304, -3.102, -2.613, -2.098, -5.101, -3.245, -3.741, -3.648, -3.583
-2.830, -3.616, -3.410, -3.721, -0.801, -3.463, -2.853, -2.794, -2.837, -3.188
-3.333, -3.247, -3.317, -3.928, -1.803, -5.186, -3.385, -2.420, -3.523, -3.178
-3.319, -3.204, -2.574, -4.231, -8.230, -2.843, -2.904, -3.147, -3.387, -3.312
-3.236, -3.366, -3.137, -2.716, -1.888, -5.371, -3.376, -2.969, -3.377, -3.281
-3.377, -3.323, -3.220, -3.283, -2.622, -0.861, -3.117, -2.953, -3.852, -3.273
-3.934, -2.903, -2.445, -3.281, -6.666, -1.872, -3.432, -2.898, -3.750, -3.232
-2.851, -3.352, -3.364, -2.587, -2.280, -5.015, -3.178, -3.452, -2.948, -3.664
-3.125, -3.246, -3.077, -3.456, -1.108, -3.774, -3.411, -5.025, -2.830, -2.988
-3.062, -2.761, -2.995, -3.294, -7.164, -2.920, -3.375, -2.306, -3.686, -3.118
-2.993, -3.178, -2.763, -2.713, -2.366, -0.684, -3.794, -3.570, -3.449, -3.094
-2.762, -2.472, -2.183, -3.115, -2.376, -5.665, -2.563, -2.750, -3.570, -3.135
-3.061, -2.784, -3.652, -2.992, -7.131, -2.785, -2.470, -2.538, -3.397, -3.622
-2.909, -3.229, -3.886, -2.722, -4.707, -1.885, -2.811, -2.958, -3.348, -3.026
-2.783, -3.467, -3.240, -3.029, -1.455, -4.326, -2.859, -4.132, -3.600, -2.722
-3.171, -3.244, -3.622, -2.234, -1.558, -5.540, -3.110, -3.546, -2.863, -2.983
-2.826, -2.711, -2.698, -4.034, -4.936, -2.039, -3.302, -3.302, -3.597, -3.415
-3.155, -3.754, -3.724, -2.899, -1.694, -6.735, -3.181, -2.784, -3.039, -3.611
-3.656, -3.366, -3.112, -4.432, -8.269, -3.125, -3.025, -3.233, -3.427, -3.398
-3.240, -3.021, -3.373, -3.349, -6.292, -2.221, -3.122, -3.864, -3.468, -3.229
-2.900, -4.033, -3.518, -4.119, -1.541, -4.399, -2.756, -2.127, -2.412, -3.274
-3.326, -3.383, -3.236, -2.888, -0.932, -3.941, -3.499, -3.177, -3.195, -3.034
-3.204, -3.168, -2.291, -2.085, -2.429, -4.797, -2.877, -3.317, -2.979, -2.951
-3.526, -3.428, -3.124, -3.168, -1.572, -4.601, -3.805, -2.743, -3.634, -3.132
-3.478, -2.795, -3.375, -2.297, -6.994, -2.649, -3.343, -3.244, -2.958, -3.090
-3.691, -2.163, -2.538, -2.809, -4.118, -1.964, -4.514, -2.499, -3.392, -2.956
-2.332, -2.874, -3.294, -2.189, -8.785, -2.436, -2.915, -2.720, -3.230, -2.794
-2.609, -4.051, -3.407, -2.847, -1.275, -4.098, -2.794, -2.652, -2.874, -3.359
-2.976, -3.796, -3.432, -2.427, -2.343, -5.587, -3.191, -3.090, -2.973, -3.588
-3.063, -2.670, -3.245, -2.320, -4.859, -1.687, -3.012, -1.795, -3.214, -3.061
-3.160, -3.190, -3.463, -3.865, -1.802, -5.632, -3.023, -2.635, -3.449, -3.208
-3.083, -3.939, -4.075, -3.060, -1.806, -4.929, -3.402, -2.954, -3.130, -3.655
-2.336, -2.558, -3.368, -3.073, -3.942, -1.844, -3.478, -2.023, -3.534, -3.006
-3.700, -3.600, -2.831, -2.711, -1.979, -6.379, -3.228, -3.613, -3.796, -3.376
-3.011, -2.937, -3.218, -3.191, -2.466, -5.563, -3.164, -2.336, -3.033, -3.011
-2.904, -2.938, -3.346, -3.259, -10.015, -3.848, -2.381, -2.668, -3.513, -3.490
-3.219, -2.613, -3.077, -2.901, -7.697, -2.626, -3.128, -3.342, -3.314, -3.434
-3.336, -3.088, -2.992, -3.970, -9.546, -3.021, -3.091, -2.830, -3.313, -3.487
-3.340, -2.957, -3.136, -4.434, -1.978, -4.715, -2.638, -4.420, -2.871, -3.493
-3.408, -3.172, -2.923, -2.578, -1.702, -4.429, -3.182, -3.269, -3.498, -3.317
-3.326, -2.739, -3.042, -3.166, -1.655, -4.848, -2.909, -3.838, -3.625, -3.483
-2.961, -4.006, -3.154, -3.382, -0.872, -3.718, -3.776, -2.534, -2.628, -3.177
-2.911, -3.357, -3.926, -2.181, -1.269, -4.412, -2.857, -2.880, -3.306, -2.799
-2.970, -3.727, -3.519, -2.582, -1.030, -3.445, -2.977, -3.452, -2.374, -3.634
-3.370, -3.305, -3.423, -3.039, -1.557, -6.712, -3.453, -2.996, -3.660, -3.027
-3.066, -3.691, -3.323, -2.286, -0.849, -4.245, -3.346, -2.832, -2.821, -3.448
-3.450, -2.458, -3.676, -2.969, -6.095, -2.690, -4.062, -3.611, -3.142, -2.845
-3.297, -3.459, -3.149, -2.777, -1.678, -4.891, -3.250, -2.958, -2.976, -2.850
-3.375, -3.390, -3.307, -3.068, -2.117, -5.154, -3.103, -3.009, -3.135, -3.382
-3.181, -3.145, -2.674, -3.106, -7.881, -3.111, -3.616, -3.447, -2.857, -2.375
-2.790, -2.565, -4.165, -1.674, -5.130, -2.003, -2.152, -3.958, -3.467, -3.189
-3.237, -3.336, -2.698, -4.240, -5.991, -2.104, -3.321, -3.557, -3.527, -3.107
-3.315, -3.032, -3.743, -3.487, -2.754, -6.846, -3.102, -2.586, -3.174, -3.310
-2.776, -2.860, -3.520, -1.497, -4.620, -1.991, -3.105, -2.386, -4.227, -3.169
-2.998, -3.107, -3.213, -2.175, -1.886, -4.770, -3.260, -3.959, -2.860, -2.896
-3.083, -3.405, -3.420, -2.821, -1.249, -4.300, -3.296, -2.331, -3.334, -3.146
-3.402, -3.501, -3.245, -2.645, -0.929, -3.965, -3.615, -3.281, -3.272, -3.063
-2.634, -3.106, -3.436, -2.933, -1.453, -4.204, -2.979, -3.736, -2.966, -3.377
-3.279, -4.081, -3.522, -2.166, -1.496, -4.330, -3.437, -3.954, -2.980, -2.931
-2.869, -2.874, -4.167, -3.767, -4.139, -1.727, -3.734, -3.098, -2.632, -3.265
-3.235, -2.968, -3.377, -3.431, -2.423, -6.106, -3.099, -2.626, -3.056, -3.197
-3.043, -2.908, -3.090, -2.065, -1.714, -4.357, -2.826, -3.033, -3.411, -3.324
-3.042, -4.234, -3.048, -2.869, -0.570, -3.033, -3.249, -2.444, -2.890, -3.123
-2.925, -3.168, -3.631, -2.349, -1.358, -4.963, -3.100, -3.153, -3.636, -2.803
-3.615, -3.607, -3.134, -3.285, -2.524, -5.767, -3.255, -3.028, -3.103, -3.490
-3.641, -3.962, -2.723, -4.824, -1.506, -4.435, -3.655, -4.480, -3.829, -3.377
-3.019, -3.095, -3.097, -3.630, -6.181, -2.330, -3.259, -3.652, -3.202, -3.181
-3.317, -2.881, -3.372, -3.164, -1.787, -5.434, -2.942, -2.668, -3.311, -2.999
-3.319, -3.424, -3.079, -2.639, -2.655, -6.269, -3.517, -3.165, -3.595, -3.105
-3.300, -2.919, -3.495, -3.404, -4.777, -1.981, -3.173, -3.544, -3.401, -3.260
-3.161, -2.883, -3.305, -3.127, -1.726, -5.322, -3.823, -3.110, -2.961, -3.147
-3.102, -3.108, -2.584, -2.656, -7.254, -2.786, -3.822, -2.014, -2.960, -2.979
-3.134, -3.262, -2.784, -2.862, -3.884, -1.302, -3.486, -3.860, -3.151, -3.285
-3.021, -3.709, -2.716, -2.746, -1.201, -4.226, -3.519, -2.852, -2.900, -3.415
-2.962, -2.594, -2.785, -4.890, -3.022, -6.684, -3.618, -2.839, -3.098, -2.905
-3.507, -2.961, -3.080, -3.301, -1.608, -4.608, -3.023, -2.675, -3.340, -3.162
-3.096, -2.820, -3.262, -3.077, -6.555, -2.635, -3.081, -3.107, -3.286, -3.112
-2.540, -2.575, -2.848, -2.735, -2.058, -4.692, -2.678, -4.280, -3.718, -3.748
-3.528, -3.212, -2.749, -2.606, -2.300, -5.228, -3.163, -2.899, -3.372, -3.286
-2.914, -3.691, -3.411, -2.895, -1.658, -5.029, -3.209, -2.691, -3.456, -3.288
-3.432, -3.574, -2.967, -3.140, -1.759, -4.875, -3.364, -3.290, -3.611, -2.956
-2.797, -3.067, -2.915, -3.159, -1.826, -5.546, -3.541, -2.993, -2.893, -3.339
-2.886, -3.052, -2.916, -3.582, -2.521, -5.833, -3.280, -2.450, -3.164, -2.472
-3.177, -2.419, -3.565, -3.115, -5.528, -2.547, -3.508, -3.317, -3.537, -2.942
-3.156, -3.232, -2.749, -3.866, -7.330, -2.552, -3.019, -2.522, -3.273, -3.309
-2.872, -2.566, -3.116, -3.802, -2.216, -5.877, -3.349, -3.109, -2.876, -3.449
-3.705, -3.708, -3.070, -3.393, -1.219, -4.769, -3.781, -2.863, -3.730, -3.029
-3.075, -3.088, -3.204, -3.556, -1.686, -5.124, -3.058, -2.366, -3.443, -3.292
-3.203, -3.976, -3.203, -2.686, -5.764, -2.286, -3.565, -2.452, -2.600, -2.855
-3.188, -3.261, -2.593, -1.976, -1.553, -4.548, -2.498, -3.465, -3.372, -3.472
-2.978, -3.082, -3.741, -3.224, -5.229, -2.167, -3.021, -2.813, -3.131, -3.319
-3.459, -2.941, -2.690, -3.929, -13.214, -3.431, -3.357, -2.966, -3.422, -2.763
-2.880, -4.407, -3.311, -2.494, -1.567, -5.103, -3.040, -2.449, -3.037, -3.390
-3.286, -3.696, -3.613, -2.460, -1.421, -4.500, -3.330, -3.027, -2.555, -3.514
-3.465, -3.660, -2.846, -2.533, -2.085, -4.534, -2.965, -3.210, -3.502, -3.190
-3.050, -3.131, -3.312, -3.085, -1.948, -5.118, -3.213, -2.619, -3.120, -3.151
-3.182, -3.250, -3.373, -1.868, -2.454, -5.405, -3.465, -3.108, -3.385, -3.212
-3.435, -3.941, -2.851, -2.189, -1.240, -4.131, -3.294, -3.344, -2.828, -2.938
-2.610, -2.611, -2.713, -2.383, -5.504, -2.042, -4.643, -2.928, -3.210, -2.816
-3.253, -3.194, -3.409, -2.695, -1.546, -5.253, -3.036, -3.239, -3.415, -3.296
-3.116, -2.076, -3.715, -1.503, -8.353, -2.094, -2.461, -2.815, -2.873, -4.152
-3.241, -3.861, -2.923, -3.493, -2.629, -5.353, -3.762, -2.718, -3.206, -3.628
-3.240, -3.654, -3.235, -3.809, -6.629, -2.674, -3.070, -3.142, -2.923, -3.012
-3.251, -3.784, -3.082, -2.200, -1.992, -4.848, -2.983, -3.060, -3.265, -3.256
-3.321, -3.429, -3.042, -2.726, -1.424, -4.828, -3.054, -3.507, -3.931, -2.917
-3.011, -2.877, -3.644, -2.756, -5.136, -1.206, -2.886, -2.473, -2.916, -3.274
-2.425, -2.459, -4.086, -2.573, -4.376, -2.347, -4.332, -3.209, -3.408, -3.060
-3.002, -2.631, -3.823, -3.891, -2.598, -6.203, -3.008, -2.216, -3.371, -3.354
-2.962, -3.567, -3.013, -3.545, -7.716, -3.030, -3.622, -2.979, -3.037, -3.189
-3.309, -3.308, -3.712, -3.143, -2.850, -6.252, -2.696, -3.518, -3.319, -2.955
-3.091, -2.942, -3.455, -2.700, -1.578, -4.877, -2.617, -3.463, -2.524, -2.812
-3.210, -3.241, -3.072, -3.083, -0.962, -3.848, -3.650, -3.284, -3.001, -3.061
-3.853, -3.283, -3.887, -2.624, -5.703, -1.928, -2.477, -2.835, -2.670, -3.806
-2.987, -3.997, -2.519, -4.170, -6.221, -1.414, -2.959, -2.596, -2.725, -2.765
-3.088, -3.577, -3.321, -1.986, -0.813, -3.595, -3.341, -3.865, -3.045, -3.067
-3.271, -3.151, -3.352, -3.292, -6.636, -1.799, -2.991, -3.943, -2.830, -3.247
-3.445, -2.960, -2.897, -3.233, -7.609, -2.099, -3.087, -2.397, -2.593, -3.137
-2.892, -4.928, -2.942, -3.710, -0.493, -3.047, -3.334, -2.730, -2.730, -3.204
-3.478, -2.707, -3.097, -3.460, -6.245, -1.943, -3.167, -3.294, -3.246, -3.253
-3.159, -2.829, -2.639, -3.382, -15.476, -4.153, -3.148, -3.110, -3.566, -3.100
-3.072, -2.728, -3.769, -2.601, -1.555, -4.693, -3.163, -3.441, -3.189, -2.947
-3.350, -3.187, -2.797, -3.133, -7.205, -2.535, -3.050, -3.076, -3.099, -2.998
-3.374, -3.152, -3.194, -3.551, -2.646, -7.786, -3.033, -2.623, -3.589, -3.327
-3.183, -3.653, -2.868, -3.566, -2.146, -4.909, -3.348, -2.392, -3.613, -2.997
-2.707, -2.599, -3.410, -2.955, -2.161, -6.213, -2.885, -2.821, -3.096, -3.894
-3.071, -4.329, -3.466, -3.153, -0.882, -4.615, -3.192, -3.288, -3.113, -3.443
-2.661, -2.638, -3.528, -2.943, -11.173, -2.791, -2.469, -2.749, -3.446, -3.434
-3.031, -3.230, -3.492, -2.650, -2.236, -6.479, -3.108, -4.104, -2.501, -3.177
-3.400, -3.261, -2.587, -3.643, -1.579, -4.544, -3.564, -3.628, -4.232, -2.475
-2.787, -3.050, -3.228, -3.507, -3.109, -5.924, -2.985, -3.097, -2.685, -3.248
-3.770, -3.076, -2.757, -3.031, -6.914, -2.776, -3.192, -3.925, -3.350, -3.022
-2.804, -3.227, -2.910, -3.141, -2.308, -5.477, -3.342, -4.047, -3.215, -3.246
-3.151, -3.164, -3.517, -3.524, -2.047, -6.071, -3.419, -2.329, -3.342, -3.299
-2.811, -3.058, -3.747, -2.837, -5.553, -2.370, -2.725, -1.661, -3.117, -3.087
-3.500, -3.307, -3.340, -3.260, -8.386, -2.651, -3.603, -2.659, -2.622, -3.337
-3.512, -2.948, -3.180, -3.397, -6.647, -2.698, -3.350, -3.277, -3.324, -3.500
-3.005, -3.811, -3.387, -3.741, -1.060, -3.713, -2.943, -4.125, -2.903, -3.258
-3.392, -2.750, -3.333, -3.885, -2.233, -6.036, -3.111, -3.039, -3.424, -3.291
-3.162, -3.034, -3.181, -4.631, -7.002, -2.171, -2.794, -2.941, -3.704, -2.871
-3.836, -3.533, -3.703, -2.523, -2.166, -6.446, -3.244, -2.731, -3.323, -2.819
-2.682, -2.946, -3.595, -3.267, -1.607, -5.019, -3.783, -3.542, -3.196, -2.776
-2.385, -3.877, -3.037, -3.888, -1.395, -4.207, -3.308, -3.787, -3.264, -2.463
-3.472, -3.513, -3.517, -2.690, -1.786, -4.645, -3.129, -2.922, -3.233, -3.194
-2.749, -4.298, -2.901, -2.492, -1.767, -4.068, -2.467, -3.104, -3.090, -2.974
-2.580, -2.756, -3.491, -2.614, -5.447, -2.514, -3.194, -2.716, -3.389, -3.139
-3.483, -2.542, -2.638, -2.519, -5.835, -2.170, -3.355, -3.130, -3.162, -3.435
-2.763, -2.724, -3.189, -3.518, -6.596, -2.905, -2.984, -3.441, -3.222, -3.291
-2.800, -2.952, -4.701, -2.848, -5.808, -2.828, -2.934, -2.871, -3.628, -3.673
-3.481, -2.595, -4.464, -1.449, -4.062, -2.050, -3.435, -1.802, -3.700, -3.450
-3.736, -2.935, -3.314, -2.537, -1.187, -5.207, -3.907, -3.489, -3.907, -2.912
-3.115, -3.118, -3.461, -1.753, -1.873, -5.448, -3.596, -3.057, -3.397, -3.101
-3.004, -2.722, -2.612, -2.859, -3.810, -6.599, -2.896, -3.287, -3.512, -3.113
-2.941, -4.086, -2.941, -2.169, -1.538, -3.827, -3.096, -3.215, -2.785, -3.207
-2.889, -3.272, -2.571, -4.067, -2.549, -5.689, -3.890, -2.773, -2.983, -3.242
-2.863, -3.830, -2.601, -3.947, -4.935, -1.462, -3.913, -3.109, -3.115, -3.104
-2.931, -3.285, -3.642, -2.686, -1.241, -4.305, -3.113, -2.635, -2.948, -3.149
-3.884, -3.264, -3.711, -3.223, -5.163, -1.930, -4.808, -3.039, -2.598, -3.602
-3.357, -3.148, -3.898, -3.384, -1.845, -6.096, -3.486, -2.551, -3.706, -3.237
-3.168, -2.639, -3.152, -3.101, -7.125, -2.931, -3.507, -3.138, -3.178, -3.263
-3.536, -3.305, -3.214, -4.354, -1.776, -5.087, -2.397, -2.718, -3.377, -3.163
-3.317, -3.601, -2.713, -4.572, -1.365, -4.625, -3.863, -2.978, -3.347, -3.328
-3.151, -3.259, -3.473, -2.999, -4.466, -1.555, -3.450, -3.535, -3.088, -2.940
-3.309, -3.691, -2.964, -3.137, -2.279, -5.396, -3.193, -2.831, -3.099, -3.263
-2.767, -3.015, -2.966, -3.625, -6.784, -1.591, -2.855, -2.645, -2.599, -3.462
-2.945, -2.507, -3.188, -3.415, -2.607, -6.437, -3.304, -3.062, -2.526, -2.876
-3.371, -3.423, -2.556, -2.758, -2.176, -5.092, -3.224, -2.771, -3.557, -3.229
-3.501, -3.000, -3.241, -3.087, -7.371, -2.624, -2.635, -3.620, -2.922, -3.069
-3.430, -3.264, -3.096, -3.451, -1.729, -5.449, -3.557, -2.819, -3.473, -3.360
-3.360, -3.083, -3.014, -3.700, -7.730, -2.943, -3.312, -3.323, -3.235, -3.060
-3.995, -3.492, -2.605, -3.387, -2.118, -5.464, -3.515, -3.066, -3.475, -3.439
-2.873, -2.988, -3.811, -2.147, -7.911, -2.640, -2.798, -2.475, -3.733, -3.517
-3.017, -4.501, -3.462, -2.923, -1.038, -4.461, -2.790, -2.369, -3.122, -3.154
-2.846, -3.053, -2.997, -3.171, -9.436, -3.207, -2.775, -2.619, -3.149, -3.939
-3.284, -3.002, -3.214, -3.967, -5.732, -1.764, -2.822, -3.248, -3.424, -3.245
-3.388, -3.509, -2.999, -3.889, -1.780, -4.737, -3.410, -2.301, -3.574, -3.052
-3.123, -2.397, -3.116, -3.396, -3.173, -6.517, -3.335, -3.044, -2.637, -3.222
-2.865, -2.524, -3.354, -3.428, -4.462, -1.885, -2.318, -2.598, -3.066, -2.779
-2.911, -2.937, -3.073, -3.230, -7.641, -2.651, -2.904, -2.509, -3.142, -3.239
-3.572, -2.957, -3.850, -4.180, -4.346, -1.509, -3.305, -3.128, -2.794, -3.273
-3.143, -2.745, -2.839, -2.592, -5.594, -2.252, -3.458, -2.515, -2.894, -2.595
-3.726, -3.132, -2.462, -4.240, -11.441, -2.958, -3.548, -3.229, -3.163, -2.783
-3.260, -3.243, -3.605, -2.575, -2.298, -5.416, -2.692, -3.362, -3.356, -3.230
-3.141, -2.696, -3.028, -4.653, -2.246, -5.029, -2.768, -3.172, -3.015, -4.148
-1.954, -3.069, -3.604, -2.589, -5.726, -2.229, -2.439, -3.606, -3.448, -2.951
-4.237, -3.304, -2.445, -2.612, -1.593, -4.176, -4.071, -2.571, -2.811, -3.361
-3.639, -2.747, -3.144, -4.069, -5.584, -1.720, -3.042, -2.951, -3.677, -2.833
-2.928, -2.617, -3.761, -3.122, -7.380, -3.173, -3.070, -3.351, -3.240, -3.427
-3.355, -3.387, -3.299, -3.447, -2.709, -5.688, -2.729, -2.880, -2.566, -2.932
-3.327, -3.274, -3.266, -3.811, -2.505, -6.024, -3.352, -2.679, -3.650, -3.095
-2.989, -3.512, -3.335, -2.081, -1.254, -4.924, -3.234, -3.597, -2.875, -3.082
-2.477, -2.991, -3.344, -2.878, -1.630, -4.314, -3.080, -4.206, -2.995, -3.506
-2.926, -3.731, -3.257, -5.064, -5.454, -1.894, -2.595, -2.380, -2.955, -3.183
-3.020, -3.507, -3.216, -2.921, -2.567, -6.562, -2.946, -2.800, -3.534, -3.166
