0.707827,0.719505,0.750884,0.633056,0.686920,0.653347,0.674906,0.718513,0.689422,0.708391
0.700715,0.705468,0.679968,0.657028,0.535398,0.707941,0.707297,0.742919,0.684763,0.692790
0.716295,0.691144,0.705788,0.738990,0.777919,0.589630,0.712138,0.756896,0.707734,0.660513
0.684987,0.697989,0.712124,0.698345,0.522148,0.627191,0.703993,0.710844,0.675544,0.693219
0.729467,0.711853,0.684614,0.708209,0.800146,0.724406,0.702500,0.628884,0.749076,0.698202
0.703422,0.682113,0.636277,0.683911,0.587740,0.688403,0.663261,0.685267,0.654256,0.698357
0.695175,0.662929,0.734175,0.672573,0.699813,0.654227,0.711726,0.707400,0.737841,0.681987
0.725835,0.661420,0.687542,0.688044,0.477563,0.693714,0.645887,0.672332,0.666360,0.668412
0.751769,0.685975,0.755720,0.611439,0.753422,0.790322,0.740804,0.697472,0.660732,0.644611
0.675723,0.666575,0.619753,0.720172,0.629707,0.679661,0.716573,0.728651,0.656819,0.671519
0.669222,0.604649,0.685006,0.680840,0.867415,0.700274,0.704626,0.755654,0.698659,0.668384
0.666181,0.715949,0.706836,0.685002,0.559818,0.718023,0.654815,0.664416,0.704152,0.719195
0.670204,0.669795,0.632833,0.693824,0.618679,0.588521,0.711999,0.673437,0.702286,0.739230
0.721633,0.760271,0.707716,0.708292,0.579585,0.622950,0.692861,0.668793,0.727934,0.692759
0.691676,0.684903,0.716816,0.682240,0.590812,0.692986,0.725259,0.673791,0.677843,0.695724
0.729419,0.650755,0.677918,0.664722,0.532404,0.722352,0.667016,0.706108,0.689054,0.701182
0.687419,0.681762,0.722903,0.688462,0.658373,0.661087,0.594944,0.728926,0.711813,0.677705
0.605441,0.777002,0.659361,0.640608,0.892948,0.753327,0.676235,0.651207,0.680577,0.676727
0.717941,0.723411,0.677783,0.669434,0.701733,0.664682,0.658697,0.657587,0.766769,0.704669
0.665128,0.664902,0.619821,0.644597,0.644160,0.582003,0.678533,0.631636,0.686364,0.697653
0.640565,0.657480,0.654264,0.742990,0.424374,0.605505,0.722703,0.657443,0.701191,0.702208
0.670583,0.734622,0.665338,0.565948,0.593291,0.621235,0.698271,0.677563,0.713618,0.695042
0.673895,0.695886,0.720082,0.705240,0.515625,0.693671,0.634503,0.672606,0.690394,0.690578
0.686490,0.684646,0.685517,0.529793,0.822228,0.677777,0.675895,0.683904,0.719070,0.708684
0.663660,0.715020,0.697395,0.647070,0.749717,0.751639,0.717918,0.644932,0.649766,0.676955
0.694980,0.687348,0.709001,0.665821,0.859686,0.750398,0.702235,0.594276,0.663707,0.689453
0.676045,0.679455,0.688987,0.706839,0.488641,0.711009,0.703815,0.669429,0.680030,0.713368
0.674021,0.698078,0.685307,0.643059,0.588242,0.508383,0.718870,0.676771,0.661478,0.701340
0.684975,0.728279,0.670514,0.666239,0.695372,0.650127,0.681005,0.672376,0.722075,0.698267
0.739473,0.771716,0.737408,0.658683,0.649769,0.636102,0.654234,0.655532,0.688597,0.704715
0.704255,0.689153,0.712202,0.752213,0.708112,0.674938,0.698453,0.721781,0.703927,0.677658
0.692712,0.642556,0.658134,0.690369,0.604334,0.684469,0.688909,0.687946,0.692541,0.686307
0.726694,0.666463,0.693106,0.759046,0.551237,0.692778,0.708455,0.661350,0.702904,0.668980
0.738390,0.692950,0.673426,0.620959,0.785280,0.696122,0.700157,0.746794,0.705394,0.729864
0.712654,0.648367,0.655284,0.769623,0.703135,0.719822,0.704343,0.699941,0.714450,0.691964
0.719078,0.699815,0.638979,0.652405,0.506465,0.714917,0.647164,0.677989,0.711011,0.699194
0.703415,0.660360,0.698346,0.668384,0.606795,0.760450,0.702828,0.721707,0.678450,0.686734
0.690954,0.751392,0.724102,0.699105,0.738644,0.549568,0.748552,0.728041,0.672184,0.680739
0.687739,0.710163,0.801563,0.724400,0.735499,0.722216,0.764007,0.693058,0.680542,0.688552
0.702563,0.711353,0.692084,0.730051,0.548604,0.771124,0.711759,0.720394,0.693219,0.638844
0.689195,0.624201,0.702129,0.705785,0.650893,0.679172,0.709386,0.651175,0.681080,0.655289
0.689348,0.644738,0.665829,0.731730,0.797282,0.722675,0.719255,0.702722,0.714653,0.670439
0.580364,0.684198,0.639275,0.551805,0.690450,0.670644,0.770435,0.686445,0.680803,0.695168
0.684495,0.678136,0.645294,0.711534,0.685756,0.653915,0.734879,0.650842,0.655815,0.705827
0.706398,0.678778,0.708251,0.690695,0.578800,0.675244,0.666709,0.685154,0.673893,0.691832
0.675290,0.697356,0.679480,0.673449,0.666096,0.603503,0.658244,0.669358,0.689708,0.699194
0.718202,0.691814,0.673361,0.649747,0.817995,0.569186,0.689808,0.729832,0.714282,0.692254
0.690880,0.691595,0.678745,0.665411,0.551743,0.673110,0.635462,0.685057,0.698748,0.671499
0.653089,0.694152,0.773805,0.681266,0.816712,0.775136,0.772010,0.710528,0.666598,0.702638
0.701607,0.689863,0.678213,0.713462,0.728545,0.618112,0.729717,0.677439,0.666263,0.683974
0.676336,0.675928,0.678971,0.771141,0.866288,0.703141,0.727553,0.669384,0.694731,0.704404
0.670690,0.685401,0.672973,0.746327,0.735036,0.576312,0.720391,0.705396,0.711915,0.705066
0.721015,0.717180,0.683367,0.761653,0.781501,0.501982,0.714146,0.681174,0.722575,0.670515
0.789433,0.613093,0.700808,0.758929,0.593322,0.819517,0.703868,0.658084,0.769664,0.716679
0.692594,0.721865,0.679257,0.694162,0.754511,0.703266,0.659216,0.733723,0.735158,0.676482
0.696564,0.735073,0.694505,0.701388,0.377517,0.744170,0.734292,0.766734,0.668435,0.673487
0.710656,0.665381,0.686308,0.662820,0.530014,0.759253,0.663025,0.693126,0.705242,0.712900
0.683721,0.726927,0.651673,0.745082,0.560001,0.665307,0.643106,0.710183,0.672135,0.690924
0.696218,0.706827,0.702613,0.695180,0.548267,0.713595,0.700087,0.667157,0.718809,0.674934
0.709261,0.714337,0.708772,0.657601,0.677002,0.721290,0.648547,0.676554,0.679374,0.689556
0.763385,0.750488,0.669491,0.664814,0.556578,0.721889,0.758396,0.709655,0.640032,0.636238
0.687840,0.667782,0.674085,0.614361,0.874339,0.664502,0.725996,0.699452,0.781413,0.698474
0.711876,0.691028,0.683989,0.699015,0.728080,0.580739,0.653964,0.690336,0.710156,0.729892
0.729796,0.706476,0.681530,0.735851,0.652193,0.641193,0.690606,0.672661,0.691615,0.656413
0.650452,0.691120,0.704208,0.802282,0.501144,0.641316,0.654791,0.678726,0.741057,0.738396
0.689664,0.640973,0.687473,0.711872,0.634095,0.579997,0.687058,0.685469,0.668503,0.644122
0.686257,0.715936,0.724947,0.709736,0.823981,0.629256,0.658953,0.697274,0.714850,0.691091
0.677831,0.709598,0.671083,0.709556,0.894654,0.744327,0.675426,0.711688,0.668313,0.695027
0.691941,0.693691,0.618283,0.660776,0.654957,0.665187,0.650544,0.677411,0.685114,0.691842
0.682395,0.687724,0.649488,0.691373,0.628264,0.709578,0.650373,0.689075,0.716127,0.665588
0.707598,0.597162,0.633120,0.697536,0.652066,0.776002,0.663532,0.760289,0.682448,0.689320
0.685500,0.689692,0.739719,0.730929,0.487425,0.650792,0.660998,0.637428,0.691294,0.682934
0.646210,0.685082,0.723103,0.727848,0.571049,0.724473,0.672789,0.685815,0.691226,0.660325
0.663552,0.666970,0.691872,0.610086,0.631159,0.677595,0.715168,0.675222,0.664001,0.699801
0.668776,0.697629,0.593922,0.728229,0.492866,0.695807,0.576241,0.576227,0.633614,0.681304
0.703314,0.711778,0.642870,0.589831,0.665388,0.732240,0.713807,0.634493,0.700177,0.673711
0.659517,0.701045,0.767305,0.771730,0.886878,0.724080,0.689165,0.691986,0.736732,0.662044
0.693357,0.591485,0.703086,0.687186,0.655830,0.806184,0.742759,0.758705,0.698992,0.673233
0.658599,0.722488,0.734922,0.778701,0.716718,0.670677,0.692388,0.636722,0.680974,0.697069
0.746096,0.766382,0.688589,0.553391,0.657733,0.664149,0.615120,0.693452,0.660618,0.682665
0.766114,0.710670,0.685668,0.622861,0.817508,0.677742,0.709789,0.740412,0.702604,0.696363
0.685551,0.704640,0.713875,0.759752,0.826786,0.767725,0.711035,0.714993,0.689777,0.692258
0.734910,0.713498,0.705151,0.640885,0.715356,0.613187,0.703976,0.709047,0.653640,0.764064
0.699386,0.758552,0.715735,0.804881,0.510213,0.681304,0.745951,0.647164,0.746606,0.673854
0.692283,0.684976,0.740090,0.711426,0.672961,0.701038,0.727927,0.697264,0.683710,0.693967
0.740766,0.720518,0.693914,0.660446,0.863121,0.788210,0.690881,0.672436,0.657576,0.649589
0.654110,0.748435,0.682980,0.681008,0.839393,0.706345,0.645918,0.677307,0.599407,0.678986
0.711438,0.697172,0.669251,0.689049,0.687756,0.688112,0.698961,0.702629,0.671733,0.698903
0.691726,0.686662,0.676181,0.717574,0.659891,0.705642,0.618508,0.706551,0.678073,0.728404
0.661864,0.583870,0.680594,0.763509,0.681372,0.797741,0.723103,0.634703,0.687473,0.691404
0.675475,0.643589,0.614272,0.748904,0.720083,0.725613,0.631785,0.697473,0.722495,0.660334
0.682702,0.685887,0.694504,0.689871,0.799026,0.722431,0.701643,0.683703,0.670054,0.667011
0.706091,0.685264,0.668169,0.649024,0.688374,0.837167,0.687221,0.681326,0.698127,0.707893
0.692343,0.682121,0.673559,0.716162,0.841352,0.645525,0.666885,0.699031,0.721215,0.665175
0.607973,0.709270,0.705899,0.759569,0.808718,0.579017,0.597165,0.636470,0.735404,0.709709
0.660272,0.709541,0.762342,0.629263,0.293052,0.751436,0.658297,0.727829,0.737699,0.698039
0.644528,0.686191,0.653045,0.735058,0.625738,0.724990,0.699772,0.703305,0.660836,0.706875
0.669453,0.721343,0.636748,0.835968,0.714968,0.679915,0.707456,0.677339,0.660513,0.684610
0.725121,0.677330,0.752527,0.566941,0.611082,0.741086,0.645949,0.705383,0.702235,0.681471
0.686817,0.632945,0.692686,0.689011,0.626652,0.770982,0.699766,0.662701,0.710814,0.714673
0.725773,0.653112,0.675723,0.658049,0.647173,0.754011,0.709390,0.699224,0.715622,0.703369
0.634287,0.682711,0.778350,0.717124,0.691697,0.622142,0.716441,0.660177,0.669132,0.680147
0.695320,0.718315,0.643425,0.794531,0.890913,0.816902,0.691730,0.700366,0.707528,0.685906
0.696879,0.662585,0.657877,0.699238,0.764050,0.709285,0.699433,0.683127,0.686830,0.717137
0.699660,0.730628,0.691271,0.654986,0.475887,0.786371,0.765816,0.687503,0.644191,0.680324
0.682299,0.716542,0.662962,0.678431,0.565244,0.761897,0.646765,0.688448,0.648495,0.698748
0.718715,0.765965,0.720782,0.778994,0.645099,0.663004,0.740818,0.702330,0.742178,0.680197
0.688148,0.768361,0.665190,0.773357,0.889839,0.770424,0.688372,0.668518,0.689220,0.704726
0.678146,0.666337,0.715030,0.700885,0.461045,0.642586,0.718069,0.702993,0.677036,0.700305
0.673791,0.660558,0.706828,0.663993,0.761862,0.631592,0.640867,0.681326,0.688065,0.714489
0.734400,0.732668,0.663231,0.537398,0.748901,0.705686,0.706497,0.705914,0.717449,0.685818
0.688842,0.682897,0.716005,0.664107,0.654433,0.635539,0.707923,0.714373,0.715761,0.682421
0.681075,0.726575,0.654763,0.706695,0.587031,0.720812,0.594709,0.707971,0.684541,0.703187
0.707524,0.698541,0.644046,0.625471,0.710060,0.686303,0.642520,0.672146,0.680569,0.695595
0.738121,0.639769,0.703225,0.678855,0.670246,0.635237,0.700546,0.680516,0.724145,0.745924
0.674431,0.692675,0.654932,0.697686,0.584403,0.681505,0.657595,0.660573,0.680402,0.691844
0.706980,0.674797,0.722678,0.662142,0.699622,0.718376,0.668162,0.654668,0.672534,0.683742
0.692391,0.701339,0.693401,0.661943,0.352284,0.706324,0.710974,0.700272,0.722642,0.694780
0.706922,0.758409,0.720230,0.687045,0.763526,0.561859,0.646339,0.680220,0.716835,0.655651
0.721955,0.703555,0.660094,0.674111,0.782400,0.629644,0.710671,0.608175,0.724728,0.686416
0.644820,0.674820,0.644202,0.642806,0.678031,0.705488,0.697209,0.666550,0.684949,0.669493
0.677877,0.636097,0.716346,0.647860,0.803966,0.669032,0.641542,0.699471,0.705281,0.704548
0.681325,0.655510,0.734249,0.593304,0.874469,0.699183,0.735913,0.737101,0.769777,0.681031
0.699219,0.666819,0.630270,0.652209,0.595615,0.714907,0.708581,0.689630,0.657176,0.703043
0.694726,0.689152,0.617004,0.680593,0.674911,0.701162,0.719573,0.656262,0.661378,0.701736
0.724202,0.788826,0.725359,0.701448,0.627863,0.761591,0.728203,0.725661,0.673278,0.684406
0.714400,0.699641,0.695199,0.588263,0.525541,0.587263,0.735300,0.703010,0.686853,0.697228
0.690332,0.649827,0.729776,0.740091,0.809357,0.711433,0.761424,0.701231,0.683223,0.695023
0.722653,0.691643,0.710552,0.671593,0.689441,0.637608,0.669021,0.657108,0.687747,0.664641
0.700286,0.728930,0.648943,0.617071,0.764626,0.594024,0.710910,0.705944,0.717003,0.663825
0.700701,0.655530,0.703311,0.705629,0.668445,0.640906,0.620156,0.674852,0.682218,0.725595
0.697985,0.672732,0.605358,0.655811,0.538904,0.604585,0.610846,0.682224,0.708180,0.679555
0.714281,0.646130,0.665989,0.698870,0.870022,0.705288,0.679469,0.675759,0.692343,0.712650
0.730948,0.740777,0.727497,0.628855,0.662512,0.748783,0.730859,0.754812,0.777828,0.726411
0.714401,0.672857,0.677180,0.740132,0.632737,0.799034,0.671603,0.635659,0.686948,0.680024
0.670674,0.690494,0.660808,0.666815,0.686288,0.696936,0.670235,0.690697,0.693690,0.681511
0.709567,0.773756,0.714444,0.645450,0.746727,0.700798,0.699529,0.774149,0.713669,0.715102
0.616650,0.687690,0.711129,0.584999,0.794455,0.658954,0.676835,0.690128,0.659345,0.682864
0.683289,0.716657,0.650830,0.553097,0.715800,0.657843,0.744271,0.720127,0.648364,0.644980
0.688639,0.679143,0.617915,0.654504,0.628199,0.677394,0.627012,0.681334,0.682240,0.703955
0.713091,0.734977,0.654069,0.719574,0.457434,0.697165,0.710274,0.729642,0.696991,0.650203
0.702813,0.693455,0.643052,0.675603,0.658296,0.729110,0.670917,0.692024,0.659682,0.716195
0.694494,0.703185,0.675889,0.691399,0.761919,0.708687,0.718935,0.687735,0.640640,0.681217
0.719040,0.721857,0.704229,0.727468,0.617293,0.768335,0.700930,0.686566,0.710379,0.708535
0.704195,0.670683,0.683805,0.705037,0.764169,0.755514,0.732463,0.687415,0.689708,0.679777
0.683332,0.745205,0.681811,0.610375,0.725585,0.772666,0.659820,0.737561,0.691763,0.717521
0.744898,0.762020,0.681637,0.752825,0.804260,0.771861,0.655416,0.687538,0.712856,0.641500
0.702653,0.694222,0.690242,0.742428,0.697915,0.594378,0.749735,0.738437,0.706354,0.670290
0.695866,0.715141,0.728637,0.778246,0.871277,0.720032,0.725839,0.706278,0.652712,0.689108
0.671017,0.614280,0.712741,0.712452,0.770884,0.807186,0.677328,0.721675,0.678200,0.690125
0.678344,0.713355,0.702188,0.760216,0.870985,0.670698,0.660498,0.643445,0.698787,0.730598
0.686185,0.696050,0.753542,0.720661,0.745258,0.728166,0.731723,0.692953,0.686766,0.693657
0.690701,0.646244,0.706507,0.708052,0.571481,0.666698,0.673857,0.668268,0.719553,0.674762
0.682782,0.709327,0.833830,0.595787,0.819090,0.620081,0.608427,0.691961,0.696405,0.740766
0.639720,0.713355,0.693756,0.807130,0.689432,0.720909,0.665304,0.740996,0.701611,0.687852
0.702244,0.678288,0.701519,0.717011,0.775607,0.617599,0.650745,0.680161,0.714598,0.732341
0.676780,0.708937,0.680461,0.729317,0.626719,0.578259,0.739782,0.704561,0.727806,0.694124
0.696990,0.675462,0.725666,0.648847,0.802304,0.634160,0.732776,0.773493,0.638432,0.654741
0.725823,0.690405,0.678166,0.625296,0.601031,0.844395,0.713090,0.662077,0.678149,0.682493
0.690066,0.691461,0.745682,0.729620,0.771346,0.670969,0.719429,0.710957,0.692990,0.695718
0.633359,0.644421,0.707521,0.545628,0.748297,0.724360,0.732289,0.766468,0.735871,0.696530
0.673378,0.662695,0.699910,0.629471,0.750152,0.678352,0.655152,0.742234,0.728176,0.626117
0.650753,0.737213,0.730798,0.666429,0.524962,0.826862,0.659796,0.711096,0.736870,0.686269
0.660554,0.653670,0.658042,0.729782,0.673239,0.590954,0.755919,0.710454,0.674982,0.672270
0.708943,0.771962,0.706932,0.635687,0.711669,0.646541,0.699510,0.694725,0.687323,0.716969
0.684571,0.682633,0.640900,0.657755,0.700849,0.652655,0.698668,0.709382,0.727002,0.668129
0.693164,0.631914,0.774189,0.786912,0.735195,0.796481,0.749046,0.668952,0.678377,0.698772
0.727745,0.691731,0.746648,0.586478,0.786289,0.685106,0.662676,0.671741,0.726271,0.733560
0.722405,0.706597,0.646237,0.645887,0.676809,0.686499,0.691487,0.685599,0.670048,0.698440
0.690246,0.735488,0.696906,0.697287,0.703661,0.756522,0.711123,0.687199,0.698468,0.742264
0.704090,0.638090,0.707783,0.742371,0.564513,0.558686,0.717513,0.680395,0.734956,0.734866
0.675437,0.696122,0.703307,0.660725,0.624266,0.553329,0.719126,0.701931,0.696515,0.688308
0.678166,0.697053,0.631587,0.669962,0.667646,0.729284,0.639018,0.701861,0.672524,0.687174
0.681732,0.655123,0.703850,0.721557,0.662987,0.666373,0.668707,0.667247,0.642915,0.727295
0.636352,0.614168,0.620435,0.723729,0.671448,0.639310,0.784701,0.726824,0.743292,0.653788
0.663408,0.733672,0.699331,0.673640,0.546007,0.733524,0.603910,0.653780,0.687364,0.686176
0.682508,0.650159,0.681637,0.686683,0.719889,0.739830,0.618016,0.688025,0.675200,0.644046
0.695317,0.699719,0.792925,0.764190,0.880563,0.806295,0.696599,0.698081,0.693311,0.685545
0.702491,0.664449,0.737542,0.765260,0.650792,0.575136,0.744286,0.661320,0.696356,0.686047
0.673035,0.732515,0.705404,0.762870,0.906345,0.655095,0.631514,0.676966,0.669380,0.700588
0.681733,0.668171,0.738059,0.628956,0.611131,0.709537,0.716588,0.725756,0.704730,0.677956
0.620058,0.713436,0.687312,0.594123,0.849191,0.671618,0.712660,0.691507,0.680176,0.712519
0.685330,0.642586,0.686524,0.713796,0.655914,0.591341,0.686450,0.694533,0.697093,0.693347
0.700097,0.780693,0.673770,0.640745,0.698049,0.721924,0.704732,0.718478,0.693883,0.694860
0.640024,0.626481,0.700134,0.692093,0.607640,0.645939,0.703762,0.724007,0.665090,0.661240
0.662377,0.686918,0.688514,0.683387,0.466803,0.676528,0.710954,0.706573,0.692891,0.720466
0.696918,0.683788,0.722630,0.633058,0.688027,0.721475,0.651030,0.612448,0.680347,0.641339
0.668729,0.656940,0.620391,0.645059,0.534331,0.705083,0.723813,0.652928,0.683076,0.741349
0.726936,0.778758,0.638485,0.714651,0.704633,0.643036,0.641287,0.738151,0.736282,0.692037
0.686315,0.673719,0.688194,0.664566,0.546242,0.802579,0.681835,0.680945,0.747420,0.727870
0.650316,0.670179,0.745489,0.668533,0.677312,0.745762,0.705892,0.679910,0.694407,0.657200
0.740534,0.750295,0.716423,0.688681,0.412775,0.680963,0.692924,0.664038,0.723154,0.665217
0.723189,0.674207,0.703400,0.817305,0.474348,0.716406,0.659776,0.715180,0.679093,0.685183
0.705895,0.703897,0.720615,0.715087,0.682974,0.677833,0.742080,0.646244,0.676643,0.702411
0.677274,0.709907,0.644243,0.684489,0.580947,0.719809,0.654373,0.672254,0.676792,0.669565
0.643525,0.691809,0.721381,0.625952,0.683312,0.589799,0.673769,0.722955,0.719777,0.634383
0.692430,0.706425,0.687715,0.727109,0.375218,0.726061,0.684778,0.711491,0.655091,0.696640
0.775761,0.667947,0.657151,0.689749,0.712057,0.596320,0.599167,0.662050,0.654504,0.675232
0.682283,0.589693,0.690510,0.708956,0.678189,0.713419,0.663424,0.645303,0.711708,0.696943
0.672696,0.676324,0.721215,0.767824,0.489235,0.711251,0.643007,0.736050,0.733774,0.705436
0.702859,0.693912,0.668919,0.733774,0.538174,0.680995,0.748377,0.654070,0.719683,0.686920
0.702778,0.757995,0.709891,0.661014,0.706243,0.914302,0.675405,0.690955,0.688998,0.684816
0.673534,0.724293,0.661207,0.746295,0.681383,0.638317,0.733588,0.664597,0.697079,0.688976
0.646081,0.711178,0.698446,0.630511,0.604494,0.708200,0.653476,0.667193,0.689761,0.686795
0.673319,0.686584,0.729202,0.765470,0.609794,0.739647,0.660207,0.760659,0.724944,0.701418
0.740133,0.705435,0.688215,0.604635,0.811904,0.575471,0.644581,0.700843,0.634092,0.682338
0.717015,0.636600,0.744030,0.707590,0.796435,0.624625,0.742925,0.661499,0.700340,0.715391
0.676790,0.690449,0.803473,0.679903,0.770015,0.727416,0.759431,0.693836,0.646104,0.683048
0.726285,0.678998,0.657242,0.708960,0.619805,0.719644,0.737876,0.649821,0.674633,0.704955
0.703766,0.664449,0.685322,0.684938,0.702018,0.550698,0.732157,0.697947,0.651651,0.659044
0.708432,0.703535,0.700244,0.710189,0.504215,0.720099,0.690948,0.716648,0.707116,0.663113
0.667123,0.626338,0.720297,0.643168,0.660293,0.770897,0.680729,0.685531,0.734115,0.683661
0.747241,0.670090,0.696531,0.665905,0.714112,0.665780,0.658645,0.678386,0.664934,0.700580
0.623671,0.697972,0.791246,0.645664,0.755627,0.689850,0.541578,0.619284,0.719548,0.671192
0.718012,0.696206,0.672573,0.631611,0.773558,0.647197,0.644469,0.734878,0.676989,0.687452
0.702745,0.692365,0.617880,0.692822,0.587119,0.646955,0.648492,0.683750,0.673245,0.701449
0.719215,0.662438,0.589199,0.677903,0.615360,0.626540,0.670027,0.682634,0.664193,0.724630
0.679925,0.695978,0.687032,0.691162,0.911305,0.780514,0.726625,0.731721,0.653435,0.663722
0.671720,0.664543,0.657452,0.664375,0.904250,0.744458,0.683671,0.635989,0.679776,0.684483
0.711033,0.648861,0.614256,0.825141,0.650732,0.689830,0.748133,0.656878,0.691792,0.661603
0.694308,0.681255,0.688628,0.679967,0.363824,0.628070,0.700428,0.691187,0.707786,0.672063
0.694980,0.648128,0.662027,0.704166,0.775930,0.760922,0.601774,0.644176,0.695010,0.693781
0.736094,0.680310,0.744887,0.797266,0.730644,0.647536,0.634530,0.717812,0.716438,0.681215
0.681068,0.692528,0.736568,0.669785,0.405728,0.697654,0.719827,0.709619,0.657342,0.691370
0.677365,0.699850,0.642382,0.642539,0.643566,0.679032,0.693878,0.674327,0.626858,0.657215
0.684061,0.670082,0.733310,0.644974,0.647419,0.717344,0.673378,0.713151,0.755247,0.680330
0.705845,0.625960,0.753860,0.775098,0.739135,0.588974,0.694510,0.721120,0.692972,0.694252
0.681652,0.677573,0.762911,0.735689,0.881718,0.756013,0.673750,0.703088,0.729225,0.697932
0.686841,0.709906,0.718552,0.641375,0.385857,0.731303,0.696821,0.695166,0.699484,0.657833
0.662332,0.685970,0.725096,0.739785,0.747150,0.634933,0.725780,0.705442,0.688869,0.700018
0.763115,0.699029,0.659092,0.679043,0.647162,0.687411,0.672241,0.696923,0.751533,0.655357
0.657582,0.681285,0.641433,0.698688,0.775849,0.728895,0.694647,0.654767,0.679754,0.750412
0.706516,0.682454,0.686598,0.716174,0.564060,0.607156,0.698496,0.662171,0.683490,0.684651
0.642369,0.693891,0.695154,0.596522,0.908274,0.782720,0.708676,0.741907,0.700406,0.684724
0.682056,0.817801,0.700096,0.688367,0.840846,0.611862,0.670780,0.709806,0.658459,0.669782
0.708211,0.732480,0.718084,0.727569,0.668975,0.642305,0.700228,0.693058,0.721729,0.698067
0.687825,0.692077,0.752086,0.638529,0.462147,0.669426,0.708411,0.692163,0.661212,0.700152
0.662295,0.668839,0.639632,0.688955,0.592486,0.677057,0.744724,0.642298,0.661832,0.709019
0.679946,0.668159,0.777305,0.747618,0.755742,0.721796,0.754929,0.649836,0.675434,0.675103
0.646491,0.697950,0.678399,0.761810,0.928804,0.667365,0.640309,0.698125,0.643829,0.702467
0.683031,0.690457,0.682879,0.767332,0.924644,0.808259,0.686012,0.716250,0.687735,0.708270
0.707127,0.694209,0.705559,0.624674,0.592683,0.579632,0.618667,0.658334,0.701481,0.661355
0.709978,0.720761,0.719790,0.649917,0.624113,0.500004,0.665059,0.687349,0.695367,0.665334
0.695287,0.653190,0.641370,0.642718,0.764465,0.653017,0.683197,0.670791,0.705583,0.656763
0.676629,0.677400,0.727301,0.720510,0.676273,0.727320,0.699595,0.676644,0.728275,0.701725
0.707706,0.679455,0.693544,0.690146,0.776781,0.638141,0.728732,0.695100,0.652006,0.693640
0.658176,0.709030,0.653274,0.775132,0.599667,0.711979,0.645283,0.727368,0.658735,0.687170
0.645476,0.701982,0.642654,0.651954,0.655481,0.788744,0.679008,0.650318,0.642650,0.682855
0.694193,0.658316,0.724088,0.745395,0.606492,0.617409,0.660407,0.704665,0.704852,0.768188
0.789546,0.734302,0.686877,0.560124,0.822171,0.788292,0.728967,0.747185,0.621659,0.653891
0.709614,0.692810,0.692760,0.738352,0.492231,0.725140,0.720878,0.692628,0.679534,0.714507
0.689070,0.682536,0.696037,0.749186,0.583515,0.700328,0.652841,0.716880,0.697098,0.703639
0.660858,0.695428,0.628064,0.673005,0.673167,0.812246,0.764386,0.686077,0.676292,0.641791
0.660513,0.625585,0.745313,0.682459,0.507958,0.604545,0.668213,0.712474,0.657327,0.715673
0.689868,0.663584,0.668049,0.788054,0.626136,0.632709,0.687530,0.722549,0.685414,0.680308
0.670133,0.672548,0.695907,0.661982,0.627944,0.806184,0.651434,0.687593,0.706334,0.676506
0.698863,0.717131,0.730450,0.708863,0.905825,0.757724,0.720039,0.731917,0.743343,0.703875
0.681667,0.693318,0.703065,0.688542,0.476952,0.748071,0.693293,0.727835,0.696396,0.703058
0.724720,0.664571,0.634311,0.598489,0.646780,0.742373,0.732734,0.615320,0.667397,0.675821
0.561613,0.704441,0.723155,0.647062,0.631723,0.717969,0.720543,0.729739,0.757339,0.696778
0.691361,0.715983,0.796615,0.710589,0.826631,0.732050,0.720743,0.673860,0.703445,0.716189
0.688444,0.684991,0.709642,0.702616,0.499303,0.731121,0.685137,0.667003,0.678009,0.703722
0.694902,0.706255,0.606247,0.755370,0.755467,0.710458,0.802127,0.670615,0.671175,0.686306
0.616677,0.732672,0.773173,0.672782,0.670342,0.678791,0.535411,0.716832,0.663347,0.681940
0.688043,0.707182,0.624272,0.639240,0.807914,0.775651,0.618106,0.680759,0.663530,0.749390
0.682398,0.718261,0.648860,0.728749,0.726415,0.635211,0.709079,0.648456,0.717206,0.683173
0.759754,0.703766,0.695284,0.661615,0.735803,0.568270,0.689236,0.698715,0.671188,0.695869
0.676394,0.700822,0.640579,0.708694,0.774031,0.666426,0.664307,0.693298,0.705307,0.689041
0.681916,0.677955,0.677701,0.675744,0.911323,0.742756,0.699289,0.660286,0.777856,0.660718
0.708563,0.742671,0.648348,0.739993,0.884348,0.794329,0.678878,0.669733,0.736423,0.690684
0.708753,0.686964,0.664729,0.728420,0.609454,0.778554,0.760693,0.681680,0.671564,0.680611
0.691053,0.656788,0.699850,0.699317,0.815557,0.598457,0.701262,0.679282,0.652075,0.711872
0.706048,0.670518,0.661891,0.760688,0.527710,0.673915,0.700342,0.682466,0.709863,0.641219
0.719387,0.691594,0.689736,0.747775,0.768907,0.746779,0.729728,0.629295,0.789349,0.702408
0.763733,0.694780,0.724411,0.602942,0.903554,0.734437,0.659194,0.732908,0.723194,0.702713
0.723877,0.661738,0.701225,0.743061,0.682032,0.667792,0.613076,0.663368,0.691050,0.639030
0.742934,0.691127,0.697897,0.809633,0.715840,0.665730,0.674133,0.603506,0.715401,0.662467
0.700210,0.601104,0.723585,0.741560,0.744045,0.685138,0.741973,0.694380,0.658958,0.736063
0.685727,0.677543,0.641448,0.673219,0.733951,0.784468,0.681247,0.701423,0.681992,0.694824
0.716879,0.652024,0.635938,0.676810,0.584946,0.756127,0.645673,0.729177,0.768664,0.672581
0.678153,0.697796,0.790559,0.744265,0.568044,0.709895,0.754206,0.713631,0.707697,0.678877
0.667300,0.674898,0.662352,0.721380,0.486434,0.687606,0.689670,0.655641,0.677860,0.694743
0.684007,0.704084,0.670914,0.706791,0.682818,0.690214,0.693608,0.667104,0.658232,0.677584
0.675048,0.700790,0.673829,0.817381,0.829166,0.519503,0.612980,0.602768,0.711567,0.658952
0.619563,0.697865,0.624941,0.800387,0.512285,0.621680,0.795405,0.698849,0.702711,0.616180
0.679329,0.700055,0.643603,0.694114,0.797516,0.771122,0.664187,0.690186,0.676676,0.705187
0.682451,0.696501,0.693912,0.678486,0.398397,0.643463,0.729157,0.701961,0.692039,0.686891
0.720068,0.672539,0.646039,0.714164,0.565953,0.595066,0.722985,0.671662,0.707525,0.651666
0.691610,0.756087,0.668276,0.616450,0.553190,0.759772,0.777597,0.721209,0.681677,0.637579
0.758004,0.701825,0.698329,0.629610,0.740999,0.600145,0.746688,0.717790,0.653286,0.760213
0.727471,0.688749,0.720750,0.565841,0.746457,0.817053,0.725763,0.732828,0.636524,0.696761
0.717679,0.698597,0.696800,0.779667,0.799554,0.710142,0.671063,0.711430,0.682752,0.690401
0.702727,0.719872,0.630093,0.694171,0.840632,0.735593,0.666228,0.690484,0.657909,0.676291
0.731226,0.690451,0.692768,0.711310,0.619115,0.488973,0.701288,0.714765,0.724267,0.618708
0.674509,0.663506,0.649916,0.721933,0.506898,0.725130,0.649869,0.753304,0.740025,0.727737
0.687550,0.646591,0.672408,0.721037,0.569042,0.717213,0.714415,0.679152,0.726583,0.637527
0.628835,0.653321,0.666107,0.640197,0.752262,0.504048,0.696264,0.637669,0.702305,0.670416
0.734382,0.667463,0.744880,0.630057,0.764677,0.600741,0.664644,0.695831,0.738389,0.724944
0.658903,0.723007,0.763817,0.694586,0.645398,0.669041,0.717261,0.664507,0.688955,0.725370
0.694131,0.588339,0.649228,0.779550,0.613746,0.655376,0.733592,0.730624,0.688602,0.660552
0.700304,0.681397,0.637990,0.678346,0.323015,0.682266,0.700683,0.669391,0.694325,0.699714
0.720173,0.691195,0.695927,0.670731,0.805568,0.750842,0.726941,0.665232,0.706940,0.705594
0.709641,0.715862,0.664870,0.666222,0.793820,0.722835,0.685833,0.698992,0.709876,0.708583
0.739499,0.771769,0.625463,0.554652,0.514794,0.533928,0.716590,0.636781,0.684553,0.713937
0.716167,0.692035,0.622013,0.656430,0.542208,0.707329,0.647026,0.703615,0.686563,0.703979
0.638655,0.649387,0.652873,0.643696,0.698422,0.660548,0.721425,0.793691,0.765661,0.737569
0.696841,0.682477,0.653539,0.699838,0.813877,0.469055,0.734662,0.727140,0.694981,0.661036
0.669542,0.684488,0.698720,0.660995,0.738109,0.894127,0.711435,0.630383,0.678121,0.702662
0.712770,0.705805,0.671439,0.711086,0.709396,0.688727,0.663586,0.687289,0.692303,0.622307
0.676470,0.682436,0.691324,0.681151,0.591216,0.702550,0.695950,0.681203,0.672837,0.695845
0.688716,0.654054,0.668324,0.818808,0.640826,0.731610,0.661938,0.683885,0.707627,0.694173
0.711146,0.697389,0.697672,0.665027,0.698801,0.523427,0.663581,0.630084,0.699036,0.708116
0.659329,0.687400,0.696913,0.624117,0.502466,0.641025,0.698553,0.677260,0.700908,0.677685
0.611409,0.691315,0.705898,0.694595,0.779446,0.659799,0.687580,0.728619,0.705709,0.651584
0.712920,0.668430,0.689867,0.787388,0.512851,0.683439,0.763313,0.680705,0.693756,0.659248
0.703486,0.673145,0.724316,0.726831,0.631606,0.496551,0.724838,0.720496,0.706798,0.669867
0.661372,0.706426,0.714651,0.549105,0.784554,0.685157,0.704808,0.739313,0.761292,0.710376
0.759085,0.640714,0.736320,0.549404,0.863798,0.699455,0.667606,0.741942,0.743023,0.714342
0.675540,0.678118,0.678684,0.685079,0.469437,0.751476,0.736217,0.671739,0.665670,0.686469
0.695729,0.711341,0.714596,0.712772,0.651842,0.577971,0.681056,0.672822,0.716638,0.690841
0.757371,0.759611,0.634130,0.603273,0.771999,0.649758,0.763093,0.711950,0.699539,0.728433
0.692881,0.681053,0.687456,0.776932,0.799500,0.523519,0.650661,0.702752,0.683263,0.685364
0.682420,0.652606,0.709506,0.645059,0.602859,0.835136,0.708257,0.729173,0.646321,0.688186
0.676636,0.709659,0.727233,0.654658,0.625580,0.763733,0.687093,0.695962,0.656753,0.722723
0.722334,0.680368,0.704314,0.735627,0.626750,0.635464,0.778496,0.722971,0.729183,0.711190
0.732028,0.660095,0.650381,0.723124,0.569587,0.729281,0.768859,0.653690,0.700825,0.704693
0.718290,0.656746,0.683303,0.624436,0.842051,0.622500,0.701300,0.721068,0.670300,0.674031
0.678690,0.659819,0.690008,0.596447,0.607630,0.677151,0.682142,0.707744,0.687742,0.673931
0.688733,0.702948,0.713032,0.719320,0.674069,0.588151,0.656552,0.681029,0.725296,0.724672
0.659816,0.640428,0.621227,0.681791,0.694767,0.723266,0.642716,0.680065,0.644977,0.680685
0.666414,0.714369,0.730988,0.676836,0.816710,0.740245,0.737263,0.660828,0.668648,0.693258
0.656017,0.720712,0.725676,0.651109,0.630574,0.505852,0.726042,0.716793,0.675641,0.701999
0.722796,0.697336,0.690108,0.672501,0.566150,0.645647,0.706507,0.681605,0.691573,0.692028
0.667849,0.701580,0.655200,0.696933,0.780264,0.553256,0.677292,0.708027,0.724193,0.718999
0.736689,0.686256,0.678998,0.658925,0.696804,0.807607,0.605553,0.559642,0.670030,0.685047
0.705360,0.656717,0.712417,0.796598,0.835493,0.664307,0.619236,0.664543,0.682494,0.683354
0.718409,0.711815,0.729236,0.564511,0.501794,0.721559,0.779634,0.685716,0.656415,0.670484
0.707775,0.670104,0.718940,0.697843,0.801354,0.453226,0.595407,0.748234,0.635748,0.724263
0.701220,0.666131,0.678769,0.744441,0.802853,0.618745,0.648491,0.720797,0.706306,0.691530
0.681335,0.699032,0.748450,0.664719,0.731120,0.651451,0.739182,0.683060,0.734354,0.703275
0.697572,0.721980,0.673286,0.730056,0.799975,0.756673,0.733153,0.706183,0.741636,0.669112
0.701235,0.717011,0.675175,0.756879,0.842032,0.675426,0.673118,0.606469,0.672306,0.690846
0.642111,0.706849,0.648757,0.661692,0.604989,0.634419,0.639890,0.675961,0.682331,0.728448
0.685667,0.726451,0.714390,0.650086,0.628474,0.738387,0.687971,0.687549,0.695661,0.670089
0.699849,0.644906,0.717914,0.732728,0.703640,0.554960,0.725588,0.676099,0.692065,0.698279
0.706209,0.613043,0.734486,0.768128,0.684649,0.897097,0.632395,0.714680,0.681170,0.721308
0.636035,0.587680,0.678800,0.646515,0.609359,0.716665,0.693755,0.689277,0.620933,0.691298
0.689821,0.583049,0.712531,0.726534,0.549623,0.806302,0.700836,0.714805,0.654460,0.682794
0.723746,0.712913,0.708308,0.599565,0.614253,0.776292,0.708939,0.652359,0.737516,0.681865
0.666693,0.680369,0.675439,0.709763,0.671778,0.664288,0.716047,0.669000,0.716436,0.672413
0.677681,0.698094,0.638435,0.659384,0.637613,0.704862,0.800848,0.700280,0.700301,0.762507
0.648556,0.758063,0.680831,0.693627,0.635367,0.694142,0.730680,0.688864,0.716901,0.666559
0.660788,0.706224,0.705663,0.667551,0.560675,0.737519,0.704488,0.698168,0.672800,0.705604
0.700288,0.662217,0.728332,0.720343,0.510457,0.651092,0.695610,0.680592,0.707373,0.710888
0.717785,0.683172,0.669199,0.726652,0.733831,0.588272,0.674860,0.740441,0.694295,0.639451
0.632317,0.664371,0.717362,0.675987,0.756104,0.769128,0.685509,0.631659,0.628573,0.694943
0.697525,0.702311,0.691317,0.745968,0.895843,0.659482,0.680874,0.592636,0.728579,0.700189
0.715289,0.588447,0.684348,0.631858,0.923217,0.678646,0.705800,0.728972,0.723107,0.688346
0.700630,0.789581,0.729473,0.623687,0.722575,0.660840,0.648357,0.721731,0.675247,0.688660
0.684370,0.647282,0.718078,0.647085,0.717378,0.659163,0.720176,0.718953,0.729760,0.646269
0.688326,0.679159,0.675570,0.689386,0.627902,0.712746,0.700670,0.644664,0.677121,0.691360
0.698840,0.716651,0.752882,0.698103,0.688569,0.737890,0.558568,0.645845,0.707818,0.671632
0.711650,0.681559,0.705703,0.616058,0.399937,0.755278,0.720597,0.729147,0.704443,0.675635
0.718572,0.733735,0.695648,0.689295,0.659136,0.696912,0.770324,0.698408,0.704367,0.658189
0.759554,0.717098,0.710461,0.690435,0.796004,0.734863,0.671396,0.661279,0.698598,0.675100
0.676253,0.693665,0.772746,0.683326,0.692001,0.670590,0.733857,0.666554,0.643073,0.693547
0.701891,0.643147,0.753429,0.733315,0.644034,0.736461,0.719161,0.712926,0.706415,0.690565
0.724650,0.688790,0.702148,0.737158,0.656211,0.622345,0.740733,0.710236,0.690199,0.699084
0.651803,0.606922,0.707008,0.637938,0.843950,0.656194,0.664515,0.681191,0.646093,0.759624
0.729855,0.682147,0.782632,0.581719,0.660428,0.783605,0.609933,0.752344,0.678690,0.662131
0.707426,0.684483,0.635620,0.714223,0.569344,0.588552,0.624596,0.708449,0.705348,0.666368
0.697325,0.707284,0.694601,0.679028,0.799090,0.531272,0.665316,0.732092,0.687954,0.712838
0.694449,0.672569,0.630079,0.710312,0.704560,0.767965,0.688051,0.705867,0.689139,0.678793
0.678167,0.706072,0.728055,0.641067,0.330909,0.634142,0.691633,0.688861,0.693558,0.723008
0.653358,0.706041,0.717618,0.771834,0.685653,0.599852,0.680477,0.649291,0.718215,0.681003
0.722132,0.666942,0.810942,0.731348,0.696170,0.787330,0.785547,0.703333,0.672471,0.703612
0.671596,0.655268,0.652826,0.754065,0.638164,0.664805,0.745951,0.644133,0.701490,0.717058
0.703509,0.676303,0.641646,0.663383,0.555458,0.731734,0.675023,0.681682,0.705020,0.680074
0.534134,0.721681,0.605030,0.677165,0.659374,0.757415,0.776476,0.590670,0.723512,0.731223
0.696544,0.671074,0.697178,0.710769,0.680564,0.711437,0.666553,0.713849,0.675330,0.719617
0.679832,0.636466,0.726598,0.609006,0.663130,0.765711,0.613877,0.764546,0.713803,0.728926
0.696145,0.756578,0.697476,0.683914,0.018770,0.653538,0.714253,0.650692,0.685407,0.672303
0.700399,0.721859,0.778470,0.731387,0.830919,0.755235,0.726438,0.668699,0.670789,0.715116
0.688344,0.698860,0.685130,0.686035,0.712409,0.725917,0.679167,0.686343,0.679042,0.705026
0.682795,0.669539,0.628065,0.676400,0.651230,0.742601,0.637986,0.659973,0.689423,0.701829
0.683733,0.691326,0.777814,0.720900,0.629993,0.722814,0.746295,0.674149,0.673394,0.689206
0.730467,0.705864,0.672794,0.638508,0.811262,0.562758,0.716162,0.684047,0.678210,0.660820
0.685649,0.688204,0.680076,0.663159,0.819526,0.745951,0.718126,0.716219,0.654339,0.667208
0.754287,0.597862,0.681151,0.676829,0.497667,0.741919,0.742068,0.755690,0.670388,0.712714
0.709198,0.659173,0.660920,0.699471,0.631973,0.694381,0.699693,0.657926,0.656785,0.702055
0.701056,0.701742,0.615540,0.687954,0.526603,0.713338,0.702686,0.685040,0.752056,0.691096
0.657846,0.641100,0.732915,0.565793,0.757722,0.617797,0.684884,0.659969,0.634458,0.726953
0.706598,0.655772,0.653780,0.644735,0.671507,0.727701,0.746434,0.729240,0.683263,0.725951
0.688477,0.762273,0.716414,0.527735,0.674111,0.623993,0.692605,0.773232,0.721978,0.730753
0.679363,0.690750,0.705939,0.672947,0.353263,0.643848,0.671129,0.685741,0.687905,0.717125
0.651717,0.697545,0.721161,0.703494,0.581911,0.790235,0.621406,0.703104,0.689680,0.755620
0.634545,0.693164,0.702809,0.718696,0.624110,0.677739,0.720872,0.715864,0.690555,0.730227
0.720902,0.722867,0.691858,0.667823,0.657072,0.585482,0.721960,0.673041,0.657444,0.672882
0.732290,0.658198,0.723351,0.697640,0.462438,0.693620,0.727616,0.700673,0.718019,0.684156
0.662741,0.674275,0.673890,0.642759,0.431668,0.670137,0.727320,0.619098,0.656508,0.677074
0.705963,0.724010,0.699907,0.698383,0.691707,0.634090,0.705663,0.641619,0.732675,0.685852
0.733813,0.637154,0.663170,0.676260,0.649568,0.597777,0.714396,0.690183,0.705956,0.611728
0.654358,0.703856,0.681518,0.701249,0.626801,0.689747,0.751862,0.711167,0.694941,0.681445
0.774987,0.699378,0.771173,0.646824,0.769540,0.706709,0.559092,0.721425,0.760227,0.668791
0.727068,0.688748,0.739799,0.642016,0.715325,0.574944,0.620142,0.756237,0.649057,0.630235
0.696328,0.636198,0.650476,0.631463,0.843321,0.635523,0.685672,0.755928,0.717699,0.678851
0.626061,0.677468,0.699857,0.594743,0.656087,0.783208,0.654287,0.692656,0.606094,0.695080
0.708632,0.705770,0.708139,0.696567,0.619669,0.765688,0.718405,0.714336,0.721033,0.683088
0.684249,0.682960,0.722707,0.654423,0.787870,0.815763,0.673917,0.638915,0.651460,0.691645
0.674092,0.736096,0.693196,0.699615,0.820777,0.681317,0.702761,0.718309,0.659169,0.683297
0.705873,0.692983,0.639466,0.679727,0.560247,0.686457,0.662490,0.695033,0.663136,0.688273
0.689432,0.605633,0.636251,0.671508,0.819539,0.733040,0.717804,0.678258,0.750570,0.659361
0.686738,0.692881,0.685138,0.727900,0.798048,0.648708,0.690426,0.682042,0.674500,0.698087
0.680545,0.703386,0.648320,0.691975,0.665728,0.708451,0.667975,0.692863,0.660233,0.668441
0.680225,0.651390,0.686199,0.747367,0.783546,0.357377,0.670083,0.720803,0.681926,0.720174
0.717673,0.732342,0.698315,0.573763,0.593373,0.776042,0.751944,0.720768,0.659383,0.724826
0.688009,0.698181,0.815360,0.763969,0.776111,0.739711,0.774046,0.719783,0.694132,0.705044
0.689896,0.683065,0.686689,0.660840,0.657848,0.668513,0.629527,0.695276,0.680641,0.711792
0.698837,0.680700,0.727748,0.708025,0.633322,0.795686,0.748938,0.672385,0.740525,0.697203
0.674625,0.712806,0.714988,0.737982,0.902166,0.773931,0.644240,0.681921,0.656229,0.694894
0.709310,0.688122,0.703593,0.682005,0.638753,0.679873,0.703604,0.717924,0.672742,0.694923
0.658128,0.692435,0.606269,0.687863,0.587064,0.650995,0.789103,0.675407,0.732793,0.715045
0.686724,0.711240,0.645927,0.789486,0.690910,0.761739,0.697784,0.694160,0.699609,0.727605
0.729998,0.693120,0.720459,0.686765,0.699102,0.573121,0.667306,0.686655,0.703583,0.669158
0.698076,0.656528,0.662057,0.669878,0.542996,0.782074,0.691473,0.710319,0.732310,0.696463
0.725329,0.631389,0.734071,0.695232,0.611824,0.776001,0.715524,0.707542,0.724206,0.691863
0.683397,0.645173,0.661954,0.660835,0.807991,0.642373,0.648876,0.760856,0.731260,0.684379
0.712253,0.687563,0.724410,0.679330,0.786731,0.657694,0.770897,0.549736,0.720392,0.677791
0.696979,0.622470,0.626181,0.729310,0.755054,0.524733,0.670868,0.639835,0.701865,0.686134
0.684055,0.693265,0.787389,0.734295,0.827537,0.762040,0.767374,0.698772,0.673910,0.693277
0.696531,0.692427,0.706202,0.703959,0.773765,0.560755,0.666587,0.713560,0.718797,0.730366
0.714334,0.708233,0.681006,0.703301,0.729245,0.566945,0.727252,0.666228,0.685487,0.681583
0.767759,0.660487,0.745823,0.690773,0.581677,0.707535,0.673781,0.692406,0.717665,0.643523
0.645052,0.703262,0.695601,0.669451,0.729606,0.630459,0.732541,0.733816,0.691735,0.702556
0.729134,0.709921,0.663554,0.706765,0.562980,0.664569,0.628865,0.686749,0.683256,0.686907
0.661644,0.700776,0.737171,0.706790,0.936613,0.799340,0.706456,0.732439,0.633638,0.703310
0.582601,0.705507,0.620698,0.645997,0.729631,0.600018,0.678428,0.627149,0.707850,0.648969
0.739769,0.684158,0.696949,0.720927,0.745063,0.751739,0.699859,0.657761,0.770604,0.673182
0.670080,0.658624,0.683859,0.685614,0.632486,0.701268,0.677424,0.666023,0.669666,0.681923
0.675707,0.699271,0.625775,0.728201,0.697089,0.708153,0.617994,0.679245,0.681647,0.686804
0.717967,0.716377,0.701731,0.688672,0.817960,0.746961,0.676903,0.658652,0.687317,0.676687
0.700778,0.635666,0.724437,0.707962,0.625093,0.725812,0.721962,0.685165,0.664442,0.642851
0.659279,0.718263,0.610506,0.635638,0.616404,0.597886,0.586040,0.674060,0.705204,0.698135
0.745782,0.661133,0.623757,0.636782,0.791056,0.652122,0.822289,0.738954,0.773860,0.696076
0.663050,0.720508,0.680776,0.775736,0.682499,0.755980,0.664979,0.709970,0.697381,0.725853
0.683069,0.647721,0.639576,0.735409,0.866807,0.585537,0.695499,0.698713,0.670096,0.735814
0.689576,0.634080,0.718261,0.600740,0.604809,0.836198,0.702094,0.724419,0.715678,0.690329
0.705958,0.700066,0.715156,0.777428,0.354443,0.706926,0.687526,0.591792,0.691111,0.682727
0.678212,0.687593,0.688731,0.718180,0.585404,0.627392,0.637964,0.688344,0.728653,0.696377
0.691905,0.717952,0.708237,0.589958,0.664055,0.669753,0.681056,0.656261,0.675797,0.705092
0.698657,0.710209,0.652714,0.654289,0.545941,0.669104,0.698218,0.734062,0.697134,0.702412
0.658901,0.700214,0.706286,0.605015,0.696185,0.692006,0.661191,0.662820,0.714971,0.738784
0.688458,0.676315,0.695441,0.719882,0.882943,0.783976,0.729003,0.726120,0.663301,0.645630
0.694832,0.707400,0.684535,0.757924,0.672635,0.721334,0.665514,0.686220,0.693245,0.698217
0.692098,0.700811,0.775021,0.730376,0.807457,0.740725,0.731655,0.683428,0.703095,0.703234
0.701859,0.661214,0.760793,0.720892,0.691171,0.713957,0.494301,0.669037,0.693556,0.683613
0.676840,0.636816,0.714366,0.690603,0.646438,0.632487,0.651259,0.629001,0.716151,0.662237
0.689216,0.732132,0.766393,0.715725,0.796907,0.725565,0.716937,0.629808,0.724037,0.680386
0.698956,0.713006,0.691599,0.701977,0.528790,0.779016,0.676299,0.664602,0.685233,0.708948
0.700654,0.719822,0.724590,0.669696,0.431565,0.648553,0.674386,0.693521,0.700644,0.715001
0.664451,0.672134,0.670318,0.694433,0.640533,0.812450,0.757514,0.704215,0.705304,0.714549
0.749326,0.702618,0.690186,0.730089,0.825989,0.612981,0.691782,0.588691,0.683262,0.676596
0.690978,0.727451,0.630679,0.652928,0.619988,0.654557,0.648408,0.707106,0.691311,0.696683
0.687034,0.695443,0.681973,0.687739,0.664979,0.752018,0.717270,0.696850,0.668224,0.691437
0.711919,0.672803,0.719456,0.684329,0.722740,0.785506,0.774557,0.665759,0.665028,0.686060
0.699690,0.690894,0.711071,0.743565,0.768108,0.714888,0.700636,0.696141,0.707125,0.688055
0.609093,0.688060,0.651097,0.632724,0.650782,0.743073,0.763386,0.676286,0.671073,0.726064
0.682098,0.710792,0.714886,0.616341,0.869112,0.685354,0.747572,0.732333,0.777865,0.676635
0.711092,0.694756,0.704522,0.682289,0.591074,0.823645,0.720912,0.686765,0.714850,0.693323
0.721733,0.654711,0.638478,0.697273,0.594131,0.697806,0.719362,0.722052,0.632682,0.712004
0.693648,0.678616,0.686632,0.685210,0.642849,0.690951,0.730007,0.690550,0.688415,0.708880
0.664974,0.701174,0.650523,0.621878,0.622301,0.700456,0.636005,0.677510,0.680024,0.711396
0.671343,0.711668,0.752194,0.698830,0.612111,0.640136,0.718442,0.694780,0.670015,0.694726
0.651844,0.702231,0.596458,0.779241,0.545029,0.653238,0.769962,0.671700,0.720951,0.712780
0.731724,0.712428,0.724268,0.767860,0.796101,0.559788,0.669442,0.676581,0.720360,0.698122
0.691965,0.673395,0.578273,0.704415,0.622940,0.682242,0.689259,0.679602,0.686040,0.762149
0.701492,0.751699,0.667841,0.568810,0.748801,0.640222,0.704496,0.644304,0.720023,0.733767
0.725046,0.723840,0.755423,0.698505,0.596942,0.555475,0.658431,0.713549,0.681734,0.693816
0.705564,0.635435,0.775165,0.724653,0.723164,0.684254,0.608003,0.646332,0.682948,0.583441
0.695506,0.670645,0.654896,0.794872,0.892473,0.622654,0.690631,0.705033,0.695171,0.678931
0.698234,0.671938,0.731129,0.745908,0.699358,0.687793,0.647757,0.745102,0.699754,0.726819
0.729307,0.686799,0.731889,0.731431,0.769923,0.703491,0.780768,0.708626,0.684407,0.660690
0.752880,0.667823,0.645445,0.638409,0.820928,0.715447,0.680738,0.700918,0.657737,0.713576
0.731530,0.576903,0.736411,0.639934,0.653608,0.727154,0.678887,0.757240,0.725541,0.667641
0.674905,0.689386,0.625181,0.701626,0.680044,0.717645,0.662672,0.699771,0.694339,0.695021
0.689498,0.632992,0.707618,0.664716,0.668283,0.737260,0.732614,0.690910,0.698757,0.695246
0.680084,0.741539,0.732645,0.629190,0.676717,0.647657,0.602385,0.621577,0.744970,0.695470
0.601325,0.716097,0.667816,0.668521,0.733197,0.491256,0.752913,0.713629,0.694394,0.728091
0.675129,0.715536,0.735915,0.759424,0.725693,0.707528,0.750733,0.655774,0.670294,0.695247
0.699625,0.712033,0.812121,0.765671,0.657719,0.671725,0.786145,0.684240,0.706157,0.692239
0.715881,0.657080,0.645627,0.604038,0.869451,0.689775,0.689216,0.701340,0.719190,0.690546
0.694272,0.705926,0.687566,0.685555,0.705102,0.679066,0.696585,0.681050,0.689321,0.697212
0.694503,0.713414,0.732776,0.621678,0.721049,0.534860,0.711205,0.678592,0.727164,0.720258
0.666202,0.715390,0.650232,0.668178,0.398117,0.654736,0.714302,0.696134,0.684867,0.680019
0.626043,0.732138,0.605602,0.646708,0.567152,0.640356,0.684726,0.708570,0.728818,0.717080
0.682591,0.698768,0.706463,0.722713,0.791760,0.537811,0.635156,0.700406,0.703042,0.686155
0.737463,0.650751,0.641193,0.696137,0.831666,0.773251,0.649315,0.677327,0.660583,0.700246
0.670116,0.714443,0.663451,0.739869,0.861686,0.557192,0.668275,0.670591,0.707716,0.680338
0.691956,0.750632,0.669937,0.785226,0.694301,0.721602,0.697266,0.765041,0.683838,0.703342
0.690250,0.672441,0.752755,0.758941,0.774690,0.634349,0.700358,0.717982,0.689351,0.679921
0.698516,0.680144,0.720251,0.706153,0.760335,0.551336,0.603415,0.675276,0.678434,0.692561
0.686404,0.674380,0.798805,0.778600,0.783505,0.620172,0.735504,0.670440,0.707499,0.701538
0.740910,0.780771,0.771052,0.623642,0.742895,0.691130,0.606443,0.742369,0.639161,0.650607
0.640271,0.707768,0.677489,0.577426,0.691599,0.737047,0.738850,0.680851,0.711005,0.695942
0.676244,0.681663,0.660590,0.633165,0.539561,0.673866,0.695281,0.688188,0.676317,0.682375
0.712206,0.713305,0.697307,0.656089,0.601848,0.593494,0.661215,0.699398,0.701324,0.747886
0.678191,0.746691,0.653520,0.654181,0.745983,0.614200,0.685404,0.700264,0.691827,0.700601
0.715167,0.685882,0.625469,0.645727,0.730773,0.700916,0.714852,0.647240,0.712595,0.736218
0.682787,0.694310,0.683862,0.642921,0.519311,0.766273,0.676022,0.707254,0.714138,0.709248
0.685966,0.665309,0.583085,0.695564,0.693806,0.537407,0.655983,0.710368,0.685027,0.673858
0.734706,0.693697,0.727861,0.729905,0.899641,0.824670,0.610377,0.693038,0.722327,0.715385
0.701721,0.673729,0.657853,0.785222,0.682263,0.687971,0.699051,0.705569,0.712631,0.638168
0.675774,0.704510,0.643740,0.687374,0.750593,0.746975,0.646291,0.679875,0.683079,0.689749
0.692147,0.729224,0.705789,0.584082,0.756142,0.575085,0.666531,0.573422,0.727244,0.698022
0.691218,0.683000,0.687674,0.799036,0.534963,0.716777,0.649908,0.816786,0.706269,0.658920
0.661847,0.683075,0.658333,0.614519,0.785037,0.747702,0.651658,0.688224,0.679484,0.722362
0.646295,0.736127,0.619244,0.644000,0.712510,0.771145,0.700307,0.724205,0.710702,0.688202
0.661750,0.628669,0.660148,0.677342,0.591346,0.642323,0.700993,0.696957,0.710013,0.670073
0.690664,0.739263,0.672162,0.682357,0.711238,0.753518,0.692877,0.688359,0.705815,0.710586
0.682184,0.691617,0.637351,0.672570,0.608628,0.716927,0.660491,0.689110,0.706197,0.691252
0.675355,0.678182,0.612531,0.658184,0.673473,0.633002,0.681076,0.706954,0.648599,0.723420
0.669765,0.690907,0.705857,0.626138,0.494660,0.576243,0.726887,0.711510,0.661215,0.719278
0.699941,0.769818,0.632700,0.717706,0.719243,0.790829,0.570675,0.717328,0.657885,0.690852
0.736100,0.744364,0.865887,0.592697,0.671953,0.551848,0.735499,0.695820,0.647893,0.659617
0.701070,0.701861,0.692646,0.675149,0.644481,0.694521,0.655747,0.677713,0.672528,0.666925
0.707166,0.681553,0.778051,0.722827,0.724150,0.753474,0.739464,0.730254,0.700124,0.697750
0.682031,0.660462,0.690783,0.712960,0.832722,0.518134,0.662021,0.735796,0.701272,0.666192
0.709233,0.671250,0.677645,0.661430,0.722774,0.671650,0.679189,0.675085,0.694235,0.697329
0.669103,0.635309,0.703276,0.729074,0.785887,0.525167,0.755206,0.660012,0.618690,0.629301
0.701950,0.660278,0.673082,0.657568,0.802548,0.765121,0.663955,0.627199,0.738272,0.701314
0.728799,0.718867,0.708977,0.723617,0.686229,0.788442,0.660226,0.659453,0.699937,0.678777
0.687329,0.668424,0.745867,0.723822,0.607221,0.669946,0.735900,0.693256,0.704535,0.693352
0.684473,0.729968,0.709001,0.702777,0.840554,0.754088,0.671187,0.662979,0.686289,0.698342
0.656100,0.689690,0.710760,0.647814,0.459441,0.598982,0.694633,0.677848,0.662693,0.680608
0.700214,0.662982,0.708911,0.659498,0.551543,0.766519,0.655832,0.696296,0.694750,0.740115
0.692482,0.692280,0.625148,0.771718,0.647199,0.723456,0.718650,0.721312,0.690578,0.748513
0.709115,0.646286,0.683420,0.785875,0.903345,0.638050,0.671030,0.720742,0.738728,0.692685
0.715374,0.746638,0.725274,0.732721,0.693928,0.597484,0.687820,0.686731,0.678466,0.705328
0.685968,0.715357,0.802189,0.699985,0.714417,0.747990,0.758989,0.674789,0.677553,0.698293
0.699405,0.701482,0.667364,0.761059,0.722291,0.692606,0.709050,0.666398,0.705834,0.707163
0.692739,0.675598,0.707007,0.662642,0.859986,0.682922,0.641600,0.715108,0.715696,0.670738
0.699592,0.723358,0.701182,0.675654,0.409993,0.668871,0.709541,0.706088,0.705185,0.661680
0.675264,0.767710,0.719367,0.604937,0.827155,0.634490,0.655658,0.713348,0.679621,0.689364
0.683140,0.726484,0.673538,0.822385,0.423420,0.722106,0.681452,0.726786,0.708645,0.699267
0.634740,0.698571,0.683600,0.723818,0.519093,0.722266,0.688603,0.685051,0.650873,0.677355
0.845302,0.641812,0.777679,0.661178,0.827888,0.654355,0.558006,0.669566,0.663378,0.856630
0.703509,0.651703,0.687247,0.611701,0.690821,0.661654,0.657785,0.677466,0.765322,0.727578
0.697499,0.706294,0.585743,0.691217,0.700697,0.768666,0.638525,0.702923,0.689098,0.693283
0.672955,0.662233,0.696772,0.681843,0.635111,0.736846,0.746842,0.696297,0.741501,0.688131
0.704322,0.673586,0.651303,0.709512,0.822629,0.720856,0.695701,0.683931,0.662086,0.689020
0.674216,0.725666,0.729594,0.696804,0.844779,0.766815,0.698397,0.698493,0.663918,0.695943
0.705465,0.713696,0.694179,0.634345,0.672114,0.596850,0.665233,0.671110,0.700313,0.650139
0.703318,0.689841,0.716252,0.714854,0.568026,0.587704,0.723744,0.680454,0.718397,0.683651
0.697675,0.709494,0.604141,0.656496,0.570711,0.717175,0.754866,0.714772,0.694376,0.715155
0.697505,0.682825,0.646123,0.673749,0.516041,0.686168,0.679992,0.689087,0.680828,0.692824
0.668238,0.696843,0.695828,0.677333,0.647623,0.710584,0.710337,0.655911,0.681498,0.711780
0.678724,0.690202,0.701349,0.678858,0.845709,0.655239,0.670945,0.724269,0.658775,0.693865
0.664282,0.710016,0.721231,0.780961,0.660613,0.751930,0.778851,0.696487,0.662772,0.648998
0.720684,0.769638,0.809060,0.591750,0.751001,0.717578,0.739156,0.717276,0.741603,0.695801
0.698460,0.641783,0.674835,0.665446,0.869035,0.684127,0.696131,0.600287,0.670600,0.754258
0.701599,0.648279,0.698855,0.690858,0.607826,0.755604,0.627846,0.624398,0.637701,0.703055
0.695253,0.664873,0.669184,0.704585,0.690129,0.736909,0.645118,0.619289,0.718243,0.669625
0.687379,0.694753,0.678208,0.706532,0.699181,0.747916,0.696274,0.680296,0.699597,0.700222
0.724644,0.675065,0.707745,0.716535,0.760600,0.655185,0.639631,0.612060,0.663156,0.666761
0.683426,0.749203,0.617784,0.768687,0.643143,0.743643,0.707424,0.721613,0.702638,0.701589
0.688930,0.715116,0.732451,0.665780,0.342679,0.674521,0.664540,0.704594,0.669913,0.702359
0.712205,0.667526,0.672792,0.736298,0.663401,0.769132,0.649729,0.680403,0.709741,0.711378
0.694221,0.677030,0.629813,0.758141,0.847715,0.666717,0.663671,0.673498,0.717528,0.684744
0.658688,0.648767,0.595021,0.667316,0.611984,0.659503,0.751883,0.671109,0.686974,0.721550
0.677272,0.706283,0.681231,0.685495,0.758912,0.725854,0.660432,0.670738,0.681553,0.681263
0.702747,0.764333,0.716687,0.688609,0.776130,0.526024,0.686877,0.723400,0.668025,0.693365
0.665748,0.712816,0.734036,0.670644,0.538921,0.710842,0.615643,0.669357,0.689591,0.714914
0.688952,0.678500,0.664694,0.714726,0.645915,0.623974,0.700745,0.684237,0.723609,0.669236
0.662973,0.694785,0.686933,0.752975,0.633273,0.931043,0.673768,0.763795,0.716363,0.694205
0.775027,0.684169,0.641161,0.765780,0.674730,0.713567,0.758758,0.705297,0.709391,0.686151
0.670066,0.775703,0.713279,0.743993,0.730740,0.548025,0.670038,0.707058,0.641540,0.710521
0.703379,0.725872,0.699128,0.632766,0.805447,0.726739,0.710598,0.564341,0.671931,0.676002
0.700666,0.673653,0.718762,0.794899,0.606956,0.720568,0.737704,0.688950,0.678044,0.690578
0.675325,0.674610,0.646908,0.666725,0.661002,0.754537,0.687268,0.692429,0.672250,0.714263
0.725985,0.664779,0.699905,0.813979,0.657124,0.674488,0.522127,0.722924,0.643114,0.667412
0.683469,0.689762,0.706102,0.713552,0.545122,0.690159,0.699193,0.699243,0.708333,0.711255
0.689447,0.742957,0.679602,0.780811,0.773431,0.656134,0.760714,0.669636,0.678116,0.689745
0.684502,0.625389,0.673251,0.672550,0.598752,0.717899,0.573232,0.707730,0.718608,0.704226
0.678506,0.676648,0.616004,0.708223,0.580173,0.679392,0.654475,0.686664,0.700336,0.685091
0.737958,0.687844,0.610138,0.714036,0.689803,0.633837,0.735265,0.712329,0.686457,0.690390
0.708122,0.662271,0.673466,0.661340,0.660352,0.566013,0.707012,0.731122,0.683408,0.725811
0.722812,0.706077,0.686870,0.598390,0.726788,0.634680,0.686838,0.714686,0.705090,0.724670
0.755884,0.686893,0.653550,0.624109,0.628564,0.703415,0.756290,0.674135,0.654016,0.706041
0.652155,0.726315,0.704574,0.639631,0.480908,0.728498,0.697524,0.650875,0.663057,0.685120
0.708438,0.679101,0.715842,0.765959,0.727831,0.645640,0.786362,0.674528,0.687347,0.673177
0.758178,0.664783,0.723147,0.540121,0.802577,0.731267,0.723767,0.686480,0.621205,0.689069
0.670276,0.657101,0.703684,0.758542,0.682945,0.741204,0.703369,0.711606,0.671881,0.742718
0.620594,0.738528,0.664165,0.661735,0.737936,0.708747,0.715911,0.736797,0.712789,0.698339
0.665426,0.668636,0.684992,0.781263,0.820261,0.564436,0.663402,0.641665,0.682383,0.696703
0.730391,0.661486,0.636721,0.742053,0.550465,0.798871,0.652049,0.641599,0.705602,0.701557
0.696499,0.695799,0.724926,0.682669,0.691049,0.751416,0.709222,0.730392,0.693931,0.687047
0.690222,0.699021,0.724336,0.702065,0.568034,0.619821,0.735310,0.739834,0.692193,0.692152
0.723707,0.673995,0.675531,0.775565,0.696940,0.677822,0.745315,0.670337,0.643602,0.732041
0.622316,0.671358,0.620538,0.646872,0.760131,0.472386,0.734010,0.709201,0.712179,0.653208
0.719504,0.689006,0.666225,0.746173,0.451148,0.729551,0.717210,0.682598,0.696837,0.722852
0.712554,0.695641,0.670123,0.639896,0.546165,0.658337,0.670466,0.693467,0.705620,0.663113
0.728458,0.704981,0.649767,0.602696,0.450777,0.757414,0.654878,0.683105,0.627080,0.710106
0.710062,0.736326,0.687209,0.584186,0.714739,0.615574,0.733291,0.658916,0.729013,0.681366
0.721464,0.694502,0.693420,0.694119,0.678381,0.702441,0.688924,0.661122,0.686670,0.689303
0.652358,0.700905,0.599768,0.647490,0.730876,0.774721,0.621692,0.699141,0.577229,0.643852
0.636432,0.665662,0.794392,0.663194,0.796348,0.845928,0.770785,0.679211,0.607811,0.688629
0.678240,0.639905,0.677310,0.718245,0.501298,0.668588,0.688698,0.737834,0.670735,0.693614
0.703339,0.767892,0.700816,0.760147,0.720222,0.644890,0.661699,0.649745,0.683710,0.700650
0.700425,0.600200,0.701891,0.695442,0.503118,0.707650,0.715523,0.667601,0.699925,0.675811
0.609002,0.669953,0.693444,0.655270,0.569157,0.698327,0.708781,0.685171,0.628693,0.688354
0.667100,0.687493,0.686684,0.735193,0.863046,0.605129,0.660919,0.691182,0.700103,0.696278
0.690884,0.681451,0.741072,0.691473,0.677954,0.748273,0.742007,0.692996,0.672240,0.672134
0.762813,0.683657,0.727126,0.648526,0.753185,0.626204,0.653259,0.732637,0.678831,0.688904
0.670381,0.696852,0.638469,0.667649,0.714500,0.703796,0.678379,0.680507,0.677934,0.699599
0.689498,0.703054,0.666629,0.650183,0.601552,0.794866,0.666878,0.661555,0.699300,0.704418
0.686040,0.646583,0.808039,0.683967,0.703487,0.726777,0.779979,0.695740,0.692730,0.691342
0.613906,0.657073,0.676267,0.653157,0.878781,0.764366,0.710746,0.664666,0.718427,0.697347
0.666409,0.653018,0.651744,0.629618,0.506860,0.736503,0.727136,0.637600,0.669854,0.633447
0.640114,0.701009,0.706105,0.657534,0.433732,0.625990,0.706993,0.660749,0.672285,0.717591
0.766131,0.698129,0.667825,0.695046,0.642389,0.678039,0.706065,0.769855,0.667321,0.728957
0.701078,0.765421,0.635917,0.687908,0.847503,0.709459,0.717258,0.660819,0.695606,0.709316
0.643145,0.721531,0.672575,0.616189,0.606433,0.615817,0.709956,0.701598,0.668463,0.709999
0.702124,0.655938,0.709289,0.689813,0.692336,0.629436,0.712935,0.652619,0.722440,0.663639
0.710055,0.722095,0.696904,0.600388,0.617881,0.571424,0.701432,0.704133,0.687748,0.660398
0.688660,0.696005,0.703644,0.677656,0.530436,0.676586,0.707139,0.690520,0.669284,0.690625
0.678984,0.688215,0.738163,0.703393,0.770535,0.680265,0.716686,0.713210,0.669464,0.686970
0.681455,0.719485,0.698323,0.720924,0.629711,0.635991,0.639382,0.628606,0.638456,0.697700
0.643910,0.712701,0.657083,0.710448,0.972814,0.824660,0.720799,0.730436,0.712203,0.673744
0.698902,0.702851,0.731652,0.759871,0.673010,0.585132,0.726135,0.719327,0.669031,0.696449
0.744703,0.704105,0.646486,0.585604,0.675171,0.577680,0.776187,0.558362,0.656476,0.731498
0.690736,0.661370,0.653452,0.608895,0.691216,0.734469,0.634048,0.699260,0.674395,0.691023
0.684859,0.711678,0.673148,0.633274,0.711654,0.683975,0.652945,0.679541,0.669362,0.689428
0.568208,0.758731,0.690971,0.759874,0.567478,0.662810,0.753232,0.664365,0.774916,0.706304
0.696263,0.666006,0.681814,0.659495,0.692393,0.787587,0.729952,0.717976,0.662709,0.736566
0.714696,0.640825,0.725726,0.762685,0.811989,0.888426,0.678188,0.642709,0.660748,0.661585
0.715330,0.708309,0.691121,0.618947,0.618181,0.541873,0.620270,0.669556,0.695279,0.681848
0.704012,0.595720,0.724440,0.782200,0.717919,0.602330,0.711315,0.676364,0.686057,0.693080
0.591639,0.688652,0.674596,0.575708,0.846022,0.693067,0.730637,0.694784,0.781826,0.622429
0.703153,0.777503,0.755130,0.585697,0.717633,0.629302,0.711142,0.755973,0.677079,0.691027
0.743316,0.726126,0.680557,0.684087,0.767979,0.518002,0.708639,0.671700,0.677854,0.708868
0.705819,0.730688,0.677305,0.735596,0.561480,0.804366,0.689643,0.764214,0.720684,0.737233
0.711753,0.727577,0.670851,0.703314,0.825012,0.774461,0.689605,0.665847,0.638905,0.649755
0.679155,0.675399,0.702644,0.649614,0.557850,0.768020,0.749201,0.677177,0.696563,0.743753
0.707288,0.715829,0.744077,0.719999,0.754318,0.824225,0.685952,0.721684,0.736567,0.688881
0.709770,0.642042,0.685142,0.753716,0.619906,0.761897,0.683545,0.682171,0.682249,0.681520
0.640558,0.679528,0.674895,0.684224,0.915680,0.684736,0.661721,0.600758,0.646789,0.738204
0.690667,0.778280,0.718553,0.639971,0.859689,0.832048,0.673783,0.653135,0.649812,0.739265
0.708600,0.669662,0.672216,0.689006,0.589740,0.725990,0.742114,0.695739,0.697182,0.700979
0.723882,0.682215,0.678885,0.706434,0.650732,0.694741,0.723947,0.706119,0.703392,0.564337
0.665327,0.674112,0.750023,0.720993,0.819388,0.661390,0.667165,0.652135,0.673661,0.757326
0.722889,0.684340,0.686370,0.717243,0.680469,0.731965,0.673666,0.674662,0.701162,0.673204
0.716370,0.693393,0.657473,0.732399,0.594169,0.679514,0.685780,0.710261,0.679078,0.689259
0.689656,0.678112,0.760311,0.758489,0.790260,0.604067,0.707560,0.688487,0.710289,0.698258
0.722332,0.544552,0.631491,0.622043,0.658889,0.754201,0.812209,0.681955,0.658801,0.720913
0.618229,0.659031,0.700446,0.622308,0.747619,0.692959,0.616225,0.695029,0.622240,0.743715
0.655445,0.683010,0.729069,0.737485,0.660434,0.737719,0.580937,0.736783,0.643165,0.734278
0.716541,0.727638,0.779734,0.783844,0.735374,0.775532,0.757131,0.639835,0.698361,0.711870
0.657951,0.680215,0.693982,0.786694,0.916371,0.621412,0.639219,0.703776,0.709738,0.681167
0.697865,0.598305,0.712771,0.615174,0.667425,0.751230,0.703160,0.722200,0.707059,0.731376
0.683311,0.683806,0.737885,0.739551,0.631628,0.639441,0.718151,0.690822,0.715002,0.702559
0.686876,0.665788,0.623868,0.780437,0.656198,0.617922,0.824486,0.681917,0.649849,0.708227
0.632672,0.674757,0.694398,0.720778,0.788195,0.569822,0.667995,0.721055,0.697236,0.650336
0.681055,0.689323,0.606389,0.767895,0.915486,0.787639,0.650453,0.661031,0.708789,0.683220
0.621493,0.675784,0.657967,0.624628,0.775407,0.499481,0.765511,0.657831,0.698394,0.686655
0.716213,0.653136,0.688043,0.699132,0.672987,0.709255,0.756297,0.717764,0.629668,0.688695
0.735562,0.720184,0.637360,0.688235,0.492687,0.716285,0.739537,0.716145,0.696195,0.677840
0.659836,0.706911,0.662089,0.745699,0.685252,0.726891,0.671737,0.713313,0.696199,0.705339
0.708302,0.747684,0.676447,0.661559,0.763513,0.590807,0.709183,0.703391,0.735495,0.630821
0.655578,0.743244,0.670393,0.777297,0.586947,0.745986,0.707615,0.708061,0.686960,0.705684
0.744645,0.651353,0.740579,0.675334,0.599734,0.592064,0.636089,0.696325,0.694419,0.594717
0.625038,0.770132,0.687294,0.781801,0.818043,0.654355,0.624934,0.696362,0.744500,0.669089
0.685164,0.688788,0.572337,0.673710,0.637333,0.738707,0.618079,0.683706,0.694264,0.696840
0.677381,0.689455,0.658350,0.773229,0.878223,0.720686,0.714132,0.690506,0.682625,0.665108
0.680167,0.688041,0.687841,0.681354,0.734192,0.629046,0.733392,0.687001,0.684689,0.667440
0.675450,0.723059,0.687694,0.703955,0.590460,0.688449,0.730820,0.711330,0.722932,0.694490
0.658861,0.716794,0.750838,0.634628,0.754822,0.811779,0.757800,0.750408,0.628527,0.696706
0.742402,0.660753,0.746776,0.570068,0.861287,0.678513,0.707173,0.562344,0.753346,0.706818
0.698660,0.654619,0.660203,0.677087,0.587063,0.809938,0.639295,0.715157,0.696673,0.716037
0.683926,0.712969,0.726137,0.682985,0.686096,0.775699,0.567059,0.647384,0.699780,0.627871
0.665479,0.692015,0.741404,0.716678,0.577262,0.628310,0.628994,0.729359,0.706947,0.708453
0.641346,0.733646,0.649624,0.736136,0.715099,0.504877,0.722325,0.706726,0.744125,0.738210
0.713943,0.673939,0.714382,0.684897,0.701204,0.655151,0.686733,0.696341,0.725143,0.676228
0.726479,0.711176,0.693949,0.607602,0.764358,0.458125,0.702016,0.655155,0.688263,0.688830
0.710280,0.645593,0.712755,0.735959,0.655386,0.561936,0.717869,0.718573,0.709065,0.715619
0.679820,0.736542,0.653733,0.813500,0.869644,0.581848,0.663600,0.672984,0.656492,0.689261
0.684683,0.677069,0.750917,0.668812,0.592768,0.788321,0.733983,0.664989,0.680278,0.696799
0.707370,0.703331,0.708890,0.753036,0.742008,0.667332,0.743774,0.692472,0.694853,0.687426
0.683194,0.700437,0.683842,0.684176,0.664149,0.731860,0.655817,0.664983,0.701154,0.714479
0.682714,0.691054,0.724929,0.710184,0.668642,0.682440,0.710590,0.696505,0.691328,0.686859
0.691491,0.690443,0.722274,0.722559,0.753205,0.741174,0.748444,0.713456,0.677793,0.691396
0.636705,0.673168,0.646936,0.717670,0.733217,0.723864,0.708469,0.649206,0.655715,0.720560
0.699627,0.692625,0.668150,0.730507,0.773012,0.631166,0.720223,0.725189,0.718134,0.669702
0.680997,0.675727,0.701931,0.645578,0.574480,0.637378,0.691919,0.697251,0.697202,0.680597
0.672340,0.728869,0.701723,0.720161,0.677763,0.695035,0.613201,0.667593,0.683080,0.694626
0.698229,0.681266,0.707248,0.707626,0.741837,0.712284,0.687373,0.687838,0.666782,0.683178
0.695430,0.703467,0.684807,0.765656,0.869704,0.713450,0.683064,0.710360,0.720741,0.698122
0.662687,0.680707,0.706822,0.709672,0.690946,0.710090,0.633822,0.756214,0.653862,0.752276
0.631236,0.713637,0.676178,0.663982,0.930370,0.799891,0.656532,0.777513,0.703279,0.717263
0.703913,0.685340,0.675613,0.758182,0.765204,0.623371,0.673133,0.719041,0.695400,0.693144
0.645913,0.711630,0.719733,0.713923,0.535158,0.757840,0.659236,0.735414,0.721066,0.682394
0.701057,0.706675,0.722943,0.755896,0.604323,0.750176,0.649365,0.666292,0.664831,0.705144
0.687053,0.697276,0.698867,0.641841,0.693998,0.713209,0.742177,0.661616,0.682665,0.671434
0.734279,0.829483,0.747066,0.660238,0.642068,0.647336,0.766124,0.666344,0.641931,0.684098
0.727110,0.758102,0.719528,0.736783,0.615989,0.738359,0.647616,0.756978,0.704261,0.680223
0.710128,0.693596,0.685651,0.732780,0.582618,0.744461,0.676535,0.731813,0.696475,0.688136
0.677332,0.707490,0.800147,0.659421,0.473609,0.635536,0.764512,0.686609,0.658050,0.684106
0.686116,0.705431,0.676713,0.727284,0.762041,0.713868,0.700364,0.681671,0.676412,0.704916
0.723664,0.695925,0.691874,0.707970,0.574871,0.678592,0.656833,0.680788,0.663046,0.657313
0.645681,0.683727,0.695882,0.680484,0.795747,0.550235,0.712843,0.631123,0.660365,0.651722
0.655340,0.624512,0.730739,0.606960,0.947122,0.730013,0.653887,0.725104,0.692620,0.690708
0.707620,0.682197,0.698120,0.599346,0.635750,0.808676,0.688824,0.725029,0.696448,0.693059
0.719442,0.702426,0.665339,0.827092,0.896985,0.643776,0.679665,0.648912,0.700246,0.708782
0.743018,0.644311,0.691154,0.707507,0.775697,0.575251,0.629505,0.683822,0.764739,0.645764
0.719982,0.640424,0.673643,0.685733,0.726224,0.720206,0.658085,0.753965,0.700001,0.706414
0.704010,0.708012,0.708175,0.714671,0.658839,0.767346,0.691157,0.666573,0.729849,0.710619
0.717101,0.686391,0.671343,0.681809,0.811807,0.585576,0.690924,0.652889,0.696680,0.681223
0.717904,0.662902,0.645035,0.735690,0.597500,0.666938,0.612876,0.686582,0.747890,0.674700
0.662136,0.697709,0.672370,0.677259,0.421927,0.709499,0.738875,0.752704,0.698591,0.659847
0.723995,0.768257,0.738695,0.605163,0.760442,0.689485,0.635132,0.674134,0.698152,0.669733
0.678634,0.718240,0.803852,0.721418,0.806729,0.748038,0.752987,0.681536,0.674716,0.689449
0.714881,0.694731,0.677343,0.770390,0.609304,0.787442,0.710116,0.664500,0.731639,0.701074
0.718963,0.693052,0.693873,0.650865,0.742483,0.631534,0.663000,0.691232,0.674644,0.667611
0.709891,0.653631,0.742926,0.769581,0.753086,0.632963,0.720971,0.657219,0.714408,0.687147
0.651875,0.650158,0.731978,0.626639,0.537032,0.762222,0.709058,0.670826,0.630781,0.644181
0.648500,0.670872,0.698079,0.717815,0.633333,0.725033,0.661492,0.615597,0.722309,0.772267
0.701595,0.694556,0.662615,0.697306,0.664437,0.671919,0.653538,0.698856,0.682021,0.698027
0.684076,0.694256,0.676061,0.715652,0.712217,0.685484,0.666493,0.691461,0.711254,0.676286
0.663781,0.739951,0.740607,0.649360,0.519395,0.713832,0.688317,0.696004,0.719308,0.737855
0.720080,0.681625,0.702198,0.703682,0.659205,0.695824,0.692409,0.696618,0.680685,0.688766
0.699883,0.692930,0.700831,0.660205,0.477649,0.683218,0.663436,0.679693,0.689847,0.690669
0.686802,0.698245,0.688163,0.690651,0.509357,0.731519,0.739173,0.716521,0.692954,0.653069
0.665289,0.674041,0.621809,0.678467,0.435499,0.682161,0.687595,0.701087,0.710715,0.699357
0.656951,0.671138,0.724033,0.767869,0.646277,0.643476,0.742745,0.597844,0.696614,0.671335
0.635792,0.702739,0.708690,0.739902,0.739256,0.729359,0.614093,0.752198,0.707785,0.682425
0.702326,0.749671,0.553377,0.746749,0.616007,0.767739,0.705549,0.786321,0.707795,0.669254
0.705536,0.650564,0.620819,0.721091,0.671463,0.734277,0.643775,0.699039,0.692483,0.671758
0.652501,0.674648,0.698097,0.677345,0.809503,0.535235,0.648483,0.737575,0.639265,0.731327
0.712477,0.682758,0.642423,0.563356,0.656293,0.706095,0.670983,0.716059,0.639901,0.684212
0.700852,0.755927,0.672182,0.747933,0.634241,0.734687,0.763393,0.667104,0.786411,0.701699
0.752169,0.687404,0.724455,0.755639,0.432787,0.661181,0.647667,0.682860,0.668571,0.685063
0.691377,0.695516,0.668280,0.633485,0.550393,0.780541,0.641246,0.593316,0.649457,0.639424
0.677874,0.720979,0.668285,0.624748,0.614860,0.826644,0.705749,0.743338,0.680570,0.715266
0.657505,0.723264,0.664276,0.666154,0.818610,0.739191,0.627767,0.695527,0.674221,0.725471
0.616533,0.641554,0.642451,0.806860,0.676702,0.745435,0.733306,0.692747,0.725052,0.681261
0.657772,0.649535,0.732480,0.674380,0.398867,0.718909,0.670587,0.649600,0.687236,0.666540
0.702608,0.798054,0.733378,0.728337,0.582027,0.655219,0.682900,0.707932,0.658980,0.756945
0.706717,0.694489,0.723022,0.661844,0.781008,0.760336,0.739620,0.697944,0.673221,0.746331
0.710875,0.667344,0.703739,0.616207,0.797459,0.669932,0.645585,0.727773,0.678080,0.650869
0.623791,0.738133,0.796647,0.667662,0.699813,0.730852,0.752129,0.698226,0.730529,0.737713
0.686466,0.709170,0.743099,0.818953,0.667227,0.751902,0.720361,0.643938,0.670787,0.679191
0.670247,0.696801,0.714752,0.677026,0.438915,0.665891,0.656880,0.701889,0.688650,0.712338
0.627849,0.656973,0.629098,0.667325,0.613222,0.630647,0.692707,0.672392,0.656280,0.724003
0.675976,0.724036,0.637708,0.825921,0.887092,0.649185,0.644383,0.648779,0.697951,0.682846
0.736049,0.726010,0.691499,0.705714,0.890275,0.668758,0.668322,0.634774,0.750765,0.694653
0.622830,0.719038,0.680694,0.701837,0.935536,0.776230,0.640270,0.736427,0.693225,0.715801
0.702109,0.673826,0.712325,0.642806,0.495420,0.766532,0.683900,0.702570,0.689661,0.719914
0.706761,0.748191,0.704408,0.701845,0.551415,0.695317,0.699470,0.694366,0.690300,0.703660
0.680428,0.739190,0.696033,0.708144,0.708706,0.675780,0.692413,0.693691,0.750589,0.705557
0.705373,0.739627,0.650586,0.745840,0.902346,0.768712,0.643162,0.647021,0.702443,0.679626
0.708637,0.687113,0.702379,0.689789,0.535508,0.575497,0.660202,0.728176,0.639809,0.693154
0.705324,0.658026,0.666256,0.748079,0.647444,0.754585,0.693872,0.682120,0.724009,0.689569
0.700980,0.715146,0.612429,0.733864,0.774608,0.790911,0.766573,0.673942,0.650539,0.735232
0.691271,0.676873,0.733222,0.652661,0.741673,0.688596,0.778985,0.741926,0.652335,0.686473
0.684812,0.682387,0.722273,0.736483,0.735783,0.555519,0.700525,0.681235,0.677428,0.694476
0.708284,0.718042,0.639844,0.577190,0.709005,0.610316,0.698998,0.714216,0.704529,0.692843
0.695254,0.684208,0.676491,0.750144,0.888235,0.665233,0.682498,0.703343,0.713823,0.696825
0.686105,0.698953,0.676773,0.657483,0.578617,0.694119,0.734038,0.697921,0.673497,0.694992
0.702148,0.712187,0.707469,0.655320,0.630067,0.715069,0.716312,0.683694,0.687503,0.695850
0.707856,0.681901,0.714416,0.716572,0.722303,0.768879,0.665971,0.701101,0.688322,0.699885
0.669367,0.706093,0.613554,0.643209,0.576475,0.707549,0.650634,0.696088,0.692525,0.683393
0.675820,0.682022,0.714326,0.747365,0.844554,0.639604,0.719394,0.745085,0.683560,0.694806
0.694124,0.713105,0.651749,0.724888,0.716939,0.576046,0.708987,0.690647,0.747639,0.697150
0.658880,0.584519,0.684622,0.684137,0.653849,0.636871,0.729858,0.734729,0.721950,0.660564
0.683815,0.689665,0.657787,0.731487,0.793003,0.489767,0.678859,0.715643,0.671663,0.686883
0.697426,0.684536,0.702592,0.666455,0.389649,0.669502,0.693901,0.693501,0.682461,0.670914
0.679669,0.711081,0.669596,0.716991,0.642934,0.598223,0.743887,0.681755,0.777276,0.730295
0.656067,0.682730,0.755421,0.643254,0.743226,0.656453,0.679347,0.675115,0.721394,0.705668
0.679052,0.682675,0.641856,0.704791,0.655034,0.699394,0.701961,0.664233,0.682268,0.676603
0.666909,0.694144,0.718331,0.630871,0.661576,0.716454,0.690568,0.692764,0.683664,0.697756
0.676941,0.748669,0.676185,0.606934,0.718724,0.664788,0.732139,0.764720,0.685451,0.736650
0.688850,0.723890,0.694239,0.764779,0.636765,0.776285,0.694497,0.720065,0.691221,0.667894
0.705993,0.706180,0.660344,0.692645,0.881538,0.708346,0.678774,0.664671,0.650839,0.739513
0.733557,0.713666,0.722350,0.746453,0.729825,0.709289,0.762521,0.717414,0.634629,0.726060
0.713587,0.711238,0.674020,0.655020,0.639475,0.743472,0.688419,0.701820,0.700106,0.696111
0.626846,0.741168,0.724032,0.719987,0.512299,0.748902,0.632771,0.689031,0.707684,0.717641
0.670048,0.726354,0.680690,0.650683,0.536779,0.753445,0.649417,0.737383,0.676382,0.681579
0.690630,0.639172,0.681925,0.706950,0.615151,0.710050,0.694255,0.668442,0.702922,0.701786
0.683895,0.716985,0.655020,0.645344,0.758984,0.644381,0.754174,0.728626,0.692494,0.701992
0.654549,0.689898,0.757615,0.680885,0.855516,0.761949,0.725621,0.707871,0.649627,0.694485
0.666534,0.704339,0.697004,0.599369,0.519891,0.648205,0.718629,0.711196,0.648665,0.706722
0.671922,0.688133,0.673511,0.729697,0.646607,0.703569,0.618871,0.680482,0.720540,0.701704
0.719952,0.710149,0.671563,0.746173,0.678227,0.593668,0.719468,0.663011,0.732370,0.716855
0.680910,0.713752,0.709113,0.675743,0.753390,0.706395,0.742436,0.680454,0.683672,0.635695
0.689281,0.686201,0.649473,0.589099,0.781491,0.803773,0.751346,0.650785,0.723653,0.667593
0.695694,0.675615,0.588198,0.613987,0.875978,0.797966,0.626392,0.705474,0.676052,0.712771
0.692138,0.684578,0.743691,0.687661,0.519994,0.688381,0.702941,0.715032,0.671497,0.711715
0.670181,0.699336,0.650449,0.667479,0.804068,0.733718,0.636746,0.683644,0.701793,0.719357
0.697524,0.639557,0.655020,0.787780,0.913170,0.587569,0.671810,0.697233,0.699797,0.680587
0.713269,0.612373,0.717222,0.723076,0.721414,0.619735,0.735923,0.667503,0.691569,0.677980
0.711912,0.602664,0.688125,0.601162,0.722254,0.654406,0.740015,0.775266,0.716775,0.690069
0.670102,0.640060,0.691104,0.673921,0.816724,0.623723,0.621417,0.717921,0.751328,0.676934
0.696910,0.705749,0.680096,0.689027,0.658593,0.653847,0.686216,0.679356,0.695528,0.697978
0.730257,0.656208,0.672004,0.686942,0.712853,0.649393,0.706320,0.666195,0.683703,0.689914
0.670164,0.685107,0.660688,0.672318,0.737590,0.644075,0.674476,0.700645,0.680967,0.702701
0.686740,0.727870,0.631144,0.696780,0.790783,0.707498,0.744644,0.719130,0.661955,0.668163
0.649760,0.668057,0.653105,0.657968,0.709650,0.674840,0.670668,0.701071,0.669036,0.657537
0.683803,0.653652,0.711084,0.672847,0.729450,0.637283,0.701573,0.689062,0.653774,0.665365
0.683065,0.701781,0.709868,0.702086,0.643223,0.656964,0.695257,0.690798,0.685958,0.684007
0.716863,0.752913,0.665249,0.752241,0.912409,0.751704,0.670670,0.729633,0.698482,0.699054
0.691689,0.672699,0.720038,0.701437,0.517220,0.773726,0.697173,0.709199,0.693044,0.705081
0.749501,0.648522,0.705676,0.678447,0.821764,0.570315,0.619385,0.740864,0.707486,0.697488
0.701648,0.724625,0.665241,0.669455,0.752800,0.625933,0.668229,0.722482,0.709365,0.696475
0.683016,0.679422,0.713502,0.700339,0.544978,0.705664,0.701613,0.694323,0.667708,0.684137
0.665976,0.682164,0.729643,0.756867,0.595125,0.755359,0.676094,0.749133,0.691325,0.661439
0.681998,0.715710,0.701266,0.630680,0.623048,0.719396,0.698594,0.673144,0.709297,0.707064
0.700769,0.663319,0.675017,0.724031,0.551245,0.689311,0.657092,0.708752,0.673304,0.711538
0.742046,0.789736,0.672339,0.692067,0.673567,0.694900,0.735198,0.756778,0.785412,0.724674
0.670574,0.669339,0.653950,0.676403,0.550052,0.717666,0.690382,0.692231,0.688043,0.656593
0.678500,0.690916,0.683705,0.686847,0.762638,0.729073,0.705763,0.622779,0.680623,0.683325
0.649187,0.693265,0.618068,0.727896,0.583190,0.715941,0.712595,0.741410,0.666923,0.706711
0.687623,0.696513,0.688855,0.648252,0.699730,0.735574,0.696055,0.667008,0.608346,0.663961
0.704929,0.670947,0.690251,0.643012,0.628231,0.560333,0.653039,0.717699,0.690408,0.675989
0.662385,0.700692,0.613482,0.676431,0.604007,0.742549,0.757363,0.668640,0.685110,0.694334
0.706472,0.690612,0.658801,0.656189,0.719963,0.704660,0.517005,0.610528,0.669154,0.659482
0.720621,0.695534,0.636180,0.731567,0.597240,0.751264,0.745481,0.702345,0.694262,0.721729
0.705380,0.671631,0.745791,0.751453,0.713775,0.755497,0.779464,0.668222,0.708037,0.684111
0.685825,0.735626,0.722889,0.621880,0.574456,0.663419,0.638408,0.686495,0.678519,0.691373
0.751797,0.726506,0.698301,0.776503,0.686346,0.630036,0.681013,0.688867,0.698803,0.672086
0.681879,0.684335,0.668098,0.654404,0.610456,0.718076,0.670777,0.686531,0.675822,0.707850
0.679924,0.692619,0.699026,0.710573,0.706033,0.658899,0.742160,0.678171,0.733845,0.721461
0.691173,0.724018,0.686398,0.690297,0.837048,0.621014,0.718470,0.695207,0.664143,0.716270
0.754671,0.721984,0.778559,0.675711,0.526926,0.640359,0.633748,0.672273,0.710801,0.704626
0.643237,0.671869,0.696360,0.650237,0.825201,0.748280,0.719472,0.642224,0.646533,0.690864
0.712936,0.714354,0.659904,0.702078,0.629719,0.699940,0.702133,0.706212,0.749193,0.706894
0.712301,0.655087,0.694190,0.706630,0.616920,0.754504,0.676522,0.670555,0.647054,0.721460
0.686169,0.646541,0.703526,0.646613,0.541233,0.729447,0.702011,0.714656,0.698997,0.654840
0.720692,0.735116,0.696572,0.765452,0.798446,0.715452,0.722894,0.742686,0.692129,0.696205
0.632508,0.651834,0.650885,0.625679,0.670943,0.736022,0.771678,0.662594,0.640798,0.721858
0.757613,0.755162,0.677136,0.588358,0.830809,0.775925,0.726374,0.677709,0.667241,0.723842
0.690303,0.696893,0.659095,0.668890,0.684229,0.634585,0.692594,0.704624,0.717233,0.649588
0.668416,0.686795,0.719006,0.567675,0.889096,0.740933,0.672311,0.754440,0.715868,0.654493
0.703897,0.688420,0.690852,0.731190,0.657924,0.874913,0.742232,0.729849,0.703101,0.693432
0.726756,0.763681,0.704730,0.640721,0.920734,0.840168,0.637532,0.663182,0.616846,0.670941
0.701408,0.679546,0.669859,0.662262,0.701636,0.632011,0.716173,0.709652,0.728781,0.638692
0.722583,0.697785,0.628679,0.702738,0.621878,0.750139,0.717650,0.727921,0.689707,0.694954
0.669799,0.730924,0.604891,0.725870,0.617399,0.716337,0.586685,0.682884,0.710121,0.716720
0.709032,0.659839,0.684405,0.758505,0.564596,0.805462,0.672475,0.689997,0.695487,0.684554
0.691246,0.686843,0.688394,0.703529,0.593911,0.636913,0.755144,0.692544,0.677949,0.675607
0.708935,0.664504,0.761447,0.733067,0.670738,0.754033,0.784760,0.669102,0.685744,0.710303
0.680313,0.639328,0.699166,0.708902,0.484073,0.605063,0.697381,0.686118,0.686163,0.689913
0.717028,0.630944,0.702107,0.739137,0.567364,0.677193,0.698464,0.685540,0.722251,0.639559
0.685994,0.714905,0.693384,0.633623,0.496390,0.643622,0.711277,0.690123,0.709506,0.703095
0.730970,0.656396,0.660926,0.718376,0.885919,0.576356,0.687480,0.649231,0.689370,0.706451
0.677217,0.725029,0.695971,0.702753,0.796859,0.547178,0.689803,0.698740,0.700477,0.701737
0.665047,0.740954,0.705491,0.627006,0.844229,0.756788,0.729024,0.714632,0.646489,0.699423
0.693852,0.740256,0.652715,0.736104,0.627628,0.767954,0.699414,0.663740,0.686092,0.674946
0.663089,0.668105,0.659012,0.641408,0.741557,0.755827,0.665465,0.684448,0.689274,0.702857
0.715139,0.617709,0.643807,0.668665,0.802423,0.733865,0.747898,0.693064,0.682176,0.763084
0.706861,0.661485,0.654551,0.645559,0.672306,0.647650,0.812567,0.682723,0.664793,0.672410
0.696892,0.692686,0.680773,0.703584,0.516392,0.763468,0.672122,0.654885,0.683402,0.692897
0.682141,0.731527,0.701585,0.692180,0.448825,0.732602,0.674874,0.739217,0.691201,0.701072
0.678066,0.734893,0.715203,0.637469,0.921141,0.832018,0.719945,0.704635,0.703256,0.702008
0.768110,0.711756,0.598745,0.756030,0.676976,0.806491,0.778417,0.692914,0.670978,0.646708
0.699253,0.714527,0.670512,0.667377,0.682759,0.684700,0.683457,0.736309,0.688255,0.657937
0.669864,0.777174,0.706288,0.574889,0.719450,0.565320,0.700865,0.560391,0.653233,0.700190
0.716650,0.682645,0.705501,0.724738,0.402077,0.742365,0.710341,0.728404,0.683869,0.762910
0.675839,0.660143,0.712997,0.604519,0.886997,0.713273,0.695439,0.707934,0.773014,0.633155
0.669027,0.674450,0.660263,0.639255,0.643201,0.681982,0.640717,0.705812,0.658924,0.698134
0.684645,0.688796,0.636402,0.652819,0.649228,0.695229,0.676453,0.700391,0.707551,0.722162
0.695625,0.650837,0.736521,0.723144,0.844864,0.798621,0.731637,0.757474,0.686781,0.667216
0.694021,0.737628,0.772333,0.741818,0.762442,0.775300,0.754091,0.674207,0.664879,0.647585
0.679575,0.723746,0.715862,0.780825,0.800814,0.673132,0.700106,0.586209,0.686502,0.697683
0.730143,0.662388,0.654203,0.679013,0.565803,0.686177,0.667139,0.689751,0.704189,0.731989
0.683335,0.718554,0.583368,0.813026,0.866892,0.658902,0.715417,0.718622,0.677316,0.689472
0.659834,0.664485,0.636819,0.715729,0.740265,0.654328,0.560335,0.694987,0.702868,0.670681
0.704930,0.674170,0.681124,0.779722,0.709317,0.612970,0.669908,0.687226,0.717977,0.701144
0.678346,0.686020,0.690892,0.747003,0.765465,0.600826,0.718593,0.651366,0.652112,0.689808
0.721887,0.686539,0.651241,0.688158,0.472742,0.737813,0.672913,0.732143,0.704714,0.698572
0.736544,0.670639,0.704869,0.767345,0.876457,0.813339,0.702601,0.617510,0.666517,0.672828
0.684594,0.729380,0.726717,0.623669,0.638732,0.726776,0.655151,0.724459,0.707664,0.696303
0.661136,0.665746,0.725221,0.706677,0.811691,0.727635,0.685011,0.697599,0.697191,0.677068
0.658556,0.688141,0.695637,0.632272,0.641884,0.685206,0.659716,0.697537,0.640001,0.725594
0.730427,0.674021,0.682622,0.746648,0.682231,0.802337,0.689602,0.670651,0.658908,0.681828
0.658594,0.696265,0.650602,0.651104,0.717274,0.656850,0.659484,0.626714,0.679345,0.678525
0.664824,0.671122,0.671744,0.715101,0.763427,0.539176,0.625988,0.722755,0.713646,0.685139
0.675630,0.677103,0.704422,0.681113,0.668861,0.681727,0.655398,0.670095,0.688975,0.700402
0.705376,0.713326,0.663897,0.683452,0.737821,0.723975,0.676050,0.677810,0.684741,0.683758
0.691348,0.693321,0.702720,0.673286,0.549867,0.655410,0.619523,0.714094,0.696864,0.679399
0.689684,0.771119,0.689619,0.592243,0.872565,0.772784,0.686245,0.718853,0.691105,0.688270
0.695572,0.719738,0.707544,0.705929,0.709898,0.793774,0.672728,0.656394,0.689183,0.688965
0.663636,0.709495,0.735936,0.559156,0.595635,0.714414,0.708694,0.735956,0.709146,0.668058
0.670879,0.658596,0.668130,0.646858,0.768689,0.693711,0.695762,0.516632,0.705557,0.673348
0.648020,0.685135,0.729970,0.634549,0.469956,0.716171,0.709284,0.690314,0.693591,0.690181
0.668823,0.651180,0.715058,0.728470,0.644920,0.665787,0.702945,0.678272,0.646580,0.675789
0.695289,0.747150,0.750537,0.544272,0.832708,0.709041,0.674104,0.772163,0.682527,0.698810
0.682263,0.660368,0.731016,0.715790,0.774550,0.692252,0.703244,0.649412,0.642976,0.711559
0.633941,0.729735,0.648127,0.734111,0.555897,0.769781,0.701232,0.748497,0.702207,0.747803
0.675506,0.682049,0.614566,0.681929,0.619603,0.697564,0.696278,0.674171,0.718415,0.736126
0.717579,0.678483,0.660539,0.776533,0.695441,0.657730,0.708638,0.688055,0.711189,0.693449
0.630170,0.772885,0.723605,0.669256,0.877373,0.787196,0.678258,0.528618,0.734834,0.701764
0.663967,0.685584,0.675472,0.675304,0.772631,0.471742,0.680925,0.735347,0.698718,0.684324
0.621377,0.709750,0.642231,0.681652,0.798802,0.582024,0.607550,0.646282,0.717039,0.686236
0.680779,0.704529,0.726013,0.645132,0.446648,0.636699,0.625319,0.676740,0.707988,0.674780
0.716690,0.690359,0.743770,0.718538,0.845553,0.737437,0.746022,0.713787,0.701582,0.709601
0.797670,0.671935,0.674358,0.606205,0.689678,0.792936,0.752397,0.770834,0.686786,0.723640
0.742680,0.684837,0.686858,0.625682,0.698196,0.761695,0.742641,0.738896,0.724225,0.719511
0.624959,0.630684,0.756730,0.691723,0.705250,0.758907,0.611558,0.619040,0.656659,0.724111
0.680801,0.706526,0.764974,0.737037,0.658274,0.666248,0.746604,0.679827,0.673608,0.687451
0.661898,0.686192,0.646833,0.740972,0.617598,0.742098,0.652656,0.705382,0.729106,0.694972
0.716793,0.670782,0.742543,0.754731,0.819677,0.738179,0.736212,0.678226,0.732000,0.705749
0.641801,0.726626,0.725538,0.676174,0.682706,0.660870,0.744194,0.697168,0.674472,0.698857
0.689613,0.678504,0.600718,0.684854,0.629191,0.689726,0.626901,0.692873,0.677547,0.679072
0.706255,0.690732,0.588642,0.700399,0.666049,0.597961,0.618936,0.663977,0.679977,0.668812
0.617253,0.666636,0.699231,0.619653,0.678447,0.628299,0.733370,0.685648,0.726656,0.711042
0.702251,0.633759,0.713138,0.715801,0.588011,0.792580,0.677384,0.687676,0.742194,0.680616
0.649422,0.679245,0.726375,0.726077,0.898640,0.799558,0.647506,0.685578,0.713701,0.695047
0.717877,0.723769,0.710026,0.666928,0.796696,0.745685,0.716578,0.670213,0.643819,0.721108
0.714405,0.700786,0.818033,0.728418,0.703616,0.706827,0.781169,0.691742,0.681662,0.689251
0.672575,0.654253,0.724296,0.709466,0.826709,0.639084,0.655465,0.661394,0.688702,0.674933
0.688529,0.580322,0.734171,0.597846,0.904362,0.685659,0.626668,0.772447,0.706127,0.729670
0.648539,0.680112,0.740200,0.669963,0.699804,0.727179,0.650705,0.690425,0.638790,0.721448
0.702041,0.717154,0.741681,0.507202,0.821664,0.746740,0.661326,0.724312,0.766931,0.700145
0.659932,0.685881,0.677538,0.674929,0.595930,0.695616,0.687489,0.680302,0.658361,0.707498
0.703373,0.685381,0.667541,0.625142,0.520721,0.730873,0.662123,0.699335,0.693817,0.704002
0.731703,0.712983,0.721573,0.618129,0.666312,0.667688,0.648619,0.629470,0.671078,0.719140
0.685396,0.696345,0.764614,0.694233,0.649962,0.671182,0.739390,0.685670,0.680749,0.691349
0.694067,0.661573,0.744714,0.705249,0.848038,0.638797,0.723017,0.701008,0.718540,0.709717
0.724840,0.682867,0.719345,0.783941,0.668731,0.673664,0.640644,0.658509,0.683483,0.643452
0.776476,0.649143,0.654124,0.658584,0.747019,0.521329,0.662400,0.640655,0.584807,0.691771
0.788641,0.641152,0.605965,0.803719,0.525843,0.758002,0.799092,0.693098,0.662449,0.710712
0.698367,0.680849,0.632862,0.696828,0.607909,0.717361,0.646178,0.685595,0.709567,0.697147
0.686997,0.694320,0.684065,0.637577,0.560279,0.745993,0.687262,0.697881,0.671397,0.696262
0.701539,0.683493,0.592161,0.682642,0.717695,0.717935,0.807365,0.637695,0.720895,0.739153
0.687153,0.718578,0.703008,0.715769,0.573314,0.714459,0.681445,0.696011,0.666520,0.649956
0.674348,0.667903,0.636151,0.687133,0.652389,0.597159,0.671970,0.678702,0.675778,0.680047
0.692448,0.678586,0.682582,0.662874,0.637060,0.714380,0.657367,0.721687,0.696943,0.694021
0.691159,0.706784,0.704719,0.705453,0.690714,0.671829,0.706167,0.709761,0.714759,0.694283
0.715513,0.676540,0.683650,0.640843,0.476212,0.744374,0.717152,0.657204,0.678903,0.734665
0.698160,0.716192,0.696283,0.629714,0.659623,0.648678,0.695741,0.670277,0.678167,0.704224
0.644017,0.690885,0.661286,0.594417,0.568539,0.748357,0.724911,0.635497,0.717542,0.685728
0.679677,0.697028,0.682289,0.608080,0.544318,0.875936,0.737064,0.659824,0.655832,0.700518
0.708115,0.682766,0.762678,0.671145,0.649456,0.733341,0.726438,0.705957,0.689892,0.692920
0.677315,0.665734,0.663119,0.599536,0.766781,0.643777,0.701287,0.706031,0.764831,0.674064
0.695860,0.677958,0.635351,0.740556,0.672467,0.737863,0.677179,0.697744,0.688845,0.698484
0.707351,0.685646,0.597487,0.720853,0.810900,0.539720,0.653008,0.671243,0.677642,0.692123
0.754125,0.715070,0.729254,0.593508,0.819752,0.599343,0.646618,0.778701,0.725657,0.750794
0.741502,0.719949,0.603414,0.711878,0.703597,0.748827,0.684750,0.701449,0.688217,0.667768
0.733387,0.672758,0.678049,0.673186,0.558415,0.734612,0.632654,0.742615,0.664587,0.665711
0.697195,0.696588,0.643197,0.815523,0.598423,0.770025,0.635194,0.683334,0.657282,0.725197
0.583921,0.708729,0.682003,0.656509,0.911211,0.793430,0.696023,0.682877,0.740703,0.661964
0.711236,0.654034,0.681552,0.677173,0.851088,0.587949,0.710182,0.714266,0.710440,0.696357
0.646638,0.705988,0.674489,0.680406,0.630220,0.649617,0.594845,0.695664,0.703319,0.701487
0.698709,0.689892,0.717186,0.638100,0.509245,0.792736,0.679176,0.726110,0.683513,0.717282
0.667363,0.724573,0.680982,0.792825,0.711787,0.756341,0.673703,0.680558,0.698294,0.601839
0.705703,0.694901,0.663893,0.718681,0.598765,0.694122,0.653590,0.723228,0.692801,0.700223
0.640186,0.680963,0.704027,0.691890,0.817589,0.736939,0.669977,0.702909,0.651300,0.712850
0.703240,0.671825,0.696914,0.616569,0.430005,0.816221,0.722653,0.651557,0.692176,0.693893
0.680569,0.715427,0.728321,0.701257,0.758298,0.698836,0.751864,0.703403,0.751049,0.689166
0.687522,0.661470,0.662722,0.657389,0.830478,0.552106,0.656982,0.738054,0.630556,0.691209
0.689457,0.683165,0.647905,0.626468,0.600308,0.739621,0.653650,0.690037,0.668547,0.663238
0.667520,0.696190,0.724017,0.670356,0.814172,0.545620,0.662356,0.749466,0.671231,0.655976
0.647280,0.720081,0.772243,0.756533,0.672464,0.571371,0.737075,0.696685,0.705365,0.697235
0.649974,0.672412,0.651825,0.696108,0.697309,0.638402,0.748312,0.689839,0.677105,0.635522
0.689805,0.726919,0.669074,0.737338,0.336333,0.693216,0.670916,0.721892,0.654391,0.713106
0.621951,0.720025,0.729568,0.731153,0.677820,0.679972,0.665703,0.686409,0.689944,0.717812
0.729940,0.659158,0.662633,0.663133,0.693131,0.627654,0.725454,0.704148,0.667925,0.685211
0.653286,0.663326,0.608684,0.681935,0.715315,0.676539,0.626195,0.714391,0.699887,0.684752
0.698976,0.700035,0.772793,0.733661,0.601853,0.754222,0.740213,0.705784,0.693808,0.704767
0.633357,0.676096,0.665418,0.759800,0.767358,0.541449,0.732513,0.694772,0.665062,0.687182
0.705080,0.696198,0.685680,0.692868,0.455304,0.667463,0.657353,0.702520,0.737128,0.691975
0.710061,0.699495,0.736027,0.670217,0.805458,0.476322,0.617193,0.778833,0.657951,0.722435
0.757326,0.673781,0.733683,0.740103,0.740867,0.769803,0.657165,0.645573,0.691396,0.766728
0.738177,0.730716,0.708156,0.583675,0.712245,0.536326,0.659059,0.713005,0.694152,0.633385
0.679531,0.678353,0.713355,0.734008,0.694097,0.567956,0.699967,0.692420,0.687171,0.681603
0.695423,0.625818,0.716498,0.718378,0.607745,0.623868,0.689639,0.704471,0.715176,0.602339
0.689634,0.712448,0.669297,0.689576,0.705466,0.580617,0.667612,0.673813,0.658223,0.687784
0.660929,0.710206,0.732377,0.700971,0.906072,0.786917,0.730361,0.709361,0.634985,0.692614
0.693729,0.707313,0.714361,0.649237,0.627858,0.503872,0.721567,0.673016,0.689192,0.690697
0.679816,0.663307,0.687987,0.756956,0.877111,0.712010,0.661368,0.687640,0.702891,0.690808
0.698581,0.646037,0.627659,0.743141,0.751142,0.557873,0.763907,0.629661,0.739878,0.734363
0.715496,0.661429,0.684630,0.724016,0.476011,0.678225,0.697748,0.704929,0.705950,0.675476
0.720357,0.636297,0.630959,0.678280,0.486095,0.640434,0.765752,0.756977,0.664318,0.698295
0.686158,0.681648,0.736472,0.776190,0.783686,0.665545,0.695995,0.702221,0.688842,0.687128
0.703121,0.712431,0.697055,0.653845,0.778831,0.495333,0.678602,0.702712,0.682622,0.666160
0.690882,0.651143,0.677990,0.661989,0.346619,0.637675,0.771070,0.725047,0.665723,0.684427
0.718568,0.687686,0.696812,0.740974,0.736254,0.632950,0.614432,0.675581,0.716451,0.667000
0.627139,0.744077,0.630879,0.704891,0.647841,0.795078,0.703169,0.651073,0.653397,0.663486
0.710683,0.653660,0.677666,0.677750,0.856725,0.563233,0.684522,0.685002,0.689602,0.699444
0.664959,0.664808,0.767711,0.638426,0.610770,0.562980,0.752459,0.689111,0.702983,0.701166
0.674443,0.696493,0.691120,0.684033,0.670245,0.694078,0.679587,0.665953,0.690931,0.665625
0.686314,0.662890,0.707669,0.749855,0.799883,0.610336,0.673754,0.721386,0.686917,0.689741
0.704502,0.709302,0.659430,0.655346,0.612007,0.661590,0.738328,0.662436,0.680644,0.612943
0.685055,0.690438,0.698348,0.656636,0.662964,0.701062,0.649105,0.659252,0.694385,0.712645
0.626898,0.652928,0.708135,0.771164,0.470021,0.670830,0.725070,0.656306,0.721595,0.713704
0.671767,0.686638,0.599990,0.695895,0.775457,0.721408,0.650535,0.664114,0.678357,0.665580
0.687041,0.675378,0.682917,0.738914,0.736292,0.588582,0.694004,0.710354,0.680099,0.695734
0.716989,0.698327,0.613096,0.636051,0.694127,0.715681,0.701178,0.661894,0.637602,0.691064
0.654050,0.740439,0.680674,0.764807,0.643998,0.694458,0.636278,0.713763,0.670664,0.709265
0.709032,0.609852,0.688928,0.665212,0.815228,0.601120,0.684032,0.704156,0.689880,0.767407
0.655210,0.652982,0.683728,0.637133,0.696184,0.715640,0.704985,0.773331,0.629750,0.683689
0.726810,0.678205,0.562354,0.716502,0.747458,0.674025,0.673071,0.661085,0.691068,0.635812
0.670662,0.641444,0.734924,0.683747,0.881946,0.645475,0.707512,0.685386,0.665655,0.710386
0.620380,0.686516,0.704131,0.742285,0.652213,0.703699,0.671234,0.613383,0.672268,0.704313
0.655168,0.720089,0.671318,0.670106,0.816835,0.658627,0.696973,0.728201,0.668669,0.679463
0.700606,0.721028,0.574387,0.675925,0.772590,0.722428,0.674917,0.642834,0.697807,0.679490
0.674226,0.626233,0.700486,0.638386,0.653285,0.724282,0.657069,0.693414,0.703542,0.697451
0.701655,0.689199,0.648743,0.705726,0.674285,0.700703,0.694528,0.693357,0.688024,0.681489
0.692077,0.705302,0.662780,0.755311,0.684972,0.741287,0.638686,0.713946,0.719963,0.635247
0.768425,0.746023,0.689716,0.668972,0.593968,0.649810,0.749094,0.663120,0.644153,0.676823
0.702587,0.701851,0.715614,0.655408,0.669812,0.772786,0.717156,0.684236,0.709210,0.690643
0.660914,0.735827,0.685730,0.706680,0.656529,0.696576,0.684065,0.718945,0.703583,0.694350
0.710878,0.734771,0.745208,0.662836,0.704947,0.631225,0.668110,0.716905,0.676560,0.672474
0.673804,0.685590,0.691775,0.712098,0.870187,0.741704,0.681441,0.693941,0.672394,0.703927
0.674547,0.732544,0.718330,0.765659,0.791128,0.585145,0.739490,0.683469,0.728822,0.700624
0.726345,0.702337,0.675952,0.622997,0.583810,0.532180,0.666824,0.710404,0.700921,0.671515
0.700525,0.684799,0.668712,0.699462,0.620651,0.679100,0.666222,0.692114,0.690899,0.671055
0.687952,0.690106,0.703014,0.691585,0.655122,0.610619,0.714819,0.660298,0.674235,0.658957
0.666294,0.601485,0.676183,0.717307,0.877684,0.603635,0.647325,0.758208,0.706654,0.699525
0.661230,0.715437,0.622504,0.695913,0.689483,0.672382,0.789851,0.695336,0.748507,0.771532
0.671082,0.730459,0.713928,0.616170,0.778786,0.550993,0.672525,0.711327,0.723588,0.654336
0.672299,0.610836,0.602787,0.727099,0.663118,0.786428,0.666273,0.650436,0.633282,0.688360
0.710344,0.662578,0.671797,0.713977,0.988276,0.798317,0.699628,0.741796,0.669334,0.689021
0.601530,0.690110,0.744467,0.472340,0.774861,0.687760,0.685853,0.741296,0.787164,0.668405
0.670442,0.684930,0.676536,0.712255,0.697240,0.793491,0.649119,0.669760,0.706149,0.709663
0.726554,0.713956,0.740593,0.823201,0.731387,0.478879,0.672512,0.660769,0.717527,0.697034
0.665577,0.605943,0.718213,0.635414,0.540647,0.749233,0.691936,0.698886,0.721152,0.652422
0.691763,0.716961,0.796987,0.631624,0.622279,0.534790,0.750000,0.708628,0.644672,0.691141
0.662321,0.720928,0.736240,0.629155,0.755072,0.576187,0.678844,0.675849,0.733735,0.668964
0.725194,0.691683,0.680044,0.791965,0.717677,0.674893,0.646163,0.733620,0.673864,0.677581
0.689142,0.742191,0.617174,0.658036,0.665648,0.820301,0.648941,0.687072,0.682921,0.693207
0.673076,0.684533,0.686887,0.656038,0.489325,0.652790,0.688510,0.688893,0.660151,0.693757
0.666096,0.758009,0.602685,0.702200,0.546973,0.749530,0.764419,0.716469,0.730903,0.676075
0.724216,0.640133,0.653204,0.817511,0.601928,0.760965,0.739146,0.668472,0.729207,0.710031
0.669292,0.677384,0.748648,0.652951,0.427142,0.634705,0.677084,0.689378,0.672316,0.702971
0.672591,0.668097,0.667565,0.726535,0.777926,0.611153,0.701484,0.719425,0.698963,0.715912
0.681428,0.670479,0.746150,0.711072,0.555641,0.663394,0.582850,0.720347,0.622624,0.728302
0.668680,0.675416,0.677093,0.727563,0.588174,0.633710,0.670912,0.682953,0.672391,0.689166
0.689166,0.662494,0.632874,0.665062,0.681926,0.713688,0.680472,0.684008,0.680411,0.675825
0.678528,0.710577,0.704919,0.678283,0.888242,0.648032,0.641836,0.698571,0.692815,0.659607
0.685529,0.678037,0.640377,0.722743,0.843019,0.758919,0.656480,0.717246,0.688767,0.705693
0.713380,0.682126,0.697690,0.706849,0.613397,0.709109,0.686803,0.726411,0.687342,0.720474
0.675351,0.708016,0.687462,0.728718,0.776743,0.726632,0.607616,0.689708,0.699791,0.698393
0.675821,0.635524,0.701406,0.594731,0.703226,0.770001,0.733242,0.605389,0.724052,0.628339
0.672208,0.705130,0.745541,0.690266,0.704338,0.662299,0.693965,0.682354,0.706360,0.714806
0.723334,0.670052,0.762508,0.662561,0.570819,0.827326,0.667790,0.686420,0.736420,0.694228
0.630407,0.689120,0.736076,0.491138,0.596306,0.751783,0.688387,0.689072,0.759084,0.672609
0.637595,0.691358,0.764024,0.679269,0.783659,0.667127,0.719469,0.678973,0.658676,0.712782
0.644256,0.686264,0.742546,0.641265,0.686398,0.729375,0.736498,0.686058,0.684053,0.641989
0.765049,0.686639,0.737314,0.728699,0.683956,0.547649,0.652012,0.744473,0.659586,0.635089
0.731666,0.684790,0.729440,0.721302,0.561349,0.768481,0.627853,0.747676,0.663256,0.741767
0.719235,0.669306,0.705548,0.548203,0.860037,0.720293,0.718014,0.656819,0.665480,0.707960
0.681686,0.669331,0.757198,0.494716,0.452315,0.737829,0.697065,0.750046,0.688787,0.670442
0.688256,0.710855,0.716857,0.721586,0.821583,0.763030,0.704763,0.691585,0.684293,0.695789
0.674123,0.710514,0.721363,0.761344,0.433893,0.717107,0.697098,0.732376,0.705727,0.683947
0.686110,0.729369,0.662798,0.781077,0.685225,0.706546,0.719364,0.742295,0.624450,0.648406
0.701776,0.684148,0.764247,0.688561,0.502639,0.688879,0.589595,0.643650,0.660127,0.699118
0.688163,0.659627,0.700330,0.686060,0.428282,0.637683,0.678909,0.702816,0.681760,0.712756
0.638593,0.707191,0.707490,0.695041,0.898612,0.766093,0.649099,0.692422,0.666493,0.739330
0.616052,0.687767,0.680396,0.656838,0.647085,0.678838,0.772153,0.732032,0.667778,0.675390
0.682820,0.689287,0.750185,0.702265,0.707555,0.687587,0.670904,0.700506,0.705609,0.629174
0.701654,0.688103,0.683734,0.700669,0.705128,0.676956,0.672210,0.706037,0.673055,0.667428
0.704962,0.661527,0.688653,0.668924,0.713317,0.727800,0.659922,0.688720,0.682655,0.708375
0.662445,0.681832,0.619674,0.700436,0.581760,0.712018,0.736615,0.687997,0.658865,0.641315
0.715184,0.702050,0.734107,0.673484,0.602726,0.796050,0.723203,0.715869,0.728292,0.679580
0.681737,0.718069,0.689571,0.686964,0.550485,0.615665,0.707349,0.638597,0.748546,0.689086
0.714928,0.667472,0.667892,0.633203,0.563864,0.642054,0.726400,0.690245,0.682345,0.700347
0.668140,0.627660,0.679597,0.745388,0.481374,0.770439,0.716513,0.771473,0.673044,0.681608
0.627830,0.692335,0.714789,0.635382,0.659818,0.732443,0.652332,0.683026,0.706582,0.717479
0.685137,0.723646,0.684823,0.603636,0.713337,0.648908,0.708408,0.766254,0.678089,0.687068
0.747424,0.651851,0.685961,0.690262,0.622042,0.688596,0.677851,0.697695,0.725006,0.630513
0.694827,0.644110,0.642736,0.595025,0.501888,0.658920,0.653666,0.704412,0.700524,0.701393
0.695947,0.645092,0.700109,0.669849,0.807291,0.626836,0.683605,0.708094,0.711421,0.709696
0.671218,0.681796,0.660697,0.712099,0.690816,0.722831,0.669381,0.686496,0.689223,0.693719
0.671034,0.718244,0.787335,0.728481,0.453566,0.765894,0.634315,0.712548,0.699471,0.667488
0.708672,0.647192,0.682787,0.606232,0.936588,0.736194,0.716771,0.672917,0.722253,0.662617
0.713590,0.743786,0.666375,0.706576,0.875270,0.792968,0.682458,0.679843,0.696277,0.645566
0.644003,0.683326,0.649572,0.711160,0.818582,0.697692,0.618376,0.696393,0.689782,0.657288
0.706669,0.688657,0.659193,0.808342,0.683681,0.844830,0.717746,0.665028,0.692357,0.718680
0.691169,0.700749,0.737838,0.694239,0.824228,0.720103,0.612611,0.694772,0.666684,0.677431
0.688937,0.666886,0.690396,0.692645,0.607457,0.565931,0.706607,0.622215,0.686380,0.688795
0.659914,0.683873,0.640329,0.723075,0.821033,0.499463,0.688521,0.674915,0.625960,0.710669
0.680328,0.690633,0.728992,0.663320,0.650836,0.747067,0.624724,0.706969,0.688421,0.642504
0.696845,0.722324,0.730606,0.680887,0.692565,0.598250,0.681012,0.783180,0.674531,0.700355
0.676259,0.691978,0.673747,0.690772,0.920721,0.714080,0.685598,0.733371,0.711108,0.646559
0.712190,0.662106,0.700763,0.553330,0.815880,0.607373,0.704264,0.721852,0.767579,0.691554
0.627015,0.726311,0.701887,0.673451,0.539091,0.590935,0.748240,0.675640,0.690378,0.672503
0.680470,0.606341,0.545948,0.694659,0.607894,0.711735,0.640719,0.630579,0.616466,0.668288
0.683215,0.696625,0.755160,0.702117,0.692663,0.709991,0.736991,0.696739,0.672988,0.687886
0.690089,0.646046,0.679459,0.767043,0.686435,0.543900,0.727655,0.733442,0.723922,0.702114
0.679818,0.657166,0.674150,0.641278,0.523838,0.736537,0.672309,0.679291,0.683929,0.720253
0.693719,0.658298,0.637445,0.643255,0.656670,0.713674,0.652886,0.694033,0.698386,0.697850
0.683311,0.684158,0.671142,0.707010,0.651166,0.781956,0.667172,0.682191,0.666658,0.689812
0.669589,0.783255,0.733073,0.713370,0.630772,0.800030,0.700752,0.685055,0.653179,0.673682
0.661066,0.722024,0.688266,0.636941,0.724321,0.786016,0.729718,0.683446,0.696163,0.666462
0.718557,0.628737,0.668896,0.637585,0.935110,0.708841,0.742530,0.750473,0.726009,0.636058
0.689311,0.715503,0.629271,0.700830,0.878691,0.792303,0.680882,0.701994,0.661370,0.659572
0.641615,0.647401,0.665932,0.720391,0.978489,0.789329,0.680551,0.700441,0.700405,0.679104
0.671294,0.632368,0.731619,0.675715,0.800519,0.576095,0.684104,0.708205,0.672007,0.678982
0.686288,0.657987,0.671889,0.667732,0.527819,0.698931,0.687736,0.693738,0.660812,0.702292
0.673076,0.675873,0.729842,0.751318,0.672205,0.777936,0.611500,0.750086,0.673617,0.704183
0.674060,0.684230,0.676718,0.586343,0.528743,0.699913,0.638824,0.666822,0.655224,0.676391
0.704771,0.728908,0.669805,0.716089,0.650144,0.608718,0.631464,0.698558,0.664247,0.718280
0.753173,0.676895,0.738643,0.556728,0.540195,0.715255,0.718318,0.751693,0.663354,0.738244
0.690519,0.636952,0.684999,0.721916,0.704574,0.809510,0.722470,0.664152,0.730659,0.746073
0.697269,0.719638,0.776944,0.573763,0.786044,0.828860,0.551376,0.641648,0.762911,0.752346
0.774504,0.667279,0.726126,0.615474,0.771519,0.651543,0.682597,0.722930,0.683182,0.726735
0.684097,0.699241,0.738834,0.727688,0.709239,0.621992,0.720929,0.689003,0.714986,0.727353
0.777186,0.657363,0.744284,0.766569,0.825942,0.615538,0.578173,0.719132,0.773692,0.676586
0.661705,0.685598,0.726087,0.573484,0.689236,0.766929,0.630843,0.603644,0.690903,0.705032
0.729799,0.708811,0.705373,0.740689,0.538665,0.840501,0.657981,0.690698,0.694220,0.723281
0.666830,0.691155,0.765849,0.766563,0.785118,0.614254,0.724995,0.702443,0.641413,0.654462
0.666378,0.702932,0.716625,0.720409,0.970988,0.811834,0.674868,0.721944,0.686206,0.704417
0.724658,0.706404,0.669389,0.739506,0.874679,0.760837,0.722091,0.713839,0.685228,0.689181
0.661334,0.699435,0.699836,0.699262,0.815489,0.640877,0.729946,0.715089,0.653955,0.658850
0.688640,0.664892,0.658752,0.714985,0.794695,0.531726,0.683528,0.731836,0.687578,0.678142
0.654895,0.683665,0.690353,0.641915,0.349063,0.639449,0.720506,0.686122,0.694990,0.698873
0.691363,0.648158,0.695137,0.669995,0.711444,0.676692,0.714975,0.689999,0.660208,0.700389
0.673804,0.736164,0.581047,0.663907,0.689683,0.700410,0.653086,0.623323,0.661752,0.706466
0.710511,0.655443,0.699550,0.751342,0.608870,0.729881,0.692680,0.700400,0.696142,0.694957
0.689371,0.615706,0.751774,0.700505,0.761040,0.695894,0.723163,0.666136,0.711168,0.691805
0.684974,0.711020,0.731198,0.544252,0.799147,0.568743,0.675358,0.684459,0.706322,0.647479
0.626624,0.685602,0.721897,0.659559,0.561198,0.703807,0.623394,0.666835,0.719909,0.688413
0.675660,0.703934,0.770239,0.719027,0.589696,0.704790,0.801998,0.678149,0.664354,0.669994
0.709056,0.729157,0.664127,0.716784,0.571802,0.634689,0.738514,0.663089,0.696835,0.671578
0.716191,0.723227,0.740884,0.713302,0.677391,0.655434,0.650415,0.652492,0.719794,0.648892
0.696572,0.705938,0.664135,0.707737,0.540932,0.709800,0.693128,0.672498,0.700921,0.637944
0.720101,0.665847,0.677610,0.771416,0.693722,0.595300,0.660238,0.638109,0.699962,0.700287
0.703260,0.688798,0.681341,0.704280,0.551330,0.693362,0.704480,0.670770,0.693011,0.706434
0.654504,0.707923,0.738954,0.631493,0.754282,0.651768,0.657656,0.721358,0.626392,0.722180
0.726400,0.724195,0.724034,0.608599,0.726415,0.612700,0.700274,0.725185,0.705137,0.655581
0.740896,0.700415,0.667555,0.828310,0.527718,0.719383,0.770835,0.719973,0.714645,0.644358
0.765680,0.707786,0.648249,0.812229,0.613959,0.693843,0.745848,0.690245,0.680687,0.643289
0.745815,0.723240,0.721439,0.672423,0.712922,0.631532,0.688610,0.625327,0.690977,0.708204
0.739170,0.676574,0.699299,0.700571,0.538619,0.783713,0.677846,0.752699,0.653332,0.694332
0.716037,0.702081,0.666226,0.628069,0.882667,0.646913,0.735204,0.703798,0.764252,0.694885
0.704393,0.707458,0.705008,0.791838,0.748821,0.642857,0.733013,0.685175,0.705303,0.683103
0.752155,0.721448,0.646794,0.766100,0.769026,0.708973,0.730711,0.673633,0.688992,0.711333
0.709896,0.707494,0.669814,0.744098,0.588098,0.670593,0.682464,0.703375,0.700112,0.665258
0.697024,0.681363,0.709170,0.646670,0.651746,0.692945,0.685352,0.704968,0.688858,0.722461
0.667844,0.604322,0.701650,0.701650,0.835182,0.639456,0.718355,0.698020,0.692475,0.716222
0.676846,0.716932,0.745688,0.786976,0.729564,0.656082,0.747776,0.636455,0.672345,0.697684
0.690596,0.785127,0.684775,0.753487,0.671517,0.737808,0.639580,0.798203,0.686192,0.682740
0.679482,0.698460,0.711225,0.714258,0.731498,0.543093,0.739151,0.684884,0.683785,0.680850
0.700428,0.588280,0.690871,0.658940,0.799169,0.708880,0.732482,0.659333,0.690402,0.684193
0.674779,0.715203,0.712983,0.717804,0.658677,0.797791,0.671476,0.693120,0.697656,0.700877
0.724643,0.638318,0.714164,0.731103,0.804691,0.819803,0.682154,0.693809,0.705602,0.701079
0.676210,0.719845,0.686561,0.713814,0.776117,0.553203,0.745289,0.647882,0.687610,0.653655
0.696204,0.586364,0.737269,0.680527,0.912590,0.704352,0.705221,0.712163,0.713178,0.694599
0.739675,0.723020,0.658328,0.769036,0.377009,0.680158,0.754211,0.643770,0.686278,0.626609
0.673347,0.685330,0.692729,0.710941,0.626896,0.600494,0.663332,0.685984,0.679810,0.627677
0.680768,0.666867,0.674566,0.489347,0.751835,0.683960,0.773970,0.802091,0.719220,0.746486
0.685919,0.713111,0.686470,0.712785,0.868290,0.603575,0.660217,0.654241,0.687055,0.683597
0.693436,0.669420,0.715516,0.690432,0.839081,0.720353,0.694549,0.691394,0.722302,0.691089
0.707830,0.710629,0.695924,0.681267,0.787905,0.720463,0.702404,0.678474,0.747195,0.708289
0.658007,0.663979,0.709772,0.645985,0.627368,0.696645,0.559428,0.725311,0.700598,0.710867
0.707709,0.644134,0.640161,0.757087,0.726712,0.740942,0.660246,0.684142,0.709436,0.697341
0.627296,0.720319,0.711027,0.464083,0.838406,0.662594,0.694041,0.700260,0.755495,0.675772
0.669793,0.711472,0.722607,0.689852,0.556054,0.795609,0.639745,0.673861,0.756135,0.609728
0.677609,0.715093,0.651292,0.631887,0.594762,0.612125,0.727452,0.694097,0.663702,0.706490
0.720635,0.581899,0.685564,0.694119,0.615574,0.691506,0.739878,0.695763,0.737424,0.709815
0.709473,0.672126,0.681530,0.629189,0.415056,0.690503,0.714263,0.694375,0.687856,0.692274
0.673743,0.702908,0.629237,0.687362,0.639288,0.735218,0.773031,0.681074,0.701679,0.683900
0.690815,0.619103,0.721933,0.624834,0.669318,0.725091,0.690980,0.756511,0.648111,0.712087
0.746335,0.635938,0.709138,0.652690,0.583377,0.646660,0.753925,0.653582,0.692441,0.682026
0.688597,0.714100,0.668369,0.754722,1.000000,0.835496,0.673153,0.722295,0.682578,0.696837
0.670402,0.607035,0.708493,0.667824,0.544359,0.717374,0.699856,0.703731,0.694315,0.676728
0.763508,0.623530,0.722264,0.657909,0.615650,0.728243,0.662206,0.759791,0.724838,0.666281
0.694713,0.647178,0.653562,0.757635,0.678158,0.600451,0.750452,0.664273,0.686030,0.658656
0.646342,0.696790,0.732209,0.786869,0.521122,0.648959,0.757392,0.630957,0.677856,0.671782
0.653571,0.668095,0.736518,0.666885,0.711772,0.664240,0.637091,0.713967,0.688534,0.732478
0.693023,0.734330,0.744374,0.573703,0.756291,0.660118,0.642612,0.671099,0.705857,0.684712
0.686729,0.575710,0.667190,0.671251,0.678354,0.774307,0.761398,0.639550,0.644951,0.670362
0.727232,0.703300,0.688265,0.670860,0.951288,0.795455,0.657995,0.707302,0.638142,0.700126
0.717189,0.695586,0.675810,0.715839,0.587476,0.656955,0.689378,0.665686,0.707444,0.704055
0.680732,0.675268,0.675656,0.643000,0.482405,0.668504,0.675479,0.695743,0.699850,0.711595
0.662905,0.717204,0.638961,0.715646,0.803998,0.702648,0.753164,0.631610,0.734598,0.707113
0.672932,0.699650,0.651116,0.618451,0.697293,0.707894,0.656507,0.702324,0.663886,0.680125
0.697581,0.698332,0.639862,0.810157,0.752248,0.694766,0.709279,0.704921,0.698744,0.673351
0.718988,0.727515,0.708345,0.693261,0.691323,0.660572,0.739767,0.695925,0.706619,0.666206
0.722492,0.522296,0.665847,0.714066,0.666625,0.660044,0.750375,0.723632,0.633652,0.734610
0.711755,0.714908,0.650054,0.673578,0.855073,0.698539,0.720348,0.623643,0.628988,0.701788
0.678930,0.628736,0.708949,0.729463,0.630363,0.745341,0.678958,0.672680,0.743509,0.719243
0.650212,0.695132,0.692228,0.707862,0.803370,0.571303,0.722827,0.657075,0.648034,0.703562
0.700510,0.675301,0.684313,0.785770,0.362160,0.668432,0.680267,0.740538,0.719771,0.696725
0.707985,0.703433,0.687314,0.641908,0.627970,0.579998,0.730079,0.685380,0.699600,0.665205
0.678600,0.757795,0.714372,0.740216,0.872193,0.741439,0.649735,0.717959,0.743856,0.705285
0.714715,0.731344,0.691791,0.657248,0.793585,0.551365,0.653784,0.718004,0.670565,0.702578
0.677230,0.658175,0.723446,0.681638,0.530194,0.712832,0.692830,0.695636,0.673085,0.691264
0.671012,0.674304,0.730259,0.796383,0.723665,0.793484,0.656800,0.686112,0.714259,0.682672
0.729515,0.719257,0.698707,0.740833,0.843681,0.611076,0.645379,0.723209,0.695873,0.715235
0.715481,0.609081,0.701668,0.678297,0.539997,0.644980,0.703992,0.701106,0.700500,0.656094
0.741759,0.686521,0.736900,0.729891,0.590414,0.728937,0.715193,0.683274,0.713264,0.683313
0.671792,0.718605,0.688961,0.688203,0.679792,0.627043,0.692650,0.704134,0.664797,0.680321
0.677184,0.715403,0.672971,0.726931,0.599459,0.696384,0.663756,0.685674,0.720812,0.707597
0.690383,0.654991,0.730689,0.683076,0.544951,0.787729,0.722275,0.702482,0.686815,0.701008
0.684412,0.694659,0.667878,0.679963,0.682661,0.549959,0.682450,0.718128,0.698846,0.731262
0.663803,0.689274,0.705673,0.586611,0.444969,0.777611,0.721959,0.718503,0.690958,0.690972
0.712851,0.676398,0.706148,0.631500,0.529757,0.624424,0.698460,0.704825,0.710034,0.712143
0.657082,0.756665,0.716856,0.653821,0.466808,0.727291,0.712708,0.721355,0.651592,0.699148
0.672086,0.659157,0.695821,0.673434,0.616345,0.693740,0.699572,0.627871,0.668180,0.704533
0.656328,0.702701,0.676868,0.574493,0.584983,0.763272,0.756575,0.669685,0.687249,0.724182
0.697126,0.663773,0.604231,0.622350,0.590250,0.803994,0.602766,0.656030,0.654066,0.699301
0.680943,0.663209,0.665202,0.718530,0.786578,0.708133,0.677098,0.706097,0.699691,0.682926
0.726536,0.670574,0.650218,0.611713,0.593575,0.752153,0.719325,0.617427,0.672511,0.738483
0.707762,0.724273,0.730669,0.667397,0.738028,0.741346,0.559228,0.701784,0.653669,0.676641
0.592038,0.674513,0.707797,0.741513,0.866772,0.736596,0.653733,0.691482,0.758632,0.718294
0.639649,0.705720,0.721264,0.625090,0.459188,0.745738,0.683502,0.745663,0.683443,0.671673
0.674330,0.657802,0.723201,0.679988,0.664228,0.502552,0.652379,0.704989,0.660052,0.743664
0.718727,0.677234,0.691815,0.651314,0.704358,0.575093,0.703700,0.638454,0.653721,0.726749
0.693258,0.686998,0.734739,0.696424,0.473008,0.622972,0.716932,0.699510,0.699911,0.680809
0.794080,0.733108,0.684254,0.621039,0.772956,0.765809,0.644157,0.685878,0.615839,0.665915
0.682618,0.721113,0.735053,0.608868,0.709130,0.784814,0.753109,0.684413,0.722371,0.689255
0.681536,0.704689,0.650597,0.698485,0.635908,0.702351,0.620053,0.691649,0.700236,0.702873
0.676497,0.643842,0.704971,0.723520,0.882422,0.573593,0.701131,0.723264,0.687162,0.663265
0.682738,0.674747,0.677503,0.747398,0.823335,0.773643,0.662108,0.702830,0.727870,0.698356
0.663304,0.678992,0.778582,0.704976,0.590990,0.792622,0.698567,0.736681,0.739336,0.674709
0.661766,0.738487,0.732111,0.740144,0.843021,0.584989,0.663871,0.697113,0.685731,0.696641
0.715274,0.668459,0.685153,0.749739,0.688216,0.684198,0.678285,0.661628,0.715032,0.706215
0.672354,0.673230,0.670630,0.697205,0.759118,0.597368,0.686040,0.660882,0.678022,0.750126
0.693088,0.672897,0.712032,0.694613,0.347389,0.635184,0.731079,0.696390,0.691544,0.704767
0.665398,0.709754,0.638409,0.741806,0.901622,0.701297,0.672010,0.639382,0.694440,0.686884
0.695733,0.689403,0.712946,0.658917,0.522068,0.641228,0.759504,0.695641,0.633878,0.710718
0.675071,0.682998,0.709969,0.680990,0.619467,0.685730,0.726700,0.701276,0.712186,0.725020
0.647980,0.638775,0.680316,0.637256,0.728714,0.737013,0.689590,0.703493,0.712132,0.641728
0.670920,0.667522,0.764104,0.712878,0.722055,0.645462,0.682472,0.663323,0.663688,0.713528
0.672557,0.702221,0.720735,0.631925,0.623108,0.754633,0.660202,0.686065,0.679488,0.678268
0.695978,0.670811,0.684148,0.603080,0.626994,0.720581,0.762718,0.746047,0.651978,0.769410
0.551464,0.705949,0.671489,0.680279,0.647378,0.718993,0.727001,0.708319,0.723164,0.670294
0.667146,0.657428,0.703654,0.679256,0.733421,0.669959,0.701190,0.715146,0.659884,0.687750
0.699645,0.713537,0.791408,0.737640,0.727225,0.725851,0.802201,0.711155,0.670796,0.689628
0.684292,0.630341,0.696112,0.734036,0.676645,0.450421,0.683062,0.698784,0.652094,0.677506
0.675784,0.700797,0.675118,0.681310,0.536189,0.697121,0.704690,0.709626,0.697944,0.632446
0.627527,0.624040,0.738873,0.737060,0.598735,0.726926,0.675720,0.652952,0.734572,0.728222
0.698178,0.684944,0.647198,0.697992,0.585603,0.700292,0.667054,0.647385,0.676083,0.697561
0.678234,0.671043,0.736675,0.706854,0.825765,0.653705,0.703442,0.717502,0.682886,0.699607
0.651842,0.724529,0.698323,0.707462,0.757560,0.815891,0.685897,0.685199,0.660232,0.645179
0.682924,0.704374,0.720748,0.764701,0.614098,0.637499,0.663040,0.627237,0.689225,0.674706
0.651212,0.704441,0.605971,0.684132,0.662984,0.533798,0.722476,0.708796,0.744742,0.693766
0.683149,0.733325,0.753016,0.708690,0.772979,0.664777,0.737334,0.699817,0.691343,0.693193
0.683357,0.706976,0.695359,0.681473,0.553559,0.728353,0.678721,0.720324,0.738128,0.711323
0.693567,0.720988,0.722742,0.723584,0.819949,0.718093,0.711124,0.727671,0.687280,0.695340
0.644435,0.753918,0.697973,0.802609,0.744330,0.698090,0.666845,0.762571,0.716989,0.669156
0.678921,0.713670,0.735821,0.634561,0.690726,0.739194,0.726738,0.657883,0.705681,0.719496
0.674640,0.724109,0.690149,0.618283,0.657816,0.740249,0.673635,0.671467,0.679299,0.718813
0.667569,0.705472,0.700343,0.668865,0.708688,0.665409,0.703938,0.706175,0.689975,0.697545
0.699200,0.697146,0.634764,0.693482,0.656003,0.735703,0.649221,0.671024,0.717793,0.672849
0.748739,0.627505,0.717765,0.760989,0.564568,0.684525,0.675975,0.709438,0.689240,0.701637
0.705324,0.737089,0.620234,0.710124,0.626001,0.783228,0.798604,0.733745,0.705181,0.715375
0.707085,0.637251,0.724684,0.702707,0.603002,0.683027,0.662335,0.664122,0.699552,0.738467
0.748892,0.781996,0.659253,0.687386,0.657162,0.673156,0.740388,0.697004,0.680475,0.659934
0.661838,0.678350,0.706921,0.636579,0.664747,0.631855,0.745031,0.681999,0.707241,0.701543
0.685746,0.742140,0.667953,0.625732,0.716898,0.605727,0.724579,0.704016,0.725437,0.704856
0.692284,0.714393,0.675210,0.687495,0.814481,0.821199,0.665447,0.696840,0.665713,0.708605
0.659348,0.688176,0.680839,0.629650,0.684470,0.740256,0.697728,0.696378,0.664472,0.692330
0.654375,0.667366,0.721394,0.683422,0.818915,0.574750,0.661191,0.783783,0.660166,0.689340
0.701753,0.668136,0.638327,0.717482,0.366366,0.697232,0.686170,0.675240,0.694673,0.702172
0.702807,0.684664,0.645854,0.660255,0.605434,0.778245,0.717461,0.687536,0.689262,0.711082
0.648201,0.679372,0.729712,0.689264,0.866197,0.779467,0.677381,0.672269,0.712381,0.686083
0.678039,0.734293,0.686561,0.810313,0.793272,0.721102,0.760237,0.626530,0.713655,0.734740
0.703248,0.709507,0.698748,0.737015,0.759128,0.726070,0.674803,0.683122,0.655553,0.722713
0.715187,0.727964,0.692612,0.747344,0.661379,0.821993,0.655351,0.654583,0.713085,0.684958
0.686114,0.678050,0.709268,0.703221,0.763328,0.707839,0.711759,0.691764,0.677726,0.692671
0.693963,0.603367,0.705047,0.789265,0.736647,0.651168,0.728287,0.620304,0.660369,0.702350
0.685292,0.685104,0.640084,0.663424,0.562458,0.597122,0.660401,0.682767,0.704904,0.677103
0.740684,0.633445,0.738790,0.620999,0.684029,0.710062,0.636753,0.741308,0.656961,0.704511
0.712237,0.679243,0.653226,0.686737,0.816780,0.761968,0.691812,0.657330,0.731618,0.695034
0.704204,0.694588,0.713181,0.640847,0.589889,0.740568,0.683592,0.678655,0.662308,0.714109
0.671473,0.689717,0.641534,0.799659,0.730288,0.766401,0.712776,0.663142,0.749091,0.743026
0.684259,0.672500,0.711503,0.635437,0.607383,0.627648,0.739222,0.677066,0.662743,0.680860
0.645819,0.676133,0.697271,0.690361,0.651831,0.689271,0.681666,0.689600,0.684715,0.712767
0.668548,0.670792,0.659509,0.688839,0.595967,0.662764,0.723389,0.669881,0.714678,0.710535
0.664439,0.677179,0.722591,0.683208,0.797550,0.686804,0.709203,0.734795,0.700809,0.669385
0.674708,0.668208,0.718306,0.670639,0.503658,0.637150,0.685178,0.683956,0.686093,0.666497
0.660651,0.667029,0.697743,0.665265,0.641124,0.705030,0.658075,0.642970,0.637727,0.666787
0.679015,0.710020,0.709533,0.700435,0.642855,0.768156,0.700335,0.686496,0.667143,0.706368
0.721359,0.660508,0.688419,0.538308,0.574182,0.628480,0.726092,0.617726,0.699723,0.703503
0.688960,0.736484,0.663177,0.756133,0.773125,0.577447,0.739816,0.707181,0.647204,0.673141
0.674426,0.700104,0.685958,0.697557,0.755188,0.713045,0.688053,0.702453,0.685370,0.675001
0.700767,0.678846,0.679411,0.729885,0.727346,0.814170,0.666016,0.673010,0.683638,0.699261
0.692576,0.674907,0.732986,0.757024,0.865226,0.652861,0.718893,0.697953,0.677141,0.689226
0.701769,0.692451,0.687828,0.668454,0.727568,0.712957,0.676537,0.683343,0.706194,0.697475
0.681562,0.694519,0.724735,0.738435,0.800540,0.589150,0.660164,0.714375,0.693198,0.688720
0.593863,0.720350,0.665869,0.702533,0.512387,0.642564,0.717663,0.690919,0.685243,0.653323
0.696933,0.709713,0.683590,0.596252,0.793369,0.625689,0.725225,0.731077,0.729399,0.698388
0.717014,0.661209,0.720511,0.664484,0.843371,0.576120,0.711773,0.726716,0.684310,0.704191
0.731953,0.682196,0.653634,0.688106,0.640147,0.765297,0.707146,0.699354,0.712431,0.711651
0.683799,0.671899,0.599955,0.677991,0.788562,0.578372,0.748750,0.715073,0.688658,0.755127
0.702975,0.675838,0.684702,0.772698,0.713869,0.566082,0.666003,0.644678,0.708650,0.683424
0.678114,0.685803,0.695641,0.680460,0.531544,0.603484,0.701867,0.699763,0.674261,0.692841
0.681435,0.691687,0.743019,0.762693,0.652242,0.606153,0.696121,0.681190,0.687070,0.684415
0.706022,0.680282,0.601684,0.791389,0.563031,0.703484,0.732670,0.692658,0.658097,0.654781
0.720511,0.609830,0.740945,0.712773,0.500891,0.649430,0.667675,0.624052,0.697857,0.696233
0.713713,0.670081,0.664226,0.753581,0.558928,0.638001,0.734839,0.715302,0.673720,0.665285
0.640459,0.715716,0.702821,0.828673,0.485949,0.746506,0.671238,0.769403,0.723651,0.717934
0.716403,0.516569,0.704760,0.659174,0.648047,0.705887,0.724698,0.704798,0.725589,0.709647
0.657576,0.693699,0.755951,0.681828,0.743109,0.604790,0.568774,0.702117,0.693935,0.688491
0.672577,0.630482,0.651018,0.719867,0.686900,0.870027,0.640212,0.633667,0.668035,0.709680
0.672268,0.751312,0.719407,0.719270,0.664940,0.601149,0.666920,0.654249,0.720697,0.711908
0.704734,0.699910,0.678920,0.691829,0.667486,0.783936,0.729207,0.678033,0.634701,0.717766
0.721431,0.764280,0.595855,0.706012,0.651169,0.739329,0.761579,0.808028,0.714255,0.633461
0.676941,0.724059,0.666081,0.729516,0.318495,0.700836,0.716957,0.782136,0.697064,0.670945
0.675459,0.648468,0.704843,0.691642,0.857832,0.650729,0.671523,0.740382,0.708680,0.694901
0.687040,0.720734,0.737679,0.729666,0.677567,0.738196,0.724309,0.699479,0.682815,0.680064
0.697589,0.591697,0.698729,0.732900,0.815967,0.736843,0.678167,0.705267,0.702389,0.657849
0.693701,0.690499,0.618168,0.707222,0.691370,0.685067,0.663385,0.681621,0.658950,0.674892
0.692891,0.663836,0.662285,0.677835,0.773059,0.706907,0.714712,0.741342,0.654886,0.694046
0.679218,0.714320,0.656663,0.703306,0.548815,0.730470,0.636385,0.672160,0.737647,0.694529
0.667998,0.688788,0.666898,0.725833,0.784242,0.557071,0.697156,0.701602,0.753730,0.722265
0.717537,0.703244,0.724955,0.713165,0.862399,0.651782,0.620360,0.631338,0.727732,0.743303
0.688750,0.701730,0.680179,0.716682,0.531578,0.669927,0.673746,0.688009,0.691830,0.704671
0.676648,0.712438,0.685525,0.728656,0.542517,0.627818,0.753149,0.688169,0.692502,0.658965
0.753895,0.625125,0.682424,0.648528,0.626377,0.745983,0.746835,0.720759,0.685394,0.734879
0.693374,0.691233,0.654934,0.759473,0.650248,0.727582,0.715767,0.728699,0.673710,0.695956
0.693757,0.655874,0.713406,0.710545,0.505757,0.640714,0.707042,0.671252,0.660482,0.740459
0.746117,0.649139,0.723179,0.692026,0.573080,0.728221,0.705206,0.699035,0.661258,0.753761
0.681519,0.669587,0.712478,0.711906,0.763519,0.619936,0.726638,0.717260,0.663459,0.685223
0.698109,0.774013,0.672848,0.650644,0.656546,0.492705,0.616060,0.697041,0.683410,0.730556
0.674604,0.683695,0.637816,0.777822,0.692520,0.689191,0.649084,0.774183,0.634502,0.726688
0.703905,0.691991,0.652095,0.824261,0.483260,0.677337,0.744050,0.759097,0.672589,0.656814
0.746849,0.711817,0.647526,0.659656,0.675342,0.681697,0.645217,0.663793,0.664245,0.660976
0.676691,0.709228,0.702260,0.781701,0.586256,0.637526,0.714331,0.677095,0.731725,0.692108
0.738998,0.656026,0.687759,0.597159,0.740158,0.700435,0.646996,0.724090,0.720614,0.701836
0.610464,0.760529,0.663970,0.729878,0.704429,0.717937,0.656867,0.673069,0.699005,0.710109
0.674567,0.758289,0.692924,0.698955,0.693687,0.643209,0.656309,0.653249,0.629047,0.674201
0.733530,0.784929,0.685572,0.752614,0.757834,0.634095,0.714063,0.731075,0.684984,0.715262
0.657571,0.747810,0.664383,0.627591,0.749076,0.846898,0.743995,0.640713,0.756639,0.730688
0.682848,0.690150,0.699129,0.679672,0.460900,0.742256,0.704258,0.722723,0.694226,0.694359
0.771173,0.682892,0.719694,0.716785,0.542132,0.777965,0.709869,0.655348,0.767199,0.655225
0.655970,0.653237,0.661997,0.727007,0.669207,0.906845,0.794058,0.700552,0.717130,0.682802
0.710283,0.722955,0.710558,0.676239,0.809040,0.752028,0.690867,0.674563,0.705283,0.693236
0.654883,0.708122,0.675539,0.633839,0.571129,0.672252,0.740720,0.696726,0.695099,0.723032
0.688068,0.718241,0.682031,0.599696,0.754714,0.512423,0.663544,0.715662,0.716171,0.665233
0.668177,0.677128,0.696624,0.670780,0.586201,0.701296,0.601447,0.699945,0.691759,0.706813
0.667180,0.643135,0.765331,0.786738,0.787394,0.814950,0.756181,0.699355,0.693716,0.659142
0.676473,0.678756,0.697659,0.660191,0.897631,0.732017,0.652051,0.696163,0.693672,0.678610
0.705183,0.735182,0.667846,0.717269,0.663651,0.683357,0.731045,0.709411,0.686218,0.697583
0.758399,0.669689,0.747414,0.660587,0.631796,0.601822,0.688243,0.716776,0.714728,0.658244
0.662306,0.650813,0.688154,0.652869,0.811093,0.538497,0.646740,0.656466,0.636536,0.658272
0.709916,0.695169,0.633219,0.685574,0.645032,0.714944,0.758477,0.689493,0.706033,0.683324
0.674750,0.700189,0.762152,0.734226,0.889587,0.784453,0.747352,0.701668,0.658726,0.682565
0.672466,0.633140,0.713389,0.702819,0.691424,0.624762,0.705650,0.702574,0.685223,0.683674
0.668343,0.694537,0.701433,0.722269,0.680654,0.597949,0.653891,0.659970,0.671244,0.692499
0.684750,0.700321,0.699817,0.701411,0.605892,0.615999,0.660307,0.695518,0.708672,0.676569
0.683831,0.657191,0.677890,0.652315,0.870266,0.686914,0.707010,0.585396,0.755471,0.679945
0.679323,0.693449,0.673965,0.746823,0.633834,0.710353,0.628083,0.703978,0.670668,0.689995
0.700200,0.680209,0.730827,0.677934,0.000000,0.596519,0.711450,0.662728,0.712210,0.699028
0.729416,0.746625,0.674602,0.652802,0.725632,0.732173,0.736722,0.700921,0.655353,0.686223
0.675678,0.684118,0.692601,0.662008,0.593347,0.706529,0.647258,0.692810,0.688051,0.685580
0.687936,0.682920,0.657423,0.698267,0.647808,0.706009,0.669192,0.698135,0.691627,0.694589
0.666006,0.711279,0.646099,0.654210,0.737239,0.779953,0.681206,0.700177,0.693739,0.644857
0.612954,0.716636,0.719904,0.668308,0.651357,0.725758,0.648556,0.682246,0.685516,0.708604
0.667765,0.707279,0.687749,0.701579,0.711921,0.749627,0.714112,0.729404,0.658355,0.756432
0.662944,0.658694,0.644481,0.684401,0.686010,0.632600,0.721995,0.675974,0.716282,0.720582
0.610537,0.754518,0.668573,0.668936,0.776001,0.881615,0.713409,0.672393,0.719694,0.687246
0.702122,0.652837,0.765942,0.734708,0.800332,0.774299,0.745706,0.719551,0.724431,0.688873
0.683241,0.674407,0.718061,0.665484,0.667369,0.676324,0.679695,0.732332,0.748451,0.716155
0.703217,0.717105,0.778125,0.758433,0.728172,0.646781,0.714423,0.669782,0.719010,0.720477
0.642131,0.665701,0.722337,0.719860,0.735117,0.656668,0.734392,0.656198,0.617118,0.659595
0.697461,0.695602,0.661951,0.682719,0.834791,0.750121,0.749642,0.686761,0.714478,0.707988
0.697182,0.649266,0.675028,0.794853,0.541857,0.701317,0.727279,0.727457,0.649943,0.666900
0.705970,0.674248,0.682569,0.701106,0.822984,0.583275,0.755194,0.692947,0.659221,0.721724
0.667006,0.728024,0.644707,0.740265,0.653087,0.767159,0.739887,0.729607,0.653214,0.661891
0.750592,0.721342,0.674630,0.734925,0.794189,0.556907,0.686006,0.669683,0.638543,0.702739
0.606717,0.616919,0.717203,0.699706,0.785357,0.648768,0.712226,0.721043,0.687665,0.611069
0.734821,0.658143,0.696491,0.658893,0.637092,0.617173,0.690890,0.684250,0.705560,0.662284
0.684026,0.679388,0.654821,0.618971,0.633455,0.628844,0.698036,0.712431,0.698498,0.655004
0.654976,0.690655,0.607548,0.775206,0.537285,0.717453,0.648926,0.657294,0.629378,0.701046
0.700774,0.712183,0.634350,0.681908,0.792542,0.679739,0.733558,0.659850,0.646280,0.680361
0.727127,0.698025,0.694440,0.698841,0.666452,0.752981,0.717101,0.704502,0.725710,0.682652
0.703756,0.733810,0.734661,0.700466,0.774291,0.657682,0.693736,0.645616,0.767879,0.674533
0.698318,0.662102,0.674824,0.736054,0.635544,0.650664,0.693645,0.733432,0.671543,0.703937
0.708635,0.620524,0.728411,0.642414,0.650159,0.701887,0.713364,0.725405,0.696243,0.630147
0.790271,0.707038,0.703565,0.694999,0.821600,0.636138,0.675251,0.685659,0.728131,0.708023
0.710629,0.760995,0.665944,0.567693,0.671902,0.610799,0.708679,0.711774,0.707624,0.728671
0.679456,0.671051,0.669119,0.700925,0.697051,0.699657,0.662452,0.679075,0.706999,0.696046
0.668648,0.703257,0.717876,0.714919,0.626101,0.702103,0.751267,0.713264,0.705176,0.680487
0.695676,0.767233,0.639159,0.694271,0.805199,0.638831,0.661382,0.721288,0.707428,0.696754
0.665691,0.625216,0.689707,0.661951,0.675806,0.667043,0.686655,0.679819,0.709360,0.681366
0.653295,0.685834,0.679126,0.688894,0.588337,0.731586,0.721275,0.670082,0.671240,0.660590
0.693523,0.678173,0.678861,0.784976,0.881181,0.592415,0.628821,0.745041,0.706384,0.688938
0.687226,0.705516,0.661213,0.673040,0.827292,0.556099,0.680169,0.724665,0.640498,0.709913
0.758125,0.685399,0.645855,0.807926,0.550578,0.678320,0.722103,0.724641,0.702971,0.695316
0.667881,0.644242,0.645088,0.791222,0.650114,0.708101,0.697086,0.675185,0.726934,0.695851
0.671724,0.658330,0.731558,0.654436,0.637959,0.639904,0.640088,0.675173,0.692242,0.686773
0.670196,0.700944,0.760205,0.648357,0.674502,0.715357,0.709084,0.716808,0.651779,0.679990
0.674458,0.718292,0.684716,0.730301,0.863700,0.647515,0.695229,0.716366,0.676478,0.687602
0.688018,0.660447,0.694744,0.762679,0.418952,0.675172,0.686395,0.618997,0.691304,0.685144
0.714048,0.708066,0.677948,0.688037,0.611778,0.697638,0.712068,0.693645,0.757546,0.724794
0.691266,0.699404,0.707949,0.728838,0.842198,0.676274,0.713741,0.726729,0.676919,0.682107
0.669160,0.705537,0.751760,0.696651,0.721820,0.778633,0.543452,0.659829,0.679590,0.623456
0.694830,0.699768,0.654319,0.684492,0.836504,0.675683,0.721517,0.724821,0.665345,0.673431
0.641068,0.670504,0.692174,0.690711,0.791817,0.660133,0.689844,0.657897,0.701961,0.719798
0.644167,0.791002,0.766897,0.778668,0.619932,0.729642,0.637202,0.682706,0.658484,0.692387
0.652787,0.733079,0.689461,0.717787,0.724221,0.702403,0.677068,0.688094,0.742048,0.690229
0.726801,0.737443,0.671356,0.655822,0.748460,0.698272,0.700331,0.667755,0.696792,0.738115
0.715313,0.673772,0.725532,0.646656,0.600280,0.693226,0.619821,0.600633,0.632084,0.715304
0.703916,0.729217,0.695522,0.775214,0.492538,0.644199,0.695284,0.675030,0.712912,0.701364
0.663372,0.752420,0.683948,0.746573,0.687957,0.795191,0.699030,0.668708,0.740659,0.674485
0.667600,0.704008,0.673527,0.709105,0.796236,0.660863,0.668760,0.697738,0.678398,0.683709
0.681197,0.624224,0.697121,0.684493,0.904739,0.705408,0.683062,0.708526,0.697788,0.710260
0.690529,0.690585,0.680438,0.723860,0.804686,0.689121,0.705613,0.709708,0.687336,0.685635
0.716330,0.713165,0.590121,0.734591,0.814473,0.740573,0.737508,0.696184,0.672047,0.697512
0.718850,0.746304,0.638393,0.616039,0.651949,0.703635,0.715614,0.713057,0.709161,0.680608
0.661824,0.721259,0.647774,0.597842,0.820922,0.558647,0.678829,0.647758,0.760376,0.638928
0.680044,0.711800,0.681439,0.664961,0.687197,0.506455,0.704879,0.747357,0.669866,0.673386
0.714849,0.703837,0.668498,0.717363,0.715352,0.702039,0.668114,0.715649,0.668266,0.680645
0.722191,0.661257,0.639023,0.670321,0.719650,0.662851,0.685487,0.704443,0.687999,0.707623
0.706143,0.707655,0.736050,0.762880,0.761648,0.564664,0.689722,0.695691,0.683873,0.710428
0.682047,0.630937,0.689263,0.687754,0.753348,0.529888,0.667930,0.657800,0.656693,0.669427
0.678056,0.684720,0.744422,0.824531,0.622177,0.624935,0.726988,0.634720,0.719919,0.676554
0.602832,0.657770,0.754155,0.733965,0.535044,0.718542,0.513843,0.661976,0.722036,0.744942
0.696274,0.715711,0.732499,0.735314,0.570033,0.721047,0.687489,0.701534,0.747283,0.708416
0.725620,0.735567,0.664472,0.743911,0.851156,0.604459,0.700316,0.628252,0.661066,0.705631
0.679056,0.778139,0.661363,0.653750,0.727610,0.558798,0.667985,0.715259,0.686199,0.692070
0.689879,0.706349,0.738353,0.720755,0.648151,0.685663,0.707945,0.684195,0.699535,0.682631
0.681969,0.702109,0.412033,0.655852,0.628341,0.640667,0.533490,0.685081,0.676558,0.700781
0.677848,0.672907,0.774324,0.734097,0.676051,0.838888,0.740526,0.697713,0.699817,0.692585
0.690583,0.692072,0.665797,0.770918,0.624807,0.765285,0.714258,0.737095,0.734828,0.691158
0.709964,0.607265,0.606662,0.684317,0.863075,0.513766,0.753898,0.647235,0.682951,0.724927
0.671819,0.695309,0.767268,0.658904,0.586653,0.652864,0.702970,0.687074,0.657766,0.719498
0.706338,0.691108,0.684398,0.597957,0.624918,0.771523,0.780074,0.757271,0.681656,0.691448
0.694521,0.680270,0.695315,0.738991,0.686629,0.684353,0.717324,0.689438,0.695685,0.712323
0.662993,0.728530,0.794812,0.645982,0.646191,0.692210,0.507289,0.696047,0.678685,0.630951
0.713360,0.794365,0.685750,0.693336,0.660493,0.655245,0.630284,0.644505,0.707746,0.702730
0.733617,0.690482,0.618125,0.692097,0.567984,0.746867,0.635927,0.760464,0.752932,0.717745
0.737594,0.634317,0.732524,0.679029,0.680695,0.768819,0.691706,0.631104,0.715093,0.704244
0.684510,0.759169,0.702574,0.759346,0.469557,0.687682,0.701915,0.644490,0.727177,0.690824
0.697790,0.707398,0.681226,0.710483,0.658432,0.774783,0.657772,0.669994,0.695540,0.702988
0.704668,0.685486,0.669916,0.684964,0.895897,0.799627,0.625018,0.684094,0.646354,0.690266
0.692201,0.678250,0.821513,0.645275,0.778530,0.771177,0.778421,0.616421,0.722071,0.685254
0.696221,0.713964,0.697986,0.705310,0.457190,0.699797,0.639838,0.744556,0.673381,0.725687
0.711971,0.634651,0.708018,0.748527,0.501782,0.708763,0.688135,0.657176,0.736384,0.672148
0.688591,0.726297,0.645471,0.628877,0.729160,0.553104,0.649065,0.747114,0.713777,0.661184
0.664284,0.742707,0.678364,0.621277,0.753225,0.635261,0.704062,0.799350,0.668566,0.703847
0.705721,0.694500,0.700567,0.705973,0.828680,0.635330,0.731956,0.698925,0.697031,0.718545
0.723218,0.742581,0.772301,0.462892,0.743971,0.775704,0.669002,0.689193,0.735607,0.699935
0.687764,0.706303,0.637767,0.769624,0.719774,0.697470,0.690660,0.713877,0.674806,0.702378
0.674806,0.671482,0.663331,0.715929,0.615617,0.682026,0.752502,0.744333,0.686945,0.683166
0.689459,0.569820,0.639671,0.634062,0.635152,0.671575,0.759823,0.712990,0.641997,0.686347
0.722835,0.689717,0.708749,0.538756,0.848150,0.685361,0.697444,0.724052,0.702892,0.708913
0.669425,0.674347,0.704898,0.704571,0.495789,0.686332,0.673391,0.701289,0.671540,0.698070
0.704981,0.664742,0.661144,0.720259,0.509244,0.644825,0.677483,0.661568,0.643865,0.701536
0.746635,0.657000,0.709891,0.581748,0.891432,0.682072,0.697899,0.762630,0.730361,0.684069
0.718996,0.716632,0.703914,0.627214,0.781654,0.652166,0.679298,0.673979,0.686633,0.715927
0.743258,0.733797,0.707640,0.691684,0.821733,0.767232,0.741930,0.708743,0.619986,0.697986
0.668617,0.738901,0.687552,0.642814,0.560923,0.600482,0.675199,0.676990,0.681017,0.682506
0.718202,0.662456,0.631610,0.743492,0.869445,0.767417,0.633584,0.710401,0.718329,0.698965
0.682320,0.636044,0.754708,0.613948,0.875485,0.613516,0.640448,0.795682,0.675414,0.700378
0.727840,0.700793,0.656348,0.642994,0.460384,0.733948,0.744453,0.693038,0.673142,0.697167
0.741099,0.702399,0.715792,0.634881,0.853890,0.771134,0.669803,0.727603,0.716491,0.680982
0.686092,0.725527,0.679902,0.703641,0.662502,0.663933,0.690328,0.699589,0.675180,0.669858
0.632240,0.693134,0.676650,0.566712,0.758122,0.691080,0.747777,0.734648,0.713436,0.714098
0.693589,0.664258,0.726129,0.699770,0.690899,0.664080,0.732794,0.660016,0.651169,0.701094
0.645477,0.709726,0.740137,0.660018,0.710984,0.729236,0.660265,0.704288,0.683171,0.700256
0.694825,0.761857,0.720870,0.609899,0.691053,0.624582,0.667679,0.681797,0.738781,0.677810
0.697094,0.682071,0.687821,0.631436,0.627722,0.785906,0.709865,0.723692,0.724563,0.659395
0.676394,0.667453,0.726658,0.735915,0.761335,0.581021,0.720233,0.705009,0.669796,0.694629
0.716133,0.709942,0.674171,0.691047,0.440146,0.682248,0.734894,0.688906,0.652881,0.681922
0.695916,0.690247,0.694647,0.717025,0.811146,0.697576,0.684131,0.758060,0.732673,0.646041
0.719800,0.692793,0.660293,0.612964,0.728642,0.688735,0.692421,0.695180,0.670102,0.694299
0.673636,0.717555,0.681639,0.659059,0.539701,0.664156,0.694912,0.687311,0.697749,0.700785
0.693071,0.735228,0.684669,0.635929,0.966045,0.816506,0.662051,0.694096,0.636678,0.705614
0.699235,0.710621,0.754234,0.654907,0.797958,0.589294,0.698743,0.728757,0.693813,0.700357
0.670604,0.665423,0.686785,0.671701,0.559807,0.662731,0.649464,0.662428,0.691000,0.695979
0.699315,0.703605,0.757491,0.633270,0.849670,0.713669,0.706443,0.652869,0.703706,0.678702
0.730890,0.702873,0.688771,0.696878,0.702257,0.767253,0.582480,0.716099,0.714030,0.693810
0.666740,0.668599,0.712528,0.622564,0.934025,0.769490,0.639380,0.695778,0.702960,0.738335
0.637198,0.654095,0.703473,0.661239,0.764115,0.603477,0.705891,0.680203,0.690551,0.680508
0.731103,0.722517,0.723887,0.791775,0.635791,0.627973,0.689504,0.657888,0.698612,0.651710
0.680073,0.680932,0.668978,0.703809,0.620060,0.672281,0.608981,0.680835,0.699014,0.685438
0.638788,0.720756,0.767124,0.682468,0.671001,0.639470,0.628132,0.679486,0.624738,0.676984
0.707333,0.696648,0.635698,0.635463,0.667488,0.690800,0.663093,0.674742,0.680321,0.691850
0.771935,0.634559,0.650289,0.680860,0.734333,0.727982,0.761577,0.717146,0.657888,0.692406
0.694385,0.645723,0.714910,0.730425,0.760991,0.601518,0.706035,0.713609,0.683095,0.685739
0.674362,0.679045,0.732669,0.638270,0.796634,0.623338,0.734351,0.742810,0.652026,0.671409
0.722678,0.688908,0.653572,0.656195,0.846571,0.683040,0.635876,0.636627,0.649426,0.660557
0.697435,0.674249,0.645951,0.670869,0.438146,0.637675,0.646579,0.656436,0.674549,0.707319
0.657699,0.691904,0.709302,0.688021,0.497193,0.662981,0.710057,0.696019,0.676286,0.702612
0.706417,0.671256,0.708162,0.644081,0.822320,0.692246,0.626303,0.673903,0.769606,0.718117
0.706728,0.676439,0.728467,0.659133,0.559785,0.741338,0.721362,0.698789,0.678366,0.702526
0.689878,0.659071,0.682656,0.674322,0.727863,0.636079,0.753479,0.740380,0.774108,0.706946
0.680026,0.696650,0.692230,0.632780,0.485424,0.791819,0.685567,0.657155,0.676519,0.702967
0.749518,0.774084,0.723826,0.646863,0.695342,0.738751,0.680459,0.676522,0.717143,0.685087
0.694771,0.682830,0.722893,0.788400,0.740119,0.686111,0.726562,0.691379,0.690298,0.676495
0.719471,0.706184,0.711085,0.682437,0.606303,0.742934,0.674762,0.694619,0.681235,0.698784
0.673735,0.676646,0.740597,0.794877,0.806705,0.760664,0.708203,0.739335,0.736504,0.714932
0.690683,0.678349,0.698112,0.632374,0.514196,0.792741,0.688021,0.704016,0.711607,0.690630
0.740750,0.728751,0.669712,0.692807,0.782134,0.719392,0.663852,0.695437,0.721274,0.688464
0.683145,0.703076,0.786512,0.778673,0.845168,0.640833,0.769926,0.668872,0.663508,0.694592
0.834382,0.732887,0.621916,0.679407,0.835683,0.784538,0.764463,0.640120,0.737625,0.647716
0.731631,0.703699,0.689073,0.605450,0.855464,0.780031,0.670657,0.672776,0.802657,0.724908
0.679658,0.682311,0.665241,0.680892,0.625559,0.732037,0.694912,0.680341,0.650870,0.686528
0.728971,0.676062,0.672786,0.572812,0.790743,0.733646,0.673279,0.601583,0.759521,0.697181
0.686008,0.708795,0.679685,0.690385,0.484801,0.827774,0.713553,0.679725,0.714395,0.680441
0.725104,0.605405,0.690608,0.742000,0.533044,0.766962,0.724805,0.707064,0.712715,0.704015
0.753046,0.729366,0.693693,0.684229,0.789134,0.628590,0.700722,0.716647,0.696799,0.666843
0.661290,0.665619,0.727773,0.688911,0.886333,0.795048,0.740180,0.732787,0.661870,0.689121
0.728837,0.639708,0.718207,0.645887,0.811572,0.676413,0.678189,0.637960,0.788322,0.737704
0.612914,0.726087,0.691813,0.754930,0.679306,0.707855,0.674235,0.670674,0.713554,0.700138
0.761853,0.633061,0.649965,0.651842,0.702531,0.715367,0.740043,0.710734,0.671361,0.740093
0.703532,0.722641,0.676066,0.689892,0.578502,0.743056,0.744642,0.730752,0.715058,0.678219
0.747483,0.720400,0.710461,0.727657,0.559722,0.706573,0.696940,0.678801,0.734229,0.690132
0.682642,0.737181,0.757076,0.746227,0.636939,0.660292,0.690308,0.674153,0.677551,0.691664
0.658815,0.746143,0.722949,0.793082,0.796091,0.706926,0.698594,0.686706,0.664000,0.686502
0.695964,0.689884,0.667416,0.758944,0.882989,0.615900,0.680642,0.621375,0.662412,0.726179
0.723293,0.630298,0.688311,0.789222,0.688906,0.703325,0.679726,0.724916,0.711505,0.664581
0.707655,0.651425,0.707779,0.574334,0.649324,0.768911,0.652894,0.668976,0.703712,0.688704
0.672090,0.689497,0.678491,0.607396,0.821898,0.735467,0.710321,0.687048,0.667852,0.679127
0.720502,0.661886,0.639392,0.692589,0.707326,0.740499,0.659623,0.641250,0.694169,0.653367
0.674166,0.656767,0.750685,0.741650,0.736825,0.615175,0.708700,0.675686,0.698343,0.690979
0.680877,0.669374,0.764795,0.717248,0.761113,0.670587,0.748734,0.720924,0.679592,0.696769
0.616595,0.663437,0.674857,0.638485,0.631903,0.613029,0.745372,0.696609,0.764507,0.702339
0.675546,0.694478,0.650686,0.679152,0.667263,0.671202,0.641291,0.699561,0.690158,0.699243
0.601641,0.641601,0.773606,0.757241,0.802624,0.640433,0.516052,0.692678,0.715946,0.685427
0.681292,0.699365,0.710117,0.670763,0.706896,0.690761,0.651683,0.669206,0.661311,0.701030
0.699732,0.686200,0.707894,0.776324,0.811214,0.651224,0.706478,0.664080,0.720604,0.685930
0.679448,0.671073,0.665369,0.795756,0.517647,0.664745,0.739597,0.695480,0.713928,0.675271
0.689073,0.689423,0.618471,0.673081,0.561807,0.706256,0.642561,0.701744,0.694758,0.689749
0.687402,0.638798,0.704921,0.614353,0.720645,0.707034,0.744482,0.696178,0.692462,0.739331
0.694782,0.705971,0.633207,0.618406,0.514237,0.643795,0.715682,0.667748,0.649232,0.717047
0.691012,0.784838,0.686025,0.655249,0.711209,0.505658,0.682817,0.730180,0.693995,0.700424
0.715418,0.722035,0.749183,0.614611,0.769516,0.546311,0.690602,0.701070,0.716398,0.706652
0.659914,0.593737,0.693529,0.638146,0.688194,0.702474,0.693923,0.719924,0.668625,0.642063
0.631989,0.668225,0.630476,0.661079,0.580497,0.597054,0.669512,0.719219,0.689440,0.687400
0.680803,0.702586,0.657382,0.641626,0.465797,0.635553,0.681338,0.678738,0.675493,0.682826
0.707878,0.703547,0.643285,0.676471,0.549248,0.709542,0.730746,0.648836,0.710539,0.740723
0.688318,0.732057,0.703092,0.596562,0.677993,0.699703,0.653528,0.701541,0.677968,0.623350
0.712063,0.673013,0.708303,0.690644,0.841074,0.595272,0.703539,0.706557,0.664535,0.711492
0.695559,0.671219,0.704187,0.717712,0.458172,0.647503,0.673244,0.709560,0.650555,0.711911
0.651671,0.630699,0.768248,0.672786,0.833667,0.673129,0.667761,0.648981,0.641533,0.719983
0.709597,0.588652,0.712686,0.707263,0.836545,0.586976,0.683352,0.741343,0.692675,0.677703
0.696948,0.691142,0.682733,0.716801,0.813367,0.583288,0.673703,0.685726,0.683486,0.743775
0.658349,0.666767,0.713631,0.756471,0.615150,0.709837,0.636896,0.665421,0.712377,0.751253
0.718391,0.711347,0.701427,0.639859,0.585133,0.724286,0.649481,0.726196,0.647202,0.664775
0.694950,0.695042,0.689239,0.740191,0.797562,0.720663,0.688940,0.710891,0.701429,0.703140
0.719633,0.721911,0.667672,0.626194,0.636261,0.710394,0.667782,0.702990,0.704332,0.696545
0.704515,0.717883,0.707899,0.718083,0.801857,0.573429,0.696903,0.707578,0.697122,0.694994
0.695289,0.698558,0.710095,0.645956,0.939171,0.783604,0.693520,0.678892,0.670916,0.703305
0.690083,0.692652,0.743035,0.724256,0.634785,0.722615,0.581519,0.831110,0.672619,0.709307
0.661670,0.623511,0.694522,0.715123,0.505857,0.664727,0.722199,0.708012,0.700691,0.700255
0.712379,0.714990,0.736652,0.721076,0.709899,0.706174,0.602427,0.702191,0.638051,0.687279
0.659255,0.670188,0.721995,0.708361,0.759479,0.472894,0.728128,0.700765,0.641324,0.691168
0.683232,0.732193,0.748922,0.680282,0.834483,0.797387,0.712868,0.697508,0.683455,0.703029
0.669438,0.671120,0.649162,0.761790,0.722736,0.648515,0.723047,0.703644,0.678592,0.675512
0.632177,0.661113,0.722588,0.577245,0.675870,0.778506,0.667870,0.727449,0.688394,0.676419
0.663759,0.696011,0.675298,0.750631,0.783756,0.525337,0.748428,0.717785,0.688576,0.647236
0.697440,0.726970,0.696137,0.785676,0.786134,0.623698,0.681648,0.680956,0.672421,0.679978
0.680006,0.661075,0.684954,0.754935,0.544532,0.808786,0.689797,0.616797,0.702098,0.687709
0.545659,0.771259,0.687182,0.565126,0.707194,0.749965,0.735715,0.711013,0.711064,0.684764
0.670566,0.649368,0.676345,0.692214,0.669760,0.532914,0.718250,0.658954,0.752498,0.666503
0.700219,0.693437,0.688676,0.728604,0.565964,0.675279,0.738945,0.697929,0.679571,0.684912
0.692784,0.657998,0.696006,0.784301,0.747197,0.661300,0.653162,0.668155,0.654906,0.701341
0.663693,0.626406,0.692620,0.722185,0.607331,0.718765,0.656709,0.693131,0.711111,0.705752
0.685029,0.720266,0.624630,0.608675,0.617948,0.742928,0.679018,0.697927,0.696533,0.719586
0.690782,0.723024,0.713498,0.649629,0.392823,0.733137,0.709174,0.668985,0.671369,0.716873
0.688495,0.689661,0.695286,0.724618,0.561051,0.740232,0.658491,0.645996,0.733884,0.710394
0.711824,0.686912,0.734632,0.663514,0.665882,0.685035,0.721696,0.652472,0.705171,0.662408
0.710216,0.658002,0.668510,0.734813,0.550131,0.644715,0.708361,0.702439,0.705546,0.709201
0.752268,0.711337,0.651388,0.779726,0.710162,0.788820,0.696817,0.741409,0.629099,0.628572
0.664808,0.710683,0.692132,0.652955,0.480224,0.621073,0.705409,0.722777,0.670318,0.700082
0.757354,0.706589,0.698641,0.728975,0.668096,0.767894,0.671741,0.698889,0.670671,0.649280
0.687876,0.711702,0.696945,0.814279,0.759586,0.626280,0.711506,0.692694,0.697602,0.669034
0.644870,0.612474,0.688783,0.748368,0.669245,0.658394,0.650707,0.663247,0.720641,0.619473
0.710327,0.598260,0.685195,0.746057,0.622364,0.670616,0.686857,0.677225,0.683887,0.736495
0.699901,0.624466,0.675917,0.725565,0.994715,0.791724,0.680694,0.731743,0.702733,0.692176
0.746411,0.681365,0.733484,0.774287,0.437135,0.707052,0.677474,0.636218,0.704649,0.691321
0.692118,0.679917,0.700159,0.650552,0.677889,0.726834,0.668116,0.726950,0.726620,0.646606
0.705657,0.747943,0.716823,0.627548,0.722715,0.684872,0.710028,0.740779,0.692580,0.691925
0.684880,0.742930,0.679122,0.674480,0.613532,0.696210,0.705537,0.719160,0.701320,0.698113
0.669654,0.726030,0.618581,0.668091,0.673555,0.605650,0.728846,0.689373,0.705811,0.674793
0.716925,0.707565,0.632571,0.754035,0.719804,0.648413,0.767641,0.679506,0.705903,0.647861
0.663127,0.671120,0.684007,0.618746,0.841429,0.701649,0.769563,0.691464,0.787392,0.686203
0.698999,0.650482,0.672520,0.746261,0.844036,0.605406,0.676650,0.693971,0.713696,0.694845
0.623523,0.718994,0.706934,0.561732,0.547981,0.660507,0.664832,0.710975,0.678393,0.674747
0.659974,0.657743,0.593294,0.667184,0.654410,0.857272,0.644581,0.729787,0.656647,0.667105
0.704063,0.663534,0.701388,0.694723,0.656055,0.731808,0.711315,0.686116,0.694074,0.686206
0.672600,0.706037,0.700629,0.677760,0.562775,0.618282,0.771209,0.647336,0.674543,0.685496
0.681120,0.691737,0.613338,0.700368,0.700050,0.723810,0.722566,0.693010,0.714916,0.706064
0.679100,0.699804,0.667034,0.673523,0.812493,0.733744,0.695065,0.679379,0.663291,0.694784
0.678603,0.801617,0.681209,0.735685,0.611823,0.721756,0.646867,0.721363,0.651160,0.684306
0.678438,0.610360,0.701684,0.643623,0.719089,0.697550,0.743132,0.578311,0.633355,0.688163
0.673573,0.683563,0.633017,0.665680,0.571980,0.718525,0.670770,0.669579,0.653988,0.681278
0.679080,0.635618,0.698058,0.639754,0.847382,0.554597,0.679556,0.731822,0.653972,0.686820
0.726969,0.672601,0.633688,0.688840,0.589880,0.672989,0.760685,0.715376,0.667998,0.670995
0.738905,0.652171,0.710657,0.775386,0.748756,0.696661,0.640782,0.654317,0.749242,0.728480
0.707653,0.637056,0.716550,0.795574,0.640811,0.619923,0.634475,0.645984,0.725643,0.723628
0.701153,0.657400,0.712953,0.720993,0.633441,0.737984,0.625108,0.707155,0.720300,0.669264
0.677228,0.701216,0.696149,0.633166,0.752656,0.718984,0.698225,0.638351,0.661348,0.664147
0.658606,0.592944,0.718735,0.654172,0.590951,0.720277,0.693661,0.684064,0.716550,0.609892
0.652913,0.632293,0.759685,0.741479,0.705861,0.610405,0.666346,0.676655,0.731936,0.716019
0.665648,0.741807,0.659696,0.693610,0.687294,0.564154,0.696858,0.665092,0.709191,0.734929
0.657983,0.708209,0.655432,0.685785,0.664860,0.644302,0.653868,0.662890,0.665105,0.708076
0.659017,0.699694,0.724586,0.719756,0.735705,0.710982,0.755258,0.743869,0.613036,0.693005
0.734882,0.666019,0.590965,0.717837,0.539485,0.750372,0.649660,0.690338,0.658919,0.707418
0.664569,0.735391,0.653428,0.639103,0.677975,0.665401,0.734134,0.735109,0.736795,0.735707
0.697645,0.690815,0.608459,0.688450,0.751700,0.540946,0.556086,0.657252,0.684007,0.675849
0.657696,0.710425,0.700743,0.612223,0.795408,0.707397,0.728125,0.593646,0.732355,0.679819
0.685761,0.719135,0.673779,0.767329,0.741064,0.816111,0.716040,0.765923,0.722860,0.698203
0.650224,0.591661,0.749745,0.672019,0.779281,0.503955,0.710001,0.746588,0.700146,0.622677
0.686178,0.702692,0.704736,0.706861,0.759715,0.494309,0.721917,0.712231,0.676825,0.685360
0.657672,0.770562,0.699309,0.757909,0.451633,0.728719,0.603368,0.715755,0.742835,0.693528
0.638104,0.671884,0.729452,0.606840,0.683008,0.747517,0.661408,0.674307,0.727163,0.598798
0.675681,0.730212,0.727576,0.706796,0.800160,0.553973,0.699830,0.651029,0.732684,0.684004
0.705387,0.674679,0.692810,0.700108,0.328875,0.649508,0.697934,0.732393,0.681515,0.678172
0.689680,0.714753,0.728556,0.674240,0.586883,0.608227,0.716371,0.688057,0.685753,0.699838
0.707992,0.736353,0.666062,0.667267,0.643845,0.670331,0.720138,0.717850,0.682045,0.684448
0.710346,0.681298,0.660328,0.771090,0.606335,0.674154,0.686281,0.691819,0.711347,0.738142
0.706366,0.686182,0.653580,0.660027,0.665285,0.730118,0.650079,0.686172,0.687941,0.684285
0.649847,0.735672,0.727662,0.656738,0.723528,0.658975,0.641742,0.673924,0.738902,0.672400
0.702724,0.747026,0.752930,0.720493,0.694710,0.689515,0.690685,0.674757,0.723630,0.696533
0.686985,0.687904,0.672241,0.705652,0.534686,0.666464,0.644854,0.765125,0.692402,0.688193
0.620260,0.622136,0.694000,0.814397,0.644073,0.705659,0.660312,0.747585,0.662648,0.719947
0.704728,0.752158,0.694003,0.668884,0.858539,0.766860,0.665809,0.718892,0.695442,0.675942
0.695785,0.644951,0.715747,0.752623,0.881340,0.594197,0.707051,0.705966,0.677198,0.701605
0.714163,0.645817,0.668797,0.715247,0.785285,0.488430,0.696320,0.744872,0.739050,0.671000
0.684003,0.706495,0.652085,0.664648,0.721861,0.732288,0.653446,0.770080,0.687299,0.668754
0.654081,0.698844,0.647716,0.661736,0.684405,0.698480,0.653993,0.673477,0.699216,0.696731
0.707831,0.681036,0.617346,0.627877,0.707220,0.631974,0.679791,0.663772,0.696143,0.736191
0.738133,0.667994,0.725511,0.678819,0.724329,0.647386,0.645177,0.645540,0.735956,0.703866
0.688904,0.715392,0.715780,0.700120,0.611693,0.746083,0.709334,0.656860,0.746225,0.699331
0.677373,0.684936,0.633787,0.661446,0.459959,0.691990,0.653427,0.690321,0.673020,0.693585
0.674036,0.661731,0.761606,0.685137,0.550600,0.815698,0.639644,0.696465,0.648858,0.697439
0.697681,0.662737,0.704327,0.648894,0.723500,0.523788,0.705690,0.757946,0.730387,0.669262
0.664158,0.690054,0.740483,0.668038,0.622627,0.687108,0.702297,0.668708,0.659823,0.679609
0.696143,0.753955,0.713556,0.664999,0.765359,0.856032,0.659294,0.741667,0.724573,0.747666
0.704125,0.691626,0.630558,0.637414,0.735868,0.681808,0.699422,0.713514,0.697217,0.697840
0.661473,0.728508,0.664657,0.834096,0.751581,0.758643,0.684510,0.695973,0.708725,0.689288
0.697640,0.610754,0.721816,0.735119,0.538234,0.735529,0.697845,0.681126,0.724162,0.672691
0.752947,0.645279,0.732724,0.644647,0.701402,0.647881,0.723477,0.668403,0.790332,0.729452
0.701761,0.716333,0.709997,0.648595,0.600133,0.662073,0.702283,0.689467,0.684743,0.688769
0.695282,0.669576,0.668464,0.656928,0.547186,0.642849,0.773755,0.624481,0.653691,0.716841
0.697791,0.679072,0.674845,0.750186,0.541730,0.652239,0.659704,0.694330,0.725875,0.697869
0.711979,0.730216,0.633243,0.781971,0.761266,0.675642,0.681385,0.692661,0.658273,0.675675
0.646775,0.654094,0.669220,0.722730,0.687832,0.595364,0.687945,0.692519,0.647739,0.700734
0.663207,0.689660,0.657838,0.690777,0.705753,0.680685,0.693592,0.712897,0.679724,0.668226
0.691082,0.722434,0.681701,0.761852,0.833742,0.875370,0.676795,0.651113,0.685813,0.701103
0.667573,0.705237,0.678110,0.698439,0.650433,0.604787,0.751459,0.710429,0.667329,0.681559
0.660020,0.690605,0.612047,0.706522,0.731470,0.712175,0.668811,0.693994,0.717772,0.713619
0.693269,0.713685,0.720989,0.626849,0.724198,0.609975,0.686920,0.697855,0.724391,0.655614
0.709837,0.628926,0.723997,0.621076,0.929463,0.707833,0.640283,0.714580,0.744236,0.713367
0.622747,0.722049,0.683806,0.690659,0.623071,0.717661,0.741931,0.703928,0.705454,0.670651
0.719957,0.722039,0.694475,0.578014,0.732864,0.495433,0.714353,0.697003,0.696993,0.695726
0.660203,0.682328,0.744718,0.755650,0.724826,0.595392,0.611775,0.702966,0.721241,0.707238
0.678288,0.666839,0.689902,0.707804,0.622252,0.599638,0.754315,0.707246,0.730203,0.659459
0.654521,0.680740,0.673835,0.682960,0.795798,0.685914,0.738791,0.732227,0.733909,0.652270
0.669272,0.651117,0.732316,0.722740,0.910201,0.740053,0.761022,0.734251,0.666059,0.688807
0.709567,0.669106,0.659647,0.753654,0.469642,0.635423,0.679829,0.681527,0.722222,0.675765
0.690799,0.730376,0.741148,0.671084,0.713156,0.682542,0.727849,0.708809,0.697289,0.692478
0.659723,0.730901,0.689011,0.659790,0.729632,0.803154,0.696494,0.684183,0.684942,0.696369
0.635776,0.728077,0.695872,0.619636,0.779046,0.744250,0.750824,0.718520,0.709035,0.659124
0.687707,0.683845,0.726529,0.626679,0.793397,0.647648,0.673139,0.698955,0.687890,0.697158
0.727645,0.653046,0.740672,0.618654,0.691076,0.693575,0.713312,0.724362,0.690446,0.717032
0.678897,0.688733,0.702534,0.708123,0.735638,0.718109,0.703706,0.699764,0.685044,0.688440
0.675620,0.649416,0.674708,0.705922,0.751910,0.632509,0.684393,0.717643,0.697687,0.689692
0.624442,0.692124,0.728312,0.644980,0.810872,0.699683,0.757430,0.774519,0.620235,0.699178
0.710176,0.614198,0.715358,0.697195,0.650080,0.540166,0.645581,0.761843,0.598998,0.678520
0.729960,0.717774,0.700595,0.664448,0.750857,0.569898,0.731066,0.673402,0.683385,0.684904
0.678727,0.650843,0.697735,0.586538,0.746653,0.713084,0.699982,0.620470,0.773653,0.704986
0.723757,0.606297,0.717573,0.635230,0.688910,0.781482,0.709613,0.705400,0.631482,0.724160
0.694959,0.667900,0.718479,0.689579,0.556584,0.807810,0.692321,0.749583,0.725931,0.665558
0.677014,0.646676,0.699847,0.705699,0.589394,0.739817,0.688344,0.721817,0.699664,0.755566
0.672666,0.684836,0.679764,0.705431,0.879066,0.705408,0.674496,0.568362,0.700753,0.717567
0.717321,0.727572,0.667715,0.693552,0.621924,0.705788,0.712970,0.760658,0.672423,0.689953
0.716701,0.697391,0.606179,0.631217,0.665784,0.725521,0.717552,0.660203,0.654032,0.743745
0.681073,0.698975,0.639971,0.662937,0.666673,0.708507,0.668527,0.671211,0.683306,0.694447
0.692340,0.676303,0.630190,0.692253,0.753236,0.739135,0.670768,0.692881,0.695568,0.683305
0.720881,0.662901,0.764621,0.716662,0.650216,0.641416,0.752371,0.684567,0.714036,0.693778
0.730762,0.781302,0.689793,0.766084,0.632735,0.803318,0.688852,0.695598,0.733913,0.719783
0.690508,0.690690,0.644756,0.689965,0.710168,0.729272,0.682231,0.666011,0.655405,0.638479
0.676851,0.693201,0.671825,0.680658,0.564954,0.670967,0.624081,0.703529,0.677842,0.673685
0.716043,0.649590,0.706950,0.679402,0.620449,0.550935,0.752122,0.700900,0.640992,0.693782
0.697310,0.676720,0.652235,0.664051,0.695783,0.634178,0.699239,0.726829,0.694918,0.695563
0.687274,0.617805,0.642202,0.687731,0.716796,0.669968,0.671126,0.738728,0.681202,0.697781
0.687322,0.628754,0.708068,0.737895,0.897504,0.630817,0.666436,0.731687,0.716750,0.668625
0.762755,0.734491,0.653321,0.561283,0.749390,0.581492,0.704134,0.761525,0.672179,0.614582
0.699370,0.685087,0.709646,0.667646,0.501359,0.671165,0.688927,0.695124,0.662931,0.702624
0.698460,0.718337,0.660663,0.696502,0.654321,0.713864,0.661291,0.711150,0.689575,0.685836
0.695252,0.713002,0.668682,0.621380,0.641201,0.533766,0.710698,0.661266,0.711843,0.635751
0.690157,0.687850,0.780501,0.735420,0.801241,0.817967,0.750800,0.700930,0.688349,0.684506
0.689817,0.716423,0.729991,0.696754,0.760813,0.578828,0.730761,0.660247,0.657603,0.670567
0.633770,0.666959,0.730382,0.712013,0.733572,0.702235,0.621864,0.689647,0.692858,0.691439
0.695996,0.707508,0.688812,0.657093,0.352332,0.667405,0.695941,0.674362,0.673738,0.682392
0.645934,0.724504,0.656375,0.651698,0.665831,0.702394,0.756516,0.683346,0.713769,0.706550
0.702126,0.746643,0.651626,0.757317,0.617686,0.564892,0.648999,0.701854,0.707122,0.698035
0.691362,0.712145,0.716417,0.670635,0.589186,0.821977,0.683979,0.730402,0.682519,0.695401
0.718916,0.736671,0.671462,0.691297,0.789420,0.502171,0.692880,0.723984,0.719789,0.691983
0.711468,0.669434,0.678205,0.687844,0.790085,0.697683,0.654806,0.714182,0.690387,0.662510
0.683967,0.680194,0.713306,0.787887,0.681348,0.656442,0.577812,0.687259,0.640662,0.758847
0.672680,0.675185,0.711453,0.684127,0.848107,0.613092,0.652093,0.726462,0.685788,0.704646
0.713127,0.757498,0.573770,0.655297,0.838129,0.746810,0.581589,0.713450,0.723950,0.677760
0.695313,0.640296,0.724620,0.695270,0.660808,0.624595,0.718440,0.694264,0.725400,0.686532
0.711672,0.676272,0.716051,0.569576,0.875953,0.686636,0.687062,0.697586,0.786432,0.713596
0.690845,0.676584,0.724526,0.665408,0.871982,0.751993,0.693307,0.706789,0.649663,0.673420
0.712946,0.679206,0.708195,0.705023,0.650552,0.686490,0.676966,0.691837,0.669792,0.680173
0.674524,0.673558,0.680485,0.683026,0.625509,0.664360,0.761963,0.652880,0.693207,0.638910
0.712853,0.692796,0.660494,0.695846,0.780940,0.579898,0.753634,0.716635,0.666261,0.718171
0.737933,0.690996,0.737596,0.651653,0.793326,0.699704,0.654509,0.684449,0.773311,0.721740
0.689608,0.678885,0.681668,0.617101,0.620642,0.638806,0.790763,0.665281,0.704030,0.648573
0.717154,0.680697,0.638140,0.688846,0.574728,0.663692,0.722418,0.709712,0.710698,0.692623
0.665538,0.715845,0.695448,0.713534,0.673585,0.568965,0.688327,0.632147,0.696956,0.675854
0.679461,0.688388,0.680448,0.658359,0.542669,0.706699,0.680676,0.676884,0.675201,0.709349
0.734300,0.714464,0.690253,0.775209,0.723474,0.594713,0.706613,0.678411,0.679899,0.649160
0.704653,0.694517,0.685690,0.616588,0.761869,0.610982,0.655013,0.732231,0.687362,0.690632
0.675368,0.662515,0.745032,0.707485,0.751166,0.775731,0.738592,0.697150,0.662478,0.682886
0.671075,0.703504,0.623807,0.602637,0.502717,0.676537,0.631942,0.653929,0.650151,0.715187
0.670803,0.635168,0.753290,0.702612,0.789192,0.622245,0.739223,0.713394,0.688367,0.706187
0.712781,0.731146,0.678574,0.711702,0.838428,0.641529,0.689446,0.696612,0.690001,0.680753
0.693245,0.682205,0.698321,0.674216,0.349747,0.644462,0.671134,0.714336,0.676734,0.693081
0.729694,0.708223,0.511542,0.737765,0.659468,0.658302,0.581918,0.714656,0.692192,0.650401
0.651922,0.676360,0.659588,0.785347,0.857527,0.613686,0.645096,0.637967,0.689290,0.689063
0.686454,0.692615,0.662234,0.723835,0.747692,0.611913,0.683258,0.714124,0.652152,0.675526
0.709310,0.727466,0.714597,0.703152,0.708865,0.681259,0.648017,0.660772,0.706855,0.663675
0.728471,0.759770,0.680089,0.684574,0.714436,0.779592,0.721038,0.697723,0.700134,0.680538
0.678654,0.663446,0.638529,0.641939,0.688218,0.724863,0.661066,0.673896,0.675124,0.721279
0.709050,0.635794,0.741579,0.559308,0.594068,0.787282,0.738073,0.657670,0.711010,0.702242
0.702618,0.706903,0.595116,0.761872,0.662298,0.783802,0.753451,0.668676,0.685443,0.721126
0.671782,0.699551,0.707741,0.673815,0.737890,0.762352,0.661971,0.665366,0.685150,0.724026
0.689887,0.745757,0.726261,0.620796,0.652626,0.640790,0.706085,0.765283,0.670260,0.673731
0.717010,0.684053,0.682759,0.714702,0.910085,0.708869,0.669056,0.723206,0.728885,0.697607
0.708270,0.677304,0.673449,0.672543,0.757047,0.633009,0.612048,0.657394,0.682389,0.647586
0.662579,0.694558,0.705547,0.725238,0.637185,0.709026,0.688347,0.673798,0.685839,0.691582
0.706302,0.720585,0.638840,0.702194,0.673223,0.741875,0.695888,0.661761,0.680996,0.683869
0.689580,0.703204,0.652455,0.723674,0.795265,0.716654,0.729174,0.678054,0.702450,0.709628
0.660214,0.693595,0.670817,0.724517,0.651316,0.678812,0.657801,0.744424,0.677791,0.726584
0.696304,0.714217,0.667026,0.641822,0.593409,0.663450,0.698445,0.696206,0.673071,0.690904
0.707271,0.630882,0.644151,0.600075,0.819450,0.649338,0.703921,0.764558,0.652943,0.684391
0.689943,0.700220,0.672901,0.686129,0.815922,0.810989,0.702293,0.694612,0.705724,0.662530
0.669598,0.738482,0.638043,0.695459,0.565302,0.701029,0.737407,0.737638,0.718215,0.693995
0.695358,0.689380,0.785427,0.734274,0.840463,0.767468,0.717916,0.685646,0.699581,0.712010
0.748898,0.681533,0.635445,0.617494,0.783889,0.766732,0.797340,0.743479,0.711180,0.717150
0.655900,0.644611,0.673506,0.675654,0.869353,0.728537,0.654787,0.613671,0.723944,0.680569
0.682668,0.751197,0.792023,0.636247,0.792083,0.708794,0.587801,0.659642,0.701812,0.633208
0.660337,0.681435,0.683700,0.773102,0.597823,0.722480,0.657588,0.746921,0.678376,0.737024
0.713511,0.739071,0.708543,0.624218,0.696870,0.544168,0.691465,0.723094,0.709267,0.720831
0.686945,0.672713,0.645573,0.652703,0.620491,0.678854,0.720344,0.710274,0.683475,0.681053
0.683335,0.705343,0.729640,0.710706,0.826152,0.742571,0.726281,0.713699,0.665827,0.685712
0.752606,0.708976,0.774087,0.680344,0.763430,0.560398,0.646640,0.742824,0.733181,0.705310
0.682640,0.671937,0.689723,0.700740,0.737020,0.489092,0.681214,0.667778,0.629426,0.687165
0.662110,0.675806,0.672079,0.710892,0.660822,0.689093,0.678579,0.712783,0.674888,0.694222
0.664475,0.684225,0.670918,0.707639,0.659183,0.598425,0.796106,0.709868,0.681805,0.715906
0.693438,0.774329,0.665011,0.616597,0.715899,0.713441,0.792809,0.669016,0.836135,0.711970
0.684632,0.664876,0.733586,0.734899,0.683334,0.623694,0.662091,0.681799,0.718747,0.751087
0.678204,0.744719,0.667848,0.868485,0.625959,0.729104,0.674539,0.695320,0.684173,0.682646
0.691013,0.676845,0.681551,0.770162,0.419507,0.648118,0.721468,0.647216,0.716369,0.714596
0.605410,0.661767,0.751715,0.752987,0.543700,0.715993,0.588666,0.771128,0.693529,0.733882
0.678993,0.731460,0.727474,0.761700,0.685467,0.670578,0.722566,0.676060,0.684574,0.681672
0.704238,0.664903,0.689763,0.656830,0.541913,0.726287,0.669189,0.720032,0.713566,0.676746
0.633671,0.750773,0.665829,0.755986,0.576352,0.733334,0.736412,0.651761,0.740435,0.697912
0.699902,0.666927,0.688361,0.759132,0.656031,0.630010,0.691031,0.677150,0.693446,0.695038
0.660089,0.669330,0.714523,0.758487,0.651548,0.670425,0.682392,0.683234,0.665899,0.702216
0.701739,0.686440,0.790019,0.701115,0.661015,0.837560,0.727549,0.771774,0.712121,0.658413
0.747793,0.617424,0.654922,0.738699,0.875294,0.660905,0.676399,0.722247,0.731677,0.679442
0.688464,0.718916,0.699415,0.636098,0.804539,0.770699,0.689316,0.681521,0.726569,0.710851
0.702277,0.659077,0.732286,0.807076,0.879092,0.619597,0.717142,0.681684,0.711078,0.690944
0.662120,0.750555,0.692957,0.670126,0.547132,0.817037,0.673595,0.692261,0.667877,0.678413
0.720658,0.635217,0.672672,0.668176,0.884298,0.660720,0.710228,0.734397,0.806008,0.726303
0.736839,0.740605,0.697379,0.639866,0.765533,0.611229,0.689977,0.635740,0.679551,0.690058
0.705465,0.697891,0.655844,0.751207,0.732363,0.700739,0.659325,0.698598,0.710283,0.711065
0.780939,0.658595,0.696620,0.695637,0.797735,0.736925,0.671598,0.640177,0.698634,0.735458
0.716349,0.698606,0.724292,0.554873,0.414420,0.655994,0.653277,0.703626,0.688515,0.650858
0.695153,0.693986,0.665469,0.711598,0.824003,0.567736,0.736114,0.736382,0.667576,0.715818
0.623752,0.657000,0.699034,0.706063,0.845534,0.819014,0.686018,0.721298,0.730143,0.718483
0.680874,0.689208,0.727418,0.738022,0.682790,0.654312,0.702428,0.651224,0.721926,0.704666
0.701987,0.734152,0.724961,0.683161,0.675887,0.644230,0.673413,0.689647,0.682363,0.690949
0.698148,0.691286,0.673499,0.701752,0.680288,0.709689,0.665221,0.700291,0.692568,0.660796
0.704288,0.654744,0.708167,0.665091,0.700537,0.744162,0.687012,0.691582,0.730379,0.660028
0.682028,0.702350,0.775729,0.761884,0.586304,0.551536,0.749660,0.703235,0.667237,0.668745
0.687153,0.716647,0.674516,0.689555,0.716744,0.744133,0.681172,0.690877,0.696230,0.695681
0.738152,0.730864,0.654949,0.640498,0.613259,0.745752,0.621075,0.720720,0.674322,0.677564
0.699332,0.679866,0.674083,0.657362,0.790686,0.657414,0.710025,0.731387,0.743492,0.695402
0.674739,0.658515,0.629523,0.646296,0.629103,0.648765,0.705172,0.669585,0.725304,0.692998
0.732057,0.661272,0.650236,0.643983,0.729110,0.628361,0.722404,0.697691,0.649075,0.717737
0.666806,0.660613,0.686162,0.658545,0.794913,0.796565,0.712445,0.719555,0.675738,0.691612
0.667485,0.739893,0.726471,0.618634,0.857223,0.811699,0.691782,0.707448,0.651958,0.715168
0.701706,0.688891,0.653429,0.721318,0.707961,0.733729,0.641155,0.703891,0.728702,0.678477
0.685395,0.663542,0.710181,0.743462,0.709592,0.714229,0.771153,0.708068,0.639986,0.696490
0.740065,0.674122,0.615150,0.721496,0.565862,0.850400,0.790591,0.691317,0.662226,0.647629
0.653693,0.685169,0.819181,0.592614,0.752101,0.685357,0.765919,0.717338,0.676504,0.671073
0.674378,0.734176,0.640491,0.735677,0.563170,0.744585,0.689529,0.714930,0.670176,0.648579
0.710364,0.768587,0.771467,0.703014,0.721121,0.634699,0.549551,0.643527,0.594083,0.688713
0.696269,0.674350,0.620787,0.740080,0.626088,0.671935,0.677347,0.655986,0.685639,0.657131
0.674679,0.687780,0.662859,0.707469,0.785789,0.741884,0.724375,0.676493,0.694077,0.708281
0.620598,0.673072,0.700975,0.787347,0.758343,0.523592,0.627648,0.685868,0.738668,0.701942
0.704782,0.669940,0.632587,0.755385,0.612810,0.577001,0.785902,0.715433,0.712801,0.642731
0.672950,0.676637,0.714173,0.659708,0.724580,0.548914,0.659976,0.721694,0.723509,0.718030
0.690563,0.664361,0.666541,0.647861,0.765412,0.734836,0.713643,0.716321,0.704478,0.695277
0.695860,0.663381,0.670361,0.793691,0.687738,0.817231,0.714242,0.669247,0.729891,0.741134
0.681848,0.742097,0.715978,0.614278,0.774615,0.649002,0.693623,0.714380,0.675144,0.712791
0.689518,0.653831,0.714423,0.749590,0.648278,0.591516,0.683095,0.693627,0.714084,0.763521
0.710365,0.649955,0.673450,0.576623,0.569592,0.702917,0.671518,0.699125,0.690835,0.735507
0.714204,0.701032,0.677498,0.742930,0.605234,0.727084,0.678303,0.678587,0.686832,0.689623
0.701544,0.746029,0.668681,0.598456,0.657237,0.635825,0.702613,0.688419,0.700686,0.742618
0.748445,0.704207,0.687006,0.700001,0.676686,0.642633,0.646020,0.701614,0.662249,0.690580
0.643143,0.685394,0.696237,0.701011,0.669744,0.638347,0.654549,0.702471,0.715833,0.724115
0.726846,0.647829,0.677319,0.673637,0.671595,0.744254,0.746022,0.718998,0.721479,0.721144
0.685394,0.683571,0.690092,0.651842,0.687889,0.678417,0.706461,0.687623,0.696839,0.677731
0.728067,0.635423,0.706082,0.709619,0.438169,0.662760,0.767198,0.695379,0.677604,0.688159
0.728229,0.696351,0.720949,0.628290,0.701639,0.568397,0.682284,0.719214,0.733729,0.640138
0.696552,0.704816,0.736997,0.671154,0.645667,0.657268,0.735057,0.680785,0.662902,0.710145
0.702910,0.679938,0.673609,0.694377,0.570014,0.686277,0.743271,0.769768,0.639079,0.730842
0.663928,0.678460,0.672400,0.703529,0.579298,0.720484,0.731422,0.678660,0.697232,0.624105
0.681613,0.686781,0.724048,0.620949,0.448559,0.701745,0.724321,0.695919,0.676973,0.697956
0.690158,0.702792,0.662645,0.715423,0.645841,0.685644,0.746209,0.659390,0.668215,0.690690
0.676487,0.732471,0.666840,0.710094,0.676109,0.717952,0.643116,0.691335,0.675403,0.684851
0.689888,0.665354,0.703689,0.764714,0.843975,0.576417,0.730979,0.691707,0.672888,0.710667
0.723480,0.675782,0.619789,0.736888,0.758971,0.807273,0.730979,0.690905,0.671637,0.737444
0.694074,0.668944,0.686001,0.684126,0.572255,0.693015,0.656850,0.711234,0.699129,0.683079
0.712079,0.674432,0.713654,0.700237,0.769779,0.591350,0.635210,0.735584,0.679134,0.694001
0.713291,0.674516,0.702857,0.701024,0.332291,0.698426,0.690535,0.687243,0.707235,0.669063
0.664541,0.653587,0.666539,0.639425,0.727842,0.698573,0.705314,0.687345,0.686232,0.685613
0.730709,0.656859,0.631906,0.716659,0.628662,0.872988,0.759975,0.634650,0.686101,0.705797
0.677803,0.695206,0.675717,0.581585,0.790960,0.641946,0.701470,0.700311,0.679756,0.662495
0.692649,0.672234,0.722140,0.689490,0.774251,0.547611,0.628412,0.707105,0.688079,0.713559
0.745143,0.680587,0.695864,0.720366,0.748870,0.620093,0.710262,0.659559,0.765397,0.671719
0.685936,0.683253,0.631203,0.701216,0.634706,0.692030,0.648226,0.695358,0.713486,0.680961
0.724750,0.658501,0.665329,0.619862,0.778000,0.683059,0.706193,0.741386,0.659280,0.710737
0.718941,0.688642,0.716342,0.762383,0.675280,0.736338,0.693745,0.715052,0.723284,0.692747
0.740501,0.586398,0.734196,0.831101,0.754869,0.737743,0.632874,0.702727,0.693909,0.696627
0.692453,0.701470,0.673936,0.684995,0.674958,0.675667,0.699954,0.677922,0.706419,0.695714
0.711802,0.674072,0.675111,0.663714,0.798054,0.650721,0.672754,0.635733,0.771359,0.713100
0.683591,0.696998,0.690608,0.733863,0.829357,0.603063,0.707952,0.584146,0.706749,0.720276
0.671152,0.652821,0.704057,0.661027,0.768073,0.694462,0.680454,0.679497,0.739513,0.713752
0.637671,0.727244,0.663447,0.832113,0.496419,0.707947,0.746852,0.727116,0.695942,0.679028
0.707889,0.685706,0.722208,0.752806,0.615313,0.740494,0.682021,0.775365,0.659969,0.666564
0.691853,0.751086,0.701931,0.630162,0.659447,0.812079,0.701555,0.652607,0.714767,0.711303
0.675457,0.672052,0.635805,0.637986,0.712422,0.715300,0.698232,0.682249,0.686283,0.680784
0.695630,0.663443,0.688676,0.741407,0.654397,0.621893,0.707240,0.681032,0.696915,0.694557
0.705540,0.592947,0.676484,0.716031,0.699421,0.759944,0.756450,0.724677,0.619597,0.659961
0.652843,0.717418,0.677427,0.709596,0.631738,0.747044,0.556419,0.738551,0.714502,0.684769
0.710736,0.685396,0.732541,0.740158,0.705463,0.751377,0.761650,0.694608,0.691578,0.698194
0.690310,0.695186,0.707750,0.642977,0.918322,0.770651,0.722831,0.671338,0.682076,0.686726
0.694328,0.684052,0.660262,0.698088,0.650756,0.690271,0.676404,0.687484,0.665279,0.688752
0.661353,0.736554,0.632265,0.653839,0.817165,0.653631,0.647922,0.742342,0.671473,0.703302
0.685853,0.647461,0.724530,0.652599,0.713905,0.719316,0.712925,0.685001,0.661406,0.679690
0.699900,0.656978,0.691647,0.680810,0.609705,0.779551,0.688592,0.797667,0.656310,0.678431
0.711712,0.733549,0.725003,0.789489,0.675660,0.624098,0.637304,0.706051,0.683266,0.627224
0.668192,0.656234,0.724261,0.666880,0.642153,0.816439,0.696008,0.735479,0.698175,0.682712
0.706631,0.747641,0.712940,0.763613,0.763960,0.614870,0.689536,0.671977,0.739980,0.713404
0.695686,0.687756,0.643172,0.682518,0.654211,0.762852,0.645460,0.696779,0.725933,0.711465
0.715858,0.691752,0.710700,0.802765,0.749283,0.744123,0.649388,0.742205,0.734421,0.681658
0.673712,0.791435,0.743707,0.619691,0.845406,0.775443,0.629918,0.726999,0.683075,0.727208
0.701898,0.662040,0.672796,0.597590,0.658284,0.700387,0.680154,0.745072,0.668149,0.696342
0.709824,0.689350,0.682806,0.731160,0.615676,0.748119,0.659014,0.678986,0.699738,0.690270
0.678627,0.587649,0.722861,0.719690,0.648909,0.676048,0.658760,0.626209,0.737088,0.680118
0.623677,0.764313,0.682006,0.712747,0.709334,0.729035,0.754371,0.722340,0.710293,0.668242
0.671496,0.716090,0.716411,0.643947,0.381733,0.635200,0.671173,0.682217,0.682644,0.673608
0.713449,0.603708,0.633736,0.627550,0.944923,0.721262,0.737318,0.724667,0.722914,0.647948
0.769367,0.662455,0.677888,0.584001,0.848067,0.652899,0.667082,0.715775,0.690826,0.724823
0.683291,0.669383,0.717708,0.673561,0.494092,0.648954,0.698583,0.679115,0.689350,0.674847
0.713184,0.678224,0.706288,0.693751,0.653225,0.599217,0.685134,0.718177,0.689946,0.695811
0.688599,0.634493,0.695799,0.772861,0.667039,0.736672,0.678597,0.673612,0.682873,0.684810
0.668299,0.683824,0.708313,0.729847,0.689242,0.724893,0.710023,0.661515,0.713583,0.679271
0.711296,0.674726,0.674615,0.685779,0.908723,0.641468,0.704002,0.670507,0.707938,0.725902
0.693950,0.702439,0.674607,0.731615,0.539320,0.707041,0.709556,0.687283,0.678695,0.684357
0.684991,0.715955,0.693638,0.704594,0.453558,0.745528,0.710639,0.737663,0.720368,0.648228
0.685920,0.676172,0.708860,0.643070,0.724759,0.716935,0.677164,0.757810,0.654845,0.713836
0.594175,0.715937,0.633534,0.628804,0.685860,0.635416,0.714001,0.744973,0.646087,0.696265
0.674709,0.676083,0.722587,0.684522,0.419962,0.635657,0.667126,0.698865,0.680514,0.701301
0.743367,0.653910,0.749011,0.763444,0.725164,0.690219,0.597923,0.754295,0.721491,0.629835
0.683534,0.702761,0.692967,0.647863,0.488478,0.640451,0.725181,0.639140,0.697502,0.722007
0.699438,0.637496,0.723048,0.662390,0.661308,0.617607,0.707566,0.723981,0.643008,0.737370
0.688424,0.667054,0.681332,0.672798,0.521591,0.777767,0.699100,0.737005,0.639657,0.673396
0.701164,0.719442,0.591265,0.739697,0.775081,0.608718,0.802927,0.725576,0.747026,0.647717
0.692823,0.710536,0.679089,0.669303,0.529292,0.758703,0.716295,0.699751,0.686740,0.691975
0.655836,0.661480,0.771228,0.637826,0.666723,0.722725,0.634912,0.664104,0.681706,0.641778
0.684458,0.658390,0.666728,0.514891,0.790311,0.644510,0.699179,0.748007,0.723604,0.642726
0.705983,0.631680,0.695079,0.723193,0.609421,0.817587,0.700530,0.641469,0.675851,0.689214
0.687238,0.773772,0.660716,0.690977,0.715563,0.629247,0.705661,0.650401,0.720795,0.710000
0.733277,0.741886,0.694067,0.721472,0.789067,0.593358,0.679705,0.654421,0.697754,0.669242
0.673502,0.691501,0.708877,0.669346,0.815497,0.716685,0.675416,0.733706,0.660144,0.693063
0.638689,0.720094,0.740251,0.724603,0.826649,0.742293,0.692431,0.668519,0.674994,0.640380
0.732115,0.674715,0.709353,0.685329,0.446958,0.657819,0.700124,0.671512,0.728955,0.664161
0.653597,0.659857,0.711174,0.711574,0.570160,0.675734,0.665794,0.623113,0.702740,0.678111
0.746190,0.701818,0.636805,0.745846,0.404430,0.638062,0.686878,0.749697,0.660955,0.705550
0.680556,0.683032,0.669544,0.749016,0.883705,0.678797,0.685582,0.715208,0.687818,0.682758
0.626272,0.680970,0.696131,0.661138,0.616899,0.681874,0.713531,0.655756,0.697788,0.667549
0.639277,0.699933,0.769758,0.620326,0.477396,0.730703,0.718182,0.728340,0.692484,0.686703
0.664522,0.676159,0.668386,0.671813,0.647770,0.661514,0.680631,0.635871,0.665265,0.687353
0.668086,0.712011,0.640525,0.750302,0.842562,0.729400,0.640008,0.632065,0.692028,0.679873
0.708724,0.688653,0.727689,0.740597,0.770138,0.722938,0.656918,0.707583,0.757536,0.662670
0.719623,0.665708,0.671358,0.643613,0.809927,0.653682,0.724789,0.698873,0.740808,0.669135
0.663095,0.644731,0.673924,0.696256,0.462610,0.723345,0.677681,0.634185,0.679814,0.663314
0.657870,0.722463,0.632202,0.647778,0.632050,0.721607,0.761005,0.655993,0.684126,0.752218
0.645298,0.671607,0.692194,0.712558,0.771005,0.638687,0.720764,0.715318,0.669967,0.676352
0.641235,0.698634,0.683489,0.700289,0.879935,0.616720,0.640460,0.655988,0.700030,0.712811
0.680220,0.698151,0.758592,0.630647,0.483196,0.710091,0.672538,0.728283,0.673942,0.676335
0.640023,0.638735,0.727300,0.656320,0.639573,0.769427,0.660934,0.646507,0.745474,0.616093
0.717914,0.705592,0.725050,0.757882,0.754152,0.658961,0.740411,0.642509,0.695829,0.686918
0.716224,0.734240,0.677985,0.628915,0.640873,0.501456,0.681918,0.693982,0.702508,0.648708
0.730789,0.631974,0.685519,0.648697,0.726356,0.698793,0.706449,0.706705,0.685151,0.690627
0.730052,0.728091,0.682918,0.754908,0.552650,0.712065,0.732907,0.680752,0.673032,0.647313
0.648956,0.657446,0.730752,0.530726,0.508995,0.769094,0.727238,0.684029,0.694526,0.669867
0.749950,0.644777,0.734539,0.722755,0.613233,0.637026,0.711592,0.706224,0.691660,0.716982
0.699023,0.690686,0.686080,0.704287,0.694818,0.462650,0.710957,0.714155,0.741796,0.691135
0.669621,0.673578,0.691659,0.733500,0.547244,0.822413,0.719639,0.707409,0.706692,0.693246
0.684298,0.669128,0.722675,0.708259,0.684177,0.654790,0.665400,0.688396,0.702995,0.705741
0.697402,0.644710,0.630099,0.671427,0.737981,0.738385,0.654360,0.693910,0.627426,0.694660
0.746224,0.649921,0.735636,0.750032,0.589423,0.614987,0.665511,0.691062,0.701306,0.710041
0.683591,0.706812,0.742818,0.760029,0.711996,0.650153,0.722852,0.679467,0.675277,0.678957
0.716790,0.693334,0.699479,0.795504,0.713364,0.627078,0.726753,0.694293,0.689276,0.696647
0.700737,0.605473,0.767809,0.700810,0.744115,0.726121,0.703003,0.703255,0.692622,0.713310
0.696792,0.692816,0.658182,0.729070,0.844364,0.758272,0.651429,0.690340,0.702016,0.695439
0.698779,0.678750,0.701046,0.703818,0.643909,0.743878,0.670805,0.686862,0.684055,0.688821
0.711193,0.675335,0.682996,0.727249,0.677818,0.758175,0.712134,0.658328,0.692702,0.678782
0.691521,0.678374,0.734816,0.798881,0.698791,0.606351,0.711538,0.710684,0.702153,0.686798
0.711951,0.703942,0.696972,0.684971,0.655338,0.674259,0.669854,0.661842,0.690518,0.700502
0.681969,0.693214,0.701911,0.664606,0.612880,0.749732,0.696488,0.677304,0.706303,0.691557
0.686678,0.687701,0.740690,0.662274,0.679249,0.660729,0.592062,0.716003,0.683419,0.654317
0.686060,0.758010,0.725267,0.742557,0.694509,0.667158,0.725885,0.680516,0.664137,0.697490
0.639654,0.682699,0.680768,0.821590,0.742376,0.559884,0.647570,0.702086,0.695219,0.731753
0.659881,0.697226,0.770227,0.646162,0.680211,0.790017,0.743093,0.702970,0.676081,0.680106
0.725415,0.731463,0.716021,0.741471,0.825004,0.799546,0.690235,0.670250,0.720567,0.706799
0.660895,0.700456,0.674702,0.691654,0.541115,0.759705,0.615090,0.679899,0.700910,0.678344
0.740251,0.665059,0.669018,0.742177,0.930726,0.770332,0.669296,0.660914,0.721411,0.753082
0.682973,0.669606,0.674420,0.672605,0.569910,0.661728,0.675569,0.675864,0.703250,0.678637
0.707315,0.685200,0.675477,0.698279,0.524460,0.695358,0.716913,0.664402,0.675198,0.710781
0.661148,0.644958,0.706227,0.640373,0.711692,0.754930,0.675987,0.705941,0.714422,0.674120
0.677670,0.711207,0.705432,0.701250,0.534767,0.714947,0.702067,0.653100,0.639607,0.698208
0.666419,0.710247,0.723538,0.581589,0.707843,0.641431,0.722550,0.702744,0.739355,0.667894
0.703514,0.727315,0.703452,0.696844,0.760339,0.562476,0.682867,0.728667,0.744244,0.674729
0.622786,0.682781,0.700089,0.574362,0.825141,0.602311,0.654111,0.600253,0.682646,0.613361
0.660510,0.719667,0.625888,0.617312,0.700417,0.677722,0.611023,0.690137,0.709597,0.690496
0.656272,0.697841,0.704533,0.639517,0.654354,0.727815,0.689953,0.689102,0.735259,0.655472
0.678436,0.769335,0.630286,0.825852,0.510575,0.792839,0.754394,0.739241,0.705390,0.671121
0.664269,0.638215,0.748045,0.709518,0.686063,0.677438,0.728037,0.694668,0.679702,0.693668
0.715308,0.680381,0.733253,0.611550,0.507094,0.752619,0.711501,0.554291,0.677776,0.641483
0.657330,0.673903,0.776108,0.697145,0.751723,0.627397,0.696716,0.687833,0.660893,0.709590
0.663850,0.680017,0.683035,0.601290,0.662791,0.734123,0.672856,0.752655,0.684463,0.718143
0.698947,0.689438,0.771775,0.598036,0.755152,0.743441,0.766908,0.697244,0.689243,0.709893
0.751292,0.722471,0.663163,0.595691,0.813506,0.630158,0.750732,0.725449,0.610036,0.756641
0.666317,0.673713,0.693861,0.567905,0.775144,0.663018,0.749926,0.707307,0.693652,0.644404
0.734205,0.710272,0.616392,0.665081,0.618846,0.717354,0.702063,0.672637,0.663331,0.706552
0.698700,0.686639,0.705783,0.752015,0.593232,0.738121,0.732901,0.717828,0.662586,0.697291
0.719007,0.663488,0.648555,0.778249,0.856451,0.569868,0.701320,0.655128,0.673446,0.662457
0.695620,0.644415,0.661633,0.771198,0.867979,0.571719,0.670598,0.718488,0.710236,0.691262
0.684775,0.676768,0.805331,0.710253,0.641622,0.728132,0.759176,0.682272,0.690989,0.683002
0.707975,0.663204,0.592193,0.802699,0.545728,0.743690,0.733896,0.749290,0.698303,0.669911
0.709702,0.732590,0.685074,0.705187,0.768044,0.756533,0.679628,0.676164,0.659727,0.729647
0.707831,0.678521,0.724896,0.696439,0.662883,0.751083,0.706275,0.734163,0.706433,0.691231
0.735403,0.649680,0.671452,0.713847,0.626279,0.652242,0.718336,0.749879,0.677956,0.672108
0.714107,0.699102,0.677736,0.693333,0.539264,0.811163,0.643689,0.734195,0.677961,0.685389
0.669891,0.633345,0.685693,0.709201,0.854834,0.597943,0.710513,0.696360,0.640366,0.672684
0.741590,0.701565,0.683473,0.697511,0.864372,0.649777,0.698732,0.657254,0.728721,0.661161
0.746753,0.740621,0.684501,0.738535,0.400370,0.764559,0.684036,0.777953,0.695784,0.708636
0.686702,0.674836,0.842676,0.678461,0.685532,0.700174,0.802850,0.706612,0.654411,0.696478
0.734969,0.776847,0.665075,0.742837,0.847437,0.593788,0.706834,0.623948,0.674457,0.711685
0.721457,0.615166,0.715109,0.643650,0.874466,0.637452,0.717832,0.777228,0.723984,0.669265
0.711305,0.708387,0.608272,0.628681,0.832288,0.707384,0.766000,0.641537,0.709508,0.688706
0.652418,0.682621,0.691717,0.668242,0.704363,0.894974,0.746095,0.678204,0.698835,0.716225
0.710492,0.679747,0.698606,0.756700,0.488454,0.711013,0.676200,0.695067,0.707719,0.713033
0.762293,0.735513,0.710616,0.664774,0.778579,0.755110,0.656066,0.757957,0.808754,0.702539
0.705088,0.720193,0.736027,0.644326,0.724933,0.571756,0.674861,0.643980,0.689680,0.691350
0.718935,0.621710,0.670509,0.678616,0.851187,0.546163,0.708235,0.749271,0.683758,0.727353
0.687777,0.711715,0.668669,0.664107,0.737671,0.537562,0.713678,0.743732,0.681292,0.674608
0.701717,0.683141,0.769607,0.737503,0.788003,0.750664,0.772409,0.701126,0.683458,0.672975
0.670993,0.674245,0.680924,0.661623,0.605351,0.696366,0.661541,0.689349,0.666348,0.690221
0.640218,0.726606,0.644246,0.725255,0.443500,0.723988,0.666473,0.698928,0.768831,0.670618
0.707521,0.640427,0.723220,0.704858,0.663928,0.594115,0.697042,0.717000,0.694213,0.690188
0.705969,0.717306,0.701277,0.660255,0.600789,0.764970,0.698857,0.686424,0.714258,0.700202
0.638202,0.700084,0.665148,0.698230,0.685469,0.469039,0.760954,0.723581,0.710217,0.706880
0.746990,0.670313,0.545463,0.709773,0.653226,0.689688,0.725828,0.680561,0.673596,0.619948
0.671162,0.663726,0.650080,0.657251,0.523173,0.550902,0.717018,0.676306,0.686550,0.708306
0.671064,0.702229,0.791090,0.667327,0.671261,0.625437,0.668652,0.720746,0.620750,0.673712
0.687428,0.695545,0.699232,0.706390,0.542606,0.705734,0.711725,0.676566,0.721540,0.666158
0.699874,0.701027,0.584522,0.695429,0.673322,0.737615,0.650007,0.689617,0.683351,0.681215
0.691576,0.673563,0.628137,0.691366,0.600137,0.677262,0.753103,0.687951,0.669626,0.661236
0.688052,0.640765,0.691287,0.724916,0.722575,0.769587,0.679285,0.655171,0.694522,0.710761
0.698142,0.682214,0.615064,0.682358,0.574611,0.707347,0.695333,0.696424,0.714735,0.671745
0.685970,0.673535,0.708923,0.643313,0.448884,0.708423,0.693092,0.683567,0.698067,0.686353
0.701248,0.738593,0.643803,0.708409,0.763029,0.631803,0.732212,0.713016,0.686989,0.721995
0.683417,0.623175,0.707685,0.742614,0.769758,0.573066,0.663333,0.708408,0.642497,0.684240
0.655208,0.669780,0.652051,0.721975,0.501668,0.704845,0.734507,0.689889,0.653462,0.661114
0.690906,0.702108,0.682922,0.745182,0.700428,0.706046,0.660303,0.693054,0.704598,0.701673
0.714580,0.677902,0.782095,0.660187,0.829769,0.741834,0.719741,0.766765,0.667519,0.690782
0.665272,0.684029,0.724878,0.682789,0.653977,0.778646,0.656065,0.706821,0.678816,0.669013
0.684249,0.613649,0.733226,0.684941,0.798465,0.631434,0.645206,0.681926,0.818514,0.705640
0.728268,0.719408,0.703881,0.803099,0.617804,0.770287,0.652461,0.762745,0.639806,0.710367
0.647819,0.693465,0.719137,0.712936,0.527504,0.688165,0.660460,0.694154,0.686364,0.659716
0.745214,0.684460,0.694680,0.621568,0.830706,0.634251,0.686642,0.717522,0.759966,0.667851
0.712312,0.607157,0.701454,0.796216,0.601281,0.641323,0.732223,0.726909,0.703227,0.637923
0.702514,0.692265,0.738066,0.701399,0.824297,0.645770,0.651193,0.697665,0.733953,0.708967
0.696051,0.645039,0.682524,0.666402,0.816767,0.603263,0.687751,0.727770,0.732248,0.759633
0.690280,0.667135,0.857747,0.723659,0.638817,0.641243,0.785164,0.689044,0.684975,0.695800
0.705872,0.671395,0.693098,0.706301,0.652510,0.717293,0.703183,0.717520,0.686613,0.706048
0.698549,0.692995,0.574214,0.668739,0.619807,0.590608,0.641313,0.676186,0.717581,0.731502
0.680365,0.727615,0.755757,0.741188,0.714389,0.765814,0.718808,0.679305,0.676286,0.690489
0.710994,0.651717,0.763776,0.706710,0.684626,0.678378,0.693174,0.676028,0.702295,0.784277
0.651646,0.692565,0.701993,0.701174,0.646903,0.651472,0.660518,0.679079,0.704181,0.682334
0.678481,0.701407,0.700701,0.718844,0.751827,0.624382,0.682454,0.697866,0.677956,0.690377
0.676879,0.627255,0.680176,0.690070,0.547014,0.728639,0.728009,0.694930,0.723066,0.662145
0.703564,0.740887,0.708231,0.706085,0.737398,0.575639,0.639174,0.678625,0.669665,0.683271
0.659262,0.717444,0.672499,0.700239,0.728024,0.739198,0.727123,0.653719,0.759000,0.639214
0.649761,0.750033,0.644637,0.729770,0.657418,0.624189,0.628520,0.676629,0.676768,0.706605
0.713973,0.743897,0.667900,0.625853,0.837994,0.760102,0.701061,0.725680,0.671880,0.670316
0.592160,0.592826,0.625943,0.785230,0.610656,0.613593,0.778877,0.720320,0.653306,0.677186
0.727599,0.703065,0.644209,0.714021,0.736110,0.753197,0.665918,0.713084,0.700961,0.713560
0.691644,0.685436,0.702965,0.697215,0.786171,0.754954,0.658683,0.712010,0.698461,0.688960
0.709032,0.643738,0.673880,0.615447,0.614165,0.789730,0.716647,0.690019,0.684688,0.738317
0.662594,0.695058,0.689162,0.672744,0.644288,0.588133,0.706144,0.694063,0.743237,0.659810
0.701974,0.664431,0.642686,0.789628,0.477324,0.691448,0.698902,0.682405,0.729564,0.686605
0.695261,0.706959,0.699306,0.706602,0.793456,0.635140,0.655447,0.699531,0.698983,0.688076
0.711851,0.704313,0.576472,0.751186,0.709949,0.663684,0.681405,0.622284,0.715167,0.733215
0.707217,0.674315,0.692246,0.633873,0.587704,0.703466,0.660444,0.658568,0.681856,0.729852
0.618562,0.700529,0.672917,0.728880,0.764411,0.677829,0.693867,0.701534,0.703121,0.717908
0.688222,0.691718,0.699186,0.627403,0.868401,0.820662,0.654077,0.665876,0.707536,0.712524
0.672104,0.724610,0.709830,0.612889,0.499089,0.748619,0.689020,0.672841,0.676469,0.692320
0.735407,0.683042,0.663378,0.790689,0.509102,0.633601,0.722240,0.698537,0.686116,0.670645
0.656754,0.651785,0.693498,0.722409,0.780308,0.739601,0.710975,0.676473,0.664608,0.715764
0.722641,0.706686,0.727811,0.819931,0.826042,0.637948,0.714650,0.673251,0.737557,0.710795
0.736833,0.674632,0.736488,0.578413,0.643479,0.692326,0.665169,0.717444,0.704675,0.722216
0.677386,0.703952,0.697920,0.694324,0.452147,0.662031,0.758563,0.670920,0.668056,0.696809
0.702732,0.759676,0.671041,0.704776,0.784170,0.605349,0.701027,0.730209,0.654091,0.705552
0.625658,0.667385,0.741093,0.753859,0.687173,0.765431,0.636416,0.642625,0.734707,0.707112
0.709684,0.697463,0.637315,0.648037,0.590442,0.670969,0.665337,0.679972,0.673917,0.690933
0.676822,0.760724,0.592397,0.646433,0.709041,0.737052,0.651101,0.678122,0.668520,0.662109
0.721473,0.701303,0.682580,0.683505,0.729026,0.699420,0.718675,0.681378,0.684122,0.695156
0.681529,0.707759,0.682865,0.652644,0.525323,0.666919,0.651532,0.696129,0.682293,0.715083
0.709628,0.694378,0.687543,0.680322,0.501743,0.669243,0.747882,0.651485,0.704013,0.690162
0.697219,0.653597,0.710616,0.721045,0.665522,0.706027,0.695741,0.684140,0.720973,0.678689
0.684593,0.706174,0.732037,0.642371,0.451576,0.729332,0.716553,0.703794,0.677740,0.698455
0.684041,0.698512,0.742804,0.664570,0.715220,0.534579,0.721923,0.706628,0.651978,0.685939
0.685260,0.691147,0.669902,0.638206,0.692790,0.716242,0.635774,0.694642,0.677584,0.700494
0.687277,0.694686,0.683623,0.652446,0.534701,0.695015,0.652520,0.691472,0.670776,0.679041
0.667872,0.644086,0.683299,0.665648,0.663658,0.709373,0.662651,0.673339,0.669000,0.676711
0.742701,0.687475,0.629582,0.739402,0.565092,0.712972,0.707972,0.696533,0.701584,0.764911
0.678020,0.705183,0.709323,0.611912,0.524386,0.668711,0.736725,0.685577,0.757521,0.767313
0.663387,0.719756,0.646339,0.760936,0.764164,0.672074,0.661551,0.655503,0.705537,0.704369
0.736725,0.650744,0.687144,0.730099,0.604816,0.642086,0.576818,0.694180,0.692154,0.702711
0.689461,0.723022,0.695140,0.724293,0.778259,0.753264,0.712776,0.687417,0.663646,0.714405
0.680063,0.735332,0.686509,0.575186,0.902643,0.786870,0.726540,0.684460,0.627786,0.693422
0.686611,0.697613,0.707305,0.636028,0.639401,0.600176,0.679360,0.631891,0.716817,0.709478
0.717900,0.682430,0.660040,0.685367,0.613912,0.717317,0.688636,0.667014,0.666238,0.686817
0.704575,0.686809,0.710804,0.738943,0.851904,0.639007,0.663910,0.640704,0.747161,0.686323
0.703777,0.634143,0.655177,0.825290,0.637238,0.628104,0.725034,0.682567,0.718919,0.640492
0.624516,0.705695,0.575445,0.678401,0.722993,0.642039,0.834937,0.659718,0.712992,0.721861
0.690597,0.694599,0.795895,0.750149,0.771180,0.751832,0.763848,0.706583,0.680967,0.709460
0.736164,0.634836,0.732118,0.703777,0.682161,0.663461,0.665179,0.613463,0.669936,0.686601
0.658743,0.699909,0.733782,0.712261,0.797363,0.672579,0.744084,0.692995,0.698450,0.683527
0.734486,0.681666,0.676601,0.781064,0.693274,0.708801,0.705349,0.659025,0.723597,0.633418
0.683155,0.702201,0.637513,0.645765,0.643773,0.767852,0.704846,0.671502,0.692548,0.707008
0.685671,0.636081,0.686700,0.727773,0.829887,0.490266,0.686826,0.632299,0.710808,0.650959
0.743738,0.750255,0.754244,0.627222,0.885650,0.782819,0.673678,0.768132,0.757841,0.708587
0.680543,0.721842,0.707973,0.822599,0.555337,0.788360,0.692949,0.782470,0.714404,0.676136
0.664919,0.700183,0.731026,0.672718,0.817994,0.719784,0.746763,0.715996,0.642984,0.673405
0.687021,0.710874,0.683556,0.779975,0.493371,0.762642,0.724072,0.746812,0.699183,0.685785
0.647365,0.725447,0.631644,0.812749,0.617015,0.780592,0.719334,0.727691,0.763658,0.676246
0.713418,0.717207,0.693223,0.677624,0.415528,0.656302,0.708629,0.720744,0.692179,0.709964
0.681705,0.682745,0.660379,0.695515,0.487946,0.700515,0.692742,0.703645,0.685627,0.722443
0.742050,0.720791,0.621315,0.608969,0.752712,0.648458,0.633701,0.636229,0.663450,0.700962
0.736106,0.640618,0.702555,0.745310,0.725603,0.541361,0.701971,0.677679,0.728499,0.637838
0.619639,0.709281,0.637435,0.616974,0.621680,0.744581,0.735278,0.704322,0.725482,0.643713
0.695846,0.711798,0.724424,0.763544,0.702468,0.766266,0.622025,0.734862,0.699390,0.704028
0.725955,0.669525,0.694122,0.634204,0.727632,0.674400,0.693301,0.661932,0.728259,0.681375
0.685101,0.701895,0.739460,0.662762,0.816805,0.735186,0.736637,0.748191,0.651173,0.679701
0.693681,0.697323,0.608258,0.703192,0.661364,0.708729,0.658724,0.675683,0.705202,0.691055
0.681824,0.675198,0.744085,0.603291,0.428125,0.637952,0.667976,0.649599,0.670599,0.700527
0.702767,0.748426,0.679712,0.640928,0.774938,0.766477,0.698470,0.679845,0.716205,0.669109
0.727188,0.709726,0.679256,0.702960,0.698920,0.655732,0.688622,0.663549,0.700165,0.695081
0.669149,0.730157,0.724051,0.666547,0.765577,0.563174,0.663867,0.791268,0.672416,0.703216
0.696878,0.678870,0.681841,0.701323,0.661171,0.699553,0.684805,0.733869,0.676094,0.692627
0.722782,0.664900,0.567533,0.680986,0.581105,0.594734,0.735240,0.656861,0.655826,0.680736
0.728160,0.736563,0.703180,0.626006,0.724072,0.546302,0.662533,0.690354,0.690833,0.670115
0.693877,0.685718,0.696431,0.736435,0.673398,0.603483,0.710120,0.676696,0.688050,0.690440
0.791315,0.707825,0.624621,0.628427,0.836489,0.666776,0.711451,0.624957,0.599506,0.751862
0.651456,0.667418,0.687843,0.713268,0.692346,0.674975,0.654108,0.717696,0.669342,0.683102
0.655762,0.703328,0.672597,0.658883,0.958941,0.800800,0.706562,0.733118,0.697676,0.682250
0.686526,0.698013,0.671538,0.717944,0.547783,0.738928,0.695115,0.695293,0.688510,0.678214
0.736444,0.682721,0.707352,0.671995,0.637121,0.741418,0.722303,0.664190,0.761172,0.695204
0.670910,0.687161,0.681662,0.662020,0.709429,0.633428,0.722857,0.740248,0.703081,0.691472
0.761939,0.681126,0.744151,0.656158,0.606274,0.746739,0.683189,0.657512,0.717208,0.655371
0.764220,0.689564,0.591657,0.702677,0.577243,0.767607,0.768835,0.766257,0.626747,0.728041
0.711970,0.706088,0.680872,0.759007,0.738063,0.792257,0.652800,0.691565,0.694263,0.689977
0.680319,0.718545,0.707375,0.658189,0.654046,0.674763,0.704634,0.721649,0.682944,0.704206
0.682306,0.737782,0.624785,0.687938,0.588942,0.745970,0.676076,0.678262,0.685243,0.693977
0.683830,0.680618,0.728534,0.746702,0.787388,0.614051,0.728821,0.717039,0.669704,0.679454
0.702152,0.691562,0.660733,0.728495,0.614172,0.585931,0.751342,0.689985,0.704229,0.625036
0.684810,0.715783,0.698070,0.620108,0.608834,0.690754,0.691869,0.669339,0.678698,0.686631
0.692393,0.565559,0.636345,0.660933,0.916310,0.630511,0.714952,0.699013,0.685829,0.654764
0.736898,0.750601,0.633534,0.771168,0.561449,0.748346,0.695886,0.667064,0.675741,0.709918
0.689633,0.674851,0.678535,0.663657,0.476620,0.734561,0.686103,0.694370,0.673997,0.693947
0.676482,0.702479,0.708440,0.554570,0.672149,0.850456,0.732248,0.722404,0.636294,0.670123
0.703886,0.688627,0.647577,0.721061,0.521239,0.743571,0.639816,0.666240,0.712617,0.677341
0.692196,0.671295,0.653560,0.657753,0.543205,0.673109,0.743058,0.696064,0.722157,0.709372
0.671707,0.651216,0.688466,0.699944,0.679722,0.750279,0.601460,0.702759,0.678011,0.694262
0.712329,0.708420,0.759696,0.666158,0.602911,0.726167,0.548064,0.666682,0.682353,0.676602
0.698154,0.759993,0.717283,0.735687,0.627520,0.602588,0.699433,0.680223,0.757743,0.725572
0.694767,0.708167,0.696691,0.679817,0.639540,0.700396,0.689975,0.660792,0.692068,0.670713
0.676045,0.683310,0.705587,0.675573,0.495890,0.695611,0.710664,0.681494,0.688650,0.677924
0.684856,0.642926,0.682684,0.754877,0.805427,0.537314,0.682189,0.719502,0.649412,0.678735
0.675601,0.693315,0.651445,0.687913,0.696300,0.721420,0.680869,0.687816,0.670959,0.667524
0.696162,0.643258,0.709540,0.709520,0.659441,0.673889,0.726413,0.614192,0.741449,0.738049
0.715627,0.779159,0.716036,0.759878,0.666445,0.642631,0.727867,0.680528,0.724659,0.676914
0.695979,0.705683,0.692119,0.682338,0.430504,0.759082,0.692278,0.744137,0.674788,0.709801
0.684437,0.686298,0.664770,0.726024,0.643014,0.721531,0.729533,0.717200,0.701504,0.671633
0.783109,0.691105,0.624055,0.726000,0.643777,0.665888,0.676831,0.638131,0.654784,0.694849
0.737420,0.593320,0.699585,0.669105,0.583900,0.668448,0.711391,0.745703,0.717699,0.665592
0.673369,0.694751,0.703962,0.582793,0.899878,0.751767,0.678337,0.644442,0.712433,0.720975
0.669573,0.675314,0.651484,0.691123,0.661178,0.730519,0.657796,0.665775,0.666077,0.694935
0.710667,0.633051,0.737579,0.639368,0.337047,0.744480,0.717787,0.751368,0.750402,0.716403
0.691875,0.678556,0.702495,0.731877,0.628750,0.538768,0.686818,0.669493,0.692716,0.682089
0.732480,0.720017,0.689154,0.739074,0.599927,0.627769,0.706600,0.675352,0.740907,0.669981
0.684413,0.684060,0.679960,0.628997,0.501940,0.674407,0.679186,0.685335,0.678314,0.691119
0.739376,0.700864,0.685835,0.674319,0.630903,0.636564,0.739447,0.720712,0.774508,0.655327
0.691015,0.702345,0.758379,0.622733,0.668399,0.507513,0.717369,0.692917,0.650837,0.684780
0.720047,0.709496,0.679278,0.747108,0.792875,0.766278,0.662274,0.669901,0.697476,0.682786
0.714059,0.722720,0.660487,0.671564,0.562214,0.598539,0.715398,0.750173,0.714486,0.647926
0.696488,0.702138,0.683513,0.554670,0.505501,0.627461,0.701335,0.682553,0.670528,0.678311
0.682715,0.692994,0.647589,0.714966,0.686085,0.665902,0.667192,0.668271,0.679580,0.714124
0.633500,0.675612,0.678526,0.673956,0.783694,0.704495,0.714758,0.705809,0.706948,0.739053
0.694582,0.687889,0.710473,0.694494,0.458613,0.744168,0.710385,0.686122,0.689225,0.695672
0.639693,0.647835,0.627347,0.719261,0.539583,0.671981,0.670965,0.744191,0.696063,0.669139
0.659511,0.654130,0.706523,0.702398,0.548239,0.684717,0.663118,0.734902,0.671562,0.691835
0.697015,0.690610,0.573085,0.754608,0.779879,0.742144,0.590340,0.699419,0.722386,0.724109
0.692514,0.664755,0.733625,0.646241,0.545267,0.840382,0.721289,0.731985,0.714256,0.725580
0.693328,0.679641,0.769909,0.689631,0.642999,0.667179,0.644107,0.686846,0.679383,0.674862
0.746085,0.703967,0.688708,0.740641,0.848069,0.796899,0.639531,0.712641,0.707030,0.683983
0.740660,0.696238,0.712384,0.589328,0.728021,0.762671,0.723980,0.683258,0.664342,0.686110
0.673167,0.711346,0.568006,0.674962,0.775578,0.618873,0.725618,0.598610,0.747476,0.656062
0.708100,0.724621,0.724437,0.659526,0.554929,0.789549,0.682382,0.686681,0.709470,0.675706
0.619082,0.682106,0.713509,0.630644,0.864851,0.642761,0.706793,0.621808,0.651201,0.664722
0.774251,0.754227,0.673865,0.686059,0.712340,0.718025,0.724451,0.686248,0.802706,0.703902
0.710945,0.764670,0.677848,0.611890,0.796984,0.658502,0.656103,0.753325,0.657882,0.675358
0.690925,0.671161,0.743692,0.757872,0.735864,0.624273,0.734717,0.688101,0.693836,0.691165
0.715995,0.674539,0.688505,0.728433,0.637263,0.671405,0.668102,0.693433,0.698937,0.651674
0.685072,0.743680,0.714790,0.575193,0.584171,0.700236,0.681018,0.629617,0.673122,0.689954
0.680013,0.653599,0.636961,0.793584,0.727774,0.610313,0.724436,0.712889,0.724491,0.687592
0.695997,0.720732,0.708428,0.614441,0.722786,0.463282,0.709418,0.748679,0.693662,0.690704
0.691735,0.652783,0.722091,0.657327,0.660484,0.727880,0.672584,0.661810,0.700888,0.613916
0.697759,0.648815,0.685339,0.666256,0.927224,0.757089,0.700187,0.758972,0.718630,0.690053
0.671254,0.694005,0.694935,0.656615,0.581858,0.680548,0.682528,0.716927,0.679867,0.687302
0.686468,0.713786,0.684719,0.677812,0.816614,0.534940,0.619211,0.691674,0.672349,0.740863
0.704815,0.640488,0.649604,0.697187,0.665850,0.772621,0.744618,0.714279,0.683416,0.662645
0.681231,0.700513,0.681870,0.725871,0.740482,0.709654,0.685144,0.684495,0.671049,0.689452
0.667911,0.682186,0.723447,0.628419,0.649348,0.798271,0.652649,0.632621,0.776410,0.620637
0.724615,0.636123,0.657736,0.740566,0.530951,0.719957,0.774233,0.651960,0.714511,0.651068
0.712096,0.663029,0.667515,0.675803,0.770207,0.633427,0.789268,0.702415,0.791920,0.750753
0.704706,0.659384,0.647829,0.646861,0.696828,0.715021,0.671390,0.739642,0.680990,0.687461
0.720290,0.700253,0.737692,0.734430,0.815584,0.676855,0.588235,0.640823,0.742251,0.593334
0.776422,0.641830,0.558886,0.714215,0.464455,0.777078,0.820916,0.708402,0.631367,0.699984
0.693210,0.683964,0.720742,0.654530,0.777405,0.629903,0.709661,0.763963,0.635009,0.678820
0.682177,0.713755,0.725940,0.676105,0.501266,0.748896,0.671481,0.729172,0.694630,0.693151
0.677229,0.673242,0.716473,0.728978,0.792511,0.785455,0.684780,0.718289,0.684311,0.710017
0.718967,0.621952,0.744375,0.720276,0.517200,0.731551,0.655488,0.663374,0.711503,0.618585
0.701070,0.679214,0.715659,0.601927,0.455006,0.692220,0.712283,0.640572,0.630947,0.697625
0.691345,0.723828,0.711127,0.748271,0.569228,0.624945,0.696298,0.670007,0.695238,0.679845
0.684442,0.692051,0.624108,0.702213,0.774183,0.681343,0.649230,0.637225,0.685235,0.697612
0.665680,0.718101,0.748716,0.607510,0.626930,0.767239,0.663243,0.664701,0.679862,0.673746
0.649761,0.752513,0.623482,0.597604,0.690171,0.527167,0.723872,0.644821,0.681970,0.719211
0.681197,0.679442,0.707978,0.561084,0.806991,0.710638,0.746058,0.659825,0.723283,0.725932
0.693929,0.709626,0.686465,0.686637,0.771373,0.513407,0.682748,0.721307,0.661057,0.704378
0.658615,0.691182,0.698222,0.695679,0.807981,0.585506,0.650165,0.683893,0.644537,0.685587
0.712418,0.698305,0.661008,0.681099,0.667941,0.753790,0.640106,0.739290,0.714012,0.706850
0.695080,0.723703,0.709302,0.682609,0.801400,0.736961,0.640988,0.664340,0.695339,0.720986
0.712030,0.716548,0.615430,0.651085,0.547255,0.793990,0.652298,0.712732,0.676532,0.685225
0.688277,0.623774,0.740163,0.656637,0.815484,0.739206,0.686604,0.733988,0.679474,0.702037
0.670211,0.673019,0.725453,0.736757,0.427142,0.693108,0.673211,0.789603,0.737424,0.694038
0.668703,0.708712,0.683615,0.690272,0.574648,0.718951,0.774136,0.631833,0.742462,0.746788
0.712808,0.653333,0.694344,0.666956,0.696750,0.783230,0.702802,0.652591,0.692884,0.686185
0.715593,0.730375,0.665602,0.751116,0.660672,0.754092,0.728685,0.693464,0.704743,0.702306
0.696678,0.638626,0.747608,0.660172,0.743415,0.808313,0.721049,0.715333,0.657424,0.687869
0.683001,0.706774,0.707146,0.650995,0.715069,0.713258,0.682877,0.678534,0.669705,0.709630
0.731474,0.656032,0.681236,0.738133,0.282435,0.623439,0.687498,0.609471,0.657394,0.685224
0.642079,0.715170,0.692138,0.632793,0.665575,0.842821,0.731410,0.681377,0.652492,0.686482
0.745376,0.697561,0.675069,0.628787,0.650465,0.815082,0.705932,0.732231,0.685828,0.722237
0.723248,0.648732,0.607276,0.762951,0.814265,0.628468,0.791482,0.678153,0.685793,0.684336
0.715370,0.653010,0.694856,0.599033,0.691059,0.630245,0.696895,0.666021,0.696395,0.759016
0.690396,0.708642,0.677390,0.722793,0.882889,0.703576,0.690026,0.765736,0.689139,0.681963
0.700252,0.754704,0.606987,0.630579,0.608554,0.675461,0.657226,0.756955,0.731757,0.712230
0.667922,0.648582,0.644046,0.710746,0.532745,0.754596,0.662326,0.667751,0.653805,0.714203
0.787939,0.651610,0.714997,0.665995,0.849322,0.757275,0.651222,0.633500,0.642558,0.709310
0.711497,0.740320,0.669230,0.619269,0.671556,0.713681,0.682852,0.609783,0.691477,0.679989
0.672791,0.699124,0.684556,0.678670,0.668095,0.818777,0.666970,0.663663,0.668477,0.662998
0.698834,0.685789,0.717951,0.683550,0.703837,0.639168,0.681060,0.736684,0.689307,0.703270
0.699118,0.691717,0.754291,0.753872,0.792296,0.644549,0.743738,0.710477,0.698279,0.678733
0.718324,0.696945,0.668071,0.607187,0.553531,0.805731,0.711960,0.695135,0.690462,0.711472
0.697231,0.647852,0.675219,0.711077,0.609765,0.698683,0.699781,0.682788,0.669650,0.678956
0.714632,0.658248,0.653475,0.654517,0.726886,0.662745,0.704717,0.668146,0.735999,0.686557
0.695462,0.668406,0.643572,0.728491,0.823845,0.739672,0.661577,0.619288,0.759093,0.703969
0.685063,0.696009,0.687405,0.646902,0.632914,0.670535,0.693110,0.683387,0.649294,0.701778
0.685419,0.739166,0.674514,0.700705,0.658674,0.650819,0.693809,0.660522,0.669729,0.685036
0.693952,0.714475,0.747251,0.566763,0.622729,0.747717,0.698178,0.720111,0.758378,0.659667
0.688627,0.660169,0.714868,0.660902,0.867483,0.690339,0.699359,0.705954,0.643561,0.737239
0.727168,0.724301,0.682964,0.758549,0.567295,0.716677,0.707830,0.716238,0.672582,0.638147
0.695517,0.746737,0.725374,0.595093,0.761573,0.707063,0.713322,0.684148,0.691920,0.704036
0.707114,0.691267,0.705727,0.671938,0.830208,0.677560,0.705435,0.700922,0.638393,0.740152
0.709078,0.733610,0.642953,0.649949,0.692737,0.792339,0.705414,0.653472,0.656304,0.683374
0.680344,0.747483,0.754806,0.728006,0.524269,0.709511,0.733144,0.660396,0.674598,0.694634
0.698493,0.671961,0.703399,0.662155,0.628687,0.686128,0.665392,0.674261,0.707295,0.673157
0.713903,0.678479,0.684712,0.700652,0.811071,0.569014,0.695511,0.642493,0.755388,0.692906
0.695012,0.772317,0.655239,0.726008,0.717218,0.619733,0.710992,0.684947,0.733572,0.686395
0.686625,0.704195,0.753954,0.709532,0.797371,0.764446,0.748068,0.681784,0.683439,0.685536
0.676359,0.706007,0.688736,0.748284,0.316924,0.660354,0.694880,0.716211,0.682979,0.672199
0.739034,0.695062,0.734713,0.628446,0.657659,0.695883,0.656247,0.735315,0.679705,0.667801
0.698599,0.697643,0.696871,0.626178,0.641928,0.641113,0.644569,0.674122,0.702255,0.693991
0.673963,0.697758,0.596220,0.694522,0.652276,0.756803,0.641150,0.715665,0.663780,0.713891
0.657973,0.744719,0.748587,0.587433,0.863250,0.784329,0.701326,0.639568,0.680175,0.690746
0.671657,0.679427,0.681700,0.741476,0.884757,0.762574,0.649057,0.640831,0.653652,0.695569
0.682658,0.671714,0.641457,0.684641,0.431720,0.683831,0.759063,0.623279,0.711019,0.730242
0.720216,0.681568,0.653236,0.761704,0.518175,0.686616,0.658404,0.647477,0.724810,0.677682
0.705685,0.714108,0.681838,0.765753,0.602118,0.772821,0.699512,0.699927,0.727925,0.655578
0.717460,0.717719,0.772141,0.690745,0.806176,0.763922,0.754153,0.672364,0.667444,0.707606
0.657886,0.728575,0.667139,0.794151,0.741695,0.537571,0.718414,0.771266,0.690230,0.685640
0.727800,0.684084,0.674092,0.720185,0.796683,0.641772,0.646864,0.719642,0.650832,0.730824
0.658463,0.698448,0.708983,0.632462,0.780742,0.749931,0.695697,0.661169,0.593626,0.685964
0.695698,0.681751,0.739432,0.632478,0.637152,0.832724,0.673717,0.669782,0.648487,0.685368
0.677720,0.706590,0.679474,0.692733,0.698409,0.736442,0.683161,0.690443,0.677041,0.677809
0.670577,0.649071,0.752557,0.669052,0.731372,0.770275,0.738413,0.687109,0.652256,0.678873
0.654760,0.679704,0.685060,0.740022,0.633386,0.720842,0.677909,0.718564,0.666749,0.694027
0.685695,0.700984,0.693931,0.812509,0.646291,0.645362,0.671507,0.679096,0.709080,0.707580
0.708477,0.670244,0.710980,0.685014,0.723124,0.693853,0.719825,0.720497,0.699145,0.704845
0.629629,0.713786,0.608555,0.788198,0.803716,0.784504,0.735504,0.756546,0.711084,0.720375
0.689296,0.668062,0.643642,0.582389,0.666980,0.619894,0.784636,0.622485,0.707486,0.719001
0.706580,0.740499,0.700323,0.663346,0.634880,0.567523,0.654951,0.727770,0.679291,0.689196
0.679801,0.686383,0.650139,0.634250,0.680608,0.682508,0.603358,0.701079,0.659254,0.681628
0.703259,0.701734,0.598199,0.664032,0.792056,0.738916,0.603634,0.685582,0.673460,0.714201
0.738467,0.642556,0.697185,0.734895,0.702415,0.748935,0.718337,0.629954,0.731100,0.684752
0.684997,0.705291,0.691233,0.767569,0.783856,0.640669,0.667134,0.676299,0.704132,0.705239
0.714407,0.670785,0.671245,0.706698,0.513141,0.619718,0.698206,0.689014,0.681869,0.681549
0.687668,0.658418,0.726213,0.624889,0.519313,0.768455,0.630814,0.726050,0.690034,0.685378
0.686288,0.700547,0.711537,0.722267,0.589888,0.738926,0.711206,0.711528,0.725705,0.669823
0.682811,0.671743,0.636770,0.794664,0.857820,0.734778,0.738341,0.691408,0.716569,0.685583
0.682613,0.703322,0.691418,0.611396,0.830302,0.638041,0.704610,0.742802,0.705775,0.673980
0.694119,0.664504,0.770019,0.781795,0.624365,0.676223,0.757210,0.660998,0.700359,0.704524
0.695597,0.673591,0.647692,0.737751,0.430749,0.654749,0.649394,0.750417,0.696796,0.721155
0.694181,0.698395,0.672328,0.646647,0.570795,0.632362,0.654810,0.744468,0.695076,0.651288
0.695028,0.718272,0.674619,0.708617,0.850666,0.639744,0.748972,0.742372,0.669476,0.660915
0.658304,0.748718,0.653812,0.729874,0.823460,0.705358,0.688805,0.760694,0.692814,0.684660
0.634167,0.656283,0.717687,0.617099,0.562474,0.652694,0.724725,0.683198,0.712896,0.617859
0.685192,0.772769,0.670694,0.648280,0.664884,0.750669,0.727233,0.674819,0.693583,0.679193
0.714697,0.741248,0.655225,0.711681,0.726300,0.719999,0.751364,0.657530,0.653618,0.693974
0.658227,0.659619,0.716989,0.751103,0.639705,0.858311,0.693531,0.705839,0.695616,0.698929
0.696904,0.675687,0.725376,0.650795,0.453833,0.650139,0.697799,0.677589,0.726085,0.679961
0.754706,0.622675,0.691616,0.693615,0.776608,0.566353,0.761204,0.685842,0.677271,0.685790
0.703375,0.705115,0.698891,0.654251,0.396186,0.733305,0.679688,0.660075,0.680577,0.657452
0.668631,0.598638,0.696018,0.674929,0.790651,0.807540,0.692684,0.681892,0.676901,0.668259
0.686344,0.752672,0.724669,0.665172,0.712674,0.531665,0.652934,0.700491,0.714726,0.767068
0.734228,0.696047,0.676816,0.730166,0.610581,0.759090,0.691926,0.716015,0.696528,0.702726
0.673791,0.717984,0.697002,0.755430,0.783864,0.728900,0.691558,0.681646,0.669959,0.705682
0.688561,0.684432,0.698553,0.679301,0.677970,0.706820,0.701596,0.688146,0.672392,0.684302
0.672191,0.684758,0.682559,0.719841,0.627653,0.696431,0.697300,0.715740,0.712559,0.690215
0.691400,0.652630,0.679390,0.648838,0.464655,0.652145,0.741347,0.684845,0.726995,0.660403
0.716971,0.711877,0.705780,0.653443,0.343171,0.751669,0.682160,0.684797,0.681226,0.666491
0.688603,0.731677,0.671495,0.622257,0.855693,0.814125,0.738787,0.719967,0.667950,0.682490
0.704666,0.684134,0.739236,0.722282,0.225194,0.638699,0.708000,0.619001,0.703724,0.717031
0.671194,0.704806,0.698700,0.752333,0.762142,0.785408,0.580867,0.696547,0.719710,0.674383
0.694867,0.642036,0.735890,0.646573,0.634620,0.760870,0.680602,0.663588,0.669241,0.699009
0.706968,0.731811,0.688903,0.684059,0.741008,0.736616,0.684641,0.701784,0.709128,0.679166
0.708673,0.651326,0.505853,0.655937,0.811211,0.762026,0.601234,0.682942,0.682560,0.676631
0.712361,0.671074,0.709253,0.701920,0.834112,0.607368,0.583628,0.591454,0.692297,0.720832
0.656868,0.704151,0.725194,0.696965,0.741807,0.621074,0.633162,0.666221,0.710313,0.744169
0.659853,0.691644,0.742341,0.630280,0.598298,0.577850,0.598122,0.657393,0.680701,0.656377
0.687699,0.667575,0.721200,0.668477,0.676749,0.652155,0.710021,0.696499,0.690499,0.685840
0.685247,0.691862,0.660654,0.718921,0.751292,0.731680,0.640326,0.690398,0.717924,0.678410
0.777664,0.644290,0.653608,0.595559,0.808136,0.694985,0.643034,0.700103,0.736279,0.679859
0.709704,0.697062,0.684981,0.679941,0.909578,0.795869,0.697174,0.759128,0.671267,0.697988
0.660478,0.666331,0.755668,0.690055,0.815587,0.793166,0.678222,0.691215,0.701318,0.714243
0.762371,0.649962,0.720362,0.642330,0.832614,0.595937,0.674191,0.658280,0.685627,0.743287
0.639790,0.690444,0.620885,0.661496,0.696037,0.701340,0.673009,0.728495,0.645475,0.709040
0.746695,0.631811,0.637570,0.676282,0.715222,0.611950,0.649974,0.689042,0.702524,0.719237
0.694487,0.705432,0.713869,0.711841,0.507964,0.804486,0.677261,0.717401,0.710058,0.747694
0.710466,0.702015,0.712578,0.635370,0.761587,0.616643,0.660183,0.746935,0.633074,0.715633
0.664870,0.688362,0.670757,0.682076,0.731436,0.544613,0.742108,0.708494,0.706293,0.702847
0.715047,0.667509,0.664929,0.715451,0.791014,0.525610,0.668714,0.745924,0.732964,0.673612
0.675673,0.678139,0.651559,0.630336,0.582024,0.731324,0.708345,0.673639,0.678016,0.701552
0.676233,0.694132,0.659871,0.761730,0.779443,0.512267,0.692906,0.668426,0.697448,0.692404
0.639566,0.660120,0.631893,0.685175,0.735770,0.736650,0.596941,0.702486,0.713778,0.709174
0.653071,0.697295,0.719049,0.795684,0.563856,0.784426,0.618506,0.832651,0.724337,0.720082
0.702103,0.618553,0.714977,0.589729,0.609430,0.761384,0.698982,0.751506,0.635659,0.662431
0.715804,0.636486,0.720283,0.655810,0.538804,0.746196,0.722470,0.652501,0.668464,0.755530
0.676661,0.686312,0.744588,0.730903,0.625252,0.614390,0.706605,0.661597,0.681455,0.683523
0.693878,0.680835,0.686123,0.725890,0.685355,0.713739,0.678065,0.701758,0.720009,0.677476
0.689077,0.647820,0.678889,0.729251,0.728916,0.659242,0.686160,0.675762,0.708243,0.685476
0.708570,0.629267,0.715315,0.814261,0.831218,0.603066,0.670447,0.680690,0.690354,0.721180
0.750628,0.720873,0.673637,0.722847,0.406585,0.722268,0.773681,0.704497,0.662467,0.695926
0.629459,0.705123,0.603161,0.684811,0.713001,0.691745,0.650147,0.695715,0.686024,0.671037
0.659137,0.708191,0.692571,0.741566,0.804205,0.594508,0.683714,0.632758,0.679008,0.703222
0.702821,0.691916,0.626593,0.636310,0.717870,0.704986,0.684520,0.668990,0.658496,0.675443
0.616974,0.698374,0.653428,0.675991,0.813360,0.705644,0.697203,0.699701,0.662995,0.699722
0.702178,0.725822,0.725664,0.758601,0.734199,0.662177,0.735422,0.671647,0.672190,0.679318
0.655701,0.626300,0.756226,0.616678,0.817523,0.612958,0.674495,0.706664,0.689817,0.632577
0.698636,0.676521,0.675898,0.629393,0.799510,0.733366,0.700119,0.663181,0.697864,0.693373
0.697927,0.692975,0.710412,0.678190,0.758161,0.530322,0.692587,0.726906,0.630583,0.705207
0.673564,0.693845,0.669479,0.707064,0.534406,0.744240,0.630240,0.695651,0.696187,0.737893
0.658711,0.677298,0.699623,0.731075,0.605152,0.741246,0.679878,0.672636,0.706134,0.690017
0.716980,0.738240,0.659341,0.610452,0.750490,0.647495,0.659072,0.721443,0.735702,0.656016
0.739513,0.726898,0.710542,0.636265,0.655855,0.472532,0.699997,0.682973,0.705887,0.674263
0.677241,0.716856,0.718992,0.757042,0.930729,0.781836,0.615655,0.729727,0.697063,0.680019
0.677930,0.744863,0.700174,0.711348,0.749273,0.798772,0.708048,0.713405,0.678056,0.686791
0.728521,0.700897,0.739022,0.562350,0.871692,0.724753,0.738860,0.759077,0.742257,0.678528
0.679159,0.672440,0.767035,0.695358,0.801713,0.630448,0.641292,0.612797,0.622752,0.767077
0.717733,0.680277,0.649970,0.569842,0.867413,0.751501,0.673607,0.660315,0.743174,0.697760
0.593544,0.721213,0.646240,0.573648,0.778540,0.754149,0.579437,0.720934,0.781884,0.664862
0.713731,0.734341,0.643504,0.688141,0.825903,0.681285,0.644178,0.692595,0.731790,0.666664
0.700020,0.720818,0.720860,0.771225,0.705076,0.742966,0.638050,0.624783,0.655414,0.697696
0.677554,0.680105,0.695459,0.685207,0.896005,0.767663,0.690256,0.717018,0.676924,0.687914
0.703385,0.802144,0.691882,0.586026,0.850460,0.813013,0.715623,0.646864,0.695207,0.616720
0.721853,0.693403,0.666992,0.669085,0.624679,0.662098,0.705191,0.735626,0.644658,0.670473
0.683684,0.663592,0.739435,0.709250,0.459347,0.619679,0.738007,0.672973,0.700613,0.687420
0.705803,0.691825,0.666871,0.634122,0.583698,0.603810,0.678595,0.671309,0.746889,0.718091
0.713983,0.672090,0.699288,0.684791,0.687107,0.696779,0.701793,0.715366,0.715449,0.691442
0.668671,0.667786,0.737928,0.669247,0.581378,0.571099,0.719492,0.694888,0.696599,0.725932
0.663101,0.606437,0.711892,0.587906,0.623474,0.758530,0.742734,0.758323,0.672142,0.686725
0.665268,0.644465,0.730783,0.675240,0.586278,0.674190,0.694022,0.668899,0.710044,0.656157
0.710157,0.688208,0.682597,0.661757,0.660920,0.734364,0.663125,0.720906,0.719747,0.674071
0.694085,0.653014,0.683268,0.753841,0.610409,0.710774,0.645540,0.630197,0.679952,0.741377
0.667624,0.634483,0.696390,0.566142,0.548766,0.784870,0.734083,0.704282,0.711857,0.721289
0.732590,0.720401,0.762942,0.626272,0.690548,0.708020,0.554886,0.712107,0.679817,0.692494
0.702978,0.658649,0.667404,0.746631,0.591616,0.743568,0.745755,0.690188,0.718843,0.716633
0.664272,0.679491,0.686925,0.684745,0.801047,0.637052,0.686539,0.679306,0.654311,0.698125
0.668119,0.718396,0.713533,0.667826,0.802972,0.623690,0.662485,0.749227,0.664321,0.669196
0.637931,0.646098,0.646932,0.744339,0.652346,0.727534,0.755677,0.656298,0.684836,0.679847
0.684206,0.706020,0.729219,0.773184,0.834834,0.685719,0.722283,0.683177,0.647046,0.688736
0.692350,0.618729,0.667902,0.746865,0.638541,0.654859,0.740517,0.692753,0.678102,0.662048
0.640288,0.670352,0.658686,0.665897,0.758548,0.772043,0.655896,0.672483,0.711876,0.699043
0.691531,0.709666,0.678927,0.697949,0.696014,0.701360,0.691667,0.691890,0.696553,0.685484
0.684360,0.743356,0.734522,0.731523,0.740395,0.556761,0.693527,0.687180,0.737513,0.700290
0.671236,0.701867,0.729852,0.720026,0.886783,0.806752,0.710929,0.688897,0.682443,0.695221
0.689714,0.699468,0.655348,0.711471,0.764086,0.695277,0.648805,0.702578,0.686706,0.692591
0.695608,0.660053,0.732947,0.733998,0.559022,0.613525,0.733628,0.658284,0.666528,0.682530
0.658675,0.611382,0.657721,0.685113,0.645203,0.686538,0.744645,0.699066,0.712994,0.712788
0.679586,0.656617,0.689006,0.732188,0.574196,0.821894,0.697339,0.744961,0.676977,0.685426
0.680403,0.672159,0.694968,0.614658,0.484883,0.704134,0.678599,0.680807,0.697857,0.675282
0.674721,0.712242,0.682126,0.664394,0.589013,0.769904,0.611552,0.674486,0.706134,0.673055
0.656850,0.704144,0.684687,0.676443,0.753952,0.748341,0.696357,0.672321,0.680275,0.693900
0.690956,0.647825,0.689433,0.722061,0.743791,0.597271,0.668344,0.699905,0.719146,0.686801
0.655920,0.729456,0.642161,0.610772,0.741943,0.448554,0.756521,0.683457,0.703982,0.658148
0.610236,0.608262,0.671309,0.800255,0.603823,0.779091,0.706705,0.713475,0.698322,0.699919
0.675866,0.650718,0.764530,0.573041,0.774870,0.647703,0.619865,0.703998,0.682588,0.625170
0.713250,0.650324,0.716063,0.782958,0.530642,0.537668,0.645673,0.754411,0.590032,0.696599
0.726891,0.660848,0.744369,0.700361,0.704511,0.689844,0.673816,0.695857,0.653857,0.673521
0.733451,0.718708,0.690282,0.714652,0.687555,0.719678,0.670298,0.713122,0.694018,0.710573
0.702272,0.642135,0.688221,0.720907,0.694711,0.687714,0.716747,0.666374,0.720712,0.684024
0.662089,0.735699,0.721556,0.630178,0.652338,0.501389,0.707177,0.701233,0.663188,0.687482
0.654555,0.649944,0.651536,0.708410,0.710172,0.605078,0.726680,0.680454,0.640918,0.702802
0.707148,0.595072,0.750984,0.601736,0.608544,0.740216,0.703788,0.754522,0.701520,0.681758
0.670706,0.675830,0.707903,0.648500,0.834533,0.720026,0.661650,0.656896,0.720302,0.723131
0.702716,0.658489,0.659872,0.660100,0.642500,0.788390,0.684437,0.673932,0.694798,0.711679
0.730256,0.716109,0.701310,0.679174,0.618650,0.699190,0.714294,0.694687,0.647432,0.681724
0.719632,0.692702,0.609766,0.677819,0.725482,0.691542,0.711357,0.717043,0.666188,0.687865
0.691000,0.676403,0.675798,0.649161,0.675071,0.716349,0.667526,0.703078,0.674268,0.663145
0.716788,0.704243,0.759517,0.664186,0.618745,0.760695,0.710119,0.690685,0.670332,0.647228
0.695651,0.679384,0.710099,0.726506,0.533185,0.773203,0.694762,0.704539,0.687131,0.671434
0.670909,0.667682,0.622976,0.710998,0.607814,0.699216,0.658821,0.699148,0.680157,0.661373
0.662974,0.732685,0.715696,0.698751,0.862368,0.655951,0.737309,0.733860,0.658333,0.660515
0.674802,0.678248,0.720505,0.582652,0.817535,0.666796,0.685790,0.622324,0.779892,0.625856
0.676358,0.699175,0.644474,0.683980,0.755557,0.728739,0.639370,0.710023,0.694835,0.700392
0.716879,0.739919,0.684081,0.696812,0.763511,0.609602,0.724582,0.735418,0.732742,0.630846
0.709397,0.656878,0.714002,0.807408,0.580219,0.625519,0.703890,0.673150,0.668307,0.656845
0.691278,0.712558,0.673695,0.677746,0.543814,0.829761,0.690903,0.657617,0.705026,0.676538
0.663970,0.676525,0.715004,0.620859,0.628000,0.734279,0.662863,0.685934,0.716730,0.667506
0.730474,0.665427,0.705265,0.735986,0.639466,0.757764,0.763130,0.653500,0.649858,0.746963
0.698854,0.701453,0.716716,0.659017,0.627068,0.679686,0.691824,0.634206,0.686997,0.676332
0.755506,0.608822,0.763895,0.681356,0.717227,0.679033,0.720724,0.665455,0.697839,0.711229
0.698757,0.664754,0.761865,0.671271,0.687958,0.489729,0.564564,0.710513,0.677531,0.706458
0.727518,0.619995,0.686151,0.639908,0.747045,0.703625,0.736622,0.733031,0.736935,0.629482
0.629355,0.703262,0.703708,0.724886,0.643659,0.625975,0.688799,0.673488,0.674176,0.686132
0.682774,0.698671,0.668359,0.800658,0.907566,0.688231,0.651748,0.668905,0.718452,0.714276
0.704229,0.686327,0.573368,0.729199,0.644140,0.790866,0.766643,0.745417,0.649785,0.695478
0.694636,0.687875,0.614126,0.771878,0.749735,0.817025,0.660307,0.753521,0.665115,0.704506
0.655575,0.684904,0.599526,0.674765,0.712494,0.656296,0.712566,0.682312,0.697182,0.696166
0.683454,0.694475,0.605017,0.692343,0.582583,0.714017,0.663140,0.674604,0.699502,0.695738
0.706289,0.680152,0.673239,0.706528,0.567757,0.648934,0.720428,0.666079,0.674271,0.649275
0.708736,0.660280,0.698811,0.623227,0.600154,0.683388,0.705505,0.739896,0.693581,0.701362
0.663891,0.690658,0.626281,0.661277,0.817342,0.710497,0.710701,0.727529,0.601870,0.743218
0.672032,0.709660,0.697690,0.721873,0.660247,0.709867,0.691721,0.674148,0.676932,0.709746
0.706759,0.731267,0.676515,0.668054,0.759729,0.532844,0.623414,0.707947,0.716646,0.680410
0.707206,0.619990,0.725052,0.771929,0.581988,0.722299,0.696574,0.643982,0.725274,0.663380
0.666355,0.661258,0.671826,0.663022,0.758484,0.444503,0.702756,0.761397,0.645811,0.672947
0.701821,0.698251,0.636290,0.664744,0.718467,0.722979,0.677992,0.668187,0.665135,0.679863
0.614035,0.644349,0.671348,0.848316,0.690234,0.670342,0.674496,0.742240,0.531364,0.684753
0.751639,0.676403,0.713737,0.726106,0.459185,0.657421,0.668769,0.654999,0.692224,0.679323
0.712129,0.703505,0.722041,0.684035,0.416639,0.699579,0.661803,0.697436,0.669652,0.741446
0.695294,0.577458,0.746567,0.553670,0.631424,0.832869,0.749619,0.785801,0.675040,0.670010
0.655466,0.676637,0.649228,0.676115,0.484373,0.608088,0.764367,0.711140,0.705992,0.722965
0.747235,0.649130,0.722383,0.693172,0.508544,0.706846,0.714265,0.669932,0.789765,0.648697
0.665948,0.798625,0.682313,0.686252,0.714825,0.618824,0.710254,0.651927,0.657158,0.727475
0.726481,0.747441,0.716870,0.671376,0.802707,0.598268,0.626213,0.761914,0.664131,0.696381
0.695727,0.665448,0.636489,0.734302,0.600690,0.689367,0.644594,0.730073,0.653302,0.701813
0.689287,0.712680,0.691853,0.754272,0.770193,0.629073,0.678139,0.674759,0.691593,0.697959
0.732602,0.678158,0.658213,0.701008,0.614514,0.653422,0.664400,0.696504,0.680110,0.681317
0.656649,0.691054,0.720024,0.697007,0.855053,0.705407,0.678856,0.736285,0.697718,0.681169
0.713521,0.738086,0.748042,0.694608,0.765935,0.763034,0.729006,0.664801,0.681289,0.670629
0.693769,0.699481,0.729066,0.597111,0.734789,0.664521,0.700117,0.668060,0.720481,0.715607
0.691542,0.713881,0.751050,0.707351,0.800723,0.749506,0.746795,0.682584,0.658276,0.678409
0.694418,0.777529,0.609373,0.782602,0.796655,0.651388,0.753412,0.751718,0.679799,0.667371
0.712203,0.750504,0.700121,0.650186,0.652788,0.655253,0.654938,0.705829,0.705628,0.681070
0.669125,0.723550,0.657763,0.693236,0.739659,0.582183,0.624376,0.642275,0.634214,0.675462
0.695244,0.686007,0.679876,0.726476,0.760625,0.609134,0.683149,0.721547,0.693538,0.688595
0.692135,0.753342,0.691283,0.695024,0.663032,0.644089,0.700125,0.711479,0.733374,0.695850
0.742252,0.737835,0.694742,0.670912,0.680358,0.568457,0.607176,0.695952,0.646734,0.675137
0.631991,0.710410,0.756442,0.683896,0.640994,0.787551,0.645666,0.664080,0.675117,0.733525
0.760751,0.645142,0.693230,0.778985,0.661276,0.698404,0.685625,0.634926,0.676058,0.678776
0.700508,0.677704,0.588156,0.615414,0.568350,0.723560,0.768583,0.654770,0.659436,0.739317
0.673189,0.692882,0.718868,0.653280,0.634349,0.642800,0.750780,0.695963,0.719131,0.704459
0.696308,0.673191,0.727477,0.636208,0.686994,0.654538,0.720149,0.721966,0.716542,0.679448
0.694111,0.727759,0.669918,0.633072,0.675452,0.668496,0.694305,0.695686,0.674888,0.691882
0.756440,0.661117,0.669077,0.669127,0.713258,0.603888,0.648180,0.621279,0.656628,0.645524
0.710492,0.679852,0.711050,0.700549,0.668001,0.691157,0.666613,0.710395,0.694235,0.662291
0.697939,0.714904,0.696066,0.650705,0.612052,0.635927,0.708184,0.707133,0.698064,0.678994
0.709551,0.644713,0.746121,0.638249,0.619684,0.654481,0.682374,0.677635,0.687535,0.618514
0.594891,0.658394,0.703404,0.649703,0.747390,0.622014,0.784082,0.703386,0.688603,0.698206
0.668904,0.687815,0.699193,0.707063,0.485508,0.601394,0.629185,0.702258,0.682964,0.729472
0.688019,0.664090,0.692980,0.560162,0.825260,0.601470,0.691983,0.725797,0.707566,0.681495
0.694223,0.675360,0.678504,0.633367,0.535370,0.727932,0.671195,0.656009,0.700261,0.700994
0.714626,0.660021,0.654922,0.631095,0.610666,0.720031,0.656124,0.701005,0.685086,0.678991
0.737665,0.726098,0.700649,0.692227,0.640108,0.622370,0.676517,0.662114,0.688176,0.675215
0.738551,0.698053,0.702425,0.717324,0.630277,0.760469,0.634158,0.719101,0.687264,0.664701
0.659137,0.666636,0.743058,0.720174,0.771467,0.545876,0.741289,0.708524,0.652067,0.689520
0.687653,0.647963,0.752662,0.751405,0.686146,0.627686,0.561899,0.704746,0.677830,0.696178
0.681324,0.687817,0.635469,0.746368,0.582511,0.600939,0.671153,0.683573,0.699751,0.693253
0.692140,0.744178,0.685628,0.698928,0.852488,0.845839,0.750802,0.612583,0.780159,0.688245
0.700067,0.764295,0.692979,0.820475,0.609016,0.746616,0.655291,0.669355,0.654948,0.705747
0.571381,0.706449,0.695868,0.656374,0.797790,0.554150,0.647200,0.710583,0.646421,0.685830
0.672138,0.689925,0.722179,0.741830,0.835198,0.629762,0.719519,0.647265,0.653186,0.671542
0.706626,0.668142,0.676012,0.544582,0.787613,0.728213,0.684967,0.676214,0.764722,0.673453
0.660166,0.680093,0.649098,0.728640,0.628316,0.776643,0.744454,0.715817,0.671308,0.720564
0.739877,0.664760,0.657471,0.520950,0.757802,0.718548,0.769616,0.689445,0.700807,0.755603
0.744948,0.653921,0.702422,0.653125,0.837966,0.711942,0.690122,0.651120,0.719929,0.711442
0.684290,0.685522,0.676005,0.745652,0.653159,0.694956,0.703456,0.745138,0.678414,0.689699
0.687036,0.691801,0.691222,0.694862,0.639766,0.682951,0.706004,0.681046,0.683063,0.709131
0.669699,0.672020,0.602115,0.692623,0.650659,0.684028,0.680905,0.655446,0.698705,0.710181
0.681231,0.683137,0.704227,0.684113,0.635501,0.608870,0.694326,0.676667,0.683317,0.704625
0.730959,0.685355,0.749606,0.726586,0.557004,0.637155,0.722293,0.636444,0.691373,0.669766
0.701836,0.713596,0.734724,0.602170,0.288622,0.735201,0.724676,0.705167,0.679708,0.673773
0.723641,0.743278,0.727699,0.732481,0.674925,0.752155,0.719765,0.710187,0.737206,0.686749
0.680808,0.690684,0.672822,0.750091,0.734567,0.707486,0.703550,0.696986,0.717084,0.728422
0.717354,0.691715,0.648373,0.731748,0.735022,0.735456,0.692615,0.683453,0.669205,0.711033
0.679674,0.704546,0.682370,0.693189,0.657057,0.606507,0.638094,0.674849,0.726393,0.688252
0.640531,0.678795,0.678006,0.785747,0.682532,0.722155,0.683531,0.731339,0.675043,0.715416
0.658491,0.685698,0.670752,0.635529,0.570804,0.728607,0.608718,0.658150,0.704329,0.668717
0.702021,0.706744,0.664894,0.695609,0.605601,0.679541,0.677490,0.683220,0.636441,0.658666
0.715801,0.656422,0.707138,0.719655,0.578584,0.783680,0.693304,0.755493,0.692424,0.695055
0.679270,0.661769,0.690713,0.751531,0.731398,0.785954,0.668640,0.716152,0.673033,0.686863
0.659406,0.672208,0.675649,0.659136,0.627246,0.642065,0.720768,0.669253,0.684022,0.702093
0.610628,0.688650,0.665616,0.722799,0.839159,0.686900,0.733696,0.752617,0.658661,0.707729
0.737683,0.687685,0.695141,0.619999,0.689348,0.716993,0.693278,0.690578,0.651650,0.680665
0.687337,0.734598,0.702913,0.649245,0.770297,0.599187,0.722018,0.726019,0.677628,0.668185
0.670515,0.668867,0.736284,0.586313,0.787811,0.633597,0.704505,0.670881,0.635070,0.715976
0.697020,0.717505,0.739628,0.700945,0.736187,0.339603,0.685096,0.754528,0.640316,0.684378
0.656774,0.680134,0.670842,0.762688,0.706307,0.746197,0.792278,0.710060,0.743862,0.683284
0.712941,0.645447,0.763385,0.719333,0.719780,0.691820,0.758113,0.706191,0.713230,0.687276
0.707155,0.675602,0.729817,0.724885,0.745584,0.600657,0.708024,0.724596,0.686181,0.683358
0.708593,0.708826,0.705024,0.713939,0.286585,0.670565,0.706816,0.783588,0.680783,0.674382
0.671661,0.700118,0.688761,0.822413,0.835928,0.610269,0.696726,0.589326,0.713167,0.695285
0.663974,0.752812,0.784345,0.592483,0.796544,0.806223,0.727250,0.661595,0.634694,0.684510
0.573985,0.640378,0.659949,0.796543,0.673459,0.835136,0.645560,0.680779,0.748937,0.697857
0.700432,0.677286,0.664818,0.744416,0.784008,0.648145,0.682672,0.745001,0.710146,0.688021
0.665919,0.688504,0.706261,0.653706,0.580604,0.583726,0.715482,0.674395,0.667825,0.718045
0.701088,0.634433,0.701395,0.702970,0.744266,0.701888,0.731688,0.657760,0.678824,0.695853
0.693416,0.695528,0.636991,0.587700,0.674468,0.587599,0.678615,0.649033,0.646065,0.708420
0.631418,0.676201,0.673310,0.680049,0.670721,0.813444,0.776899,0.661788,0.718401,0.679142
0.647612,0.722878,0.772626,0.688304,0.629945,0.669314,0.667913,0.691110,0.716072,0.676023
0.691983,0.718950,0.661885,0.676110,0.666197,0.669667,0.707989,0.677847,0.649901,0.710816
0.736402,0.674087,0.711600,0.686234,0.720271,0.591916,0.639585,0.710994,0.678381,0.657083
0.672559,0.617223,0.711028,0.656323,0.916846,0.659159,0.663025,0.748955,0.755637,0.682048
0.588647,0.648346,0.714482,0.742666,0.731057,0.701158,0.615485,0.665195,0.586134,0.691012
0.720088,0.692910,0.574516,0.662258,0.725582,0.670400,0.631444,0.683368,0.680344,0.708062
0.678128,0.659091,0.718986,0.742389,0.747865,0.612997,0.714244,0.695108,0.671893,0.676545
0.716386,0.683701,0.738399,0.749285,0.645881,0.651803,0.689669,0.670064,0.719374,0.699154
0.700610,0.675281,0.715139,0.718308,0.665602,0.605476,0.648733,0.700775,0.646141,0.667936
0.699037,0.735225,0.634536,0.725995,0.783643,0.695346,0.681755,0.685270,0.709888,0.699083
0.721138,0.736162,0.690396,0.776643,0.754449,0.657300,0.708727,0.635825,0.720814,0.693021
0.652293,0.670695,0.688924,0.708750,0.621411,0.729542,0.663222,0.695169,0.669564,0.716317
0.661447,0.771490,0.681685,0.759946,0.432949,0.662802,0.719206,0.757786,0.712543,0.654891
0.699427,0.696043,0.701787,0.733293,0.532849,0.747441,0.651246,0.713863,0.689940,0.711404
0.749295,0.688285,0.665657,0.597645,0.791002,0.705354,0.716605,0.661623,0.670114,0.673041
0.674323,0.678067,0.629192,0.669796,0.599384,0.687203,0.565673,0.700820,0.659325,0.648531
0.726419,0.656254,0.688113,0.770913,0.664375,0.716665,0.704958,0.670722,0.732025,0.726859
0.715292,0.693128,0.599197,0.667362,0.686128,0.797395,0.764553,0.664960,0.695509,0.693735
0.695919,0.603559,0.645139,0.718690,0.823235,0.777646,0.685379,0.671571,0.680282,0.665468
0.680796,0.725263,0.751098,0.615990,0.700720,0.847573,0.597960,0.717303,0.673364,0.709594
0.628578,0.721172,0.621015,0.798383,0.556428,0.724937,0.820893,0.722489,0.714013,0.681059
0.693494,0.668144,0.698546,0.706995,0.736097,0.643021,0.717255,0.675467,0.720998,0.675646
0.699191,0.700581,0.653817,0.693202,0.541249,0.700028,0.697033,0.703210,0.693251,0.699349
0.661891,0.699707,0.691752,0.618161,0.656358,0.523206,0.694960,0.737313,0.714665,0.633588
0.687567,0.592805,0.716253,0.654018,0.690753,0.696054,0.716591,0.731429,0.738847,0.662039
0.722913,0.667611,0.608692,0.680161,0.847095,0.654892,0.711733,0.689558,0.782856,0.689102
0.689128,0.692087,0.706181,0.712573,0.761173,0.734216,0.767268,0.651857,0.685495,0.694036
0.675874,0.707688,0.654034,0.839429,0.886039,0.694411,0.736638,0.613535,0.717490,0.722660
0.734730,0.650029,0.712000,0.658422,0.859917,0.595638,0.619534,0.724587,0.717601,0.699950
0.702918,0.684123,0.621166,0.677178,0.626314,0.742776,0.792199,0.721089,0.671587,0.697831
0.673743,0.700399,0.810156,0.684475,0.710166,0.830998,0.762115,0.717462,0.647396,0.678250
0.727231,0.668852,0.658643,0.817582,0.821911,0.639347,0.672199,0.696947,0.712582,0.726847
0.720689,0.732573,0.682846,0.745737,0.517411,0.760239,0.714617,0.718015,0.710570,0.659232
0.675834,0.704391,0.611746,0.691951,0.661522,0.598119,0.654298,0.702663,0.671727,0.686940
0.662106,0.733664,0.680458,0.653522,0.641735,0.740027,0.671712,0.685810,0.731079,0.724923
0.678433,0.650151,0.724860,0.664383,0.700396,0.671773,0.666801,0.695568,0.717619,0.654577
0.714066,0.691093,0.714886,0.695340,0.459918,0.698880,0.708797,0.735061,0.704695,0.700618
0.757567,0.665670,0.726235,0.727483,0.681142,0.755617,0.534896,0.676221,0.648308,0.597744
0.687115,0.699146,0.769214,0.693278,0.866273,0.768685,0.754081,0.708674,0.649926,0.677836
0.678800,0.691041,0.633390,0.679392,0.647002,0.726591,0.671219,0.685264,0.694629,0.669549
0.735050,0.703582,0.642509,0.812058,0.507466,0.739638,0.727899,0.810817,0.685836,0.663738
0.665369,0.690907,0.770817,0.730006,0.769424,0.786963,0.564713,0.703782,0.699115,0.723318
0.678862,0.729874,0.728951,0.821658,0.780819,0.691833,0.731760,0.694314,0.688751,0.692400
0.656249,0.671166,0.658724,0.678121,0.677785,0.760031,0.670825,0.628206,0.669786,0.704838
0.667256,0.688669,0.719898,0.631835,0.587862,0.718177,0.681563,0.681757,0.715929,0.678081
0.691858,0.682456,0.707864,0.740993,0.744514,0.707415,0.708997,0.734644,0.699212,0.670764
0.677389,0.696951,0.699338,0.672913,0.721473,0.697791,0.704424,0.716730,0.700761,0.687370
0.707451,0.688247,0.669704,0.715661,0.474956,0.659030,0.654408,0.676504,0.691998,0.681186
0.724463,0.713815,0.703587,0.740813,0.569174,0.723257,0.709077,0.734399,0.690122,0.723652
0.735818,0.697290,0.683668,0.640251,0.653549,0.732566,0.673909,0.740050,0.682078,0.725800
0.718467,0.701519,0.652437,0.703269,0.406129,0.768405,0.701190,0.754716,0.653704,0.708951
0.665398,0.665166,0.724223,0.655195,0.770763,0.712766,0.691623,0.686027,0.689889,0.700171
0.714604,0.731563,0.678303,0.718736,0.536385,0.797103,0.664020,0.726828,0.690395,0.732869
0.640674,0.679129,0.669726,0.691100,0.753275,0.721466,0.701445,0.667025,0.687011,0.716150
0.691701,0.681028,0.709138,0.749442,0.583367,0.732679,0.683573,0.662829,0.694623,0.692677
0.715550,0.687451,0.604836,0.691614,0.747581,0.686637,0.643367,0.620574,0.669804,0.738257
0.644653,0.692653,0.759205,0.712457,0.785348,0.660436,0.693059,0.656925,0.659047,0.649153
0.691985,0.672583,0.680216,0.745458,0.615250,0.737590,0.726332,0.716703,0.711958,0.702330
0.679790,0.721131,0.658623,0.596632,0.763053,0.665845,0.703369,0.737292,0.639556,0.681450
0.692729,0.656354,0.625219,0.761859,0.845709,0.512541,0.745048,0.686566,0.698658,0.699493
0.665584,0.638390,0.698025,0.696198,0.937541,0.665608,0.659864,0.663751,0.713526,0.695919
0.696179,0.673412,0.668437,0.621958,0.705371,0.703737,0.707179,0.722056,0.699876,0.687796
0.702155,0.688054,0.673314,0.620524,0.807080,0.564295,0.712407,0.728353,0.716266,0.707662
0.711846,0.665216,0.700705,0.727093,0.911260,0.796906,0.660423,0.697089,0.677305,0.684601
0.672729,0.750349,0.686258,0.673983,0.760040,0.617078,0.669161,0.647627,0.728685,0.718109
0.660935,0.684876,0.652106,0.719878,0.534529,0.730081,0.641962,0.670590,0.666130,0.672854
0.691212,0.678838,0.665289,0.713932,0.737552,0.737934,0.685289,0.685363,0.691064,0.688374
0.720433,0.661407,0.750936,0.775891,0.645143,0.662174,0.741134,0.756021,0.700640,0.671933
0.704762,0.697944,0.667404,0.656738,0.513562,0.654472,0.663034,0.693070,0.694694,0.727343
0.698583,0.643720,0.649613,0.724961,0.581013,0.726400,0.683088,0.708057,0.689802,0.664356
0.726453,0.705330,0.648936,0.667740,0.527277,0.642550,0.717403,0.725460,0.631689,0.663860
0.722447,0.722378,0.665980,0.560959,0.820596,0.733843,0.747844,0.764012,0.705072,0.721723
0.690728,0.743398,0.694631,0.679519,0.677852,0.630584,0.688371,0.700534,0.691639,0.719230
0.664490,0.683398,0.682120,0.649828,0.730231,0.698802,0.684896,0.656797,0.662365,0.705439
0.693489,0.692248,0.685495,0.734324,0.807952,0.716368,0.693355,0.699585,0.707249,0.696625
0.714991,0.756669,0.714533,0.736288,0.757241,0.597862,0.706129,0.635298,0.712496,0.682778
0.736173,0.739395,0.632797,0.776742,0.656994,0.716647,0.729481,0.658441,0.713926,0.721387
0.665236,0.704432,0.702453,0.676106,0.747548,0.598878,0.654052,0.622827,0.711095,0.668735
0.751528,0.665668,0.634964,0.639465,0.836465,0.722635,0.667285,0.641925,0.667870,0.688636
0.667259,0.710829,0.654917,0.589043,0.887893,0.783069,0.685906,0.700745,0.698394,0.703555
0.694262,0.694505,0.688071,0.649390,0.661198,0.712403,0.685543,0.680150,0.700899,0.642706
0.697741,0.658949,0.674210,0.696234,0.749563,0.681413,0.681749,0.641345,0.724593,0.714977
0.676830,0.662315,0.764874,0.713487,0.779784,0.586350,0.706280,0.724084,0.680997,0.689138
0.670619,0.720369,0.711968,0.664794,0.762574,0.660182,0.730473,0.744596,0.613628,0.692085
0.687036,0.687379,0.684271,0.746936,0.864748,0.764906,0.679834,0.694050,0.696683,0.711656
0.680614,0.666027,0.728322,0.686711,0.755526,0.548826,0.697092,0.759436,0.669117,0.672520
0.702750,0.707171,0.702093,0.655673,0.597278,0.638421,0.708389,0.715800,0.716232,0.676620
0.682784,0.680896,0.686626,0.677830,0.511986,0.735425,0.687449,0.702030,0.681172,0.683750
0.697112,0.639353,0.760391,0.711664,0.483335,0.601509,0.694241,0.706293,0.697838,0.706000
0.566495,0.735543,0.677495,0.716455,0.878073,0.658817,0.643886,0.646653,0.648748,0.716679
0.735058,0.769736,0.689977,0.726921,0.745696,0.676708,0.689882,0.672152,0.650762,0.688238
0.639049,0.715453,0.677141,0.656023,0.569947,0.609790,0.639214,0.719204,0.703667,0.699931
0.706933,0.689013,0.685959,0.659137,0.834141,0.702064,0.709598,0.716336,0.716754,0.668340
0.656486,0.714965,0.691658,0.697981,0.623834,0.725123,0.723773,0.703237,0.747869,0.684436
0.667690,0.711749,0.695966,0.649436,0.597947,0.616419,0.705103,0.672413,0.665381,0.686108
0.720943,0.711829,0.716359,0.681219,0.777878,0.695768,0.666680,0.689613,0.715046,0.704237
0.677397,0.682722,0.705075,0.620171,0.629530,0.630941,0.766852,0.684724,0.735991,0.706776
0.690224,0.713449,0.723794,0.647534,0.413104,0.644448,0.697629,0.674952,0.710920,0.708399
0.694963,0.726772,0.747200,0.611506,0.580322,0.688900,0.610707,0.709256,0.661456,0.690644
0.686883,0.710403,0.645997,0.696270,0.753231,0.739932,0.658768,0.684165,0.689710,0.705001
0.731350,0.674277,0.692833,0.704996,0.524387,0.781518,0.703740,0.751981,0.704656,0.700541
0.677143,0.710044,0.691087,0.712726,0.735067,0.595140,0.679988,0.723576,0.733754,0.707980
0.716554,0.591936,0.687479,0.686179,0.639135,0.650753,0.674472,0.720214,0.688270,0.709712
0.658891,0.739665,0.699700,0.671855,0.524299,0.529811,0.748412,0.654344,0.691634,0.687086
0.700123,0.705492,0.695476,0.730235,0.525929,0.657094,0.668953,0.643645,0.678361,0.691496
0.703730,0.629213,0.747356,0.695980,0.830159,0.702029,0.707451,0.744176,0.719410,0.701528
0.672989,0.690109,0.654806,0.696373,0.636800,0.674421,0.754921,0.668105,0.747450,0.706007
0.720735,0.685022,0.676193,0.616288,0.830762,0.585272,0.704468,0.663979,0.702555,0.705024
0.682390,0.707497,0.660431,0.697354,0.774063,0.709989,0.659545,0.678422,0.667828,0.682342
0.665319,0.692153,0.717792,0.709078,0.705241,0.604344,0.678185,0.681508,0.710669,0.709192
0.690904,0.559405,0.672608,0.633972,0.851025,0.660161,0.728384,0.744293,0.701068,0.662053
0.692124,0.684287,0.758299,0.784778,0.747191,0.635135,0.706759,0.699006,0.698269,0.675330
0.698187,0.691686,0.695837,0.762519,0.745440,0.572645,0.659354,0.715101,0.686105,0.683428
0.674142,0.684550,0.665276,0.692258,0.830185,0.758521,0.655789,0.692270,0.681957,0.724435
0.708211,0.751773,0.648404,0.708534,0.595157,0.594517,0.699492,0.690258,0.740506,0.710197
0.734595,0.733387,0.711736,0.650855,0.726748,0.599264,0.654347,0.639515,0.710613,0.671431
0.701496,0.630696,0.696592,0.711709,0.859736,0.616195,0.709679,0.677391,0.627178,0.701678
0.692151,0.653454,0.695486,0.659814,0.645245,0.693119,0.688442,0.680275,0.697715,0.698476
0.689415,0.698929,0.701913,0.607713,0.741809,0.772824,0.709665,0.715575,0.655996,0.644067
0.696383,0.690637,0.615815,0.722373,0.680626,0.650657,0.673896,0.671556,0.676657,0.676740
0.681031,0.692861,0.750629,0.734885,0.625611,0.641195,0.721983,0.671591,0.669388,0.709254
0.661996,0.627019,0.700703,0.695471,0.741524,0.765224,0.679278,0.698224,0.708132,0.699891
0.696459,0.692472,0.668931,0.709082,0.412794,0.686461,0.755873,0.696744,0.681007,0.703305
0.658114,0.719454,0.687945,0.697276,0.739497,0.690998,0.586772,0.644272,0.626410,0.693038
0.729899,0.656181,0.686192,0.808302,0.436884,0.668855,0.672239,0.726840,0.634186,0.698232
0.673696,0.692106,0.683555,0.649430,0.640458,0.640686,0.699931,0.717179,0.696529,0.678390
0.715317,0.689859,0.740950,0.662206,0.736829,0.653225,0.667157,0.669917,0.719785,0.731681
0.685312,0.655904,0.707797,0.766306,0.658384,0.629466,0.664750,0.696739,0.697211,0.684353
0.689245,0.706230,0.629785,0.661478,0.698772,0.589997,0.675619,0.719093,0.717685,0.724403
0.696992,0.693701,0.702142,0.680221,0.634183,0.698866,0.675842,0.694765,0.686994,0.709102
0.691044,0.711223,0.643953,0.738449,0.610455,0.754495,0.758669,0.753526,0.703975,0.653088
0.702988,0.704599,0.693925,0.725491,0.733703,0.744295,0.612127,0.741932,0.716732,0.681607
0.681291,0.650546,0.642756,0.710539,0.663420,0.721794,0.666589,0.672955,0.670524,0.701137
0.655314,0.658465,0.714764,0.701000,0.445468,0.732828,0.683731,0.743524,0.690140,0.647458
0.756655,0.720975,0.645693,0.644148,0.577379,0.663690,0.767565,0.620535,0.599609,0.619487
0.637711,0.752882,0.650647,0.696160,0.637490,0.775804,0.679278,0.753070,0.727901,0.698314
0.668831,0.698337,0.714308,0.678916,0.638898,0.701630,0.684393,0.680129,0.713538,0.706026
0.696890,0.691082,0.688893,0.747779,0.620688,0.608193,0.682873,0.659713,0.732529,0.692522
0.675389,0.696601,0.680805,0.635016,0.493370,0.616102,0.724551,0.678898,0.688738,0.698609
0.669393,0.680108,0.670684,0.704408,0.695604,0.743441,0.646964,0.666090,0.692576,0.683039
0.677205,0.727976,0.684718,0.655454,0.740571,0.734260,0.679086,0.665316,0.698463,0.683401
0.670349,0.673412,0.685161,0.689620,0.689300,0.717803,0.705220,0.693149,0.725803,0.727009
0.682690,0.733709,0.648153,0.668015,0.442916,0.704926,0.645177,0.740281,0.665417,0.687607
0.707634,0.734873,0.640502,0.772161,0.535959,0.700244,0.670418,0.748380,0.724186,0.675778
0.735584,0.671836,0.710460,0.680312,0.674434,0.791020,0.663167,0.697115,0.724621,0.708968
0.690322,0.626982,0.701258,0.731909,0.705801,0.587709,0.700901,0.669033,0.716227,0.687652
0.683621,0.646924,0.635948,0.672784,0.745797,0.582045,0.629365,0.700525,0.653463,0.679334
0.672579,0.718668,0.623905,0.603228,0.616349,0.602342,0.751663,0.682214,0.670618,0.693307
0.698863,0.685942,0.662690,0.683685,0.559460,0.686302,0.667533,0.697321,0.675008,0.680902
0.722172,0.605771,0.715282,0.723537,0.668524,0.691474,0.650095,0.690569,0.755792,0.703458
0.726441,0.721413,0.765499,0.732420,0.729417,0.607880,0.567926,0.635000,0.629108,0.730597
0.679748,0.720510,0.677491,0.710477,0.602163,0.690712,0.672016,0.733993,0.665022,0.697768
0.682828,0.696502,0.653812,0.716531,0.763365,0.584840,0.653581,0.653619,0.667816,0.691788
0.721064,0.666852,0.765571,0.750507,0.814184,0.827290,0.764285,0.720116,0.679853,0.698767
0.685907,0.717246,0.660699,0.678760,0.776422,0.692555,0.698465,0.698487,0.683727,0.690847
0.692895,0.700106,0.644973,0.649621,0.583000,0.691511,0.734322,0.678514,0.676131,0.689411
0.676551,0.697524,0.724130,0.708298,0.596450,0.730492,0.748359,0.731556,0.668369,0.668470
0.671249,0.807249,0.659709,0.644512,0.859804,0.761818,0.738044,0.601073,0.713961,0.654120
0.715925,0.683808,0.695121,0.717642,0.654974,0.645906,0.687735,0.686755,0.746130,0.717687
0.712005,0.694956,0.712834,0.656385,0.699072,0.698350,0.634254,0.673237,0.695267,0.728874
0.688468,0.637631,0.676722,0.739558,0.685172,0.700081,0.648255,0.688107,0.676609,0.675057
0.787127,0.761398,0.658772,0.711478,0.691839,0.691887,0.753651,0.735714,0.645822,0.673759
0.646609,0.703761,0.739454,0.552513,0.617110,0.715112,0.732955,0.688522,0.755293,0.701264
0.710400,0.656659,0.650506,0.685691,0.726766,0.742464,0.717835,0.683874,0.733925,0.698066
0.638547,0.723693,0.759190,0.713141,0.824184,0.714892,0.679081,0.682487,0.649730,0.666081
0.673249,0.676714,0.767316,0.557677,0.597724,0.719947,0.718793,0.646599,0.683988,0.728544
0.688099,0.683662,0.747385,0.694772,0.502826,0.686079,0.692660,0.678354,0.683686,0.691245
0.720024,0.720017,0.708476,0.650782,0.765991,0.534827,0.689688,0.665461,0.720506,0.700014
0.670349,0.704499,0.657852,0.583257,0.490031,0.656315,0.704943,0.649491,0.691926,0.672289
0.726510,0.645287,0.724253,0.678716,0.464963,0.737053,0.723124,0.730927,0.748268,0.684929
0.710490,0.697255,0.661984,0.658509,0.528277,0.682957,0.633593,0.658880,0.665521,0.661329
0.675672,0.708148,0.738617,0.669460,0.727547,0.671961,0.745931,0.681030,0.663684,0.678053
0.697927,0.629601,0.653633,0.643494,0.803983,0.614748,0.727247,0.721559,0.736497,0.647120
0.705404,0.705820,0.673718,0.784650,0.675534,0.779481,0.714123,0.724613,0.661929,0.685763
0.702859,0.712080,0.736709,0.799994,0.858149,0.804667,0.682750,0.735299,0.708525,0.675408
0.689467,0.708256,0.727993,0.762980,0.749751,0.614215,0.692976,0.694116,0.682825,0.662902
0.665537,0.695679,0.718668,0.630738,0.674402,0.692751,0.678538,0.693578,0.710093,0.691401
0.653269,0.654459,0.633987,0.659719,0.684147,0.703275,0.641221,0.667272,0.675601,0.706227
0.675638,0.688952,0.702654,0.726437,0.830848,0.686894,0.637164,0.684769,0.701159,0.646322
0.682407,0.697402,0.691182,0.668143,0.672797,0.663839,0.701989,0.696368,0.686430,0.695304
0.687770,0.730451,0.675838,0.729186,0.950903,0.801802,0.619288,0.711267,0.699166,0.724762
0.695021,0.596232,0.666439,0.713500,0.769931,0.578984,0.728909,0.726360,0.702481,0.645735
0.692924,0.654777,0.673149,0.817777,0.870095,0.565462,0.685133,0.634469,0.695387,0.695956
0.668165,0.687674,0.725299,0.702137,0.476624,0.679780,0.633278,0.679705,0.717076,0.676542
0.748291,0.682404,0.689354,0.609654,0.592289,0.739516,0.732629,0.732693,0.672095,0.717514
0.662199,0.784406,0.718202,0.780585,0.747595,0.615062,0.635462,0.712897,0.671868,0.699389
0.679905,0.733333,0.681034,0.721235,0.634145,0.566800,0.712723,0.714038,0.707991,0.699101
0.783503,0.678014,0.681992,0.573145,0.806306,0.771564,0.711071,0.628293,0.705023,0.724436
0.735861,0.717770,0.734360,0.642095,0.719414,0.790134,0.600499,0.691762,0.693964,0.656785
0.677614,0.722083,0.700492,0.708981,0.578811,0.632290,0.690398,0.696932,0.701489,0.714590
0.678255,0.704759,0.721966,0.674892,0.750600,0.497094,0.695125,0.682062,0.711886,0.671674
0.667582,0.683655,0.701976,0.643458,0.577624,0.715211,0.659736,0.655988,0.682336,0.690089
0.724323,0.702253,0.649938,0.730989,0.630151,0.699661,0.676838,0.725592,0.651406,0.667858
0.674493,0.669837,0.699921,0.563031,0.884113,0.768481,0.695262,0.669954,0.683396,0.704942
0.691091,0.703554,0.681978,0.622646,0.748621,0.437096,0.698444,0.700941,0.691858,0.672016
0.682397,0.714220,0.615187,0.653095,0.752057,0.608016,0.717057,0.648232,0.664278,0.669698
0.643811,0.664760,0.760786,0.728494,0.811849,0.616579,0.681391,0.718444,0.704797,0.676672
0.677718,0.741967,0.676442,0.707537,0.824662,0.591143,0.694214,0.703130,0.680446,0.714425
0.733031,0.677303,0.721043,0.540636,0.831895,0.711740,0.695841,0.807701,0.733451,0.730585
0.719057,0.631221,0.706146,0.624054,0.712283,0.603524,0.734578,0.700111,0.742574,0.600468
0.689019,0.736976,0.712150,0.602972,0.681139,0.500241,0.693898,0.668249,0.724407,0.684659
0.679190,0.722140,0.717730,0.647775,0.591275,0.724603,0.647749,0.712473,0.639741,0.751423
0.663648,0.689425,0.777696,0.839942,0.643690,0.693200,0.742812,0.652484,0.636008,0.684416
0.704650,0.701982,0.696099,0.669845,0.789019,0.531201,0.695217,0.731678,0.712954,0.731410
0.678112,0.686009,0.724290,0.707505,0.793193,0.678218,0.640184,0.671130,0.698565,0.647243
0.723268,0.627024,0.723451,0.765612,0.804925,0.600055,0.698642,0.701888,0.702331,0.699929
0.660199,0.714959,0.727345,0.735935,0.536008,0.744522,0.697453,0.695600,0.723328,0.695050
0.679071,0.759041,0.734427,0.692955,0.785098,0.689047,0.700615,0.693001,0.604032,0.709686
0.639325,0.737380,0.762137,0.643595,0.648915,0.533384,0.660441,0.692370,0.714435,0.681684
0.706522,0.733097,0.674547,0.695708,0.772044,0.600245,0.694649,0.716521,0.740269,0.706412
0.692613,0.734829,0.687062,0.665314,0.545620,0.659240,0.692025,0.698700,0.673842,0.694125
0.736494,0.677178,0.712889,0.690931,0.495016,0.663136,0.724901,0.717397,0.755437,0.652758
0.684270,0.729899,0.747026,0.639683,0.670704,0.560656,0.706254,0.734022,0.670166,0.669555
0.678110,0.721231,0.695806,0.686800,0.755991,0.699083,0.710340,0.703862,0.667856,0.698820
0.721288,0.670576,0.703679,0.744063,0.529011,0.675377,0.660891,0.719920,0.715055,0.680342
0.639774,0.686297,0.782813,0.670545,0.711596,0.714026,0.733797,0.631431,0.645981,0.718943
0.744559,0.623347,0.716645,0.636244,0.890785,0.631047,0.655830,0.650104,0.717743,0.750064
0.689341,0.683834,0.590846,0.651865,0.524835,0.602865,0.739751,0.690835,0.684825,0.680926
0.681742,0.675905,0.679918,0.676767,0.885899,0.643276,0.697454,0.685126,0.775256,0.667935
0.693388,0.746253,0.740313,0.799816,0.556463,0.754835,0.648727,0.677899,0.697167,0.702216
0.636154,0.695719,0.658723,0.668409,0.748065,0.720753,0.679207,0.669773,0.683078,0.680093
0.679893,0.667985,0.557253,0.746643,0.705385,0.729312,0.624921,0.646986,0.657397,0.705377
0.728711,0.705250,0.723531,0.687351,0.917360,0.813317,0.619275,0.685497,0.643880,0.728595
0.709468,0.687236,0.705432,0.757898,0.706430,0.742646,0.582398,0.742009,0.698165,0.698072
0.680655,0.701020,0.675454,0.735663,0.729597,0.751957,0.700169,0.675603,0.676539,0.723063
0.688238,0.710002,0.775723,0.760078,0.829954,0.715416,0.755413,0.665797,0.665734,0.712361
0.672717,0.710821,0.690026,0.706270,0.812692,0.632464,0.659379,0.700845,0.691330,0.701380
0.632874,0.685725,0.720722,0.652250,0.591859,0.795221,0.653837,0.701404,0.694524,0.682316
0.656534,0.733739,0.519322,0.714595,0.644805,0.563210,0.569466,0.704718,0.634314,0.709467
0.712880,0.719505,0.703064,0.587850,0.752807,0.730596,0.651166,0.716113,0.675607,0.704708
0.682455,0.682621,0.654307,0.826434,0.804898,0.557767,0.565126,0.705380,0.709526,0.684069
0.718516,0.553957,0.687971,0.733481,0.626872,0.736362,0.693771,0.660483,0.701831,0.704486
0.694547,0.668892,0.698364,0.684902,0.700972,0.627274,0.690571,0.663691,0.734601,0.695343
0.714925,0.691202,0.638670,0.664843,0.771437,0.721916,0.738844,0.645987,0.629793,0.653195
0.706984,0.684831,0.784042,0.608943,0.679293,0.785530,0.652232,0.700663,0.662910,0.717416
0.673312,0.742885,0.641237,0.662687,0.692654,0.516835,0.717479,0.731119,0.737588,0.664991
0.687622,0.717550,0.692343,0.616994,0.530630,0.626075,0.717893,0.706742,0.718270,0.685388
0.694936,0.700082,0.648937,0.670961,0.612327,0.618832,0.664416,0.680941,0.723797,0.673452
0.701656,0.669257,0.670137,0.600749,0.829321,0.713852,0.726141,0.683398,0.678673,0.711119
0.665944,0.690264,0.721287,0.698616,0.689265,0.641058,0.687715,0.664907,0.681377,0.679323
0.699278,0.715507,0.663780,0.773397,0.726263,0.609842,0.721160,0.791199,0.623183,0.706531
0.625890,0.677156,0.747227,0.739362,0.475757,0.716524,0.651944,0.650078,0.792077,0.649474
0.680118,0.670741,0.653785,0.594320,0.743428,0.698035,0.731177,0.742092,0.679138,0.662708
0.690361,0.713390,0.719938,0.673444,0.690620,0.708477,0.704586,0.701807,0.689610,0.703670
0.713068,0.690490,0.712730,0.673277,0.591329,0.726841,0.706870,0.665452,0.712173,0.693335
0.704790,0.691032,0.695477,0.522367,0.873359,0.741722,0.707167,0.632280,0.745885,0.721692
0.691567,0.718032,0.665493,0.657445,0.730022,0.692966,0.675312,0.692018,0.699285,0.701728
0.681120,0.666199,0.679969,0.733847,0.861556,0.624416,0.621471,0.728876,0.681427,0.700298
0.643252,0.675305,0.711277,0.725632,0.680129,0.689942,0.678644,0.729276,0.732575,0.704464
0.700002,0.646610,0.649440,0.670164,0.610458,0.632858,0.687236,0.655558,0.664751,0.681888
0.712366,0.688014,0.713905,0.601544,0.596088,0.763857,0.677021,0.653202,0.656784,0.675009
0.683986,0.678638,0.730641,0.647441,0.488049,0.625701,0.682597,0.664221,0.644194,0.700466
0.661503,0.649452,0.648421,0.690910,0.695302,0.816583,0.704624,0.721235,0.701019,0.658860
0.706703,0.718549,0.651630,0.834375,0.853347,0.654880,0.688092,0.701952,0.705776,0.688082
0.711388,0.692308,0.698987,0.678251,0.648511,0.731759,0.594865,0.713543,0.693439,0.692970
0.708912,0.732740,0.678230,0.585451,0.665637,0.737138,0.622850,0.640855,0.643183,0.692646
0.711238,0.740435,0.671779,0.625801,0.670220,0.436074,0.723464,0.664523,0.683497,0.638552
0.678319,0.690058,0.731531,0.579762,0.393871,0.636620,0.655535,0.676510,0.688404,0.618543
0.793084,0.693652,0.692669,0.617638,0.763624,0.670999,0.640248,0.650590,0.754995,0.707174
0.714864,0.749966,0.735781,0.673594,0.700628,0.565506,0.695694,0.766560,0.628793,0.665401
0.720808,0.648580,0.666570,0.745639,0.856674,0.586620,0.694669,0.625935,0.710577,0.684003
0.700664,0.671624,0.667287,0.796950,0.806027,0.500540,0.653368,0.721754,0.703094,0.703196
0.655097,0.697533,0.661666,0.639793,0.609954,0.610532,0.734699,0.745542,0.638173,0.700956
0.713824,0.651623,0.657220,0.786108,0.854637,0.792342,0.673083,0.649533,0.680784,0.691612
0.732102,0.611679,0.700903,0.699259,0.578957,0.786011,0.742556,0.702452,0.744890,0.768153
0.664995,0.647272,0.782091,0.738008,0.588870,0.637279,0.749339,0.717656,0.668094,0.649600
0.700805,0.643556,0.630503,0.761263,0.907236,0.626464,0.707262,0.699000,0.669154,0.689013
0.639932,0.714504,0.654027,0.736177,0.532549,0.566511,0.687423,0.718430,0.602130,0.686092
0.663501,0.687203,0.697268,0.776893,0.914927,0.719145,0.639470,0.692068,0.706041,0.679999
0.683737,0.759433,0.663277,0.642137,0.662449,0.649671,0.680107,0.719902,0.658357,0.686866
0.734538,0.614232,0.686453,0.642508,0.670576,0.774197,0.759274,0.708860,0.686617,0.651966
0.711541,0.712556,0.644153,0.615785,0.696556,0.685218,0.732249,0.667195,0.637868,0.692558
0.680052,0.740811,0.583860,0.687566,0.766074,0.670447,0.760147,0.674398,0.660398,0.722123
0.673208,0.714003,0.718559,0.759807,0.794169,0.777253,0.797772,0.682840,0.652062,0.688756
0.673520,0.716240,0.680727,0.711782,0.707508,0.703715,0.679727,0.677590,0.690152,0.684602
0.680647,0.684763,0.732312,0.785403,0.791462,0.632878,0.694970,0.656613,0.717423,0.675777
0.724603,0.717405,0.686633,0.660112,0.685239,0.709365,0.655142,0.701380,0.663171,0.651236
0.729981,0.693112,0.672581,0.634113,0.493744,0.721637,0.680117,0.732093,0.708772,0.661721
0.590166,0.683562,0.719275,0.567284,0.791834,0.761547,0.667003,0.683886,0.722901,0.731824
0.686998,0.698317,0.707546,0.722729,0.614279,0.641093,0.685155,0.641890,0.703739,0.707459
0.666146,0.736614,0.671822,0.656295,0.453912,0.738526,0.696249,0.706696,0.687862,0.714526
0.633667,0.653500,0.736526,0.632127,0.628043,0.811409,0.673958,0.688082,0.669507,0.657098
0.722077,0.716638,0.672810,0.656120,0.764965,0.507966,0.651493,0.673130,0.702231,0.708812
0.713928,0.703741,0.624868,0.726036,0.594253,0.700078,0.729618,0.672625,0.678908,0.681474
0.743299,0.599486,0.718969,0.709665,0.658182,0.582165,0.621468,0.760436,0.697696,0.698511
0.676027,0.644288,0.686795,0.717911,0.792735,0.640789,0.739235,0.704915,0.659354,0.672826
0.684053,0.657821,0.671958,0.631823,0.648794,0.759884,0.686341,0.720758,0.701672,0.687891
0.625098,0.673135,0.647163,0.649161,0.808228,0.582794,0.716601,0.661965,0.638918,0.644521
0.703467,0.611883,0.665178,0.738270,0.903278,0.632246,0.685498,0.715919,0.685491,0.669514
0.690280,0.695648,0.659042,0.737341,0.808057,0.602506,0.652398,0.695688,0.689798,0.692975
0.706360,0.638192,0.709852,0.602521,0.623960,0.758422,0.708328,0.700457,0.686426,0.693428
0.662162,0.714429,0.644325,0.614561,0.549737,0.637722,0.806690,0.646895,0.668768,0.713929
0.668965,0.612535,0.705365,0.743998,0.804289,0.631378,0.640048,0.641481,0.712594,0.732579
0.692943,0.753464,0.703590,0.722505,0.900098,0.800403,0.710224,0.676294,0.708521,0.687647
0.685906,0.642836,0.653704,0.733540,0.797925,0.568035,0.661493,0.700744,0.705268,0.726343
0.709919,0.706504,0.709918,0.746178,0.652548,0.695540,0.661476,0.685069,0.653878,0.690074
0.692976,0.696473,0.778820,0.682671,0.568585,0.640133,0.581484,0.633263,0.714866,0.698174
0.672668,0.688392,0.675739,0.667142,0.727469,0.802997,0.634121,0.680577,0.684781,0.710747
0.711902,0.670667,0.728555,0.684152,0.864159,0.742307,0.660205,0.710266,0.712452,0.698876
0.723471,0.712989,0.704303,0.673535,0.575970,0.681515,0.675630,0.691297,0.699885,0.677808
0.695887,0.709286,0.735668,0.750668,0.644521,0.648465,0.717608,0.676443,0.702160,0.684834
0.679244,0.645288,0.667466,0.636345,0.664455,0.546268,0.735234,0.684865,0.644513,0.680054
0.639264,0.698478,0.670693,0.615066,0.675179,0.684020,0.730725,0.676344,0.709524,0.667395
0.706209,0.613200,0.675227,0.697859,0.827797,0.687601,0.631191,0.735015,0.667309,0.707562
0.671158,0.706958,0.720061,0.705428,0.612330,0.717675,0.724953,0.658364,0.701547,0.698783
0.683072,0.727766,0.687460,0.642996,0.752160,0.623899,0.649398,0.747461,0.680333,0.717629
0.709869,0.703525,0.634615,0.702066,0.689873,0.739889,0.638861,0.688710,0.683186,0.666869
0.701315,0.715913,0.722101,0.769278,0.594123,0.619398,0.662114,0.692960,0.653672,0.676083
0.683037,0.709190,0.722184,0.715740,0.893334,0.809397,0.726472,0.726699,0.682139,0.693524
0.692566,0.721038,0.713499,0.791048,0.769838,0.791235,0.653288,0.695600,0.700548,0.695735
0.666561,0.710577,0.649020,0.630613,0.690400,0.679313,0.660912,0.693608,0.652009,0.693005
0.701653,0.713713,0.671103,0.746948,0.378189,0.691535,0.692306,0.667756,0.691248,0.699859
0.651809,0.721197,0.715326,0.740855,0.652292,0.655228,0.635436,0.652149,0.708986,0.692899
0.700778,0.693770,0.690305,0.796635,0.795671,0.626061,0.657328,0.680392,0.695796,0.691706
0.699724,0.694360,0.640975,0.666501,0.717026,0.738986,0.691235,0.672489,0.678389,0.705385
0.706433,0.738148,0.615578,0.732679,0.768558,0.758203,0.735591,0.709826,0.727916,0.681806
0.676428,0.618613,0.658868,0.667610,0.557092,0.734440,0.739569,0.676882,0.663819,0.729065
0.672701,0.661552,0.698051,0.690960,0.636572,0.600699,0.667449,0.709818,0.665143,0.749919
0.688299,0.718517,0.698876,0.684527,0.555735,0.625453,0.710409,0.690693,0.692006,0.689791
0.663861,0.715050,0.670847,0.722366,0.849624,0.657049,0.693454,0.697874,0.645354,0.685025
0.701555,0.699969,0.742608,0.717155,0.632114,0.645100,0.668887,0.707814,0.694740,0.660793
0.682853,0.672787,0.616911,0.675985,0.632994,0.701183,0.648445,0.696669,0.687521,0.681352
0.704137,0.704375,0.576388,0.700281,0.517389,0.698785,0.638143,0.709930,0.687094,0.678476
0.672736,0.692448,0.769590,0.646906,0.526976,0.672987,0.747194,0.672535,0.656625,0.695239
0.705194,0.719084,0.639652,0.722728,0.684449,0.713481,0.754658,0.691917,0.646834,0.638821
0.683929,0.657027,0.701165,0.743753,0.639576,0.703981,0.691622,0.710541,0.660069,0.727923
0.664250,0.710458,0.683331,0.701931,0.702955,0.643831,0.711708,0.641145,0.682380,0.684313
0.722668,0.579576,0.688185,0.618687,0.802156,0.681724,0.723199,0.812683,0.666067,0.651690
0.698253,0.683428,0.583742,0.688605,0.746338,0.738049,0.616296,0.686163,0.689765,0.690888
0.688376,0.724798,0.627059,0.674686,0.879359,0.830023,0.662690,0.651572,0.703778,0.715806
0.621899,0.714269,0.621166,0.646928,0.791057,0.597077,0.707536,0.755583,0.708638,0.679057
0.683195,0.684212,0.666759,0.679294,0.794087,0.724947,0.665523,0.689619,0.698828,0.697848
0.678292,0.635351,0.742957,0.710380,0.633787,0.535289,0.693033,0.699515,0.643114,0.632324
0.721133,0.670642,0.628636,0.650476,0.619817,0.690587,0.672206,0.674639,0.679798,0.695188
0.719195,0.725774,0.662418,0.628057,0.817134,0.745663,0.715614,0.778237,0.677007,0.693585
0.713821,0.690368,0.720423,0.656904,0.795121,0.690986,0.710638,0.666342,0.745321,0.633033
0.719887,0.681793,0.730991,0.708142,0.641480,0.579193,0.660226,0.632012,0.694505,0.656452
0.717764,0.678448,0.678473,0.644246,0.651476,0.722646,0.606501,0.740847,0.713649,0.703695
0.692250,0.738539,0.735025,0.618290,0.620779,0.561245,0.724956,0.705006,0.701034,0.690660
0.626203,0.688890,0.706038,0.596396,0.694139,0.782892,0.676352,0.657827,0.773024,0.675383
0.732654,0.658991,0.667129,0.660137,0.690866,0.732449,0.723893,0.678911,0.654143,0.714674
0.710048,0.683845,0.672492,0.648671,0.414962,0.647548,0.651483,0.662287,0.698877,0.654451
0.692248,0.698155,0.669473,0.694374,0.708958,0.744112,0.682347,0.676829,0.702561,0.691281
0.685838,0.687304,0.778462,0.690483,0.472390,0.554038,0.756619,0.677082,0.698330,0.700345
0.683553,0.711791,0.714984,0.619201,0.703813,0.775747,0.715757,0.707077,0.687977,0.684524
0.713549,0.657353,0.672095,0.631796,0.642801,0.678705,0.667370,0.705468,0.667445,0.697488
0.691228,0.678735,0.609400,0.649202,0.748734,0.751677,0.659295,0.719760,0.681654,0.691163
0.737605,0.727417,0.684098,0.646783,0.688802,0.690629,0.678458,0.708479,0.692165,0.709111
0.734325,0.633451,0.675371,0.806309,0.502773,0.672767,0.713065,0.650647,0.722147,0.711173
0.696254,0.664388,0.729966,0.684254,0.433845,0.675734,0.698195,0.675882,0.701483,0.709199
0.677793,0.607421,0.709464,0.711615,0.574879,0.692480,0.703219,0.697996,0.720589,0.657622
0.669266,0.690345,0.632708,0.666200,0.653068,0.728588,0.670020,0.702596,0.697073,0.681593
0.694488,0.670746,0.688247,0.693766,0.659833,0.678910,0.689241,0.691730,0.682974,0.691045
0.732689,0.700267,0.696615,0.707922,0.482032,0.632827,0.726928,0.664512,0.618645,0.657311
0.691716,0.755131,0.695485,0.727140,0.628958,0.482126,0.685995,0.703545,0.719266,0.714260
0.708219,0.707307,0.697965,0.683600,0.681693,0.620978,0.668618,0.729423,0.697305,0.711220
0.587699,0.639980,0.726576,0.730508,0.809390,0.553296,0.604687,0.646593,0.699539,0.678214
0.698695,0.714469,0.489097,0.548702,0.639604,0.679786,0.735684,0.704133,0.662431,0.705463
0.662840,0.713691,0.654548,0.670962,0.662270,0.698961,0.687797,0.680519,0.691785,0.705956
0.736637,0.729336,0.689016,0.610060,0.886081,0.804512,0.716965,0.623080,0.642172,0.702836
0.677586,0.699262,0.707911,0.767060,0.762500,0.615971,0.696889,0.715861,0.718535,0.672943
0.699158,0.663575,0.657127,0.699722,0.462587,0.774255,0.741471,0.743467,0.722519,0.673927
0.653777,0.718489,0.743789,0.718234,0.796362,0.692607,0.662887,0.630915,0.698492,0.715438
0.736052,0.715018,0.736793,0.596096,0.717882,0.659950,0.688634,0.665116,0.695236,0.697786
0.713561,0.706619,0.667459,0.726589,0.750768,0.746669,0.587520,0.679289,0.697491,0.652616
0.659477,0.648452,0.777124,0.736241,0.686108,0.613140,0.723181,0.670946,0.661525,0.686950
0.709869,0.625105,0.683284,0.704723,0.567496,0.779701,0.650703,0.714433,0.717472,0.713471
0.658423,0.642339,0.563598,0.731948,0.527336,0.730638,0.669401,0.664816,0.661696,0.691932
0.577805,0.704528,0.684179,0.725385,0.566951,0.805933,0.586889,0.720982,0.698193,0.621214
0.694830,0.631846,0.702389,0.664083,0.622823,0.816152,0.691672,0.669672,0.727094,0.700449
0.698459,0.662753,0.681387,0.721725,0.516738,0.663075,0.672873,0.717696,0.642202,0.709485
0.694067,0.671618,0.690307,0.680107,0.597669,0.809601,0.632466,0.683983,0.740635,0.661746
0.704419,0.681780,0.728853,0.621260,0.632308,0.827409,0.657028,0.690966,0.677472,0.658681
0.703719,0.731874,0.599071,0.632650,0.927685,0.783223,0.750841,0.704459,0.636892,0.627747
0.732452,0.713860,0.691435,0.732257,0.740719,0.540491,0.701474,0.707499,0.719597,0.658909
0.686064,0.691293,0.614045,0.654925,0.533862,0.692542,0.647031,0.700255,0.680175,0.693001
0.677395,0.688835,0.749669,0.718411,0.854900,0.769970,0.736915,0.699630,0.665890,0.687512
0.725375,0.713721,0.697809,0.678322,0.646017,0.753519,0.695314,0.722647,0.715889,0.717181
0.681831,0.692556,0.717266,0.669605,0.729040,0.561499,0.701815,0.680320,0.723035,0.706687
0.694004,0.727866,0.690716,0.656935,0.694785,0.748043,0.705147,0.704169,0.763886,0.669521
0.688423,0.674765,0.735362,0.736868,0.844014,0.687970,0.716096,0.655125,0.698886,0.703736
0.720041,0.732043,0.673382,0.683520,0.482377,0.621860,0.721852,0.746895,0.689745,0.672375
0.702302,0.782245,0.763656,0.649809,0.725153,0.672186,0.713785,0.696608,0.692378,0.711282
0.700366,0.713229,0.660258,0.730326,0.819078,0.604567,0.719009,0.683065,0.699610,0.720405
0.692293,0.747092,0.668367,0.742841,0.426940,0.788213,0.686687,0.734809,0.705821,0.702985
0.738694,0.687149,0.648986,0.726559,0.800264,0.686527,0.762906,0.719954,0.648805,0.726596
0.736901,0.666901,0.667836,0.745769,0.612066,0.778852,0.783013,0.651475,0.697565,0.709842
0.700822,0.699338,0.689583,0.695312,0.589462,0.795637,0.656291,0.673428,0.719649,0.720151
0.692914,0.692817,0.643881,0.667838,0.724738,0.725190,0.691564,0.672061,0.669337,0.698271
0.697095,0.689326,0.723497,0.738105,0.690333,0.642656,0.706996,0.698692,0.703394,0.679326
0.709464,0.702915,0.770534,0.513399,0.557126,0.782857,0.673256,0.682339,0.674863,0.649364
0.726733,0.747373,0.748029,0.655558,0.756630,0.759750,0.739934,0.672745,0.757837,0.713219
0.727650,0.740100,0.736041,0.709039,0.696522,0.687869,0.706489,0.708472,0.709834,0.708823
0.685010,0.704698,0.636226,0.701022,0.733807,0.709455,0.718079,0.712475,0.691349,0.702182
0.671394,0.620435,0.726043,0.776481,0.622030,0.806838,0.621569,0.672014,0.777112,0.767748
0.667063,0.678173,0.679426,0.715985,0.515536,0.728258,0.638591,0.663610,0.710887,0.730049
0.748965,0.656947,0.751219,0.629289,0.732128,0.685170,0.628937,0.766851,0.627297,0.645311
0.730664,0.707836,0.727098,0.693652,0.670906,0.801034,0.673571,0.619627,0.740344,0.702546
0.683434,0.613515,0.672520,0.776675,0.620249,0.621329,0.676829,0.699475,0.680451,0.693892
0.720354,0.687612,0.682988,0.609566,0.777068,0.671343,0.660004,0.709341,0.684848,0.724137
0.689940,0.703913,0.665844,0.653636,0.764173,0.731451,0.679086,0.693410,0.695293,0.671422
0.709733,0.684219,0.663000,0.679282,0.453876,0.674457,0.656321,0.681689,0.717229,0.718317
0.663563,0.636140,0.715750,0.641813,0.838599,0.643130,0.672622,0.741417,0.703868,0.634392
0.661061,0.635681,0.657073,0.789509,0.592604,0.742517,0.688166,0.683797,0.665542,0.702461
0.704610,0.693025,0.688373,0.692839,0.549873,0.770114,0.700198,0.664503,0.683404,0.666857
0.735202,0.644771,0.694101,0.569348,0.816827,0.760045,0.705575,0.690250,0.733295,0.675836
0.640665,0.708459,0.691809,0.781360,0.718239,0.755334,0.618820,0.762342,0.731592,0.699353
0.684395,0.697876,0.696589,0.546917,0.748262,0.773700,0.693612,0.740926,0.699298,0.639013
0.691755,0.693308,0.700881,0.701164,0.790927,0.763609,0.631270,0.701098,0.697119,0.729322
0.692024,0.655672,0.690240,0.704519,0.769262,0.655595,0.700466,0.643147,0.718467,0.681060
0.678660,0.688256,0.644623,0.695623,0.725169,0.697946,0.682029,0.699936,0.703320,0.696563
0.678154,0.699877,0.716842,0.668629,0.792197,0.598676,0.708010,0.745010,0.654051,0.709655
0.694051,0.669853,0.737877,0.735867,0.816810,0.849876,0.704443,0.689896,0.701169,0.704877
0.719312,0.673137,0.688219,0.601508,0.710082,0.738905,0.630983,0.718327,0.665765,0.660268
0.619040,0.674163,0.731750,0.640808,0.576575,0.782464,0.686017,0.740334,0.656143,0.665477
0.650781,0.713613,0.708145,0.668847,0.849321,0.729263,0.704805,0.709291,0.625577,0.704078
0.683814,0.688960,0.666357,0.728718,0.458782,0.712909,0.724462,0.686836,0.678752,0.705917
0.694626,0.698617,0.663096,0.693685,0.658621,0.669999,0.663457,0.721848,0.699191,0.708010
0.696547,0.727315,0.697544,0.727226,0.579040,0.691790,0.739819,0.693218,0.672759,0.655108
0.695105,0.651710,0.707601,0.732579,0.586572,0.761198,0.679497,0.662306,0.744982,0.678099
0.744991,0.750566,0.695639,0.699768,0.705273,0.725115,0.604581,0.726031,0.648901,0.670387
0.672428,0.696678,0.723972,0.717290,0.835357,0.779964,0.719028,0.712072,0.684587,0.712283
0.699240,0.702934,0.615157,0.638821,0.734904,0.739222,0.628064,0.654541,0.656752,0.696880
0.700741,0.681011,0.691066,0.707573,0.614278,0.762204,0.682561,0.680550,0.705704,0.693640
0.679000,0.667434,0.704349,0.751989,0.559860,0.750800,0.647618,0.759343,0.677555,0.683677
0.687712,0.688544,0.786335,0.752711,0.858925,0.698727,0.742465,0.696417,0.702631,0.696847
0.680783,0.704567,0.673847,0.654936,0.771488,0.567007,0.717529,0.732385,0.687707,0.648391
0.744612,0.616543,0.687170,0.653975,0.762986,0.660807,0.681407,0.689248,0.724680,0.794054
0.680537,0.677260,0.677950,0.661455,0.630715,0.774158,0.604630,0.691210,0.687010,0.756409
0.705756,0.712833,0.688852,0.685465,0.788973,0.648645,0.795905,0.620606,0.683593,0.648232
0.717370,0.680386,0.678159,0.664270,0.652645,0.740494,0.670287,0.641532,0.693284,0.690131
0.721079,0.650493,0.663981,0.605314,0.612340,0.695021,0.696812,0.703539,0.713246,0.741369
0.716491,0.724819,0.685818,0.706836,0.706143,0.652109,0.706583,0.645207,0.671272,0.735252
0.693436,0.718433,0.691641,0.702519,0.779960,0.697144,0.692286,0.696577,0.684985,0.692035
0.728933,0.645170,0.688881,0.764215,0.854455,0.623323,0.746194,0.682523,0.680369,0.712047
0.673386,0.712458,0.655028,0.760851,0.864673,0.542773,0.686273,0.683603,0.664156,0.679438
0.656753,0.698139,0.773066,0.628049,0.701074,0.723461,0.739220,0.679574,0.606894,0.701134
0.673877,0.668615,0.662078,0.692226,0.598691,0.678941,0.758923,0.672800,0.672967,0.687495
0.693626,0.665322,0.645955,0.624518,0.894921,0.661289,0.755466,0.749966,0.706624,0.651103
0.677365,0.698393,0.708264,0.655881,0.283750,0.683619,0.722039,0.698120,0.671589,0.718646
0.765565,0.744117,0.587753,0.679930,0.516444,0.735487,0.710237,0.657825,0.710103,0.749016
0.711343,0.722959,0.669965,0.649532,0.679944,0.572843,0.706324,0.648816,0.707068,0.703171
0.733951,0.703083,0.727879,0.682206,0.702483,0.668339,0.671148,0.694083,0.695427,0.697225
0.706574,0.705001,0.689395,0.707208,0.670918,0.712143,0.693542,0.698767,0.707336,0.682182
0.678330,0.682273,0.623911,0.602837,0.702047,0.748069,0.723118,0.646255,0.694564,0.702893
0.710559,0.689920,0.706566,0.655802,0.626900,0.667172,0.702050,0.726191,0.696326,0.693684
0.652364,0.680552,0.711497,0.653013,0.546446,0.654563,0.716228,0.691741,0.668231,0.690943
0.676522,0.675296,0.728417,0.703781,0.833684,0.704222,0.726064,0.700337,0.670474,0.676897
0.741519,0.644908,0.727171,0.554120,0.881569,0.619425,0.686843,0.763657,0.685004,0.728643
0.709750,0.721906,0.685332,0.697151,0.817448,0.791627,0.674250,0.653700,0.684763,0.686170
0.652235,0.697964,0.666484,0.757897,0.553355,0.690253,0.677290,0.745309,0.710842,0.712672
0.685355,0.740049,0.614740,0.685621,0.796387,0.721381,0.760003,0.661603,0.682893,0.703757
0.737497,0.727896,0.731961,0.710216,0.785371,0.767603,0.664909,0.616920,0.679199,0.640872
0.679486,0.710990,0.701708,0.710262,0.709132,0.739313,0.677059,0.696534,0.693812,0.705785
0.729697,0.724463,0.694834,0.737669,0.780063,0.698111,0.660846,0.659290,0.657635,0.703581
0.714839,0.727092,0.650514,0.696442,0.349054,0.684822,0.731730,0.689765,0.692564,0.625835
0.757001,0.642781,0.733786,0.701812,0.804569,0.594592,0.648705,0.668212,0.727264,0.705709
0.681646,0.678747,0.644996,0.660878,0.611579,0.684744,0.730810,0.660817,0.686799,0.701573
0.717545,0.726340,0.643443,0.605452,0.730569,0.723897,0.648967,0.698380,0.744242,0.730911
0.648903,0.625919,0.631658,0.716281,0.640706,0.628601,0.663267,0.671266,0.666650,0.643619
0.672327,0.700641,0.704221,0.762533,0.741278,0.774330,0.748408,0.677922,0.690572,0.666028
0.654187,0.761251,0.665789,0.743006,0.763156,0.692992,0.650279,0.687102,0.772023,0.654967
0.663233,0.656927,0.687000,0.675407,0.719416,0.792684,0.658606,0.724638,0.657678,0.666606
0.706464,0.715020,0.586408,0.600904,0.694690,0.652602,0.822428,0.601978,0.663499,0.708523
0.759986,0.726893,0.712831,0.685925,0.726697,0.565470,0.679879,0.715204,0.718810,0.651810
0.608878,0.659295,0.700197,0.786295,0.493963,0.669500,0.668596,0.730638,0.663060,0.711501
0.726774,0.673127,0.730896,0.669375,0.669326,0.738417,0.656295,0.702744,0.704570,0.679686
0.612844,0.695574,0.720077,0.556600,0.919079,0.758548,0.688724,0.727413,0.702362,0.693506
0.664563,0.702956,0.713382,0.770398,0.679783,0.671788,0.710081,0.708323,0.687464,0.693327
0.684452,0.654077,0.686518,0.728914,0.556072,0.688783,0.657576,0.623251,0.735172,0.735415
0.706158,0.751873,0.676878,0.764141,0.759451,0.724790,0.677314,0.743674,0.751546,0.692511
0.692726,0.697059,0.735944,0.672306,0.794516,0.677293,0.706384,0.649284,0.642597,0.714202
0.672902,0.712102,0.705278,0.701467,0.580938,0.678245,0.654611,0.716944,0.707781,0.688014
0.683481,0.685196,0.687968,0.687529,0.523982,0.666879,0.690574,0.717833,0.690881,0.707461
0.716690,0.665146,0.727507,0.595045,0.773557,0.742014,0.702356,0.677572,0.723752,0.667288
0.679802,0.686547,0.672300,0.687035,0.694515,0.677968,0.733945,0.688217,0.680675,0.678028
0.698836,0.725764,0.701467,0.574249,0.766503,0.510057,0.649546,0.694999,0.697580,0.683012
0.634240,0.733305,0.711068,0.805073,0.641582,0.677135,0.639287,0.711632,0.735862,0.749186
0.686072,0.739386,0.724676,0.678333,0.794588,0.587147,0.638496,0.718611,0.711311,0.724729
0.675858,0.742456,0.685687,0.645965,0.851449,0.801111,0.664275,0.732834,0.750994,0.716644
0.695964,0.694087,0.700125,0.713739,0.686963,0.750639,0.748357,0.654297,0.686103,0.691984
0.746528,0.694654,0.662557,0.812607,0.557830,0.682943,0.691067,0.676336,0.707483,0.657738
0.680796,0.664576,0.715836,0.678825,0.768004,0.673686,0.715184,0.738503,0.656694,0.663500
0.695518,0.672870,0.645332,0.656767,0.613536,0.708202,0.666430,0.709018,0.685465,0.692612
0.730869,0.639422,0.684917,0.699306,0.958661,0.779061,0.671974,0.708874,0.651296,0.728708
0.712488,0.722785,0.698239,0.754027,0.637753,0.803958,0.687081,0.820648,0.684651,0.710192
0.705640,0.679904,0.670628,0.716906,0.757200,0.781578,0.657823,0.699531,0.704254,0.696914
0.721913,0.669457,0.676710,0.739979,0.791442,0.604639,0.694235,0.689257,0.727818,0.676387
0.681212,0.636483,0.650165,0.749135,0.832315,0.626003,0.700664,0.700235,0.717016,0.703055
0.671751,0.676200,0.746626,0.765996,0.713948,0.665107,0.695255,0.675038,0.692771,0.699941
0.675227,0.706877,0.693903,0.625490,0.640561,0.554771,0.732282,0.698046,0.705154,0.699325
0.702635,0.697903,0.651764,0.722953,0.728199,0.673507,0.652816,0.692335,0.665642,0.680393
0.670169,0.685214,0.723329,0.794716,0.745021,0.860192,0.624052,0.751283,0.724434,0.629862
0.705566,0.701707,0.706537,0.760009,0.584836,0.783235,0.677641,0.706665,0.740626,0.706999
0.691975,0.696531,0.762290,0.686401,0.734361,0.520064,0.579810,0.633619,0.703042,0.717269
0.625729,0.737077,0.733261,0.676291,0.556948,0.729231,0.664713,0.774735,0.679416,0.689843
0.719330,0.716900,0.725222,0.692079,0.626446,0.707305,0.687142,0.726659,0.662556,0.719959
0.681888,0.704669,0.714880,0.705345,0.849487,0.829896,0.709591,0.713959,0.675005,0.697270
0.709730,0.669687,0.692507,0.635202,0.573039,0.647636,0.675952,0.643246,0.664649,0.701159
0.687323,0.664628,0.647772,0.729734,0.624440,0.683740,0.729580,0.718633,0.689767,0.662906
0.723374,0.661121,0.704664,0.763459,0.690607,0.690252,0.718188,0.623380,0.684164,0.719871
0.665471,0.682825,0.688970,0.700260,0.489733,0.662862,0.722266,0.671666,0.683636,0.687230
0.699705,0.686169,0.653257,0.708955,0.959839,0.783502,0.664436,0.682427,0.711782,0.691372
0.685202,0.679570,0.656587,0.648057,0.508521,0.613522,0.672364,0.691725,0.693694,0.664303
0.697687,0.688596,0.711063,0.579064,0.762058,0.765929,0.673779,0.751923,0.649670,0.673987
0.685962,0.672821,0.730339,0.726221,0.757957,0.612684,0.703071,0.735232,0.662202,0.679721
0.662437,0.683830,0.657263,0.788614,0.710614,0.800018,0.693975,0.710950,0.738056,0.671811
0.690806,0.720620,0.653301,0.706330,0.694178,0.688396,0.695122,0.690268,0.700618,0.674398
0.701809,0.687007,0.685183,0.703584,0.477823,0.765089,0.689750,0.662672,0.732895,0.656212
0.713111,0.630432,0.711863,0.678904,0.707609,0.667157,0.699322,0.711326,0.716473,0.646968
0.707888,0.689767,0.609213,0.732173,0.732700,0.678248,0.677195,0.688878,0.672842,0.704567
0.747742,0.688211,0.666814,0.740762,0.356048,0.669042,0.766899,0.751895,0.697677,0.649547
0.672956,0.640234,0.642834,0.589830,0.652293,0.683699,0.797924,0.679716,0.750751,0.719956
0.624166,0.613704,0.726524,0.655918,0.628818,0.844651,0.675791,0.704261,0.683777,0.691086
0.686204,0.610739,0.759978,0.717916,0.791636,0.700327,0.751854,0.644456,0.705506,0.638627
0.703605,0.723400,0.836695,0.695777,0.757261,0.677041,0.827058,0.685722,0.685288,0.714049
0.718499,0.721373,0.679273,0.686221,0.501752,0.720056,0.683167,0.765647,0.685922,0.677262
0.703640,0.679629,0.695556,0.728766,0.795517,0.720973,0.622496,0.643606,0.684245,0.710531
0.690164,0.669394,0.722112,0.689530,0.554247,0.662627,0.716398,0.675429,0.721872,0.722364
0.698780,0.717678,0.716679,0.747574,0.621256,0.627430,0.693968,0.669223,0.699502,0.670286
0.627360,0.772111,0.654634,0.698164,0.686518,0.629969,0.702220,0.708379,0.729749,0.752559
0.698987,0.677089,0.688148,0.719069,0.505790,0.704822,0.705149,0.688860,0.721086,0.682462
0.732239,0.630700,0.635522,0.674574,0.703525,0.669186,0.694841,0.694786,0.713840,0.693716
0.665689,0.722040,0.730173,0.734948,0.695586,0.717418,0.751597,0.592447,0.644562,0.668704
0.682150,0.730037,0.716952,0.610573,0.732851,0.699563,0.667851,0.787722,0.687936,0.733561
0.685986,0.682412,0.649296,0.741400,0.650016,0.635897,0.724483,0.627436,0.747035,0.668168
0.680887,0.674695,0.673101,0.712627,0.871013,0.642160,0.692621,0.714397,0.645260,0.699404
0.707415,0.662707,0.702045,0.672754,0.585626,0.747889,0.699686,0.667085,0.703961,0.704278
0.720339,0.682331,0.703803,0.667673,0.604367,0.693570,0.691170,0.720766,0.660654,0.698068
0.686197,0.737600,0.687931,0.618479,0.748410,0.553545,0.701872,0.731452,0.695602,0.711712
0.732969,0.709719,0.683336,0.653999,0.720769,0.656665,0.691096,0.673756,0.742341,0.691949
0.738663,0.685547,0.745474,0.748754,0.656838,0.745652,0.730208,0.772232,0.707003,0.716989
0.690356,0.710004,0.666519,0.725621,0.665436,0.599017,0.713349,0.704322,0.682344,0.684302
0.673140,0.702806,0.700155,0.752776,0.714923,0.637353,0.695144,0.639610,0.667742,0.682897
0.699980,0.678990,0.684136,0.674639,0.677857,0.733897,0.688650,0.677661,0.671795,0.675666
0.647673,0.672200,0.668825,0.541964,0.657149,0.769360,0.701197,0.724407,0.734025,0.704287
0.690077,0.677702,0.690735,0.677727,0.668144,0.685334,0.683463,0.714320,0.714479,0.695892
0.703324,0.673480,0.645443,0.600057,0.732131,0.519140,0.734017,0.684713,0.702947,0.671414
0.685419,0.681169,0.669016,0.703206,0.746021,0.729898,0.693425,0.682847,0.686970,0.706708
0.671686,0.664042,0.668308,0.701500,0.605976,0.659306,0.670634,0.684104,0.682870,0.664859
0.672580,0.619944,0.674739,0.748586,0.735414,0.658515,0.731560,0.700692,0.688695,0.726577
0.741619,0.706308,0.705633,0.686118,0.721036,0.675869,0.563376,0.686479,0.652087,0.652445
0.670933,0.768058,0.647550,0.587926,0.695822,0.637019,0.778124,0.713711,0.716747,0.638375
0.642262,0.696124,0.663548,0.608883,0.853916,0.712148,0.617431,0.675354,0.736945,0.696269
0.728929,0.709890,0.678830,0.701451,0.749525,0.634654,0.700007,0.663816,0.699567,0.684936
0.682065,0.666697,0.647276,0.733498,0.858552,0.547032,0.694373,0.708404,0.676517,0.689133
0.686302,0.630711,0.690733,0.672715,0.855183,0.474754,0.661797,0.707029,0.672446,0.710876
0.712759,0.721840,0.722885,0.665876,0.671351,0.611565,0.680290,0.719492,0.667117,0.673433
0.717788,0.693704,0.711308,0.650321,0.566676,0.729049,0.705244,0.726532,0.682780,0.673162
0.654603,0.680706,0.761117,0.522828,0.791046,0.700395,0.714004,0.792111,0.596152,0.690730
0.687441,0.682112,0.754243,0.724361,0.635868,0.701897,0.736225,0.698432,0.711352,0.669212
0.670430,0.700715,0.663001,0.614751,0.672001,0.609856,0.705380,0.682378,0.732431,0.689225
0.726693,0.631357,0.627566,0.699375,0.546931,0.790002,0.719945,0.728515,0.716617,0.681107
0.714709,0.696275,0.733697,0.660303,0.683726,0.562478,0.630636,0.743695,0.680663,0.697246
0.658570,0.688062,0.689891,0.693907,0.540147,0.744923,0.685000,0.652009,0.692604,0.654976
0.714258,0.621440,0.742956,0.737274,0.499058,0.668118,0.645314,0.717524,0.680991,0.706231
0.682642,0.620765,0.727399,0.722107,0.727941,0.616199,0.725707,0.714223,0.669456,0.654791
0.723842,0.684231,0.639823,0.613161,0.743446,0.656354,0.698997,0.700376,0.691750,0.711809
0.697884,0.699096,0.691999,0.606387,0.740034,0.629734,0.715913,0.709723,0.735262,0.698077
0.692283,0.638373,0.701438,0.652182,0.814541,0.701058,0.716688,0.680044,0.829447,0.695568
0.707171,0.691698,0.669363,0.662138,0.655284,0.662509,0.687665,0.646569,0.693885,0.707440
0.651865,0.721099,0.619091,0.649281,0.636756,0.646692,0.613881,0.684223,0.599085,0.719727
0.697543,0.669951,0.697181,0.697314,0.515977,0.717772,0.678853,0.681692,0.696940,0.711758
0.696847,0.695400,0.722748,0.652420,0.500093,0.719122,0.647374,0.659959,0.677579,0.689700
0.693548,0.696265,0.814751,0.744900,0.758702,0.728894,0.781482,0.698495,0.685233,0.686767
0.695018,0.754438,0.726006,0.719393,0.614589,0.593618,0.709122,0.779935,0.709277,0.699986
0.673552,0.747772,0.728836,0.701411,0.501227,0.737572,0.720393,0.714183,0.685192,0.677141
0.671457,0.687192,0.743858,0.654942,0.254226,0.683436,0.699379,0.708862,0.734643,0.661346
0.666736,0.698548,0.604862,0.617367,0.616290,0.726084,0.704713,0.668858,0.686315,0.671691
0.614132,0.642133,0.679180,0.692160,0.728363,0.596303,0.675367,0.684169,0.700579,0.661168
0.704715,0.663098,0.668748,0.608206,0.655752,0.781110,0.698370,0.692304,0.677829,0.703816
0.671476,0.679067,0.683532,0.595305,0.488642,0.702060,0.640432,0.696288,0.687915,0.686005
0.714331,0.737289,0.659733,0.663206,0.798580,0.651712,0.615861,0.723846,0.635731,0.671351
0.651999,0.691879,0.704746,0.695577,0.611170,0.646305,0.643353,0.717809,0.704453,0.711259
0.685380,0.611262,0.710082,0.648575,0.440136,0.714272,0.715816,0.709377,0.742981,0.656398
0.683676,0.746371,0.679857,0.688827,0.643183,0.642200,0.719953,0.744568,0.648415,0.721239
0.711557,0.706841,0.670282,0.650786,0.632274,0.613035,0.688668,0.701941,0.712860,0.704501
0.759588,0.692979,0.629742,0.714769,0.793980,0.606240,0.731844,0.684443,0.691985,0.699618
0.691849,0.675283,0.682678,0.707153,0.547100,0.620641,0.600853,0.680101,0.659487,0.696533
0.723856,0.724172,0.724075,0.667169,0.731185,0.815248,0.720990,0.636981,0.676658,0.672261
0.746338,0.684714,0.726921,0.701145,0.772842,0.738171,0.764508,0.743099,0.676737,0.731934
0.703881,0.671854,0.654032,0.784211,0.887159,0.556212,0.687635,0.626421,0.701160,0.705845
0.696713,0.733678,0.663185,0.794043,0.738797,0.540502,0.693895,0.697358,0.708523,0.711791
0.629485,0.686257,0.670164,0.559693,0.542936,0.678197,0.694462,0.663243,0.712187,0.675177
0.694357,0.659961,0.750703,0.609201,0.682185,0.814329,0.669736,0.694628,0.688507,0.674083
0.699308,0.748746,0.725114,0.635508,0.746959,0.617775,0.673910,0.729532,0.694203,0.730951
0.632757,0.697078,0.717208,0.686133,0.531207,0.664437,0.727685,0.679453,0.698991,0.695344
0.701922,0.671759,0.648317,0.635430,0.620674,0.673964,0.688440,0.687008,0.673468,0.690680
0.692551,0.673470,0.705544,0.682980,0.864657,0.596791,0.670960,0.741138,0.698697,0.670844
0.670459,0.736492,0.665946,0.818622,0.920158,0.733832,0.666716,0.663620,0.682473,0.687638
0.674283,0.699660,0.626350,0.613855,0.472558,0.691197,0.659696,0.677175,0.688063,0.706689
0.677514,0.676184,0.629234,0.777435,0.792037,0.612343,0.706881,0.666972,0.689719,0.660786
0.696653,0.635259,0.651304,0.632111,0.909293,0.684695,0.683515,0.751785,0.716617,0.659913
0.691917,0.673761,0.632813,0.737500,0.527570,0.628143,0.633286,0.695519,0.721177,0.739943
0.708148,0.676442,0.673994,0.749037,0.879527,0.658366,0.669689,0.675701,0.741319,0.706101
0.703725,0.626590,0.681736,0.598256,0.856178,0.651572,0.685894,0.725146,0.747413,0.677757
0.692279,0.686237,0.637272,0.718113,0.572555,0.590147,0.722001,0.670734,0.743785,0.672487
0.694819,0.675636,0.665722,0.770641,0.951425,0.731453,0.688849,0.709700,0.711818,0.691528
0.676316,0.669064,0.638171,0.707292,0.933882,0.770521,0.717049,0.652613,0.656054,0.720002
0.687112,0.709585,0.708227,0.756537,0.353373,0.707903,0.648156,0.801970,0.711325,0.699376
0.680425,0.718182,0.730904,0.710492,0.866024,0.749704,0.740134,0.659095,0.673295,0.687066
0.743249,0.727690,0.685091,0.697508,0.820367,0.737117,0.674760,0.680125,0.688264,0.648369
0.724391,0.715413,0.617285,0.636219,0.699995,0.758524,0.625828,0.671761,0.676536,0.676264
0.656122,0.684973,0.654327,0.632562,0.625046,0.692511,0.644665,0.675947,0.749109,0.732429
0.645657,0.726918,0.674530,0.761469,0.815448,0.771820,0.628004,0.716497,0.728855,0.683548
0.706917,0.695013,0.699587,0.672458,0.577645,0.672811,0.680904,0.678930,0.681366,0.680352
0.712235,0.715108,0.697003,0.717355,0.539496,0.676778,0.703859,0.757533,0.650897,0.688778
0.704652,0.674145,0.698758,0.673118,0.695908,0.665877,0.750256,0.668004,0.762637,0.781823
0.658496,0.667536,0.695499,0.657287,0.670889,0.673352,0.684117,0.699377,0.777289,0.692932
0.695082,0.607337,0.701267,0.693165,0.620578,0.668794,0.699479,0.645136,0.676688,0.701185
0.709402,0.675665,0.754604,0.702747,0.647082,0.579886,0.720932,0.701973,0.693756,0.729101
0.673831,0.663672,0.723068,0.684143,0.555837,0.747936,0.617851,0.705968,0.662008,0.675849
0.690181,0.690313,0.681554,0.715658,0.770817,0.702065,0.700258,0.705216,0.675050,0.671687
0.674535,0.727288,0.642550,0.590583,0.746356,0.508133,0.720120,0.708123,0.732406,0.691072
0.688444,0.692593,0.721156,0.728286,0.183689,0.628753,0.692514,0.644517,0.698181,0.718678
0.651091,0.655927,0.754681,0.684880,0.649002,0.727621,0.645982,0.696914,0.703223,0.651191
0.702045,0.666988,0.692079,0.669288,0.535356,0.766703,0.720297,0.708999,0.700519,0.674874
0.703791,0.675094,0.690309,0.742691,0.430424,0.658457,0.682759,0.710022,0.714077,0.664972
0.738301,0.642847,0.655030,0.727490,0.797955,0.669102,0.670984,0.720265,0.700517,0.714258
0.632979,0.747898,0.696745,0.741203,0.765104,0.647795,0.602652,0.721962,0.684977,0.741796
0.687396,0.702079,0.672878,0.668186,0.341725,0.633998,0.698315,0.722517,0.691380,0.670124
0.673038,0.710920,0.686602,0.627614,0.522290,0.656059,0.704155,0.682625,0.620794,0.699779
0.637164,0.716513,0.736852,0.619724,0.599799,0.799554,0.681185,0.738564,0.693212,0.734464
0.761648,0.680900,0.663325,0.588430,0.745286,0.689224,0.675329,0.733072,0.668402,0.727035
0.688376,0.722565,0.684258,0.702415,0.743466,0.676157,0.741154,0.655673,0.742274,0.652083
0.706215,0.716463,0.717623,0.674454,0.848478,0.613657,0.692721,0.697029,0.665726,0.686360
0.676642,0.669085,0.626342,0.716633,0.817627,0.669479,0.659827,0.695794,0.727081,0.662686
0.694126,0.727796,0.700635,0.745004,0.541063,0.843077,0.699123,0.706253,0.680172,0.667261
0.721668,0.695391,0.649813,0.704229,0.626856,0.668551,0.653916,0.692692,0.701819,0.689740
0.691083,0.733118,0.702194,0.734047,0.673949,0.632070,0.705322,0.665569,0.692978,0.680383
0.636663,0.657343,0.645964,0.741373,0.652737,0.833714,0.678284,0.680604,0.594158,0.663977
0.680874,0.669336,0.749643,0.709826,0.691028,0.641904,0.749123,0.697281,0.700255,0.708888
0.619971,0.726170,0.735193,0.750130,0.668807,0.735402,0.670091,0.621990,0.745208,0.633077
0.695402,0.681283,0.684524,0.670477,0.599324,0.690670,0.699532,0.692371,0.669415,0.681644
0.703060,0.748625,0.696028,0.703186,0.776584,0.652144,0.704221,0.739307,0.727742,0.689914
0.707767,0.649469,0.710349,0.587058,0.692756,0.707016,0.675959,0.748712,0.672594,0.683182
0.708988,0.693745,0.782168,0.763281,0.744338,0.759149,0.721561,0.688558,0.704285,0.681028
0.747671,0.660764,0.759033,0.624829,0.781741,0.650236,0.609517,0.677550,0.637025,0.735372
0.740430,0.631768,0.723039,0.654395,0.858861,0.704244,0.583472,0.779653,0.694010,0.642994
0.662265,0.663961,0.679224,0.692214,0.723803,0.579181,0.729678,0.738926,0.732674,0.742025
0.736323,0.754164,0.744491,0.465106,0.644978,0.743856,0.680117,0.724331,0.645032,0.708830
0.691254,0.700678,0.694109,0.689336,0.474618,0.646806,0.691614,0.683302,0.708012,0.690251
0.671873,0.684417,0.661443,0.671354,0.718730,0.748721,0.695762,0.703740,0.690251,0.713519
0.692139,0.685634,0.739530,0.615422,0.637985,0.587339,0.603956,0.705046,0.690674,0.655561
0.656400,0.697168,0.687807,0.658497,0.564448,0.694496,0.717656,0.714974,0.687470,0.698927
0.689583,0.687982,0.729797,0.701520,0.672406,0.700209,0.723564,0.692225,0.685137,0.689093
0.658981,0.630275,0.708404,0.662265,0.664414,0.771755,0.696268,0.680804,0.700774,0.678246
0.679795,0.713134,0.630927,0.675459,0.758493,0.677371,0.673154,0.686573,0.678261,0.693687
0.688577,0.689189,0.739660,0.652130,0.527063,0.679704,0.708896,0.687114,0.669161,0.693825
0.732961,0.759974,0.706511,0.546863,0.729793,0.634337,0.730035,0.728224,0.691127,0.695751
0.635767,0.692147,0.805326,0.813721,0.741820,0.651051,0.698745,0.646154,0.725794,0.729660
0.654480,0.657878,0.699684,0.715502,0.702372,0.607097,0.694145,0.722110,0.690902,0.684988
0.724531,0.723377,0.686326,0.724506,0.251539,0.708713,0.725388,0.661358,0.652975,0.724703
0.701714,0.674011,0.695086,0.702506,0.651034,0.721368,0.707374,0.663830,0.674535,0.707281
0.659434,0.723103,0.600143,0.721748,0.543657,0.732189,0.690910,0.726991,0.721368,0.682671
0.660308,0.735329,0.688069,0.752145,0.874918,0.684702,0.639877,0.711079,0.734436,0.666691
0.665621,0.673810,0.660295,0.768876,0.659752,0.716870,0.594743,0.697858,0.682544,0.725358
0.688422,0.686975,0.679780,0.687189,0.528735,0.627985,0.692867,0.699096,0.666121,0.707137
0.742698,0.710554,0.698327,0.563750,0.631435,0.697623,0.688860,0.707372,0.731515,0.672887
0.669509,0.683897,0.713425,0.716998,0.776708,0.696748,0.694413,0.691846,0.670751,0.693594
0.693287,0.680526,0.678510,0.753033,0.427998,0.666717,0.700307,0.690892,0.700009,0.687133
0.701841,0.627922,0.701665,0.649174,0.621831,0.672661,0.674157,0.616589,0.645594,0.716946
0.720557,0.742467,0.676735,0.690712,0.890478,0.791169,0.701037,0.687276,0.746544,0.704598
0.686499,0.648982,0.720016,0.660534,0.681082,0.574876,0.706711,0.717159,0.668693,0.679784
0.665245,0.671957,0.671063,0.852758,0.725074,0.762356,0.688844,0.739272,0.683605,0.696734
0.746833,0.713345,0.756846,0.633665,0.588438,0.715741,0.647631,0.659042,0.663407,0.631508
0.683516,0.684210,0.727497,0.729928,0.821097,0.711461,0.656467,0.699102,0.737444,0.704403
0.621556,0.677010,0.751050,0.619316,0.686215,0.695235,0.635305,0.633320,0.696810,0.676573
0.668474,0.638299,0.692991,0.684955,0.576542,0.690735,0.680849,0.663297,0.631717,0.702966
0.695547,0.693638,0.717636,0.660887,0.551443,0.761256,0.698106,0.688259,0.717566,0.686895
0.714726,0.604420,0.662984,0.624770,0.452922,0.756970,0.710809,0.641267,0.684909,0.749736
0.593574,0.695887,0.733036,0.753162,0.841681,0.742626,0.610824,0.734783,0.773580,0.631677
0.691327,0.658214,0.635142,0.716451,0.744848,0.734046,0.717661,0.686037,0.754270,0.706691
0.690193,0.678374,0.658783,0.722013,0.684837,0.759992,0.689907,0.675288,0.687892,0.692643
0.691435,0.722887,0.673314,0.683978,0.759066,0.595205,0.730752,0.688867,0.680604,0.698012
0.670275,0.722791,0.673159,0.648309,0.713295,0.664269,0.715377,0.707929,0.720264,0.688478
0.666467,0.670528,0.671901,0.673444,0.817711,0.714597,0.664261,0.721973,0.657437,0.693320
0.720914,0.600262,0.714831,0.697409,0.786150,0.818038,0.697140,0.751591,0.706820,0.743245
0.673837,0.682331,0.782422,0.748490,0.746411,0.493328,0.740542,0.753118,0.655112,0.687250
0.689013,0.698877,0.731216,0.750278,0.892524,0.784971,0.712567,0.692501,0.692814,0.703345
0.643753,0.750322,0.719465,0.699816,0.653296,0.669100,0.706011,0.687450,0.718760,0.682437
0.673245,0.708547,0.722286,0.647024,0.544707,0.917513,0.700541,0.626810,0.689478,0.726076
0.644195,0.684317,0.706192,0.638437,0.447843,0.663344,0.642473,0.676611,0.684491,0.675581
0.680541,0.712458,0.688659,0.695464,0.909187,0.693411,0.700518,0.725446,0.678136,0.689979
0.748661,0.689752,0.773696,0.756758,0.674126,0.665381,0.703234,0.675147,0.687701,0.669916
0.661702,0.683840,0.727858,0.673413,0.787836,0.579634,0.748287,0.752902,0.640684,0.640163
0.665753,0.717671,0.699762,0.767090,0.707802,0.729999,0.581502,0.686491,0.614897,0.678470
0.644326,0.691818,0.666327,0.676502,0.715832,0.470632,0.690519,0.772087,0.649757,0.683506
0.693497,0.715039,0.618112,0.757381,0.815726,0.743123,0.678260,0.731353,0.697259,0.732925
0.684177,0.730387,0.714233,0.675565,0.551583,0.728669,0.713843,0.758413,0.672174,0.641927
0.673788,0.686665,0.707757,0.713206,0.615308,0.665565,0.709305,0.673505,0.692367,0.690367
0.662252,0.688451,0.717260,0.651431,0.346288,0.628218,0.707644,0.687795,0.662168,0.669034
0.683911,0.708479,0.731888,0.636103,0.731089,0.616994,0.616925,0.667855,0.710669,0.690685
0.660566,0.699345,0.713745,0.728892,0.726276,0.659876,0.676422,0.710978,0.731645,0.695342
0.685877,0.730776,0.689411,0.678406,0.650848,0.644564,0.659415,0.685759,0.682255,0.706245
0.641986,0.688816,0.730057,0.673402,0.501152,0.665596,0.619542,0.679505,0.701467,0.703683
0.634481,0.656954,0.605297,0.705754,0.628927,0.699402,0.804141,0.661067,0.700538,0.740425
0.686614,0.639536,0.645761,0.650724,0.555713,0.795947,0.691454,0.655073,0.751976,0.663750
0.675269,0.686016,0.749393,0.588516,0.707465,0.709244,0.653233,0.742016,0.724745,0.616283
0.700618,0.715870,0.653168,0.727948,0.792185,0.720868,0.663886,0.735438,0.751646,0.665590
0.739428,0.629085,0.713621,0.694855,0.500808,0.666177,0.722050,0.640860,0.638146,0.708196
0.664434,0.685135,0.718689,0.720108,0.675436,0.594766,0.667225,0.603786,0.721335,0.731219
0.695023,0.683438,0.687375,0.702206,0.655848,0.634385,0.694936,0.697270,0.683329,0.684715
0.670808,0.733955,0.632369,0.706915,0.786393,0.778740,0.674949,0.712467,0.647147,0.696980
0.724233,0.716736,0.743395,0.679271,0.738110,0.650846,0.724747,0.715330,0.698809,0.713280
0.683235,0.678040,0.665543,0.665702,0.675068,0.731671,0.689077,0.693578,0.670082,0.688089
0.677932,0.686015,0.655372,0.623627,0.744246,0.617731,0.749954,0.684250,0.699231,0.723790
0.712002,0.695379,0.660824,0.728579,0.671997,0.738578,0.739279,0.666511,0.731550,0.687205
0.666276,0.720492,0.691368,0.688064,0.567324,0.652913,0.666327,0.698914,0.695177,0.721799
0.712896,0.691658,0.792405,0.740595,0.646439,0.751026,0.755532,0.705316,0.706884,0.684704
0.693030,0.652982,0.715239,0.841656,0.737051,0.658884,0.650025,0.675514,0.685690,0.721549
0.680621,0.670277,0.653594,0.689944,0.510103,0.768902,0.682723,0.693853,0.677654,0.688284
0.684954,0.690990,0.715519,0.704154,0.779020,0.625231,0.699504,0.732081,0.669147,0.698422
0.673716,0.712026,0.651675,0.665972,0.650069,0.554397,0.695972,0.696167,0.719836,0.688310
0.678425,0.709563,0.729065,0.703491,0.650240,0.690695,0.681698,0.675579,0.691962,0.694505
0.679153,0.754502,0.696379,0.758855,0.646115,0.773732,0.698015,0.686853,0.691831,0.687537
0.653028,0.715294,0.749631,0.711060,0.766003,0.674000,0.708169,0.713068,0.593976,0.685122
0.671536,0.735363,0.662852,0.668248,0.678136,0.681164,0.786584,0.686614,0.635760,0.700809
0.668381,0.713058,0.655554,0.775077,0.547993,0.685827,0.691741,0.693161,0.671487,0.662184
0.619625,0.673212,0.769643,0.596212,0.785879,0.839921,0.733643,0.674222,0.666769,0.672803
0.602295,0.741901,0.657788,0.635066,0.722849,0.629445,0.712833,0.709174,0.703440,0.687778
0.726356,0.745912,0.646020,0.590614,0.615085,0.688685,0.706296,0.642624,0.636569,0.657827
0.664200,0.772523,0.662365,0.710888,0.672825,0.765648,0.650277,0.680951,0.696172,0.699697
0.688467,0.662333,0.684709,0.665438,0.569966,0.735332,0.654506,0.719673,0.645216,0.675020
0.678699,0.672485,0.697281,0.672216,0.558333,0.752055,0.689736,0.654207,0.695741,0.677974
0.709217,0.657797,0.727776,0.749113,0.761467,0.647171,0.722966,0.701091,0.705708,0.688628
0.675241,0.684904,0.691153,0.714394,0.635876,0.752423,0.733413,0.651884,0.671242,0.682463
0.644794,0.727878,0.705782,0.607523,0.938200,0.806717,0.673279,0.688068,0.607588,0.700352
0.662787,0.680438,0.576387,0.714836,0.627726,0.681629,0.624623,0.691164,0.682414,0.686766
0.637855,0.708644,0.655210,0.708527,0.519267,0.678150,0.714886,0.769373,0.717903,0.648154
0.685040,0.700887,0.757803,0.707368,0.503791,0.657219,0.641257,0.715733,0.636485,0.712322
0.663755,0.694218,0.752991,0.752351,0.738388,0.703204,0.813025,0.718429,0.652126,0.632879
0.699884,0.661099,0.707727,0.740758,0.526601,0.720034,0.710602,0.674616,0.693622,0.744999
0.705270,0.727834,0.670029,0.678646,0.592921,0.827527,0.633284,0.647122,0.707433,0.698716
0.664499,0.680671,0.663509,0.649931,0.515319,0.866973,0.707726,0.717402,0.669629,0.674713
0.745739,0.662798,0.800440,0.711124,0.667836,0.730419,0.656979,0.713862,0.621473,0.624747
0.690236,0.665276,0.647975,0.664839,0.738126,0.677374,0.708334,0.712987,0.690599,0.664551
0.701164,0.693739,0.690402,0.754603,0.719298,0.555626,0.723531,0.640218,0.668465,0.703746
0.737982,0.681546,0.686274,0.631175,0.774877,0.717460,0.688046,0.685252,0.730835,0.730413
0.718145,0.745911,0.716931,0.698138,0.696746,0.697188,0.724118,0.687893,0.648585,0.621930
0.694204,0.647398,0.647146,0.676111,0.675665,0.748001,0.688005,0.703882,0.707559,0.673441
0.663825,0.683278,0.665075,0.774851,0.960381,0.746590,0.658046,0.718842,0.705665,0.690084
0.678058,0.688956,0.706598,0.685770,0.723048,0.574270,0.744337,0.668170,0.649182,0.703645
0.716827,0.636668,0.684866,0.692781,0.656226,0.649279,0.671805,0.679734,0.624756,0.674613
0.713967,0.655997,0.658029,0.694907,0.824577,0.575196,0.711200,0.743112,0.718261,0.697138
0.685685,0.647287,0.728410,0.731382,0.853383,0.685743,0.724497,0.714600,0.676815,0.689627
0.701315,0.662185,0.646415,0.748439,0.842439,0.772007,0.661062,0.697842,0.722909,0.694513
0.674290,0.739672,0.615875,0.643619,0.431609,0.702128,0.583535,0.692037,0.686744,0.685162
0.624866,0.763403,0.688114,0.757243,0.588664,0.676961,0.684330,0.692696,0.724288,0.693207
0.699126,0.705296,0.672429,0.707529,0.834557,0.620336,0.673272,0.693153,0.668023,0.698468
0.741769,0.705190,0.620780,0.730934,0.503307,0.679248,0.743149,0.692222,0.705517,0.687625
0.701461,0.704188,0.706158,0.711079,0.655672,0.792680,0.716497,0.673363,0.659230,0.689750
0.697326,0.686588,0.658521,0.699966,0.750618,0.630181,0.686941,0.696403,0.691088,0.702679
0.734178,0.670333,0.688086,0.664146,0.514619,0.821274,0.701519,0.714929,0.696380,0.687870
0.664963,0.758342,0.669305,0.681834,0.716266,0.603362,0.647048,0.712355,0.669612,0.676790
0.696326,0.762523,0.707065,0.597563,0.714382,0.676859,0.640344,0.720285,0.766453,0.666596
0.687493,0.660795,0.704203,0.635960,0.747602,0.617890,0.732396,0.729211,0.659719,0.740318
0.678843,0.705939,0.646001,0.679102,0.633906,0.746838,0.667325,0.679312,0.688807,0.685326
0.686594,0.697318,0.644594,0.687522,0.619122,0.727390,0.657200,0.673046,0.709050,0.681209
0.704602,0.682919,0.659810,0.716161,0.885292,0.756732,0.682516,0.601586,0.637464,0.720481
0.680444,0.657594,0.771101,0.755563,0.682739,0.770715,0.767097,0.668788,0.697680,0.678069
0.717512,0.724162,0.668695,0.708213,0.614514,0.534242,0.694064,0.718149,0.711989,0.674454
0.677765,0.653733,0.653220,0.737825,0.579161,0.594274,0.736598,0.754397,0.698455,0.759960
0.694151,0.712190,0.678878,0.690751,0.705761,0.688155,0.712059,0.737125,0.679625,0.725427
0.712233,0.698901,0.726642,0.730234,0.895052,0.726159,0.682632,0.684270,0.723678,0.741387
0.663841,0.701270,0.720309,0.650183,0.594208,0.709060,0.670944,0.675449,0.665698,0.748470
0.678691,0.597356,0.692034,0.679573,0.622385,0.673685,0.689647,0.660566,0.731182,0.734173
0.649972,0.667686,0.683879,0.624601,0.562913,0.684538,0.675737,0.608868,0.680647,0.718271
0.669800,0.799377,0.672428,0.550127,0.631707,0.738494,0.747892,0.720587,0.701938,0.695058
0.701198,0.707293,0.685795,0.739117,0.828387,0.771678,0.728891,0.719389,0.688771,0.704939
0.715462,0.686761,0.594016,0.680239,0.814315,0.746899,0.640588,0.703499,0.687068,0.706487
0.725317,0.734000,0.730873,0.627148,0.689136,0.720993,0.697442,0.741752,0.728638,0.700168
0.706337,0.673008,0.661950,0.675261,0.493651,0.645914,0.693669,0.692585,0.680418,0.681222
0.662177,0.705517,0.660762,0.700349,0.733846,0.737286,0.679305,0.705392,0.687719,0.687975
0.711427,0.769178,0.666279,0.690600,0.842235,0.789825,0.729534,0.687078,0.676506,0.641727
0.682965,0.695018,0.754117,0.756298,0.789984,0.727940,0.735008,0.691861,0.680386,0.682527
0.773696,0.652970,0.653975,0.701499,0.485059,0.717532,0.728717,0.624497,0.652547,0.682187
0.615120,0.716456,0.683055,0.581042,0.613851,0.777732,0.572044,0.638537,0.682962,0.724562
0.687880,0.710053,0.573358,0.715461,0.844139,0.710564,0.699151,0.740280,0.712736,0.638817
0.695799,0.658505,0.713953,0.613173,0.741879,0.591450,0.719885,0.757631,0.723525,0.694111
0.730740,0.671610,0.727561,0.696767,0.713680,0.670318,0.724637,0.654182,0.739496,0.694389
0.804752,0.580355,0.661377,0.755078,0.642316,0.691540,0.801916,0.650851,0.625941,0.671909
0.662021,0.707714,0.691048,0.759840,0.697487,0.638054,0.732582,0.681556,0.705366,0.734944
0.681839,0.633177,0.689601,0.732511,0.686548,0.693450,0.636087,0.722066,0.664798,0.678380
0.671890,0.706507,0.676894,0.691900,0.822703,0.735115,0.652706,0.690228,0.669450,0.648362
0.713906,0.671163,0.737501,0.638148,0.528696,0.769597,0.699883,0.691531,0.673303,0.699764
0.693642,0.735800,0.664361,0.748163,0.562181,0.838638,0.690435,0.833605,0.733086,0.701547
0.704618,0.638150,0.727502,0.588594,0.694172,0.789603,0.687125,0.791774,0.723623,0.665453
0.651595,0.655390,0.738005,0.610996,0.649844,0.790338,0.666026,0.699187,0.669278,0.645158
0.650775,0.722042,0.752894,0.759728,0.536671,0.845889,0.656235,0.608935,0.751240,0.640707
0.694281,0.677127,0.732354,0.626303,0.753553,0.630348,0.730172,0.713933,0.730724,0.716244
0.694771,0.669629,0.696913,0.766377,0.736087,0.586917,0.656476,0.669745,0.689443,0.690115
0.720628,0.782163,0.659847,0.764507,0.823386,0.735560,0.708005,0.626114,0.644815,0.728708
0.733011,0.700426,0.713498,0.700541,0.601371,0.711225,0.618965,0.708431,0.691114,0.720426
0.649998,0.680321,0.663235,0.707759,0.859820,0.675595,0.686372,0.635222,0.762174,0.736027
0.699521,0.700709,0.677482,0.635771,0.725952,0.570808,0.740378,0.694063,0.702076,0.673516
0.700802,0.698022,0.666193,0.724718,0.855809,0.610927,0.682595,0.701883,0.668084,0.712827
0.675321,0.665136,0.632621,0.561658,0.597465,0.765890,0.710643,0.733591,0.631402,0.681983
0.699122,0.626164,0.692954,0.649580,0.577129,0.700785,0.709273,0.675628,0.729864,0.697681
0.700987,0.685075,0.745772,0.733703,0.749236,0.716016,0.735348,0.654249,0.652598,0.709089
0.693249,0.723433,0.691563,0.675628,0.697332,0.628077,0.712922,0.720245,0.735142,0.705314
0.684682,0.704447,0.676644,0.658665,0.591050,0.661351,0.697132,0.698511,0.692538,0.690638
0.697553,0.665909,0.682322,0.739921,0.678153,0.764235,0.702389,0.689202,0.715396,0.698485
0.685520,0.713054,0.691086,0.657191,0.707541,0.494176,0.710556,0.688450,0.733709,0.707523
0.674917,0.765806,0.692373,0.670962,0.578086,0.745950,0.678185,0.679256,0.683955,0.693191
0.694082,0.695042,0.652309,0.698101,0.710947,0.706440,0.659254,0.673415,0.670515,0.702513
0.760269,0.674947,0.745518,0.737849,0.753732,0.676104,0.693711,0.605629,0.699675,0.761794
0.644329,0.683044,0.687890,0.647309,0.795436,0.570658,0.696147,0.684720,0.649336,0.671980
0.713782,0.732823,0.667082,0.601155,0.851670,0.748913,0.747775,0.637447,0.729326,0.675184
0.747747,0.652944,0.694330,0.629917,0.652601,0.743886,0.694223,0.637624,0.650790,0.722644
0.636359,0.720279,0.690948,0.744430,0.650554,0.761737,0.668406,0.678338,0.686565,0.661332
0.776881,0.653209,0.741700,0.622627,0.703399,0.605627,0.680328,0.668150,0.706684,0.690762
0.719318,0.741594,0.737859,0.743807,0.549291,0.733103,0.698125,0.637056,0.698731,0.690513
0.700307,0.709568,0.700086,0.627743,0.696976,0.666102,0.681804,0.668122,0.707632,0.711518
0.701590,0.733037,0.720208,0.784397,0.744342,0.641154,0.712659,0.656502,0.685866,0.675282
0.702647,0.672701,0.741586,0.633665,0.784798,0.655388,0.686712,0.693219,0.718293,0.687137
0.705068,0.753903,0.682657,0.785907,0.608029,0.698152,0.744978,0.619575,0.657004,0.714771
0.625178,0.695239,0.676671,0.648935,0.635468,0.681045,0.724897,0.733838,0.625082,0.677719
0.709839,0.640269,0.695732,0.672171,0.607477,0.632703,0.609415,0.678676,0.702665,0.647252
0.675752,0.708461,0.698494,0.634984,0.682877,0.726047,0.691570,0.756305,0.656478,0.670906
0.660296,0.629459,0.727907,0.709899,0.630271,0.655486,0.708940,0.687957,0.763813,0.685134
0.671924,0.667296,0.732111,0.698098,0.705667,0.736066,0.726150,0.709563,0.667421,0.688167
0.673306,0.674164,0.639722,0.758520,0.837396,0.601468,0.680207,0.674727,0.742727,0.704555
0.711659,0.625591,0.648266,0.769474,0.943748,0.741939,0.665329,0.687519,0.731504,0.687628
0.671060,0.641222,0.629936,0.630691,0.741713,0.660337,0.682526,0.649290,0.649567,0.673021
0.641534,0.655106,0.681767,0.617445,0.687437,0.786422,0.665797,0.686240,0.715705,0.689136
0.718276,0.715550,0.595796,0.681893,0.496334,0.705242,0.710436,0.704404,0.678855,0.723905
0.707838,0.677001,0.671431,0.728932,0.708169,0.731313,0.728963,0.683622,0.674432,0.717427
0.637073,0.657292,0.693089,0.637932,0.661072,0.737843,0.713613,0.689384,0.720514,0.695049
0.705142,0.734237,0.624901,0.780442,0.622751,0.747210,0.693929,0.712341,0.685524,0.626035
0.678553,0.688713,0.672440,0.669946,0.611995,0.658074,0.677063,0.687571,0.666580,0.680262
0.634876,0.679744,0.730620,0.540284,0.828024,0.664868,0.733637,0.609435,0.704156,0.674314
0.659922,0.657814,0.810611,0.570559,0.679114,0.656901,0.573434,0.621333,0.714044,0.678854
0.678701,0.718170,0.699731,0.677413,0.693150,0.769499,0.671424,0.710776,0.708566,0.677125
0.611970,0.652281,0.697633,0.668014,0.831014,0.588809,0.649492,0.710226,0.681823,0.654007
0.729212,0.661499,0.660032,0.714610,0.691103,0.809962,0.700062,0.704994,0.693718,0.716507
0.681781,0.677897,0.642663,0.647430,0.675903,0.699237,0.677476,0.660825,0.665518,0.679255
0.715759,0.706074,0.678870,0.602653,0.706669,0.747343,0.724384,0.670036,0.704671,0.692181
0.708700,0.726817,0.647401,0.709877,0.698216,0.610591,0.691160,0.698108,0.693090,0.654007
0.684247,0.680032,0.745746,0.720394,0.868145,0.773465,0.725837,0.704113,0.666951,0.703018
0.738606,0.714102,0.690538,0.681609,0.681723,0.580552,0.619181,0.744949,0.673066,0.631985
0.660863,0.744276,0.666029,0.712639,0.600655,0.656107,0.683113,0.697608,0.688617,0.645381
0.686067,0.679488,0.699665,0.705545,0.730070,0.633677,0.695849,0.728480,0.672071,0.695462
0.723346,0.710573,0.711668,0.728668,0.765574,0.678444,0.652164,0.715079,0.710991,0.697321
0.715006,0.684839,0.654853,0.685029,0.540108,0.636673,0.738441,0.675633,0.668709,0.678408
0.673880,0.653575,0.675116,0.739920,0.751010,0.718883,0.749620,0.665832,0.630263,0.666336
0.709074,0.681764,0.691677,0.700003,0.698007,0.721827,0.679617,0.690247,0.682661,0.687229
0.709976,0.725895,0.749735,0.649107,0.696565,0.668287,0.600135,0.683321,0.588794,0.607484
0.685259,0.680650,0.592571,0.630688,0.668043,0.707475,0.620956,0.678743,0.669837,0.704744
0.690707,0.730905,0.673001,0.704081,0.773701,0.627092,0.685531,0.685847,0.647981,0.671773
0.671941,0.671690,0.690230,0.689056,0.868005,0.690980,0.750656,0.709906,0.781904,0.627546
0.682736,0.708530,0.721604,0.660616,0.394512,0.757919,0.714540,0.660134,0.704842,0.683744
0.693143,0.729045,0.727262,0.626354,0.739701,0.534930,0.682563,0.727171,0.701847,0.741221
0.646384,0.692354,0.725787,0.687002,0.735709,0.728296,0.637244,0.696576,0.753135,0.684081
0.691305,0.730447,0.658318,0.668420,0.722149,0.612063,0.679467,0.717096,0.677091,0.687872
0.716173,0.694301,0.694408,0.774276,0.617685,0.713223,0.713635,0.686297,0.712500,0.684756
0.701323,0.708297,0.616921,0.693081,0.677410,0.643484,0.638826,0.657867,0.701835,0.677454
0.702399,0.707560,0.618922,0.770273,0.659714,0.631275,0.769672,0.744584,0.759324,0.677084
0.694506,0.709919,0.660573,0.787199,0.620674,0.710200,0.672485,0.704874,0.654785,0.655495
0.697762,0.578519,0.687455,0.716812,0.978042,0.723222,0.668791,0.681406,0.719484,0.722216
0.723258,0.682969,0.725911,0.734430,0.808621,0.693530,0.681570,0.594712,0.677202,0.688249
0.751066,0.741610,0.658454,0.775337,0.629012,0.608037,0.770499,0.664484,0.719055,0.660540
0.645693,0.689183,0.768688,0.679904,0.818569,0.727329,0.748211,0.744632,0.633695,0.693559
0.720721,0.753588,0.662292,0.727931,0.477285,0.739614,0.722199,0.709078,0.667778,0.666470
0.668968,0.730937,0.695409,0.623629,0.636921,0.592354,0.708345,0.725602,0.673215,0.688579
0.762178,0.673296,0.675220,0.591044,0.868486,0.744306,0.735008,0.690042,0.762153,0.654716
0.645656,0.768635,0.662639,0.642819,0.654902,0.714429,0.713299,0.787658,0.682187,0.743158
0.677227,0.624205,0.667839,0.752908,0.844091,0.533362,0.656454,0.683745,0.726218,0.642988
0.668043,0.680319,0.656108,0.653019,0.569813,0.664558,0.765793,0.686304,0.684934,0.676462
0.701459,0.682226,0.683910,0.768118,0.760312,0.818979,0.667615,0.731855,0.663926,0.691347
0.695402,0.653646,0.639444,0.763230,0.874832,0.609583,0.697177,0.719263,0.705025,0.693133
0.657694,0.686553,0.694603,0.696257,0.858099,0.666690,0.646068,0.689961,0.718666,0.738911
0.708409,0.699162,0.781214,0.769407,0.634468,0.579363,0.742145,0.668536,0.723899,0.685693
0.663023,0.705854,0.711959,0.682199,0.491469,0.704068,0.736258,0.674571,0.724518,0.698104
0.681934,0.734057,0.707056,0.744731,0.831015,0.619769,0.689898,0.686031,0.671702,0.685484
0.716614,0.651011,0.689575,0.579017,0.692247,0.694146,0.674631,0.683271,0.718144,0.722022
0.687876,0.689610,0.650974,0.635094,0.904129,0.730948,0.724067,0.752128,0.624715,0.675006
0.646512,0.723677,0.642328,0.703027,0.730086,0.708516,0.564837,0.666921,0.731057,0.662082
0.699137,0.651891,0.668408,0.772539,0.751421,0.640861,0.697651,0.658108,0.709935,0.668831
0.687372,0.683483,0.655853,0.711064,0.840572,0.527727,0.693288,0.719786,0.680631,0.687628
0.715082,0.695993,0.700262,0.671049,0.688263,0.689138,0.625242,0.665945,0.675134,0.701043
0.702602,0.686765,0.690330,0.666778,0.709268,0.741961,0.743109,0.669786,0.694107,0.691332
0.683680,0.685576,0.694881,0.696140,0.640718,0.766970,0.711042,0.723196,0.705786,0.673497
0.724878,0.704280,0.689175,0.686771,0.718750,0.588465,0.730103,0.667266,0.643842,0.688292
0.661837,0.689385,0.646958,0.758083,0.753529,0.630999,0.713003,0.685501,0.667129,0.719080
0.680644,0.646474,0.758923,0.673781,0.600573,0.825267,0.672333,0.677005,0.708861,0.650587
0.678390,0.741436,0.691567,0.773040,0.479872,0.751266,0.635084,0.717806,0.742431,0.720077
0.737241,0.780136,0.639542,0.673900,0.702024,0.753522,0.765537,0.712790,0.683155,0.636123
0.692731,0.688881,0.708908,0.697137,0.580809,0.526907,0.658734,0.696180,0.702624,0.686325
0.723232,0.664539,0.754944,0.666271,0.649064,0.591794,0.640494,0.698718,0.688903,0.769457
0.672988,0.663038,0.703116,0.650739,0.646326,0.650805,0.633780,0.646013,0.683135,0.661210
0.682700,0.664101,0.670048,0.815827,0.549687,0.717998,0.708221,0.808436,0.680411,0.678645
0.719748,0.673295,0.736907,0.698238,0.628698,0.475193,0.621067,0.695020,0.669302,0.719415
0.705838,0.645727,0.667378,0.790143,0.633039,0.667515,0.749249,0.652611,0.695527,0.659777
0.694834,0.678291,0.709020,0.603974,0.640604,0.710657,0.663138,0.707906,0.679342,0.688096
0.702423,0.655805,0.669676,0.657565,0.607537,0.721184,0.670788,0.614211,0.730142,0.710637
0.767771,0.709951,0.756054,0.755496,0.584958,0.657801,0.595158,0.689534,0.630016,0.650358
0.679901,0.698286,0.671954,0.692595,0.635621,0.694385,0.729577,0.695352,0.686143,0.694968
0.711710,0.664725,0.674837,0.653886,0.714920,0.705205,0.716062,0.684097,0.680410,0.694578
0.709244,0.631853,0.695847,0.620427,0.810564,0.704241,0.731726,0.733589,0.672041,0.678950
0.705378,0.680622,0.665309,0.708152,0.642577,0.728050,0.678334,0.693695,0.684831,0.682660
0.714706,0.742935,0.650591,0.615619,0.696005,0.643283,0.684750,0.634915,0.621968,0.720142
0.592572,0.725157,0.710567,0.833068,0.649295,0.725487,0.682993,0.623695,0.748278,0.681660
0.711601,0.729352,0.684418,0.744352,0.495296,0.710403,0.690831,0.699931,0.695221,0.707734
0.698419,0.731016,0.704340,0.742567,0.789429,0.743607,0.699654,0.709897,0.694742,0.687495
0.731104,0.723888,0.755167,0.706570,0.631284,0.730837,0.659649,0.647723,0.733526,0.622220
0.700242,0.715877,0.701154,0.689550,0.774396,0.609436,0.671654,0.744840,0.716983,0.688293
0.682056,0.716265,0.722280,0.721488,0.780898,0.635535,0.690560,0.713121,0.670987,0.685128
0.704799,0.695944,0.668394,0.664003,0.724446,0.765489,0.712980,0.690659,0.688122,0.713037
0.712312,0.663009,0.721415,0.683861,0.458308,0.831539,0.696022,0.644493,0.735151,0.704004
0.704244,0.689602,0.707408,0.703470,0.391517,0.681330,0.678777,0.720295,0.714356,0.686274
0.698863,0.715694,0.697090,0.803639,0.706536,0.877888,0.686864,0.646495,0.672905,0.714863
0.661958,0.685047,0.684886,0.674518,0.856384,0.638924,0.663162,0.750545,0.654807,0.716403
0.700309,0.726448,0.711094,0.671648,0.538984,0.733763,0.696600,0.727915,0.669941,0.712710
0.686164,0.672172,0.648400,0.665065,0.728970,0.726653,0.685309,0.692150,0.662374,0.642965
0.659395,0.721273,0.656167,0.514719,0.813058,0.719727,0.746619,0.736754,0.776437,0.624023
0.622966,0.697101,0.687696,0.690996,0.690357,0.844356,0.663941,0.640332,0.685213,0.676689
0.708974,0.738856,0.758861,0.664370,0.806387,0.722381,0.738026,0.686925,0.636605,0.719675
0.667504,0.718530,0.669127,0.615043,0.678844,0.647724,0.723571,0.690144,0.728733,0.708737
0.664072,0.640944,0.736093,0.609649,0.690000,0.732040,0.723912,0.652608,0.698937,0.711968
0.621810,0.718288,0.621436,0.762052,0.618864,0.613639,0.759883,0.704790,0.728672,0.689240
0.693101,0.632328,0.734002,0.652512,0.662818,0.833296,0.722035,0.684103,0.715014,0.693604
0.715690,0.689498,0.601303,0.793925,0.579973,0.681443,0.605962,0.622668,0.696450,0.679814
0.688719,0.710492,0.584037,0.728771,0.581589,0.657568,0.732432,0.710156,0.674466,0.655655
0.697423,0.724769,0.748134,0.731036,0.725043,0.660234,0.718692,0.632859,0.655818,0.633801
0.639854,0.696529,0.682173,0.805286,0.749874,0.885587,0.694753,0.701356,0.709795,0.690727
0.777863,0.660521,0.737337,0.593562,0.778728,0.727288,0.627965,0.654936,0.627308,0.702093
0.688632,0.641148,0.680758,0.694485,0.788366,0.638872,0.753291,0.689720,0.689587,0.661364
0.686043,0.692526,0.665163,0.710389,0.690867,0.694170,0.666372,0.699585,0.682572,0.706532
0.712428,0.686643,0.640213,0.685717,0.594026,0.762325,0.635059,0.680764,0.701387,0.707612
0.674463,0.666720,0.715605,0.680083,0.579761,0.721429,0.699159,0.693858,0.685468,0.664070
0.706368,0.670974,0.663082,0.711482,0.859206,0.704536,0.718845,0.731741,0.684489,0.676173
0.709565,0.744804,0.641240,0.618364,0.695457,0.707223,0.663827,0.745847,0.642937,0.723427
0.687281,0.687707,0.733820,0.648415,0.907637,0.667571,0.636834,0.655477,0.736349,0.723138
0.598726,0.720271,0.757970,0.659939,0.654629,0.645624,0.554876,0.679135,0.739585,0.666475
0.658334,0.712071,0.655395,0.662192,0.615954,0.701027,0.708921,0.730407,0.711348,0.686355
0.683589,0.690949,0.704139,0.665968,0.260256,0.615263,0.739825,0.679847,0.675051,0.649484
0.659607,0.748688,0.652989,0.783252,0.601341,0.733659,0.586352,0.838411,0.724070,0.715200
0.723040,0.748735,0.699489,0.676555,0.603939,0.742745,0.712971,0.705377,0.677515,0.648367
0.645283,0.729488,0.706393,0.757986,0.625543,0.723718,0.682113,0.653626,0.711992,0.687678
0.693062,0.675596,0.702682,0.717497,0.658148,0.691992,0.676292,0.695663,0.690279,0.692631
0.663441,0.685122,0.713687,0.696227,0.590292,0.679557,0.677885,0.677332,0.693377,0.715949
0.693466,0.679875,0.705363,0.765345,0.603417,0.642625,0.676196,0.630340,0.715479,0.707287
0.656930,0.757561,0.709625,0.721862,0.513240,0.743830,0.681475,0.636015,0.649310,0.676109
0.680734,0.720289,0.685262,0.642936,0.445375,0.692790,0.672998,0.670068,0.618076,0.693623
0.686549,0.714947,0.643745,0.672512,0.464305,0.725862,0.716306,0.687645,0.679323,0.716677
0.691850,0.648660,0.729221,0.677384,0.528153,0.661604,0.728453,0.700261,0.685354,0.684526
0.607987,0.692742,0.679615,0.803188,0.899824,0.597853,0.627134,0.608259,0.664864,0.699286
0.726633,0.624528,0.715171,0.592974,0.501536,0.800124,0.713725,0.753187,0.730697,0.715408
0.727977,0.686867,0.710971,0.682342,0.771703,0.588062,0.751334,0.691025,0.722708,0.675995
0.683233,0.660550,0.708670,0.723265,0.747971,0.599752,0.691098,0.685140,0.686474,0.710307
0.669769,0.707361,0.802867,0.755803,0.730796,0.769167,0.752506,0.641639,0.680143,0.649753
0.701969,0.707924,0.659978,0.669593,0.673860,0.665118,0.664988,0.693511,0.671443,0.683347
0.732243,0.709087,0.600355,0.707041,0.688507,0.748912,0.730793,0.733383,0.669350,0.680333
0.673419,0.698973,0.674340,0.682650,0.753657,0.720431,0.661515,0.687824,0.682887,0.686683
0.722727,0.706431,0.658304,0.671367,0.538181,0.674301,0.748333,0.681634,0.648593,0.684909
0.722286,0.667652,0.712802,0.662669,0.801509,0.554855,0.656863,0.771746,0.669243,0.694977
0.680061,0.699581,0.638050,0.574732,0.791611,0.561974,0.703246,0.678070,0.763126,0.688937
0.658112,0.702773,0.689619,0.681691,0.488304,0.636127,0.651202,0.693051,0.687379,0.686284
0.686876,0.727588,0.708187,0.585442,0.760369,0.591528,0.614190,0.737092,0.655049,0.679293
0.690153,0.680836,0.698808,0.684280,0.653410,0.642489,0.667764,0.681258,0.703825,0.737045
0.677410,0.647208,0.725179,0.660577,0.584290,0.615858,0.714832,0.711907,0.685615,0.691718
0.798544,0.714946,0.769125,0.700504,0.638706,0.654234,0.537657,0.642126,0.657354,0.641711
0.750438,0.701798,0.633369,0.732417,0.743406,0.776467,0.720470,0.573597,0.695432,0.733422
0.674773,0.650504,0.674767,0.740308,0.603071,0.780461,0.707382,0.637482,0.658339,0.661993
0.679117,0.692641,0.685056,0.758400,0.614504,0.700091,0.628145,0.710448,0.683865,0.641855
0.675102,0.724550,0.680623,0.643092,0.608237,0.766751,0.705835,0.711320,0.616365,0.716131
0.768664,0.726935,0.716867,0.685846,0.616493,0.484425,0.665568,0.729658,0.710451,0.658413
0.673742,0.753379,0.694399,0.696402,0.682128,0.612421,0.701287,0.686248,0.699068,0.705488
0.711562,0.729363,0.621600,0.676378,0.731663,0.631244,0.750631,0.634362,0.629266,0.730664
0.652219,0.728112,0.657132,0.724089,0.623269,0.721660,0.631008,0.686458,0.712331,0.617643
0.682255,0.709976,0.694206,0.700739,0.535124,0.725243,0.692765,0.732819,0.691453,0.659254
0.672689,0.678222,0.671434,0.710533,0.909932,0.656810,0.672866,0.698457,0.637851,0.647255
0.616817,0.708365,0.685653,0.668317,0.677125,0.706610,0.571465,0.657291,0.683778,0.698093
0.696195,0.688924,0.733735,0.637492,0.825099,0.683387,0.669368,0.679483,0.721882,0.716853
0.677406,0.715250,0.678422,0.684318,0.690609,0.660000,0.677392,0.689468,0.698352,0.699108
0.698034,0.657749,0.731621,0.675481,0.458212,0.639931,0.685024,0.703721,0.668340,0.705205
0.645712,0.675512,0.660292,0.777813,0.786984,0.627884,0.670184,0.638101,0.639112,0.659127
0.690896,0.668669,0.688596,0.694795,0.706917,0.768651,0.688794,0.688934,0.703520,0.683503
0.703681,0.666777,0.622269,0.726867,0.750774,0.710572,0.651110,0.727842,0.649270,0.675801
0.688057,0.685420,0.704395,0.687137,0.745821,0.768456,0.713046,0.674580,0.678265,0.687990
0.708169,0.722174,0.686176,0.616603,0.730818,0.542966,0.693187,0.674948,0.694926,0.653640
0.677471,0.745773,0.708869,0.702611,0.672143,0.624629,0.669945,0.693904,0.696804,0.681748
0.688873,0.708553,0.671829,0.661620,0.655345,0.698638,0.684548,0.720894,0.679814,0.727431
0.711050,0.694567,0.682480,0.656503,0.796976,0.654406,0.702042,0.693510,0.725181,0.680934
0.692014,0.698431,0.773413,0.727320,0.785941,0.613402,0.699256,0.666546,0.631974,0.737328
0.675735,0.639598,0.675567,0.753125,0.931751,0.637064,0.660664,0.675085,0.694157,0.708297
0.737373,0.691060,0.719522,0.694764,0.698848,0.542880,0.612860,0.717105,0.665142,0.710127
0.706982,0.708626,0.648015,0.762244,0.479313,0.688950,0.701699,0.723674,0.716469,0.660999
0.719545,0.732741,0.707215,0.651094,0.753773,0.590631,0.692971,0.714021,0.739820,0.684329
0.680034,0.688973,0.657474,0.624960,0.640349,0.580709,0.707437,0.677526,0.694004,0.775620
0.651628,0.629510,0.689604,0.692742,0.784280,0.563062,0.690366,0.701177,0.674188,0.739295
0.684660,0.664662,0.681291,0.664738,0.668164,0.804995,0.666072,0.749137,0.739192,0.720765
0.684803,0.665308,0.670049,0.681568,0.743711,0.676111,0.660369,0.691990,0.686083,0.695925
0.678492,0.671727,0.723230,0.692659,0.765319,0.633483,0.712120,0.694462,0.688778,0.679332
0.686424,0.695582,0.647909,0.697593,0.805765,0.730343,0.722483,0.689141,0.699632,0.687877
0.693866,0.736147,0.654612,0.566512,0.847721,0.767977,0.781145,0.632272,0.694747,0.674681
0.671244,0.725465,0.714008,0.751234,0.492203,0.806673,0.572909,0.697295,0.616142,0.754530
0.700875,0.762816,0.718609,0.673694,0.632861,0.607928,0.689110,0.669105,0.713123,0.710891
0.709510,0.697625,0.697942,0.653169,0.574912,0.660905,0.694780,0.685715,0.637103,0.713055
0.669487,0.687972,0.653927,0.732046,0.526422,0.767447,0.679911,0.707008,0.714728,0.701076
0.693092,0.657195,0.708496,0.653228,0.426231,0.759184,0.660002,0.669036,0.680021,0.696086
0.742085,0.708240,0.687399,0.697949,0.877005,0.628955,0.708268,0.648090,0.729314,0.665855
0.715883,0.744829,0.718014,0.701570,0.737580,0.670267,0.716309,0.648762,0.760817,0.645497
0.703030,0.731612,0.716713,0.664388,0.799222,0.631604,0.684736,0.733172,0.735250,0.694122
0.705722,0.716457,0.685061,0.706445,0.274069,0.688485,0.749679,0.715525,0.653035,0.683976
0.743865,0.732561,0.654258,0.567849,0.753699,0.723308,0.774079,0.677589,0.687713,0.598124
0.697894,0.700839,0.679292,0.759505,0.595645,0.580105,0.669789,0.717440,0.679552,0.695535
0.693166,0.657622,0.733776,0.577024,0.778355,0.664870,0.704980,0.723657,0.751663,0.648209
0.641869,0.657393,0.710878,0.731073,0.633384,0.686594,0.682353,0.703124,0.709446,0.695125
0.690680,0.749278,0.542237,0.777154,0.605632,0.707477,0.694452,0.712803,0.768756,0.724832
0.625598,0.692043,0.667211,0.591946,0.755572,0.643996,0.683174,0.727834,0.771027,0.648994
0.691398,0.703827,0.726981,0.604938,0.492227,0.763658,0.706052,0.709452,0.668919,0.721434
0.731220,0.739763,0.734158,0.715354,0.752349,0.677346,0.656806,0.673983,0.632714,0.732207
0.664689,0.721329,0.734550,0.780085,0.787162,0.685187,0.749439,0.664953,0.650982,0.709753
0.697369,0.633702,0.637663,0.722632,0.556097,0.750883,0.705750,0.700802,0.700171,0.672387
0.666923,0.723968,0.653031,0.724537,0.814685,0.704343,0.727514,0.662824,0.647770,0.678155
0.714873,0.633723,0.722597,0.752645,0.703515,0.612094,0.737249,0.700118,0.694367,0.671025
0.753187,0.668028,0.668736,0.611872,0.776501,0.743372,0.662125,0.588474,0.724919,0.693077
0.671125,0.626495,0.708762,0.729651,0.578015,0.765358,0.691101,0.649980,0.683454,0.722649
0.656574,0.681922,0.692778,0.739053,0.578907,0.721835,0.677570,0.694974,0.757885,0.727178
0.720940,0.653966,0.591183,0.633020,0.645859,0.873643,0.698918,0.696172,0.693498,0.747100
0.712937,0.668673,0.703649,0.700707,0.569012,0.669321,0.653156,0.708992,0.675413,0.702825
0.674000,0.695154,0.712640,0.683533,0.704079,0.657967,0.716665,0.705701,0.683608,0.674798
0.693096,0.687266,0.681653,0.728244,0.792969,0.725038,0.716723,0.696081,0.716086,0.686839
0.698154,0.720839,0.735871,0.786173,0.705910,0.773415,0.797196,0.646781,0.650746,0.713586
0.694763,0.710505,0.707853,0.608287,0.420026,0.805131,0.694625,0.711543,0.693535,0.676252
0.702276,0.658508,0.671454,0.682951,0.632387,0.761964,0.683099,0.692497,0.671000,0.676573
0.691544,0.694246,0.695523,0.682412,0.853696,0.736080,0.700503,0.686993,0.686191,0.693124
0.685987,0.723692,0.686515,0.631095,0.659575,0.537091,0.647144,0.702563,0.661409,0.716349
0.702886,0.688123,0.619990,0.682359,0.718761,0.726134,0.633909,0.692890,0.705519,0.691221
0.691639,0.696210,0.669516,0.768256,0.673782,0.721241,0.709122,0.757113,0.679852,0.700833
0.709908,0.747519,0.616719,0.624293,0.777530,0.753295,0.650998,0.635362,0.661204,0.661527
0.685732,0.662769,0.577580,0.712709,0.701307,0.774626,0.580151,0.686459,0.670433,0.673056
0.691653,0.669281,0.703162,0.756879,0.760492,0.606314,0.721126,0.708731,0.657185,0.698707
0.682682,0.702265,0.672654,0.703303,0.958131,0.775379,0.698688,0.696537,0.726611,0.675809
0.677860,0.649996,0.702721,0.693440,0.789633,0.692840,0.700457,0.660411,0.700358,0.675511
0.703487,0.699311,0.702505,0.631173,0.688868,0.781970,0.624684,0.579497,0.675428,0.703712
0.617140,0.700357,0.700922,0.765373,0.530680,0.772065,0.731187,0.730383,0.705697,0.685235
0.717671,0.657850,0.723531,0.586877,0.347263,0.766753,0.735761,0.699092,0.690716,0.704008
0.728001,0.698444,0.692100,0.672934,0.360750,0.718348,0.749499,0.644389,0.668823,0.669475
0.667502,0.666410,0.732322,0.689937,0.724577,0.760188,0.768131,0.699057,0.687650,0.694943
0.680692,0.652255,0.697474,0.650150,0.511387,0.672961,0.673993,0.707603,0.687678,0.708674
0.722972,0.733606,0.708765,0.693467,0.729435,0.600726,0.696715,0.642971,0.757903,0.696333
0.627254,0.665933,0.706221,0.658608,0.799638,0.604324,0.671776,0.710503,0.715720,0.675099
0.643330,0.673774,0.668215,0.734411,0.600009,0.596563,0.693415,0.694885,0.692324,0.694090
0.635485,0.713617,0.731057,0.666024,0.670759,0.684828,0.493362,0.633914,0.749455,0.617654
0.688522,0.671043,0.630243,0.686887,0.587809,0.738363,0.639178,0.664326,0.699317,0.726497
0.717023,0.689473,0.686362,0.672297,0.398276,0.704109,0.741940,0.700679,0.620027,0.694625
0.677057,0.717185,0.644782,0.763427,0.433439,0.726213,0.638659,0.738111,0.643311,0.686557
0.701342,0.754478,0.697885,0.766056,0.655811,0.800473,0.624797,0.745836,0.746249,0.718310
0.693696,0.708086,0.686318,0.732240,0.674453,0.700203,0.668702,0.697340,0.743340,0.702139
0.699406,0.742878,0.767184,0.734410,0.591216,0.835830,0.616375,0.695158,0.713341,0.738393
0.678333,0.681892,0.658498,0.659807,0.446835,0.686621,0.706352,0.683740,0.698520,0.675005
0.691190,0.656416,0.755884,0.760377,0.579293,0.596484,0.736688,0.678936,0.711804,0.707424
0.721012,0.742202,0.661484,0.725657,0.560297,0.781181,0.740388,0.721200,0.700409,0.674130
0.691757,0.689943,0.668346,0.736068,0.786521,0.720867,0.678954,0.646115,0.669564,0.677006
0.630807,0.651048,0.681413,0.596025,0.670109,0.689050,0.665777,0.644562,0.708061,0.671065
0.688735,0.675634,0.671336,0.720714,0.828174,0.682822,0.703386,0.690731,0.663565,0.677554
0.691717,0.715728,0.600881,0.681664,0.658278,0.688777,0.712453,0.686102,0.655167,0.699199
0.696493,0.668379,0.700336,0.745609,0.614613,0.736748,0.685723,0.691317,0.684075,0.714561
0.745862,0.684082,0.674310,0.700833,0.967906,0.794945,0.655172,0.720994,0.652977,0.740179
0.713983,0.693927,0.714819,0.692614,0.657142,0.701905,0.588801,0.675436,0.693004,0.692585
0.708730,0.666085,0.714742,0.749629,0.584587,0.666994,0.665018,0.738514,0.661949,0.683905
0.690753,0.724047,0.675847,0.698305,0.645914,0.712805,0.649903,0.653340,0.706773,0.679782
0.723653,0.696927,0.693223,0.711766,0.778674,0.691238,0.712568,0.695566,0.701637,0.692686
0.725636,0.696382,0.676305,0.691572,0.608673,0.686328,0.692559,0.684807,0.666424,0.656137
0.709092,0.662400,0.706273,0.624032,0.816904,0.740556,0.657383,0.652850,0.739528,0.712979
0.694834,0.602634,0.786900,0.686696,0.621975,0.682184,0.739204,0.582716,0.706480,0.672452
0.667255,0.706859,0.674139,0.681611,0.739421,0.874072,0.714263,0.669254,0.743690,0.685690
0.652413,0.661235,0.672774,0.708140,0.568706,0.723292,0.711382,0.688892,0.725779,0.718522
0.686750,0.693914,0.708245,0.724106,0.293769,0.654069,0.716681,0.695832,0.711061,0.663135
0.686236,0.691740,0.750265,0.665953,0.770102,0.653182,0.722844,0.734701,0.671336,0.686556
0.702239,0.680626,0.611935,0.689368,0.677266,0.628634,0.688578,0.706007,0.710653,0.673888
0.702137,0.725486,0.685399,0.746597,0.906691,0.760643,0.643093,0.698939,0.721435,0.687544
0.714692,0.609870,0.667305,0.680440,0.428293,0.742230,0.749870,0.679130,0.725229,0.704657
0.658300,0.691344,0.671285,0.726054,0.721279,0.730531,0.701145,0.651915,0.677802,0.632360
0.634697,0.670875,0.675289,0.701312,0.661506,0.762561,0.698685,0.650930,0.693616,0.711792
0.669302,0.635887,0.685438,0.652889,0.543681,0.651279,0.708626,0.688453,0.704673,0.711838
0.685048,0.688632,0.654965,0.737999,0.803601,0.608959,0.735628,0.646615,0.694765,0.664356
0.744484,0.700050,0.687262,0.625733,0.805393,0.639213,0.703911,0.756066,0.685625,0.724271
0.716046,0.724520,0.692833,0.712786,0.593363,0.647839,0.690577,0.707105,0.690135,0.680306
0.696981,0.756939,0.697860,0.647801,0.756734,0.629107,0.684394,0.711335,0.681242,0.681497
0.701635,0.732759,0.700954,0.641103,0.704604,0.601858,0.641471,0.715548,0.677688,0.740938
0.716876,0.737357,0.702052,0.690083,0.739245,0.488006,0.683134,0.712832,0.730962,0.697294
0.682271,0.724382,0.749102,0.745768,0.701639,0.668035,0.737387,0.701829,0.687506,0.705799
0.645961,0.663864,0.691593,0.694126,0.740758,0.696488,0.719068,0.701228,0.726831,0.702361
0.699310,0.668165,0.672728,0.721578,0.656130,0.665883,0.727425,0.721356,0.721197,0.696103
0.674581,0.653420,0.682570,0.616694,0.733580,0.543107,0.638818,0.632104,0.683290,0.622066
0.721958,0.694762,0.637455,0.719860,0.831581,0.630330,0.708196,0.674750,0.668781,0.687230
0.723536,0.723915,0.716526,0.713919,0.666522,0.616507,0.563612,0.630734,0.646658,0.744229
0.687780,0.748627,0.687929,0.722669,0.669963,0.696427,0.728139,0.655711,0.713287,0.667843
0.723433,0.736822,0.673996,0.755043,0.635033,0.641454,0.693855,0.739001,0.659913,0.649136
0.668748,0.708510,0.704727,0.696109,0.630387,0.746777,0.681164,0.721328,0.738594,0.659547
0.685230,0.677243,0.704836,0.677555,0.592822,0.756231,0.735351,0.716483,0.676665,0.701271
0.732105,0.702648,0.747742,0.706191,0.441341,0.652119,0.624948,0.678844,0.675437,0.675824
0.682633,0.782460,0.653668,0.671516,0.918038,0.812332,0.733114,0.681235,0.724549,0.665185
0.680264,0.679721,0.715317,0.674122,0.693266,0.779745,0.675260,0.648270,0.670107,0.736218
0.650122,0.614731,0.723341,0.754234,0.737625,0.568179,0.637326,0.708175,0.696702,0.755815
0.648263,0.704181,0.722399,0.724973,0.628151,0.663667,0.692515,0.714262,0.697252,0.687528
0.695342,0.681566,0.694567,0.703994,0.802249,0.718394,0.704329,0.711352,0.686527,0.688657
0.682967,0.675036,0.788102,0.715075,0.725340,0.703887,0.749952,0.690902,0.687100,0.689383
0.681694,0.709011,0.614428,0.693782,0.724577,0.723460,0.645466,0.693189,0.662166,0.682850
0.710281,0.780298,0.695864,0.589652,0.866359,0.812569,0.684617,0.645385,0.656208,0.635312
0.718878,0.686148,0.637507,0.667663,0.531314,0.679158,0.719236,0.726762,0.668801,0.678471
0.663055,0.655533,0.688381,0.771265,0.791544,0.705860,0.655043,0.649707,0.669181,0.703883
0.753236,0.680175,0.668274,0.484207,0.803768,0.722759,0.690089,0.649499,0.786646,0.688172
0.715555,0.732566,0.678276,0.658322,0.710631,0.651178,0.732110,0.680100,0.727689,0.712850
0.711807,0.661388,0.711547,0.673397,0.603770,0.776397,0.670386,0.612710,0.694015,0.650770
0.674594,0.710454,0.783328,0.749431,0.610596,0.672244,0.749587,0.655666,0.660728,0.709300
0.704095,0.702705,0.611094,0.718969,0.654361,0.733696,0.718995,0.709619,0.705516,0.723557
0.637631,0.709188,0.688378,0.618141,0.755258,0.624443,0.687298,0.623118,0.718065,0.648769
0.719943,0.773981,0.686403,0.574073,0.682528,0.609317,0.682312,0.680334,0.703482,0.704253
0.679377,0.719049,0.696338,0.785743,0.882437,0.677424,0.670726,0.682082,0.667992,0.725192
0.791632,0.669920,0.731295,0.738462,0.546203,0.688576,0.804449,0.696633,0.709673,0.677329
0.724288,0.717431,0.677859,0.754871,0.893424,0.747721,0.687532,0.641996,0.725824,0.709479
0.700855,0.661918,0.698517,0.760757,0.740588,0.579856,0.662891,0.686287,0.714876,0.709323
0.792954,0.662789,0.706680,0.779187,0.583438,0.679716,0.800611,0.654341,0.671241,0.718021
0.718481,0.702677,0.729074,0.646096,0.599621,0.624487,0.764471,0.638178,0.684097,0.688489
0.657557,0.750427,0.691927,0.545592,0.864399,0.791630,0.689580,0.704526,0.705058,0.679776
0.673831,0.679197,0.709882,0.747532,0.873210,0.825489,0.709556,0.683698,0.657387,0.689113
0.689099,0.695751,0.704742,0.696487,0.565311,0.770413,0.650620,0.729029,0.708557,0.678381
0.689305,0.672067,0.618282,0.683683,0.464190,0.724678,0.715141,0.666519,0.675231,0.683418
0.800933,0.653875,0.728462,0.624063,0.809807,0.650221,0.615848,0.731438,0.725747,0.649036
0.729782,0.711981,0.678626,0.751387,0.641398,0.724265,0.701805,0.746518,0.688931,0.688781
0.690007,0.724715,0.666625,0.751075,0.748277,0.624994,0.690245,0.725895,0.726713,0.700043
0.662219,0.690866,0.707690,0.705567,0.643260,0.677166,0.682338,0.714305,0.707900,0.671301
0.687383,0.691020,0.688482,0.746173,0.561307,0.673204,0.675866,0.689020,0.724503,0.719597
0.726474,0.726271,0.742031,0.712408,0.475008,0.625852,0.631993,0.651250,0.748344,0.687272
0.703027,0.700203,0.687673,0.615131,0.859523,0.620797,0.702304,0.750591,0.638175,0.684720
0.673656,0.714809,0.747526,0.697809,0.804321,0.751562,0.737810,0.634266,0.677089,0.685338
0.680763,0.660036,0.705154,0.681583,0.617956,0.682969,0.643008,0.696841,0.726753,0.680493
0.690505,0.677607,0.709774,0.754747,0.856420,0.724571,0.702961,0.643036,0.712737,0.708357
0.675901,0.692819,0.805478,0.696597,0.622024,0.687770,0.764640,0.686390,0.683192,0.693813
0.726209,0.663226,0.658063,0.769129,0.943632,0.686639,0.704018,0.675912,0.733944,0.699381
0.695431,0.651378,0.735009,0.673839,0.695475,0.611498,0.724374,0.706841,0.717503,0.682627
0.636899,0.646441,0.680677,0.701176,0.635958,0.618376,0.753718,0.720015,0.745404,0.612432
0.698858,0.532969,0.724711,0.724114,0.841763,0.713612,0.718820,0.655126,0.739146,0.655503
0.687915,0.670702,0.758160,0.717370,0.714299,0.727435,0.703638,0.685173,0.673863,0.655328
0.689343,0.663922,0.730032,0.616717,0.794904,0.592913,0.695686,0.735396,0.636950,0.683843
0.714182,0.690647,0.609985,0.697466,0.518149,0.617275,0.699728,0.658431,0.676239,0.661585
0.689533,0.761867,0.741487,0.695794,0.545530,0.636102,0.654601,0.663629,0.709282,0.676610
0.625015,0.622902,0.721310,0.527996,0.741102,0.642397,0.686671,0.688360,0.752222,0.665122
0.674497,0.702965,0.640390,0.738012,0.881978,0.617563,0.673684,0.702848,0.660284,0.671080
0.718519,0.723664,0.709509,0.652893,0.572381,0.629038,0.702810,0.662586,0.678468,0.704412
0.658003,0.633710,0.736512,0.743836,0.680777,0.681152,0.723852,0.683686,0.645374,0.704946
0.663645,0.700542,0.827027,0.717525,0.697978,0.712719,0.759197,0.695583,0.680167,0.694067
0.685979,0.672390,0.690950,0.646189,0.753230,0.634261,0.707434,0.651344,0.728822,0.697989
0.696516,0.731290,0.690099,0.634269,0.822993,0.700822,0.596746,0.690039,0.731925,0.644768
0.691305,0.654734,0.712536,0.688018,0.731044,0.739853,0.689561,0.709766,0.714898,0.665299
0.677861,0.686146,0.677172,0.706315,0.758478,0.682151,0.685363,0.713839,0.692978,0.663156
0.707079,0.718716,0.720173,0.632757,0.613134,0.675472,0.680964,0.692892,0.724884,0.714846
0.716069,0.670726,0.652830,0.718849,0.777335,0.762681,0.662670,0.704536,0.701906,0.697917
0.710989,0.728175,0.695690,0.529075,0.696217,0.627587,0.677876,0.696095,0.766844,0.675958
0.713725,0.662735,0.748175,0.650475,0.708483,0.643095,0.711779,0.729949,0.714848,0.637634
0.704217,0.653767,0.686518,0.747769,0.559486,0.689689,0.740253,0.718711,0.720897,0.654636
0.675196,0.687594,0.667709,0.666505,0.606064,0.701137,0.683351,0.670091,0.674131,0.691125
0.693668,0.713829,0.669582,0.695745,0.527911,0.664935,0.732739,0.720676,0.682714,0.686890
0.683349,0.614447,0.704777,0.800024,0.522277,0.696041,0.698376,0.699855,0.698273,0.634508
0.693983,0.682279,0.710882,0.707873,0.687028,0.694377,0.664386,0.664466,0.667647,0.688066
0.721813,0.735893,0.617883,0.660940,0.706560,0.705329,0.714552,0.693964,0.729742,0.645419
0.579021,0.708808,0.638913,0.697886,0.704970,0.690734,0.729066,0.688830,0.727878,0.742151
0.722834,0.714303,0.737861,0.857498,0.728668,0.626416,0.603623,0.681915,0.698182,0.699569
0.687551,0.747626,0.698544,0.683790,0.680028,0.538511,0.633069,0.665668,0.672851,0.693639
0.645826,0.723838,0.643971,0.740690,0.675224,0.711169,0.698564,0.770819,0.666878,0.682317
0.658250,0.725124,0.715017,0.686265,0.934754,0.799342,0.660260,0.713779,0.659761,0.725928
0.663591,0.729530,0.708641,0.762557,0.560155,0.718667,0.702187,0.639396,0.712389,0.676531
0.670092,0.681785,0.692274,0.666151,0.713575,0.735495,0.648201,0.662962,0.691156,0.711790
0.632069,0.675370,0.654792,0.717349,0.607686,0.604152,0.727604,0.703403,0.743736,0.635031
0.721735,0.677881,0.742972,0.638639,0.631252,0.722348,0.718971,0.670408,0.735570,0.680174
0.653006,0.674845,0.680572,0.567385,0.925623,0.786656,0.728460,0.647524,0.645530,0.697160
0.631894,0.701085,0.746539,0.586697,0.835628,0.721313,0.640090,0.748169,0.745910,0.718966
0.744212,0.715980,0.779238,0.745573,0.703884,0.677228,0.725321,0.601566,0.731162,0.722960
0.657983,0.660922,0.653952,0.714678,0.854231,0.602329,0.681802,0.684008,0.677845,0.692215
0.703493,0.653538,0.806425,0.664049,0.607619,0.810251,0.765186,0.718384,0.700191,0.694203
0.689793,0.703349,0.730069,0.728492,0.707254,0.737967,0.617877,0.739510,0.646160,0.702969
0.745358,0.701693,0.689079,0.726842,0.841932,0.608061,0.690156,0.601493,0.694726,0.679682
0.680078,0.640695,0.678491,0.722771,0.483809,0.643329,0.707781,0.736472,0.678331,0.667933
0.686561,0.676050,0.687262,0.695108,0.640704,0.688824,0.682364,0.708408,0.715189,0.703223
0.693930,0.718587,0.719762,0.686486,0.639394,0.679086,0.594763,0.737342,0.682416,0.695092
0.686118,0.674885,0.584718,0.614419,0.587769,0.659306,0.638236,0.691895,0.715719,0.719053
0.694683,0.654370,0.809169,0.757114,0.701631,0.584066,0.699861,0.687521,0.704004,0.674643
0.678425,0.685848,0.662546,0.634608,0.619985,0.677429,0.678182,0.690335,0.651436,0.674442
0.694410,0.772936,0.664226,0.716578,0.626766,0.660910,0.727848,0.682540,0.721238,0.690386
0.737998,0.702132,0.678709,0.732156,0.704982,0.753498,0.719866,0.684519,0.705709,0.696761
0.750732,0.738530,0.753673,0.626119,0.706756,0.745129,0.614470,0.699676,0.703284,0.670053
0.685172,0.742250,0.671759,0.734926,0.529968,0.729244,0.769284,0.620915,0.657236,0.688881
0.678498,0.706951,0.739805,0.674090,0.785398,0.672548,0.689643,0.712992,0.690518,0.691526
0.731412,0.695295,0.661083,0.791084,0.701178,0.720765,0.692580,0.734024,0.691578,0.637755
0.754344,0.649433,0.675489,0.629133,0.544973,0.712305,0.744099,0.752471,0.635199,0.739807
0.668442,0.696076,0.675698,0.691040,0.563806,0.625417,0.664219,0.658809,0.665316,0.670802
0.654946,0.667150,0.695895,0.687478,0.696159,0.726007,0.698951,0.670798,0.632527,0.680369
0.706594,0.697917,0.668634,0.745199,0.839467,0.834447,0.682904,0.703434,0.714289,0.687431
0.646304,0.675468,0.746255,0.692821,0.787056,0.739577,0.711016,0.722916,0.707581,0.639524
0.709671,0.582614,0.720726,0.720737,0.853886,0.575278,0.686120,0.657575,0.688165,0.693534
0.656866,0.648089,0.742119,0.754163,0.634884,0.644420,0.627374,0.700021,0.746040,0.729393
0.685404,0.652172,0.659600,0.676648,0.747153,0.612853,0.696898,0.704252,0.674024,0.675318
0.653333,0.718010,0.677292,0.609227,0.727992,0.660336,0.707756,0.731357,0.625623,0.711249
0.685450,0.659211,0.636776,0.617105,0.717594,0.712215,0.683686,0.677880,0.691154,0.692571
0.671764,0.627387,0.740033,0.679406,0.770306,0.690229,0.735556,0.726511,0.648211,0.679771
0.697526,0.637353,0.725154,0.755055,0.579171,0.805926,0.714686,0.699273,0.700920,0.676266
0.762467,0.780512,0.709017,0.748036,0.801895,0.603557,0.614990,0.629995,0.667324,0.693976
0.734348,0.694164,0.771975,0.684397,0.751503,0.758818,0.617302,0.777676,0.661141,0.716410
0.753085,0.687522,0.646239,0.711087,0.868469,0.699734,0.715464,0.660057,0.671172,0.688374
0.647540,0.712025,0.781601,0.553237,0.641869,0.548411,0.671006,0.640703,0.736888,0.655124
0.705530,0.588008,0.684085,0.673445,0.863202,0.574726,0.777364,0.698196,0.672831,0.637222
0.673051,0.778598,0.706928,0.779493,0.448175,0.784207,0.679923,0.705194,0.709111,0.682880
0.710098,0.562200,0.712660,0.752257,0.542952,0.628848,0.672419,0.684350,0.716795,0.717879
0.672837,0.661448,0.623827,0.667797,0.800029,0.695979,0.697695,0.689351,0.710661,0.704114
0.692158,0.711774,0.720392,0.576882,0.485932,0.672224,0.678219,0.714545,0.674524,0.636699
0.711209,0.767153,0.715248,0.785761,0.598273,0.797300,0.735185,0.614538,0.688274,0.725531
0.695512,0.690637,0.679250,0.673011,0.302452,0.658796,0.708402,0.661754,0.704087,0.708856
0.720966,0.715855,0.676871,0.593148,0.898257,0.763306,0.683785,0.638882,0.727551,0.701710
0.681903,0.681834,0.665344,0.681085,0.751827,0.714259,0.663254,0.661274,0.690198,0.700691
0.715588,0.682079,0.720891,0.748996,0.690394,0.778110,0.709288,0.663096,0.720976,0.700858
0.701662,0.660783,0.710638,0.559043,0.824343,0.769914,0.678871,0.631618,0.682948,0.696049
0.619339,0.661826,0.723029,0.651274,0.663077,0.762431,0.645632,0.634169,0.708179,0.681561
0.677799,0.731710,0.654288,0.674085,0.503346,0.714449,0.661999,0.685917,0.685695,0.695779
0.719136,0.639996,0.709145,0.646325,0.536169,0.766475,0.712149,0.711485,0.737778,0.640863
0.720161,0.691740,0.686944,0.753374,0.693407,0.658173,0.674670,0.686061,0.738322,0.696716
0.661836,0.692679,0.695641,0.618370,0.448003,0.773049,0.683498,0.693949,0.713099,0.700794
0.723300,0.668281,0.635514,0.687978,0.680934,0.657270,0.641980,0.650759,0.755531,0.678385
0.687880,0.783773,0.719672,0.688890,0.692863,0.736165,0.747678,0.693584,0.723437,0.714782
0.734140,0.649275,0.683631,0.756894,0.802597,0.684394,0.746276,0.645459,0.695798,0.723051
0.692821,0.741336,0.676208,0.726584,0.688186,0.742644,0.694377,0.673723,0.707586,0.689163
0.678731,0.694406,0.686239,0.669333,0.909443,0.737700,0.687645,0.677209,0.657520,0.663867
0.697999,0.664725,0.647487,0.693340,0.569657,0.686319,0.681311,0.696890,0.705714,0.678528
0.743697,0.727086,0.662096,0.662198,0.788127,0.624356,0.736679,0.664812,0.700539,0.661614
0.705351,0.656688,0.698425,0.662385,0.661211,0.583108,0.668617,0.675543,0.727659,0.713055
0.732068,0.681934,0.672274,0.702516,0.816366,0.826595,0.692191,0.677859,0.672146,0.701340
0.734079,0.728657,0.717994,0.643434,0.765653,0.588008,0.680047,0.741753,0.724014,0.660923
0.715247,0.696641,0.707477,0.703696,0.624760,0.686584,0.660689,0.688994,0.671024,0.663766
0.665585,0.715691,0.726185,0.621670,0.925581,0.749652,0.651756,0.754742,0.727111,0.671386
0.731496,0.702265,0.683907,0.779347,0.719871,0.774482,0.637797,0.715822,0.726123,0.634841
0.682915,0.698000,0.698963,0.671543,0.681558,0.727495,0.607085,0.684352,0.715937,0.684083
0.711607,0.663899,0.605231,0.579960,0.539080,0.782089,0.698883,0.723735,0.715625,0.724530
0.702328,0.684046,0.691413,0.812405,0.809005,0.566320,0.669423,0.643945,0.704831,0.694964
0.658533,0.710679,0.662765,0.700024,0.777153,0.719749,0.652762,0.655762,0.680583,0.704483
0.715103,0.680684,0.718649,0.671101,0.555268,0.708145,0.655719,0.664726,0.735542,0.721620
0.712577,0.698892,0.715664,0.706256,0.329037,0.737835,0.707680,0.705194,0.756332,0.683671
0.719449,0.683516,0.719685,0.708827,0.580347,0.679274,0.774544,0.656198,0.681127,0.717939
0.658883,0.656003,0.704865,0.746291,0.759104,0.646195,0.629082,0.684733,0.713633,0.714235
0.667650,0.709903,0.680556,0.663969,0.595688,0.666821,0.672472,0.687874,0.694353,0.682044
0.693264,0.649827,0.714067,0.764600,0.713110,0.653856,0.682742,0.655861,0.717281,0.692764
0.685886,0.669098,0.682873,0.777009,0.558676,0.706543,0.693066,0.619357,0.774262,0.711774
0.685708,0.730668,0.658036,0.667514,0.702107,0.714848,0.681773,0.604748,0.635801,0.708100
0.740988,0.661270,0.696737,0.658828,0.695725,0.769830,0.642651,0.671975,0.679979,0.662292
0.699219,0.693281,0.693782,0.694761,0.551719,0.676477,0.714313,0.682448,0.686988,0.700799
0.589487,0.728939,0.709880,0.668670,0.685858,0.748716,0.705873,0.661920,0.699545,0.719936
0.714818,0.690486,0.704548,0.629554,0.727177,0.566377,0.694310,0.666357,0.662806,0.639345
0.720921,0.770393,0.670404,0.718653,0.346979,0.693664,0.735479,0.671484,0.675998,0.657315
0.667735,0.710523,0.649068,0.663961,0.596487,0.615471,0.692655,0.654990,0.679364,0.711192
0.676528,0.766758,0.724562,0.666475,0.794064,0.774445,0.709840,0.715958,0.687657,0.724856
0.704388,0.686283,0.678576,0.716467,0.694638,0.767651,0.670942,0.708214,0.702543,0.709752
0.724659,0.714637,0.774355,0.702169,0.737614,0.648732,0.594499,0.733151,0.722413,0.669409
0.693933,0.690750,0.638391,0.689802,0.758172,0.723694,0.676936,0.639549,0.682835,0.682401
0.714798,0.702507,0.650411,0.781720,0.575386,0.735481,0.669183,0.743958,0.690006,0.692879
0.619716,0.709447,0.772702,0.686294,0.413987,0.760401,0.556776,0.768727,0.697873,0.712750
0.754129,0.789492,0.695301,0.770901,0.643007,0.546989,0.709359,0.708335,0.712918,0.701616
0.638274,0.700577,0.709875,0.703774,0.646186,0.716990,0.751491,0.696320,0.716796,0.697913
0.742015,0.711316,0.625073,0.640897,0.706663,0.669903,0.762357,0.763340,0.697656,0.741965
0.710430,0.667543,0.663159,0.813760,0.647433,0.684839,0.686505,0.707149,0.700446,0.719923
0.671004,0.734040,0.717705,0.736085,0.884127,0.741175,0.718974,0.669120,0.678593,0.675646
0.705429,0.689882,0.698747,0.700763,0.449766,0.772994,0.698779,0.648260,0.716075,0.704421
0.689613,0.746029,0.647772,0.689144,0.658981,0.764505,0.730163,0.672345,0.704486,0.601019
0.744751,0.664045,0.716523,0.609681,0.756267,0.664796,0.675839,0.750695,0.787262,0.718762
0.704974,0.723414,0.671221,0.713909,0.864055,0.754985,0.741097,0.698493,0.674798,0.658760
0.712955,0.723126,0.683497,0.791728,0.640172,0.703415,0.666054,0.722078,0.705788,0.696646
0.648501,0.679716,0.695268,0.638578,0.582442,0.762290,0.689334,0.628979,0.679796,0.669325
0.674956,0.682684,0.689321,0.786628,0.703272,0.673555,0.726560,0.621550,0.715154,0.699999
0.692100,0.736268,0.726291,0.580276,0.893371,0.747950,0.655536,0.611003,0.676993,0.745875
0.686112,0.702660,0.814636,0.744882,0.770285,0.738854,0.787736,0.693552,0.679778,0.691834
0.689019,0.765817,0.686266,0.783669,0.708809,0.619891,0.700000,0.625544,0.719273,0.698845
0.670347,0.715841,0.716906,0.663045,0.569198,0.760580,0.697242,0.686338,0.674662,0.699198
0.707075,0.693686,0.607786,0.684796,0.739866,0.732276,0.656181,0.683278,0.689867,0.705275
0.676685,0.644396,0.703366,0.649804,0.774698,0.734154,0.599189,0.634474,0.695510,0.699082
0.696125,0.672643,0.674398,0.776218,0.768008,0.634820,0.693904,0.679860,0.719862,0.699094
0.707588,0.712827,0.680976,0.682203,0.654952,0.755288,0.693898,0.706369,0.662309,0.707160
0.667997,0.720044,0.680397,0.669165,0.727073,0.721229,0.682887,0.738503,0.696620,0.681593
0.682431,0.648802,0.669046,0.706920,0.656628,0.535472,0.696483,0.720206,0.721276,0.704282
0.679741,0.765850,0.692167,0.842035,0.552667,0.775081,0.663596,0.749217,0.742655,0.684127
0.669051,0.653684,0.672960,0.676434,0.678992,0.796583,0.682730,0.667179,0.675780,0.679767
0.677303,0.687963,0.750049,0.729391,0.653699,0.658474,0.707057,0.712334,0.664650,0.700383
0.686480,0.694674,0.758091,0.736963,0.633480,0.688384,0.725720,0.723554,0.687479,0.683801
0.670703,0.675159,0.671860,0.799216,0.539488,0.684799,0.694143,0.794710,0.666033,0.690807
0.683232,0.707850,0.638031,0.703892,0.697493,0.735511,0.740354,0.706114,0.681027,0.702083
0.685160,0.719847,0.686735,0.659944,0.665172,0.703908,0.700331,0.686438,0.699964,0.689981
0.705396,0.704020,0.665176,0.618300,0.701962,0.667369,0.748401,0.676309,0.720459,0.695692
0.716618,0.675058,0.721210,0.742050,0.796056,0.741024,0.734042,0.694260,0.704084,0.678758
0.611246,0.691952,0.719970,0.588317,0.594264,0.624445,0.735046,0.656936,0.715709,0.644881
0.721931,0.705195,0.614675,0.718292,0.491929,0.737897,0.681317,0.757261,0.675437,0.665872
0.683201,0.718346,0.685211,0.715869,0.782534,0.766567,0.655230,0.669688,0.704085,0.684324
0.746258,0.668256,0.675425,0.662196,0.640272,0.707860,0.737012,0.670300,0.622039,0.695659
0.721582,0.766990,0.698459,0.625211,0.787557,0.830741,0.609480,0.710872,0.729986,0.705263
0.713590,0.741791,0.569494,0.672452,0.771222,0.760313,0.758082,0.727233,0.602723,0.694266
0.691760,0.701211,0.695292,0.748404,0.706047,0.680714,0.676229,0.680027,0.687724,0.712721
0.747070,0.716505,0.637570,0.617986,0.603293,0.785417,0.750939,0.699220,0.710062,0.643338
0.685829,0.671233,0.676312,0.670157,0.660326,0.748308,0.686312,0.709635,0.677371,0.735807
0.695642,0.646470,0.693808,0.632736,0.919293,0.697895,0.690279,0.740833,0.753969,0.669217
0.736302,0.702313,0.723088,0.752946,0.644155,0.580617,0.657836,0.693677,0.740654,0.714300
0.699622,0.666457,0.671226,0.768311,0.514702,0.641241,0.708393,0.724449,0.714120,0.655105
0.685049,0.708807,0.712909,0.707627,0.468466,0.698860,0.705153,0.766749,0.669338,0.691819
0.621443,0.659447,0.707473,0.679557,0.543643,0.547734,0.688318,0.687446,0.684466,0.679717
0.740700,0.712649,0.700966,0.601790,0.741304,0.622535,0.702603,0.694005,0.727452,0.701521
0.711626,0.712400,0.667734,0.591171,0.794889,0.728419,0.724278,0.673687,0.684107,0.661039
0.723083,0.716872,0.702552,0.595746,0.733721,0.642588,0.662132,0.728690,0.739901,0.728018
0.747876,0.733442,0.696171,0.695135,0.718990,0.656429,0.674057,0.756812,0.638525,0.669460
0.703687,0.691644,0.715489,0.618859,0.780909,0.628768,0.670973,0.763314,0.687869,0.698268
0.697960,0.665406,0.643009,0.730689,0.680814,0.689768,0.674270,0.682086,0.656505,0.688491
0.702012,0.719980,0.664200,0.660853,0.591430,0.732857,0.704948,0.713019,0.715674,0.673688
0.731242,0.695984,0.675155,0.612322,0.790381,0.753396,0.699071,0.665322,0.762357,0.717264
0.683920,0.674155,0.678219,0.676458,0.770881,0.745844,0.683422,0.659544,0.663738,0.702046
0.692534,0.736510,0.615649,0.645407,0.813255,0.606475,0.725677,0.696093,0.687779,0.684451
0.675909,0.652796,0.702635,0.593311,0.676068,0.698668,0.710371,0.747882,0.636121,0.697841
0.700156,0.645801,0.676383,0.725576,0.596228,0.622033,0.707247,0.693400,0.715161,0.673821
0.699294,0.699007,0.741268,0.689311,0.500980,0.709754,0.698167,0.658571,0.640477,0.697028
0.767157,0.614474,0.716042,0.801627,0.771850,0.672242,0.625032,0.681101,0.732857,0.658032
0.680986,0.673036,0.655652,0.687686,0.744591,0.754761,0.669349,0.715556,0.674806,0.714147
0.740548,0.690690,0.723613,0.703794,0.200576,0.622056,0.705799,0.650113,0.690929,0.703458
0.701993,0.725846,0.678061,0.739631,0.617405,0.607948,0.713095,0.679077,0.731076,0.693432
0.687498,0.696074,0.694539,0.640060,0.618342,0.723761,0.705267,0.672899,0.695029,0.698671
0.728924,0.698326,0.565046,0.693592,0.662270,0.736870,0.611714,0.695649,0.689238,0.718948
0.689284,0.685125,0.711267,0.719572,0.585734,0.763254,0.701151,0.663146,0.667462,0.696129
0.683394,0.669033,0.668172,0.683055,0.679856,0.638873,0.716977,0.715451,0.661893,0.701266
0.679192,0.755002,0.750213,0.793158,0.835886,0.754981,0.746222,0.651763,0.671246,0.686691
0.707708,0.730966,0.721931,0.600869,0.606313,0.822020,0.720523,0.704142,0.697324,0.675721
0.690755,0.699563,0.700289,0.732532,0.924206,0.823544,0.690009,0.735922,0.660859,0.700114
0.661083,0.688308,0.733449,0.726328,0.745169,0.781069,0.617838,0.693899,0.727690,0.689408
0.690876,0.682717,0.685817,0.681027,0.472304,0.765185,0.750865,0.678758,0.719008,0.663248
0.686814,0.691415,0.697602,0.664420,0.627381,0.695008,0.638423,0.665670,0.670926,0.693420
0.685619,0.675119,0.704757,0.737025,0.890222,0.581561,0.686308,0.684881,0.681779,0.701043
0.720708,0.717916,0.659226,0.697997,0.593982,0.709815,0.736583,0.639900,0.702475,0.732741
0.664602,0.668645,0.711563,0.714747,0.886681,0.719028,0.634062,0.671376,0.759628,0.713901
0.637072,0.687751,0.744417,0.595126,0.545701,0.679513,0.697531,0.702349,0.714363,0.651811
0.725928,0.757669,0.688653,0.616469,0.622427,0.645768,0.756020,0.700514,0.731141,0.697187
0.659535,0.727328,0.699307,0.630877,0.760092,0.719328,0.707351,0.667914,0.662305,0.704034
0.687681,0.674478,0.706750,0.620876,0.577175,0.853757,0.711978,0.688044,0.705945,0.680391
0.650500,0.604455,0.694985,0.763448,0.719218,0.768724,0.731553,0.695049,0.651323,0.678144
0.704685,0.654555,0.750339,0.722081,0.473911,0.727127,0.628619,0.711943,0.742341,0.735373
0.696384,0.668881,0.675602,0.715212,0.863212,0.626011,0.689909,0.667811,0.654825,0.712808
0.694920,0.688668,0.711356,0.568908,0.505625,0.693688,0.698001,0.636553,0.677304,0.676582
0.690207,0.687899,0.651789,0.710840,0.621328,0.732610,0.629302,0.668921,0.691023,0.709297
0.681355,0.693429,0.669563,0.664257,0.596021,0.706421,0.673035,0.679008,0.687718,0.682517
0.667357,0.726593,0.745263,0.689830,0.692039,0.570642,0.755610,0.676435,0.664357,0.697083
0.738126,0.696404,0.678714,0.689994,0.594786,0.546135,0.660717,0.704938,0.691596,0.711266
0.702911,0.614374,0.675337,0.757132,0.717172,0.710804,0.651638,0.655116,0.640865,0.635027
0.690964,0.679628,0.679682,0.687308,0.621659,0.693514,0.640744,0.695625,0.692741,0.683173
0.687595,0.690106,0.722861,0.665911,0.780888,0.507490,0.691152,0.763296,0.678838,0.687734
0.723579,0.676507,0.680853,0.711965,0.823273,0.631190,0.691023,0.723186,0.657069,0.757501
0.621219,0.692043,0.699387,0.627399,0.724797,0.633327,0.625032,0.598149,0.691256,0.665829
0.687280,0.703034,0.637067,0.551247,0.658143,0.667565,0.680597,0.682071,0.641568,0.674670
0.672673,0.717809,0.773464,0.674921,0.887816,0.773883,0.751288,0.698879,0.613169,0.681998
0.683072,0.653313,0.686697,0.661063,0.886307,0.608992,0.604885,0.713957,0.675498,0.744989
0.684656,0.682131,0.703941,0.751831,0.714373,0.606628,0.718855,0.664909,0.675476,0.682197
0.734462,0.740912,0.733226,0.723248,0.629308,0.616866,0.732893,0.656563,0.717503,0.673965
0.670546,0.626640,0.736456,0.562205,0.874346,0.755218,0.662071,0.551510,0.722096,0.665241
0.693831,0.744445,0.665147,0.646404,0.661648,0.735530,0.636174,0.656834,0.694168,0.721229
0.688953,0.690281,0.697374,0.711962,0.650675,0.716932,0.711091,0.694692,0.678920,0.697724
0.660112,0.708907,0.745404,0.710012,0.819527,0.786708,0.723190,0.666912,0.663017,0.697176
0.620669,0.667095,0.696516,0.645988,0.729647,0.804453,0.636719,0.656399,0.701566,0.679834
0.742608,0.674377,0.731150,0.679090,0.639999,0.660704,0.695407,0.661623,0.739452,0.744432
0.742076,0.675166,0.653499,0.660155,0.579677,0.728948,0.719591,0.707090,0.701309,0.691793
0.751349,0.713284,0.676482,0.716240,0.780367,0.627188,0.719664,0.640637,0.712167,0.659773
0.718741,0.679601,0.771945,0.759410,0.845109,0.771621,0.737862,0.688767,0.711428,0.690031
0.689899,0.714680,0.721741,0.773332,0.666686,0.797231,0.700405,0.700308,0.703447,0.709590
0.680885,0.710244,0.618385,0.631533,0.681481,0.809899,0.741654,0.667291,0.650506,0.695746
0.684820,0.695406,0.676422,0.618450,0.716965,0.719631,0.650532,0.689897,0.709222,0.717546
0.703836,0.737670,0.627343,0.575140,0.565224,0.693204,0.611357,0.662767,0.718859,0.694792
0.655275,0.606774,0.757663,0.713628,0.851170,0.571523,0.664435,0.648335,0.687432,0.721191
0.697471,0.647229,0.695766,0.644902,0.641871,0.674274,0.687060,0.676658,0.694191,0.694382
0.751161,0.721400,0.744863,0.560415,0.752114,0.561703,0.644404,0.752964,0.652335,0.673607
0.637527,0.716899,0.671684,0.694131,0.564841,0.704097,0.632357,0.648078,0.704805,0.697667
0.723316,0.721706,0.701045,0.654781,0.665445,0.739845,0.672300,0.731823,0.677222,0.666664
0.732516,0.755701,0.685226,0.733713,0.416824,0.694548,0.726017,0.695440,0.693104,0.716312
0.711744,0.687261,0.676351,0.668988,0.602649,0.766988,0.679775,0.705000,0.671937,0.716204
0.682413,0.711548,0.677815,0.706156,0.697371,0.679062,0.766000,0.702959,0.701657,0.671771
0.699148,0.632653,0.640146,0.647692,0.770017,0.726523,0.672721,0.682148,0.694216,0.714374
0.725059,0.641670,0.671569,0.784795,0.643188,0.598675,0.708564,0.682646,0.721747,0.686092
0.685107,0.694296,0.698450,0.699008,0.498991,0.663839,0.701744,0.711562,0.680957,0.695477
0.718448,0.668270,0.766471,0.646671,0.712430,0.775754,0.731389,0.684329,0.680731,0.689584
0.739742,0.685179,0.684705,0.689944,0.869846,0.579453,0.664765,0.675745,0.662863,0.748668
0.697423,0.701209,0.666829,0.716888,0.594265,0.715344,0.677079,0.652741,0.705705,0.667386
0.662610,0.679482,0.677951,0.696004,0.678389,0.689344,0.675043,0.705049,0.678778,0.699115
0.651524,0.660249,0.693226,0.762393,0.574669,0.673522,0.679928,0.637084,0.730893,0.697371
0.662557,0.675625,0.670334,0.624407,0.792230,0.537527,0.683232,0.758419,0.662441,0.691000
0.746160,0.708312,0.619424,0.703044,0.834313,0.662749,0.760862,0.728091,0.672601,0.709512
0.606197,0.611523,0.701063,0.747969,0.705429,0.826831,0.663563,0.663453,0.675048,0.725400
0.734987,0.629021,0.709461,0.596231,0.558289,0.737591,0.696070,0.681976,0.725175,0.657627
0.694615,0.689094,0.719246,0.793025,0.776063,0.617873,0.725851,0.658894,0.699887,0.695943
0.664486,0.613855,0.679920,0.708781,0.489415,0.692463,0.704936,0.683064,0.682598,0.696768
0.670646,0.642796,0.732590,0.646209,0.571682,0.815201,0.701145,0.660162,0.728461,0.713751
0.695379,0.682947,0.651795,0.613099,0.727430,0.714780,0.680731,0.633434,0.732358,0.709483
0.694295,0.691402,0.704326,0.597771,0.661030,0.654982,0.725990,0.662660,0.669050,0.680779
0.669834,0.670450,0.670982,0.685819,0.678375,0.670516,0.652500,0.690861,0.680159,0.708706
0.714774,0.667356,0.822932,0.735201,0.763781,0.648508,0.735338,0.652656,0.693650,0.669181
0.679586,0.698550,0.688773,0.722720,0.633792,0.652323,0.722252,0.716495,0.664712,0.695233
0.681867,0.703255,0.701448,0.713297,0.765201,0.675152,0.698952,0.703415,0.716512,0.689004
0.697535,0.758247,0.682122,0.693638,0.677416,0.683600,0.706665,0.762019,0.701729,0.740036
0.717197,0.649793,0.652993,0.691216,0.920668,0.682126,0.743818,0.764307,0.646168,0.693295
0.650091,0.679933,0.737294,0.703265,0.762684,0.683144,0.699983,0.660672,0.711300,0.675756
0.736006,0.655043,0.782466,0.641146,0.635337,0.583227,0.689449,0.649678,0.654364,0.699309
0.730047,0.711094,0.687057,0.697326,0.816110,0.717053,0.687783,0.729292,0.710943,0.718574
0.681708,0.703923,0.668676,0.668781,0.722871,0.426839,0.668150,0.746140,0.687517,0.722670
0.673369,0.699520,0.634350,0.682299,0.746737,0.701246,0.727335,0.657036,0.683186,0.689999
0.688704,0.704457,0.654284,0.612717,0.697870,0.475511,0.739177,0.583820,0.644317,0.700343
0.695295,0.683048,0.704566,0.692901,0.444525,0.640249,0.696742,0.655725,0.738290,0.682716
0.678089,0.656566,0.675039,0.661436,0.617507,0.670871,0.644780,0.706096,0.706504,0.696051
0.708027,0.695177,0.712872,0.677346,0.645090,0.578438,0.671856,0.711770,0.722679,0.767156
0.670675,0.704511,0.687183,0.656433,0.623243,0.696105,0.696691,0.687761,0.665633,0.702357
0.682249,0.666171,0.589252,0.719184,0.815169,0.773145,0.556862,0.734739,0.711807,0.664150
0.706805,0.681821,0.712512,0.675997,0.558472,0.782029,0.663646,0.705050,0.719773,0.692263
0.736509,0.722839,0.632529,0.712841,0.513145,0.781957,0.654098,0.704585,0.709157,0.698686
0.692052,0.714640,0.696287,0.693790,0.769096,0.679774,0.702969,0.709630,0.676474,0.684902
0.675126,0.741032,0.733154,0.688806,0.432671,0.734218,0.688556,0.693970,0.727546,0.656015
0.675866,0.739738,0.634854,0.609245,0.655430,0.536902,0.749313,0.743324,0.711446,0.688946
0.729827,0.658901,0.663742,0.733456,0.427817,0.678021,0.731249,0.740938,0.657820,0.675905
0.730305,0.680182,0.686497,0.680698,0.890271,0.698002,0.716893,0.697144,0.801310,0.677072
0.683405,0.691486,0.785519,0.680645,0.764259,0.709157,0.548739,0.644065,0.645016,0.669542
0.680658,0.683062,0.764772,0.704768,0.738764,0.720479,0.733507,0.695160,0.670417,0.698811
0.692252,0.695785,0.669792,0.696417,0.704837,0.689666,0.679969,0.627784,0.657791,0.708986
0.649842,0.641804,0.751985,0.712330,0.618373,0.627294,0.693531,0.697315,0.693360,0.683131
0.681221,0.670261,0.636409,0.661616,0.711600,0.699160,0.673568,0.693004,0.652746,0.673464
0.675158,0.701750,0.693223,0.695222,0.643945,0.656174,0.695061,0.689941,0.698385,0.677110
0.718555,0.745647,0.595165,0.795904,0.758656,0.717012,0.715452,0.774820,0.698440,0.681120
0.694663,0.659844,0.703009,0.729036,0.710492,0.632352,0.685586,0.661536,0.728061,0.713589
0.698810,0.748429,0.695255,0.653125,0.759754,0.715492,0.700123,0.727334,0.705329,0.687969
0.699187,0.678133,0.658907,0.672878,0.575166,0.742952,0.693397,0.655214,0.693519,0.679899
0.744759,0.680516,0.720188,0.713708,0.602960,0.793121,0.662741,0.676606,0.640601,0.692361
0.791711,0.755261,0.715555,0.588469,0.631477,0.741584,0.708785,0.823922,0.622589,0.677269
0.753563,0.643844,0.655957,0.667113,0.815672,0.702296,0.738144,0.675865,0.679856,0.736268
0.676644,0.687780,0.719425,0.789300,0.815401,0.724178,0.698105,0.693007,0.688754,0.698956
0.675624,0.716410,0.565168,0.714373,0.618214,0.718576,0.564479,0.677298,0.682778,0.717422
0.696215,0.685519,0.666728,0.660538,0.635507,0.726492,0.673150,0.694700,0.692885,0.692481
0.661681,0.656530,0.678461,0.684168,0.814807,0.632508,0.711557,0.675855,0.739203,0.561342
0.700407,0.664897,0.721776,0.572598,0.816309,0.672958,0.685499,0.571205,0.679211,0.698824
0.715003,0.672378,0.603377,0.722788,0.828358,0.804794,0.629549,0.707267,0.718716,0.682916
0.697939,0.707032,0.692100,0.617438,0.687050,0.748366,0.697892,0.710256,0.673501,0.676531
0.698538,0.679993,0.670327,0.752724,0.717163,0.533673,0.742989,0.688337,0.694978,0.658817
0.712901,0.682941,0.613344,0.651640,0.622532,0.647301,0.679370,0.714005,0.707073,0.708559
0.708363,0.666192,0.715133,0.715411,0.712820,0.672751,0.748427,0.652643,0.665537,0.672805
0.680063,0.697370,0.660482,0.695521,0.596791,0.725036,0.633419,0.692693,0.709243,0.693518
0.595719,0.669085,0.687297,0.653076,0.651658,0.758212,0.666230,0.603644,0.728334,0.690515
0.725284,0.708416,0.675897,0.679156,0.827992,0.785649,0.659007,0.723612,0.660708,0.714073
0.685939,0.690436,0.674242,0.714217,0.838741,0.835833,0.675982,0.665707,0.685986,0.698711
0.728383,0.667641,0.611102,0.677634,0.663728,0.757224,0.770097,0.632454,0.649947,0.669071
0.709020,0.654412,0.710769,0.772634,0.549376,0.581921,0.634150,0.724773,0.697754,0.689797
0.706075,0.736846,0.666179,0.681551,0.629845,0.763396,0.711988,0.675673,0.687976,0.660051
0.692428,0.728895,0.700681,0.628296,0.738512,0.661979,0.667394,0.726223,0.710876,0.682772
0.701260,0.656545,0.699945,0.727979,0.511847,0.651791,0.698320,0.684535,0.687371,0.706552
0.693035,0.682701,0.676442,0.734463,0.521259,0.726562,0.750095,0.704579,0.708415,0.686047
0.682839,0.705114,0.672505,0.703768,0.629832,0.640566,0.697253,0.705426,0.723093,0.693044
0.691196,0.688054,0.668178,0.762634,0.659914,0.673920,0.734270,0.679213,0.653832,0.683474
0.696131,0.674958,0.710228,0.625639,0.601598,0.800450,0.681995,0.723832,0.714621,0.699190
0.696954,0.697183,0.774411,0.780816,0.816755,0.606749,0.745759,0.715835,0.657211,0.672481
0.644251,0.714150,0.668350,0.643796,0.893174,0.769900,0.688078,0.704804,0.695479,0.716802
0.692016,0.702246,0.686389,0.686683,0.555458,0.682339,0.681819,0.753271,0.637297,0.665974
0.715571,0.670025,0.732267,0.682031,0.570190,0.715258,0.710952,0.614607,0.676138,0.686869
0.698271,0.702759,0.717253,0.686723,0.697963,0.599198,0.725270,0.683746,0.680137,0.662103
0.682825,0.660955,0.678675,0.678936,0.628438,0.678852,0.743759,0.681757,0.669365,0.664173
0.704488,0.637857,0.725581,0.761388,0.560964,0.557379,0.696560,0.705478,0.691041,0.709066
0.703879,0.730167,0.696157,0.649728,0.491875,0.777123,0.727265,0.677890,0.728163,0.650223
0.699999,0.716598,0.713582,0.666846,0.707971,0.591323,0.702727,0.684214,0.678201,0.606797
0.694205,0.695848,0.720826,0.737484,0.597095,0.697266,0.719217,0.741311,0.674883,0.727613
0.699812,0.651079,0.756458,0.741428,0.524877,0.780242,0.636022,0.662566,0.696452,0.693604
0.752058,0.753951,0.658871,0.653248,0.657668,0.585065,0.650454,0.672261,0.695400,0.621460
0.696792,0.648852,0.591610,0.657886,0.625630,0.841647,0.667392,0.667690,0.660967,0.668192
0.718924,0.735950,0.673327,0.524341,0.841603,0.709482,0.719818,0.801277,0.636158,0.726136
0.653133,0.695218,0.792440,0.710127,0.676718,0.720066,0.765886,0.667878,0.715810,0.727386
0.714020,0.675196,0.661673,0.721903,0.776078,0.623774,0.645836,0.723566,0.679443,0.685226
0.728960,0.681307,0.706228,0.733441,0.551808,0.633893,0.683738,0.694682,0.650443,0.688856
0.726408,0.682808,0.602820,0.629691,0.658728,0.793983,0.777361,0.676217,0.667451,0.721962
0.715239,0.643418,0.686883,0.763469,0.666584,0.613327,0.691363,0.678392,0.706103,0.663716
0.758476,0.724017,0.684913,0.792590,0.549001,0.816323,0.656081,0.740330,0.653608,0.759806
0.723145,0.763813,0.595614,0.655430,0.757310,0.581612,0.639820,0.735601,0.712122,0.689175
0.694214,0.739944,0.751417,0.702778,0.725407,0.624575,0.604060,0.684003,0.673873,0.666960
0.674109,0.636635,0.708199,0.657562,0.519708,0.699004,0.692831,0.713570,0.701547,0.745958
0.699237,0.645834,0.588159,0.706671,0.718377,0.728360,0.649519,0.682322,0.674621,0.699235
0.682903,0.706707,0.670534,0.713272,0.709057,0.736830,0.639902,0.706695,0.655752,0.680951
0.696938,0.788414,0.671622,0.640296,0.815756,0.698620,0.740261,0.796891,0.703852,0.684268
0.687977,0.634817,0.699218,0.605519,0.629811,0.768498,0.745718,0.777953,0.713586,0.647620
0.606272,0.616706,0.638413,0.629049,0.691693,0.677712,0.726500,0.676654,0.710314,0.724409
0.679064,0.704113,0.693863,0.717135,0.600044,0.642049,0.671576,0.719406,0.692989,0.682718
0.705496,0.691258,0.712807,0.648499,0.684562,0.775894,0.672608,0.626474,0.667639,0.698854
0.713025,0.761309,0.732544,0.692966,0.640521,0.782074,0.673418,0.673341,0.754653,0.713970
0.641995,0.677868,0.625400,0.702358,0.597215,0.674677,0.713123,0.706574,0.673134,0.712677
0.718194,0.683971,0.676278,0.637917,0.824164,0.799596,0.730041,0.761661,0.725605,0.688389
0.692821,0.735077,0.655608,0.654557,0.809612,0.541861,0.720846,0.681312,0.723767,0.690461
0.669256,0.708883,0.685821,0.656710,0.553042,0.659541,0.703361,0.697430,0.669259,0.679171
0.674006,0.644983,0.794553,0.668873,0.691227,0.676029,0.726045,0.715268,0.682346,0.693422
0.678988,0.746702,0.750227,0.758160,0.774736,0.587983,0.765193,0.706983,0.684169,0.696130
0.690276,0.678389,0.650001,0.721486,0.682536,0.738530,0.665639,0.685939,0.735764,0.653799
0.664161,0.720480,0.679535,0.707970,0.687155,0.744830,0.664304,0.681712,0.664673,0.720021
0.690708,0.630685,0.723766,0.746702,0.688050,0.652402,0.675017,0.706819,0.661666,0.714762
0.647541,0.724425,0.669031,0.536307,0.680246,0.603103,0.703782,0.613569,0.718900,0.701060
0.686486,0.718727,0.648354,0.738909,0.717649,0.571587,0.731185,0.742374,0.693164,0.685611
0.690655,0.696467,0.698526,0.680940,0.685634,0.702733,0.700694,0.704607,0.683695,0.692287
0.749981,0.695297,0.730405,0.640566,0.920938,0.806809,0.598434,0.670420,0.609673,0.743801
0.728145,0.738348,0.720839,0.709165,0.657809,0.754199,0.624719,0.727385,0.684244,0.654304
0.669646,0.734553,0.717499,0.598535,0.817605,0.790793,0.615252,0.705011,0.689097,0.661146
0.698964,0.677862,0.714088,0.640072,0.641120,0.632985,0.675434,0.624643,0.688604,0.642279
0.711707,0.688584,0.711121,0.730956,0.668266,0.806470,0.703663,0.637531,0.696398,0.677279
0.699995,0.613754,0.705549,0.722798,0.618081,0.710065,0.708160,0.597925,0.711936,0.712577
0.695278,0.664034,0.702407,0.714955,0.612767,0.737192,0.677039,0.705853,0.713187,0.680389
0.736143,0.667741,0.661894,0.717976,0.656890,0.754996,0.704108,0.697747,0.659696,0.690378
0.665453,0.703684,0.704993,0.618267,0.764655,0.768539,0.655307,0.669563,0.698383,0.737784
0.687378,0.672652,0.742100,0.718747,0.561661,0.664431,0.594323,0.710523,0.652235,0.730698
0.723489,0.763250,0.654717,0.617580,0.704865,0.574139,0.697778,0.707254,0.726607,0.704355
0.648008,0.665095,0.697777,0.677125,0.571292,0.652610,0.698662,0.717568,0.667166,0.680114
0.697551,0.691111,0.705390,0.704445,0.759621,0.671672,0.594791,0.692318,0.664171,0.661650
0.666741,0.761546,0.678476,0.540364,0.653891,0.632263,0.705059,0.682280,0.717579,0.720862
0.649587,0.729156,0.708119,0.675482,0.650551,0.642173,0.704715,0.691949,0.706223,0.685272
0.637483,0.687103,0.598402,0.747929,0.701929,0.829268,0.663105,0.701025,0.637265,0.658094
0.670944,0.700921,0.673315,0.640078,0.658655,0.819973,0.696924,0.689560,0.690307,0.689829
0.730032,0.725467,0.690482,0.742499,0.608037,0.677058,0.628843,0.726491,0.712133,0.672329
0.685004,0.684984,0.691592,0.711795,0.844111,0.758103,0.680223,0.660158,0.691916,0.687779
0.633334,0.752402,0.699775,0.561442,0.794327,0.697865,0.638342,0.529553,0.679439,0.689085
0.688802,0.686953,0.708106,0.659479,0.550295,0.672784,0.708757,0.697914,0.654903,0.687944
0.705026,0.651243,0.679168,0.679928,0.464360,0.741223,0.732470,0.710968,0.702556,0.718204
0.597847,0.658898,0.649452,0.669774,0.707413,0.612482,0.735663,0.693180,0.674651,0.683167
0.727142,0.671261,0.723323,0.594403,0.619703,0.799643,0.718666,0.753264,0.744925,0.694560
0.707319,0.717669,0.679597,0.722950,0.670280,0.737461,0.692100,0.694663,0.694560,0.677047
0.678602,0.621201,0.738450,0.717809,0.566926,0.734087,0.650092,0.677000,0.727723,0.636842
0.649567,0.679952,0.664224,0.688916,0.723859,0.616809,0.713964,0.689999,0.666799,0.711927
0.749906,0.669911,0.680780,0.661350,0.734860,0.642679,0.732332,0.734409,0.756679,0.646918
0.696572,0.701125,0.694695,0.641127,0.600316,0.775598,0.674703,0.689562,0.713593,0.720476
0.661531,0.666000,0.734517,0.661194,0.898934,0.632472,0.670903,0.665530,0.679004,0.706512
0.679372,0.675167,0.668642,0.644122,0.847682,0.737136,0.681098,0.639191,0.675149,0.678266
0.693304,0.650358,0.729541,0.684384,0.791012,0.564934,0.654711,0.717812,0.653026,0.679437
0.723118,0.760202,0.683979,0.723946,0.719175,0.499483,0.668750,0.660219,0.709176,0.689808
0.688544,0.683172,0.677671,0.667821,0.624728,0.649973,0.654790,0.699711,0.686768,0.699668
0.708432,0.740135,0.666862,0.707052,0.755439,0.498457,0.705796,0.722583,0.715440,0.694483
0.695776,0.706135,0.683966,0.593920,0.725832,0.573978,0.671710,0.704017,0.763503,0.683387
0.650655,0.713554,0.709135,0.669518,0.506517,0.815714,0.690223,0.698112,0.693568,0.666389
0.700229,0.689393,0.687894,0.612894,0.572745,0.777370,0.686421,0.731364,0.711318,0.683004
0.694530,0.662339,0.688908,0.685077,0.606522,0.807639,0.625605,0.688159,0.734917,0.657430
0.688728,0.661224,0.563604,0.717789,0.723620,0.727988,0.748159,0.718282,0.680752,0.759720
0.681612,0.665626,0.675309,0.764281,0.912048,0.649536,0.690652,0.653465,0.656930,0.701350
0.781862,0.681628,0.751769,0.619293,0.704509,0.747131,0.616679,0.709074,0.667856,0.666681
0.659789,0.671295,0.735128,0.680707,0.785203,0.784387,0.716206,0.676070,0.651814,0.688454
0.679350,0.686815,0.674867,0.660691,0.472512,0.678429,0.679602,0.682424,0.681110,0.711331
0.725958,0.649900,0.691466,0.735000,0.884631,0.698564,0.756191,0.670718,0.705118,0.655051
0.707439,0.669772,0.674758,0.735790,0.546742,0.637525,0.704499,0.701898,0.679153,0.711349
0.743056,0.652328,0.699725,0.782252,0.797006,0.601891,0.660169,0.679962,0.746387,0.711814
0.784896,0.662312,0.702899,0.675232,0.898124,0.760181,0.699174,0.655902,0.703416,0.696927
0.694311,0.684461,0.639016,0.649954,0.678740,0.753664,0.641326,0.682624,0.701017,0.688142
0.718634,0.712165,0.626306,0.731171,0.742935,0.759386,0.677346,0.715248,0.714389,0.690396
0.682786,0.690554,0.711765,0.663614,0.553776,0.654378,0.718858,0.691076,0.665525,0.687594
0.734836,0.592169,0.743361,0.564876,0.867334,0.757937,0.651627,0.651810,0.634391,0.735380
0.714453,0.678807,0.704201,0.653832,0.905880,0.757374,0.694951,0.752858,0.724266,0.698120
0.674983,0.674826,0.712072,0.725469,0.814289,0.781067,0.730911,0.689855,0.709681,0.672681
0.715187,0.685275,0.640629,0.736101,0.625591,0.677785,0.779942,0.620022,0.677365,0.632132
0.631692,0.701692,0.704476,0.661203,0.541009,0.807938,0.632967,0.757291,0.731623,0.603568
0.695151,0.653404,0.681653,0.621056,0.691226,0.686557,0.691916,0.597558,0.690253,0.705363
0.670190,0.635459,0.699200,0.635705,0.815733,0.503839,0.706558,0.624384,0.657302,0.645870
0.718294,0.645265,0.693710,0.753255,0.781819,0.560586,0.730396,0.645186,0.710470,0.692951
0.691335,0.692236,0.829174,0.703616,0.694914,0.707180,0.790148,0.697748,0.662319,0.710299
0.679416,0.670297,0.700428,0.664647,0.707441,0.690432,0.702018,0.693908,0.671411,0.692169
0.682399,0.667766,0.636426,0.718331,0.610118,0.702613,0.628271,0.680461,0.714462,0.666134
0.705596,0.720997,0.707560,0.725599,0.564083,0.691498,0.731257,0.687969,0.684541,0.660601
0.694511,0.703610,0.700459,0.747572,0.841615,0.718684,0.628209,0.723458,0.702221,0.685458
0.655347,0.678416,0.756159,0.720067,0.599198,0.699829,0.726855,0.678610,0.694028,0.658070
0.658249,0.758453,0.684973,0.594019,0.785708,0.667489,0.723025,0.686006,0.669448,0.669671
0.702110,0.698421,0.690467,0.689969,0.733311,0.726809,0.706111,0.697599,0.646273,0.697130
0.744603,0.714851,0.684782,0.755965,0.797796,0.676874,0.686210,0.675684,0.737381,0.674655
0.716395,0.704385,0.674243,0.754354,0.739495,0.775528,0.691334,0.721451,0.704349,0.696561
0.673391,0.710217,0.671250,0.837569,0.594466,0.796430,0.746014,0.773747,0.736354,0.672423
0.724539,0.696618,0.728940,0.696671,0.703725,0.661232,0.729829,0.690404,0.715437,0.685844
0.693712,0.664999,0.657550,0.681113,0.683118,0.767682,0.689576,0.722176,0.684780,0.698478
0.695992,0.727885,0.676348,0.717588,0.494896,0.673644,0.705418,0.703917,0.710638,0.658496
0.669666,0.688382,0.690326,0.675235,0.521440,0.696441,0.683992,0.700972,0.706941,0.695651
0.682562,0.718381,0.694645,0.777466,0.851944,0.558607,0.675277,0.668907,0.674967,0.699894
0.659412,0.722309,0.681589,0.650914,0.694017,0.581274,0.695581,0.693822,0.713141,0.666315
0.704878,0.635679,0.731221,0.793126,0.603530,0.707133,0.628792,0.659060,0.610937,0.714688
0.671499,0.686269,0.679869,0.685761,0.845735,0.761974,0.710848,0.690098,0.673423,0.673156
0.696553,0.665816,0.700053,0.648300,0.749723,0.624696,0.696770,0.714544,0.689049,0.678268
0.683663,0.709655,0.695029,0.729933,0.778267,0.747241,0.675824,0.714629,0.692998,0.740498
0.665496,0.713315,0.725372,0.745404,0.741568,0.632098,0.693071,0.682238,0.691667,0.680722
0.689541,0.723138,0.670551,0.704069,0.659698,0.662384,0.734890,0.789664,0.590479,0.697428
0.721448,0.723351,0.680077,0.664198,0.783663,0.675385,0.686272,0.661020,0.712025,0.712124
0.713702,0.725007,0.666581,0.699217,0.727070,0.784557,0.691462,0.700211,0.692396,0.660710
0.694742,0.698483,0.706054,0.665399,0.889119,0.746697,0.746347,0.693740,0.663504,0.650190
0.673159,0.693802,0.764000,0.596533,0.673776,0.684157,0.712463,0.703339,0.672024,0.673017
0.507146,0.656815,0.715239,0.629769,0.668496,0.638299,0.660475,0.624048,0.764122,0.650510
0.694032,0.695939,0.727946,0.735210,0.627499,0.732722,0.717134,0.681121,0.686851,0.692864
0.648417,0.609293,0.637591,0.686150,0.851304,0.629528,0.761439,0.664825,0.738063,0.623792
0.738622,0.706821,0.665203,0.695342,0.577739,0.753427,0.721867,0.747721,0.666513,0.716844
0.685075,0.690570,0.657356,0.703375,0.740523,0.730938,0.672161,0.696085,0.685455,0.654187
0.663543,0.674598,0.749965,0.634094,0.742934,0.587510,0.651332,0.641258,0.704764,0.736655
0.713783,0.631236,0.677628,0.774979,0.482215,0.737261,0.699051,0.714138,0.713650,0.681318
0.586372,0.725962,0.708587,0.646692,0.857547,0.651770,0.632786,0.650446,0.605265,0.687638
0.722064,0.673307,0.648350,0.689752,0.498664,0.690701,0.708207,0.694213,0.725562,0.694999
0.681081,0.694826,0.689134,0.709670,0.882109,0.581246,0.645107,0.712860,0.688563,0.697734
0.649481,0.716641,0.784998,0.679716,0.751923,0.782597,0.667212,0.671866,0.599037,0.681565
0.680272,0.739909,0.641902,0.650445,0.760953,0.505274,0.697938,0.721469,0.701897,0.679618
0.723784,0.703729,0.688828,0.652816,0.757329,0.575121,0.632047,0.689925,0.679150,0.681152
0.688576,0.682753,0.643182,0.667512,0.618177,0.687022,0.724197,0.698762,0.699613,0.671580
0.698714,0.631947,0.728814,0.758875,0.671140,0.815693,0.758193,0.726353,0.681534,0.634174
0.686530,0.712727,0.700969,0.730404,0.746423,0.697635,0.669574,0.676114,0.601774,0.647082
0.710982,0.783029,0.596434,0.573976,0.711577,0.628251,0.647464,0.714892,0.713431,0.668147
0.677538,0.696570,0.647613,0.663881,0.587302,0.701218,0.750503,0.727598,0.721212,0.672769
0.654700,0.656873,0.652894,0.704021,0.654644,0.742111,0.725236,0.696273,0.734609,0.730502
0.709922,0.695533,0.796543,0.573872,0.738726,0.610811,0.694343,0.676056,0.772718,0.659407
0.669141,0.676406,0.706612,0.638195,0.749375,0.703088,0.696940,0.726549,0.645226,0.680937
0.682034,0.670816,0.676172,0.709828,0.739900,0.674692,0.714815,0.744720,0.745126,0.668981
0.653358,0.719742,0.649590,0.672737,0.622200,0.663346,0.590093,0.719469,0.737913,0.670986
0.622085,0.667425,0.649434,0.757744,0.795742,0.689484,0.655084,0.695392,0.688636,0.696058
0.703004,0.668681,0.736358,0.674979,0.356623,0.650816,0.699428,0.691940,0.697672,0.697381
0.684959,0.708866,0.677640,0.724887,0.556016,0.759639,0.677273,0.677785,0.694720,0.699799
0.664701,0.704847,0.682246,0.663326,0.772148,0.719494,0.698333,0.689329,0.628985,0.691329
0.647037,0.651794,0.631952,0.704149,0.695882,0.758112,0.639710,0.666653,0.661513,0.657216
0.677272,0.719702,0.764195,0.712227,0.680433,0.682941,0.662589,0.697433,0.730395,0.695791
0.747787,0.666378,0.685122,0.684084,0.891578,0.693673,0.676952,0.638781,0.653273,0.720901
0.699195,0.660239,0.694181,0.623030,0.757932,0.543976,0.660322,0.754397,0.680204,0.676646
0.699279,0.719006,0.738722,0.715922,0.579643,0.639170,0.720512,0.695721,0.708194,0.699488
0.682774,0.712350,0.564633,0.690358,0.719191,0.703770,0.617390,0.690300,0.681287,0.705283
0.672152,0.686382,0.691503,0.661562,0.800403,0.564335,0.690581,0.764225,0.671441,0.674644
0.642173,0.731246,0.738236,0.691740,0.786683,0.529803,0.635957,0.662833,0.685010,0.699635
0.698802,0.689703,0.722272,0.650056,0.600686,0.771238,0.711760,0.698370,0.676093,0.697359
0.659418,0.696285,0.671386,0.694028,0.969030,0.801324,0.664110,0.736869,0.695207,0.697608
0.651340,0.662054,0.649188,0.654388,0.478452,0.740696,0.660030,0.670243,0.725519,0.633551
0.705410,0.679876,0.687681,0.760175,0.779195,0.605014,0.686930,0.699407,0.719395,0.695150
0.643671,0.573600,0.717544,0.689482,0.662789,0.727478,0.701865,0.649637,0.740837,0.686940
0.678078,0.687110,0.732017,0.662343,0.524478,0.773728,0.759943,0.699003,0.674862,0.696393
0.691412,0.732441,0.744102,0.757910,0.595467,0.747625,0.616621,0.817774,0.689045,0.718171
0.699907,0.742397,0.684035,0.622316,0.608643,0.762258,0.723716,0.657224,0.730343,0.684906
0.759258,0.660156,0.686447,0.664644,0.834027,0.659317,0.712183,0.656612,0.753548,0.643246
0.704344,0.690824,0.664779,0.657632,0.647840,0.653832,0.637313,0.683658,0.695783,0.706637
0.695867,0.719459,0.668396,0.653790,0.696829,0.737911,0.681816,0.703051,0.683206,0.691502
0.701007,0.664457,0.698215,0.665569,0.713673,0.670947,0.655373,0.688389,0.700264,0.735686
0.650082,0.710603,0.594367,0.728072,0.639595,0.667395,0.698973,0.690597,0.742657,0.706144
0.699799,0.688013,0.664420,0.700489,0.686605,0.747958,0.662263,0.655354,0.688252,0.691510
0.715620,0.709664,0.660591,0.698382,0.678451,0.733896,0.697422,0.700116,0.697568,0.699710
0.644390,0.684070,0.763550,0.723975,0.708992,0.685193,0.635140,0.725598,0.701533,0.692490
0.694817,0.640217,0.719659,0.741230,0.552595,0.651647,0.648457,0.691147,0.671695,0.735821
0.704328,0.703022,0.649650,0.741061,0.594646,0.705927,0.707736,0.694176,0.701636,0.679349
0.762825,0.704670,0.686906,0.807572,0.791781,0.730050,0.772279,0.657603,0.681191,0.725342
0.707881,0.714848,0.643523,0.713116,0.752043,0.770214,0.681785,0.681688,0.620220,0.713143
0.683739,0.704145,0.613352,0.686534,0.795849,0.648391,0.683378,0.691893,0.676122,0.705140
0.676848,0.685566,0.680160,0.595952,0.603108,0.747038,0.640954,0.693655,0.676954,0.645948
0.731544,0.714839,0.730447,0.666671,0.762256,0.576144,0.595772,0.727396,0.656197,0.709701
0.740443,0.672276,0.734611,0.731962,0.527990,0.639704,0.657606,0.736895,0.662280,0.701732
0.656231,0.828488,0.679967,0.737552,0.654347,0.742486,0.731995,0.724292,0.645300,0.673148
0.679542,0.648767,0.716949,0.758737,0.673918,0.644303,0.645528,0.665268,0.708375,0.748939
0.689997,0.698164,0.678740,0.717845,0.766631,0.817634,0.686012,0.698267,0.709728,0.701116
0.670318,0.686055,0.685606,0.627457,0.748238,0.673535,0.637470,0.669900,0.640442,0.731586
0.715774,0.649566,0.678977,0.586753,0.701507,0.765268,0.655536,0.643921,0.628689,0.628077
0.633015,0.699515,0.729381,0.825706,0.635045,0.692535,0.696630,0.636014,0.735391,0.679309
0.705684,0.697402,0.712554,0.649345,0.590595,0.825436,0.693775,0.719949,0.678329,0.687621
0.685027,0.648668,0.708594,0.595508,0.663620,0.803584,0.708806,0.712455,0.659740,0.693567
0.706067,0.653544,0.737308,0.744631,0.739111,0.657899,0.709149,0.695966,0.712775,0.720982
0.663377,0.697259,0.701942,0.643932,0.414187,0.663280,0.741437,0.650889,0.679879,0.687408
0.710051,0.753700,0.698959,0.741880,0.705853,0.628376,0.706560,0.674485,0.678509,0.694928
0.684115,0.660022,0.684229,0.736037,0.589391,0.652347,0.691902,0.726903,0.690005,0.693657
0.712227,0.676666,0.669776,0.661348,0.555382,0.710118,0.710769,0.598805,0.707123,0.713204
0.706151,0.676430,0.732372,0.685479,0.683458,0.636575,0.707542,0.699629,0.706258,0.725223
0.666520,0.708339,0.655636,0.677613,0.850434,0.763177,0.679836,0.691400,0.670450,0.689094
0.623608,0.663196,0.718608,0.564706,0.652292,0.655686,0.765427,0.710918,0.729364,0.668057
0.694447,0.779650,0.745857,0.734454,0.761206,0.773602,0.591690,0.717017,0.755053,0.620945
0.736181,0.712315,0.722577,0.653003,0.755413,0.555776,0.658469,0.752994,0.715556,0.674164
0.689286,0.750505,0.692282,0.648882,0.628100,0.665387,0.718479,0.662894,0.687898,0.686908
0.687162,0.646301,0.701188,0.660613,0.636140,0.811784,0.739703,0.745188,0.693958,0.657786
0.699481,0.762299,0.691923,0.709917,0.446564,0.743909,0.734884,0.681799,0.648456,0.673838
0.713964,0.654421,0.697828,0.564991,0.802080,0.666777,0.747322,0.685491,0.715253,0.728852
0.689412,0.652251,0.804093,0.715526,0.670802,0.760051,0.780897,0.683311,0.660851,0.693869
0.672215,0.721537,0.731153,0.692318,0.685169,0.645027,0.669777,0.664156,0.732950,0.700012
0.648433,0.732449,0.676556,0.595226,0.765641,0.753045,0.671434,0.723982,0.625933,0.678463
0.677799,0.682887,0.649882,0.706692,0.501665,0.676864,0.676804,0.692951,0.658411,0.680248
0.686195,0.656440,0.643391,0.722870,0.544358,0.628670,0.693838,0.653865,0.706586,0.717768
0.702430,0.676272,0.698229,0.743086,0.554482,0.802832,0.692489,0.748377,0.696623,0.700432
0.670121,0.599880,0.688914,0.669373,0.822444,0.718873,0.699153,0.696264,0.654753,0.697425
0.675354,0.695468,0.684613,0.811442,0.883262,0.801309,0.639777,0.758290,0.688851,0.723424
0.734091,0.591623,0.679630,0.657581,0.465951,0.754806,0.670791,0.767285,0.738228,0.729532
0.716476,0.677832,0.677851,0.820074,0.727576,0.822083,0.676311,0.642745,0.686398,0.664300
0.658522,0.689034,0.814955,0.626941,0.639466,0.750253,0.770990,0.678080,0.655456,0.671124
0.597590,0.685835,0.779102,0.675795,0.727706,0.629292,0.654009,0.717462,0.714178,0.694216
0.654689,0.687657,0.753543,0.653333,0.663296,0.754497,0.593033,0.678232,0.706967,0.664374
0.687066,0.690145,0.667260,0.739461,0.729493,0.621759,0.760822,0.689653,0.725369,0.655115
0.679018,0.698930,0.644949,0.749565,0.561590,0.593563,0.700229,0.717111,0.725788,0.697436
0.733876,0.713106,0.668762,0.720446,0.645987,0.825088,0.644225,0.736577,0.695401,0.706077
0.651981,0.634725,0.724126,0.687365,0.716042,0.743940,0.616453,0.648197,0.755919,0.698281
0.691771,0.705297,0.618607,0.632877,0.758386,0.687840,0.732709,0.710492,0.674155,0.644123
0.620226,0.629307,0.746119,0.777839,0.639480,0.685516,0.634833,0.686052,0.668725,0.708778
0.663428,0.632676,0.681896,0.653078,0.628459,0.616797,0.707780,0.715028,0.701780,0.691642
0.662187,0.650990,0.696338,0.700426,0.726522,0.721308,0.660699,0.645849,0.687717,0.722630
0.651815,0.670726,0.684462,0.660315,0.906381,0.760939,0.638440,0.700638,0.697230,0.699745
0.724459,0.644075,0.633282,0.654838,0.474227,0.663532,0.680347,0.654884,0.678019,0.734929
0.640718,0.693053,0.748801,0.715178,0.680745,0.682966,0.747050,0.675588,0.684711,0.678999
0.701789,0.688346,0.674391,0.635181,0.850678,0.562381,0.683059,0.753574,0.668088,0.691145
0.699441,0.686372,0.695715,0.610502,0.599617,0.667944,0.692772,0.649076,0.654219,0.689531
0.701108,0.713103,0.663116,0.686487,0.690859,0.693261,0.649179,0.628842,0.693934,0.684998
0.678640,0.613497,0.561968,0.725691,0.619843,0.643021,0.601585,0.651789,0.682658,0.687361
0.608287,0.682752,0.752118,0.758601,0.650231,0.743147,0.767968,0.699623,0.738728,0.698262
0.702317,0.616804,0.717819,0.701427,0.521875,0.664446,0.663115,0.661226,0.636057,0.757750
0.722839,0.679016,0.702597,0.670922,0.625139,0.725527,0.696489,0.686514,0.716391,0.691277
0.683660,0.692345,0.694574,0.704867,0.680066,0.817631,0.721641,0.665644,0.734142,0.679950
0.702794,0.669944,0.709381,0.711339,0.639314,0.709792,0.582322,0.739470,0.652527,0.661061
0.679001,0.707510,0.664765,0.688039,0.567322,0.599919,0.706423,0.742541,0.714378,0.707036
0.696813,0.719821,0.706236,0.604871,0.393000,0.829680,0.710627,0.673991,0.683185,0.711856
0.690068,0.746339,0.744820,0.643831,0.651931,0.636261,0.609001,0.670829,0.767708,0.665017
0.616381,0.666855,0.681938,0.612932,0.872243,0.764262,0.732995,0.684784,0.721791,0.659375
0.688293,0.720556,0.685979,0.585572,0.651872,0.702046,0.611810,0.677620,0.765272,0.688398
0.692510,0.714761,0.696887,0.734797,0.446293,0.752410,0.617611,0.733356,0.695413,0.731236
0.673056,0.750626,0.749303,0.620560,0.789354,0.701754,0.639658,0.605831,0.692962,0.684564
0.702852,0.712345,0.689689,0.717308,0.736454,0.686160,0.681185,0.675213,0.713425,0.684028
0.765755,0.672511,0.756171,0.552593,0.833181,0.721924,0.663996,0.687076,0.736688,0.660875
0.672239,0.641082,0.708389,0.689889,0.772256,0.823312,0.683025,0.693803,0.682399,0.715121
0.720549,0.668430,0.690565,0.669078,0.668865,0.760641,0.733503,0.711664,0.683611,0.686760
0.734789,0.678126,0.721890,0.637204,0.643950,0.713641,0.686952,0.677518,0.727359,0.638181
0.690188,0.679607,0.698802,0.677072,0.692672,0.596120,0.764029,0.698650,0.657751,0.692948
0.689773,0.697617,0.704948,0.687139,0.546854,0.705223,0.675893,0.666088,0.686651,0.692730
0.678657,0.696815,0.669735,0.679663,0.752640,0.669418,0.701208,0.696838,0.654938,0.749027
0.687781,0.660551,0.618680,0.706622,0.677067,0.639442,0.752727,0.660202,0.641989,0.641398
0.684960,0.682220,0.655658,0.722822,0.740827,0.743667,0.671451,0.691037,0.689475,0.696406
0.703397,0.750027,0.679109,0.725893,0.732314,0.675255,0.710403,0.665468,0.733981,0.722534
0.716865,0.703008,0.669269,0.660598,0.611268,0.681297,0.652050,0.698026,0.656018,0.693487
0.702420,0.657841,0.667155,0.655999,0.553367,0.644169,0.721670,0.618663,0.696018,0.702928
0.668949,0.681968,0.662310,0.787446,0.675334,0.750902,0.661270,0.729020,0.655363,0.701273
0.679455,0.652743,0.736758,0.694263,0.411993,0.724760,0.719814,0.664428,0.692154,0.686915
0.721989,0.627570,0.707545,0.655170,0.601521,0.705821,0.668595,0.659531,0.740235,0.725997
0.666217,0.648905,0.675409,0.663572,0.764702,0.468457,0.733484,0.689565,0.667946,0.664711
0.742723,0.750474,0.635257,0.745827,0.610119,0.689980,0.644468,0.643097,0.686551,0.712439
0.695792,0.681723,0.684388,0.627610,0.702406,0.598660,0.683480,0.727056,0.709560,0.714439
0.685163,0.690085,0.668535,0.665088,0.616058,0.668175,0.700676,0.720622,0.711347,0.720361
0.755149,0.686502,0.709170,0.686872,0.699679,0.598804,0.744467,0.761625,0.673608,0.638612
0.744034,0.678230,0.733542,0.648463,0.686913,0.660707,0.607326,0.657693,0.668676,0.712099
0.672424,0.704258,0.707310,0.686188,0.744549,0.627722,0.715814,0.700141,0.688681,0.705739
0.692422,0.659266,0.715465,0.712880,0.654243,0.735965,0.720699,0.731551,0.737980,0.671804
0.672085,0.690026,0.698685,0.716357,0.603510,0.690503,0.752853,0.663684,0.697955,0.708062
0.703048,0.657935,0.768406,0.765977,0.840738,0.626689,0.640389,0.659311,0.695099,0.717347
0.677862,0.740119,0.764622,0.589358,0.706039,0.646744,0.679079,0.706856,0.679372,0.672631
0.731270,0.710598,0.710121,0.632800,0.788915,0.532935,0.669296,0.770245,0.686984,0.718327
0.693969,0.674603,0.681936,0.653826,0.401335,0.669016,0.720065,0.732311,0.647181,0.666928
0.694303,0.699827,0.680347,0.688409,0.449781,0.763217,0.725546,0.715529,0.661324,0.669362
0.722406,0.679157,0.675692,0.729346,0.778382,0.651543,0.696584,0.639270,0.706090,0.674304
0.667765,0.699444,0.601735,0.705936,0.728997,0.817752,0.743045,0.656247,0.680141,0.684656
0.707139,0.647856,0.738039,0.619582,0.531733,0.742973,0.684192,0.685722,0.772299,0.709414
0.704633,0.682988,0.687069,0.680759,0.570248,0.743868,0.669022,0.684647,0.716611,0.694611
0.714134,0.621906,0.811809,0.699513,0.842724,0.707454,0.773570,0.736045,0.668331,0.735395
0.694470,0.677793,0.706113,0.695042,0.634750,0.754477,0.718437,0.706036,0.700380,0.715318
0.690947,0.719608,0.677494,0.681592,0.662966,0.750701,0.700193,0.701277,0.700236,0.729253
0.658327,0.745560,0.663860,0.815683,0.757923,0.766382,0.680772,0.748888,0.703710,0.714701
0.737751,0.695963,0.655284,0.750634,0.703044,0.692709,0.667837,0.651280,0.702445,0.641207
0.714729,0.635387,0.689528,0.659557,0.875147,0.563602,0.659379,0.709918,0.737566,0.672297
0.745329,0.724042,0.746100,0.573622,0.717532,0.722662,0.662898,0.722827,0.645362,0.690264
0.701580,0.663795,0.694107,0.695870,0.519037,0.699742,0.650159,0.681932,0.670628,0.700896
0.629621,0.692223,0.623805,0.852659,0.697032,0.763541,0.676500,0.736294,0.641134,0.690809
0.697018,0.639758,0.695962,0.690954,0.796166,0.660399,0.674477,0.700435,0.733925,0.687388
0.690080,0.696877,0.693485,0.576295,0.693543,0.706256,0.746938,0.679893,0.685652,0.725611
0.669774,0.649997,0.734333,0.691445,0.513464,0.675757,0.687631,0.719112,0.716423,0.695334
0.652988,0.714537,0.689195,0.833591,0.726801,0.705803,0.678721,0.651017,0.688453,0.701615
0.703276,0.681005,0.680411,0.646962,0.692577,0.730158,0.687752,0.682963,0.657678,0.691189
0.703662,0.668757,0.653314,0.722916,0.780162,0.602678,0.744833,0.644147,0.770710,0.678776
0.788297,0.681359,0.622844,0.618460,0.748259,0.722072,0.746931,0.592169,0.643029,0.750171
0.709033,0.729678,0.690635,0.763417,0.833921,0.684336,0.695103,0.691814,0.702901,0.709676
0.660518,0.688130,0.666772,0.666371,0.582910,0.718149,0.695250,0.681427,0.704800,0.699982
0.627727,0.765506,0.712538,0.663874,0.859237,0.716477,0.664525,0.612198,0.744685,0.623509
0.681279,0.670750,0.655783,0.697417,0.697317,0.623851,0.702210,0.729765,0.751355,0.691503
0.597903,0.692252,0.682825,0.782145,0.683549,0.803047,0.643964,0.796455,0.762206,0.620637
0.700724,0.695233,0.700492,0.733448,0.650447,0.851326,0.734906,0.718496,0.725554,0.693914
0.692606,0.662639,0.677448,0.689552,0.547905,0.616145,0.663815,0.681940,0.676334,0.703869
0.661063,0.644540,0.722485,0.775085,0.743323,0.685902,0.703908,0.664782,0.679058,0.671640
0.741666,0.712214,0.699800,0.702520,0.491896,0.776202,0.717304,0.803518,0.713332,0.657070
0.680090,0.718848,0.701068,0.621150,0.941707,0.791277,0.650749,0.669584,0.696889,0.733491
0.746643,0.685774,0.567343,0.669242,0.580815,0.755263,0.725259,0.668423,0.650023,0.695426
0.715198,0.705219,0.650394,0.718328,0.610373,0.664357,0.740376,0.720375,0.699740,0.670470
0.733850,0.652331,0.747464,0.608463,0.663186,0.742838,0.689678,0.739039,0.656740,0.654696
0.682089,0.687342,0.682302,0.683194,0.358443,0.660457,0.722124,0.671806,0.677863,0.655630
0.683322,0.716299,0.657270,0.694825,0.767331,0.813199,0.649229,0.664469,0.738203,0.661348
0.715484,0.693691,0.677671,0.698545,0.532344,0.768560,0.712906,0.686598,0.691909,0.664185
0.673259,0.662818,0.702770,0.656889,0.702894,0.514967,0.752668,0.542732,0.631540,0.611337
0.686198,0.682223,0.681383,0.733819,0.818869,0.716115,0.676022,0.684981,0.723768,0.700478
0.670644,0.696804,0.705659,0.652843,0.560570,0.699511,0.673271,0.682592,0.704631,0.714417
0.733048,0.699635,0.727521,0.648330,0.701809,0.742644,0.679605,0.657960,0.625079,0.674069
0.703908,0.684000,0.743755,0.630985,0.689453,0.643755,0.524655,0.689026,0.663645,0.621485
0.752090,0.689533,0.740054,0.636412,0.759299,0.683761,0.688504,0.754362,0.823365,0.694057
0.690704,0.691743,0.765784,0.676322,0.427034,0.618390,0.733997,0.691744,0.670742,0.673898
0.705894,0.665575,0.641506,0.763566,0.408980,0.677478,0.708837,0.763102,0.693144,0.640755
0.667702,0.701908,0.672574,0.657371,0.660739,0.715195,0.676546,0.683413,0.644401,0.705956
0.666317,0.747100,0.648488,0.720361,0.675067,0.689544,0.699433,0.727671,0.664471,0.698513
0.669863,0.652922,0.704936,0.653841,0.548976,0.675909,0.654983,0.687357,0.695763,0.711259
0.677172,0.708546,0.729524,0.767784,0.680727,0.651475,0.712342,0.691819,0.673363,0.716513
0.694561,0.656071,0.665182,0.717881,0.782699,0.642612,0.721293,0.649867,0.682288,0.704001
0.689229,0.642762,0.695554,0.698851,0.833619,0.618802,0.693177,0.722607,0.736403,0.651084
0.684251,0.655810,0.762252,0.696638,0.925231,0.771895,0.719918,0.714270,0.682749,0.725027
0.684791,0.689569,0.682909,0.666473,0.767663,0.710657,0.690980,0.654508,0.704938,0.700756
0.683273,0.724467,0.666797,0.703338,0.708720,0.617307,0.677411,0.627710,0.684509,0.655219
0.683470,0.682185,0.677913,0.722003,0.804815,0.476122,0.638889,0.685171,0.666933,0.709233
0.695053,0.700539,0.714639,0.693891,0.753302,0.603585,0.710595,0.710694,0.702685,0.684831
0.621261,0.706656,0.695495,0.698209,0.722162,0.787634,0.642131,0.673687,0.688031,0.687054
0.688613,0.742888,0.772899,0.696356,0.621887,0.750181,0.746524,0.651513,0.703327,0.698799
0.703904,0.676025,0.776835,0.704905,0.771545,0.889368,0.756095,0.678918,0.663705,0.692752
0.703363,0.710113,0.624986,0.674543,0.514778,0.679608,0.710773,0.658837,0.639086,0.670998
0.648330,0.673809,0.762357,0.667811,0.630661,0.690810,0.729526,0.684564,0.660333,0.662353
0.669870,0.687874,0.696383,0.739967,0.857766,0.662211,0.647288,0.717907,0.669953,0.695089
0.698005,0.693811,0.641913,0.669842,0.696548,0.709160,0.648469,0.687024,0.677942,0.680188
0.654781,0.659793,0.627413,0.673934,0.668900,0.692392,0.692134,0.695024,0.700673,0.703736
0.680402,0.632742,0.692243,0.736537,0.637756,0.674817,0.706101,0.674370,0.672299,0.666107
0.707707,0.700791,0.569754,0.665338,0.707291,0.645030,0.748035,0.706384,0.686190,0.707234
0.683486,0.682810,0.742917,0.716145,0.736578,0.624278,0.736378,0.708333,0.679982,0.694212
0.672762,0.713615,0.639935,0.726381,0.733096,0.719968,0.669434,0.665287,0.678351,0.699086
0.697421,0.696007,0.708079,0.703400,0.746259,0.637801,0.697807,0.719794,0.686875,0.696313
0.686184,0.713537,0.752829,0.791120,0.568570,0.794409,0.538312,0.776371,0.637485,0.713943
0.667403,0.648558,0.643134,0.688073,0.688641,0.596047,0.753130,0.637119,0.710907,0.640881
0.696186,0.758475,0.669744,0.592834,0.734974,0.539273,0.691668,0.710955,0.705840,0.730277
0.738663,0.681431,0.722706,0.744116,0.545404,0.712521,0.566550,0.697235,0.698408,0.676536
0.683685,0.691592,0.643250,0.657225,0.648739,0.662277,0.701700,0.696212,0.671101,0.648960
0.701551,0.694288,0.654715,0.706527,0.712157,0.736876,0.698593,0.699528,0.681918,0.692235
0.664766,0.670068,0.751506,0.671784,0.838080,0.793015,0.778481,0.763890,0.628548,0.673710
0.710154,0.658924,0.736441,0.685951,0.461830,0.678436,0.693166,0.701641,0.707995,0.698387
0.687685,0.748261,0.664593,0.778890,0.637692,0.699016,0.661060,0.658755,0.664138,0.688356
0.663160,0.655043,0.628413,0.704409,0.622743,0.718585,0.774418,0.715174,0.738058,0.679467
0.660836,0.704283,0.727911,0.634299,0.531212,0.717601,0.669416,0.652907,0.671589,0.669374
0.681822,0.682858,0.600542,0.746716,0.908823,0.800702,0.630817,0.690066,0.692927,0.702149
0.675283,0.580830,0.718337,0.582294,0.624686,0.714823,0.711976,0.628349,0.716319,0.701718
0.689901,0.679009,0.735165,0.654848,0.700486,0.661634,0.701108,0.682768,0.664460,0.701173
0.682422,0.706067,0.688830,0.640325,0.454343,0.690105,0.719666,0.715106,0.690853,0.666216
0.648161,0.692421,0.732426,0.721195,0.855224,0.705896,0.704521,0.690542,0.666853,0.664331
0.691905,0.726583,0.651450,0.658885,0.723942,0.714899,0.698109,0.641913,0.677113,0.718016
0.627550,0.757649,0.692204,0.641779,0.871161,0.780798,0.698002,0.754996,0.655337,0.681791
0.680331,0.708180,0.743535,0.706572,0.494314,0.710703,0.660228,0.670715,0.708540,0.690024
0.693277,0.692990,0.753787,0.808404,0.804319,0.628133,0.787465,0.649617,0.693175,0.702606
0.674339,0.691025,0.659615,0.659618,0.681053,0.685433,0.685451,0.691289,0.686432,0.689801
0.681727,0.663032,0.785515,0.636307,0.787995,0.777163,0.732466,0.691790,0.662907,0.723526
0.706039,0.714342,0.739659,0.733087,0.416673,0.647543,0.695840,0.726363,0.718400,0.712872
0.682378,0.700861,0.674251,0.547033,0.792410,0.751984,0.711744,0.745429,0.651116,0.700611
0.719010,0.681494,0.657660,0.697647,0.589592,0.620041,0.648636,0.711834,0.692564,0.694744
0.687508,0.705908,0.664809,0.675660,0.586003,0.673024,0.754381,0.799780,0.732424,0.711797
0.675745,0.693514,0.659594,0.719799,0.841124,0.790211,0.680978,0.639973,0.673118,0.679572
0.675392,0.638681,0.665391,0.702893,0.691727,0.651595,0.718606,0.700633,0.687944,0.640677
0.703032,0.767778,0.744754,0.711940,0.689332,0.613340,0.712041,0.663762,0.722226,0.714119
0.698100,0.720142,0.647898,0.668967,0.567151,0.614241,0.711849,0.641037,0.740099,0.689513
0.698763,0.712318,0.636844,0.678932,0.580105,0.705187,0.675005,0.700156,0.698172,0.711189
0.764667,0.684017,0.716901,0.624606,0.865357,0.719713,0.657881,0.702609,0.746369,0.651195
0.703277,0.660623,0.659360,0.643552,0.691205,0.769126,0.664049,0.711989,0.679413,0.690365
0.696437,0.622678,0.697507,0.632290,0.772996,0.724219,0.677577,0.726422,0.725219,0.647758
0.662536,0.695064,0.677872,0.713472,0.855084,0.836057,0.669683,0.714523,0.736201,0.691509
0.700043,0.708056,0.635894,0.655604,0.644257,0.660331,0.802742,0.651754,0.760746,0.733076
0.661655,0.724757,0.656427,0.696212,0.600773,0.730780,0.649709,0.706261,0.690095,0.674282
0.673179,0.698213,0.778600,0.731175,0.550369,0.674360,0.764905,0.669592,0.712039,0.685083
0.684391,0.681605,0.722340,0.769339,0.702808,0.571052,0.703765,0.669512,0.694901,0.676462
0.697818,0.674091,0.747077,0.572726,0.458191,0.717907,0.646983,0.648281,0.659105,0.701633
0.711754,0.730247,0.605853,0.672849,0.592332,0.659530,0.632297,0.697519,0.685611,0.681571
0.661641,0.713267,0.625571,0.764048,0.509535,0.767786,0.769105,0.736267,0.686841,0.612883
0.704733,0.698558,0.741402,0.683572,0.525934,0.714435,0.665506,0.684430,0.687937,0.680078
0.672228,0.689364,0.761779,0.626749,0.659824,0.674577,0.667271,0.715040,0.693232,0.713642
0.694735,0.658938,0.669136,0.722740,0.731860,0.693192,0.679450,0.674825,0.690157,0.670932
0.702810,0.649516,0.714931,0.654639,0.426753,0.604376,0.689003,0.619898,0.632058,0.707115
0.758971,0.700481,0.687268,0.590228,0.888467,0.751665,0.714775,0.669688,0.729868,0.712462
0.681361,0.668515,0.748245,0.606204,0.640188,0.590839,0.644989,0.694522,0.756434,0.677371
0.708882,0.688387,0.674277,0.676751,0.505521,0.669334,0.681426,0.667539,0.675719,0.702446
0.708813,0.685878,0.672168,0.682102,0.862596,0.614231,0.702157,0.632741,0.674638,0.695450
0.633378,0.675585,0.525651,0.637486,0.679823,0.698937,0.855643,0.649950,0.682645,0.717182
0.689401,0.706649,0.739856,0.768389,0.787681,0.691367,0.722147,0.671028,0.688842,0.705567
0.667398,0.658198,0.678477,0.718104,0.602291,0.662247,0.709642,0.712260,0.681169,0.683510
0.687482,0.687058,0.736975,0.755891,0.528338,0.589152,0.708848,0.647768,0.707874,0.695856
0.645877,0.669820,0.615691,0.753644,0.629476,0.643532,0.787193,0.673605,0.708147,0.672739
0.663841,0.733500,0.678645,0.641574,0.650330,0.596009,0.713623,0.669809,0.741760,0.715551
0.691043,0.700110,0.709569,0.717038,0.668133,0.665992,0.680270,0.705921,0.696354,0.708313
0.699070,0.702436,0.686212,0.656340,0.632732,0.786408,0.689872,0.720621,0.742259,0.714426
0.732903,0.746505,0.688728,0.714311,0.738490,0.661791,0.697777,0.673245,0.754819,0.687473
0.651071,0.775935,0.640529,0.596983,0.759113,0.632761,0.721835,0.771170,0.648945,0.722616
0.668633,0.667061,0.750537,0.717434,0.628603,0.832459,0.606754,0.735338,0.680402,0.719674
0.703931,0.688754,0.646927,0.627648,0.650671,0.773582,0.634692,0.673148,0.679643,0.726438
0.736738,0.667730,0.672094,0.738115,0.570556,0.663250,0.707327,0.652582,0.683164,0.625797
0.715079,0.638389,0.713057,0.679645,0.393762,0.710856,0.690062,0.703873,0.741530,0.695009
0.710352,0.694398,0.661331,0.744602,0.733095,0.767870,0.695204,0.706447,0.680551,0.698388
0.690747,0.720738,0.713097,0.619627,0.729021,0.754821,0.716413,0.752026,0.676251,0.714942
0.684287,0.674824,0.690389,0.589921,0.815647,0.689092,0.694061,0.650209,0.643662,0.651131
0.712970,0.679547,0.672009,0.704184,0.628094,0.675582,0.708244,0.702360,0.669288,0.684565
0.698818,0.728246,0.648423,0.715739,0.689214,0.713337,0.723803,0.718769,0.678017,0.699777
0.698080,0.687865,0.697562,0.717174,0.718402,0.588716,0.657353,0.710923,0.727002,0.717183
0.667340,0.647683,0.706565,0.572935,0.802168,0.804304,0.713444,0.665617,0.652056,0.688966
0.699237,0.702333,0.710319,0.749559,0.592195,0.720155,0.693820,0.715603,0.715995,0.700317
0.674268,0.673251,0.712627,0.511679,0.915363,0.744498,0.715632,0.758124,0.685139,0.680661
0.683006,0.675245,0.645212,0.671179,0.746940,0.743040,0.704837,0.631790,0.672279,0.680634
0.666627,0.695946,0.701222,0.757470,0.565713,0.688148,0.640227,0.774386,0.696594,0.677406
0.730968,0.678310,0.475375,0.627759,0.608438,0.764840,0.698669,0.657673,0.660663,0.730371
0.672606,0.662432,0.659988,0.709603,0.646691,0.531614,0.707233,0.644365,0.661156,0.683013
0.667465,0.707770,0.759352,0.600461,0.693552,0.608757,0.635315,0.643788,0.697885,0.702503
0.683115,0.648526,0.707985,0.681808,0.625667,0.594401,0.703973,0.772049,0.649814,0.690336
0.716360,0.679974,0.680137,0.715950,0.672850,0.709723,0.676338,0.724640,0.735059,0.711601
0.656703,0.738665,0.704263,0.714404,0.840645,0.761735,0.711400,0.646354,0.692277,0.722761
0.693083,0.652052,0.711331,0.694489,0.727212,0.635334,0.691628,0.729173,0.697023,0.691001
0.699693,0.696992,0.724076,0.751960,0.832642,0.747182,0.691216,0.648058,0.682739,0.724358
0.668064,0.728027,0.744646,0.700322,0.514985,0.798487,0.688959,0.748079,0.723398,0.709679
0.651316,0.684594,0.673081,0.697924,0.638340,0.736516,0.662926,0.692598,0.658340,0.657535
0.721665,0.716066,0.677692,0.739760,0.825343,0.649163,0.656021,0.744306,0.637292,0.689821
0.768615,0.723547,0.708174,0.714002,0.594559,0.714469,0.672268,0.725441,0.618993,0.686827
0.700998,0.688958,0.606112,0.706990,0.777151,0.736219,0.674833,0.698575,0.703050,0.710175
0.659640,0.725119,0.727271,0.679095,0.718600,0.695054,0.603834,0.642406,0.689674,0.704984
0.697772,0.707532,0.663246,0.580839,0.829982,0.789576,0.729650,0.652764,0.718812,0.651786
0.643632,0.687224,0.694376,0.664422,0.650842,0.712131,0.618156,0.674811,0.695237,0.674350
0.691327,0.676946,0.719321,0.710015,0.422910,0.642026,0.675461,0.764432,0.676661,0.715415
0.709491,0.685644,0.731026,0.614539,0.687485,0.679063,0.678076,0.725563,0.706129,0.683479
0.736374,0.637275,0.706592,0.604696,0.592823,0.695212,0.679371,0.737259,0.712716,0.683720
0.686380,0.715025,0.685832,0.595923,0.650961,0.587856,0.712403,0.701606,0.699455,0.737490
0.709340,0.691518,0.641158,0.718377,0.636531,0.687552,0.675593,0.692309,0.699600,0.685891
0.672671,0.700192,0.694279,0.623199,0.282375,0.637777,0.661337,0.692185,0.682719,0.683699
0.721104,0.724361,0.717907,0.709862,0.589128,0.695118,0.634524,0.687634,0.731418,0.712467
0.657569,0.675174,0.709766,0.636409,0.688567,0.691255,0.672782,0.677861,0.644529,0.696670
0.753545,0.707998,0.572889,0.783920,0.685961,0.849099,0.728246,0.796804,0.691054,0.696721
0.666642,0.727032,0.627772,0.713107,0.715902,0.572023,0.748456,0.710775,0.739505,0.736412
0.664276,0.705712,0.677457,0.647747,0.826517,0.734697,0.722471,0.698422,0.660749,0.732645
0.706665,0.675911,0.624628,0.616469,0.700477,0.743623,0.746307,0.688349,0.713806,0.679078
0.648606,0.708268,0.652611,0.643262,0.604940,0.639092,0.742796,0.693226,0.765074,0.709456
0.698557,0.659870,0.707160,0.668658,0.740454,0.690243,0.708304,0.727223,0.737313,0.685907
0.694272,0.677574,0.550402,0.665105,0.733743,0.791987,0.684393,0.682169,0.633150,0.655734
0.690972,0.644706,0.697152,0.744121,0.643720,0.868266,0.703969,0.783235,0.715388,0.699322
0.647312,0.750750,0.668958,0.686066,0.793870,0.758839,0.760538,0.680592,0.732228,0.697393
0.688651,0.689549,0.681047,0.711913,0.578573,0.719082,0.638667,0.655395,0.706822,0.652323
0.692451,0.739788,0.672333,0.659086,0.639939,0.762316,0.735090,0.707187,0.701549,0.598037
0.719894,0.670335,0.718746,0.628490,0.609375,0.744722,0.695579,0.715368,0.713731,0.656384
0.670513,0.701003,0.682205,0.704844,0.717923,0.688980,0.655506,0.696503,0.701106,0.691217
0.624108,0.641340,0.646877,0.657302,0.660223,0.755011,0.728745,0.740040,0.652660,0.691574
0.686233,0.679816,0.664977,0.639637,0.544388,0.710317,0.667615,0.699599,0.702036,0.690131
0.666499,0.606447,0.642721,0.733692,0.568163,0.725820,0.684613,0.652545,0.682091,0.682492
0.677228,0.723656,0.679756,0.720748,0.613802,0.740892,0.680922,0.670615,0.674167,0.688040
0.695702,0.709689,0.703666,0.727725,0.857176,0.753817,0.701302,0.713146,0.679999,0.691145
0.708670,0.630759,0.666898,0.675793,0.702483,0.647120,0.698669,0.703292,0.729512,0.654303
0.695999,0.686105,0.613160,0.691529,0.603381,0.706977,0.662520,0.659350,0.709539,0.673455
0.678958,0.739719,0.709279,0.698284,0.517862,0.746447,0.676742,0.665253,0.724122,0.720577
0.656382,0.733138,0.680416,0.721631,0.814188,0.696006,0.687867,0.696005,0.617754,0.651144
0.680823,0.698193,0.695933,0.722906,0.633586,0.741483,0.735558,0.664048,0.725843,0.723531
0.646179,0.724043,0.704815,0.784804,0.341516,0.697923,0.733100,0.734661,0.699488,0.639223
0.690434,0.746363,0.738410,0.693596,0.539081,0.857364,0.706943,0.648056,0.707121,0.695115
0.649154,0.680764,0.682396,0.624199,0.745304,0.758441,0.715926,0.653864,0.636952,0.698758
0.722710,0.665613,0.671582,0.607814,0.690579,0.676330,0.715602,0.565945,0.615998,0.752670
0.699709,0.684191,0.671635,0.691985,0.686117,0.763474,0.693439,0.712381,0.686733,0.674488
0.661949,0.699476,0.728879,0.669086,0.483409,0.761621,0.627133,0.699880,0.691417,0.692963
0.676051,0.719341,0.750014,0.614201,0.794844,0.687526,0.711176,0.686753,0.655879,0.671021
0.752828,0.668744,0.760143,0.731231,0.659324,0.764705,0.605253,0.680634,0.672208,0.682678
0.769015,0.642793,0.724660,0.555220,0.885392,0.647309,0.698030,0.676949,0.690437,0.740514
0.654253,0.656823,0.686099,0.721437,0.715998,0.706137,0.708707,0.660249,0.683961,0.669802
0.708460,0.638373,0.685745,0.706087,0.647150,0.692339,0.650639,0.663162,0.715699,0.747918
0.672250,0.697432,0.684233,0.635327,0.819709,0.595215,0.675674,0.742916,0.682661,0.693838
0.633790,0.677081,0.621955,0.719072,0.642516,0.679999,0.736633,0.646760,0.680804,0.721114
0.686505,0.761648,0.724227,0.621117,0.710130,0.611865,0.653711,0.630740,0.710093,0.718264
0.691460,0.698670,0.723715,0.729446,0.696681,0.692352,0.668759,0.680493,0.683904,0.701909
0.778196,0.669509,0.632576,0.621603,0.859444,0.770407,0.695480,0.696207,0.720482,0.615887
0.647883,0.695086,0.698837,0.663066,0.683184,0.626227,0.635989,0.714375,0.660370,0.679681
0.697405,0.670544,0.711558,0.679568,0.415546,0.715574,0.703900,0.683887,0.693006,0.680673
0.703795,0.751870,0.739454,0.528268,0.707163,0.620435,0.660972,0.682669,0.719987,0.685408
0.701615,0.777287,0.769012,0.713240,0.777706,0.894941,0.735785,0.659960,0.686200,0.693205
0.723445,0.696864,0.688866,0.730031,0.611136,0.656722,0.666513,0.767466,0.663766,0.653502
0.664456,0.642182,0.664969,0.641906,0.663526,0.718446,0.735087,0.692721,0.731355,0.683236
0.635723,0.693034,0.686182,0.664609,0.882309,0.709573,0.636653,0.673691,0.675355,0.706026
0.698059,0.699715,0.770448,0.757055,0.676333,0.773158,0.732231,0.632620,0.726374,0.704124
0.677512,0.702256,0.782082,0.668375,0.708732,0.732329,0.781447,0.692296,0.674970,0.656271
0.680033,0.742464,0.658016,0.709238,0.736327,0.650472,0.667404,0.706426,0.693340,0.700626
0.689490,0.692483,0.735402,0.771459,0.867383,0.794271,0.778635,0.723048,0.693276,0.728693
0.604831,0.717438,0.668229,0.626621,0.759254,0.698226,0.631484,0.645935,0.713059,0.671238
0.676506,0.638451,0.684068,0.737846,0.747593,0.872703,0.699155,0.719595,0.705061,0.691664
0.708015,0.669509,0.658249,0.586989,0.568838,0.642697,0.687212,0.625099,0.716307,0.705219
0.708479,0.730886,0.700216,0.619136,0.733025,0.605504,0.694279,0.689915,0.682042,0.711811
0.684297,0.713693,0.676255,0.641853,0.797448,0.773785,0.722020,0.539333,0.699789,0.692116
0.608178,0.697149,0.716519,0.704724,0.841660,0.588840,0.725822,0.662315,0.703236,0.645159
0.706091,0.643851,0.704198,0.737862,0.620470,0.717897,0.706660,0.645956,0.733645,0.660542
0.733664,0.691151,0.677924,0.704632,0.600627,0.753539,0.699184,0.743367,0.711059,0.671683
0.675232,0.692527,0.650444,0.635029,0.804352,0.605444,0.741555,0.669723,0.677970,0.645236
0.713905,0.639375,0.726740,0.713482,0.747798,0.596758,0.724044,0.703534,0.693181,0.708299
0.703248,0.731926,0.690747,0.731987,0.658714,0.633902,0.672268,0.712133,0.712374,0.669370
0.691602,0.652065,0.786444,0.714779,0.852552,0.723822,0.721241,0.691886,0.692442,0.700983
0.670085,0.696725,0.628727,0.700770,0.792738,0.638699,0.728124,0.756513,0.708179,0.733882
0.663001,0.681241,0.704791,0.674469,0.854187,0.609819,0.710869,0.738400,0.628344,0.685964
0.584820,0.729606,0.723676,0.602465,0.510586,0.672834,0.671183,0.715690,0.718806,0.739383
0.749318,0.649524,0.730245,0.591009,0.679749,0.759063,0.635412,0.725203,0.687191,0.667098
0.681482,0.659427,0.693264,0.728843,0.762600,0.621080,0.743056,0.711533,0.668393,0.646073
0.773815,0.692235,0.653774,0.746329,0.809194,0.690060,0.683936,0.652984,0.709355,0.709510
0.685722,0.687945,0.703877,0.687634,0.311708,0.603520,0.696819,0.720745,0.692335,0.717111
0.667986,0.685531,0.722043,0.607621,0.614786,0.763895,0.705379,0.668297,0.692535,0.727892
0.720755,0.676290,0.716499,0.658471,0.652196,0.670734,0.675171,0.682210,0.730320,0.639355
0.699334,0.651808,0.660083,0.782298,0.754293,0.651259,0.670218,0.722774,0.722442,0.692889
0.680145,0.711198,0.725220,0.752535,0.466502,0.744464,0.634541,0.762276,0.669189,0.728382
0.711644,0.658778,0.661736,0.717769,0.734282,0.721789,0.751861,0.674172,0.706103,0.648445
0.704697,0.661834,0.669444,0.679404,0.757311,0.733580,0.718583,0.690211,0.716991,0.694767
0.680449,0.642433,0.724424,0.751724,0.719580,0.686037,0.700918,0.731342,0.694332,0.688444
0.693341,0.674754,0.711488,0.726583,0.746549,0.695480,0.697594,0.668630,0.712667,0.687147
0.668550,0.685534,0.639307,0.754996,0.636942,0.746799,0.682111,0.608278,0.655917,0.656343
0.679711,0.741588,0.653860,0.601083,0.742443,0.657681,0.749956,0.701734,0.644332,0.737104
0.719624,0.664831,0.669864,0.803731,0.486272,0.688803,0.641222,0.814948,0.670344,0.713794
0.676932,0.670322,0.682178,0.699307,0.650652,0.759605,0.692818,0.652928,0.660890,0.686386
0.754368,0.612226,0.695334,0.674657,0.932486,0.718496,0.695442,0.755249,0.704275,0.701486
0.617221,0.699666,0.650889,0.692052,0.811852,0.846128,0.736456,0.733980,0.667225,0.704162
0.731856,0.660896,0.698600,0.654058,0.755239,0.708315,0.738599,0.678926,0.666948,0.709168
0.676993,0.698912,0.718395,0.654418,0.646047,0.635902,0.752477,0.692769,0.723454,0.707115
0.724698,0.711052,0.711858,0.575202,0.734908,0.641635,0.715947,0.680579,0.753105,0.703485
0.714042,0.673732,0.616763,0.735557,0.591692,0.757032,0.684219,0.675875,0.654934,0.662616
0.732697,0.597573,0.678284,0.667597,0.650162,0.793720,0.683662,0.679742,0.698912,0.717680
0.727163,0.681360,0.686637,0.829511,0.794582,0.637373,0.712550,0.652029,0.718518,0.687392
0.677409,0.677632,0.681865,0.708237,0.601553,0.653599,0.688992,0.691509,0.741040,0.738878
0.700670,0.730427,0.667751,0.711843,0.719062,0.668774,0.746326,0.671347,0.711114,0.703276
0.637535,0.707202,0.701370,0.728765,0.657337,0.580827,0.725193,0.712222,0.648309,0.656180
0.713178,0.652892,0.726120,0.728378,0.748510,0.601753,0.708948,0.748319,0.726919,0.691985
0.697184,0.625943,0.650209,0.766327,0.935137,0.796785,0.712553,0.717357,0.653371,0.679338
0.693395,0.697569,0.769702,0.694603,0.602792,0.691037,0.709440,0.679798,0.693173,0.722138
0.688717,0.694136,0.704123,0.726184,0.773458,0.740594,0.688792,0.684062,0.682702,0.689235
0.671730,0.698463,0.656603,0.661693,0.717021,0.757872,0.641292,0.686677,0.654057,0.717751
0.714674,0.718024,0.692796,0.704224,0.651590,0.783085,0.683464,0.743654,0.674299,0.684433
0.708463,0.675822,0.691640,0.693215,0.486845,0.721934,0.714220,0.708320,0.688565,0.664207
0.680535,0.677505,0.654827,0.726627,0.502674,0.646555,0.681533,0.670879,0.673189,0.704414
0.688895,0.629170,0.745052,0.608454,0.561423,0.748102,0.717913,0.726694,0.688898,0.686993
0.697032,0.688577,0.720502,0.706686,0.564697,0.718714,0.774665,0.685343,0.710113,0.677714
0.660583,0.710371,0.661588,0.704155,0.507913,0.717398,0.702483,0.762172,0.723332,0.703178
0.665615,0.676981,0.676230,0.642776,0.485585,0.748866,0.713112,0.637056,0.659113,0.678296
0.706118,0.685224,0.646118,0.654543,0.675729,0.640314,0.677845,0.723784,0.670106,0.688622
0.708294,0.619831,0.691295,0.720024,0.503880,0.687436,0.699776,0.657319,0.723570,0.673518
0.686290,0.684289,0.665448,0.722803,0.795230,0.718680,0.693570,0.711206,0.658985,0.687646
0.688796,0.699447,0.713778,0.719399,0.657240,0.597805,0.722554,0.723836,0.688377,0.671081
0.608907,0.723886,0.703885,0.668666,0.715832,0.621375,0.681042,0.715718,0.670213,0.698023
0.731441,0.612993,0.679520,0.586426,0.665696,0.721098,0.716344,0.713111,0.707614,0.649778
0.639298,0.615521,0.681801,0.693036,0.596773,0.747571,0.701607,0.696680,0.718313,0.669148
0.697663,0.656473,0.702151,0.640792,0.768678,0.510356,0.663224,0.486642,0.690250,0.703090
0.688520,0.694011,0.645580,0.665676,0.743996,0.700283,0.680976,0.695211,0.671079,0.670439
0.719522,0.688471,0.636949,0.749636,0.880585,0.722371,0.712095,0.657312,0.743629,0.686764
0.620153,0.653067,0.672069,0.731013,0.673542,0.747463,0.618661,0.663781,0.624453,0.733904
0.730720,0.744624,0.693705,0.788343,0.680723,0.730402,0.712737,0.744959,0.697027,0.662642
0.687017,0.731320,0.677987,0.665416,0.752926,0.781361,0.711636,0.688288,0.708985,0.691946
0.665401,0.710540,0.685637,0.602598,0.458570,0.693115,0.714815,0.685685,0.686984,0.699218
0.704881,0.704395,0.671242,0.644379,0.573405,0.669413,0.756185,0.682585,0.673705,0.702814
0.673426,0.713839,0.707926,0.805363,0.630960,0.814831,0.726958,0.737751,0.712777,0.701018
0.672615,0.744565,0.648417,0.592635,0.814122,0.773142,0.699123,0.614779,0.727763,0.679438
0.707199,0.676778,0.693171,0.667675,0.860559,0.760568,0.575459,0.697013,0.682717,0.703312
0.657631,0.712477,0.712877,0.715317,0.726882,0.615981,0.678740,0.642704,0.672401,0.697627
0.719329,0.697853,0.712279,0.544218,0.723962,0.588317,0.697570,0.696761,0.739857,0.653907
0.707761,0.696489,0.700073,0.744928,0.904060,0.789433,0.688337,0.709018,0.710529,0.693537
0.691033,0.687517,0.661001,0.722490,0.673651,0.648567,0.647112,0.655805,0.666581,0.673389
0.716264,0.701601,0.657272,0.725602,0.711055,0.647390,0.698798,0.676911,0.689131,0.690711
0.672509,0.688304,0.672898,0.769507,0.608734,0.726688,0.672882,0.687641,0.680648,0.663652
0.745625,0.737354,0.644792,0.691230,0.899701,0.838412,0.685938,0.650128,0.682796,0.657497
0.693024,0.719967,0.763852,0.711180,0.833883,0.731248,0.750282,0.719921,0.685803,0.687178
0.730622,0.640708,0.610866,0.696384,0.637208,0.687072,0.692783,0.665245,0.668418,0.704584
0.690691,0.686823,0.649425,0.694912,0.651339,0.718388,0.702675,0.676701,0.655012,0.678749
0.710537,0.692778,0.703223,0.691422,0.698126,0.595613,0.628988,0.660839,0.677017,0.613506
0.654280,0.671410,0.724100,0.765081,0.729976,0.580043,0.727681,0.690087,0.708684,0.654267
0.676440,0.726987,0.683677,0.772293,0.758986,0.615949,0.697468,0.655954,0.724454,0.715347
0.687901,0.715063,0.730551,0.728747,0.733998,0.730114,0.723700,0.692038,0.693209,0.685184
0.706125,0.658603,0.629769,0.683440,0.669056,0.732014,0.759372,0.670184,0.669661,0.644203
0.784250,0.767227,0.738787,0.796144,0.655937,0.795874,0.606781,0.741672,0.653276,0.683962
0.707484,0.690559,0.656009,0.700168,0.758371,0.685212,0.650610,0.654781,0.653781,0.692649
0.725828,0.679084,0.740395,0.680386,0.565938,0.665922,0.739617,0.692571,0.691698,0.653357
0.700292,0.702075,0.714881,0.622726,0.464334,0.711901,0.719250,0.680794,0.663608,0.676749
0.655615,0.665673,0.687438,0.672694,0.653836,0.692199,0.678547,0.692757,0.679737,0.653611
0.627840,0.758468,0.654194,0.808615,0.712450,0.707320,0.688297,0.760988,0.704341,0.728081
0.701613,0.687217,0.700660,0.773600,0.820993,0.564800,0.700197,0.698296,0.700268,0.702212
0.619241,0.686844,0.731953,0.722384,0.818863,0.593553,0.679463,0.645668,0.698539,0.637366
0.682170,0.663555,0.667582,0.650171,0.704793,0.690650,0.624908,0.632370,0.670356,0.716047
0.671323,0.771740,0.691669,0.737006,0.702078,0.851046,0.676790,0.759410,0.774394,0.673394
0.752483,0.602937,0.704231,0.713052,0.659319,0.720829,0.625966,0.768585,0.617339,0.677592
0.611113,0.670883,0.729740,0.656733,0.687215,0.723718,0.621230,0.626157,0.696807,0.688918
0.716081,0.704822,0.688437,0.679115,0.663807,0.755698,0.683677,0.701970,0.659887,0.702021
0.678587,0.749628,0.658202,0.714299,0.564060,0.700407,0.723920,0.704581,0.682985,0.677557
0.721633,0.693853,0.620699,0.737591,0.756649,0.758188,0.659454,0.692128,0.694904,0.697111
0.781906,0.725429,0.640022,0.739927,0.755315,0.742819,0.732330,0.614578,0.817421,0.694955
0.710008,0.718898,0.716664,0.670781,0.783639,0.667472,0.671314,0.744208,0.658550,0.700287
0.632833,0.736513,0.684241,0.607628,0.816389,0.765045,0.736839,0.693831,0.773480,0.689723
0.738050,0.695757,0.752136,0.581688,0.752295,0.686173,0.640532,0.764954,0.722109,0.644388
0.693732,0.697341,0.762308,0.764016,0.760256,0.693226,0.741895,0.707463,0.696835,0.704979
0.716270,0.716571,0.709254,0.711679,0.897716,0.807971,0.679210,0.610971,0.693308,0.703552
0.663429,0.759791,0.705875,0.579858,0.918720,0.816239,0.692042,0.661554,0.662730,0.695035
0.711822,0.699342,0.711746,0.794652,0.787601,0.738204,0.634931,0.624588,0.738905,0.698506
0.692633,0.647000,0.712883,0.647506,0.721324,0.749791,0.714199,0.764462,0.685375,0.690735
0.841634,0.649465,0.709900,0.632284,0.827677,0.664097,0.683646,0.689437,0.681392,0.791729
0.713689,0.676151,0.710211,0.670937,0.597866,0.597856,0.690983,0.666618,0.694632,0.678289
0.674329,0.693765,0.718521,0.685548,0.832972,0.616836,0.712277,0.768245,0.666452,0.699968
0.677749,0.717344,0.625072,0.579308,0.758376,0.644388,0.689638,0.714589,0.708734,0.710861
0.674752,0.685505,0.682829,0.681732,0.731046,0.702758,0.664203,0.667264,0.714512,0.713457
0.702735,0.690883,0.780945,0.757994,0.722856,0.688142,0.785698,0.664386,0.673359,0.701965
0.669724,0.693714,0.690049,0.722542,0.869318,0.580911,0.650904,0.689707,0.673194,0.701211
0.700264,0.702998,0.654072,0.659279,0.690562,0.736906,0.645080,0.703477,0.680285,0.735389
0.675349,0.688239,0.678145,0.745392,0.635070,0.683646,0.705920,0.615646,0.652168,0.697323
0.691258,0.717872,0.706881,0.745628,0.920355,0.809274,0.709323,0.702683,0.691293,0.683496
0.635185,0.748245,0.724050,0.753503,0.631962,0.600101,0.681130,0.655591,0.701133,0.693707
0.675139,0.677088,0.685462,0.738352,0.782125,0.525054,0.677797,0.726105,0.684239,0.696867
0.678942,0.681957,0.707937,0.707356,0.678412,0.617936,0.696695,0.689887,0.674634,0.694411
0.645034,0.701010,0.693018,0.733806,0.767958,0.820627,0.628010,0.724303,0.722487,0.656048
0.690766,0.705217,0.636743,0.720776,0.704212,0.696194,0.692526,0.694637,0.699901,0.709990
0.695193,0.714617,0.633402,0.690981,0.486028,0.788995,0.641695,0.676290,0.680899,0.719109
0.679489,0.627706,0.699841,0.758439,0.459726,0.603881,0.683908,0.691806,0.651749,0.691423
0.640566,0.732067,0.714962,0.668278,0.810682,0.563330,0.716450,0.687057,0.625738,0.681709
0.731772,0.722971,0.684899,0.745199,0.462772,0.679773,0.659485,0.763917,0.700926,0.691205
0.681291,0.741222,0.678074,0.733061,0.425613,0.621061,0.647098,0.695451,0.737285,0.724799
0.686109,0.663040,0.680003,0.716906,0.628811,0.697425,0.684647,0.675901,0.678277,0.664465
0.686902,0.695736,0.705166,0.688356,0.466059,0.651860,0.709727,0.682706,0.691492,0.692300
0.716627,0.698563,0.679433,0.694120,0.709407,0.702256,0.717149,0.675018,0.665868,0.691128
0.669767,0.694829,0.643824,0.669307,0.653595,0.701108,0.602165,0.668229,0.684392,0.714677
0.713308,0.675992,0.664478,0.692292,0.677301,0.745473,0.681678,0.659374,0.653626,0.696418
0.720363,0.679555,0.636279,0.707703,0.692659,0.655835,0.634018,0.670160,0.635716,0.721903
0.689278,0.613968,0.661306,0.777059,0.661663,0.581738,0.700089,0.672468,0.726258,0.693542
0.678332,0.662318,0.700034,0.678417,0.661678,0.604825,0.767952,0.693529,0.733743,0.656491
0.647897,0.733782,0.729884,0.727135,0.415103,0.632620,0.733375,0.671024,0.710504,0.669359
0.701378,0.748348,0.686670,0.792162,0.704096,0.571413,0.724639,0.680224,0.666728,0.670228
0.727491,0.669548,0.670744,0.695870,0.924070,0.741333,0.577815,0.628822,0.663705,0.760403
0.668450,0.724020,0.671814,0.771928,0.849484,0.641418,0.654181,0.641400,0.717752,0.666807
0.701146,0.695324,0.705076,0.719966,0.366092,0.741691,0.689124,0.698507,0.717822,0.711110
0.740826,0.689017,0.650852,0.765095,0.793010,0.807610,0.663265,0.675295,0.698416,0.718510
0.639919,0.723459,0.658386,0.658816,0.707556,0.551434,0.759704,0.764372,0.693851,0.714913
0.701271,0.642319,0.706995,0.718348,0.423126,0.669851,0.709204,0.722748,0.716625,0.681666
0.685614,0.659714,0.734370,0.763590,0.774542,0.607000,0.721641,0.685795,0.689920,0.677906
0.698245,0.690118,0.651299,0.647126,0.640609,0.660422,0.668899,0.701223,0.742792,0.684899
0.684325,0.631155,0.696613,0.656314,0.754129,0.708526,0.680978,0.698738,0.700638,0.692765
0.708297,0.712383,0.708072,0.724976,0.449873,0.687307,0.630908,0.677858,0.697173,0.719447
0.686745,0.713659,0.848652,0.747631,0.754819,0.743075,0.824335,0.689865,0.673966,0.688218
0.702946,0.716592,0.714425,0.755769,0.781580,0.686910,0.724084,0.686483,0.699104,0.679652
0.705940,0.757222,0.662706,0.651117,0.733804,0.635221,0.664223,0.674470,0.706505,0.709452
0.709361,0.720389,0.678195,0.756934,0.810331,0.733561,0.645676,0.701432,0.690896,0.664824
0.733993,0.684228,0.716561,0.613905,0.546681,0.789684,0.656400,0.733182,0.654783,0.694918
0.657696,0.686166,0.646851,0.683131,0.533728,0.654778,0.735854,0.781226,0.699246,0.690337
0.661978,0.699664,0.724834,0.642513,0.734285,0.834119,0.683547,0.667480,0.704487,0.698761
0.704560,0.681375,0.697417,0.726463,0.688207,0.677972,0.688828,0.671333,0.753368,0.668175
0.690914,0.705209,0.664227,0.687548,0.741637,0.694219,0.645287,0.698052,0.657305,0.715274
0.696712,0.674892,0.653046,0.697719,0.623012,0.576667,0.636788,0.704108,0.698917,0.687584
0.693720,0.636857,0.707324,0.743005,0.521448,0.720156,0.684877,0.588867,0.730177,0.716029
0.673551,0.697143,0.711308,0.746533,0.736030,0.764889,0.718681,0.675956,0.657976,0.709691
0.651327,0.657184,0.676473,0.708489,0.626299,0.796390,0.696477,0.650214,0.688056,0.678547
0.694375,0.688352,0.674639,0.618038,0.745089,0.732176,0.693922,0.665980,0.721632,0.686378
0.661954,0.696330,0.775350,0.615593,0.729373,0.715328,0.740858,0.730540,0.732876,0.707104
0.720911,0.689193,0.685837,0.711562,0.652053,0.688684,0.670502,0.689481,0.663768,0.679151
0.678758,0.713071,0.656272,0.687988,0.799763,0.704313,0.689393,0.619188,0.726747,0.668249
0.686774,0.719939,0.684184,0.703881,0.784933,0.590903,0.702311,0.714224,0.681371,0.672777
0.681914,0.704830,0.679089,0.641721,0.679212,0.690320,0.710368,0.648424,0.638261,0.620484
0.679573,0.681209,0.707483,0.649390,0.655452,0.800262,0.627499,0.710934,0.671666,0.671531
0.689628,0.777126,0.675792,0.613041,0.730284,0.644469,0.705058,0.666082,0.691866,0.687260
0.760052,0.630740,0.768476,0.609264,0.727890,0.666652,0.628018,0.732405,0.648380,0.645906
0.699190,0.753430,0.726072,0.591252,0.710563,0.596163,0.671013,0.710161,0.638331,0.728109
0.704423,0.658202,0.674442,0.712356,0.567982,0.674523,0.739055,0.687503,0.711489,0.724207
0.676981,0.817035,0.757310,0.801022,0.738396,0.761103,0.688504,0.583627,0.674625,0.706645
0.686219,0.660489,0.718205,0.680221,0.632690,0.689284,0.656774,0.692056,0.687392,0.693169
0.711641,0.690949,0.650847,0.765878,0.716658,0.796237,0.716846,0.735038,0.705261,0.711828
0.732089,0.605145,0.716147,0.767769,0.623930,0.720616,0.667777,0.676605,0.741133,0.679199
0.719234,0.686589,0.648164,0.716757,0.508059,0.708950,0.756410,0.733270,0.697137,0.670921
0.716265,0.648914,0.719595,0.793777,0.599094,0.651804,0.671837,0.675183,0.710352,0.648496
0.725876,0.635552,0.713135,0.619441,0.477079,0.773793,0.702904,0.743873,0.707442,0.664412
0.669868,0.671942,0.538424,0.679229,0.616783,0.589209,0.636317,0.700638,0.669298,0.707613
0.698935,0.706522,0.641277,0.767944,0.564660,0.705294,0.720542,0.725701,0.699586,0.613132
0.641546,0.727134,0.699945,0.547652,0.855733,0.729963,0.716612,0.671825,0.787555,0.661903
0.733006,0.703385,0.725403,0.692954,0.772067,0.543201,0.690131,0.702402,0.749321,0.627619
0.722545,0.676382,0.730451,0.617504,0.689512,0.680995,0.686101,0.726434,0.682299,0.704600
0.730925,0.690154,0.676805,0.756593,0.636611,0.738653,0.693078,0.735846,0.662377,0.729422
0.686739,0.684821,0.675899,0.693536,0.723722,0.798612,0.690048,0.675015,0.689484,0.690606
0.643307,0.771235,0.719196,0.770977,0.688435,0.623486,0.738903,0.666950,0.700943,0.705590
0.733825,0.694304,0.636834,0.774098,0.448143,0.672453,0.681453,0.685932,0.742274,0.692879
0.752571,0.610241,0.697008,0.569372,0.887434,0.626496,0.665406,0.727053,0.715645,0.727510
0.706470,0.776519,0.685261,0.635391,0.745279,0.719421,0.688882,0.667698,0.705292,0.696882
0.681011,0.715371,0.679457,0.673178,0.554482,0.713935,0.668411,0.692542,0.693444,0.685010
0.733535,0.696789,0.742565,0.570857,0.788653,0.758636,0.745972,0.736091,0.732620,0.695600
0.706545,0.654824,0.661412,0.819177,0.632700,0.690163,0.719709,0.689273,0.735016,0.661083
0.710608,0.693237,0.709064,0.720577,0.616363,0.690111,0.714575,0.689278,0.714655,0.623764
0.679130,0.703907,0.664731,0.679867,0.641536,0.764414,0.667277,0.697005,0.692096,0.682064
0.698683,0.701342,0.747899,0.748767,0.883806,0.815720,0.751162,0.698949,0.697838,0.685656
0.708365,0.666286,0.646217,0.752464,0.772239,0.640071,0.703030,0.701752,0.713521,0.661550
0.670272,0.691686,0.764422,0.690036,0.679195,0.738492,0.741299,0.636921,0.742000,0.653572
0.686477,0.710546,0.736906,0.636350,0.620185,0.734899,0.705574,0.640388,0.643263,0.696131
0.678250,0.676171,0.724665,0.682854,0.739695,0.741613,0.664375,0.642840,0.696562,0.633924
0.702964,0.622876,0.671499,0.709495,0.610580,0.642281,0.713824,0.677128,0.676218,0.655099
0.703974,0.686552,0.666646,0.742787,0.737184,0.757876,0.647511,0.671348,0.698082,0.685720
0.690519,0.717045,0.736088,0.786491,0.755647,0.699034,0.600301,0.705692,0.665739,0.677490
0.766184,0.736183,0.758873,0.765585,0.736504,0.640671,0.614732,0.709701,0.629828,0.696780
0.657187,0.684743,0.649613,0.658551,0.833987,0.505922,0.733504,0.683467,0.673560,0.671915
0.664117,0.694560,0.694164,0.688348,0.824870,0.650371,0.635958,0.723886,0.694081,0.736666
0.696154,0.712912,0.677751,0.742912,0.758936,0.595903,0.607679,0.679348,0.689876,0.661072
0.673686,0.647924,0.680226,0.739493,0.578726,0.591888,0.666006,0.708715,0.679268,0.665782
0.692999,0.704618,0.683917,0.681260,0.564064,0.691952,0.660469,0.694509,0.680741,0.695176
0.654298,0.671879,0.720278,0.633709,0.739062,0.706200,0.716132,0.737693,0.698913,0.676826
0.685916,0.704362,0.705020,0.707524,0.693595,0.750491,0.657440,0.697364,0.710499,0.691767
0.703450,0.744642,0.674958,0.754091,0.668998,0.579305,0.735933,0.664871,0.709455,0.705762
0.715669,0.720693,0.746613,0.697388,0.731870,0.643107,0.727796,0.691889,0.717519,0.698530
0.689368,0.557334,0.661554,0.746385,0.604505,0.624051,0.709201,0.688708,0.696499,0.696629
0.695770,0.701909,0.604469,0.664997,0.738054,0.717296,0.804220,0.640444,0.672504,0.744014
0.644896,0.720759,0.659192,0.618216,0.811469,0.606660,0.701741,0.687100,0.731690,0.635354
0.742064,0.672364,0.664590,0.694293,0.721237,0.609902,0.693471,0.694121,0.684425,0.709645
0.707181,0.738900,0.625508,0.724751,0.598911,0.828427,0.595477,0.713197,0.713310,0.673896
0.681622,0.689859,0.670211,0.686143,0.709540,0.679883,0.627425,0.686924,0.673530,0.685396
0.651110,0.739998,0.681951,0.636584,0.748131,0.546222,0.720466,0.682263,0.729393,0.727491
0.699827,0.663695,0.682301,0.728516,0.644089,0.659917,0.666624,0.726781,0.656100,0.665915
0.635392,0.695208,0.691073,0.665574,0.718987,0.501541,0.719818,0.679472,0.653815,0.677968
0.658737,0.684346,0.694388,0.708574,0.630897,0.678423,0.652932,0.719041,0.675086,0.683289
0.690386,0.698598,0.637278,0.767483,0.808189,0.764571,0.662865,0.729919,0.712375,0.709013
0.747481,0.614461,0.637020,0.718957,0.832019,0.607483,0.710980,0.738051,0.742920,0.733188
0.644380,0.679052,0.685264,0.679090,0.593887,0.603515,0.606849,0.726887,0.698449,0.708332
0.701210,0.704354,0.722103,0.706015,0.619136,0.675065,0.722194,0.705585,0.687111,0.697754
0.683232,0.681961,0.662986,0.665225,0.502929,0.679492,0.687459,0.689111,0.693118,0.686643
0.723738,0.614024,0.695931,0.706544,0.858132,0.685645,0.694301,0.675771,0.701512,0.691693
0.686695,0.797686,0.746193,0.761038,0.523414,0.754049,0.756324,0.729579,0.735447,0.703179
0.717731,0.700381,0.698745,0.755952,0.680522,0.766509,0.745247,0.633589,0.685802,0.699956
0.723079,0.657080,0.818855,0.673232,0.680883,0.746550,0.474061,0.627977,0.701634,0.681441
0.691828,0.683727,0.673764,0.768135,0.504673,0.680211,0.675668,0.690971,0.722695,0.650038
0.672301,0.714056,0.722502,0.703379,0.655211,0.689441,0.683749,0.683918,0.685662,0.697708
0.729707,0.612412,0.678898,0.757537,0.696938,0.757829,0.747467,0.703218,0.738062,0.719739
0.677840,0.735788,0.610766,0.772298,0.848351,0.583444,0.669758,0.687884,0.655573,0.691550
0.699376,0.684916,0.708848,0.679915,0.662763,0.671160,0.622542,0.626609,0.680692,0.674014
0.603518,0.651740,0.651051,0.640247,0.742387,0.621251,0.635899,0.644674,0.675944,0.673999
0.684688,0.706942,0.588538,0.648498,0.525776,0.732501,0.789379,0.700875,0.695882,0.702907
0.679562,0.687927,0.734961,0.694963,0.630112,0.721057,0.731922,0.646720,0.667526,0.688657
0.705346,0.666159,0.702026,0.701884,0.533020,0.692773,0.746510,0.691404,0.653125,0.669466
0.698143,0.661529,0.731863,0.747312,0.835057,0.670877,0.730093,0.708761,0.685679,0.698725
0.689607,0.664658,0.698506,0.730434,0.595284,0.787078,0.674040,0.665899,0.726554,0.683901
0.683023,0.682205,0.797556,0.809642,0.661490,0.680407,0.768415,0.649846,0.685170,0.680146
0.622659,0.680615,0.747458,0.692512,0.528590,0.688893,0.633737,0.650726,0.724651,0.691337
0.713208,0.639879,0.711254,0.773030,0.576311,0.688885,0.710824,0.665597,0.707622,0.635156
0.677429,0.715705,0.710328,0.823301,0.797835,0.750548,0.710808,0.676875,0.676754,0.692870
0.686256,0.642316,0.655313,0.651980,0.643291,0.738922,0.708326,0.722066,0.687369,0.683206
0.671353,0.661687,0.739568,0.667136,0.869279,0.742965,0.732144,0.704176,0.659860,0.680008
0.692258,0.695330,0.603242,0.694883,0.670033,0.760018,0.650871,0.622683,0.663924,0.661470
0.701754,0.648090,0.656237,0.674568,0.643985,0.752882,0.673135,0.694137,0.675371,0.711318
0.679699,0.721977,0.700917,0.658283,0.735225,0.663961,0.718482,0.712790,0.695267,0.687189
0.702230,0.688881,0.672971,0.657192,0.532399,0.686121,0.669741,0.704127,0.689035,0.697771
0.680900,0.653070,0.678259,0.848991,0.651741,0.670858,0.670178,0.719353,0.671226,0.630904
0.691198,0.714792,0.719532,0.696729,0.482719,0.661245,0.748390,0.681385,0.664278,0.663536
0.693941,0.622481,0.649037,0.713984,0.817003,0.646163,0.673064,0.686393,0.717523,0.661859
0.657346,0.652426,0.610337,0.716772,0.650387,0.590315,0.700933,0.691877,0.650802,0.714942
0.757247,0.739344,0.696441,0.845757,0.656283,0.847061,0.657067,0.701581,0.662158,0.681824
0.619918,0.704946,0.681122,0.558144,0.633640,0.553973,0.677789,0.615122,0.701233,0.701660
0.658857,0.777081,0.718604,0.749844,0.758005,0.669781,0.693404,0.694104,0.669427,0.663749
0.718549,0.688958,0.688454,0.737028,0.489031,0.772399,0.670293,0.724623,0.703008,0.748834
0.640248,0.659364,0.654659,0.689562,0.668284,0.657332,0.640470,0.760161,0.678202,0.713494
0.666226,0.737344,0.695351,0.774977,0.818252,0.583400,0.701023,0.671355,0.678900,0.674161
0.702954,0.718329,0.647393,0.725596,0.687360,0.584128,0.611413,0.711762,0.733493,0.717085
0.708756,0.668014,0.645467,0.680197,0.639685,0.777641,0.667867,0.671732,0.697591,0.690620
0.679836,0.699397,0.684424,0.810090,0.633021,0.791174,0.675071,0.753313,0.613615,0.692850
0.692634,0.711967,0.650428,0.801459,0.773042,0.692760,0.672318,0.600291,0.651962,0.719217
0.699778,0.665944,0.779884,0.751113,0.533010,0.675058,0.671495,0.680671,0.723074,0.698536
0.659601,0.681926,0.606207,0.754048,0.853796,0.803439,0.651994,0.710366,0.721251,0.715297
0.677463,0.700363,0.797080,0.692524,0.766120,0.727800,0.644958,0.720004,0.674687,0.680937
0.715522,0.740873,0.707074,0.641787,0.754360,0.559918,0.673256,0.697518,0.735560,0.692775
0.693038,0.704485,0.639320,0.679818,0.750667,0.725207,0.706050,0.650126,0.706201,0.674026
0.710309,0.663307,0.643648,0.678620,0.755846,0.707166,0.682344,0.651801,0.662978,0.743302
0.701703,0.637133,0.676853,0.693061,0.826558,0.756833,0.721004,0.716641,0.695677,0.698216
0.682866,0.730910,0.719340,0.629466,0.726712,0.493377,0.693292,0.668685,0.725766,0.632610
0.689462,0.723643,0.698741,0.740494,0.564676,0.675471,0.692309,0.693964,0.707989,0.702389
0.706484,0.711272,0.710474,0.607013,0.745902,0.735344,0.687804,0.679040,0.717453,0.697135
0.729439,0.743203,0.701361,0.782143,0.739456,0.611725,0.729405,0.644561,0.696434,0.712414
0.712435,0.645001,0.680590,0.737062,0.932684,0.643306,0.657179,0.695466,0.713847,0.731825
0.700182,0.685742,0.643577,0.684975,0.603608,0.787227,0.670115,0.658760,0.702440,0.695707
0.693215,0.673877,0.735687,0.603227,0.295470,0.651809,0.715407,0.685817,0.687374,0.683849
0.728061,0.686166,0.722739,0.720692,0.648537,0.730407,0.689768,0.662376,0.731952,0.715014
0.695277,0.693250,0.631066,0.692550,0.598210,0.717049,0.659344,0.683486,0.692890,0.661885
0.706336,0.678915,0.647580,0.754044,0.762532,0.743846,0.638549,0.673271,0.613341,0.748666
0.689056,0.693993,0.720231,0.731856,0.694038,0.606496,0.706348,0.662172,0.685489,0.683797
0.677468,0.675833,0.735025,0.619308,0.541580,0.791080,0.708888,0.721822,0.685810,0.681359
0.717155,0.662338,0.670266,0.673590,0.650415,0.729276,0.755336,0.733157,0.689886,0.682420
0.666380,0.678610,0.681742,0.716833,0.823156,0.626822,0.690231,0.729991,0.656959,0.698545
0.713982,0.630954,0.679335,0.631419,0.688794,0.704798,0.676528,0.700838,0.708012,0.693994
0.703765,0.714372,0.738373,0.670108,0.732226,0.871235,0.642860,0.656450,0.702706,0.711170
0.741500,0.727072,0.733916,0.632084,0.704531,0.586743,0.660284,0.708696,0.737810,0.718169
0.664843,0.705297,0.620043,0.587075,0.649510,0.726304,0.685247,0.625844,0.695494,0.683138
0.711993,0.711093,0.662369,0.677340,0.592618,0.638415,0.688342,0.685861,0.672871,0.700144
0.691437,0.692869,0.843893,0.744555,0.712979,0.799862,0.787983,0.688829,0.670644,0.702925
0.650305,0.632719,0.589640,0.624359,0.689534,0.723739,0.767932,0.620705,0.719753,0.664652
0.711066,0.638029,0.639517,0.806688,0.603983,0.673340,0.700468,0.737256,0.715606,0.635290
0.707905,0.697578,0.618406,0.746302,0.646690,0.698464,0.682868,0.681295,0.675587,0.709881
0.685728,0.739976,0.755103,0.656254,0.817344,0.835866,0.705406,0.701439,0.697081,0.722502
0.687177,0.630794,0.682549,0.663297,0.720267,0.679120,0.739408,0.681449,0.678350,0.693986
0.723980,0.711457,0.695813,0.723176,0.509354,0.682902,0.715169,0.678914,0.696479,0.657587
0.695924,0.677380,0.685141,0.670526,0.642791,0.660218,0.668395,0.677078,0.717128,0.703494
0.681316,0.696584,0.688845,0.679551,0.684824,0.717927,0.698786,0.658620,0.682132,0.718120
0.707281,0.687262,0.738283,0.709919,0.431223,0.691649,0.700854,0.667092,0.669861,0.715500
0.720189,0.721163,0.689996,0.680409,0.571283,0.648911,0.730146,0.645065,0.724142,0.696283
0.651793,0.667518,0.666382,0.653303,0.767049,0.809508,0.644447,0.688315,0.683509,0.726894
0.710195,0.681510,0.651429,0.697410,0.582540,0.724284,0.771363,0.707363,0.646028,0.728897
0.713733,0.709301,0.700081,0.688633,0.806018,0.695269,0.699597,0.681638,0.700749,0.680455
0.729705,0.667099,0.726525,0.675850,0.671663,0.632470,0.651633,0.626136,0.624801,0.738343
0.704130,0.696329,0.679886,0.721955,0.760968,0.688925,0.596923,0.720411,0.651300,0.636185
0.681342,0.725147,0.721440,0.671572,0.534603,0.776593,0.661740,0.687578,0.703404,0.682066
0.707677,0.697400,0.687717,0.699218,0.718633,0.639936,0.713158,0.653641,0.713548,0.620521
0.757078,0.708297,0.667561,0.799097,0.778436,0.592784,0.771003,0.649597,0.657311,0.737798
0.685303,0.676535,0.753680,0.719881,0.721166,0.609714,0.748428,0.682388,0.666508,0.670663
0.699342,0.628636,0.704997,0.710715,0.733595,0.762061,0.722334,0.670281,0.698680,0.693612
0.685430,0.690790,0.679812,0.688010,0.845425,0.533686,0.653196,0.667172,0.705886,0.689035
0.711875,0.683390,0.589539,0.714851,0.804392,0.738109,0.648654,0.650255,0.735370,0.646065
0.710621,0.626884,0.658656,0.748134,0.886117,0.566602,0.677168,0.676401,0.699731,0.691428
0.667196,0.675274,0.687400,0.690916,0.497517,0.683860,0.638624,0.672208,0.671895,0.666764
0.651560,0.650504,0.743347,0.705618,0.464309,0.774774,0.673788,0.740893,0.756983,0.713342
0.790943,0.637751,0.686720,0.570100,0.819933,0.665662,0.646957,0.631477,0.641717,0.661110
0.745947,0.743363,0.724999,0.619253,0.675730,0.742496,0.605188,0.693748,0.630595,0.678843
0.701313,0.675552,0.613219,0.743373,0.707966,0.713118,0.677571,0.681828,0.697901,0.695166
0.685058,0.731628,0.694791,0.587177,0.697097,0.745720,0.671246,0.704013,0.687594,0.692550
0.699841,0.710360,0.628800,0.713362,0.836174,0.757319,0.703289,0.679287,0.677151,0.680222
0.674014,0.708512,0.742915,0.724035,0.792441,0.764403,0.621296,0.694334,0.716687,0.693821
0.642832,0.684960,0.693234,0.724484,0.843803,0.687653,0.665021,0.660306,0.653411,0.710157
0.682860,0.679367,0.643860,0.665995,0.690159,0.729330,0.690693,0.646019,0.678270,0.727774
0.703263,0.713158,0.761528,0.699160,0.877125,0.793743,0.675155,0.730355,0.652550,0.723163
0.701332,0.625995,0.717946,0.716145,0.619958,0.739146,0.673969,0.712056,0.715063,0.699767
0.694911,0.690823,0.648845,0.727372,0.416889,0.673106,0.744448,0.697973,0.674436,0.651479
0.700165,0.729955,0.824895,0.764773,0.693093,0.819793,0.761732,0.718477,0.709790,0.673776
0.666400,0.680422,0.670226,0.821133,0.798769,0.906104,0.653064,0.755771,0.681045,0.660613
0.672196,0.756874,0.685345,0.750436,0.713818,0.627465,0.698011,0.662244,0.740747,0.707704
0.709498,0.676978,0.688696,0.731088,0.772489,0.618883,0.717563,0.653752,0.769590,0.722614
0.757626,0.660033,0.737996,0.720893,0.868922,0.657996,0.601964,0.722903,0.719235,0.740552
0.682959,0.658523,0.729825,0.700180,0.656310,0.691952,0.713714,0.684621,0.696299,0.697636
0.769414,0.650567,0.692051,0.675432,0.708415,0.621670,0.704525,0.717983,0.677427,0.753053
0.685805,0.743435,0.765262,0.635146,0.879737,0.775686,0.607722,0.680010,0.701006,0.759601
0.652334,0.673502,0.660186,0.678828,0.586121,0.699050,0.688535,0.661812,0.686164,0.698022
0.754755,0.637951,0.722156,0.621010,0.628457,0.665709,0.737721,0.643817,0.659501,0.778234
0.690051,0.704498,0.623879,0.677261,0.631078,0.704529,0.590183,0.690660,0.711814,0.689819
0.710787,0.713885,0.765565,0.642044,0.630543,0.667191,0.652139,0.703235,0.695100,0.635681
0.695000,0.720587,0.699106,0.639784,0.563351,0.607920,0.713754,0.675002,0.715503,0.702833
0.614841,0.631584,0.632453,0.654725,0.649108,0.642819,0.747936,0.734094,0.694639,0.716576
0.718396,0.642041,0.712340,0.747444,0.518538,0.700032,0.672348,0.704010,0.679298,0.723070
0.732837,0.667095,0.668918,0.731109,0.654806,0.622597,0.708060,0.744921,0.645049,0.736218
0.651575,0.684222,0.653047,0.704067,0.707284,0.754797,0.675512,0.705837,0.555175,0.645490
0.703529,0.700279,0.635373,0.695895,0.522936,0.781966,0.620922,0.670800,0.692989,0.716133
0.639843,0.630734,0.684886,0.700088,0.603932,0.657937,0.687032,0.757406,0.665693,0.770319
0.663755,0.663310,0.736724,0.693973,0.649928,0.696562,0.716072,0.733493,0.721834,0.673573
0.708761,0.670582,0.683163,0.717131,0.436907,0.692859,0.681604,0.718917,0.677126,0.682916
0.727635,0.690022,0.729657,0.728535,0.747944,0.834245,0.638250,0.648291,0.738763,0.698540
0.643660,0.662825,0.664893,0.710207,0.697467,0.759652,0.639717,0.665754,0.680713,0.703058
0.689241,0.687993,0.687769,0.708390,0.566485,0.754420,0.683078,0.690477,0.682792,0.654614
0.691150,0.630731,0.745808,0.681626,0.737429,0.629659,0.664430,0.665509,0.691157,0.681462
0.725735,0.704279,0.730657,0.593227,0.559967,0.688786,0.689886,0.694563,0.724041,0.689013
0.706464,0.633168,0.728130,0.723213,0.837566,0.705030,0.730871,0.729579,0.699604,0.690013
0.716721,0.709876,0.705415,0.758314,0.502406,0.812144,0.713712,0.710413,0.754980,0.690613
0.724240,0.709484,0.680769,0.716001,0.529802,0.739280,0.707736,0.736608,0.713439,0.696549
0.679848,0.692273,0.623581,0.637950,0.642868,0.673582,0.709479,0.650907,0.726152,0.664532
0.719604,0.650492,0.677003,0.683890,0.649952,0.692612,0.667621,0.702602,0.699184,0.716769
0.673074,0.684570,0.685203,0.707381,0.721618,0.703302,0.670936,0.701497,0.666832,0.705627
0.697095,0.666382,0.704541,0.610647,0.514205,0.735744,0.686925,0.691644,0.693229,0.712010
0.663366,0.765174,0.653044,0.738320,0.810964,0.605834,0.652913,0.664809,0.697802,0.746346
0.717843,0.641135,0.677442,0.713584,0.766239,0.665560,0.692771,0.694331,0.662415,0.721040
0.695838,0.672019,0.705066,0.702984,0.672831,0.636996,0.649497,0.718212,0.703229,0.732432
0.639450,0.687994,0.691066,0.763846,0.488473,0.694319,0.700226,0.734271,0.709611,0.730026
0.723339,0.708309,0.608001,0.659201,0.744121,0.641584,0.665361,0.650259,0.685857,0.690765
0.696363,0.690205,0.723981,0.700713,0.681024,0.683104,0.725505,0.681344,0.682090,0.679515
0.665456,0.721580,0.729023,0.719541,0.540253,0.698197,0.698349,0.691258,0.726157,0.668738
0.719765,0.699157,0.664588,0.677185,0.823937,0.619517,0.628965,0.648230,0.675411,0.721175
0.674486,0.706670,0.660249,0.733627,0.725080,0.697588,0.658274,0.680642,0.689217,0.680618
0.709046,0.729006,0.618874,0.775460,0.765083,0.685061,0.739228,0.758212,0.649033,0.678175
0.689997,0.666856,0.645642,0.661922,0.590142,0.763260,0.690293,0.691452,0.701435,0.675308
0.698607,0.677947,0.676738,0.739055,0.757656,0.666227,0.722219,0.725561,0.737624,0.681179
0.676353,0.669500,0.680427,0.696665,0.613564,0.783278,0.672891,0.684455,0.678342,0.699616
0.708915,0.702023,0.653938,0.807236,0.906323,0.813584,0.681808,0.729279,0.699458,0.690245
0.737650,0.723887,0.664775,0.726134,0.842731,0.601062,0.709357,0.649108,0.697637,0.683407
0.690468,0.688499,0.711447,0.707967,0.587491,0.689790,0.647299,0.655996,0.712169,0.699069
0.682701,0.732008,0.653675,0.709779,0.752577,0.730796,0.645332,0.738111,0.737769,0.656616
0.663274,0.711481,0.705051,0.620531,0.664568,0.695106,0.722758,0.728732,0.683608,0.720320
0.697827,0.661325,0.702967,0.694536,0.528157,0.728611,0.677544,0.665977,0.703839,0.701926
0.715356,0.712498,0.674978,0.703501,0.598208,0.690127,0.729156,0.666751,0.681511,0.679204
0.713107,0.682284,0.722585,0.623152,0.639063,0.633932,0.660781,0.692636,0.662780,0.743584
0.712823,0.756009,0.671279,0.707342,0.613935,0.510336,0.717237,0.727284,0.773160,0.700311
0.657153,0.721029,0.757950,0.655643,0.633526,0.623014,0.645733,0.665428,0.684094,0.649333
0.721080,0.721051,0.630465,0.735993,0.668636,0.763534,0.636978,0.688100,0.706349,0.706730
0.668839,0.681009,0.713936,0.785155,0.800919,0.502496,0.675096,0.651233,0.698378,0.694915
0.691711,0.689828,0.812977,0.753557,0.672054,0.714725,0.755032,0.688489,0.693268,0.663729
0.658485,0.662947,0.708201,0.640844,0.666705,0.691696,0.684530,0.719479,0.699516,0.710966
0.705058,0.753190,0.661317,0.705012,0.851215,0.756270,0.657567,0.689268,0.749534,0.712791
0.693654,0.666628,0.699834,0.724870,0.639642,0.770561,0.612386,0.673637,0.688903,0.732293
0.695832,0.688325,0.694359,0.733836,0.788129,0.560842,0.664597,0.722294,0.716599,0.656146
0.665244,0.608630,0.747763,0.579777,0.787388,0.693351,0.736007,0.771760,0.618253,0.682541
0.710692,0.660691,0.691991,0.752537,0.725843,0.629076,0.660527,0.675250,0.643589,0.706582
0.760133,0.751449,0.667518,0.709747,0.564054,0.725424,0.607939,0.755084,0.685816,0.721448
0.726352,0.641649,0.679383,0.639970,0.627452,0.700563,0.707989,0.714624,0.723867,0.703779
0.709423,0.679299,0.680191,0.710261,0.564437,0.633306,0.687623,0.690648,0.741617,0.666825
0.550685,0.570990,0.699374,0.768277,0.796684,0.850484,0.710380,0.688013,0.719566,0.764493
0.690064,0.712425,0.671880,0.538026,0.689752,0.496956,0.760256,0.681498,0.643725,0.719686
0.666686,0.684642,0.731767,0.649923,0.680994,0.689229,0.711838,0.641908,0.671819,0.699208
0.659610,0.650469,0.723289,0.741013,0.525132,0.599632,0.696301,0.635922,0.712375,0.701491
0.659225,0.665491,0.673341,0.739053,0.727823,0.732905,0.716518,0.699609,0.739111,0.684044
0.639486,0.689805,0.769658,0.580784,0.873782,0.744514,0.648231,0.664767,0.669780,0.752932
0.700509,0.691501,0.736163,0.670591,0.724884,0.718374,0.542415,0.689043,0.659910,0.698596
0.643724,0.709256,0.654520,0.784959,0.771054,0.790521,0.663933,0.675834,0.667837,0.676809
0.680682,0.699274,0.719901,0.551853,0.572577,0.837517,0.696769,0.743910,0.673919,0.686851
0.697193,0.711447,0.712614,0.749344,0.680396,0.528416,0.696329,0.679208,0.714963,0.726728
0.660078,0.694514,0.693594,0.558550,0.733515,0.705232,0.704899,0.584477,0.707203,0.698007
0.679685,0.672851,0.678984,0.738321,0.788201,0.596467,0.658651,0.679198,0.707325,0.670583
0.682358,0.704340,0.692987,0.652606,0.517509,0.609132,0.731077,0.666815,0.707846,0.713411
0.672220,0.669639,0.663892,0.657449,0.725787,0.771812,0.659998,0.694546,0.657496,0.695625
0.694414,0.643740,0.646159,0.695886,0.589316,0.655585,0.672888,0.665968,0.721295,0.731013
0.734432,0.751340,0.669394,0.753395,0.733357,0.646558,0.680365,0.668429,0.746313,0.682209
0.703648,0.649791,0.641804,0.752130,0.572848,0.613238,0.752987,0.721070,0.675549,0.681542
0.668084,0.716881,0.716527,0.709237,0.483481,0.674776,0.688272,0.705580,0.664896,0.712786
0.658252,0.756311,0.776954,0.731773,0.733507,0.628269,0.712040,0.685896,0.685869,0.688898
0.682223,0.712925,0.686648,0.570198,0.712860,0.753667,0.724914,0.711290,0.714271,0.650962
0.659963,0.676258,0.713179,0.677811,0.768267,0.641731,0.710908,0.728865,0.640568,0.696552
0.659436,0.725733,0.692000,0.781532,0.592657,0.679346,0.675281,0.647577,0.741601,0.690221
0.708408,0.693266,0.677885,0.631477,0.441840,0.651078,0.695449,0.676114,0.675346,0.666303
0.662655,0.721311,0.731617,0.758013,0.627810,0.657258,0.746377,0.669587,0.695145,0.698736
0.698657,0.610459,0.755454,0.739092,0.782413,0.741204,0.760278,0.690373,0.612826,0.750669
0.728036,0.709204,0.648250,0.573747,0.715099,0.692128,0.679467,0.686551,0.679229,0.688683
0.693809,0.711385,0.678158,0.662062,0.555517,0.760913,0.681960,0.709800,0.676600,0.687313
0.690365,0.729317,0.728189,0.814840,0.855798,0.696481,0.724790,0.690870,0.679175,0.690728
0.667791,0.670290,0.748550,0.735457,0.777598,0.555945,0.722711,0.725671,0.650553,0.687295
0.718526,0.712877,0.719992,0.686887,0.664419,0.618927,0.662596,0.745516,0.688056,0.691813
0.745360,0.757620,0.720671,0.609132,0.709178,0.555043,0.697397,0.750792,0.712203,0.686576
0.725051,0.621549,0.710670,0.664378,0.914174,0.661751,0.657724,0.722407,0.772988,0.679154
0.721332,0.643940,0.619919,0.704043,0.789693,0.622116,0.692800,0.744250,0.697346,0.680499
0.675622,0.674247,0.660208,0.679294,0.695053,0.728257,0.645315,0.681711,0.679141,0.680396
0.694539,0.705573,0.699691,0.683776,0.863666,0.586431,0.661998,0.689846,0.706195,0.698852
0.692389,0.706743,0.697462,0.683430,0.633773,0.713508,0.699063,0.699900,0.711091,0.647787
0.688249,0.689606,0.746116,0.657896,0.663680,0.558849,0.682782,0.731768,0.622536,0.680804
0.770602,0.671436,0.745951,0.485379,0.834952,0.656095,0.707920,0.761438,0.714716,0.703161
0.712373,0.670530,0.662756,0.767773,0.817973,0.632670,0.718565,0.755640,0.753236,0.713923
0.692532,0.716512,0.717711,0.550444,0.782028,0.705341,0.699746,0.795089,0.709809,0.696317
0.644911,0.712214,0.674125,0.727126,0.829192,0.635141,0.705959,0.686772,0.663961,0.693941
0.673399,0.706298,0.656000,0.665012,0.620504,0.729621,0.658742,0.735016,0.684630,0.713170
0.627444,0.668306,0.694541,0.701105,0.681040,0.688710,0.667525,0.667263,0.612405,0.711119
0.679077,0.663424,0.684571,0.851403,0.680383,0.682091,0.676385,0.621230,0.650056,0.677975
0.663509,0.671978,0.608458,0.639800,0.683784,0.741185,0.562439,0.679027,0.724400,0.667741
0.690589,0.674520,0.669406,0.688487,0.714014,0.729094,0.676005,0.690287,0.670165,0.700935
0.701476,0.701379,0.755919,0.575280,0.674810,0.693437,0.659389,0.719351,0.629898,0.711555
0.691360,0.720329,0.668303,0.677562,0.629200,0.630677,0.673346,0.712124,0.694462,0.752422
0.679421,0.740502,0.747454,0.728393,0.723595,0.516853,0.710352,0.745315,0.669014,0.647728
0.697286,0.695235,0.620743,0.739336,0.578910,0.700206,0.800057,0.717945,0.713371,0.717422
0.753649,0.694443,0.724962,0.715146,0.692932,0.717077,0.741643,0.721871,0.637781,0.703090
0.707636,0.695824,0.734723,0.630012,0.751886,0.603968,0.703833,0.728533,0.603453,0.695805
0.691678,0.708287,0.706615,0.625167,0.672968,0.672804,0.717275,0.690603,0.680682,0.682398
0.621716,0.661417,0.708734,0.706684,0.604085,0.784434,0.608096,0.685411,0.708540,0.612623
0.668627,0.741379,0.687074,0.590250,0.556456,0.687813,0.709493,0.695944,0.617596,0.685094
0.703516,0.764536,0.689169,0.679205,0.655583,0.612443,0.716615,0.667633,0.728454,0.713584
0.728357,0.716778,0.646350,0.716566,0.675757,0.702602,0.716252,0.659830,0.713306,0.679989
0.738173,0.658988,0.700047,0.641339,0.845333,0.751261,0.666457,0.733588,0.785486,0.621209
0.719753,0.701840,0.686028,0.558588,0.652814,0.628234,0.730048,0.590748,0.640886,0.752594
0.681579,0.686258,0.630885,0.743022,0.629190,0.654391,0.755193,0.705419,0.682633,0.651243
0.698666,0.726606,0.718077,0.706968,0.703602,0.669261,0.708542,0.653165,0.736432,0.675980
0.743404,0.704972,0.681786,0.752125,0.731381,0.628997,0.677257,0.693639,0.701492,0.672942
0.683811,0.713960,0.700407,0.707958,0.329841,0.715071,0.667999,0.760126,0.683164,0.713971
0.743804,0.631585,0.714279,0.601297,0.628431,0.793532,0.728688,0.727445,0.684022,0.700971
0.709080,0.678591,0.690381,0.601036,0.893300,0.723114,0.683440,0.642259,0.685284,0.674420
0.656697,0.761502,0.808144,0.760023,0.771550,0.715422,0.744276,0.745917,0.709213,0.622231
0.681033,0.715751,0.646072,0.743589,0.381079,0.653923,0.661777,0.721033,0.650997,0.684864
0.718627,0.648986,0.718346,0.654004,0.757026,0.452171,0.701551,0.679038,0.608843,0.696635
0.678762,0.645662,0.676268,0.709338,0.814583,0.762572,0.668548,0.674773,0.716701,0.702807
0.653807,0.661141,0.626960,0.680680,0.820399,0.424445,0.740433,0.635432,0.643581,0.638881
0.686764,0.673282,0.677623,0.720923,0.843347,0.585305,0.667135,0.711918,0.661642,0.691999
0.781145,0.676346,0.732265,0.633923,0.847376,0.759538,0.646861,0.733998,0.657100,0.721827
0.724356,0.700854,0.640472,0.762647,0.638062,0.642660,0.667848,0.733113,0.684946,0.653537
0.711815,0.693452,0.708491,0.586238,0.653651,0.818510,0.757372,0.683173,0.626839,0.672666
0.657669,0.672464,0.727620,0.668415,0.910744,0.740907,0.729537,0.721770,0.714446,0.729567
0.745839,0.679862,0.634044,0.629145,0.785136,0.762202,0.661214,0.694905,0.656407,0.680746
0.709479,0.631406,0.772776,0.698779,0.847834,0.794187,0.773037,0.659392,0.697812,0.704801
0.735497,0.715125,0.690422,0.695651,0.453872,0.751842,0.595972,0.701758,0.669987,0.725165
0.728906,0.721168,0.700833,0.686685,0.567222,0.809201,0.661626,0.738324,0.691019,0.688659
0.764091,0.698347,0.734282,0.737948,0.630136,0.593241,0.659616,0.665106,0.678691,0.688721
0.689050,0.690188,0.701829,0.722658,0.640851,0.725668,0.687672,0.687835,0.679001,0.682746
0.681974,0.654096,0.666250,0.709013,0.718068,0.756958,0.665535,0.683160,0.680683,0.698179
0.711271,0.732375,0.729703,0.756986,0.564936,0.737190,0.627975,0.738541,0.650989,0.694927
0.688768,0.638670,0.670197,0.686226,0.733938,0.647294,0.721655,0.680413,0.675472,0.645005
0.705756,0.692695,0.777674,0.700240,0.662251,0.640099,0.645503,0.664504,0.672855,0.668327
0.684695,0.675086,0.697214,0.723550,0.741330,0.652280,0.686914,0.742450,0.749234,0.760621
0.731434,0.700232,0.600314,0.704104,0.640496,0.682875,0.652742,0.691787,0.724519,0.663182
0.664757,0.675210,0.748698,0.678726,0.811923,0.774655,0.682739,0.741521,0.654143,0.694184
0.674052,0.706740,0.625321,0.592375,0.597609,0.588011,0.751205,0.618796,0.716286,0.723027
0.689179,0.697023,0.624506,0.660841,0.522163,0.754308,0.717950,0.670033,0.702498,0.727069
0.710771,0.726180,0.673829,0.665879,0.637019,0.677489,0.683592,0.659008,0.666370,0.695361
0.708980,0.703759,0.638803,0.781215,0.888474,0.683326,0.701357,0.632986,0.680252,0.695123
0.738085,0.738108,0.698588,0.656846,0.875158,0.763129,0.797848,0.736019,0.626626,0.688662
0.664782,0.676142,0.658225,0.639625,0.581398,0.697352,0.719960,0.680416,0.706502,0.683656
0.667382,0.728220,0.696156,0.688500,0.668495,0.728616,0.701560,0.774921,0.714380,0.719504
0.736225,0.693209,0.720011,0.706887,0.757376,0.687151,0.731624,0.680293,0.725979,0.691060
0.692201,0.706831,0.773423,0.755437,0.765143,0.703234,0.793478,0.693372,0.660858,0.688270
0.636619,0.602782,0.742382,0.685052,0.657025,0.628594,0.601001,0.640385,0.712290,0.654808
0.646972,0.669404,0.674737,0.680225,0.659785,0.730295,0.642581,0.656060,0.675238,0.708239
0.689712,0.708287,0.671200,0.768625,0.815957,0.637355,0.681727,0.662079,0.712698,0.695204
0.702364,0.693395,0.703000,0.735874,0.359342,0.642888,0.673595,0.707479,0.656152,0.729836
0.621956,0.651475,0.680027,0.640728,0.899810,0.734059,0.672821,0.685057,0.710289,0.760104
0.701540,0.734458,0.693465,0.755198,0.281007,0.700765,0.712868,0.657843,0.746585,0.702315
0.628139,0.729101,0.733098,0.734900,0.788987,0.709905,0.689585,0.688579,0.638097,0.698838
0.675210,0.719200,0.699171,0.789060,0.780510,0.677679,0.671817,0.648953,0.703170,0.691770
0.689322,0.671141,0.754204,0.717457,0.612598,0.746219,0.644821,0.754014,0.685363,0.697359
0.686364,0.669433,0.699314,0.739644,0.512500,0.686589,0.677796,0.692984,0.760134,0.673566
0.687450,0.723701,0.678261,0.741636,0.585129,0.676569,0.697513,0.698826,0.714264,0.682978
0.667903,0.753336,0.657991,0.634711,0.675527,0.739530,0.767166,0.647318,0.706488,0.722289
0.680453,0.645170,0.699539,0.682696,0.574783,0.531796,0.690129,0.652405,0.672218,0.681803
0.647533,0.730246,0.751061,0.757565,0.624560,0.703549,0.595521,0.692324,0.668821,0.729602
0.692656,0.683203,0.702957,0.777789,0.786658,0.699940,0.696878,0.662394,0.693693,0.690994
0.693241,0.710136,0.753135,0.729448,0.718242,0.722670,0.743697,0.669909,0.694259,0.683850
0.691712,0.700817,0.706951,0.602168,0.635221,0.678924,0.660755,0.613772,0.767711,0.704373
0.678565,0.704183,0.719691,0.624038,0.645495,0.754359,0.662628,0.727417,0.722515,0.676488
0.670496,0.711040,0.755556,0.781925,0.748816,0.693461,0.746023,0.615759,0.677428,0.658639
0.676697,0.702616,0.718090,0.700140,0.840896,0.696075,0.710408,0.719422,0.655053,0.694445
0.646760,0.632824,0.657984,0.704114,0.646022,0.735402,0.738658,0.720340,0.725006,0.743194
0.689173,0.710110,0.712608,0.641308,0.549213,0.616599,0.685369,0.688416,0.722054,0.683993
0.713629,0.670048,0.695186,0.746665,0.554278,0.718343,0.690466,0.638761,0.780187,0.723316
0.656832,0.671496,0.711159,0.637270,0.887493,0.674748,0.733733,0.762485,0.743859,0.648295
0.628149,0.717436,0.702090,0.657914,0.615750,0.617106,0.697393,0.674188,0.686740,0.673094
0.711437,0.645910,0.701850,0.724660,0.576899,0.704732,0.750218,0.656031,0.685101,0.712463
0.730925,0.725109,0.684569,0.569112,0.855814,0.760534,0.683131,0.641594,0.697691,0.704149
0.693173,0.719321,0.688540,0.665868,0.686938,0.644963,0.674918,0.710181,0.678385,0.686197
0.691886,0.653937,0.735869,0.715759,0.506684,0.605689,0.671394,0.702766,0.736337,0.737920
0.653160,0.625658,0.709962,0.725906,0.561913,0.618020,0.716914,0.632434,0.728285,0.681344
0.649801,0.724724,0.697238,0.766999,0.886514,0.689129,0.666041,0.726310,0.699626,0.681761
0.693551,0.685636,0.678799,0.676442,0.519811,0.739010,0.631893,0.695034,0.707640,0.638514
0.683495,0.683176,0.666028,0.756627,0.766328,0.605969,0.664958,0.693931,0.714907,0.705617
0.718110,0.750363,0.752598,0.720770,0.558002,0.697527,0.627646,0.724657,0.717587,0.719722
0.713236,0.603981,0.703425,0.772966,0.482114,0.734150,0.690131,0.666535,0.732352,0.722878
0.735183,0.653615,0.665153,0.815758,0.649002,0.707237,0.688635,0.737855,0.617049,0.733194
0.668243,0.677158,0.647091,0.667852,0.719792,0.696352,0.649239,0.707529,0.677734,0.683512
0.697278,0.704032,0.739992,0.788198,0.640668,0.801660,0.726778,0.746408,0.674047,0.735446
0.701260,0.675277,0.819189,0.748152,0.764329,0.681821,0.790349,0.686128,0.681015,0.706541
0.698196,0.594936,0.653542,0.716537,0.930455,0.698158,0.748180,0.726652,0.738382,0.671036
0.726511,0.710378,0.674218,0.668787,0.624134,0.683257,0.737383,0.664732,0.662949,0.693729
0.775858,0.703481,0.743589,0.597065,0.727424,0.685100,0.646535,0.739807,0.689344,0.710749
0.663205,0.682518,0.699094,0.707203,0.866490,0.548938,0.637215,0.741823,0.678958,0.718308
0.718203,0.699287,0.681372,0.703882,0.481980,0.747317,0.762233,0.795778,0.678238,0.678594
0.704799,0.675020,0.695248,0.719419,0.555850,0.658927,0.718685,0.691792,0.746091,0.684922
0.730650,0.706427,0.696181,0.736972,0.601615,0.665758,0.706560,0.708233,0.711644,0.665438
0.740347,0.713240,0.742739,0.713541,0.710940,0.615688,0.664485,0.659754,0.681374,0.758434
0.726218,0.684928,0.685116,0.706003,0.980367,0.813632,0.671880,0.725837,0.642490,0.713707
0.729039,0.675191,0.675985,0.727100,0.650757,0.583850,0.712328,0.697113,0.723247,0.641485
0.709655,0.611844,0.663526,0.608716,0.861808,0.595079,0.702841,0.709032,0.669173,0.693586
0.682124,0.688296,0.692992,0.659029,0.420328,0.729013,0.707321,0.699199,0.661958,0.687210
0.669910,0.675138,0.574486,0.749988,0.817142,0.632610,0.579285,0.683119,0.708603,0.687286
0.675544,0.695687,0.697757,0.599975,0.709053,0.692225,0.661833,0.613415,0.663955,0.690422
0.731804,0.729565,0.755955,0.657283,0.748832,0.686107,0.649803,0.723955,0.674285,0.680169
0.643790,0.641689,0.755463,0.641789,0.642866,0.839482,0.702806,0.591440,0.662387,0.703449
0.751021,0.634861,0.673844,0.850093,0.571638,0.686378,0.675306,0.606748,0.733492,0.645273
0.674062,0.649310,0.730051,0.666479,0.908829,0.790708,0.733616,0.725817,0.656589,0.693774
0.687229,0.712537,0.745230,0.704829,0.601928,0.676339,0.726414,0.684827,0.693397,0.679918
0.654313,0.751440,0.703607,0.677536,0.913472,0.750031,0.653008,0.723249,0.685495,0.713528
0.662410,0.711368,0.707491,0.725492,0.713985,0.566402,0.758734,0.691477,0.683362,0.713741
0.702766,0.699022,0.701222,0.784005,0.550850,0.696137,0.612919,0.741881,0.697659,0.673003
0.717855,0.653803,0.672946,0.638412,0.660603,0.602443,0.608820,0.723649,0.679686,0.673592
0.680464,0.694174,0.750140,0.762953,0.684228,0.585025,0.621862,0.616062,0.654361,0.724304
0.783180,0.678838,0.771952,0.582461,0.691145,0.698831,0.636050,0.721286,0.676106,0.673850
0.729808,0.733031,0.730355,0.827334,0.755296,0.659906,0.727268,0.647239,0.660031,0.669594
0.640188,0.707712,0.727950,0.576667,0.673862,0.690576,0.731966,0.750678,0.712109,0.716832
0.709547,0.679199,0.653556,0.701533,0.638177,0.758076,0.696247,0.658189,0.707336,0.737379
0.684057,0.642463,0.768222,0.714065,0.862034,0.747964,0.747452,0.709917,0.677220,0.684838
0.698002,0.673994,0.720084,0.601278,0.733193,0.745436,0.710995,0.721313,0.703266,0.695173
0.690634,0.700529,0.647445,0.698783,0.676976,0.733256,0.665967,0.694221,0.690743,0.696670
0.636782,0.660207,0.648483,0.694190,0.585001,0.662730,0.640706,0.693434,0.657698,0.678872
0.691136,0.701270,0.718699,0.714006,0.860453,0.794766,0.658701,0.697139,0.681588,0.724898
0.656653,0.606701,0.600427,0.713088,0.615146,0.742331,0.672482,0.654015,0.659350,0.701041
0.719825,0.673983,0.685103,0.694581,0.760232,0.753205,0.651758,0.685315,0.699515,0.656901
0.738927,0.733979,0.650369,0.865719,0.638764,0.720484,0.704128,0.669202,0.692438,0.703222
0.692909,0.749760,0.721336,0.741732,0.560286,0.750845,0.657467,0.605378,0.714919,0.674412
0.673222,0.668172,0.728694,0.652145,0.732006,0.628998,0.755906,0.730528,0.659017,0.705149
0.700329,0.735299,0.690457,0.618922,0.771436,0.720212,0.703036,0.718105,0.650298,0.731973
0.672122,0.695831,0.683090,0.726293,0.785327,0.638422,0.686401,0.728138,0.638182,0.698545
0.760747,0.751455,0.661487,0.666597,0.813411,0.650179,0.695053,0.726225,0.660218,0.693524
0.649750,0.661548,0.663688,0.746583,0.677449,0.703183,0.721007,0.644989,0.628201,0.744722
0.753942,0.653572,0.783107,0.614913,0.654596,0.663580,0.622694,0.705153,0.725851,0.610704
0.687834,0.724773,0.781327,0.736646,0.533497,0.750765,0.766762,0.645839,0.683545,0.671862
0.703287,0.653713,0.718019,0.769509,0.420720,0.673400,0.716312,0.665179,0.737981,0.702039
0.741164,0.695327,0.735391,0.709327,0.662328,0.724669,0.676810,0.704392,0.703396,0.657992
0.734015,0.619970,0.666679,0.785296,0.629000,0.610132,0.676129,0.709698,0.703268,0.702308
0.661240,0.667179,0.657637,0.767824,0.694883,0.752415,0.648861,0.783470,0.696121,0.721107
0.705158,0.719705,0.696772,0.638682,0.706195,0.680353,0.648833,0.618921,0.657896,0.665194
0.695680,0.669516,0.739047,0.686255,0.448250,0.675667,0.686620,0.676508,0.711706,0.688927
0.608504,0.713910,0.677250,0.627944,0.743932,0.625200,0.699217,0.768589,0.737683,0.692847
0.701392,0.701221,0.678747,0.721026,0.661949,0.729318,0.683747,0.675543,0.698970,0.699238
0.736897,0.783732,0.675400,0.717095,0.482574,0.863506,0.722388,0.712851,0.684709,0.704777
0.673942,0.709716,0.746920,0.718394,0.700215,0.572600,0.729059,0.722376,0.658011,0.686889
0.684981,0.728618,0.686943,0.755605,0.680602,0.664603,0.693851,0.695874,0.694877,0.714578
0.727776,0.678338,0.683285,0.759442,0.379318,0.667856,0.670312,0.674595,0.750692,0.702521
0.701086,0.737224,0.675779,0.661719,0.301286,0.628028,0.705704,0.695758,0.684661,0.679257
0.703612,0.689982,0.685644,0.520315,0.869425,0.692036,0.678879,0.593456,0.726021,0.687974
0.684979,0.661623,0.725799,0.620677,0.590494,0.569907,0.672088,0.687829,0.654238,0.684515
0.676662,0.694814,0.783717,0.721865,0.698980,0.721100,0.743176,0.689359,0.684214,0.702796
0.695217,0.675831,0.674012,0.743662,0.744872,0.804762,0.707612,0.731583,0.703600,0.684504
0.677341,0.739675,0.672179,0.727991,0.640529,0.634355,0.681325,0.639313,0.680006,0.702423
0.703981,0.681434,0.687137,0.594935,0.470854,0.612397,0.755863,0.685651,0.653697,0.710881
0.694598,0.683632,0.672158,0.696237,0.591211,0.667461,0.679951,0.659760,0.650215,0.652778
0.661669,0.708958,0.697752,0.670465,0.829497,0.633265,0.672131,0.737705,0.663309,0.689524
0.693755,0.709147,0.683257,0.715158,0.637043,0.684196,0.713933,0.684598,0.716642,0.693484
0.697406,0.693588,0.602672,0.710013,0.724167,0.722430,0.657973,0.688574,0.704192,0.701278
0.699435,0.714603,0.702823,0.702735,0.691813,0.592705,0.707265,0.678607,0.645755,0.696051
0.635965,0.643736,0.777739,0.715223,0.751237,0.768386,0.666449,0.669256,0.697778,0.749948
0.708854,0.678223,0.696628,0.676583,0.631188,0.635774,0.694149,0.699288,0.736113,0.716365
0.676976,0.705066,0.725432,0.739509,0.783447,0.613434,0.679055,0.685323,0.680387,0.666533
0.685162,0.686366,0.660051,0.659933,0.552964,0.558265,0.748385,0.658076,0.684603,0.678814
0.591652,0.716091,0.636469,0.774472,0.666423,0.805821,0.763762,0.663706,0.737037,0.818997
0.680186,0.634807,0.669973,0.631494,0.821602,0.727411,0.671119,0.701569,0.661092,0.696497
0.656894,0.664672,0.704197,0.707298,0.776864,0.711205,0.721983,0.688451,0.677562,0.734961
0.691028,0.710900,0.728917,0.733011,0.527968,0.656390,0.752585,0.714839,0.675028,0.675816
0.653715,0.696590,0.705052,0.705429,0.556063,0.653839,0.721668,0.645948,0.696629,0.704374
0.773806,0.660693,0.664705,0.679231,0.714555,0.688482,0.749480,0.625172,0.689685,0.633786
0.733084,0.721636,0.625170,0.719707,0.450509,0.746767,0.785651,0.581667,0.686216,0.625205
0.690856,0.619055,0.702618,0.663460,0.799618,0.661184,0.727175,0.722209,0.697912,0.642118
0.640638,0.697972,0.674696,0.704676,0.870648,0.758141,0.707271,0.690952,0.695107,0.715356
0.688420,0.644212,0.746908,0.771668,0.737499,0.629990,0.723568,0.657915,0.691816,0.696118
0.651111,0.727799,0.705770,0.713121,0.659316,0.604243,0.747513,0.699818,0.727548,0.706327
0.679013,0.661300,0.680878,0.636952,0.829851,0.623823,0.722324,0.684184,0.741577,0.633282
0.718218,0.700384,0.720365,0.678063,0.676793,0.589813,0.687827,0.682636,0.715344,0.665716
0.743470,0.700656,0.696081,0.760774,0.548769,0.683045,0.708032,0.660761,0.696668,0.667042
0.706392,0.689319,0.769963,0.721456,0.782804,0.732619,0.738708,0.695544,0.693451,0.710751
0.706491,0.693443,0.675357,0.662280,0.809971,0.731579,0.696774,0.658425,0.614007,0.767327
0.692825,0.692366,0.665497,0.722447,0.598171,0.749829,0.675614,0.695612,0.689191,0.689306
0.731728,0.705068,0.729166,0.646165,0.847872,0.795696,0.724447,0.743243,0.593398,0.659353
0.732516,0.631679,0.668897,0.690382,0.800732,0.681089,0.636747,0.740234,0.691085,0.729610
0.671249,0.724301,0.612438,0.784671,0.867026,0.772868,0.694274,0.711209,0.689081,0.686114
0.618848,0.711171,0.732483,0.579724,0.711022,0.543875,0.701470,0.615468,0.707335,0.662293
0.669499,0.694060,0.660603,0.713150,0.684675,0.710391,0.676636,0.687363,0.700449,0.701882
0.718682,0.720466,0.692557,0.633471,0.707071,0.803957,0.667839,0.662863,0.698045,0.686337
0.713993,0.728607,0.698976,0.592644,0.470191,0.691016,0.655451,0.672738,0.654291,0.671611
0.706243,0.691525,0.786425,0.731634,0.677236,0.807213,0.739983,0.784132,0.734920,0.714053
0.726102,0.711780,0.738187,0.630348,0.640249,0.484712,0.706165,0.648432,0.720367,0.685746
0.719624,0.707949,0.693413,0.724846,0.536705,0.617615,0.610151,0.688337,0.687055,0.678899
0.681026,0.685538,0.688234,0.687550,0.607386,0.686704,0.715567,0.703348,0.687680,0.705649
0.681492,0.726454,0.703352,0.649499,0.344813,0.707864,0.720163,0.681310,0.709231,0.665053
0.666281,0.748645,0.718713,0.754237,0.731414,0.640515,0.669106,0.692678,0.744610,0.681694
0.706736,0.725509,0.614427,0.673589,0.616075,0.640966,0.744250,0.682407,0.716862,0.703290
0.721827,0.710242,0.715024,0.603248,0.648419,0.659692,0.685080,0.720575,0.676302,0.743496
0.685641,0.643981,0.690846,0.711680,0.834729,0.517943,0.662123,0.746871,0.647406,0.696307
0.740596,0.620452,0.629303,0.769396,0.891918,0.575415,0.668550,0.733424,0.729161,0.637609
0.697787,0.714551,0.651716,0.670567,0.698824,0.713884,0.676801,0.708982,0.656030,0.700885
0.584877,0.698048,0.654939,0.664703,0.753512,0.800032,0.711381,0.757499,0.748110,0.737574
0.771419,0.734188,0.698749,0.790916,0.793465,0.804757,0.702668,0.696707,0.712837,0.749383
0.703693,0.652223,0.704189,0.741150,0.741304,0.648671,0.680025,0.686741,0.705286,0.677344
0.731718,0.707620,0.636733,0.614111,0.662406,0.592211,0.707586,0.644125,0.714519,0.687230
0.703659,0.653175,0.692509,0.641761,0.741755,0.642368,0.682502,0.706758,0.677637,0.716886
0.687981,0.684869,0.720543,0.707975,0.780446,0.773489,0.647978,0.713153,0.707702,0.693280
0.714861,0.649207,0.701496,0.593932,0.692291,0.725279,0.692365,0.764634,0.732606,0.725494
0.695586,0.622738,0.760823,0.694772,0.685310,0.610149,0.608835,0.744017,0.637648,0.700165
0.676124,0.674418,0.668764,0.731681,0.563430,0.714063,0.710353,0.720233,0.683673,0.656437
0.691882,0.704345,0.714136,0.707962,0.599312,0.635461,0.715594,0.676905,0.676954,0.678550
0.697730,0.681624,0.685867,0.724422,0.531403,0.674768,0.664682,0.666903,0.715340,0.678131
0.710739,0.683086,0.744383,0.657825,0.759092,0.590972,0.627940,0.658987,0.661447,0.671517
0.660866,0.678389,0.680166,0.661623,0.498671,0.662969,0.677113,0.703809,0.664689,0.691987
0.686122,0.706073,0.680195,0.773105,0.603594,0.609640,0.675640,0.678046,0.697572,0.632734
0.648987,0.665067,0.685391,0.736450,0.854343,0.742233,0.682839,0.658232,0.709034,0.695115
0.681898,0.753043,0.722530,0.608087,0.905286,0.753628,0.635729,0.761271,0.607710,0.709218
0.736229,0.768444,0.677372,0.659863,0.561915,0.680290,0.688411,0.665952,0.776643,0.686390
0.688463,0.712104,0.695886,0.625381,0.778964,0.498924,0.714668,0.693461,0.720626,0.764481
0.646632,0.728841,0.687254,0.799420,0.542553,0.775215,0.702269,0.730472,0.730007,0.657141
0.696313,0.692362,0.691819,0.712966,0.726884,0.751392,0.696951,0.727705,0.717563,0.691894
0.676575,0.672453,0.605767,0.688934,0.622043,0.563648,0.631202,0.693378,0.672555,0.663229
0.721558,0.689746,0.691366,0.649220,0.406209,0.637872,0.689819,0.692097,0.669355,0.664449
0.702153,0.723262,0.691446,0.558800,0.715054,0.664098,0.671468,0.672222,0.687858,0.702349
0.707783,0.663512,0.735511,0.765367,0.737307,0.618162,0.656852,0.652206,0.678998,0.682989
0.685355,0.699179,0.823505,0.710584,0.601239,0.674913,0.778745,0.688199,0.683701,0.688489
0.736330,0.741666,0.721558,0.673182,0.658167,0.644955,0.669413,0.724716,0.641994,0.650978
0.687007,0.685701,0.631546,0.680916,0.564214,0.701780,0.676942,0.710375,0.693978,0.679636
0.694646,0.679721,0.645900,0.750390,0.695353,0.668944,0.675621,0.704443,0.699094,0.658680
0.771917,0.766239,0.662851,0.713940,0.761075,0.679298,0.742258,0.747398,0.724673,0.715349
0.668403,0.692241,0.703766,0.624894,0.704755,0.715588,0.761759,0.640233,0.666949,0.676381
0.684133,0.641064,0.672207,0.696088,0.667941,0.700912,0.664919,0.666910,0.661706,0.693016
0.635429,0.719001,0.581063,0.703738,0.768025,0.708894,0.851362,0.723145,0.713186,0.696832
0.647835,0.646980,0.644774,0.688841,0.761098,0.625566,0.728482,0.742000,0.782315,0.667503
0.724772,0.674767,0.730326,0.633517,0.700013,0.665833,0.660725,0.707640,0.690928,0.712992
0.686696,0.544397,0.715452,0.759471,0.525257,0.618209,0.674043,0.648216,0.664232,0.674938
0.663873,0.680960,0.646197,0.691156,0.613798,0.694131,0.702268,0.683393,0.687362,0.705778
0.715117,0.699424,0.648172,0.669828,0.679410,0.754965,0.690716,0.690528,0.700508,0.686677
0.691996,0.658677,0.568206,0.712668,0.631925,0.810017,0.671678,0.648068,0.683374,0.700909
0.698012,0.664538,0.645785,0.721235,0.647259,0.725891,0.684964,0.696989,0.704524,0.693589
0.663954,0.687583,0.696455,0.673256,0.881698,0.749874,0.687407,0.713631,0.666093,0.681211
0.692992,0.690952,0.670598,0.690729,0.837780,0.590942,0.674242,0.714390,0.667855,0.714942
0.737519,0.719534,0.702834,0.583454,0.562550,0.648399,0.711888,0.714729,0.799902,0.706003
0.698255,0.643087,0.724455,0.667095,0.658363,0.568477,0.686958,0.676757,0.715788,0.677501
0.663741,0.661307,0.646774,0.727388,0.523214,0.688989,0.669133,0.695001,0.722663,0.706990
0.647718,0.672299,0.667704,0.608531,0.667814,0.740617,0.708037,0.710233,0.699730,0.711623
0.668034,0.692004,0.707884,0.610562,0.715159,0.603208,0.774661,0.715639,0.673640,0.720104
0.675900,0.714019,0.682655,0.677317,0.525416,0.578589,0.718677,0.692984,0.672503,0.718673
0.695518,0.715019,0.667031,0.653804,0.558192,0.805771,0.718989,0.657330,0.688942,0.700880
0.696822,0.720717,0.756410,0.808972,0.768097,0.725101,0.702534,0.698760,0.731404,0.703983
0.655965,0.743006,0.659734,0.697251,0.699396,0.614515,0.738844,0.674371,0.731808,0.742762
0.700222,0.726096,0.680722,0.680037,0.655023,0.707059,0.701498,0.642885,0.655014,0.663555
0.687705,0.734983,0.699779,0.646788,0.797412,0.776413,0.688695,0.631607,0.690970,0.691319
0.677092,0.679149,0.675036,0.664928,0.554854,0.635584,0.697347,0.713654,0.696657,0.684600
0.699251,0.707720,0.663657,0.839774,0.585245,0.651663,0.695530,0.694141,0.668937,0.716745
0.659212,0.697580,0.724952,0.700800,0.887306,0.829100,0.685403,0.695472,0.647878,0.701566
0.706831,0.679102,0.621693,0.692324,0.717096,0.717849,0.721966,0.675850,0.661817,0.704735
0.603460,0.661620,0.687266,0.640705,0.825645,0.727086,0.757942,0.686586,0.828166,0.631281
0.633437,0.719899,0.717329,0.704354,0.478816,0.712235,0.643161,0.745186,0.664077,0.673286
0.672647,0.650417,0.766278,0.733168,0.519005,0.625674,0.708140,0.703652,0.680941,0.693679
0.708441,0.711846,0.667383,0.699175,0.778863,0.697069,0.641080,0.717817,0.660958,0.692443
0.691756,0.698641,0.704450,0.703230,0.642175,0.761146,0.673248,0.699879,0.698197,0.706354
0.696713,0.737076,0.721024,0.635892,0.674654,0.587300,0.694630,0.691597,0.645262,0.679452
0.663086,0.693265,0.680957,0.665992,0.676869,0.605565,0.647729,0.704531,0.664721,0.713170
0.665802,0.642097,0.667184,0.874593,0.668705,0.691651,0.647248,0.666294,0.697166,0.671802
0.725185,0.683575,0.710986,0.633007,0.702111,0.696471,0.605880,0.717539,0.672068,0.682654
0.790159,0.652157,0.681454,0.822201,0.693260,0.687791,0.632300,0.683940,0.719712,0.687403
0.651275,0.663349,0.673117,0.589700,0.627479,0.792335,0.717080,0.743123,0.682478,0.684812
0.711172,0.711384,0.714100,0.744004,0.776283,0.604207,0.629558,0.660144,0.681732,0.708065
0.674463,0.704267,0.772113,0.662150,0.493929,0.692333,0.668403,0.717623,0.691331,0.670485
0.636316,0.639542,0.684090,0.661170,0.650875,0.765437,0.675251,0.660925,0.584019,0.679725
0.674632,0.704800,0.717246,0.690440,0.579759,0.627349,0.729372,0.678039,0.668892,0.672500
0.747022,0.747395,0.712658,0.662669,0.605556,0.743226,0.685038,0.775802,0.657872,0.668223
0.687984,0.689613,0.781653,0.742845,0.740171,0.781935,0.746237,0.769772,0.725028,0.670087
0.679361,0.705985,0.624435,0.663255,0.782795,0.757481,0.625404,0.671830,0.669513,0.700469
0.674406,0.674556,0.730960,0.664616,0.659227,0.651537,0.682926,0.658359,0.670100,0.687964
0.665674,0.696117,0.752925,0.714223,0.392980,0.710928,0.621587,0.691074,0.720691,0.636095
0.603439,0.648180,0.708735,0.648087,0.616454,0.764481,0.629693,0.698310,0.675683,0.687561
0.698583,0.680687,0.694960,0.642613,0.674300,0.616691,0.688760,0.746852,0.651996,0.691780
0.701151,0.711682,0.699573,0.641607,0.610430,0.637686,0.658304,0.745556,0.698150,0.688292
0.709452,0.713840,0.494161,0.757755,0.630228,0.699775,0.702087,0.659679,0.694485,0.709539
0.686002,0.578211,0.685466,0.730278,0.936749,0.643359,0.643413,0.721443,0.754841,0.684957
0.695711,0.710710,0.669038,0.616502,0.710173,0.736195,0.705240,0.697075,0.720299,0.659624
0.681879,0.679194,0.684635,0.653660,0.824399,0.754458,0.687464,0.649935,0.695623,0.678542
0.717282,0.675768,0.724795,0.657702,0.707456,0.835545,0.673305,0.709728,0.711730,0.656385
0.642371,0.659972,0.729765,0.693775,0.659839,0.619465,0.670301,0.649880,0.665510,0.725562
0.700523,0.665688,0.579747,0.621233,0.595061,0.761121,0.622943,0.723090,0.693217,0.682981
0.705368,0.667848,0.713138,0.636729,0.477308,0.607588,0.725626,0.681790,0.661632,0.685513
0.654404,0.697391,0.635558,0.664624,0.804031,0.840227,0.730275,0.674135,0.716584,0.690832
0.696721,0.768100,0.684412,0.667258,0.671738,0.592255,0.698228,0.705481,0.698369,0.688317
0.689915,0.712396,0.667874,0.694871,0.676456,0.687993,0.640176,0.685366,0.691073,0.673365
0.714340,0.676401,0.697894,0.735086,0.660654,0.689890,0.677459,0.687701,0.712009,0.692709
0.690574,0.732373,0.709393,0.681991,0.357858,0.692155,0.724892,0.684982,0.709776,0.686058
0.676563,0.665660,0.727247,0.672271,0.856086,0.771720,0.648953,0.693020,0.704308,0.734033
0.692020,0.666940,0.641744,0.690228,0.630126,0.698423,0.640611,0.720190,0.667881,0.691184
0.693053,0.689712,0.680010,0.694427,0.574132,0.699906,0.674340,0.699422,0.676992,0.679874
0.694614,0.738453,0.693368,0.682700,0.623662,0.622241,0.709297,0.690380,0.672781,0.685749
0.657623,0.672607,0.651743,0.681989,0.632758,0.579368,0.727746,0.753153,0.719336,0.672580
0.713087,0.706292,0.717211,0.661119,0.710283,0.688950,0.703557,0.697330,0.710060,0.696034
0.766678,0.678850,0.763079,0.720457,0.631345,0.551523,0.626777,0.701928,0.650538,0.677648
0.726382,0.695100,0.669034,0.793799,0.690868,0.671432,0.723298,0.659039,0.646902,0.693145
0.658082,0.616564,0.670680,0.764047,0.696376,0.887389,0.730927,0.664614,0.677940,0.719076
0.708798,0.669567,0.656959,0.706096,0.644670,0.695700,0.674991,0.686935,0.693893,0.669941
0.684127,0.636169,0.712766,0.741718,0.760940,0.469887,0.695526,0.730566,0.647028,0.690719
0.694473,0.680300,0.661530,0.693887,0.709897,0.711962,0.692064,0.674386,0.662686,0.679375
0.673277,0.679458,0.705136,0.708014,0.855624,0.602571,0.694605,0.719099,0.643433,0.688346
0.704386,0.731314,0.700944,0.749378,0.692318,0.573622,0.646825,0.696005,0.703742,0.718221
0.698263,0.699663,0.712003,0.661104,0.612569,0.771149,0.661850,0.665394,0.688994,0.704581
0.648026,0.668383,0.697115,0.656307,0.878384,0.735973,0.723775,0.709974,0.760967,0.683455
0.710955,0.685818,0.701073,0.603312,0.694732,0.798807,0.770262,0.651985,0.688352,0.726503
0.673381,0.707944,0.680737,0.702085,0.717062,0.756744,0.681679,0.667974,0.710174,0.681219
0.735275,0.787276,0.723842,0.719044,0.686210,0.730212,0.605805,0.707039,0.693139,0.630368
0.742330,0.682509,0.653190,0.698455,0.637009,0.651425,0.647801,0.705481,0.670237,0.679380
0.718669,0.658502,0.654875,0.623067,0.718279,0.752049,0.607312,0.716709,0.694819,0.691379
0.681044,0.679715,0.705393,0.738022,0.784746,0.717298,0.681055,0.668054,0.717412,0.688573
0.694230,0.695936,0.717825,0.592047,0.591904,0.643248,0.626889,0.658909,0.741861,0.686035
0.655252,0.741762,0.741192,0.730346,0.553814,0.663432,0.607282,0.702271,0.731168,0.745568
0.692510,0.739065,0.672311,0.680240,0.764102,0.593958,0.699541,0.720683,0.674397,0.693001
0.705413,0.625399,0.807589,0.733913,0.736761,0.776997,0.761755,0.706508,0.711823,0.703566
0.704731,0.693228,0.721050,0.770443,0.828164,0.658623,0.717340,0.687550,0.677483,0.662707
0.715482,0.653969,0.746778,0.729554,0.591725,0.763034,0.748649,0.672684,0.707150,0.707727
0.726036,0.773657,0.713774,0.654294,0.729678,0.693100,0.708736,0.729182,0.723047,0.695100
0.637289,0.675837,0.722172,0.619253,0.547224,0.779719,0.706946,0.687649,0.652151,0.708197
0.706172,0.728307,0.717118,0.716657,0.670096,0.612566,0.661304,0.668944,0.688574,0.684604
0.637177,0.697218,0.640807,0.735036,0.529714,0.570923,0.712954,0.612844,0.711364,0.737581
0.642447,0.717061,0.707792,0.683817,0.724368,0.694719,0.657527,0.655335,0.712235,0.589393
0.701200,0.716092,0.689545,0.700848,0.645239,0.697984,0.719574,0.677885,0.643840,0.702206
0.688702,0.682079,0.657576,0.745067,0.933776,0.821894,0.676073,0.648746,0.724508,0.697391
0.698260,0.676563,0.669399,0.650376,0.829711,0.696811,0.679109,0.692877,0.674999,0.667379
0.658742,0.716332,0.640332,0.762723,0.939854,0.844548,0.712673,0.698173,0.767698,0.721408
0.689791,0.670279,0.645422,0.703194,0.577523,0.668662,0.621474,0.668880,0.710413,0.712612
0.681799,0.695787,0.654770,0.724877,0.536453,0.652256,0.727875,0.731614,0.658743,0.700272
0.687176,0.665643,0.643566,0.696775,0.622644,0.791581,0.669642,0.686957,0.673185,0.682593
0.689168,0.705399,0.657733,0.697338,0.580331,0.737407,0.686740,0.693185,0.697908,0.676574
0.667299,0.662927,0.652678,0.723670,0.570006,0.647378,0.718860,0.667496,0.689876,0.663522
0.694441,0.712264,0.638721,0.698109,0.744904,0.706868,0.685570,0.671883,0.673076,0.707642
0.699422,0.732403,0.673696,0.648774,0.734754,0.661397,0.696711,0.714564,0.704258,0.707099
0.686694,0.652998,0.712756,0.689485,0.813201,0.628031,0.709120,0.712492,0.689167,0.690763
0.687393,0.691770,0.710805,0.648572,0.623280,0.704003,0.662211,0.675950,0.716288,0.661114
0.783314,0.685278,0.701017,0.549568,0.659098,0.744675,0.750717,0.706559,0.661842,0.763785
0.685529,0.690544,0.701177,0.706841,0.764382,0.665181,0.703007,0.707328,0.679971,0.700733
0.669463,0.678463,0.733157,0.601616,0.602539,0.706277,0.721428,0.661887,0.677235,0.708614
0.708920,0.694666,0.699059,0.672524,0.496908,0.654521,0.701689,0.729407,0.696622,0.673838
0.677640,0.680974,0.700759,0.709329,0.523208,0.654451,0.700585,0.700116,0.670801,0.692940
0.722738,0.728330,0.655919,0.684218,0.487236,0.766106,0.658952,0.748499,0.711578,0.646943
0.740168,0.646039,0.551220,0.704182,0.542923,0.767905,0.726660,0.733203,0.657387,0.724340
0.630884,0.732127,0.769224,0.697849,0.631509,0.777709,0.670449,0.733624,0.741137,0.683545
0.684190,0.649050,0.675904,0.554510,0.911630,0.727115,0.692765,0.695170,0.696079,0.704158
0.693636,0.733863,0.679374,0.721434,0.733377,0.805620,0.693484,0.683720,0.671522,0.708623
0.714789,0.697163,0.664110,0.739150,0.572446,0.686443,0.721899,0.728398,0.721125,0.664958
0.708025,0.715951,0.608341,0.795957,0.578415,0.664048,0.730316,0.740295,0.672932,0.647856
0.732592,0.612443,0.700064,0.616715,0.672721,0.738297,0.721687,0.738468,0.715721,0.722062
0.686275,0.714683,0.618360,0.772408,0.570458,0.650882,0.669878,0.756736,0.698013,0.692904
0.671847,0.678828,0.704624,0.640700,0.566373,0.650858,0.702400,0.653226,0.672672,0.693826
0.707308,0.743290,0.700459,0.722928,0.832402,0.757944,0.688662,0.664539,0.677537,0.725845
0.731837,0.613710,0.623001,0.674829,0.757709,0.650086,0.709286,0.665286,0.675186,0.682053
0.740019,0.735555,0.677254,0.731248,0.696781,0.629998,0.727851,0.688250,0.711694,0.654768
0.677406,0.678667,0.722223,0.709583,0.714032,0.733289,0.699621,0.714622,0.692007,0.682512
0.719626,0.630401,0.704969,0.612883,0.519750,0.663091,0.677416,0.686602,0.687138,0.696349
0.763592,0.663337,0.773057,0.622313,0.766774,0.668940,0.588163,0.783420,0.663968,0.642753
0.656665,0.698634,0.629368,0.740171,0.723623,0.574950,0.729591,0.653637,0.701746,0.697963
0.698241,0.681463,0.760038,0.644217,0.734289,0.723731,0.714856,0.730349,0.654396,0.697162
0.688124,0.679415,0.711062,0.671631,0.605450,0.659980,0.681737,0.709297,0.671613,0.713062
0.689539,0.692890,0.632866,0.686659,0.771037,0.778198,0.650817,0.711691,0.712955,0.696634
0.676110,0.635885,0.711259,0.684551,0.854240,0.683700,0.755962,0.761970,0.679335,0.685582
0.666744,0.713295,0.701081,0.669611,0.607545,0.668216,0.677162,0.664696,0.638263,0.713949
0.688713,0.696160,0.690549,0.762172,0.757170,0.582955,0.674639,0.707316,0.698881,0.704557
0.662138,0.773614,0.681290,0.795991,0.808561,0.667129,0.685714,0.638940,0.650381,0.706174
0.664848,0.729286,0.734275,0.683927,0.775916,0.751491,0.732091,0.704216,0.666990,0.687032
0.646854,0.711986,0.720510,0.658552,0.819860,0.849865,0.750538,0.668441,0.694940,0.656423
0.693859,0.714444,0.688454,0.718058,0.635431,0.770766,0.718444,0.758827,0.694681,0.648310
0.672377,0.717422,0.730577,0.688611,0.529326,0.646086,0.652156,0.639631,0.677203,0.711344
0.659526,0.647887,0.608154,0.657226,0.606974,0.733829,0.582732,0.683258,0.637887,0.611791
0.656094,0.676706,0.644008,0.719030,0.658442,0.616590,0.789683,0.689789,0.706204,0.667416
0.668813,0.708594,0.734084,0.702494,0.918315,0.775091,0.638858,0.661344,0.693427,0.755065
0.692835,0.752933,0.697706,0.777343,0.502457,0.761101,0.691606,0.737849,0.681666,0.696600
0.679159,0.666813,0.731885,0.694853,0.741465,0.625573,0.682406,0.732334,0.686051,0.666423
0.719517,0.648030,0.716274,0.821263,0.668655,0.740444,0.638724,0.768833,0.698108,0.663442
0.653693,0.727521,0.689041,0.619037,0.954131,0.814972,0.695456,0.750157,0.614261,0.699596
0.665936,0.677607,0.689216,0.585672,0.739251,0.523900,0.686933,0.670037,0.728219,0.663897
0.686015,0.701572,0.757463,0.745230,0.739074,0.695319,0.675195,0.671013,0.680094,0.700566
0.684332,0.685184,0.642240,0.700438,0.693963,0.706746,0.671059,0.709454,0.680701,0.683010
0.687038,0.679493,0.695869,0.617780,0.811318,0.499851,0.748425,0.702372,0.637341,0.678896
0.685900,0.689844,0.710401,0.685765,0.450399,0.646295,0.722336,0.668017,0.681754,0.662308
0.620507,0.700764,0.622795,0.635356,0.593093,0.654726,0.727900,0.693686,0.707159,0.718997
0.587995,0.708596,0.745021,0.696037,0.785334,0.690688,0.624204,0.672599,0.725492,0.689512
0.748428,0.620611,0.722704,0.649226,0.590465,0.788602,0.627694,0.676760,0.671779,0.713645
0.695936,0.672641,0.664207,0.589091,0.562460,0.695010,0.659190,0.680449,0.716717,0.678430
0.672461,0.643369,0.732064,0.794893,0.685305,0.573248,0.640595,0.715313,0.720226,0.737044
0.675851,0.728765,0.708097,0.643519,0.350866,0.563914,0.728240,0.700843,0.692668,0.690197
0.714195,0.707749,0.657345,0.692098,0.518059,0.802187,0.727044,0.673722,0.695494,0.672931
0.692960,0.706978,0.620189,0.650627,0.578308,0.790988,0.687541,0.676592,0.694594,0.669883
0.672723,0.679935,0.722981,0.690527,0.702494,0.789191,0.651377,0.720597,0.695090,0.710832
0.653022,0.647850,0.637325,0.685737,0.696753,0.563440,0.753376,0.704408,0.743192,0.741390
0.681293,0.717492,0.626806,0.696287,0.717995,0.738974,0.655446,0.690410,0.690277,0.692799
0.686747,0.737400,0.675596,0.654029,0.623575,0.810984,0.673127,0.678557,0.691996,0.714597
0.660437,0.731536,0.694696,0.625561,0.535621,0.801459,0.642623,0.785558,0.695322,0.633515
0.692564,0.671117,0.810412,0.758915,0.649289,0.617231,0.789805,0.686947,0.697299,0.716443
0.621535,0.670936,0.792796,0.620966,0.837426,0.676768,0.679464,0.678340,0.671881,0.670889
0.643598,0.645072,0.671715,0.698835,0.502901,0.750172,0.737196,0.667959,0.686454,0.694691
0.672511,0.686501,0.676419,0.695853,0.651006,0.765121,0.696288,0.651698,0.669266,0.681255
0.708911,0.580704,0.678859,0.646375,0.721516,0.791396,0.758501,0.668674,0.665339,0.661658
0.722284,0.721955,0.706040,0.694615,0.633384,0.543509,0.708636,0.703040,0.714326,0.634584
0.691667,0.689002,0.644245,0.689263,0.659267,0.661031,0.664666,0.663757,0.705482,0.694545
0.645672,0.765683,0.668000,0.735718,0.276506,0.729388,0.631982,0.657150,0.724899,0.702516
0.705570,0.671916,0.675619,0.701456,0.641400,0.685864,0.709704,0.700315,0.677573,0.689787
0.705504,0.690522,0.659819,0.684952,0.688033,0.760467,0.689662,0.721511,0.681327,0.697982
0.689426,0.682424,0.693951,0.685125,0.647079,0.746997,0.726467,0.725643,0.690342,0.675921
0.705038,0.670095,0.666625,0.796260,0.752552,0.707822,0.708491,0.700123,0.724660,0.657606
0.795429,0.714217,0.703388,0.761124,0.491747,0.699085,0.756173,0.687603,0.674003,0.715090
0.728751,0.641191,0.676437,0.705796,0.598899,0.738002,0.650160,0.694071,0.734228,0.712354
0.667149,0.659618,0.749670,0.736940,0.696882,0.523764,0.747012,0.721037,0.622760,0.670580
0.694657,0.652815,0.714929,0.733247,0.881516,0.722381,0.712767,0.783707,0.696999,0.705439
0.696883,0.688019,0.651522,0.674063,0.438528,0.692044,0.716264,0.688167,0.687126,0.679437
0.663210,0.682358,0.675011,0.712334,0.682270,0.663348,0.677791,0.696506,0.666439,0.697404
0.656113,0.700716,0.705947,0.630853,0.552652,0.675028,0.712409,0.688345,0.716324,0.634892
0.627658,0.631172,0.650066,0.779530,0.640328,0.662920,0.710771,0.706388,0.643477,0.672445
0.676881,0.693661,0.716136,0.652069,0.763234,0.737305,0.716028,0.688543,0.667005,0.690174
0.725091,0.704834,0.742927,0.747878,0.776751,0.648308,0.712241,0.685298,0.723632,0.704419
0.698089,0.641864,0.722044,0.596257,0.696367,0.866866,0.720869,0.698278,0.710115,0.693636
0.717995,0.653846,0.707917,0.731840,0.720879,0.735175,0.683463,0.719816,0.742088,0.743861
0.690432,0.687078,0.766323,0.765097,0.730379,0.781664,0.722904,0.669777,0.708071,0.688090
0.725800,0.616195,0.715670,0.659992,0.797366,0.667453,0.693159,0.707965,0.699579,0.625194
0.770739,0.720051,0.734189,0.647693,0.627951,0.472484,0.607155,0.711179,0.661881,0.717499
0.690212,0.686188,0.677475,0.692387,0.871055,0.771072,0.606931,0.690724,0.711618,0.708787
0.759818,0.694595,0.705128,0.657046,0.790957,0.739657,0.726494,0.768698,0.765070,0.721872
0.716371,0.678520,0.573715,0.651049,0.715980,0.654620,0.621237,0.679845,0.732705,0.677869
0.724289,0.667608,0.675229,0.793673,0.665235,0.733830,0.779677,0.587905,0.732959,0.748726
0.618989,0.697251,0.719943,0.723595,0.630874,0.735621,0.631803,0.684322,0.702544,0.682492
0.699588,0.697965,0.662717,0.712301,0.838874,0.767503,0.673988,0.676555,0.684132,0.682838
0.767537,0.731500,0.630563,0.716936,0.547972,0.709702,0.721588,0.644521,0.646326,0.668152
0.696505,0.685992,0.704887,0.765238,0.810888,0.686298,0.732938,0.709098,0.684814,0.668483
0.699619,0.675722,0.629674,0.766859,0.655511,0.679905,0.743056,0.675309,0.702504,0.682137
0.685868,0.752016,0.671161,0.706077,0.893889,0.799388,0.670820,0.665277,0.692849,0.696320
0.679418,0.702751,0.757375,0.693702,0.707444,0.757570,0.723550,0.674332,0.677666,0.691730
0.667759,0.692362,0.632711,0.735028,0.592450,0.674498,0.688827,0.735945,0.679472,0.707683
0.706768,0.634986,0.744456,0.705589,0.607750,0.665177,0.698174,0.707055,0.709075,0.712578
0.685903,0.666612,0.684735,0.695865,0.809732,0.655884,0.706313,0.687777,0.766738,0.687651
0.749676,0.641106,0.709451,0.548051,0.559706,0.732808,0.666113,0.738183,0.686891,0.708055
0.641065,0.681689,0.825193,0.702599,0.654843,0.731365,0.706164,0.716578,0.718821,0.671289
0.736880,0.757357,0.675508,0.654012,0.743281,0.740048,0.686510,0.774631,0.614372,0.669689
0.576353,0.691484,0.632037,0.583826,0.660725,0.597300,0.723378,0.773040,0.695521,0.733282
0.728602,0.678379,0.719047,0.794819,0.645056,0.674661,0.724063,0.628034,0.716266,0.711112
0.749345,0.715755,0.589079,0.690067,0.703508,0.761146,0.750915,0.703333,0.637563,0.701658
0.648708,0.626031,0.678816,0.718912,0.558958,0.675189,0.639044,0.699265,0.668354,0.710860
0.686383,0.719283,0.676688,0.718628,0.688178,0.560011,0.707573,0.655799,0.728938,0.708510
0.729009,0.643382,0.685734,0.729901,0.599038,0.566378,0.726440,0.679741,0.708766,0.710298
0.682034,0.709696,0.645632,0.686694,0.745273,0.522888,0.674443,0.689289,0.675106,0.684236
0.744430,0.720132,0.677208,0.621280,0.641749,0.640138,0.588727,0.678646,0.645959,0.662503
0.686430,0.694727,0.668249,0.702024,0.818718,0.671688,0.677394,0.696535,0.640321,0.680510
0.662497,0.719021,0.684491,0.702751,0.579855,0.718698,0.651773,0.730065,0.687108,0.673111
0.634858,0.729963,0.596835,0.810537,0.698818,0.823956,0.767207,0.676241,0.715376,0.677788
0.687926,0.721463,0.718137,0.715676,0.802784,0.752423,0.693858,0.695082,0.676252,0.714259
0.709527,0.676021,0.699461,0.506494,0.833778,0.723881,0.723787,0.700682,0.743446,0.668125
0.670442,0.731138,0.649667,0.634312,0.773737,0.680713,0.665088,0.683089,0.694532,0.715419
0.677642,0.644612,0.659206,0.724744,0.565584,0.729523,0.645146,0.608870,0.713050,0.682251
0.670889,0.713491,0.744697,0.656560,0.648365,0.733709,0.715438,0.702923,0.678186,0.674682
0.764070,0.726200,0.700678,0.564028,0.892266,0.791618,0.686619,0.605268,0.688785,0.700056
0.634461,0.677841,0.707229,0.644760,0.652730,0.713230,0.682394,0.606729,0.650615,0.659736
0.689613,0.684019,0.678418,0.682615,0.632152,0.697312,0.697796,0.695032,0.695185,0.693158
0.713128,0.668587,0.657439,0.640335,0.501443,0.692199,0.652899,0.712400,0.713324,0.694467
0.785872,0.647050,0.709601,0.609738,0.578553,0.744667,0.710091,0.701098,0.679932,0.727352
0.699968,0.777595,0.693744,0.662690,0.760432,0.606995,0.680267,0.682950,0.725709,0.730638
0.685384,0.667222,0.729129,0.585083,0.672765,0.698331,0.635271,0.754642,0.650911,0.677560
0.699129,0.734593,0.662105,0.683033,0.872577,0.825229,0.732181,0.741615,0.661389,0.634896
0.720771,0.679788,0.682388,0.617981,0.671861,0.799280,0.745161,0.733288,0.704782,0.727422
0.684245,0.707998,0.728408,0.629447,0.831618,0.749406,0.654692,0.680507,0.662064,0.698592
0.747020,0.705923,0.677811,0.715356,0.840494,0.605148,0.699809,0.619921,0.707850,0.672585
0.681016,0.646126,0.642516,0.705707,0.392995,0.670478,0.683880,0.673577,0.613980,0.713161
0.714034,0.623961,0.718227,0.710898,0.708498,0.683632,0.663854,0.730485,0.702084,0.706090
0.682318,0.701646,0.697836,0.673086,0.733583,0.684687,0.702740,0.724274,0.663431,0.687432
0.699316,0.703937,0.659795,0.674742,0.704053,0.636143,0.719593,0.714465,0.661728,0.685207
0.724996,0.746244,0.711872,0.759262,0.614313,0.678124,0.748561,0.688559,0.718616,0.689435
0.717480,0.754797,0.720887,0.664293,0.750342,0.714509,0.677672,0.671187,0.701795,0.695125
0.635192,0.702849,0.725857,0.678242,0.702626,0.668776,0.629802,0.692626,0.690751,0.679257
0.714810,0.687641,0.680796,0.715053,0.633078,0.548171,0.683036,0.692163,0.729080,0.698481
0.737248,0.666951,0.713264,0.577611,0.632356,0.844568,0.741163,0.742255,0.689075,0.709806
0.674181,0.665586,0.671236,0.692099,0.740324,0.715541,0.650180,0.693776,0.707547,0.713185
0.706590,0.691820,0.673719,0.646889,0.510169,0.682433,0.677111,0.702438,0.701602,0.694088
0.676638,0.706358,0.784410,0.686266,0.719853,0.691071,0.763980,0.698695,0.656765,0.681809
0.706381,0.714942,0.685804,0.699749,0.586845,0.640827,0.701742,0.685987,0.686387,0.665439
0.677033,0.658021,0.694485,0.687896,0.609455,0.764716,0.677505,0.747235,0.736288,0.724349
0.713358,0.687215,0.623018,0.707102,0.782901,0.753375,0.649020,0.670829,0.728710,0.676910
0.708112,0.651662,0.680732,0.599114,0.524789,0.836742,0.714882,0.653338,0.664040,0.692035
0.713409,0.742007,0.689882,0.795040,0.775033,0.829116,0.660988,0.671004,0.687782,0.634424
0.722585,0.702279,0.584802,0.710209,0.769472,0.665053,0.757627,0.733564,0.681732,0.696409
0.665164,0.637279,0.653652,0.772523,0.657497,0.697622,0.714579,0.717722,0.692196,0.686775
0.748169,0.674548,0.648806,0.804713,0.617669,0.633299,0.744107,0.621798,0.715822,0.664182
0.673496,0.683635,0.747942,0.715813,0.751752,0.654132,0.758684,0.704047,0.670904,0.690546
0.715064,0.654065,0.684616,0.762876,0.677335,0.750202,0.703673,0.718292,0.705734,0.707473
0.693802,0.661452,0.607567,0.805326,0.753785,0.784160,0.748215,0.706272,0.694253,0.756146
0.688666,0.753540,0.714352,0.698638,0.722545,0.598125,0.686438,0.748359,0.692377,0.684063
0.703182,0.734580,0.680884,0.759422,0.864042,0.701357,0.684852,0.707513,0.669869,0.690690
0.753910,0.644484,0.710819,0.672794,0.852608,0.621068,0.658715,0.682416,0.674613,0.751238
0.672369,0.629482,0.647853,0.614427,0.656785,0.736614,0.706924,0.641334,0.692360,0.714201
0.671074,0.749436,0.711449,0.561708,0.690638,0.737093,0.662168,0.715946,0.651414,0.718521
0.673750,0.704619,0.645058,0.685116,0.678222,0.736715,0.688811,0.705149,0.688112,0.684385
0.729855,0.725765,0.697127,0.649223,0.672171,0.674388,0.627076,0.675364,0.665560,0.667454
0.658327,0.734062,0.645973,0.715125,0.497935,0.625412,0.728372,0.780850,0.631251,0.699892
0.733964,0.744920,0.700968,0.763384,0.790418,0.596576,0.690739,0.701121,0.738768,0.665790
0.702094,0.718617,0.662900,0.693936,0.648325,0.742077,0.718665,0.679877,0.714783,0.674682
0.693369,0.680098,0.683407,0.783399,0.760142,0.555354,0.671853,0.699122,0.694617,0.697854
0.685583,0.666744,0.791810,0.785781,0.727201,0.660294,0.743186,0.685270,0.670991,0.705067
0.663815,0.674321,0.737399,0.697103,0.528286,0.702825,0.690844,0.693438,0.694259,0.694267
0.646419,0.707595,0.592128,0.712291,0.577462,0.681016,0.695852,0.727540,0.727192,0.724096
0.758274,0.725842,0.717165,0.706902,0.642344,0.766299,0.619014,0.685440,0.734189,0.676374
0.689623,0.752495,0.706550,0.607378,0.668651,0.711259,0.659788,0.682581,0.635461,0.719085
0.706472,0.668034,0.723600,0.711343,0.766273,0.671895,0.712972,0.694289,0.690456,0.702248
0.693667,0.599451,0.719004,0.662647,0.565095,0.679189,0.696042,0.699629,0.677548,0.747623
0.678871,0.705177,0.716491,0.712493,0.699666,0.622412,0.675493,0.736794,0.663227,0.713588
0.713381,0.743995,0.709511,0.701183,0.663334,0.655329,0.710293,0.721782,0.723746,0.702514
0.694858,0.654926,0.676161,0.644780,0.521981,0.738895,0.673187,0.738208,0.710412,0.699152
0.684011,0.634212,0.681130,0.720209,0.805413,0.603254,0.681444,0.698579,0.676343,0.703167
0.646140,0.715427,0.705416,0.670785,0.832872,0.758409,0.605772,0.629633,0.693066,0.708710
0.686328,0.733681,0.653244,0.756842,0.603218,0.705100,0.660852,0.705445,0.688786,0.700908
0.762181,0.732827,0.626436,0.581662,0.792299,0.705653,0.716058,0.676132,0.659200,0.742881
0.709456,0.704525,0.690379,0.744707,0.656405,0.685889,0.702732,0.644183,0.721914,0.682707
0.670703,0.717764,0.750020,0.620786,0.629915,0.737018,0.658650,0.672079,0.746998,0.622785
0.688893,0.676192,0.625569,0.654811,0.710149,0.737689,0.721486,0.640429,0.691822,0.687325
0.746967,0.684313,0.647046,0.761645,0.629568,0.695049,0.675952,0.676856,0.706900,0.657638
0.675386,0.689278,0.677802,0.557880,0.678676,0.606060,0.711523,0.694549,0.746198,0.693695
0.684592,0.700406,0.686407,0.702783,0.621160,0.695257,0.693810,0.693753,0.698165,0.719749
0.718685,0.669003,0.638092,0.716975,0.809860,0.706800,0.694946,0.698067,0.686923,0.681488
0.770938,0.676264,0.621980,0.647487,0.820496,0.577412,0.670728,0.650048,0.722296,0.689297
0.740637,0.632842,0.685301,0.631868,0.793768,0.651112,0.688682,0.635126,0.643199,0.656736
0.718241,0.684989,0.626093,0.732356,0.763065,0.783981,0.691556,0.689471,0.703700,0.671527
0.697006,0.701313,0.686669,0.764363,0.718644,0.594966,0.675358,0.705458,0.714897,0.694389
0.710943,0.727136,0.611454,0.619702,0.787314,0.727653,0.649439,0.655329,0.730619,0.692400
0.738638,0.700153,0.680050,0.682283,0.682505,0.712193,0.698600,0.683904,0.715181,0.689878
0.661529,0.699999,0.709314,0.642446,0.595135,0.663178,0.625525,0.707658,0.723374,0.657068
0.665247,0.716590,0.632402,0.640372,0.729526,0.718568,0.665305,0.642506,0.729958,0.681926
0.723446,0.767803,0.736005,0.720999,0.740343,0.691130,0.742030,0.681589,0.638228,0.733854
0.654837,0.675347,0.639083,0.729496,0.689403,0.673607,0.667083,0.698553,0.697449,0.673886
0.707556,0.759566,0.747628,0.753065,0.740301,0.669541,0.697730,0.665691,0.658923,0.715748
0.646630,0.650829,0.759667,0.680067,0.654928,0.722579,0.494686,0.651922,0.700246,0.712140
0.751125,0.696476,0.705870,0.680044,0.393519,0.782998,0.717222,0.631903,0.764977,0.699096
0.735952,0.767807,0.691241,0.620736,0.670592,0.557397,0.661311,0.714880,0.691991,0.665439
0.663157,0.651800,0.692158,0.665119,0.712507,0.734126,0.699543,0.716838,0.712506,0.687720
0.692174,0.718076,0.695973,0.656622,0.465855,0.682780,0.661358,0.697307,0.679218,0.677015
0.724023,0.724553,0.713748,0.624182,0.714611,0.659336,0.686648,0.727536,0.713864,0.695243
0.693158,0.697820,0.694026,0.688223,0.594066,0.698679,0.691684,0.678658,0.687374,0.696372
0.710641,0.785303,0.720111,0.725865,0.651761,0.748921,0.683316,0.648984,0.713733,0.693190
0.677541,0.709325,0.723417,0.687185,0.728695,0.590539,0.702917,0.746767,0.636723,0.701131
0.714365,0.743763,0.697098,0.669004,0.707377,0.657557,0.664705,0.656830,0.699125,0.674858
0.688751,0.689694,0.730354,0.744867,0.614862,0.580529,0.699650,0.670598,0.704366,0.693193
0.673093,0.672998,0.689246,0.719395,0.930565,0.802650,0.711302,0.703839,0.629946,0.670218
0.690745,0.653068,0.761051,0.602837,0.836738,0.789543,0.740656,0.695263,0.659141,0.723655
0.717253,0.709370,0.696714,0.669437,0.541001,0.618096,0.714171,0.683312,0.651407,0.707991
0.696749,0.701736,0.689693,0.730196,0.673601,0.738927,0.688230,0.762962,0.751122,0.677665
0.673404,0.725500,0.652510,0.682956,0.650706,0.685001,0.676373,0.718344,0.663312,0.681979
0.706948,0.676867,0.680639,0.469438,0.727163,0.611001,0.696975,0.660550,0.786159,0.671099
0.601976,0.701245,0.712160,0.703233,0.832317,0.579741,0.730222,0.674909,0.707233,0.641778
0.679768,0.712264,0.728075,0.737435,0.741717,0.735440,0.650124,0.729354,0.724889,0.661038
0.637187,0.722980,0.684702,0.765836,0.901400,0.735468,0.672711,0.628642,0.633021,0.735228
0.638844,0.689982,0.704030,0.659876,0.714177,0.727201,0.663217,0.663867,0.752544,0.680183
0.764731,0.727826,0.719953,0.528302,0.837648,0.738515,0.696441,0.654536,0.648558,0.681656
0.716447,0.718003,0.684825,0.731820,0.702569,0.652200,0.656047,0.713767,0.729025,0.688429
0.750885,0.765525,0.663060,0.694199,0.741810,0.792631,0.615647,0.669093,0.672816,0.645941
0.747187,0.758545,0.710482,0.716596,0.663104,0.581599,0.676144,0.633828,0.709485,0.697021
0.681586,0.658744,0.689296,0.730991,0.862542,0.610923,0.645012,0.711457,0.696150,0.684340
0.674960,0.688940,0.766105,0.719537,0.862107,0.774195,0.738888,0.710759,0.664868,0.692777
0.687909,0.700012,0.687854,0.669773,0.518375,0.698267,0.657554,0.708864,0.677375,0.695734
0.698654,0.681870,0.638569,0.790560,0.614811,0.709050,0.605530,0.654492,0.728013,0.691602
0.727230,0.659781,0.676232,0.719939,0.669674,0.726031,0.687665,0.661782,0.738505,0.668382
0.680755,0.623764,0.676649,0.656277,0.677847,0.719273,0.731788,0.750423,0.688150,0.767127
0.694949,0.715625,0.709733,0.663050,0.720236,0.724023,0.686107,0.637474,0.683645,0.708545
0.682471,0.686523,0.679087,0.658942,0.789130,0.751414,0.675140,0.670927,0.687919,0.678389
0.708604,0.635213,0.709730,0.722922,0.518292,0.686693,0.672229,0.752692,0.669749,0.655063
0.691834,0.694249,0.748388,0.718575,0.734386,0.743612,0.734648,0.682964,0.677615,0.696332
0.698870,0.671588,0.724439,0.670791,0.491880,0.691288,0.699437,0.737330,0.685457,0.692996
0.678642,0.665496,0.671697,0.765011,0.502750,0.639959,0.745742,0.710966,0.699650,0.649168
0.690184,0.690987,0.617854,0.673065,0.618187,0.591648,0.634152,0.708871,0.662221,0.664073
0.673045,0.677374,0.698826,0.661308,0.624360,0.563502,0.644495,0.744026,0.674068,0.659257
0.681900,0.671600,0.700514,0.726932,0.570715,0.688648,0.668157,0.707346,0.689879,0.707884
0.716768,0.658521,0.635682,0.688844,0.659894,0.733732,0.713745,0.687513,0.680268,0.711771
0.671244,0.663628,0.686408,0.624985,0.760791,0.681389,0.642548,0.691005,0.719740,0.673835
0.656249,0.708751,0.671843,0.600922,0.892653,0.774132,0.677671,0.787555,0.674254,0.670659
0.729328,0.728228,0.683333,0.665550,0.949530,0.808122,0.662357,0.722996,0.670362,0.716902
0.661865,0.688163,0.708173,0.667958,0.351420,0.627043,0.695432,0.668048,0.687186,0.690386
0.693200,0.681397,0.702694,0.688905,0.448319,0.702053,0.700040,0.643976,0.685429,0.696747
0.708230,0.663141,0.728959,0.719327,0.610588,0.584339,0.695703,0.685620,0.716989,0.695119
0.666452,0.700717,0.621540,0.686737,0.758956,0.699145,0.600313,0.666195,0.696121,0.694111
0.709552,0.682733,0.657512,0.636558,0.348192,0.726805,0.721706,0.676200,0.686618,0.708438
0.702669,0.649583,0.646894,0.770918,0.904113,0.606623,0.642890,0.711899,0.709391,0.694240
0.733730,0.683610,0.729740,0.644666,0.532611,0.805488,0.696141,0.752881,0.674178,0.700566
0.709481,0.624519,0.698261,0.674946,0.633964,0.786594,0.744514,0.746952,0.725681,0.654828
0.692709,0.706476,0.755950,0.753797,0.793534,0.713561,0.716974,0.699449,0.684617,0.695805
0.665576,0.700203,0.725010,0.719173,0.753500,0.716410,0.718114,0.708722,0.663461,0.713754
0.659401,0.670826,0.685757,0.585477,0.706249,0.711108,0.690179,0.755099,0.736126,0.704566
0.693170,0.651334,0.736908,0.714943,0.766915,0.731696,0.724874,0.721088,0.696559,0.723999
0.668496,0.679344,0.748669,0.675857,0.715812,0.634340,0.703184,0.679984,0.676548,0.707234
0.741101,0.689525,0.633109,0.723664,0.814798,0.659690,0.733450,0.698752,0.683569,0.726346
0.712210,0.733582,0.747346,0.732474,0.456483,0.634508,0.660839,0.706559,0.713447,0.676452
0.725213,0.692691,0.680458,0.771151,0.431239,0.647194,0.670342,0.671891,0.737800,0.664041
0.752316,0.726077,0.613335,0.636109,0.734902,0.654222,0.779164,0.637197,0.675863,0.686560
0.685279,0.681422,0.669122,0.696371,0.768753,0.667139,0.700765,0.666608,0.643255,0.727628
0.686584,0.706462,0.692561,0.655587,0.719214,0.616130,0.694515,0.678594,0.689044,0.675642
0.667903,0.710698,0.696432,0.642071,0.633302,0.672538,0.571947,0.715140,0.710937,0.730345
0.686168,0.724398,0.674895,0.665812,0.557906,0.657929,0.707389,0.695439,0.697050,0.719365
0.677258,0.628296,0.647170,0.726582,0.566329,0.634547,0.744166,0.716910,0.686516,0.637307
0.740791,0.734046,0.696497,0.698269,0.709120,0.603479,0.667709,0.713103,0.694189,0.699616
0.628580,0.690405,0.718624,0.576198,0.651037,0.552525,0.654843,0.656343,0.664017,0.675673
0.686568,0.636605,0.642828,0.717252,0.769994,0.781646,0.694087,0.633408,0.715009,0.684083
0.749931,0.753622,0.704095,0.665503,0.705767,0.608979,0.636934,0.735595,0.704968,0.749665
0.735178,0.703898,0.690454,0.696460,0.526034,0.685363,0.650744,0.743699,0.687652,0.668096
0.677175,0.667370,0.717337,0.726981,0.633850,0.711848,0.670830,0.711079,0.696561,0.739215
0.706704,0.672088,0.674359,0.700745,0.615077,0.732612,0.682958,0.673498,0.725298,0.685761
0.681091,0.707729,0.712724,0.728615,0.659741,0.777517,0.717245,0.645396,0.690050,0.695393
0.703215,0.695848,0.710214,0.695644,0.718475,0.705025,0.657222,0.679716,0.758938,0.706357
0.695889,0.715144,0.688929,0.665420,0.738741,0.672088,0.699829,0.718547,0.713393,0.692892
0.663976,0.718692,0.673364,0.613033,0.886392,0.752070,0.728748,0.761030,0.684505,0.718271
0.710675,0.674673,0.693734,0.686124,0.440392,0.660900,0.691803,0.693939,0.708458,0.690316
0.662845,0.697301,0.698998,0.696526,0.802862,0.589346,0.709786,0.672423,0.631365,0.746202
0.685369,0.698438,0.698339,0.712765,0.677381,0.693518,0.686076,0.674752,0.670972,0.685513
0.681706,0.700996,0.712982,0.638412,0.586542,0.765334,0.727333,0.702883,0.668491,0.692582
0.612126,0.714374,0.734697,0.662039,0.567733,0.772655,0.609448,0.668378,0.729831,0.630576
0.721820,0.677976,0.726693,0.793418,0.591162,0.767290,0.627679,0.693370,0.710608,0.724157
0.704635,0.665011,0.705062,0.699607,0.720193,0.763384,0.674130,0.706080,0.694772,0.711654
0.709457,0.688180,0.663870,0.753028,0.674552,0.613709,0.696976,0.679201,0.710843,0.681146
0.730238,0.716275,0.591278,0.773952,0.668447,0.769113,0.729597,0.743441,0.655959,0.703826
0.661551,0.700199,0.652213,0.647188,0.721643,0.668795,0.674228,0.670306,0.681990,0.710661
0.627822,0.687226,0.672102,0.617563,0.694123,0.529498,0.665239,0.725901,0.692064,0.690585
0.722816,0.599735,0.727218,0.583974,0.838667,0.641727,0.741079,0.717322,0.728750,0.691857
0.730519,0.693594,0.707363,0.711242,0.525174,0.666324,0.678306,0.743482,0.728852,0.709968
0.657949,0.682122,0.697850,0.581498,0.827657,0.662188,0.697684,0.621397,0.678859,0.666649
0.721678,0.665435,0.626997,0.708441,0.613935,0.725355,0.750461,0.625679,0.697017,0.713580
0.602300,0.646717,0.722789,0.600617,0.795351,0.747557,0.676279,0.621076,0.712011,0.730355
0.631579,0.705621,0.687120,0.611327,0.800112,0.689260,0.758271,0.602570,0.685309,0.689043
0.709055,0.698593,0.676209,0.693764,0.619358,0.628322,0.688101,0.695917,0.657502,0.694398
0.620387,0.681493,0.699529,0.631875,0.705431,0.635193,0.670887,0.645985,0.697046,0.679920
0.667462,0.621253,0.698850,0.683993,0.624375,0.572903,0.716803,0.697949,0.694862,0.643282
0.720808,0.640148,0.730209,0.708757,0.604830,0.745644,0.768930,0.706130,0.733848,0.706930
0.685903,0.720740,0.634315,0.669691,0.696187,0.753656,0.641878,0.731816,0.682894,0.703849
0.713916,0.716057,0.694037,0.759220,0.548264,0.652201,0.751136,0.587837,0.725523,0.704160
0.694903,0.715871,0.736257,0.587841,0.714446,0.550348,0.682350,0.642875,0.717514,0.691567
0.632967,0.653096,0.689868,0.577132,0.846406,0.617233,0.713966,0.705158,0.779684,0.620215
0.720697,0.674987,0.624713,0.690151,0.622696,0.693676,0.665490,0.726877,0.739430,0.665083
0.765310,0.649991,0.723218,0.676857,0.836764,0.657845,0.673193,0.683347,0.753979,0.743034
0.669275,0.544473,0.693677,0.766273,0.566399,0.564124,0.728294,0.711749,0.668392,0.704543
0.695031,0.707042,0.658688,0.760330,0.638425,0.685595,0.714576,0.710280,0.754708,0.718202
0.694129,0.673662,0.637160,0.682223,0.696742,0.731937,0.650283,0.687416,0.668862,0.689530
0.683764,0.609380,0.686637,0.730232,0.863986,0.776885,0.725645,0.712822,0.642501,0.689534
0.629468,0.770708,0.721458,0.728810,0.838278,0.740723,0.661121,0.757167,0.742597,0.650684
0.728729,0.702066,0.649937,0.680283,0.666525,0.591248,0.743492,0.636149,0.676129,0.646586
0.678962,0.689553,0.741584,0.602366,0.646153,0.722624,0.684719,0.679187,0.741373,0.647926
0.732185,0.686084,0.706365,0.760810,0.770190,0.754613,0.686599,0.669663,0.638449,0.617479
0.681351,0.687943,0.722258,0.724250,0.686054,0.632473,0.728784,0.690668,0.658060,0.685928
0.726885,0.695480,0.683857,0.712657,0.815852,0.582845,0.702915,0.702601,0.694143,0.708649
0.676297,0.671817,0.654654,0.659501,0.497734,0.627009,0.675504,0.688925,0.669157,0.704837
0.655524,0.675645,0.663046,0.691342,0.726857,0.692799,0.687036,0.673945,0.703081,0.684172
0.727562,0.709464,0.649876,0.753772,0.758451,0.721707,0.664729,0.689590,0.717312,0.685030
0.679583,0.721923,0.763781,0.762540,0.708779,0.707929,0.726770,0.677873,0.699068,0.691300
0.686904,0.683077,0.703234,0.678588,0.505432,0.714860,0.702020,0.722688,0.695507,0.683496
0.648049,0.732421,0.741624,0.660969,0.812310,0.771830,0.748540,0.705041,0.648862,0.681563
0.652117,0.648443,0.760051,0.740495,0.778645,0.640861,0.627661,0.703833,0.690080,0.675507
0.701759,0.760338,0.742670,0.634125,0.656792,0.745037,0.624710,0.715811,0.713136,0.616635
0.714730,0.643347,0.697822,0.768997,0.637825,0.654305,0.681923,0.672872,0.690310,0.633239
0.666661,0.701553,0.662199,0.597959,0.687061,0.684852,0.746673,0.649543,0.695624,0.719361
0.699409,0.667138,0.723973,0.581629,0.828649,0.806696,0.699477,0.707842,0.661837,0.707665
0.679449,0.739386,0.676617,0.771065,0.844768,0.642572,0.703746,0.683243,0.674870,0.686310
0.699767,0.720529,0.693465,0.747156,0.707648,0.778738,0.745700,0.594764,0.696969,0.721429
0.670045,0.742224,0.638953,0.600155,0.675012,0.564561,0.692014,0.643566,0.743832,0.698250
0.663308,0.678247,0.690565,0.695425,0.476156,0.615707,0.670876,0.657677,0.702127,0.710962
0.695484,0.646055,0.702726,0.669911,0.810703,0.606328,0.658061,0.726528,0.744574,0.678014
0.717701,0.692800,0.703394,0.614025,0.809376,0.755641,0.780419,0.618865,0.703045,0.698859
0.687899,0.678302,0.671150,0.530607,0.794569,0.606419,0.720015,0.708219,0.744809,0.682788
0.699129,0.667855,0.600499,0.673124,0.569575,0.703904,0.828691,0.620332,0.698680,0.763639
0.682500,0.686540,0.796314,0.707821,0.659375,0.700151,0.763795,0.690122,0.679263,0.694011
0.717280,0.733173,0.685677,0.718247,0.662432,0.526112,0.767044,0.701908,0.732835,0.647645
0.675192,0.676246,0.684831,0.745337,0.634553,0.760828,0.685264,0.738855,0.625264,0.722932
0.744058,0.737289,0.713200,0.691858,0.652178,0.791798,0.687793,0.652580,0.680647,0.662435
0.757326,0.708681,0.717729,0.658489,0.801122,0.719192,0.663180,0.733799,0.736404,0.690812
0.670830,0.693614,0.754837,0.662665,0.715121,0.725853,0.642499,0.692632,0.699083,0.692806
0.675171,0.698639,0.702854,0.679587,0.775995,0.637645,0.691762,0.697355,0.720186,0.650586
0.671577,0.685459,0.736661,0.705462,0.631323,0.728476,0.736646,0.649652,0.668197,0.696382
0.722866,0.720918,0.671307,0.717307,0.783817,0.657497,0.686590,0.685750,0.701962,0.721722
0.732079,0.658470,0.721249,0.702762,0.740191,0.650882,0.643758,0.702016,0.668691,0.713854
0.718406,0.644096,0.695197,0.595996,0.645077,0.766639,0.691032,0.728252,0.710102,0.682588
0.653846,0.733087,0.622140,0.770948,0.762630,0.720046,0.753800,0.720571,0.752774,0.661222
0.683871,0.662396,0.711868,0.670201,0.762255,0.709648,0.706044,0.709041,0.674623,0.696477
0.645441,0.666144,0.693081,0.655705,0.560577,0.753490,0.728673,0.695528,0.670103,0.713986
0.708351,0.714905,0.794053,0.714808,0.502704,0.713107,0.691527,0.738134,0.709286,0.619906
0.682705,0.643126,0.735070,0.699336,0.741166,0.610520,0.724006,0.713108,0.700064,0.706590
0.788758,0.687717,0.657370,0.596365,0.895477,0.702536,0.739917,0.619110,0.616809,0.684305
0.685330,0.711385,0.717214,0.730095,0.883132,0.763133,0.725302,0.696079,0.660121,0.706467
0.659231,0.696526,0.720112,0.763631,0.486203,0.682771,0.658945,0.728607,0.731731,0.697666
0.705961,0.572060,0.676363,0.628644,0.882853,0.596089,0.706123,0.730817,0.698224,0.687728
0.743319,0.689647,0.652243,0.766123,0.795863,0.596185,0.714566,0.671294,0.678581,0.689750
0.688473,0.663853,0.708840,0.674693,0.647067,0.670798,0.718805,0.651065,0.690171,0.733058
0.786925,0.663434,0.692020,0.525048,0.868940,0.701070,0.668852,0.756889,0.684691,0.716895
0.674943,0.710918,0.674264,0.712146,0.722683,0.735428,0.698781,0.692434,0.698663,0.719397
0.687363,0.694769,0.586714,0.678922,0.700809,0.722485,0.721128,0.755151,0.706318,0.650278
0.693661,0.699201,0.715950,0.827787,0.755465,0.610359,0.703898,0.658139,0.693883,0.683329
0.763491,0.723570,0.716466,0.813236,0.604971,0.714147,0.606881,0.737344,0.663419,0.692348
0.775768,0.677695,0.723723,0.728195,0.603765,0.767793,0.806415,0.654997,0.676501,0.769383
0.646011,0.658599,0.662466,0.816905,0.895447,0.493925,0.647414,0.612803,0.675003,0.683831
0.670376,0.628011,0.726594,0.736771,0.891508,0.714383,0.706930,0.717107,0.687917,0.684654
0.724232,0.642565,0.729755,0.674523,0.593134,0.752605,0.638684,0.637794,0.736410,0.668675
0.703866,0.729934,0.737230,0.710144,0.758729,0.705205,0.704730,0.700317,0.689976,0.677557
0.683849,0.690370,0.677415,0.689601,0.696371,0.705956,0.705639,0.692123,0.675653,0.662192
0.720815,0.741982,0.671593,0.790632,0.760771,0.617975,0.666071,0.721936,0.670823,0.721120
0.689554,0.713134,0.728214,0.653150,0.608008,0.730377,0.633124,0.732852,0.687968,0.720948
0.730735,0.647694,0.742584,0.756711,0.624358,0.736256,0.641935,0.699301,0.731189,0.637952
0.676972,0.693826,0.587914,0.680974,0.716019,0.645767,0.636602,0.687993,0.697828,0.681902
0.681407,0.683276,0.757392,0.648005,0.463362,0.751976,0.656379,0.655734,0.722532,0.727772
0.660078,0.672470,0.743268,0.708590,0.768805,0.732644,0.716480,0.670480,0.686027,0.711843
0.705309,0.725173,0.595692,0.685580,0.866614,0.673301,0.681158,0.638388,0.671851,0.684836
0.607799,0.679966,0.763480,0.780481,0.689462,0.762184,0.711073,0.698266,0.598655,0.678655
0.755631,0.652099,0.664258,0.750993,0.725586,0.819161,0.753879,0.651089,0.687573,0.677585
0.677851,0.686540,0.680897,0.705445,0.599710,0.763831,0.656835,0.708472,0.696993,0.697967
0.674705,0.735002,0.700910,0.696376,0.799874,0.673892,0.734297,0.702929,0.646949,0.658289
0.736794,0.709214,0.708613,0.818477,0.596139,0.711079,0.644049,0.602254,0.748197,0.663190
0.649292,0.699814,0.681051,0.718270,0.711076,0.786848,0.652523,0.653611,0.688524,0.709952
0.671282,0.720730,0.725709,0.652922,0.908078,0.755248,0.673596,0.653528,0.679952,0.695005
0.651235,0.667430,0.693369,0.643413,0.754270,0.522877,0.738824,0.760132,0.641601,0.655333
0.693570,0.700671,0.685734,0.735513,0.832457,0.502459,0.654750,0.721101,0.716330,0.665415
0.672432,0.725675,0.690353,0.721630,0.941528,0.815861,0.673112,0.696106,0.662446,0.718641
0.696105,0.690144,0.810185,0.485015,0.699024,0.761723,0.546529,0.744949,0.675866,0.574242
0.628730,0.641443,0.642112,0.750180,0.709787,0.624178,0.710762,0.688473,0.691407,0.721789
0.690325,0.688332,0.673541,0.698641,0.563201,0.677933,0.672269,0.714239,0.687441,0.719979
0.693563,0.700797,0.699199,0.661210,0.754466,0.693015,0.655163,0.725629,0.662571,0.684280
0.657885,0.710684,0.668023,0.697516,0.747301,0.814514,0.693799,0.708282,0.710338,0.743895
0.700989,0.695606,0.673765,0.664005,0.611026,0.693235,0.663611,0.726679,0.641207,0.653957
0.682112,0.694206,0.679030,0.718754,0.626782,0.699127,0.702425,0.688685,0.693650,0.662301
0.750171,0.715384,0.736345,0.685041,0.726119,0.812815,0.634447,0.660962,0.693842,0.692107
0.709764,0.652872,0.756368,0.749485,0.750945,0.594958,0.700214,0.701865,0.704165,0.664378
0.680497,0.663637,0.721674,0.739105,0.763003,0.599557,0.689058,0.693907,0.677299,0.702934
0.694261,0.682506,0.723085,0.701563,0.737533,0.769967,0.676906,0.708003,0.686087,0.687959
0.710689,0.656052,0.699643,0.718039,0.510886,0.652356,0.672850,0.673813,0.737460,0.697139
0.695199,0.715979,0.673455,0.626344,0.543006,0.609785,0.684445,0.703174,0.665121,0.711374
0.672726,0.695491,0.766919,0.663365,0.668724,0.730947,0.586344,0.659754,0.742448,0.687609
0.661228,0.691785,0.738601,0.742834,0.647090,0.765615,0.601022,0.723408,0.704075,0.670743
0.764510,0.577724,0.708394,0.797020,0.601750,0.550755,0.668320,0.622107,0.653640,0.653954
0.666189,0.637474,0.643525,0.651393,0.578239,0.724318,0.633803,0.698245,0.681485,0.715438
0.662080,0.667425,0.688074,0.715217,0.723271,0.537033,0.662801,0.703022,0.665296,0.691767
0.708928,0.709445,0.675771,0.693049,0.585138,0.861364,0.650566,0.751993,0.713344,0.695833
0.654565,0.706951,0.697906,0.659507,0.792401,0.671611,0.680476,0.707475,0.647596,0.694050
0.682445,0.684464,0.646199,0.806981,0.668661,0.838040,0.722824,0.831434,0.712243,0.659696
0.728774,0.703492,0.702899,0.738298,0.336686,0.744415,0.719924,0.628797,0.722784,0.679153
0.676612,0.709404,0.698496,0.728691,0.780664,0.614757,0.717712,0.752524,0.670310,0.695555
0.712525,0.708905,0.700458,0.743611,0.501916,0.749617,0.681627,0.778395,0.696177,0.664497
0.642215,0.702104,0.660484,0.735426,0.886670,0.723705,0.640086,0.631685,0.680696,0.704644
0.696625,0.687272,0.680347,0.684214,0.662327,0.712290,0.701742,0.687229,0.622687,0.722802
0.701829,0.649741,0.753018,0.649650,0.772259,0.686774,0.745271,0.705395,0.689777,0.684052
0.712908,0.792341,0.637326,0.685819,0.765812,0.696564,0.745762,0.699835,0.742094,0.689879
0.685582,0.674864,0.603224,0.704813,0.527923,0.643174,0.792143,0.620499,0.706364,0.712644
0.681067,0.661167,0.643501,0.648411,0.626114,0.771291,0.655765,0.681474,0.667839,0.697204
0.667948,0.704015,0.703505,0.628562,0.775844,0.752602,0.632725,0.592096,0.723822,0.679394
0.694490,0.699270,0.652209,0.754903,0.601545,0.682653,0.644939,0.707449,0.712271,0.702608
0.695156,0.686862,0.765652,0.721296,0.572749,0.757953,0.617247,0.664153,0.688143,0.695608
0.723403,0.718373,0.683220,0.709940,0.663653,0.827456,0.710753,0.680159,0.694964,0.698298
0.697819,0.699010,0.654477,0.787528,0.601375,0.697635,0.670333,0.701708,0.705437,0.695421
0.708036,0.701653,0.692752,0.737856,0.804276,0.663764,0.728943,0.723405,0.658563,0.675613
0.707141,0.696113,0.569375,0.765774,0.562501,0.801197,0.762778,0.764002,0.664043,0.639587
0.734941,0.681368,0.609311,0.710256,0.689887,0.723062,0.694148,0.719535,0.699087,0.693238
0.699910,0.642181,0.709079,0.714195,0.625338,0.691431,0.679161,0.694393,0.686647,0.702423
0.688612,0.710520,0.696969,0.705187,0.533142,0.684660,0.687142,0.691345,0.712181,0.698565
0.682046,0.678281,0.666159,0.751195,0.529656,0.695362,0.687978,0.705151,0.667631,0.715711
0.666492,0.664676,0.637976,0.647718,0.566215,0.799398,0.673729,0.651208,0.675751,0.704009
0.672544,0.660311,0.750751,0.741076,0.376544,0.633583,0.683932,0.698670,0.690313,0.694584
0.681331,0.579850,0.699648,0.739671,0.837717,0.652686,0.673691,0.713151,0.682251,0.703006
0.692919,0.669075,0.671899,0.725358,0.485763,0.709401,0.686655,0.677388,0.689688,0.667195
0.632059,0.693257,0.676223,0.614536,0.700243,0.712777,0.681009,0.722106,0.645461,0.686042
0.708605,0.751335,0.664152,0.705191,0.846136,0.692147,0.648609,0.695265,0.695403,0.671197
0.700962,0.709236,0.661478,0.728504,0.352661,0.683963,0.700398,0.747892,0.678628,0.667445
0.710670,0.697450,0.676140,0.644485,0.604051,0.702835,0.721319,0.717564,0.690134,0.644258
0.692945,0.677320,0.701784,0.622609,0.721163,0.722560,0.703935,0.696080,0.704847,0.733146
0.659971,0.718472,0.690196,0.642023,0.544545,0.650074,0.643897,0.738146,0.710827,0.715732
0.657892,0.727276,0.648697,0.670622,0.750416,0.696738,0.709511,0.676905,0.699718,0.681335
0.693043,0.665307,0.679196,0.741490,0.634056,0.573254,0.699826,0.678298,0.708349,0.693900
0.725628,0.646093,0.696098,0.632684,0.519337,0.750629,0.706036,0.730548,0.737378,0.670558
0.738879,0.731194,0.629549,0.737604,0.633813,0.783254,0.720580,0.706103,0.693916,0.703141
0.687398,0.696883,0.674512,0.764566,0.663965,0.718549,0.723423,0.726085,0.695090,0.676976
0.653867,0.643964,0.696350,0.789337,0.674417,0.558534,0.711828,0.667316,0.706163,0.717502
0.723380,0.767036,0.679479,0.684928,0.682497,0.545672,0.721529,0.683867,0.734893,0.666771
0.677150,0.687762,0.728590,0.635837,0.547090,0.703327,0.645765,0.704079,0.684251,0.679823
0.656679,0.699069,0.602556,0.676932,0.492462,0.629056,0.742054,0.724127,0.667190,0.652787
0.665989,0.696598,0.717472,0.737583,0.837580,0.743256,0.630431,0.715217,0.719923,0.697745
0.699843,0.693246,0.695735,0.747415,0.645158,0.725194,0.681432,0.727053,0.673350,0.698466
0.720316,0.651380,0.708194,0.663185,0.914704,0.778367,0.690555,0.703874,0.656014,0.715551
0.698018,0.733974,0.708136,0.653179,0.788811,0.540721,0.619674,0.727175,0.680839,0.688398
0.693599,0.696501,0.678157,0.708498,0.770768,0.684825,0.677449,0.694529,0.691423,0.690913
0.660682,0.725610,0.673396,0.661888,0.718555,0.787458,0.743842,0.709681,0.690297,0.682025
0.617501,0.641272,0.653869,0.677638,0.576782,0.592522,0.726922,0.688942,0.674102,0.659395
0.725823,0.717320,0.715378,0.673709,0.640959,0.713015,0.683901,0.672791,0.677346,0.723829
0.733803,0.599890,0.703090,0.661038,0.542103,0.703307,0.719704,0.671552,0.681619,0.735682
0.627777,0.643813,0.778623,0.730832,0.527100,0.718955,0.480157,0.694042,0.706243,0.674943
0.727021,0.603127,0.679000,0.755575,0.937253,0.768920,0.696804,0.710998,0.732525,0.702741
0.682089,0.704967,0.817079,0.743782,0.818552,0.752873,0.769615,0.693459,0.674702,0.700522
0.693210,0.759004,0.726774,0.619845,0.801079,0.651020,0.711599,0.702101,0.699170,0.694383
0.674024,0.682595,0.650379,0.731913,0.516809,0.682284,0.707681,0.710437,0.668251,0.695831
0.690781,0.704035,0.705639,0.748803,0.544610,0.757981,0.632556,0.683594,0.708362,0.736666
0.671081,0.695708,0.711405,0.591254,0.682109,0.734016,0.596137,0.714392,0.631920,0.709544
0.679535,0.660059,0.702571,0.665551,0.757143,0.602931,0.703769,0.715702,0.676504,0.695093
0.697792,0.727855,0.629311,0.785129,0.874508,0.593853,0.692994,0.617206,0.644769,0.666017
0.715192,0.665724,0.664956,0.774315,0.841588,0.836369,0.644827,0.694553,0.707482,0.689191
0.676354,0.676142,0.577337,0.630364,0.536068,0.675903,0.604107,0.710033,0.701339,0.680315
0.680683,0.634427,0.660542,0.691764,0.806344,0.607742,0.688160,0.736095,0.684897,0.708374
0.711712,0.669108,0.669197,0.736027,0.767804,0.575658,0.730406,0.695217,0.688873,0.697366
0.627333,0.698379,0.671077,0.806985,0.767584,0.640653,0.674052,0.706095,0.564758,0.687819
0.701536,0.728395,0.700908,0.723819,0.733688,0.536115,0.672879,0.680096,0.692205,0.696576
0.661600,0.625838,0.708240,0.692424,0.646296,0.733486,0.712541,0.718794,0.699934,0.690942
0.733170,0.678946,0.725790,0.636197,0.618129,0.699082,0.690866,0.654183,0.763527,0.672193
0.705644,0.680867,0.730433,0.709375,0.553057,0.666461,0.719978,0.674797,0.665392,0.695994
0.692000,0.705759,0.743036,0.731342,0.878035,0.740695,0.722117,0.709697,0.706739,0.739140
0.699440,0.698879,0.686168,0.686065,0.709571,0.571202,0.663695,0.629431,0.678437,0.682414
0.732378,0.660791,0.698217,0.577375,0.705871,0.834267,0.688728,0.660854,0.681571,0.675714
0.633463,0.665990,0.718607,0.583658,0.792448,0.558086,0.667842,0.726765,0.687113,0.726450
0.656163,0.714346,0.720550,0.670890,0.789099,0.625471,0.639751,0.719029,0.662029,0.698492
0.687373,0.646688,0.708249,0.704906,0.756680,0.600231,0.687093,0.693390,0.660817,0.694015
0.679354,0.718045,0.806294,0.720504,0.770570,0.736284,0.781992,0.678204,0.674915,0.674374
0.707858,0.696796,0.699712,0.735081,0.710946,0.695545,0.675085,0.671221,0.688807,0.669328
0.674246,0.639532,0.717196,0.692117,0.502411,0.716845,0.662034,0.581763,0.748169,0.703451
0.691205,0.670254,0.681387,0.653277,0.919958,0.756298,0.692001,0.647956,0.671808,0.686225
0.693091,0.722494,0.665239,0.696574,0.555689,0.672332,0.672979,0.712077,0.691924,0.666843
0.695058,0.639735,0.733279,0.698607,0.805745,0.704178,0.714804,0.711542,0.699975,0.702092
0.675075,0.692817,0.764954,0.714058,0.669172,0.701449,0.754976,0.693358,0.682809,0.688412
0.680720,0.700768,0.694123,0.681064,0.749417,0.745521,0.698382,0.684228,0.672345,0.715402
0.673435,0.706015,0.620317,0.772148,0.672787,0.756935,0.765432,0.688105,0.642374,0.648013
0.716825,0.638937,0.661190,0.771581,0.463364,0.691722,0.722872,0.691668,0.710416,0.677901
0.696514,0.700987,0.733847,0.690109,0.791801,0.489016,0.664561,0.719561,0.642364,0.704426
0.755977,0.677033,0.693286,0.705475,0.706452,0.607506,0.703418,0.682985,0.714866,0.681096
0.721741,0.712885,0.688990,0.725305,0.592843,0.627054,0.703879,0.686957,0.691444,0.693814
0.725841,0.647277,0.735642,0.774079,0.861577,0.795745,0.752416,0.671263,0.688485,0.694280
0.697026,0.584117,0.693151,0.679941,0.664966,0.765232,0.758648,0.753135,0.716622,0.669521
0.709075,0.692780,0.632362,0.688942,0.759949,0.735983,0.686794,0.722651,0.667000,0.723208
0.716227,0.716738,0.718268,0.653129,0.584795,0.525775,0.629357,0.653300,0.703130,0.710462
0.758659,0.692525,0.683774,0.615857,0.760862,0.600111,0.659875,0.697924,0.728751,0.746323
0.684524,0.694329,0.670186,0.698265,0.537841,0.697318,0.695223,0.682212,0.671826,0.694080
0.672169,0.697635,0.708338,0.698133,0.752562,0.735936,0.664084,0.700710,0.690486,0.668143
0.693303,0.700625,0.636123,0.708680,0.599023,0.731742,0.777633,0.678047,0.687402,0.759903
0.682940,0.724045,0.655089,0.641038,0.889389,0.727494,0.730446,0.707939,0.665591,0.654913
0.675245,0.730797,0.720055,0.702842,0.638992,0.668702,0.714419,0.679304,0.660716,0.702583
0.672174,0.732897,0.735696,0.658144,0.772891,0.597568,0.656301,0.778267,0.688716,0.707778
0.673070,0.676601,0.704220,0.679560,0.859086,0.662253,0.684409,0.694658,0.689817,0.664366
0.698869,0.667176,0.703870,0.775916,0.810577,0.637360,0.713633,0.710006,0.704554,0.692699
0.694828,0.628572,0.693586,0.704303,0.729916,0.698846,0.667916,0.684833,0.667600,0.693273
0.691737,0.834585,0.695666,0.665036,0.692569,0.670050,0.729009,0.743728,0.750017,0.658820
0.628173,0.685804,0.686203,0.689871,0.590477,0.647233,0.684219,0.695555,0.711299,0.753948
0.724839,0.795397,0.681349,0.701496,0.513456,0.747840,0.748097,0.719550,0.651399,0.723029
0.685907,0.631285,0.715397,0.624496,0.727185,0.624330,0.693487,0.685768,0.729902,0.701455
0.703086,0.702651,0.709314,0.673480,0.610881,0.723818,0.690654,0.672795,0.735313,0.681036
0.671012,0.684511,0.717579,0.738638,0.761734,0.607737,0.740136,0.705854,0.697244,0.697208
0.689042,0.701393,0.630643,0.698889,0.652219,0.739683,0.671497,0.684034,0.689221,0.687550
0.694136,0.664522,0.639273,0.687466,0.603925,0.677574,0.687789,0.698633,0.686678,0.677678
0.733075,0.666092,0.714711,0.564128,0.780856,0.654557,0.734932,0.743927,0.749590,0.771475
0.687616,0.689139,0.729671,0.787546,0.650660,0.664326,0.707949,0.658650,0.691337,0.688757
0.634489,0.702775,0.650959,0.624660,0.781208,0.792424,0.703018,0.718811,0.727096,0.702717
0.691095,0.669890,0.737815,0.681635,0.839479,0.702991,0.738945,0.719256,0.677032,0.689783
0.758766,0.731873,0.680739,0.626802,0.655502,0.616948,0.678131,0.767795,0.756846,0.632611
0.680619,0.693439,0.687287,0.771482,0.650513,0.628549,0.655458,0.703175,0.674789,0.690246
0.682015,0.706660,0.702284,0.614508,0.654116,0.666487,0.698941,0.734376,0.711834,0.696596
0.681123,0.692149,0.653203,0.657867,0.689098,0.692898,0.652165,0.700915,0.674920,0.726164
0.682373,0.727830,0.635780,0.579216,0.702676,0.736547,0.652791,0.700899,0.695984,0.691344
0.701869,0.692778,0.755968,0.760918,0.699476,0.651042,0.748155,0.646544,0.686378,0.690308
0.637837,0.653627,0.655255,0.658217,0.684718,0.725022,0.681396,0.727394,0.715348,0.678248
0.705537,0.681074,0.712957,0.586096,0.632377,0.726070,0.705585,0.657607,0.632088,0.648993
0.655041,0.684145,0.701647,0.690740,0.636210,0.670273,0.665488,0.638408,0.688256,0.698114
0.696605,0.745022,0.647770,0.761066,0.741979,0.653842,0.691932,0.671546,0.663599,0.680300
0.703784,0.692495,0.698957,0.724981,0.760426,0.555312,0.708388,0.695001,0.695082,0.670663
0.654543,0.827266,0.705914,0.720183,0.578474,0.770291,0.648311,0.662167,0.698048,0.742674
0.681464,0.718894,0.724718,0.711642,0.768258,0.571132,0.608951,0.726396,0.697502,0.769356
0.670237,0.688982,0.673750,0.613891,0.724253,0.616243,0.762321,0.650021,0.731053,0.652045
0.667878,0.709153,0.768326,0.695802,0.641404,0.631884,0.564247,0.693856,0.678725,0.659312
0.680528,0.599842,0.692209,0.774377,0.601386,0.594279,0.706459,0.665580,0.625629,0.712519
0.678214,0.696353,0.751976,0.749995,0.811657,0.727096,0.748425,0.705586,0.700390,0.701616
0.704975,0.654277,0.697113,0.694336,0.635090,0.573932,0.691034,0.698689,0.726624,0.736548
0.717796,0.730936,0.641143,0.676958,0.693233,0.719748,0.688963,0.682737,0.690077,0.710936
0.705943,0.629023,0.668521,0.818318,0.607946,0.732502,0.691903,0.632597,0.742221,0.717063
0.686264,0.729746,0.710967,0.745496,0.745064,0.562260,0.687552,0.696637,0.695144,0.708749
0.672785,0.692392,0.697433,0.554595,0.737656,0.755496,0.671838,0.734939,0.725884,0.736575
0.648702,0.684170,0.734793,0.735017,0.591261,0.666934,0.607316,0.713064,0.726400,0.679409
0.664382,0.729475,0.768247,0.679427,0.810012,0.733273,0.756715,0.749367,0.656359,0.706258
0.715419,0.711994,0.771785,0.602832,0.578663,0.727492,0.602082,0.699980,0.637742,0.711485
0.685548,0.708370,0.643105,0.686815,0.594631,0.702585,0.702209,0.681946,0.711532,0.710015
0.698309,0.713072,0.681297,0.735968,0.746604,0.657896,0.696625,0.672761,0.708474,0.698449
0.677976,0.608407,0.694829,0.724551,0.719435,0.588600,0.679081,0.736698,0.688295,0.649253
0.680357,0.706402,0.705679,0.637710,0.821386,0.573354,0.681780,0.720265,0.639560,0.690619
0.654190,0.671705,0.711536,0.704699,0.397912,0.682900,0.656910,0.770651,0.652195,0.691451
0.698533,0.639891,0.781836,0.705620,0.771934,0.799486,0.720656,0.689556,0.705671,0.731344
0.726213,0.652578,0.726510,0.623070,0.766944,0.714797,0.667821,0.722529,0.708794,0.624488
0.671380,0.698585,0.742865,0.668728,0.607374,0.586042,0.741216,0.646219,0.681728,0.735027
0.681487,0.681952,0.702957,0.636057,0.642096,0.802297,0.689659,0.690422,0.691207,0.663194
0.735742,0.678182,0.696230,0.619162,0.699797,0.673093,0.699558,0.723098,0.729343,0.674968
0.657868,0.674913,0.669751,0.752508,0.864074,0.566112,0.630554,0.654147,0.664406,0.697546
0.694388,0.720043,0.673406,0.647192,0.687380,0.671604,0.674296,0.703372,0.667054,0.676807
0.646097,0.665678,0.651310,0.648454,0.738375,0.582357,0.730175,0.712245,0.698675,0.738516
0.697604,0.715706,0.640445,0.675756,0.678480,0.717621,0.709322,0.668435,0.695678,0.707406
0.644181,0.693824,0.719318,0.752266,0.721974,0.783495,0.617815,0.669871,0.703136,0.665208
0.677804,0.715698,0.672181,0.641516,0.583268,0.725365,0.665368,0.662352,0.683806,0.683854
0.650099,0.668604,0.640339,0.659580,0.813204,0.849944,0.743277,0.709794,0.654827,0.647191
0.683070,0.679581,0.753957,0.762798,0.810340,0.808790,0.709246,0.708806,0.707080,0.697747
0.654577,0.725664,0.707478,0.665458,0.585832,0.731088,0.709082,0.612822,0.686523,0.688313
0.691849,0.706499,0.676102,0.665254,0.484246,0.650967,0.718824,0.675622,0.679770,0.700319
0.718263,0.620442,0.699948,0.708739,0.615200,0.658137,0.720370,0.740566,0.680861,0.713613
0.645366,0.640431,0.727748,0.625537,0.790735,0.700072,0.653888,0.691398,0.658434,0.719442
0.683020,0.709166,0.655999,0.694577,0.682759,0.703479,0.680012,0.694464,0.693329,0.684524
0.720086,0.651129,0.681423,0.827788,0.595991,0.668280,0.688717,0.684363,0.736597,0.649340
0.701486,0.650983,0.656902,0.646786,0.619971,0.656572,0.682546,0.731157,0.676840,0.760182
0.706523,0.705847,0.753717,0.555697,0.709772,0.646452,0.634359,0.638129,0.729543,0.700049
0.679971,0.669629,0.740283,0.684664,0.614680,0.660998,0.730204,0.721868,0.701571,0.664032
0.703424,0.715201,0.764791,0.746251,0.698302,0.567443,0.577776,0.669750,0.683893,0.702017
0.667808,0.717498,0.716259,0.684483,0.632985,0.667474,0.708187,0.709293,0.695733,0.695811
0.717540,0.647912,0.704616,0.681010,0.703170,0.723078,0.698260,0.660724,0.697776,0.634277
0.630081,0.725159,0.599176,0.689434,0.669943,0.549368,0.750501,0.666112,0.709075,0.708577
0.616783,0.671484,0.690932,0.700031,0.537452,0.582520,0.707272,0.691768,0.703744,0.687531
0.707540,0.730063,0.693144,0.723654,0.697150,0.617022,0.659522,0.731373,0.701086,0.697820
0.708772,0.733697,0.612217,0.640938,0.707602,0.645574,0.657467,0.687591,0.719090,0.686863
0.758951,0.730262,0.685269,0.706186,0.937086,0.819693,0.593174,0.694968,0.710977,0.715173
0.648238,0.700048,0.646398,0.667703,0.678337,0.807155,0.625196,0.678760,0.668310,0.706864
0.687341,0.672154,0.692009,0.759384,0.688525,0.656559,0.681318,0.670140,0.732093,0.698009
0.678170,0.689693,0.681138,0.718283,0.625486,0.582990,0.684513,0.629150,0.667309,0.707431
0.755165,0.717896,0.670576,0.709262,0.806844,0.598530,0.722186,0.647250,0.735743,0.659826
0.661051,0.665101,0.660056,0.711565,0.705846,0.646861,0.645347,0.673282,0.715952,0.700957
0.672414,0.651372,0.736208,0.740977,0.823635,0.535416,0.632229,0.743858,0.668601,0.705327
0.688208,0.701857,0.656302,0.605993,0.783341,0.750533,0.681130,0.662974,0.689018,0.661140
0.691318,0.654783,0.719144,0.648548,0.683438,0.786372,0.696704,0.734489,0.719621,0.686050
0.710397,0.737564,0.747035,0.705996,0.686444,0.661791,0.694977,0.623356,0.655067,0.652214
0.666844,0.682761,0.687101,0.707656,0.718058,0.651006,0.662272,0.683841,0.677400,0.679790
0.693914,0.683383,0.680545,0.708252,0.830464,0.749919,0.671288,0.717399,0.694902,0.703955
0.707539,0.651119,0.736965,0.691642,0.714398,0.653928,0.703736,0.749440,0.638902,0.668623
0.715712,0.643410,0.747738,0.693949,0.547677,0.513221,0.670869,0.684311,0.613346,0.689827
0.724649,0.659400,0.685216,0.644113,0.805862,0.568896,0.700477,0.741939,0.654064,0.725480
0.698990,0.650240,0.706749,0.688139,0.763020,0.545607,0.716707,0.680676,0.656352,0.720814
0.688714,0.665876,0.625092,0.734697,0.714808,0.631207,0.750102,0.672976,0.742009,0.657632
0.665017,0.687776,0.715273,0.642589,0.941049,0.769257,0.695774,0.711367,0.592578,0.734255
0.702727,0.647634,0.697852,0.800930,0.704957,0.571984,0.685987,0.648564,0.705631,0.676001
0.716179,0.743941,0.679611,0.701981,0.705148,0.712068,0.673905,0.677205,0.730316,0.706142
0.714721,0.609725,0.668855,0.653202,0.667137,0.717377,0.767264,0.724303,0.694200,0.716441
0.626831,0.724476,0.627647,0.699559,0.759848,0.616985,0.741191,0.725122,0.701412,0.721325
0.670348,0.698077,0.615894,0.694645,0.583329,0.752510,0.609008,0.701085,0.678409,0.692010
0.701314,0.688687,0.688623,0.723806,0.797106,0.655489,0.679146,0.711454,0.674747,0.714845
0.694826,0.685386,0.683961,0.691563,0.655160,0.679043,0.677421,0.677129,0.690786,0.692000
0.735089,0.640004,0.684224,0.689503,0.711144,0.668927,0.725448,0.731038,0.738078,0.728825
0.691579,0.690705,0.635318,0.695551,0.638394,0.730456,0.642270,0.686428,0.686418,0.685630
0.698710,0.636881,0.695827,0.689153,0.625017,0.625769,0.641273,0.661055,0.695239,0.697332
0.691040,0.671628,0.767568,0.700841,0.739954,0.692154,0.726205,0.723957,0.696527,0.702266
0.680425,0.725801,0.696072,0.761900,0.823901,0.705846,0.694716,0.692914,0.694457,0.711634
0.689880,0.721510,0.673085,0.741016,0.722708,0.601441,0.673975,0.679254,0.698474,0.675199
0.655036,0.693348,0.711259,0.670761,0.842979,0.519652,0.729827,0.714045,0.607861,0.697455
0.697108,0.670275,0.765095,0.716760,0.760534,0.725686,0.749359,0.694904,0.692091,0.689825
0.663638,0.637559,0.696322,0.678424,0.705440,0.760751,0.707318,0.670818,0.725399,0.679236
0.673990,0.754141,0.695736,0.710544,0.796278,0.585247,0.575762,0.659761,0.732025,0.747745
0.702978,0.695425,0.688091,0.695821,0.594075,0.796088,0.658020,0.671437,0.720905,0.722472
0.685502,0.697965,0.710352,0.660567,0.719322,0.554751,0.679029,0.709292,0.657119,0.678929
0.694937,0.648380,0.611846,0.739522,0.709215,0.788581,0.619062,0.675354,0.659996,0.675667
0.688865,0.681972,0.781426,0.674167,0.673829,0.673315,0.771545,0.660321,0.651496,0.681941
0.685405,0.743684,0.688966,0.672038,0.702444,0.735982,0.695246,0.687473,0.681386,0.685901
0.668979,0.726267,0.556880,0.682825,0.572325,0.642935,0.678435,0.655548,0.685872,0.697774
0.727267,0.676891,0.822933,0.632128,0.655504,0.696921,0.730919,0.655198,0.727055,0.764364
0.728692,0.684753,0.677460,0.717612,0.870825,0.616226,0.674614,0.683869,0.725537,0.706240
0.707802,0.724984,0.716171,0.663312,0.657165,0.660756,0.721725,0.693181,0.702325,0.694967
0.642578,0.685197,0.629029,0.741815,0.682977,0.692094,0.731270,0.685032,0.660300,0.700951
0.739541,0.750063,0.726321,0.723157,0.756857,0.861710,0.632387,0.671905,0.721052,0.734566
0.672621,0.705629,0.689192,0.715478,0.496361,0.692737,0.687277,0.715884,0.705435,0.684268
0.669936,0.697393,0.738023,0.687029,0.470614,0.626097,0.634109,0.702899,0.687992,0.715517
0.716662,0.644470,0.634119,0.573541,0.737199,0.770003,0.687540,0.694844,0.690618,0.704715
0.654657,0.748897,0.714090,0.714429,0.385566,0.615934,0.706003,0.708226,0.646592,0.704304
0.717946,0.649851,0.685734,0.605260,0.556875,0.773810,0.716750,0.738051,0.683183,0.696654
0.737094,0.680387,0.670030,0.716110,0.687250,0.737321,0.715590,0.686054,0.674573,0.658206
0.706130,0.700932,0.699814,0.742700,0.688077,0.625209,0.713872,0.712973,0.694030,0.685294
0.648567,0.680539,0.715954,0.687474,0.620228,0.631057,0.755876,0.663897,0.680840,0.670664
0.695498,0.669790,0.568739,0.697820,0.731171,0.697995,0.812873,0.783176,0.713532,0.610622
0.684172,0.610533,0.723853,0.689018,0.555752,0.704123,0.689234,0.670930,0.687078,0.665068
0.683614,0.704287,0.667280,0.758893,0.930403,0.800481,0.702770,0.703410,0.683759,0.690667
0.689801,0.669176,0.686836,0.639090,0.875086,0.635321,0.722530,0.736911,0.655108,0.693322
0.696130,0.736924,0.736631,0.696635,0.565535,0.712706,0.723607,0.718803,0.729588,0.689873
0.713433,0.638984,0.775652,0.689567,0.648596,0.608276,0.659547,0.675328,0.683267,0.711163
0.686626,0.672969,0.779279,0.777084,0.809340,0.605363,0.750792,0.701791,0.685671,0.691107
0.718611,0.677249,0.764054,0.716224,0.659128,0.691479,0.727091,0.684271,0.717046,0.689854
0.691242,0.698471,0.713884,0.789463,0.594878,0.718512,0.659454,0.710400,0.708591,0.706169
0.712372,0.673575,0.620502,0.741320,0.503791,0.662888,0.688473,0.731642,0.709770,0.700684
0.682104,0.656514,0.724938,0.666146,0.684591,0.648804,0.727707,0.718782,0.661089,0.655786
0.732312,0.647710,0.722759,0.682761,0.531267,0.724930,0.680807,0.646244,0.728996,0.755453
0.639804,0.748841,0.726013,0.696137,0.514739,0.794837,0.650516,0.703523,0.671998,0.720882
0.686394,0.700861,0.724640,0.682408,0.388747,0.594596,0.690352,0.704169,0.683602,0.698346
0.701152,0.703635,0.699411,0.742969,0.645111,0.671105,0.673002,0.696109,0.716645,0.677628
0.690089,0.721137,0.691706,0.726621,0.593254,0.752615,0.635193,0.739290,0.665265,0.703944
0.735874,0.690340,0.722073,0.660776,0.659218,0.769418,0.733341,0.710550,0.637137,0.720948
0.698637,0.764136,0.647160,0.816139,0.599154,0.698684,0.759152,0.695179,0.733789,0.677322
0.640968,0.723943,0.654449,0.687399,0.738695,0.660974,0.688723,0.712959,0.675893,0.687836
0.618756,0.687915,0.725141,0.696044,0.442115,0.647070,0.676017,0.698022,0.701206,0.755368
0.700609,0.661410,0.667253,0.761024,0.560243,0.713710,0.686005,0.771644,0.752065,0.703785
0.710584,0.674581,0.726243,0.618597,0.604298,0.797239,0.709096,0.676817,0.652463,0.675648
0.670108,0.687836,0.717853,0.716614,0.496693,0.671648,0.695401,0.695540,0.661429,0.702178
0.690092,0.710891,0.698704,0.673660,0.737746,0.596081,0.730224,0.705604,0.683116,0.701445
0.716569,0.713948,0.713429,0.669045,0.816606,0.693043,0.673093,0.673488,0.769465,0.672893
0.658161,0.646286,0.709590,0.675766,0.342081,0.571167,0.713021,0.703925,0.649738,0.686813
0.697272,0.704612,0.645822,0.670712,0.518950,0.633634,0.765433,0.701815,0.678704,0.684910
0.726521,0.730261,0.697800,0.692020,0.648902,0.720925,0.662255,0.685963,0.663635,0.715403
0.674354,0.693490,0.718711,0.712785,0.769320,0.715706,0.683910,0.680576,0.684856,0.673924
0.629587,0.682501,0.694279,0.744970,0.665067,0.594181,0.674783,0.719044,0.714570,0.686128
0.705180,0.703766,0.693367,0.645025,0.704491,0.712921,0.629272,0.685269,0.658042,0.675462
0.695529,0.730371,0.720313,0.592149,0.616216,0.599698,0.689649,0.685656,0.652537,0.683217
0.709602,0.684782,0.657500,0.690702,0.800662,0.584984,0.708187,0.681054,0.706044,0.696962
0.673015,0.653125,0.721310,0.686409,0.530409,0.644952,0.704160,0.685655,0.734319,0.791208
0.699343,0.738116,0.722917,0.675442,0.433238,0.775105,0.653270,0.782209,0.684624,0.697490
0.673802,0.692221,0.712250,0.697005,0.795563,0.599506,0.727756,0.740629,0.719798,0.700393
0.703423,0.697600,0.675293,0.685353,0.836179,0.622505,0.665764,0.695168,0.711826,0.694313
0.691049,0.682832,0.792949,0.666702,0.712193,0.654360,0.731700,0.697171,0.687510,0.681910
0.665771,0.708288,0.719114,0.725406,0.782735,0.630754,0.717970,0.702965,0.680333,0.671891
0.710391,0.748614,0.675895,0.715878,0.553030,0.719900,0.604370,0.783551,0.724226,0.643968
0.679901,0.675694,0.689303,0.757789,0.877542,0.789849,0.695745,0.704103,0.693190,0.724200
0.683520,0.676994,0.639381,0.606198,0.573397,0.722225,0.715070,0.700846,0.683380,0.709887
0.706085,0.672573,0.672350,0.760921,0.644223,0.728603,0.590203,0.663305,0.707134,0.721526
0.725724,0.691068,0.744012,0.732190,0.868970,0.653721,0.626425,0.729012,0.679371,0.718882
0.695102,0.733086,0.627694,0.742222,0.648838,0.794450,0.659662,0.726558,0.680347,0.729459
0.709743,0.687148,0.640170,0.603404,0.756335,0.511883,0.727518,0.616911,0.723587,0.707545
0.710395,0.693963,0.636021,0.715594,0.612624,0.714231,0.747526,0.691465,0.706957,0.696601
0.698527,0.668791,0.660537,0.731425,0.416670,0.668216,0.652053,0.654412,0.706272,0.672222
0.695709,0.700145,0.629067,0.733112,0.765654,0.662409,0.653677,0.706912,0.700501,0.679609
0.697156,0.665541,0.714069,0.697424,0.784119,0.545448,0.649871,0.683257,0.691072,0.716325
0.663020,0.743245,0.669283,0.728293,0.682763,0.703252,0.636478,0.621234,0.680899,0.671777
0.683736,0.709279,0.667647,0.627316,0.735637,0.711431,0.712556,0.698734,0.650108,0.652303
0.694065,0.686779,0.668100,0.646013,0.564056,0.822850,0.716231,0.672555,0.677910,0.679334
0.706553,0.744011,0.716651,0.681320,0.735721,0.601248,0.691720,0.704390,0.717628,0.699023
0.707022,0.714340,0.675224,0.721933,0.723022,0.545158,0.739236,0.688916,0.706941,0.667919
0.712323,0.759313,0.728389,0.649340,0.712731,0.706235,0.702913,0.706936,0.683863,0.686190
0.691869,0.672358,0.652651,0.671324,0.634166,0.701492,0.706670,0.678130,0.658278,0.681845
0.698491,0.712622,0.680930,0.671551,0.470438,0.652287,0.690858,0.708542,0.678798,0.704438
0.667975,0.705031,0.653361,0.661604,0.624477,0.631971,0.749717,0.654266,0.723608,0.709515
0.673600,0.677016,0.740645,0.696988,0.728712,0.676928,0.759786,0.669730,0.674360,0.670072
0.700668,0.783135,0.697976,0.696749,0.657483,0.782711,0.707758,0.697311,0.678958,0.699848
0.685295,0.703250,0.702707,0.643339,0.874612,0.686276,0.662449,0.724531,0.635470,0.727864
0.721194,0.810848,0.713509,0.756264,0.713518,0.717878,0.698440,0.646520,0.725550,0.697102
0.609388,0.573960,0.701687,0.723117,0.635230,0.711588,0.704224,0.679886,0.725135,0.684979
0.668778,0.727278,0.712320,0.682367,0.567626,0.720731,0.700420,0.702461,0.663177,0.691493
0.673429,0.640814,0.721566,0.636069,0.844618,0.634917,0.715403,0.757803,0.702589,0.707473
0.683970,0.728138,0.682355,0.614062,0.654881,0.550491,0.743879,0.748669,0.728740,0.707259
0.685910,0.704555,0.666439,0.656123,0.548503,0.683164,0.689726,0.704899,0.655010,0.679787
0.654096,0.735501,0.691729,0.706228,0.774750,0.489639,0.642148,0.765143,0.681416,0.727585
0.682686,0.632684,0.741381,0.743954,0.693508,0.650881,0.684262,0.692670,0.676732,0.734852
0.755486,0.701365,0.682543,0.698170,0.831044,0.602638,0.702025,0.655316,0.722796,0.655771
0.669363,0.703929,0.680650,0.729283,0.590296,0.735249,0.694702,0.775627,0.742105,0.641196
0.725293,0.661154,0.715485,0.618545,0.796284,0.695164,0.714986,0.702535,0.771592,0.708705
0.727656,0.706271,0.713918,0.699487,0.699695,0.611302,0.748787,0.725549,0.622666,0.676848
0.707483,0.620090,0.652731,0.684143,0.815456,0.660319,0.718124,0.749929,0.687757,0.684000
0.720961,0.719187,0.703961,0.637017,0.746892,0.558540,0.641820,0.736234,0.655681,0.678892
0.678747,0.693413,0.731100,0.710617,0.826441,0.726453,0.700710,0.724338,0.683766,0.699735
0.680803,0.686783,0.662034,0.671137,0.716666,0.697599,0.671569,0.693125,0.670887,0.689023
0.672147,0.641966,0.718269,0.640113,0.699356,0.576319,0.706050,0.674386,0.692305,0.644289
0.687585,0.754697,0.633182,0.592151,0.791312,0.717642,0.788454,0.663372,0.629672,0.629344
0.744205,0.655956,0.657144,0.647232,0.660432,0.674619,0.685704,0.618076,0.685771,0.749991
0.717982,0.634626,0.708082,0.724826,0.878565,0.711141,0.709606,0.710680,0.755653,0.701178
0.680444,0.665901,0.748293,0.745937,0.750554,0.753093,0.743138,0.692915,0.671964,0.691466
0.721503,0.700601,0.704516,0.715811,0.738756,0.665662,0.646643,0.744125,0.704670,0.735710
0.698783,0.713676,0.687841,0.735380,0.402115,0.694967,0.661720,0.819348,0.710612,0.699639
0.681295,0.738555,0.704121,0.694447,0.674837,0.659095,0.672532,0.688559,0.711567,0.657744
0.765002,0.668777,0.668873,0.691183,0.675145,0.794830,0.752411,0.695922,0.603488,0.684490
0.722589,0.665264,0.672586,0.746917,0.660156,0.635814,0.738086,0.598447,0.733092,0.678372
0.695169,0.708744,0.726090,0.652619,0.596456,0.715360,0.678753,0.704879,0.712479,0.708686
0.639879,0.685990,0.721165,0.649019,0.603756,0.816284,0.707856,0.554541,0.669908,0.769906
0.761778,0.673686,0.654437,0.693239,0.698747,0.622136,0.679782,0.610740,0.588854,0.727903
0.713872,0.658779,0.668238,0.712050,0.983696,0.793932,0.693122,0.739960,0.684065,0.701323
0.707578,0.626218,0.655664,0.886233,0.733703,0.670830,0.693647,0.697195,0.661217,0.684269
0.689618,0.711477,0.665656,0.791436,0.859573,0.607823,0.692969,0.714861,0.690554,0.682401
0.657536,0.726784,0.699575,0.633965,0.753792,0.645114,0.701913,0.747313,0.754958,0.654934
0.712681,0.743933,0.690601,0.581064,0.726461,0.738591,0.719745,0.748610,0.658980,0.695769
0.693964,0.622224,0.655141,0.625057,0.655937,0.678387,0.738680,0.693349,0.726268,0.718381
0.707378,0.763915,0.638187,0.821581,0.818917,0.683863,0.699642,0.741171,0.653876,0.654272
0.689368,0.697038,0.660111,0.699465,0.585581,0.675481,0.681588,0.697988,0.680588,0.698362
0.674052,0.709609,0.693318,0.695637,0.672919,0.626008,0.760817,0.690213,0.686872,0.690661
0.601629,0.712575,0.660145,0.746146,0.725676,0.719836,0.617276,0.661256,0.651811,0.719379
0.744754,0.725095,0.716237,0.728040,0.447283,0.745873,0.656407,0.696623,0.665884,0.731621
0.707508,0.770501,0.760212,0.815227,0.682092,0.689058,0.692551,0.561925,0.713640,0.705364
0.622791,0.695098,0.682756,0.668873,0.645766,0.752320,0.652455,0.700609,0.702347,0.651268
0.659557,0.679629,0.683686,0.669380,0.651877,0.605148,0.746959,0.682338,0.700826,0.691962
0.692034,0.676664,0.660183,0.655026,0.691087,0.736816,0.683919,0.687145,0.711033,0.677000
0.614563,0.695049,0.781933,0.604651,0.658616,0.548551,0.706526,0.701010,0.680955,0.674796
0.729036,0.682146,0.747262,0.608967,0.827722,0.653049,0.680374,0.692593,0.669831,0.727548
0.674904,0.700001,0.737406,0.723356,0.582987,0.714556,0.607277,0.670595,0.713877,0.672219
0.651894,0.709258,0.711217,0.661149,0.610689,0.733198,0.645938,0.701716,0.714688,0.655749
0.700232,0.674053,0.673689,0.693856,0.772133,0.670469,0.687827,0.634794,0.657387,0.720916
0.709928,0.653268,0.648259,0.692538,0.770946,0.716342,0.703477,0.719797,0.679123,0.655788
0.684555,0.640457,0.699834,0.607699,0.781363,0.695637,0.733538,0.713586,0.696362,0.647000
0.699912,0.722001,0.624425,0.713314,0.657831,0.697168,0.643947,0.699974,0.679437,0.686613
0.660714,0.698131,0.687874,0.709572,0.685518,0.694516,0.643613,0.723331,0.650842,0.728723
0.706446,0.607299,0.703100,0.605708,0.817279,0.638512,0.717003,0.779261,0.739430,0.712856
0.701586,0.660317,0.624344,0.717086,0.704946,0.780402,0.618503,0.697012,0.697358,0.684912
0.699131,0.688445,0.703634,0.653155,0.605749,0.703140,0.726240,0.671063,0.724775,0.718681
0.707712,0.701176,0.716365,0.751622,0.628868,0.656027,0.717162,0.649433,0.715329,0.692573
0.737642,0.641308,0.711770,0.597789,0.531654,0.825632,0.725282,0.766848,0.734906,0.694714
0.632822,0.655859,0.715636,0.610628,0.718814,0.571757,0.683264,0.759398,0.675196,0.658789
0.688653,0.651353,0.679896,0.715914,0.557571,0.741799,0.726947,0.648512,0.730285,0.675249
0.693671,0.648877,0.732210,0.618147,0.534186,0.811086,0.696907,0.743185,0.711101,0.685509
0.681136,0.655041,0.649796,0.654976,0.563450,0.655597,0.667466,0.681667,0.657381,0.692789
0.683503,0.674809,0.702453,0.754562,0.535235,0.779065,0.719618,0.675498,0.675784,0.678201
0.679379,0.662113,0.645375,0.771107,0.705408,0.643205,0.696008,0.768280,0.708130,0.646678
0.708668,0.676690,0.661905,0.758443,0.683403,0.606226,0.695467,0.648082,0.715459,0.695325
0.710762,0.693239,0.691489,0.731978,0.644357,0.697058,0.695847,0.680289,0.684758,0.668168
0.680503,0.680713,0.684649,0.711653,0.710510,0.618261,0.706969,0.755965,0.746112,0.738467
0.675805,0.702626,0.659034,0.703926,0.727172,0.721588,0.654326,0.670670,0.687068,0.715843
0.696254,0.705251,0.645299,0.751617,0.610981,0.660803,0.710674,0.718188,0.678290,0.670227
0.683595,0.692698,0.711432,0.748825,0.737839,0.578309,0.697580,0.680840,0.696553,0.683965
0.685783,0.712412,0.601399,0.646461,0.622841,0.668303,0.685599,0.675411,0.669229,0.693512
0.665076,0.733696,0.670328,0.622506,0.349357,0.660984,0.666159,0.690498,0.659733,0.688175
0.665991,0.701273,0.636766,0.710936,0.594064,0.720580,0.666322,0.647119,0.676246,0.704020
0.646092,0.690408,0.761747,0.696981,0.535761,0.747714,0.622614,0.764602,0.683561,0.668716
0.689109,0.672001,0.691539,0.706288,0.643293,0.505592,0.710134,0.690377,0.720606,0.661023
0.715450,0.740785,0.724958,0.658745,0.753451,0.582869,0.632000,0.703887,0.700862,0.701212
0.654460,0.694081,0.688896,0.683095,0.822522,0.749415,0.713096,0.645150,0.684701,0.666098
0.711581,0.661360,0.656254,0.698002,0.704931,0.761938,0.669256,0.701162,0.700443,0.681484
0.647784,0.586850,0.704347,0.625029,0.936324,0.680554,0.669006,0.738595,0.676833,0.688088
0.639147,0.669333,0.636630,0.741327,0.474493,0.686018,0.602893,0.732046,0.683637,0.686006
0.734031,0.701370,0.646156,0.769765,0.600493,0.743446,0.757365,0.612574,0.703286,0.684439
0.713879,0.693126,0.716839,0.625285,0.857360,0.738119,0.635270,0.791881,0.723207,0.670680
0.694770,0.706808,0.684155,0.736036,0.876950,0.717710,0.716948,0.665191,0.665302,0.716911
0.752925,0.677092,0.616221,0.820213,0.906615,0.611970,0.736805,0.654386,0.695074,0.710431
0.705144,0.707627,0.716445,0.612173,0.771935,0.678440,0.598489,0.650124,0.662526,0.684711
0.677409,0.705097,0.664951,0.676449,0.629106,0.752862,0.673183,0.703722,0.688186,0.687172
0.691386,0.717219,0.742408,0.674972,0.523447,0.643584,0.767944,0.697695,0.672681,0.714322
0.665676,0.694038,0.694876,0.694292,0.700660,0.756910,0.672252,0.698972,0.689635,0.711735
0.680018,0.730854,0.649266,0.616250,0.532951,0.688033,0.698843,0.661458,0.644033,0.699185
0.700141,0.683246,0.639074,0.654463,0.632989,0.647230,0.641494,0.695617,0.704658,0.702578
0.713528,0.685037,0.678910,0.744473,0.848201,0.746736,0.731235,0.693349,0.663054,0.677005
0.695876,0.707952,0.632674,0.686367,0.708774,0.663340,0.697398,0.681104,0.714666,0.674019
0.716543,0.766770,0.737990,0.790587,0.751274,0.725234,0.707592,0.661485,0.668233,0.676399
0.737769,0.663294,0.711577,0.593418,0.582582,0.709601,0.609836,0.722442,0.664648,0.696237
0.645995,0.663485,0.735403,0.655906,0.727444,0.692938,0.690049,0.686220,0.687116,0.721893
0.690545,0.704617,0.723060,0.701797,0.640668,0.681349,0.638747,0.686921,0.711211,0.684960
0.715386,0.599078,0.719546,0.743573,0.829448,0.496253,0.707873,0.697332,0.711640,0.658418
0.624092,0.708913,0.680117,0.813964,0.584922,0.731964,0.694993,0.672027,0.745278,0.665870
0.666617,0.658559,0.744023,0.759574,0.721421,0.625524,0.719451,0.688255,0.689929,0.690454
0.696215,0.692472,0.632259,0.661052,0.786677,0.763405,0.647441,0.687282,0.671555,0.690049
0.685286,0.711358,0.628764,0.690506,0.666359,0.698501,0.658952,0.683410,0.683089,0.699471
0.729502,0.727460,0.645029,0.699060,0.922010,0.812266,0.672625,0.702440,0.725609,0.672929
0.703949,0.682678,0.750023,0.697373,0.658029,0.615062,0.641980,0.712134,0.693218,0.733936
0.722190,0.675353,0.701105,0.772242,0.776235,0.635250,0.655761,0.676817,0.737146,0.646495
0.776404,0.755651,0.677990,0.735075,0.427954,0.752064,0.766765,0.695540,0.699429,0.721662
0.717707,0.709237,0.681658,0.730190,0.606642,0.537306,0.718273,0.701846,0.721287,0.705648
0.675748,0.727318,0.677517,0.707021,0.522565,0.706168,0.732631,0.632223,0.705431,0.663679
0.707426,0.658492,0.738156,0.735771,0.592734,0.690803,0.702636,0.717926,0.658886,0.666438
0.688839,0.678269,0.718262,0.705126,0.501381,0.655799,0.668595,0.685289,0.699601,0.750364
0.693331,0.684843,0.624647,0.697635,0.593769,0.607361,0.664679,0.707339,0.653296,0.707160
0.674734,0.639506,0.730803,0.757108,0.816864,0.555953,0.655944,0.701948,0.676257,0.683209
0.732383,0.714112,0.613421,0.677561,0.746989,0.773544,0.773429,0.737695,0.667764,0.747937
0.694732,0.675932,0.688009,0.741032,0.788485,0.491360,0.694973,0.708476,0.704191,0.686917
0.721754,0.714522,0.722940,0.709884,0.837391,0.807834,0.676083,0.661471,0.645900,0.669887
0.716882,0.730792,0.733162,0.775921,0.668163,0.658965,0.746104,0.686830,0.722135,0.666093
0.683246,0.769478,0.711877,0.691385,0.769122,0.568114,0.648821,0.723253,0.734439,0.728617
0.669361,0.701364,0.713644,0.698181,0.848434,0.768117,0.678577,0.704834,0.652922,0.707069
0.732694,0.700781,0.690027,0.681816,0.537628,0.680601,0.730912,0.687667,0.691281,0.638144
0.690405,0.648518,0.724183,0.675952,0.420585,0.619192,0.738295,0.672651,0.692364,0.721340
0.701843,0.673249,0.730206,0.688919,0.764839,0.751344,0.742973,0.669756,0.653317,0.716199
0.697971,0.726778,0.767122,0.719830,0.700650,0.672089,0.732998,0.692419,0.689304,0.689345
0.667258,0.758269,0.675719,0.780992,0.856511,0.576688,0.638531,0.680139,0.636868,0.715647
0.667361,0.682478,0.716703,0.721625,0.703805,0.639491,0.724136,0.673947,0.678802,0.681806
0.671549,0.763713,0.745823,0.706340,0.708937,0.651120,0.714971,0.715290,0.689228,0.689382
0.682319,0.721906,0.753063,0.815454,0.771080,0.711046,0.699312,0.611916,0.691015,0.685128
0.690704,0.689721,0.690782,0.720885,0.840069,0.756646,0.699924,0.713442,0.670417,0.692286
0.753104,0.641239,0.668956,0.531539,0.812997,0.620239,0.694502,0.689335,0.649013,0.733922
0.712730,0.730812,0.663756,0.711179,0.736722,0.728129,0.723504,0.636441,0.672295,0.708710
0.697221,0.702802,0.683328,0.719972,0.856991,0.668591,0.723970,0.695747,0.657355,0.676452
0.695515,0.681902,0.668043,0.702571,0.597199,0.691509,0.640720,0.681627,0.717043,0.679896
0.706383,0.631724,0.718776,0.660760,0.584741,0.728040,0.697916,0.720808,0.742966,0.723950
0.710692,0.651841,0.707366,0.764639,0.334402,0.640074,0.666713,0.656455,0.718837,0.711684
0.687748,0.680753,0.643042,0.744321,0.766553,0.694988,0.644251,0.684631,0.663840,0.689955
0.714186,0.710333,0.692238,0.721047,0.712767,0.596504,0.678483,0.684815,0.703923,0.665658
0.701755,0.654436,0.704574,0.684784,0.725993,0.689233,0.718627,0.732096,0.724680,0.703334
0.701506,0.666438,0.661743,0.680963,0.860965,0.630021,0.640074,0.716483,0.665847,0.677539
0.627116,0.678216,0.693424,0.623599,0.902337,0.740012,0.714852,0.698020,0.770617,0.672316
0.690947,0.671477,0.686009,0.625756,0.935987,0.762456,0.710014,0.689078,0.673676,0.710174
0.725559,0.737163,0.675386,0.751876,0.519800,0.826155,0.732978,0.707110,0.642577,0.687582
0.680560,0.699159,0.692940,0.770642,0.817692,0.712977,0.693013,0.656962,0.640451,0.705147
0.674351,0.602170,0.728610,0.740225,0.756432,0.614253,0.632762,0.703984,0.754645,0.710382
0.688428,0.686310,0.777986,0.712512,0.771680,0.759668,0.738276,0.709178,0.667316,0.703685
0.689999,0.732565,0.643968,0.687561,0.773412,0.566687,0.718223,0.712940,0.719989,0.750771
0.698232,0.663881,0.644056,0.706249,0.559452,0.735821,0.730626,0.671230,0.617724,0.690634
0.717905,0.687175,0.691819,0.612043,0.776281,0.626831,0.664727,0.725140,0.712362,0.682776
0.746323,0.697667,0.739845,0.771802,0.534541,0.562465,0.724999,0.717257,0.668483,0.659515
0.693175,0.566438,0.693906,0.667548,0.696364,0.696368,0.699967,0.649003,0.724391,0.647242
0.734701,0.720090,0.690132,0.736410,0.719025,0.660271,0.717752,0.734075,0.688805,0.677944
0.666731,0.684685,0.643270,0.687162,0.741191,0.670521,0.655544,0.672965,0.669033,0.708667
0.652188,0.776570,0.702485,0.715763,0.659222,0.699044,0.644285,0.711146,0.762261,0.716573
0.729103,0.659158,0.722145,0.715168,0.756227,0.670516,0.662824,0.706023,0.642273,0.662131
0.707976,0.664023,0.696582,0.744063,0.812229,0.706577,0.657276,0.679446,0.725696,0.677924
0.738786,0.728710,0.625192,0.753457,0.496667,0.779472,0.786230,0.715780,0.668586,0.716061
0.681518,0.727426,0.726886,0.714731,0.619783,0.573975,0.705300,0.638299,0.706807,0.685226
0.698791,0.701527,0.693271,0.648346,0.594767,0.718342,0.666563,0.677572,0.698305,0.707321
0.673189,0.705292,0.708979,0.719685,0.786542,0.712948,0.694924,0.704034,0.691260,0.673721
0.690917,0.726775,0.694630,0.684921,0.530593,0.714097,0.656410,0.680241,0.721123,0.783478
0.757349,0.737531,0.667313,0.666865,0.872292,0.819824,0.699205,0.740346,0.682462,0.674936
0.672611,0.693250,0.741914,0.540889,0.845642,0.658332,0.572012,0.665660,0.692194,0.642860
0.708525,0.722076,0.704209,0.680563,0.801899,0.934315,0.675438,0.609618,0.680837,0.643382
0.696248,0.691463,0.677170,0.703012,0.635588,0.707052,0.661121,0.663245,0.689533,0.729798
0.695785,0.702333,0.688978,0.695118,0.657380,0.694160,0.659500,0.723892,0.706351,0.708857
0.695654,0.663234,0.699675,0.668478,0.627689,0.762339,0.670010,0.669641,0.686643,0.683360
0.674574,0.710661,0.661552,0.604571,0.784377,0.537781,0.704857,0.663178,0.729394,0.691711
0.661702,0.668492,0.756700,0.668275,0.751303,0.711640,0.744811,0.734881,0.660839,0.699968
0.744737,0.660370,0.689439,0.667361,0.725710,0.617818,0.614492,0.676679,0.674482,0.713094
0.691894,0.681707,0.759734,0.657482,0.724915,0.619663,0.592400,0.627677,0.656376,0.666874
0.658800,0.766893,0.637840,0.641527,0.635475,0.468771,0.717024,0.716156,0.657665,0.667999
0.689918,0.672643,0.646697,0.720540,0.468057,0.670124,0.754786,0.699204,0.725323,0.682877
0.693929,0.643519,0.691031,0.702723,0.626050,0.697431,0.714512,0.735037,0.683294,0.664504
0.714737,0.630098,0.645185,0.746719,0.694578,0.714586,0.646980,0.688914,0.734815,0.701416
0.698861,0.669761,0.645595,0.642316,0.748141,0.569955,0.598910,0.682068,0.673234,0.670559
0.675047,0.595269,0.745823,0.733404,0.861190,0.582530,0.632385,0.701977,0.699064,0.700270
0.719797,0.714898,0.662621,0.694534,0.504701,0.707835,0.727899,0.662410,0.679274,0.728120
0.677777,0.640285,0.664144,0.625284,0.702290,0.546077,0.711851,0.745375,0.663862,0.668083
0.685237,0.661556,0.646170,0.626717,0.565836,0.704584,0.676451,0.709100,0.695171,0.679966
0.683059,0.688782,0.665431,0.641174,0.643721,0.692742,0.660696,0.695825,0.648425,0.684213
0.702261,0.710576,0.699605,0.678957,0.673427,0.628607,0.673485,0.686853,0.692855,0.680108
0.662226,0.753487,0.729427,0.739222,0.718940,0.638818,0.712886,0.679222,0.669118,0.690246
0.695046,0.712930,0.751153,0.713212,0.696236,0.631697,0.671388,0.678942,0.737511,0.707299
0.667086,0.685872,0.731743,0.637830,0.570479,0.669296,0.711442,0.680414,0.651524,0.692545
0.773223,0.692109,0.706921,0.678962,0.558491,0.785492,0.684131,0.728579,0.641579,0.754653
0.643927,0.656212,0.734206,0.638156,0.705753,0.779372,0.667139,0.734807,0.721520,0.646422
0.679512,0.674552,0.701494,0.702354,0.738794,0.702798,0.683730,0.683186,0.711639,0.692029
0.653836,0.684063,0.707455,0.656112,0.586420,0.777143,0.635071,0.670426,0.743366,0.726310
0.693542,0.661916,0.676359,0.701519,0.722532,0.577740,0.695759,0.679316,0.745123,0.712623
0.688463,0.677231,0.765963,0.694301,0.598800,0.677856,0.753189,0.681563,0.685517,0.680181
0.730912,0.695674,0.696453,0.661837,0.729731,0.593713,0.681326,0.672425,0.734110,0.656483
0.729541,0.697020,0.697314,0.662739,0.860416,0.788710,0.664419,0.584140,0.716562,0.715430
0.615683,0.758102,0.763975,0.623134,0.755249,0.709665,0.617345,0.631066,0.753734,0.663009
0.686830,0.753690,0.714704,0.682804,0.734848,0.683708,0.718935,0.699042,0.702426,0.697509
0.666301,0.702208,0.695236,0.658438,0.821927,0.749862,0.688153,0.692786,0.682843,0.689971
0.607497,0.732607,0.732620,0.556378,0.856927,0.840601,0.679169,0.576598,0.723445,0.754704
0.708525,0.658149,0.647774,0.636450,0.542974,0.684284,0.698146,0.665652,0.672717,0.669612
0.754074,0.699169,0.721323,0.717032,0.645936,0.843933,0.721089,0.730875,0.684762,0.712720
0.713317,0.714199,0.673119,0.708207,0.421542,0.681261,0.648153,0.695217,0.708077,0.688546
0.659204,0.639251,0.676144,0.644399,0.544255,0.774660,0.701721,0.645644,0.713500,0.673014
0.672814,0.594258,0.705545,0.641242,0.611160,0.641596,0.705831,0.654074,0.740057,0.781964
0.675241,0.689560,0.711266,0.656416,0.675242,0.754747,0.713106,0.688336,0.696934,0.738025
0.681934,0.657444,0.710186,0.514203,0.911664,0.729072,0.720544,0.762475,0.695378,0.680651
0.621913,0.689667,0.770544,0.750782,0.791889,0.679848,0.676219,0.660592,0.718879,0.690620
0.727029,0.706911,0.670394,0.627391,0.807345,0.776804,0.711544,0.713102,0.681515,0.663474
0.673610,0.681867,0.680634,0.636058,0.669297,0.599192,0.722540,0.719937,0.739145,0.697135
0.717541,0.715835,0.706391,0.722503,0.810868,0.579136,0.642832,0.734925,0.716129,0.641854
0.644068,0.688788,0.725204,0.760044,0.863209,0.731401,0.690694,0.643025,0.645134,0.688316
0.683313,0.680987,0.714433,0.736646,0.730932,0.534992,0.696208,0.699346,0.679344,0.707958
0.703170,0.578973,0.711915,0.674776,0.666851,0.731014,0.717506,0.632416,0.737527,0.675225
0.602181,0.637532,0.703780,0.618190,0.793200,0.539322,0.665536,0.672331,0.676620,0.671206
0.658378,0.660443,0.718250,0.696920,0.764399,0.635582,0.712987,0.713751,0.669059,0.674814
0.737349,0.718688,0.675126,0.791770,0.562727,0.646420,0.657142,0.826462,0.668244,0.726236
0.698144,0.719027,0.698271,0.714591,0.616773,0.715185,0.647985,0.695831,0.702392,0.687162
0.674946,0.709704,0.811463,0.698209,0.596280,0.699537,0.763598,0.689924,0.686883,0.690626
0.687208,0.688577,0.678089,0.667557,0.905128,0.769012,0.677788,0.683151,0.647962,0.702477
0.695281,0.696725,0.714160,0.644851,0.834382,0.764481,0.676432,0.712573,0.702721,0.669416
0.698045,0.697848,0.655402,0.707231,0.567206,0.675268,0.683837,0.703720,0.691679,0.691660
0.728032,0.685788,0.678119,0.628594,0.787448,0.589821,0.717808,0.679103,0.794050,0.697322
0.668831,0.592178,0.719138,0.694747,0.655304,0.751982,0.671564,0.572717,0.618760,0.732648
0.669664,0.696222,0.693823,0.629247,0.828144,0.648165,0.679776,0.707936,0.680892,0.642303
0.683776,0.670775,0.786419,0.666101,0.606971,0.728582,0.583327,0.670273,0.681445,0.649809
0.659817,0.784985,0.637252,0.707696,0.721968,0.631865,0.762157,0.683376,0.721089,0.706413
0.667791,0.720608,0.628276,0.699140,0.680847,0.726451,0.683981,0.596155,0.598388,0.705717
0.719429,0.614011,0.669383,0.752734,0.660539,0.781460,0.750493,0.737888,0.722226,0.686135
0.734484,0.754350,0.700350,0.690266,0.769413,0.656206,0.708279,0.687735,0.740003,0.667505
0.694147,0.600488,0.726486,0.683633,0.850912,0.487164,0.676707,0.713323,0.694386,0.714664
0.685135,0.667649,0.702186,0.686248,0.588776,0.707880,0.698491,0.698493,0.644632,0.719481
0.685286,0.758424,0.637518,0.640013,0.749670,0.597917,0.673799,0.753891,0.713712,0.725349
0.687843,0.737785,0.738719,0.791215,0.672900,0.667838,0.729217,0.676256,0.677064,0.671219
0.716694,0.630218,0.639364,0.696818,0.883574,0.712582,0.734138,0.704421,0.691273,0.632561
0.728196,0.709381,0.690888,0.755711,0.602946,0.726567,0.649930,0.682745,0.697408,0.684292
0.676836,0.760125,0.707905,0.615190,0.886711,0.801851,0.677028,0.724194,0.621926,0.698652
0.711621,0.724484,0.704285,0.657693,0.715279,0.662131,0.660590,0.700533,0.643963,0.671193
0.617236,0.712840,0.687918,0.621800,0.665187,0.613975,0.790059,0.581584,0.685488,0.767376
0.801567,0.674773,0.665447,0.785181,0.582273,0.841493,0.754754,0.724662,0.653516,0.703267
0.694207,0.691376,0.747323,0.732227,0.675663,0.611304,0.710905,0.717223,0.688042,0.697717
0.684787,0.679110,0.725561,0.759904,0.783306,0.604898,0.707325,0.732689,0.677980,0.677177
0.688634,0.792094,0.745376,0.737496,0.606421,0.639694,0.739938,0.681608,0.689937,0.678854
0.692743,0.688085,0.664792,0.777979,0.650364,0.710745,0.683457,0.773580,0.662992,0.714714
0.657004,0.673623,0.688063,0.645924,0.695132,0.777470,0.685903,0.681359,0.623365,0.684851
0.706117,0.657367,0.684602,0.745444,0.817549,0.629107,0.675851,0.719170,0.709416,0.689061
0.645904,0.725993,0.700039,0.652009,0.586020,0.798127,0.713593,0.696163,0.704197,0.677401
0.746941,0.672444,0.728615,0.735876,0.595500,0.709557,0.693137,0.777063,0.698446,0.723765
0.701958,0.648288,0.698076,0.700781,0.709055,0.927953,0.750308,0.605484,0.674125,0.662796
0.667379,0.705975,0.684564,0.715620,0.592712,0.575228,0.724269,0.681302,0.698874,0.700887
0.721981,0.710369,0.706040,0.666074,0.593044,0.694822,0.706521,0.691528,0.665387,0.722225
0.695360,0.704100,0.706564,0.690482,0.408573,0.655563,0.647378,0.702184,0.692405,0.664702
0.655477,0.674160,0.658093,0.662906,0.738304,0.753789,0.662267,0.726151,0.654159,0.724671
0.690985,0.710063,0.662111,0.635903,0.648728,0.703303,0.697317,0.667441,0.669203,0.700637
0.658106,0.678918,0.684619,0.722143,0.645061,0.740185,0.631254,0.697634,0.702989,0.662530
0.679907,0.695489,0.628280,0.661123,0.601085,0.670669,0.624568,0.705265,0.694171,0.706541
0.740598,0.672299,0.718068,0.653596,0.870160,0.639624,0.652753,0.647631,0.687264,0.718840
0.694773,0.600260,0.703810,0.682686,0.651858,0.799996,0.698582,0.703965,0.685614,0.671831
0.664672,0.696914,0.625833,0.666332,0.464166,0.702794,0.689962,0.674237,0.711832,0.709220
0.692334,0.686092,0.660110,0.673449,0.597594,0.691154,0.697515,0.701110,0.677301,0.689847
0.694756,0.637025,0.748071,0.694235,0.510244,0.716892,0.621187,0.696161,0.641401,0.661400
0.657554,0.683111,0.712403,0.654335,0.783420,0.639439,0.648004,0.737445,0.659528,0.714273
0.600984,0.655420,0.688205,0.765259,0.660818,0.790585,0.699242,0.734927,0.680522,0.693452
0.694543,0.634493,0.625814,0.734232,0.770879,0.603298,0.663211,0.649063,0.725416,0.719580
0.683012,0.738562,0.731288,0.668835,0.653556,0.614773,0.692177,0.713788,0.706132,0.700648
0.733049,0.718634,0.696055,0.727523,0.564849,0.674694,0.721145,0.640628,0.697236,0.728634
0.698044,0.666345,0.683390,0.686586,0.701130,0.732483,0.651890,0.716140,0.673488,0.706246
0.718430,0.676163,0.729176,0.764588,0.491648,0.681248,0.625242,0.686793,0.711908,0.695851
0.710318,0.650939,0.690600,0.713073,0.768667,0.651796,0.656682,0.745746,0.673051,0.729073
0.673860,0.659825,0.694116,0.727969,0.323076,0.640370,0.679048,0.749342,0.672253,0.669318
0.728990,0.737025,0.693380,0.693890,0.756093,0.550203,0.708852,0.677512,0.730440,0.689441
0.735551,0.656879,0.717186,0.714002,0.640360,0.635988,0.643374,0.673196,0.722867,0.657084
0.715727,0.708755,0.711719,0.675529,0.738400,0.706783,0.737267,0.673191,0.651441,0.625073
0.683626,0.674771,0.597720,0.729158,0.617875,0.754263,0.673025,0.670280,0.709009,0.753071
0.686246,0.776588,0.683057,0.777569,0.603284,0.624547,0.701243,0.654404,0.676729,0.682022
0.665418,0.694274,0.739728,0.717033,0.700463,0.734106,0.774860,0.678507,0.637920,0.721817
0.685548,0.651592,0.709924,0.522870,0.761695,0.621784,0.754594,0.772596,0.715182,0.677130
0.714505,0.605835,0.714997,0.771020,0.600453,0.659004,0.659549,0.709246,0.662268,0.703150
0.702158,0.645623,0.724843,0.760918,0.682108,0.800512,0.670970,0.650963,0.699347,0.614885
0.667277,0.656787,0.679639,0.634550,0.749186,0.575635,0.690356,0.657704,0.696555,0.674025
0.665055,0.633959,0.616190,0.664850,0.567444,0.587558,0.640281,0.662654,0.675075,0.692963
0.693365,0.688261,0.686535,0.709983,0.591036,0.660288,0.726330,0.671872,0.769038,0.718835
0.742887,0.726070,0.736338,0.695047,0.438606,0.711549,0.721481,0.681798,0.704181,0.683218
0.733490,0.718779,0.683775,0.736891,0.776973,0.721518,0.649241,0.697037,0.754873,0.684095
0.710234,0.670081,0.680599,0.684229,0.374446,0.741175,0.745569,0.638701,0.736658,0.679031
0.657057,0.698848,0.684580,0.725514,0.786711,0.607391,0.711270,0.712760,0.634660,0.698670
0.704496,0.599807,0.723873,0.725314,0.920462,0.697088,0.694843,0.689740,0.738092,0.692015
0.694593,0.624960,0.747753,0.648606,0.654179,0.667966,0.627894,0.692351,0.692425,0.665572
0.718202,0.735181,0.693944,0.679142,0.719009,0.695201,0.676897,0.725863,0.693759,0.677310
0.700728,0.646867,0.647479,0.818270,0.869013,0.531117,0.678336,0.634246,0.721962,0.688764
0.677671,0.663443,0.690402,0.703216,0.664296,0.680826,0.681542,0.680672,0.692041,0.683126
0.653595,0.659703,0.685644,0.637160,0.659445,0.745192,0.637478,0.677222,0.697384,0.681019
0.699348,0.755421,0.689961,0.767559,0.743016,0.590837,0.672627,0.684799,0.672586,0.696056
0.684672,0.678513,0.641569,0.753949,0.881024,0.825898,0.707083,0.690848,0.711743,0.691599
0.729190,0.732326,0.720431,0.549113,0.745534,0.552123,0.656337,0.693084,0.668162,0.692297
0.741324,0.660572,0.723964,0.614029,0.834554,0.702435,0.646497,0.614122,0.631957,0.726080
0.725484,0.717955,0.690513,0.762458,0.577394,0.708431,0.699265,0.705965,0.666874,0.660157
0.673135,0.689242,0.685783,0.716421,0.939607,0.792617,0.665594,0.698547,0.672795,0.717128
0.663194,0.699932,0.636810,0.711801,0.665779,0.693856,0.663265,0.614177,0.654798,0.649908
0.664972,0.701073,0.655419,0.635162,0.782687,0.444237,0.648688,0.718517,0.660111,0.684282
0.674700,0.677969,0.688173,0.671456,0.440048,0.644771,0.683853,0.705365,0.678850,0.695761
0.685252,0.729918,0.688852,0.728778,0.773773,0.675587,0.744861,0.700850,0.637965,0.667844
0.730153,0.725552,0.769114,0.645080,0.669549,0.711468,0.777945,0.686198,0.696954,0.742241
0.660792,0.708427,0.682454,0.622801,0.821957,0.716670,0.695467,0.637602,0.658768,0.671816
0.720241,0.707507,0.693074,0.689050,0.865998,0.753497,0.722120,0.705370,0.681644,0.578451
0.681507,0.721921,0.689634,0.688311,0.440798,0.650836,0.675457,0.725768,0.653807,0.679856
0.689560,0.679996,0.693200,0.662476,0.635766,0.694235,0.728774,0.680605,0.708875,0.705741
0.694843,0.716232,0.761666,0.714724,0.528503,0.630256,0.755520,0.699150,0.677341,0.705207
0.750214,0.710278,0.685808,0.599534,0.753554,0.645229,0.653004,0.711895,0.700808,0.679084
0.669744,0.628030,0.734263,0.653075,0.575040,0.703995,0.649917,0.637251,0.694418,0.723205
0.659860,0.694545,0.581544,0.675440,0.580503,0.624862,0.674173,0.701280,0.694401,0.747074
0.694344,0.693969,0.651056,0.704865,0.661440,0.707357,0.643953,0.706594,0.703533,0.688635
0.662357,0.758932,0.791787,0.772359,0.632889,0.722337,0.663017,0.636136,0.669883,0.705352
0.692018,0.679837,0.641297,0.674687,0.626495,0.668302,0.670650,0.688199,0.689457,0.683202
0.696341,0.719781,0.678067,0.670861,0.826507,0.758102,0.730976,0.705290,0.674305,0.666094
0.680995,0.592407,0.634890,0.797739,0.672169,0.773867,0.699650,0.688081,0.720672,0.706393
0.722330,0.676319,0.700377,0.663177,0.644386,0.675730,0.670034,0.663142,0.671987,0.643123
0.725748,0.712098,0.691588,0.692356,0.778406,0.594312,0.693558,0.577951,0.759465,0.694734
0.697049,0.697059,0.643574,0.635329,0.593980,0.710576,0.677937,0.708723,0.685239,0.693554
0.686777,0.684349,0.591243,0.694786,0.662766,0.709961,0.633746,0.660129,0.700781,0.698310
0.603984,0.752273,0.757271,0.491953,0.663054,0.538264,0.615891,0.615613,0.736643,0.631355
0.741125,0.752371,0.706616,0.755989,0.648733,0.641528,0.680826,0.603078,0.701075,0.693765
0.661964,0.694397,0.648480,0.647663,0.525339,0.686939,0.727159,0.676510,0.678719,0.697565
0.675663,0.692942,0.645316,0.665190,0.449303,0.649546,0.697659,0.663698,0.657041,0.695628
0.721290,0.673944,0.704172,0.741856,0.590275,0.668276,0.657072,0.742857,0.693348,0.684579
0.720884,0.696112,0.625241,0.762067,0.814764,0.642068,0.739933,0.693181,0.682400,0.654473
0.709392,0.703346,0.689294,0.560843,0.818615,0.728684,0.697540,0.743095,0.710434,0.696002
0.635365,0.686969,0.701998,0.653267,0.673932,0.689532,0.599244,0.698522,0.713701,0.665377
0.629375,0.723534,0.703503,0.643116,0.515424,0.666394,0.681035,0.706851,0.679640,0.710841
0.728720,0.811824,0.750650,0.656761,0.696215,0.702096,0.637100,0.758073,0.705928,0.649589
0.698752,0.700920,0.728788,0.748565,0.703048,0.625632,0.743527,0.685082,0.671127,0.704632
0.674574,0.706383,0.719168,0.615797,0.680279,0.805614,0.653436,0.628274,0.701851,0.665822
0.702625,0.778709,0.682355,0.749242,0.685351,0.752831,0.662118,0.769638,0.662059,0.712972
0.699258,0.705023,0.682389,0.618511,0.738102,0.711873,0.757636,0.717477,0.685852,0.637751
0.692125,0.762887,0.668754,0.647374,0.877304,0.804908,0.682210,0.664713,0.687088,0.736465
0.652595,0.751297,0.701011,0.572107,0.740705,0.770077,0.704067,0.699141,0.718181,0.736351
0.547794,0.721645,0.691199,0.765544,0.807962,0.736271,0.649578,0.711838,0.761502,0.701838
0.712663,0.739686,0.677950,0.719738,0.698798,0.713456,0.675795,0.666183,0.670428,0.705338
0.647171,0.657728,0.762775,0.661358,0.577821,0.704033,0.694106,0.700471,0.710967,0.664748
0.692301,0.725340,0.663158,0.652520,0.546872,0.668075,0.659541,0.718890,0.699181,0.684338
0.718647,0.650390,0.736031,0.682612,0.707017,0.795718,0.700085,0.680043,0.742322,0.628916
0.691234,0.714018,0.735809,0.641968,0.723819,0.684399,0.693296,0.708745,0.703856,0.724577
0.685303,0.683058,0.689775,0.731551,0.487287,0.627051,0.700087,0.697502,0.714032,0.671381
0.704848,0.656372,0.695583,0.762731,0.849274,0.666956,0.697068,0.672760,0.713362,0.720258
0.758986,0.747377,0.666285,0.561765,0.848279,0.804052,0.696984,0.695443,0.679176,0.660260
0.631871,0.678773,0.768687,0.653626,0.701429,0.779730,0.725451,0.682803,0.715667,0.685148
0.665191,0.685765,0.674025,0.669668,0.778111,0.609836,0.711056,0.750040,0.699909,0.689832
0.717352,0.714007,0.683660,0.674356,0.719180,0.710744,0.697014,0.686141,0.686756,0.702827
0.727277,0.635907,0.734482,0.732447,0.629764,0.692351,0.671377,0.679333,0.698495,0.653627
0.723755,0.659064,0.714568,0.627784,0.698984,0.786324,0.649189,0.721614,0.659344,0.693184
0.688995,0.707141,0.662184,0.728841,0.819288,0.592423,0.687563,0.660102,0.692191,0.696132
0.684850,0.724192,0.668202,0.724475,0.700112,0.623888,0.695591,0.599083,0.698058,0.655456
0.744779,0.733446,0.749485,0.579968,0.644459,0.543402,0.685609,0.697721,0.661164,0.671810
0.689489,0.710183,0.702684,0.761349,0.822353,0.734315,0.696617,0.701163,0.699678,0.690035
0.694230,0.684586,0.718681,0.780749,0.764771,0.593616,0.718557,0.663312,0.688693,0.689607
0.655795,0.655949,0.642656,0.701833,0.658266,0.751263,0.648392,0.639301,0.742146,0.711619
0.672268,0.698269,0.668880,0.752437,0.618234,0.689730,0.695711,0.711668,0.712012,0.681173
0.681782,0.732486,0.684449,0.628905,0.715876,0.783581,0.660722,0.651938,0.693100,0.723556
0.691950,0.675563,0.701582,0.643990,0.674329,0.610775,0.706619,0.698789,0.673771,0.697988
0.681738,0.686141,0.627568,0.695400,0.591226,0.737366,0.630924,0.690148,0.690803,0.693548
0.719863,0.718478,0.640871,0.711577,0.629453,0.659808,0.661642,0.708545,0.709608,0.678559
0.664038,0.684190,0.637420,0.673253,0.771923,0.716792,0.661501,0.718974,0.703460,0.697808
0.694750,0.691545,0.619042,0.686286,0.699627,0.749186,0.589173,0.672150,0.681821,0.685959
0.690518,0.704843,0.621798,0.686939,0.614908,0.673746,0.670747,0.678679,0.671136,0.684956
0.655643,0.685274,0.646471,0.700193,0.679862,0.759695,0.627472,0.664084,0.672729,0.684959
0.661860,0.644477,0.714699,0.734197,0.727322,0.796529,0.663941,0.707480,0.684490,0.709794
0.689069,0.703580,0.705591,0.663046,0.404770,0.654989,0.697333,0.700506,0.673222,0.693868
0.676968,0.628014,0.661347,0.815934,0.651058,0.658250,0.701517,0.699465,0.643466,0.672697
0.666700,0.716771,0.741940,0.584072,0.688478,0.654259,0.684251,0.706417,0.744474,0.655311
0.690413,0.577556,0.683163,0.743446,0.646014,0.634374,0.690996,0.685372,0.663033,0.688971
0.683488,0.729422,0.706627,0.636559,0.791008,0.684273,0.692535,0.725666,0.665279,0.684136
0.739107,0.649855,0.657584,0.777367,0.793026,0.673957,0.638564,0.653241,0.672578,0.719627
0.695735,0.671253,0.716158,0.616125,0.770215,0.579166,0.634814,0.764193,0.652538,0.669594
0.687080,0.724424,0.697831,0.656561,0.612015,0.781620,0.707706,0.690411,0.699439,0.695226
0.672148,0.687374,0.717132,0.651096,0.620385,0.570602,0.673652,0.703296,0.671576,0.701649
0.724485,0.703194,0.705746,0.707062,0.731675,0.528197,0.702952,0.698526,0.685650,0.739574
0.672831,0.744747,0.628780,0.719957,0.721765,0.705702,0.647855,0.663281,0.656404,0.686364
0.673969,0.697914,0.686395,0.655540,0.554995,0.712862,0.694625,0.674139,0.689158,0.682421
0.692767,0.654254,0.651527,0.583092,0.510358,0.657961,0.672510,0.740260,0.679922,0.659106
0.680544,0.714039,0.747189,0.710102,0.811958,0.736818,0.732288,0.658976,0.668394,0.686836
0.706294,0.644646,0.700435,0.682893,0.588421,0.692454,0.715367,0.710976,0.711520,0.658784
0.674573,0.729107,0.655828,0.654595,0.928975,0.798942,0.734251,0.717111,0.658103,0.675748
0.678260,0.630995,0.804547,0.753083,0.551781,0.633278,0.659948,0.616202,0.708254,0.700621
0.682915,0.699892,0.680982,0.695948,0.716087,0.539260,0.678931,0.705812,0.693802,0.720105
0.705009,0.658230,0.699922,0.688816,0.869020,0.682895,0.667885,0.699847,0.730188,0.683883
0.684537,0.727334,0.695527,0.820095,0.705495,0.665235,0.660956,0.713400,0.741095,0.693239
0.667493,0.665069,0.699266,0.622501,0.768444,0.720112,0.653995,0.759890,0.698731,0.658392
0.691908,0.676132,0.682180,0.703202,0.656117,0.737699,0.724542,0.681682,0.681710,0.690742
0.718481,0.674937,0.689815,0.596059,0.425699,0.721154,0.696229,0.705600,0.747579,0.705670
0.683890,0.718228,0.707913,0.772376,0.625464,0.745852,0.732481,0.659736,0.615155,0.713989
0.720774,0.770920,0.691694,0.768022,0.396538,0.668959,0.705458,0.683475,0.755438,0.646046
0.781973,0.763949,0.665087,0.592151,0.777842,0.627581,0.737134,0.650464,0.673179,0.752816
0.704843,0.694717,0.656645,0.667391,0.567040,0.735143,0.694814,0.705756,0.688135,0.678982
0.692688,0.708693,0.659237,0.701804,0.632677,0.684581,0.671601,0.677105,0.655149,0.701696
0.718732,0.689987,0.709143,0.715282,0.437761,0.685251,0.706833,0.687985,0.733415,0.697561
0.716228,0.671516,0.797573,0.714200,0.668419,0.783020,0.783374,0.703613,0.687086,0.704850
0.683684,0.653976,0.672460,0.735713,0.617227,0.670847,0.683890,0.724486,0.682877,0.711589
0.693500,0.685884,0.709925,0.664525,0.865786,0.753544,0.720173,0.697888,0.642030,0.691410
0.708316,0.720694,0.705248,0.700774,0.725742,0.787797,0.726314,0.666509,0.695094,0.701589
0.740265,0.621679,0.692501,0.600026,0.665522,0.766597,0.735294,0.709978,0.730869,0.718976
0.747507,0.717438,0.709053,0.592361,0.731741,0.622361,0.712967,0.694474,0.734811,0.706264
0.682342,0.732705,0.650105,0.757207,0.857528,0.786529,0.678043,0.669744,0.678703,0.673567
0.712460,0.730255,0.664891,0.652182,0.686281,0.611274,0.701860,0.751777,0.758751,0.729415
0.647592,0.709647,0.679123,0.571058,0.618802,0.680966,0.711412,0.721604,0.677173,0.681439
0.662589,0.589335,0.698581,0.639774,0.915204,0.710091,0.689096,0.739255,0.762498,0.727818
0.682993,0.660556,0.629982,0.677384,0.633123,0.801587,0.749862,0.683181,0.699325,0.708416
0.678925,0.670903,0.766705,0.672670,0.774992,0.662966,0.679254,0.702094,0.661201,0.697403
0.752695,0.724939,0.682693,0.646071,0.615035,0.694861,0.709858,0.701440,0.625434,0.644876
0.671511,0.707960,0.802535,0.701137,0.731451,0.654078,0.745116,0.688010,0.660767,0.705725
0.692626,0.664888,0.659428,0.736420,0.709528,0.609911,0.695692,0.697224,0.724797,0.669186
0.735560,0.692835,0.714722,0.606302,0.731406,0.654126,0.648607,0.718168,0.675194,0.673327
0.671672,0.688490,0.782808,0.686235,0.811817,0.737964,0.793023,0.680859,0.661608,0.657973
0.700070,0.793389,0.756893,0.746190,0.660988,0.647604,0.751220,0.693189,0.674091,0.665826
0.683511,0.755826,0.694766,0.696323,0.672394,0.631516,0.698153,0.694184,0.686003,0.682777
0.676595,0.664344,0.667895,0.738633,0.627140,0.691643,0.659795,0.697202,0.695001,0.703996
0.634460,0.733954,0.705074,0.625345,0.661680,0.756937,0.598235,0.685654,0.640239,0.673653
0.759943,0.671807,0.729144,0.720605,0.806638,0.699106,0.623946,0.720211,0.686642,0.684443
0.662047,0.753583,0.711265,0.728676,0.586149,0.798270,0.695084,0.650571,0.669198,0.762476
0.693871,0.709598,0.659560,0.758018,0.707023,0.764151,0.703324,0.763808,0.692275,0.690933
0.709904,0.694967,0.672202,0.615100,0.618422,0.696433,0.672022,0.667105,0.724470,0.697938
0.730962,0.667657,0.641829,0.671930,0.607497,0.615687,0.693702,0.660932,0.685173,0.717159
0.693410,0.694584,0.667113,0.700548,0.525443,0.629217,0.670446,0.677679,0.726177,0.687209
0.672987,0.699515,0.640533,0.667056,0.568609,0.659843,0.754411,0.679217,0.674488,0.691595
0.702981,0.704511,0.667644,0.629173,0.661340,0.700433,0.690465,0.682053,0.669125,0.649903
0.702366,0.676586,0.634658,0.669642,0.549426,0.639981,0.667168,0.662382,0.686675,0.715920
0.664851,0.794380,0.778202,0.727502,0.607245,0.658299,0.738353,0.686940,0.719008,0.719899
0.704781,0.688315,0.659932,0.703127,0.681574,0.758934,0.672785,0.692779,0.703652,0.721665
0.691270,0.745139,0.693526,0.786136,0.590839,0.845752,0.648364,0.777556,0.716373,0.722507
0.743262,0.756116,0.732255,0.726532,0.566845,0.865357,0.621197,0.698582,0.688615,0.691011
0.736365,0.716800,0.683906,0.697141,0.635532,0.655658,0.620602,0.744022,0.705337,0.657439
0.765889,0.792448,0.695159,0.709610,0.665516,0.728571,0.702523,0.739124,0.738864,0.654698
0.641465,0.664184,0.690428,0.655643,0.701926,0.683277,0.653970,0.687946,0.701382,0.709942
0.623774,0.728447,0.714943,0.720221,0.871537,0.666468,0.644714,0.736719,0.666749,0.673227
0.675409,0.721896,0.777880,0.724226,0.551936,0.614504,0.709915,0.637196,0.678216,0.635649
0.688736,0.676332,0.737562,0.707826,0.735939,0.583464,0.689962,0.711961,0.671460,0.689096
0.703304,0.690179,0.678115,0.714494,0.453786,0.656138,0.688583,0.697088,0.671699,0.694621
0.649237,0.700786,0.578853,0.682291,0.563693,0.690072,0.731881,0.721732,0.698551,0.683484
0.671782,0.727337,0.692274,0.738250,0.621480,0.602811,0.649928,0.741667,0.690208,0.691264
0.700817,0.793393,0.699509,0.616596,0.700813,0.637151,0.693246,0.728942,0.722044,0.704979
0.685157,0.687875,0.696643,0.618419,0.803381,0.575272,0.678779,0.717929,0.641392,0.688891
0.686992,0.709232,0.708267,0.669681,0.793909,0.463425,0.662889,0.705537,0.685254,0.697886
0.681872,0.718306,0.721211,0.650288,0.580644,0.637699,0.689498,0.677064,0.681782,0.720491
0.667996,0.736227,0.722199,0.685904,0.596635,0.659969,0.668670,0.728110,0.724106,0.714487
0.686387,0.694973,0.682607,0.668250,0.499719,0.685324,0.760660,0.667288,0.665371,0.682115
0.649160,0.748730,0.714529,0.759730,0.798470,0.645760,0.688579,0.694840,0.656164,0.669195
0.652952,0.710962,0.642622,0.647697,0.642827,0.584020,0.726833,0.708612,0.744295,0.703732
0.656566,0.697398,0.622578,0.714514,0.638782,0.782458,0.697953,0.774797,0.696965,0.697351
0.681527,0.738484,0.785952,0.631690,0.726472,0.523723,0.722819,0.723718,0.604283,0.692202
0.639321,0.778748,0.696952,0.723372,0.626660,0.679906,0.682485,0.683517,0.715221,0.724589
0.681755,0.695569,0.665154,0.706473,0.561434,0.799584,0.666156,0.706308,0.683834,0.695198
0.746751,0.712590,0.655050,0.712865,0.679260,0.650175,0.765086,0.742517,0.711737,0.684561
0.614094,0.696887,0.672351,0.685969,0.712232,0.668879,0.706866,0.683612,0.754088,0.669472
0.704771,0.730467,0.674471,0.646876,0.667875,0.768974,0.667101,0.647179,0.682661,0.681050
0.703218,0.662139,0.610520,0.530921,0.597744,0.655469,0.664845,0.693104,0.689222,0.705526
0.703533,0.718894,0.711362,0.663833,0.578154,0.620593,0.631645,0.690579,0.706969,0.707771
0.686397,0.709834,0.688185,0.732075,0.699582,0.813855,0.651729,0.681691,0.715943,0.691661
0.592770,0.644812,0.618026,0.648400,0.722753,0.636830,0.774131,0.598990,0.707694,0.707229
0.711545,0.740087,0.739379,0.612374,0.347456,0.676943,0.678236,0.726277,0.671665,0.672882
0.658218,0.581379,0.677723,0.775645,0.734148,0.774032,0.715691,0.660665,0.659821,0.697191
0.684025,0.684668,0.783142,0.658231,0.591335,0.676733,0.760155,0.680435,0.665159,0.671582
0.709966,0.673107,0.676308,0.748622,0.741621,0.791290,0.727538,0.714739,0.716176,0.682527
0.672176,0.697459,0.745503,0.703368,0.815247,0.736796,0.738717,0.671208,0.653978,0.689928
0.714645,0.738337,0.707297,0.704603,0.592232,0.596038,0.701568,0.724963,0.768974,0.662108
0.690070,0.702374,0.692082,0.702602,0.509648,0.661090,0.693766,0.672877,0.724003,0.697611
0.734870,0.638308,0.704457,0.689809,0.528974,0.783439,0.696049,0.661375,0.728316,0.706220
0.684048,0.666855,0.618267,0.709842,0.567189,0.634421,0.648441,0.706468,0.666335,0.713458
0.696326,0.709620,0.722083,0.665334,0.683789,0.663240,0.705770,0.673067,0.654744,0.683356
0.668558,0.672440,0.719576,0.645846,0.706253,0.812500,0.597905,0.724262,0.752700,0.670374
0.664007,0.656162,0.637525,0.674627,0.627734,0.737516,0.655172,0.668711,0.665962,0.702009
0.694673,0.695246,0.678378,0.651213,0.814963,0.678310,0.678578,0.701164,0.690780,0.703954
0.677744,0.765651,0.687887,0.736583,0.637120,0.714345,0.607794,0.653130,0.754113,0.680491
0.673010,0.666387,0.657598,0.671001,0.675870,0.632156,0.777043,0.692149,0.739650,0.676707
0.689105,0.689805,0.706969,0.666885,0.595408,0.741499,0.706278,0.709559,0.698182,0.687387
0.726215,0.628551,0.698277,0.591374,0.808768,0.734596,0.647334,0.742386,0.678187,0.656205
0.720611,0.654299,0.738346,0.657550,0.598528,0.742563,0.678136,0.726336,0.677565,0.688734
0.687337,0.681835,0.635927,0.721220,0.697224,0.710921,0.605145,0.705441,0.722708,0.729710
0.669935,0.670229,0.729994,0.769311,0.345987,0.624623,0.712231,0.657465,0.679918,0.716325
0.671966,0.702092,0.721324,0.567398,0.738214,0.627792,0.674269,0.645449,0.698580,0.710422
0.688995,0.699284,0.692279,0.744522,0.851521,0.775074,0.700712,0.690622,0.683038,0.679599
0.671098,0.669526,0.696732,0.721299,0.610124,0.817292,0.698270,0.642439,0.698558,0.694707
0.706354,0.712786,0.676978,0.632132,0.492283,0.667127,0.712219,0.678590,0.667348,0.712719
0.667618,0.748426,0.739138,0.706062,0.659242,0.806121,0.666692,0.720269,0.721850,0.720040
0.680244,0.657650,0.696043,0.700019,0.825518,0.725707,0.694026,0.713686,0.674255,0.677614
0.671821,0.638750,0.772245,0.692924,0.671779,0.668143,0.714279,0.685438,0.687023,0.638506
0.687675,0.683221,0.718034,0.736338,0.509908,0.725610,0.697659,0.661536,0.702715,0.693767
0.675931,0.754041,0.740978,0.772393,0.747850,0.595757,0.681565,0.673768,0.689084,0.680562
0.700774,0.687151,0.677486,0.652153,0.517604,0.643576,0.722247,0.682723,0.663761,0.701214
0.689801,0.694706,0.657064,0.645761,0.476261,0.649886,0.644001,0.684634,0.677349,0.693134
0.715386,0.709831,0.678593,0.708394,0.404946,0.652020,0.646332,0.770416,0.671646,0.719460
0.719104,0.685168,0.718915,0.632282,0.741940,0.554100,0.625681,0.734982,0.621914,0.669421
0.666742,0.713656,0.634230,0.606740,0.705651,0.599040,0.781699,0.655946,0.719184,0.718531
0.677584,0.631273,0.680011,0.662370,0.683260,0.734614,0.640695,0.696477,0.636024,0.669858
0.763696,0.698024,0.743166,0.589626,0.738324,0.644071,0.649428,0.734643,0.709122,0.665743
0.741490,0.736811,0.680121,0.774186,0.540171,0.750446,0.734202,0.693020,0.670699,0.645189
0.722460,0.735979,0.714434,0.728343,0.783430,0.646703,0.737534,0.693081,0.687482,0.697302
0.666089,0.710746,0.651396,0.717887,0.702804,0.647812,0.709439,0.682242,0.703426,0.672627
0.657558,0.681818,0.688863,0.715292,0.625885,0.663798,0.664637,0.721256,0.679315,0.709122
0.695885,0.708515,0.724733,0.726643,0.857981,0.839197,0.743493,0.703850,0.691851,0.677107
0.656096,0.652918,0.685443,0.697902,0.686107,0.501780,0.784776,0.692992,0.684668,0.636644
0.692777,0.722201,0.732879,0.695638,0.428636,0.722463,0.662448,0.723717,0.653188,0.721135
0.670224,0.762684,0.795495,0.762455,0.626261,0.726402,0.691089,0.633111,0.693408,0.697148
0.735295,0.702385,0.607590,0.651347,0.570275,0.823306,0.599268,0.683577,0.603970,0.709516
0.695897,0.683133,0.730568,0.639240,0.589557,0.757801,0.659446,0.666119,0.696353,0.658881
0.689378,0.783518,0.716083,0.675480,0.762056,0.643653,0.707081,0.762077,0.707013,0.707375
0.670344,0.745052,0.743679,0.777416,0.724810,0.702625,0.674343,0.661706,0.673807,0.689985
0.722069,0.669528,0.650505,0.746355,0.612626,0.680864,0.682149,0.679372,0.728591,0.691647
0.704029,0.770176,0.674259,0.629338,0.721651,0.556164,0.719603,0.745060,0.703417,0.662205
0.691702,0.675380,0.704714,0.721940,0.643979,0.691903,0.659191,0.653948,0.687691,0.683854
0.700770,0.709620,0.696935,0.704887,0.561503,0.702555,0.718354,0.682762,0.688513,0.683287
0.690100,0.664223,0.656276,0.757516,0.627111,0.692195,0.705652,0.711336,0.696292,0.694903
0.727985,0.749467,0.691283,0.751197,0.691156,0.590336,0.653119,0.704502,0.697789,0.692687
0.642432,0.791041,0.713535,0.752409,0.727361,0.608663,0.672184,0.761821,0.716108,0.679861
0.710876,0.679890,0.741528,0.755468,0.621588,0.476471,0.715611,0.727346,0.705620,0.678171
0.708566,0.709023,0.690468,0.658299,0.616741,0.658250,0.620569,0.677989,0.652647,0.657914
0.683524,0.644468,0.642531,0.679391,0.707288,0.690988,0.671412,0.689487,0.672392,0.671979
0.716839,0.682114,0.669249,0.697434,0.459450,0.757610,0.734124,0.771473,0.690700,0.685584
0.685040,0.639108,0.713110,0.803930,0.593970,0.800581,0.588610,0.727108,0.709369,0.671714
0.678322,0.672999,0.691808,0.751170,0.608742,0.694953,0.712874,0.658297,0.704126,0.682974
0.665636,0.715978,0.714369,0.729753,0.667869,0.692155,0.701664,0.689850,0.708231,0.715275
0.701583,0.695568,0.717092,0.734674,0.636589,0.676921,0.739503,0.677530,0.697978,0.678266
0.716875,0.683286,0.620400,0.708828,0.682872,0.729663,0.607899,0.687827,0.732301,0.719337
0.693932,0.702819,0.651931,0.701731,0.554315,0.651719,0.705649,0.709158,0.693971,0.712971
0.678080,0.685510,0.704027,0.678477,0.309950,0.625745,0.714011,0.658912,0.673824,0.686448
0.676420,0.642931,0.649853,0.678451,0.737932,0.737962,0.628702,0.705053,0.695272,0.659625
0.779601,0.666645,0.648885,0.624171,0.855230,0.585738,0.725706,0.592510,0.567061,0.811245
0.780771,0.693551,0.760506,0.579888,0.636326,0.622735,0.693083,0.689910,0.653818,0.694859
0.698486,0.646303,0.689122,0.762877,0.589418,0.584727,0.653986,0.693062,0.739274,0.669675
0.692617,0.638749,0.662412,0.652211,0.874466,0.533507,0.701972,0.695647,0.659815,0.654238
0.636260,0.725535,0.714982,0.750958,0.839870,0.681334,0.731329,0.641619,0.651684,0.691831
0.671004,0.776240,0.685945,0.661092,0.751685,0.657158,0.682937,0.685501,0.748587,0.628140
0.664187,0.660541,0.683581,0.711173,0.669612,0.745742,0.654269,0.696629,0.670153,0.688035
0.660665,0.752761,0.720894,0.720920,0.496739,0.744833,0.679463,0.694217,0.712975,0.691566
0.708255,0.753534,0.662421,0.696099,0.587578,0.777648,0.699495,0.689723,0.633202,0.694883
0.674926,0.688735,0.743463,0.663265,0.681105,0.778924,0.709936,0.744314,0.697723,0.643671
0.694634,0.675715,0.746127,0.590506,0.771459,0.578275,0.713574,0.719920,0.659131,0.711224
0.712502,0.685923,0.677122,0.666336,0.476799,0.660140,0.718211,0.704703,0.672596,0.645299
0.628685,0.689604,0.641426,0.710719,0.621638,0.640976,0.696608,0.621520,0.709531,0.744900
0.675251,0.628051,0.660112,0.722837,0.607328,0.725907,0.693643,0.643111,0.694238,0.708953
0.684741,0.732559,0.656736,0.711038,0.755040,0.459242,0.742972,0.701144,0.718836,0.679432
0.728099,0.745450,0.643977,0.609062,0.754993,0.815916,0.710949,0.689425,0.660741,0.729876
0.758497,0.704971,0.668421,0.806973,0.578343,0.789105,0.802675,0.677237,0.664192,0.757523
0.674863,0.658540,0.701369,0.693412,0.616256,0.799571,0.679789,0.666243,0.684247,0.707402
0.708191,0.679404,0.727793,0.499468,0.568799,0.712463,0.736733,0.703522,0.750507,0.688096
0.680889,0.737551,0.686583,0.764870,0.696242,0.550064,0.730908,0.710638,0.689879,0.671599
0.739667,0.697074,0.666545,0.591043,0.766076,0.609149,0.729266,0.700320,0.725270,0.646701
0.669606,0.738854,0.746558,0.667061,0.599073,0.700202,0.601821,0.720690,0.692858,0.676102
0.751385,0.643499,0.703889,0.633532,0.871459,0.610767,0.683970,0.738515,0.705961,0.716874
0.704297,0.726581,0.704318,0.689498,0.789534,0.767399,0.691626,0.668632,0.686237,0.666789
0.737380,0.641220,0.685740,0.765856,0.609800,0.628246,0.682165,0.667059,0.694187,0.722300
0.651482,0.666704,0.692345,0.689558,0.837470,0.738244,0.685994,0.698331,0.688017,0.703035
0.690345,0.711580,0.723067,0.563093,0.847727,0.696933,0.709415,0.730815,0.708460,0.697910
0.746147,0.705373,0.697330,0.741673,0.973749,0.824793,0.656662,0.687993,0.692664,0.727707
0.722541,0.653782,0.690263,0.634924,0.380876,0.687595,0.695091,0.720485,0.741546,0.651664
0.691841,0.704377,0.678436,0.744868,0.733705,0.730908,0.701168,0.688046,0.689556,0.690366
0.708024,0.734540,0.706055,0.754366,0.556201,0.698005,0.656138,0.754735,0.707859,0.684001
0.673668,0.733810,0.671836,0.652217,0.742409,0.763868,0.683042,0.670704,0.681411,0.701586
0.691242,0.727200,0.746274,0.701325,0.804873,0.616358,0.742563,0.714041,0.721673,0.698503
0.711544,0.685509,0.663397,0.627819,0.517624,0.648087,0.673510,0.753482,0.680437,0.651913
0.701359,0.661261,0.729185,0.748352,0.753859,0.563456,0.676581,0.695478,0.744578,0.734744
0.597296,0.687728,0.667130,0.695294,0.762439,0.661539,0.677060,0.658887,0.729865,0.682755
0.662102,0.658942,0.674179,0.716508,0.725822,0.626464,0.685561,0.616869,0.674456,0.673123
0.699045,0.697354,0.672155,0.737319,0.780452,0.624629,0.751293,0.677248,0.640598,0.731165
0.707708,0.678924,0.749339,0.697497,0.566526,0.768356,0.562210,0.698030,0.705374,0.619913
0.784561,0.755878,0.574490,0.654114,0.846488,0.671035,0.756107,0.692219,0.635529,0.697566
0.710625,0.712564,0.730303,0.724796,0.829206,0.731162,0.760873,0.696082,0.668947,0.644753
0.682933,0.689667,0.649257,0.680317,0.737385,0.741538,0.687612,0.679671,0.684364,0.684753
0.753650,0.665009,0.640097,0.687346,0.609939,0.728260,0.682395,0.698053,0.668094,0.701080
0.675135,0.719107,0.690395,0.660574,0.782479,0.619712,0.700872,0.742055,0.701975,0.712840
0.697397,0.711339,0.599486,0.650418,0.627747,0.693912,0.666575,0.674739,0.676526,0.685357
0.687305,0.662980,0.669369,0.715472,0.567302,0.685390,0.652513,0.700345,0.675774,0.721463
0.746476,0.654857,0.643901,0.710537,0.677777,0.729950,0.735687,0.643028,0.661663,0.659696
0.685196,0.727972,0.702381,0.619409,0.564963,0.764608,0.689359,0.665564,0.696070,0.668003
0.647860,0.669032,0.648174,0.586783,0.711234,0.584530,0.684951,0.710386,0.677958,0.718588
0.678210,0.694104,0.720616,0.647253,0.361786,0.601114,0.705881,0.678268,0.669690,0.700290
0.631695,0.746076,0.703168,0.597043,0.686386,0.768765,0.712078,0.747286,0.747173,0.688462
0.695412,0.713931,0.696875,0.623185,0.734805,0.610512,0.709611,0.738353,0.696783,0.693923
0.690925,0.696516,0.660496,0.653870,0.617646,0.700783,0.724203,0.632944,0.676122,0.704145
0.713032,0.710462,0.659239,0.705693,0.839997,0.756906,0.733453,0.679734,0.673886,0.656274
0.681333,0.685778,0.806661,0.693474,0.584423,0.669211,0.776759,0.669265,0.663737,0.669305
0.665377,0.701474,0.557570,0.628132,0.674211,0.590509,0.629038,0.698846,0.716177,0.709161
0.715487,0.676408,0.756279,0.695076,0.708500,0.620966,0.651933,0.717313,0.656618,0.743179
0.686184,0.713314,0.679552,0.619707,0.715588,0.674254,0.717709,0.703477,0.755419,0.692623
0.690275,0.680985,0.680380,0.691763,0.630348,0.701424,0.674710,0.670037,0.690066,0.709322
0.691097,0.661107,0.746965,0.779764,0.761545,0.628124,0.709189,0.678651,0.722107,0.701903
0.681285,0.718189,0.735049,0.635536,0.426487,0.745870,0.701511,0.745246,0.684928,0.685670
0.650277,0.693614,0.675460,0.741979,0.428326,0.694786,0.726653,0.751020,0.723878,0.625611
0.708773,0.663873,0.699747,0.669463,0.654892,0.635953,0.761225,0.711195,0.685312,0.681224
0.781312,0.729778,0.693418,0.665833,0.588376,0.634283,0.616002,0.702190,0.655373,0.666157
0.618258,0.703915,0.592388,0.565256,0.650250,0.712674,0.739809,0.676510,0.721441,0.747479
0.648701,0.700472,0.684026,0.737446,0.800089,0.629292,0.687424,0.701088,0.684365,0.700860
0.572047,0.709087,0.668652,0.733561,0.671457,0.634999,0.711510,0.655998,0.729918,0.723133
0.697553,0.700334,0.642210,0.676803,0.715189,0.529446,0.695755,0.719331,0.661182,0.718266
0.652912,0.733628,0.676019,0.764269,0.586205,0.699877,0.699204,0.739612,0.738477,0.681350
0.702086,0.689516,0.768434,0.735167,0.515567,0.685569,0.644255,0.673277,0.725190,0.699409
0.757313,0.706267,0.725891,0.667447,0.548695,0.662301,0.667699,0.683047,0.674625,0.701724
0.672155,0.685186,0.663639,0.657939,0.547186,0.686833,0.674221,0.700456,0.665347,0.694606
0.653964,0.712601,0.675994,0.630618,0.554892,0.701479,0.681913,0.662567,0.716558,0.676727
0.668242,0.689483,0.677732,0.717633,0.731170,0.590255,0.708731,0.727049,0.667315,0.711884
0.696911,0.687995,0.716487,0.699970,0.562101,0.622820,0.704409,0.699106,0.687035,0.696322
0.693209,0.756124,0.720069,0.614476,0.669971,0.635783,0.670884,0.677324,0.741662,0.682474
0.644881,0.724907,0.723925,0.769731,0.584568,0.666465,0.698987,0.681445,0.714004,0.729907
0.723531,0.708284,0.613116,0.782350,0.903117,0.727540,0.704847,0.632704,0.642281,0.720767
0.653413,0.738230,0.744036,0.610260,0.900615,0.785113,0.695766,0.735147,0.602457,0.701365
0.700635,0.673341,0.668702,0.745584,0.503862,0.660853,0.707510,0.700896,0.714857,0.724512
0.664464,0.692113,0.682884,0.681358,0.498068,0.642261,0.719534,0.693141,0.685647,0.653463
0.717863,0.678252,0.697941,0.751944,0.702292,0.697711,0.659292,0.740216,0.709057,0.678409
0.710626,0.686764,0.755606,0.683357,0.397485,0.650251,0.624408,0.648453,0.678116,0.729879
0.689036,0.717640,0.710076,0.643097,0.525912,0.633537,0.683680,0.682145,0.696440,0.713579
0.680062,0.644494,0.686573,0.635544,0.828820,0.660558,0.738529,0.720326,0.769239,0.674600
0.690466,0.609925,0.655251,0.664254,0.621012,0.719574,0.680586,0.707148,0.704472,0.675183
0.694829,0.680897,0.671530,0.694377,0.877691,0.778600,0.705694,0.651213,0.665814,0.680010
0.682932,0.695452,0.786320,0.754400,0.633100,0.705181,0.751863,0.655678,0.697099,0.704068
0.695550,0.699096,0.698929,0.668545,0.516384,0.622906,0.706733,0.676229,0.679325,0.682697
0.682747,0.690971,0.702856,0.715741,0.730739,0.810833,0.698970,0.707413,0.711691,0.700889
0.725039,0.696241,0.681910,0.744480,0.470086,0.630951,0.654217,0.708734,0.667078,0.706003
0.674242,0.712324,0.688442,0.657430,0.669091,0.765365,0.699184,0.689615,0.658574,0.710346
0.677859,0.701035,0.802735,0.662046,0.703326,0.706892,0.745536,0.669418,0.655614,0.715435
0.680829,0.671140,0.691567,0.723863,0.767900,0.553073,0.704356,0.671701,0.716371,0.705440
0.698327,0.688558,0.741689,0.625065,0.606504,0.844643,0.689091,0.696020,0.723647,0.667440
0.684922,0.731984,0.716420,0.646918,0.727085,0.707164,0.708736,0.711596,0.673723,0.695495
0.727545,0.652216,0.682619,0.651857,0.584646,0.671741,0.676570,0.659283,0.714709,0.560166
0.697079,0.717721,0.758224,0.791817,0.676558,0.757776,0.732035,0.695793,0.700403,0.694441
0.712909,0.730971,0.566299,0.736568,0.782280,0.669139,0.619032,0.702887,0.691465,0.695852
0.742058,0.732424,0.674173,0.479280,0.840462,0.799022,0.703624,0.762331,0.666465,0.672534
0.674636,0.736173,0.686093,0.735524,0.723833,0.655643,0.709706,0.723104,0.725478,0.721877
0.706920,0.635136,0.763415,0.759273,0.682958,0.678986,0.775013,0.714120,0.682781,0.712495
0.808589,0.717806,0.683782,0.726158,0.817219,0.773383,0.671341,0.720056,0.722811,0.698226
0.713299,0.708084,0.694395,0.653515,0.721848,0.698128,0.712936,0.618185,0.694266,0.718445
0.758077,0.686760,0.659360,0.726900,0.685068,0.693282,0.676884,0.694578,0.777141,0.716712
0.695429,0.644076,0.714891,0.656300,0.597182,0.645981,0.689916,0.710799,0.685762,0.731125
0.707609,0.637887,0.719799,0.751352,0.489685,0.692810,0.665086,0.649580,0.716643,0.731622
0.682292,0.636088,0.722226,0.677996,0.635248,0.758565,0.702300,0.675339,0.659389,0.674819
0.734518,0.687641,0.725365,0.671707,0.478540,0.678370,0.668597,0.631379,0.585486,0.699841
0.716342,0.734900,0.723342,0.739525,0.690829,0.692830,0.689246,0.692411,0.707494,0.683943
0.671305,0.683669,0.616775,0.653184,0.630528,0.698828,0.550575,0.696778,0.711086,0.687687
0.703273,0.715635,0.704865,0.665277,0.723284,0.573333,0.698357,0.731556,0.715196,0.687236
0.617415,0.663178,0.744969,0.650167,0.587896,0.628266,0.685356,0.742122,0.737076,0.662932
0.694249,0.672643,0.627124,0.788410,0.773535,0.733890,0.695467,0.714849,0.722327,0.655546
0.643245,0.698695,0.646959,0.654873,0.595213,0.556599,0.796118,0.631415,0.759305,0.740883
0.693871,0.694384,0.660432,0.760533,0.659088,0.690968,0.615812,0.744363,0.685073,0.692769
0.724069,0.723904,0.679188,0.778665,0.539027,0.733681,0.681353,0.760959,0.663126,0.687595
0.685554,0.648577,0.679709,0.734799,0.569661,0.755253,0.646635,0.687036,0.685747,0.672307
0.685614,0.701292,0.676820,0.755665,0.824871,0.675971,0.684594,0.684162,0.683807,0.702510
0.687049,0.655854,0.701093,0.695101,0.713110,0.824525,0.705596,0.691546,0.692290,0.665349
0.666844,0.716854,0.702500,0.640082,0.514338,0.713391,0.678480,0.745499,0.705594,0.660696
0.680142,0.654267,0.685374,0.750254,0.703675,0.569651,0.675400,0.710541,0.671877,0.664321
0.729927,0.650371,0.617901,0.641666,0.872699,0.585910,0.755020,0.670918,0.694097,0.684483
0.667335,0.690412,0.719115,0.631863,0.532867,0.778469,0.669466,0.708380,0.695897,0.651845
0.737816,0.676311,0.622137,0.696632,0.627232,0.670671,0.724801,0.705489,0.688375,0.709506
0.643820,0.632048,0.728407,0.674604,0.695289,0.675784,0.660029,0.715455,0.690523,0.695850
0.640677,0.660848,0.701590,0.731862,0.643399,0.519504,0.763840,0.669823,0.693716,0.698469
0.738307,0.731647,0.713100,0.709445,0.414610,0.685368,0.690183,0.753901,0.692353,0.677626
0.702565,0.685365,0.692224,0.680301,0.683984,0.690543,0.739854,0.678843,0.672354,0.728495
0.709018,0.674201,0.777817,0.689034,0.818570,0.718338,0.706806,0.669277,0.661562,0.721771
0.666676,0.697388,0.763865,0.693757,0.635850,0.650898,0.688511,0.680613,0.674667,0.703644
0.729769,0.692715,0.750862,0.705949,0.552338,0.700990,0.706362,0.722700,0.699497,0.679823
0.689855,0.702152,0.700090,0.735501,0.676436,0.612697,0.750975,0.698156,0.707600,0.684768
0.727565,0.705299,0.723518,0.634006,0.671244,0.620619,0.586436,0.643567,0.632655,0.663117
0.689845,0.666889,0.699014,0.698397,0.662272,0.673948,0.693367,0.677265,0.713552,0.657811
0.695002,0.715259,0.811451,0.679119,0.666880,0.700005,0.757815,0.701880,0.656016,0.692404
0.659920,0.719811,0.666655,0.695467,0.704300,0.678264,0.668405,0.720193,0.723496,0.689917
0.695368,0.665510,0.696748,0.698709,0.873653,0.759377,0.643697,0.725676,0.657297,0.701299
0.686885,0.656542,0.713634,0.679579,0.805775,0.667231,0.685363,0.696479,0.675687,0.686238
0.730906,0.705968,0.704348,0.621659,0.524641,0.608229,0.692974,0.763969,0.717916,0.707031
0.689919,0.676394,0.770860,0.730493,0.801545,0.783004,0.744006,0.715289,0.686870,0.684571
0.686867,0.697482,0.641179,0.690533,0.768682,0.752146,0.651229,0.695454,0.687199,0.691486
0.701846,0.630924,0.729949,0.640193,0.551381,0.714623,0.677784,0.693801,0.683687,0.660221
0.704257,0.723286,0.760008,0.649509,0.690585,0.716019,0.741745,0.657289,0.662717,0.696826
0.704387,0.670254,0.781227,0.702136,0.819749,0.772761,0.650907,0.677036,0.654631,0.690307
0.683783,0.608707,0.739873,0.736009,0.545684,0.708468,0.679617,0.662882,0.750402,0.761073
0.658893,0.683979,0.677868,0.617826,0.803714,0.753617,0.659285,0.718332,0.686878,0.710995
0.711575,0.666410,0.686938,0.616412,0.529162,0.798254,0.742292,0.637257,0.694689,0.653358
0.674585,0.699144,0.652417,0.779423,0.732163,0.749382,0.734658,0.706289,0.702119,0.742236
0.666721,0.723351,0.734724,0.655134,0.809028,0.663952,0.627800,0.662768,0.688811,0.662631
0.670480,0.705361,0.677103,0.675259,0.621976,0.828512,0.748544,0.747992,0.691104,0.735544
0.681485,0.706289,0.657432,0.632390,0.673609,0.662756,0.666540,0.704676,0.717496,0.670797
0.702557,0.666014,0.685395,0.574200,0.605344,0.696315,0.755366,0.720074,0.744919,0.723359
0.655983,0.711142,0.669951,0.736910,0.700207,0.733141,0.716538,0.658177,0.660672,0.684581
0.751930,0.643054,0.721251,0.642412,0.729076,0.707013,0.627899,0.651769,0.679115,0.698598
0.707965,0.678011,0.685877,0.708440,0.704680,0.664615,0.673869,0.680083,0.699368,0.687075
0.681121,0.761355,0.670987,0.780997,0.781848,0.744662,0.707120,0.663944,0.709076,0.714049
0.663656,0.678136,0.635936,0.678745,0.595165,0.677195,0.565934,0.691683,0.702343,0.684880
0.698546,0.628686,0.748343,0.646541,0.711373,0.592831,0.626838,0.696440,0.709396,0.680284
0.712245,0.706399,0.661929,0.699314,0.492255,0.702878,0.732514,0.718932,0.656309,0.705182
0.702182,0.665369,0.720531,0.684508,0.384337,0.635333,0.705073,0.688952,0.706339,0.703542
0.692956,0.704506,0.792144,0.807654,0.697000,0.715428,0.688658,0.601093,0.725372,0.646094
0.690031,0.646248,0.650997,0.774767,0.616844,0.779022,0.698612,0.703623,0.677951,0.674603
0.715320,0.701600,0.730330,0.734317,0.760006,0.739003,0.692117,0.710567,0.702339,0.688112
0.688594,0.647358,0.707275,0.720341,0.747523,0.648932,0.695457,0.708016,0.677768,0.695336
0.686815,0.689768,0.672711,0.685824,0.626855,0.727332,0.672134,0.664728,0.699065,0.708486
0.738644,0.651223,0.631016,0.675776,0.627815,0.683195,0.763841,0.706900,0.664579,0.716077
0.652645,0.717711,0.672242,0.689302,0.619408,0.830964,0.725243,0.659684,0.689164,0.713985
0.665742,0.601851,0.642186,0.707701,0.833869,0.558414,0.681479,0.669068,0.726895,0.668416
0.641488,0.695787,0.678331,0.681193,0.549184,0.663096,0.693434,0.625610,0.749979,0.713102
0.704949,0.685172,0.655423,0.650564,0.693591,0.681280,0.722386,0.715298,0.620440,0.684650
0.695666,0.693789,0.682221,0.636526,0.634810,0.801977,0.680544,0.673415,0.696179,0.692235
0.686592,0.704860,0.644245,0.671146,0.564121,0.699664,0.673418,0.674206,0.678168,0.680889
0.675213,0.688268,0.638608,0.675904,0.688717,0.705308,0.651486,0.690481,0.675620,0.678907
0.655970,0.712009,0.734054,0.680790,0.720760,0.743287,0.664265,0.639251,0.679170,0.738172
0.685850,0.697250,0.620657,0.672846,0.716457,0.720418,0.628181,0.679168,0.656259,0.691185
0.755461,0.683812,0.734559,0.555834,0.729772,0.726291,0.703673,0.728050,0.756248,0.712534
0.687338,0.675245,0.675790,0.677471,0.792468,0.619577,0.715326,0.713280,0.700180,0.680659
0.695715,0.685578,0.702980,0.802908,0.547029,0.744475,0.656843,0.721812,0.717622,0.700643
0.690571,0.665882,0.661212,0.711877,0.640681,0.701008,0.653746,0.675461,0.678467,0.705870
0.673704,0.694191,0.690630,0.653525,0.509832,0.671702,0.681085,0.689558,0.681411,0.699184
0.704924,0.714437,0.642113,0.687368,0.702686,0.587194,0.704286,0.689086,0.796017,0.700457
0.686382,0.767030,0.686078,0.693364,0.650337,0.581825,0.687753,0.587016,0.720223,0.674992
0.692311,0.667513,0.717023,0.641429,0.459937,0.691725,0.699259,0.699993,0.686242,0.705200
0.762136,0.806064,0.645949,0.729920,0.808195,0.796475,0.687693,0.683966,0.734639,0.656708
0.687464,0.666840,0.707772,0.712674,0.780999,0.668311,0.675063,0.695966,0.674852,0.717775
0.658183,0.625082,0.678734,0.760332,0.666793,0.657134,0.712867,0.709991,0.773726,0.707958
0.745975,0.626917,0.732794,0.634851,0.707377,0.790373,0.605830,0.701381,0.682331,0.667780
0.698441,0.705916,0.539141,0.640133,0.737785,0.545697,0.793426,0.642681,0.660051,0.739345
0.696247,0.689347,0.669145,0.726185,0.713981,0.717028,0.662329,0.675317,0.686215,0.665009
0.726091,0.682417,0.708602,0.611354,0.547177,0.714228,0.611079,0.664347,0.663593,0.682421
0.692450,0.644243,0.625395,0.680683,0.658352,0.702268,0.674051,0.696615,0.663134,0.633753
0.755536,0.725879,0.694573,0.637790,0.752963,0.638572,0.697127,0.675120,0.635841,0.666345
0.709266,0.711341,0.675022,0.792280,0.665446,0.601428,0.718201,0.701957,0.718379,0.693368
0.682807,0.663260,0.688272,0.674816,0.518614,0.634747,0.692929,0.684612,0.660761,0.694021
0.690596,0.686347,0.695364,0.674290,0.621626,0.671932,0.681976,0.692783,0.683202,0.701914
0.708825,0.691356,0.655597,0.682706,0.696081,0.556929,0.722250,0.655461,0.715046,0.689274
0.673057,0.673307,0.696280,0.729191,0.758601,0.602491,0.669307,0.681501,0.726056,0.699607
0.733708,0.701959,0.705495,0.720704,0.577037,0.675925,0.720477,0.688373,0.733087,0.684239
0.676000,0.718993,0.689544,0.745716,0.678668,0.615059,0.709572,0.726357,0.724194,0.690958
0.699228,0.742529,0.620369,0.717438,0.609638,0.564747,0.815646,0.645824,0.766640,0.651332
0.710484,0.679877,0.669377,0.660017,0.675902,0.657013,0.651222,0.666056,0.675237,0.717908
0.667768,0.615379,0.680055,0.719816,0.702429,0.664898,0.644811,0.648678,0.710219,0.726006
0.683254,0.733701,0.688971,0.692793,0.725873,0.558684,0.718046,0.742060,0.681369,0.705778
0.693263,0.661013,0.743157,0.693649,0.645233,0.696366,0.778030,0.717544,0.714282,0.674480
0.679974,0.664981,0.713480,0.748002,0.781350,0.678481,0.706663,0.675154,0.660973,0.690146
0.664221,0.729820,0.655692,0.628228,0.548526,0.761473,0.676640,0.696630,0.691335,0.683645
0.697847,0.731267,0.705389,0.747131,0.580454,0.572937,0.696620,0.710417,0.711445,0.685475
0.689686,0.697637,0.742359,0.713648,0.769881,0.735799,0.737217,0.701088,0.681847,0.699725
0.624414,0.723991,0.669409,0.631353,0.727780,0.728101,0.651410,0.666382,0.647878,0.682942
0.692459,0.663413,0.763860,0.736373,0.663436,0.689826,0.769050,0.680920,0.691251,0.685584
0.665799,0.722874,0.640189,0.618669,0.802937,0.763267,0.754324,0.692891,0.776285,0.739634
0.750616,0.733348,0.619167,0.643487,0.714795,0.562507,0.766974,0.654196,0.706439,0.686707
0.643872,0.709452,0.642923,0.792156,0.507460,0.612786,0.739847,0.763595,0.712086,0.703933
0.679378,0.699411,0.756256,0.717890,0.603915,0.652466,0.731827,0.698233,0.691687,0.700354
0.662811,0.689367,0.709903,0.682745,0.803046,0.725823,0.639870,0.693416,0.668275,0.719129
0.689068,0.671046,0.702391,0.716614,0.535492,0.729909,0.703236,0.651714,0.668380,0.703319
0.730095,0.763265,0.588949,0.647446,0.732067,0.845809,0.861342,0.653184,0.707976,0.650971
0.675987,0.696243,0.731532,0.737390,0.559572,0.610967,0.684254,0.725880,0.695547,0.724534
0.689954,0.698774,0.709974,0.739674,0.702623,0.778480,0.665274,0.626857,0.635537,0.688676
0.737907,0.679199,0.678800,0.614381,0.723127,0.759466,0.682852,0.753116,0.725076,0.725471
0.679315,0.658314,0.758671,0.743970,0.776576,0.603521,0.733790,0.695403,0.685235,0.687749
0.708796,0.674394,0.701187,0.691508,0.661569,0.551148,0.688849,0.743891,0.686530,0.696455
0.662241,0.697980,0.740289,0.654066,0.622164,0.734870,0.660029,0.681752,0.735522,0.684156
0.718228,0.673941,0.701092,0.713169,0.686065,0.696417,0.666597,0.687882,0.691630,0.750278
0.676437,0.680227,0.667483,0.703660,0.815457,0.631833,0.744361,0.678092,0.665037,0.667096
0.689032,0.720636,0.735276,0.641204,0.732311,0.720910,0.705023,0.715412,0.708389,0.689241
0.671301,0.672283,0.650399,0.725018,0.788406,0.717010,0.680583,0.674345,0.696830,0.710680
0.671974,0.738155,0.690805,0.655993,0.552330,0.638764,0.689097,0.731423,0.708988,0.720219
0.699102,0.649948,0.683199,0.617585,0.570616,0.713584,0.690656,0.676937,0.675484,0.663270
0.701280,0.677042,0.671058,0.655480,0.560092,0.635586,0.682125,0.680468,0.721493,0.665021
0.677817,0.691609,0.694669,0.684844,0.823817,0.657198,0.703848,0.716923,0.757346,0.692254
0.730035,0.676905,0.708131,0.590908,0.766795,0.680797,0.735838,0.681785,0.800232,0.669237
0.656055,0.777822,0.640855,0.814500,0.624354,0.759011,0.694771,0.823349,0.735250,0.703821
0.710706,0.751873,0.715577,0.712273,0.790479,0.710948,0.593910,0.649733,0.689676,0.708629
0.665664,0.688085,0.646825,0.635591,0.704412,0.733764,0.674971,0.677873,0.641461,0.674997
0.649621,0.704292,0.705875,0.738141,0.906700,0.636439,0.617662,0.685358,0.717667,0.708325
0.720560,0.739128,0.758325,0.605932,0.744881,0.557386,0.665210,0.718575,0.701503,0.705301
0.758288,0.716895,0.761129,0.546035,0.689189,0.617816,0.611835,0.680535,0.701732,0.643456
0.706740,0.666184,0.684407,0.643873,0.928184,0.750539,0.684863,0.655533,0.692846,0.659370
0.680554,0.675759,0.737431,0.679710,0.608161,0.719747,0.771271,0.717554,0.641354,0.690233
0.706352,0.676453,0.670331,0.687448,0.372868,0.668599,0.752484,0.717445,0.682566,0.705398
0.719186,0.640929,0.665030,0.714452,0.866292,0.654622,0.736956,0.744115,0.758305,0.723966
0.639241,0.724101,0.689061,0.708804,0.392570,0.726611,0.668669,0.741537,0.736900,0.667610
0.716704,0.670736,0.704648,0.630475,0.727076,0.678630,0.703045,0.640486,0.689612,0.695852
0.654494,0.704537,0.738647,0.712708,0.505239,0.732826,0.668563,0.730186,0.679194,0.715712
0.696161,0.736962,0.711993,0.667743,0.672593,0.737455,0.720433,0.686472,0.706880,0.699887
0.715836,0.670073,0.659150,0.701067,0.880226,0.718776,0.702609,0.581315,0.715291,0.710361
0.665658,0.720955,0.704567,0.771035,0.726508,0.596379,0.694860,0.641588,0.727455,0.662146
0.726863,0.697400,0.740976,0.668286,0.885871,0.701869,0.603187,0.708101,0.720055,0.705802
0.658291,0.681441,0.593990,0.677502,0.533764,0.725458,0.706947,0.679018,0.702356,0.711807
0.631319,0.709297,0.737672,0.651325,0.595069,0.585245,0.630856,0.646209,0.754714,0.663237
0.724282,0.696951,0.722223,0.702555,0.511498,0.737258,0.710491,0.699221,0.757228,0.712485
0.646657,0.670942,0.609456,0.645835,0.794980,0.567944,0.747586,0.749622,0.669845,0.741533
0.693635,0.691957,0.651071,0.696032,0.706429,0.764717,0.657446,0.714143,0.670156,0.697072
0.721491,0.649286,0.672852,0.667674,0.634791,0.692732,0.702570,0.714796,0.701644,0.693909
0.684870,0.664691,0.686920,0.718201,0.827195,0.709785,0.649999,0.737719,0.725271,0.701907
0.682875,0.611605,0.653755,0.724299,0.708318,0.811727,0.700392,0.681241,0.609711,0.703678
0.672958,0.688041,0.638009,0.665142,0.668965,0.661055,0.685503,0.693511,0.691988,0.701685
0.745840,0.708164,0.766762,0.721132,0.720094,0.852647,0.626290,0.594849,0.708548,0.613511
0.703991,0.690960,0.657587,0.735647,0.507132,0.739464,0.626262,0.715483,0.703720,0.705118
0.673919,0.720535,0.711626,0.693331,0.710092,0.642557,0.660828,0.736621,0.685022,0.723798
0.720559,0.698496,0.629431,0.745667,0.646257,0.676617,0.760019,0.692487,0.721077,0.654782
0.728557,0.689440,0.627841,0.684003,0.684730,0.614594,0.724863,0.672778,0.652078,0.708477
0.704652,0.655381,0.792002,0.708368,0.700358,0.797503,0.717818,0.709015,0.722734,0.733696
0.697502,0.711444,0.721227,0.678971,0.689259,0.603123,0.701603,0.772489,0.718008,0.704002
0.732952,0.776493,0.681274,0.666737,0.700388,0.780227,0.721737,0.728458,0.720065,0.708813
0.643050,0.705262,0.692074,0.619867,0.550825,0.636059,0.738377,0.727834,0.640958,0.696421
0.682083,0.691359,0.638747,0.687430,0.669202,0.621332,0.677036,0.698677,0.683015,0.664944
0.695675,0.703525,0.723960,0.798225,0.689101,0.817129,0.684214,0.653511,0.721246,0.692808
0.690706,0.683254,0.618989,0.677129,0.677222,0.669203,0.684242,0.668769,0.682238,0.692640
0.692016,0.677560,0.742301,0.702695,0.799790,0.696525,0.695236,0.762955,0.668195,0.668476
0.675944,0.684286,0.738084,0.752250,0.675534,0.596007,0.687070,0.681838,0.682581,0.660061
0.690765,0.646096,0.708949,0.653388,0.914123,0.724115,0.716866,0.670626,0.663872,0.677147
0.662225,0.765772,0.685520,0.729544,0.386839,0.721524,0.669090,0.718209,0.586576,0.663601
0.721039,0.690623,0.681761,0.688446,0.553853,0.619855,0.738565,0.654590,0.664258,0.709358
0.696401,0.686013,0.672099,0.704559,0.693580,0.710665,0.657392,0.675868,0.693203,0.708120
0.687708,0.673747,0.589692,0.728712,0.712254,0.703002,0.625082,0.645992,0.661529,0.706910
0.731022,0.645519,0.709635,0.667457,0.622897,0.674511,0.653155,0.744677,0.671563,0.674123
0.729097,0.762283,0.676917,0.777765,0.629731,0.738986,0.661588,0.668805,0.672217,0.613072
0.635577,0.673975,0.656352,0.627677,0.756239,0.795330,0.698699,0.580292,0.693570,0.672336
0.720848,0.663710,0.773763,0.672217,0.657145,0.684673,0.579000,0.717447,0.736273,0.715501
0.709356,0.685543,0.715984,0.676564,0.365291,0.695308,0.705499,0.673991,0.727584,0.707316
0.709051,0.616382,0.714496,0.736603,0.490502,0.706488,0.707204,0.663568,0.712646,0.727135
0.755000,0.701813,0.571450,0.696255,0.759612,0.636571,0.804546,0.732675,0.685546,0.706556
0.674141,0.701646,0.766159,0.742971,0.909311,0.790036,0.721873,0.707758,0.671368,0.722187
0.696199,0.715817,0.811324,0.690216,0.738638,0.531959,0.722215,0.704384,0.667473,0.684547
0.666825,0.673900,0.699351,0.693654,0.615019,0.706368,0.677590,0.682884,0.680277,0.687599
0.680335,0.667488,0.646404,0.607993,0.636102,0.676807,0.672014,0.659699,0.681877,0.672033
0.666122,0.739068,0.779584,0.648708,0.641069,0.794547,0.653183,0.695932,0.704514,0.653862
0.664693,0.670393,0.698357,0.662903,0.779506,0.700331,0.688836,0.688381,0.614439,0.671168
0.680852,0.663415,0.698741,0.633820,0.644160,0.625586,0.656391,0.719581,0.719609,0.638739
0.663121,0.670996,0.727805,0.685049,0.765414,0.614635,0.692099,0.675192,0.677775,0.716646
0.667435,0.657048,0.632553,0.708802,0.799648,0.742970,0.626599,0.711807,0.726073,0.693528
0.732713,0.698307,0.642059,0.558332,0.538175,0.701874,0.791735,0.661683,0.682537,0.757057
0.685710,0.710879,0.721198,0.707222,0.577259,0.687738,0.645668,0.705627,0.631835,0.760765
0.726377,0.716351,0.695904,0.706841,0.591165,0.552972,0.588538,0.691018,0.618139,0.658527
0.698985,0.661463,0.694134,0.721843,0.761103,0.599470,0.742310,0.701711,0.660606,0.671350
0.702795,0.617650,0.616045,0.639813,0.927195,0.731400,0.792423,0.707935,0.725677,0.627368
0.712922,0.699044,0.700989,0.665823,0.725713,0.730008,0.661307,0.748452,0.733526,0.688285
0.688233,0.745114,0.675582,0.708815,0.527535,0.712468,0.737923,0.752400,0.669667,0.700578
0.676268,0.690119,0.693019,0.672290,0.723125,0.713154,0.703402,0.662618,0.685164,0.695617
0.648746,0.679791,0.685637,0.655503,0.740417,0.738757,0.694786,0.653721,0.675478,0.673460
0.737891,0.643441,0.657856,0.694387,0.484495,0.628379,0.626660,0.697761,0.657432,0.679193
0.752506,0.713114,0.715708,0.764743,0.661649,0.786821,0.704049,0.705286,0.704590,0.763970
0.675444,0.713763,0.713475,0.645745,0.753098,0.643038,0.695383,0.741772,0.635904,0.673841
0.699558,0.636800,0.711719,0.650800,0.853624,0.624549,0.740561,0.718076,0.755031,0.696082
0.693236,0.638099,0.728679,0.703766,0.765914,0.657082,0.706639,0.695157,0.717826,0.694645
0.690552,0.708811,0.686030,0.651676,0.583737,0.676852,0.711368,0.670013,0.674852,0.670909
0.700780,0.735908,0.596923,0.725726,0.786420,0.736118,0.714371,0.721334,0.677842,0.688099
0.710546,0.737631,0.714137,0.707009,0.704018,0.678875,0.698885,0.701758,0.757125,0.717763
0.703421,0.726565,0.689001,0.618541,0.425535,0.723914,0.692440,0.685917,0.652010,0.691692
0.708262,0.687824,0.635187,0.688212,0.586615,0.541348,0.718729,0.635726,0.655546,0.719944
0.756762,0.633922,0.678451,0.578082,0.757286,0.630291,0.675638,0.735776,0.780589,0.681154
0.692013,0.663177,0.650027,0.674189,0.767186,0.757988,0.677265,0.649390,0.668990,0.690607
0.707366,0.678480,0.683453,0.642035,0.616814,0.775714,0.732796,0.726676,0.715737,0.694806
0.682979,0.720853,0.673934,0.699522,0.764629,0.351409,0.671731,0.727974,0.672466,0.681102
0.691961,0.714951,0.783857,0.757900,0.849686,0.791912,0.768181,0.692589,0.691300,0.685303
0.670321,0.687221,0.677419,0.780955,0.937828,0.672044,0.650566,0.673484,0.704662,0.689271
0.683330,0.740416,0.680483,0.603691,0.606248,0.585202,0.716711,0.703749,0.721877,0.716381
0.646639,0.775074,0.707196,0.720094,0.581716,0.659743,0.706992,0.652135,0.759754,0.735423
0.683672,0.669462,0.691819,0.626176,0.657518,0.755903,0.684675,0.686716,0.660148,0.701013
0.702705,0.709788,0.692805,0.576035,0.591624,0.623978,0.761447,0.728206,0.738324,0.750403
0.682801,0.716886,0.670153,0.603982,0.781149,0.740475,0.680189,0.553342,0.675164,0.687479
0.684214,0.735406,0.679681,0.649167,0.856300,0.748589,0.709350,0.705112,0.661389,0.691019
0.702897,0.691851,0.675446,0.707150,0.614807,0.756836,0.666954,0.741197,0.662103,0.653601
0.710091,0.690031,0.678040,0.694601,0.628237,0.655291,0.692712,0.728087,0.689969,0.670666
0.673179,0.648576,0.707183,0.753021,0.716872,0.533143,0.718418,0.692450,0.690918,0.707648
0.651669,0.690710,0.724224,0.641058,0.491651,0.587526,0.738660,0.694785,0.694255,0.677779
0.713756,0.705906,0.680342,0.702592,0.555356,0.687756,0.716703,0.688405,0.701399,0.692767
0.725545,0.718395,0.689523,0.696633,0.335870,0.728422,0.728938,0.780223,0.672500,0.719306
0.689079,0.624466,0.646119,0.767844,0.576068,0.652463,0.667017,0.712429,0.738623,0.699990
0.691284,0.738462,0.685089,0.625987,0.814046,0.635291,0.720254,0.636320,0.610384,0.700190
0.689558,0.673282,0.631300,0.610993,0.861275,0.719230,0.715727,0.631480,0.772921,0.612662
0.689402,0.683713,0.651440,0.667786,0.681639,0.634248,0.719685,0.711779,0.630992,0.700516
0.688948,0.702336,0.677326,0.718295,0.889681,0.796210,0.700243,0.694262,0.730682,0.710695
0.682178,0.718206,0.768578,0.693974,0.532890,0.622781,0.763473,0.674187,0.659376,0.679257
0.698896,0.687927,0.664997,0.680411,0.653298,0.760682,0.678282,0.664855,0.707537,0.695150
0.720185,0.765881,0.705643,0.752036,0.726511,0.615332,0.737683,0.682529,0.696078,0.691350
0.726243,0.728805,0.679200,0.770085,0.609666,0.839043,0.722123,0.699746,0.705552,0.670613
0.683147,0.625597,0.710787,0.693612,0.905860,0.654200,0.653372,0.717932,0.722548,0.698765
0.692601,0.697750,0.673601,0.698397,0.595157,0.748511,0.681999,0.671531,0.695125,0.698639
0.678852,0.731365,0.743755,0.752820,0.609025,0.684296,0.714330,0.648015,0.732274,0.735961
0.696029,0.688302,0.744976,0.702972,0.632845,0.694366,0.708522,0.707501,0.680918,0.686457
0.737546,0.773544,0.701256,0.677159,0.653353,0.649388,0.695698,0.764703,0.779812,0.686496
0.751722,0.673841,0.718346,0.811576,0.725064,0.729874,0.692546,0.667224,0.677404,0.697974
0.706733,0.653836,0.702358,0.743933,0.618027,0.715780,0.706746,0.640102,0.731053,0.660233
0.662758,0.740491,0.686872,0.604608,0.766802,0.720511,0.701997,0.727630,0.681987,0.701398
0.687874,0.654552,0.764528,0.621898,0.585707,0.739641,0.708001,0.716566,0.714471,0.617944
0.711520,0.712521,0.685883,0.648632,0.745967,0.572179,0.698830,0.677847,0.760465,0.736496
0.653138,0.655484,0.703948,0.633866,0.654213,0.643244,0.700809,0.610094,0.700560,0.689154
0.727311,0.687374,0.698381,0.670947,0.639740,0.562668,0.661279,0.708741,0.705781,0.664460
0.696124,0.699504,0.692358,0.646547,0.521925,0.762535,0.752483,0.689944,0.747911,0.691520
0.691830,0.699070,0.633740,0.768051,0.834625,0.510731,0.671188,0.700274,0.678375,0.703423
0.705828,0.608201,0.705137,0.677648,0.653915,0.627441,0.692048,0.703502,0.654394,0.674379
0.729600,0.731728,0.692841,0.732673,0.544113,0.714020,0.686819,0.692921,0.664490,0.697772
0.683194,0.680942,0.673802,0.712297,0.489221,0.664244,0.668802,0.667526,0.650890,0.698034
0.732984,0.755908,0.728634,0.561043,0.763443,0.562930,0.674932,0.821726,0.620572,0.663716
0.791344,0.721090,0.703485,0.775448,0.721048,0.720922,0.610689,0.684672,0.675310,0.691188
0.663695,0.678586,0.701718,0.636693,0.832987,0.724921,0.660476,0.700575,0.671952,0.667158
0.693282,0.754235,0.697765,0.589287,0.704009,0.553492,0.660258,0.710135,0.715269,0.666286
0.658738,0.690833,0.680552,0.703948,0.559755,0.679759,0.670167,0.703778,0.681059,0.692508
0.701872,0.755692,0.707074,0.590456,0.630449,0.725027,0.707182,0.685121,0.732518,0.679016
0.701155,0.708552,0.723110,0.559686,0.816623,0.563829,0.671090,0.734364,0.706435,0.697404
0.634306,0.702534,0.804375,0.707319,0.757161,0.674984,0.704104,0.702983,0.700750,0.642848
0.693222,0.660564,0.664752,0.723665,0.645288,0.753234,0.675552,0.643877,0.703778,0.696541
0.705915,0.719704,0.651870,0.792288,0.818262,0.664485,0.734392,0.688898,0.760211,0.667831
0.673955,0.704199,0.682921,0.665170,0.758276,0.750344,0.664177,0.666265,0.645281,0.693596
0.717338,0.683978,0.698437,0.675046,0.756772,0.615245,0.690731,0.719648,0.634194,0.695409
0.677421,0.665197,0.671136,0.696695,0.622621,0.667168,0.647271,0.675905,0.703264,0.654442
0.703506,0.707748,0.694857,0.653996,0.608121,0.693179,0.676303,0.684901,0.663490,0.735924
0.685403,0.685203,0.672146,0.709047,0.683600,0.790059,0.704611,0.691770,0.696031,0.694575
0.700734,0.684526,0.680282,0.772266,0.792824,0.549323,0.698229,0.719030,0.738277,0.690748
0.694661,0.633677,0.674341,0.659994,0.648054,0.653849,0.733693,0.657225,0.650810,0.680434
0.726431,0.615826,0.653330,0.663044,0.868983,0.686156,0.716964,0.758219,0.722023,0.656457
0.650015,0.682665,0.709001,0.658118,0.858777,0.744904,0.651331,0.609950,0.705000,0.702199
0.711056,0.610786,0.696680,0.739751,0.615159,0.712076,0.658014,0.637742,0.665715,0.665161
0.763271,0.705084,0.620651,0.580557,0.839646,0.718624,0.785672,0.732975,0.736940,0.578001
0.742861,0.634653,0.701037,0.553416,0.903390,0.676062,0.654193,0.671057,0.717876,0.736331
0.682832,0.670450,0.643713,0.685358,0.762318,0.447019,0.680021,0.748139,0.674174,0.727070
0.680586,0.678861,0.533701,0.668345,0.856810,0.779154,0.650976,0.671619,0.706924,0.670310
0.675610,0.624160,0.660138,0.766685,0.709317,0.843292,0.725931,0.761800,0.656785,0.672103
0.666540,0.701848,0.687281,0.663370,0.639050,0.876049,0.721696,0.674149,0.719534,0.652738
0.687456,0.709599,0.675315,0.781388,0.815688,0.674793,0.696965,0.686985,0.695894,0.706808
0.728928,0.660527,0.675609,0.694002,0.669283,0.561825,0.635643,0.672162,0.682102,0.661200
0.723497,0.700522,0.697552,0.793699,0.723566,0.612249,0.647982,0.637648,0.694656,0.709928
0.736663,0.659617,0.732448,0.671156,0.434402,0.662529,0.659021,0.659151,0.705185,0.706285
0.690651,0.663769,0.669183,0.633338,0.666147,0.827864,0.734383,0.662100,0.699103,0.689212
0.683630,0.695402,0.751016,0.664230,0.590495,0.652684,0.638279,0.701208,0.697961,0.685794
0.729337,0.655389,0.736066,0.703133,0.633205,0.663156,0.662437,0.707168,0.681388,0.705215
0.714121,0.658153,0.682191,0.765037,0.318345,0.621616,0.765184,0.736971,0.677146,0.666307
0.691900,0.713675,0.671208,0.727422,0.789514,0.646634,0.667934,0.724461,0.695229,0.701333
0.712923,0.722416,0.676622,0.687206,0.766677,0.749679,0.649341,0.740407,0.648327,0.673662
0.668631,0.718803,0.689154,0.745851,0.747425,0.669373,0.697837,0.671824,0.724990,0.656483
0.695702,0.688882,0.669145,0.747641,0.699618,0.764362,0.635734,0.714134,0.749570,0.686305
0.638806,0.673604,0.632590,0.779556,0.743072,0.793798,0.692416,0.674001,0.701525,0.732256
0.647692,0.715728,0.656883,0.658862,0.738125,0.511698,0.685177,0.712897,0.672062,0.688360
0.699985,0.615884,0.709280,0.712666,0.629210,0.814026,0.713742,0.657602,0.727998,0.727614
0.743488,0.685793,0.604710,0.685939,0.632554,0.686744,0.683981,0.715692,0.642300,0.681448
0.676582,0.787747,0.731452,0.747364,0.690971,0.509652,0.731055,0.675583,0.721263,0.674764
0.683234,0.725258,0.691783,0.744286,0.680709,0.644922,0.673921,0.703933,0.712045,0.663963
0.697084,0.719932,0.663900,0.728594,0.660958,0.802116,0.641501,0.649716,0.670089,0.653924
0.704194,0.667010,0.652658,0.590826,0.696243,0.722811,0.678554,0.635782,0.685754,0.653744
0.687702,0.701154,0.664067,0.784973,0.951753,0.823476,0.679083,0.712758,0.685345,0.695542
0.680453,0.683724,0.688598,0.647046,0.676332,0.699179,0.687711,0.682743,0.672854,0.700671
0.660416,0.649886,0.701814,0.607217,0.528999,0.783056,0.626341,0.666379,0.714081,0.661670
0.710001,0.576476,0.781857,0.749426,0.766774,0.690093,0.644338,0.615441,0.700555,0.718365
0.731268,0.656212,0.662299,0.709609,0.626596,0.627828,0.687248,0.698058,0.717685,0.698519
0.719645,0.726459,0.785373,0.663935,0.634995,0.624470,0.744087,0.745292,0.697128,0.693126
0.627406,0.664823,0.627835,0.709338,0.619380,0.813524,0.696666,0.674685,0.705424,0.703083
0.777245,0.681150,0.704109,0.772227,0.747222,0.825550,0.651576,0.666095,0.674933,0.635358
0.711109,0.631185,0.713815,0.604171,0.632148,0.786614,0.671426,0.712289,0.719440,0.684395
0.692960,0.706707,0.692993,0.749422,0.757037,0.644238,0.707259,0.717212,0.689940,0.707333
0.662158,0.712905,0.778195,0.722914,0.641619,0.689520,0.728976,0.671124,0.696623,0.704379
0.680022,0.700197,0.668377,0.661130,0.770116,0.669918,0.721464,0.651167,0.664213,0.708990
0.677543,0.680066,0.635404,0.778381,0.610939,0.774626,0.712263,0.672876,0.678051,0.745081
0.696123,0.642930,0.653334,0.694438,0.920585,0.632889,0.715855,0.557672,0.636016,0.695118
0.711940,0.683918,0.703571,0.706655,0.475854,0.645384,0.656941,0.766177,0.641005,0.685918
0.688257,0.729847,0.749626,0.689235,0.678329,0.776360,0.641297,0.665445,0.630093,0.722244
0.697631,0.699311,0.659374,0.748736,0.526521,0.664773,0.700575,0.738483,0.719765,0.746040
0.635745,0.706335,0.688239,0.711323,0.894566,0.684663,0.657023,0.680606,0.683574,0.684864
0.735708,0.690378,0.618131,0.816817,0.604426,0.716217,0.781219,0.729405,0.658754,0.699482
0.668641,0.708361,0.723442,0.615365,0.467046,0.758141,0.730539,0.653124,0.662643,0.688534
0.653023,0.697715,0.697779,0.746037,0.457786,0.660719,0.701312,0.680918,0.749937,0.734120
0.718512,0.685280,0.708670,0.772242,0.494933,0.669795,0.686913,0.610527,0.699581,0.682286
0.716703,0.675445,0.690443,0.712985,0.606574,0.815527,0.713592,0.735741,0.722354,0.733218
0.693929,0.664824,0.683742,0.667340,0.618643,0.502638,0.723788,0.706964,0.677005,0.715485
0.698951,0.675266,0.667299,0.749488,0.722663,0.680956,0.753942,0.711991,0.724570,0.665231
0.678831,0.684398,0.752615,0.703894,0.724803,0.656122,0.738897,0.726547,0.722837,0.671504
0.680074,0.678344,0.678780,0.799581,0.911564,0.723563,0.695279,0.657320,0.680329,0.680689
0.699887,0.664946,0.711572,0.689685,0.528862,0.775203,0.637441,0.719312,0.683251,0.711170
0.680762,0.702081,0.663418,0.648521,0.723822,0.737993,0.681895,0.697611,0.692270,0.689334
0.669092,0.746486,0.681332,0.719128,0.743205,0.651445,0.681586,0.640657,0.694209,0.691483
0.696166,0.695851,0.694461,0.679959,0.631687,0.680124,0.640308,0.686313,0.693751,0.703323
0.663155,0.674365,0.748853,0.724947,0.306082,0.618357,0.664723,0.747432,0.658867,0.718077
0.702535,0.660954,0.695360,0.702325,0.549161,0.749290,0.669752,0.693970,0.670253,0.695081
0.739094,0.611883,0.736496,0.769777,0.630349,0.607093,0.606706,0.702267,0.570766,0.704076
0.705657,0.682436,0.643349,0.685552,0.699623,0.695168,0.775599,0.670639,0.670701,0.658813
0.694759,0.676736,0.686018,0.800743,0.729736,0.650325,0.620586,0.727391,0.620532,0.709526
0.693999,0.675646,0.703626,0.573627,0.851412,0.784916,0.651237,0.637039,0.731281,0.680745
0.673406,0.680547,0.754072,0.630660,0.591392,0.651195,0.573318,0.655256,0.728059,0.684552
0.677471,0.704279,0.791080,0.673999,0.659422,0.697275,0.783989,0.709426,0.673563,0.677000
0.709986,0.699860,0.719855,0.597573,0.593382,0.614138,0.713287,0.694640,0.684959,0.682561
0.677359,0.687759,0.647408,0.700633,0.690639,0.599432,0.732293,0.607765,0.610950,0.687773
0.668968,0.645578,0.669216,0.484031,0.877495,0.681174,0.719291,0.729641,0.757073,0.639776
0.662142,0.693393,0.667525,0.699651,0.897544,0.725437,0.703504,0.636821,0.661647,0.696289
0.704080,0.661046,0.656736,0.705018,0.715216,0.677761,0.659580,0.720404,0.682936,0.729732
0.595055,0.709647,0.692524,0.803312,0.660764,0.698945,0.647121,0.732687,0.745269,0.677773
0.673644,0.657971,0.692348,0.730839,0.914179,0.639598,0.652233,0.692766,0.695514,0.705788
0.706080,0.718455,0.686655,0.729437,0.723268,0.690191,0.597768,0.687390,0.653497,0.703359
0.650089,0.689706,0.663336,0.668736,0.607837,0.748406,0.584949,0.728750,0.731278,0.639143
0.691624,0.695907,0.615025,0.694718,0.663128,0.712563,0.657924,0.683029,0.689958,0.695561
0.654986,0.682742,0.744083,0.679280,0.303224,0.694911,0.680983,0.762178,0.752055,0.622315
0.671908,0.750587,0.667645,0.698509,0.777755,0.617795,0.700840,0.612188,0.665905,0.672030
0.742840,0.656509,0.622739,0.678146,0.680851,0.654783,0.755733,0.706407,0.655134,0.683160
0.706543,0.712937,0.766357,0.771209,0.794782,0.638685,0.747861,0.682759,0.678743,0.706336
0.668983,0.710162,0.635241,0.684182,0.709129,0.715651,0.688199,0.692394,0.680036,0.669216
0.690433,0.742078,0.652486,0.540080,0.712118,0.736888,0.710677,0.678920,0.695606,0.681709
0.713851,0.712990,0.766249,0.556921,0.811661,0.530293,0.765105,0.712347,0.686187,0.690882
0.635867,0.647874,0.724530,0.760255,0.647943,0.598559,0.716505,0.667913,0.751837,0.653161
0.679069,0.653033,0.728163,0.746044,0.736474,0.756600,0.646512,0.688739,0.625687,0.680055
0.700640,0.755369,0.648938,0.774049,0.804947,0.705194,0.717645,0.730436,0.683426,0.661784
0.674013,0.733018,0.656689,0.699715,0.715074,0.725293,0.717451,0.691013,0.702293,0.669371
0.711087,0.700657,0.769136,0.648759,0.706423,0.807279,0.626992,0.708351,0.693930,0.656906
0.689882,0.701780,0.708378,0.677151,0.722016,0.585219,0.688352,0.719838,0.667016,0.692894
0.637923,0.788723,0.693825,0.598541,0.826825,0.760097,0.646118,0.676658,0.675099,0.669907
0.682988,0.707138,0.707784,0.657721,0.312408,0.706646,0.703709,0.702422,0.663072,0.730202
0.683488,0.672036,0.738990,0.720593,0.794094,0.732325,0.742380,0.718566,0.681755,0.707243
0.732308,0.698124,0.693348,0.727083,0.508253,0.757255,0.682813,0.685852,0.679095,0.717473
0.690283,0.670830,0.738326,0.659818,0.600652,0.643145,0.631686,0.651625,0.673658,0.692807
0.686228,0.712741,0.721355,0.693186,0.626666,0.782684,0.675092,0.655903,0.673248,0.702250
0.734932,0.729590,0.701027,0.583229,0.627017,0.587350,0.733678,0.742253,0.755640,0.656391
0.677605,0.699318,0.736928,0.627277,0.457970,0.790718,0.666455,0.722242,0.701690,0.717894
0.689330,0.777931,0.687872,0.772418,0.586493,0.724097,0.703146,0.704097,0.659605,0.711833
0.707729,0.644719,0.684653,0.768160,0.653834,0.673508,0.688061,0.619727,0.724934,0.674249
0.688638,0.714959,0.741736,0.747488,0.716354,0.689990,0.732053,0.687436,0.681681,0.674499
0.683320,0.672879,0.633564,0.750396,0.757145,0.602323,0.716458,0.708771,0.697004,0.680333
0.714666,0.636530,0.741050,0.596422,0.580563,0.792409,0.711030,0.659043,0.653726,0.653672
0.681484,0.731058,0.690927,0.678835,0.795168,0.689906,0.703672,0.736784,0.660561,0.703002
0.695487,0.623110,0.693430,0.674958,0.620895,0.774480,0.729080,0.735163,0.650399,0.755718
0.674533,0.729625,0.772500,0.622714,0.773806,0.568009,0.758074,0.704436,0.641963,0.707940
0.709810,0.744986,0.701696,0.627815,0.637290,0.652162,0.598259,0.686303,0.681462,0.686741
0.615169,0.648721,0.650804,0.676657,0.721820,0.678172,0.757394,0.712692,0.749143,0.725088
0.736926,0.691032,0.615004,0.613333,0.770753,0.698005,0.785475,0.784674,0.591960,0.749922
0.717489,0.680877,0.681697,0.666411,0.681032,0.629071,0.714740,0.638189,0.703893,0.659135
0.698012,0.680445,0.699064,0.735305,0.888845,0.695125,0.717994,0.688453,0.703283,0.701854
0.715311,0.727243,0.733254,0.648428,0.758438,0.762421,0.716100,0.724180,0.714993,0.657059
0.716557,0.737577,0.686708,0.695626,0.716058,0.674326,0.714615,0.736609,0.693990,0.658915
0.649078,0.694386,0.661487,0.605334,0.746752,0.768130,0.676584,0.674640,0.621905,0.688899
0.671724,0.699111,0.643877,0.638555,0.724624,0.647597,0.695749,0.699871,0.665991,0.708948
0.635652,0.717020,0.675930,0.860146,0.582851,0.758787,0.723724,0.681246,0.713666,0.699686
0.661836,0.725994,0.678129,0.668442,0.623055,0.790358,0.709088,0.732665,0.694247,0.706318
0.651648,0.660417,0.690954,0.696354,0.683285,0.700544,0.680209,0.660821,0.677205,0.682283
0.742675,0.631081,0.715379,0.674027,0.671990,0.666749,0.734196,0.699610,0.700444,0.718378
0.734818,0.691434,0.662781,0.757974,0.848896,0.674777,0.743800,0.666311,0.649388,0.681975
0.699108,0.681687,0.660778,0.696465,0.527519,0.671591,0.702536,0.707311,0.683046,0.713838
0.699832,0.698245,0.717773,0.650810,0.623740,0.754520,0.682280,0.720515,0.695006,0.674319
0.655957,0.665076,0.737456,0.616307,0.713560,0.758220,0.680843,0.707406,0.688894,0.673685
0.673236,0.693469,0.750615,0.727456,0.741778,0.590922,0.721395,0.704957,0.699796,0.699311
0.668486,0.689802,0.733362,0.677855,0.767918,0.716937,0.605270,0.704425,0.676396,0.661767
0.672290,0.696394,0.682557,0.773608,0.752597,0.520747,0.661093,0.703080,0.657974,0.707709
0.733421,0.709756,0.710541,0.680295,0.763775,0.600541,0.663561,0.637881,0.688769,0.680788
0.664296,0.694655,0.749937,0.689304,0.734410,0.518419,0.731726,0.707799,0.627367,0.676201
0.672050,0.753005,0.701729,0.698487,0.653105,0.782433,0.658015,0.683426,0.698542,0.691864
0.681093,0.678692,0.744439,0.661511,0.469173,0.684741,0.687228,0.705879,0.663582,0.675534
0.721368,0.724214,0.751022,0.650494,0.699782,0.680707,0.691611,0.671890,0.694882,0.682163
0.672996,0.668406,0.664680,0.696679,0.650791,0.628456,0.748329,0.691712,0.715023,0.673718
0.649293,0.854848,0.688268,0.662768,0.652074,0.683677,0.732029,0.745205,0.683076,0.702821
0.652189,0.699817,0.658443,0.701569,0.672267,0.604624,0.728559,0.676118,0.737093,0.694339
0.753313,0.731830,0.629761,0.765462,0.665487,0.627674,0.694309,0.729022,0.696972,0.616074
0.715002,0.747449,0.677677,0.702748,0.703427,0.797525,0.733634,0.685779,0.643690,0.683919
0.656794,0.717476,0.616642,0.638546,0.513496,0.605725,0.759741,0.655450,0.671676,0.693974
0.685447,0.658428,0.704186,0.729931,0.660869,0.576235,0.705961,0.702761,0.673285,0.694679
0.690452,0.703117,0.440719,0.698760,0.630732,0.754365,0.627806,0.700144,0.687555,0.699006
0.737515,0.733710,0.617403,0.710733,0.596273,0.625380,0.636169,0.695042,0.681022,0.693265
0.708501,0.688219,0.668036,0.753081,0.721020,0.713233,0.704789,0.671562,0.674685,0.662767
0.696923,0.688284,0.671552,0.744243,0.600199,0.788910,0.715976,0.651098,0.728724,0.676905
0.718233,0.670538,0.698809,0.599776,0.860046,0.742992,0.680129,0.674982,0.699178,0.738910
0.610203,0.733905,0.719080,0.685161,0.446896,0.669462,0.702022,0.685780,0.737267,0.704418
0.717474,0.664484,0.660734,0.706070,0.657363,0.652199,0.706147,0.661986,0.721107,0.742234
0.669944,0.690192,0.678288,0.729570,0.828224,0.515209,0.683738,0.687350,0.679032,0.647217
0.711072,0.747289,0.660597,0.766983,0.736933,0.682393,0.792046,0.677603,0.664344,0.754388
0.686275,0.683845,0.681055,0.688066,0.571673,0.819297,0.686912,0.657815,0.680778,0.707015
0.721317,0.681501,0.652472,0.692275,0.744990,0.694398,0.555783,0.678616,0.683855,0.733689
0.723427,0.664284,0.742357,0.695006,0.900943,0.774978,0.672994,0.736358,0.651045,0.723542
0.728392,0.700828,0.709499,0.648154,0.599610,0.686850,0.646050,0.682824,0.674769,0.708377
0.696181,0.702403,0.663480,0.735615,0.911901,0.661983,0.696881,0.671769,0.703957,0.673001
0.716161,0.706365,0.652189,0.816469,0.673623,0.755773,0.683793,0.662228,0.733763,0.694637
0.703175,0.677664,0.654947,0.675000,0.624556,0.785918,0.700303,0.683507,0.688573,0.690682
0.644228,0.674787,0.671804,0.486570,0.851119,0.701570,0.697281,0.670832,0.791544,0.641795
0.667883,0.706462,0.673867,0.737660,0.764733,0.654416,0.753298,0.669234,0.718044,0.683463
0.687994,0.663187,0.696218,0.657955,0.726750,0.688289,0.681308,0.687903,0.710181,0.691517
0.692843,0.697770,0.685101,0.626101,0.717610,0.636158,0.721579,0.723341,0.753680,0.702448
0.675800,0.757753,0.678879,0.562521,0.856783,0.746511,0.695359,0.801582,0.662969,0.712331
0.574688,0.672722,0.642553,0.644611,0.698102,0.733854,0.734998,0.770541,0.755829,0.724335
0.712183,0.631304,0.726898,0.713283,0.510503,0.767747,0.667730,0.734196,0.725758,0.704345
0.653457,0.677737,0.693493,0.706351,0.510494,0.615489,0.770015,0.612980,0.700791,0.667922
0.718115,0.727229,0.696217,0.744488,0.640122,0.719109,0.647922,0.659868,0.708213,0.689131
0.724186,0.712109,0.763872,0.593744,0.662453,0.535249,0.667417,0.742768,0.698319,0.671156
0.686108,0.661335,0.638404,0.766237,0.781600,0.620601,0.764303,0.669798,0.737624,0.759263
0.699765,0.674055,0.706869,0.665054,0.750500,0.730357,0.723356,0.735121,0.748743,0.687579
0.670104,0.681360,0.698478,0.741803,0.500166,0.764416,0.682557,0.637819,0.723156,0.676711
0.714924,0.631575,0.683097,0.785180,0.902402,0.725455,0.670197,0.675975,0.717349,0.701930
0.682156,0.691290,0.827803,0.706413,0.554853,0.676248,0.785738,0.660798,0.692761,0.710422
0.674966,0.697023,0.639801,0.583345,0.604330,0.761652,0.654022,0.737767,0.700590,0.702988
0.691118,0.677443,0.707043,0.592404,0.508558,0.631036,0.676050,0.705112,0.658893,0.666753
0.701751,0.672509,0.736185,0.688464,0.676894,0.736683,0.744426,0.694355,0.678264,0.668240
0.682693,0.719823,0.695823,0.526859,0.773870,0.704101,0.724629,0.646599,0.686185,0.658035
0.696696,0.683027,0.711312,0.794043,0.527196,0.648952,0.767296,0.700846,0.716565,0.676523
0.683535,0.666323,0.668987,0.651679,0.458755,0.706734,0.681640,0.692451,0.697680,0.703902
0.672300,0.688548,0.665145,0.694150,0.555869,0.625949,0.728878,0.686826,0.656552,0.696626
0.737534,0.682380,0.636552,0.692714,0.868109,0.772069,0.717796,0.679328,0.642897,0.667641
0.670365,0.654273,0.660163,0.589742,0.629219,0.632690,0.743104,0.718053,0.704150,0.714524
0.654665,0.684818,0.671677,0.710951,0.771260,0.736825,0.658306,0.696856,0.675528,0.694630
0.727265,0.681468,0.685558,0.711166,0.772434,0.621838,0.626700,0.728311,0.639565,0.711336
0.690304,0.673496,0.823059,0.722748,0.785073,0.845471,0.775453,0.700312,0.672668,0.671946
0.663190,0.725429,0.660390,0.723519,0.846373,0.769805,0.693292,0.696929,0.734645,0.735295
0.658684,0.707026,0.656437,0.774706,0.658419,0.766635,0.727282,0.731549,0.700927,0.687247
0.723714,0.665657,0.739310,0.650540,0.764034,0.785853,0.576133,0.711404,0.585727,0.641007
0.683548,0.679382,0.748528,0.703861,0.854671,0.670070,0.756329,0.681808,0.643474,0.693493
0.579118,0.709971,0.628062,0.689658,0.701645,0.590078,0.729050,0.641897,0.678135,0.713452
0.708270,0.636211,0.670782,0.713260,0.739228,0.623285,0.712330,0.669813,0.721610,0.678689
0.700103,0.584308,0.707534,0.663715,0.649145,0.686572,0.683274,0.724307,0.710539,0.802785
0.728750,0.695195,0.748189,0.622969,0.681184,0.536941,0.701258,0.662315,0.678804,0.710688
0.654841,0.663071,0.637992,0.652849,0.568717,0.830610,0.683434,0.618061,0.648106,0.668509
0.727949,0.712776,0.650347,0.650524,0.660370,0.614339,0.687951,0.667948,0.642998,0.695967
0.698109,0.730896,0.672667,0.761203,0.683916,0.740818,0.678242,0.675122,0.738245,0.700043
0.625085,0.741742,0.717884,0.640849,0.766882,0.621669,0.631791,0.659680,0.720618,0.690715
0.730106,0.636588,0.674536,0.585114,0.473453,0.704695,0.725328,0.711418,0.714954,0.700434
0.679333,0.549272,0.700008,0.676579,0.606240,0.700933,0.659483,0.647184,0.677571,0.729561
0.687902,0.701248,0.594612,0.619166,0.487976,0.699619,0.645579,0.686131,0.686109,0.691644
0.718426,0.677985,0.670405,0.731776,0.520970,0.720751,0.742744,0.730564,0.692883,0.657256
0.737458,0.704785,0.724876,0.680254,0.552868,0.770964,0.659134,0.705907,0.691733,0.705017
0.673574,0.679014,0.704405,0.666871,0.614640,0.626412,0.684980,0.675425,0.657542,0.703330
0.673070,0.689499,0.711515,0.700467,0.817742,0.547280,0.696185,0.747004,0.650369,0.686062
0.674140,0.714050,0.648405,0.781050,0.835042,0.493877,0.691125,0.668941,0.689732,0.671661
0.646535,0.673181,0.674323,0.683300,0.667730,0.610688,0.623059,0.687179,0.715542,0.693093
0.758756,0.727349,0.695119,0.667151,0.540449,0.732366,0.718330,0.683217,0.671580,0.682743
0.687857,0.686720,0.660564,0.719818,0.549167,0.662383,0.622989,0.679500,0.741998,0.718641
0.666995,0.709777,0.714701,0.745838,0.533290,0.701660,0.667383,0.769236,0.722521,0.694109
0.680223,0.704899,0.670888,0.728776,0.688866,0.479581,0.690287,0.683919,0.698471,0.682940
0.701773,0.668901,0.678542,0.763325,0.842756,0.646847,0.692632,0.627396,0.649962,0.710815
0.673157,0.703363,0.654370,0.664788,0.702761,0.690382,0.643699,0.673755,0.683746,0.712349
0.660906,0.698237,0.685256,0.675299,0.675458,0.700239,0.727150,0.656999,0.656349,0.696073
0.712620,0.722169,0.660662,0.683756,0.699656,0.659455,0.654726,0.614809,0.720788,0.703305
0.704479,0.727309,0.648636,0.636674,0.640577,0.748338,0.718820,0.686172,0.659544,0.731191
0.706713,0.686359,0.608369,0.672203,0.542105,0.644349,0.658818,0.712082,0.667548,0.684552
0.665210,0.646837,0.704625,0.643510,0.664692,0.617969,0.680731,0.727875,0.704645,0.605659
0.614468,0.695181,0.649425,0.593232,0.694622,0.532729,0.795419,0.685750,0.725118,0.682925
0.694303,0.686899,0.661056,0.744431,0.731191,0.745748,0.703900,0.704088,0.689521,0.700268
0.689474,0.696633,0.715649,0.684484,0.609926,0.693473,0.697371,0.685706,0.678519,0.662794
0.695298,0.707119,0.625480,0.672271,0.606553,0.675635,0.677442,0.678268,0.670341,0.677835
0.706239,0.720626,0.682579,0.706968,0.760317,0.711440,0.657618,0.690360,0.704900,0.678932
0.590233,0.654910,0.709976,0.585509,0.617025,0.648615,0.780849,0.707175,0.744844,0.678611
0.695062,0.688681,0.732332,0.688309,0.787665,0.712228,0.717495,0.710031,0.697756,0.707348
0.724675,0.713420,0.703926,0.616414,0.721460,0.539562,0.691348,0.706589,0.717769,0.640025
0.743340,0.641590,0.711912,0.543903,0.566362,0.750846,0.758712,0.715231,0.744044,0.741223
0.702421,0.710295,0.674071,0.714984,0.755338,0.758572,0.664458,0.705413,0.715119,0.728285
0.811298,0.669383,0.715708,0.662743,0.847338,0.758938,0.677398,0.724098,0.687680,0.735693
0.675950,0.683506,0.609150,0.708720,0.813859,0.662403,0.681836,0.655014,0.707880,0.717260
0.662817,0.665024,0.706527,0.829809,0.545166,0.689487,0.688174,0.674274,0.735775,0.688620
0.764808,0.687895,0.712791,0.718829,0.635051,0.732999,0.592249,0.687526,0.640817,0.705602
0.731622,0.701609,0.593058,0.651146,0.568125,0.630115,0.805913,0.653319,0.656907,0.703083
0.690033,0.677934,0.704980,0.749472,0.848843,0.661756,0.703236,0.707752,0.686439,0.692728
0.687647,0.690167,0.691114,0.758584,0.705062,0.690673,0.625144,0.716227,0.653594,0.641480
0.693449,0.692440,0.702396,0.648003,0.840971,0.659832,0.733625,0.601891,0.661447,0.655439
0.708732,0.699006,0.734271,0.764491,0.752733,0.764210,0.721472,0.665395,0.704676,0.716032
0.682278,0.691791,0.780436,0.743957,0.730088,0.722104,0.807176,0.685916,0.684633,0.689899
0.659892,0.664807,0.744585,0.662042,0.559415,0.744142,0.715443,0.682359,0.669843,0.699436
0.706675,0.689448,0.663919,0.688668,0.621622,0.769469,0.694727,0.685942,0.747237,0.674347
0.691513,0.740991,0.687288,0.676732,0.454604,0.661847,0.720667,0.684219,0.698806,0.706697
0.711169,0.689944,0.684249,0.714601,0.712147,0.570163,0.740777,0.689362,0.670136,0.700602
0.720459,0.661824,0.629877,0.799423,0.836980,0.602233,0.674166,0.657389,0.725845,0.702862
0.684340,0.666758,0.646629,0.674536,0.606602,0.773920,0.660408,0.689525,0.696328,0.675852
0.691047,0.702512,0.683622,0.737101,0.488977,0.592090,0.725458,0.717510,0.731339,0.703873
0.682045,0.710276,0.648461,0.700213,0.726667,0.669732,0.755798,0.673808,0.681622,0.680061
0.681439,0.669446,0.792277,0.780963,0.822476,0.602737,0.752324,0.710428,0.670068,0.689313
0.687233,0.693117,0.735074,0.733368,0.778673,0.800850,0.738961,0.688346,0.664567,0.674070
0.631830,0.692676,0.636515,0.593885,0.767990,0.726583,0.758566,0.727105,0.669803,0.710224
0.744400,0.691978,0.650607,0.651949,0.667519,0.721325,0.767077,0.647458,0.739022,0.775133
0.680391,0.689277,0.728768,0.663701,0.771219,0.726609,0.731892,0.710096,0.637136,0.680304
0.714715,0.634609,0.683176,0.718102,0.484901,0.693370,0.696076,0.711366,0.741851,0.703730
0.700072,0.735521,0.692896,0.710958,0.765047,0.685533,0.751755,0.610311,0.652931,0.675454
0.692139,0.653376,0.679838,0.733873,0.776991,0.885178,0.647730,0.629482,0.703083,0.726327
0.683648,0.679490,0.661589,0.678941,0.576863,0.667289,0.683388,0.659666,0.710685,0.692505
0.679411,0.607285,0.676751,0.674789,0.904161,0.747756,0.688582,0.731942,0.703097,0.695739
0.713473,0.742052,0.706895,0.643298,0.679053,0.637203,0.676070,0.667081,0.705665,0.695046
0.747565,0.704351,0.655712,0.621470,0.911893,0.752992,0.765555,0.677632,0.645940,0.643465
0.672502,0.673436,0.631407,0.641904,0.724019,0.721069,0.659569,0.736093,0.732296,0.714755
0.717984,0.672331,0.674777,0.623867,0.638934,0.687277,0.755347,0.668860,0.645326,0.667156
0.667865,0.665371,0.656637,0.727210,0.714476,0.726424,0.686620,0.668325,0.684562,0.725078
0.690918,0.665248,0.720856,0.650640,0.644005,0.741087,0.704467,0.725464,0.726433,0.666458
0.731422,0.700916,0.719634,0.688259,0.649207,0.756819,0.688068,0.702956,0.711811,0.697078
0.695610,0.693809,0.697386,0.605620,0.794718,0.754032,0.654912,0.613920,0.767526,0.730422
0.662146,0.681722,0.693975,0.729534,0.542029,0.732881,0.560986,0.720936,0.699594,0.673329
0.674856,0.664187,0.680693,0.717771,0.714519,0.801603,0.683102,0.644767,0.682194,0.683705
0.687058,0.662714,0.699529,0.708822,0.518991,0.712237,0.721575,0.679313,0.695699,0.655425
0.682467,0.668593,0.708899,0.742073,0.889836,0.627211,0.705251,0.726366,0.673237,0.700195
0.708213,0.665601,0.653192,0.714773,0.587505,0.630586,0.682306,0.727863,0.674542,0.687125
0.709421,0.644207,0.632453,0.623741,0.400439,0.669463,0.782700,0.643645,0.684970,0.662706
0.641951,0.718036,0.742995,0.751468,0.597327,0.775908,0.589397,0.688694,0.741974,0.674830
0.643381,0.653558,0.654116,0.714072,0.519610,0.576209,0.664732,0.655175,0.696254,0.660404
0.692227,0.699732,0.700771,0.732681,0.836030,0.737318,0.709684,0.701907,0.674060,0.700476
0.681796,0.687111,0.655784,0.622845,0.802689,0.751632,0.753665,0.556456,0.678561,0.710440
0.691197,0.709070,0.690922,0.653447,0.635740,0.692818,0.668384,0.695368,0.697298,0.694005
0.712729,0.705168,0.625021,0.706860,0.559044,0.744083,0.658094,0.716654,0.724833,0.654636
0.685999,0.696886,0.793767,0.710154,0.585626,0.737949,0.785384,0.667765,0.651812,0.682589
0.613030,0.709491,0.684447,0.577580,0.774717,0.752812,0.704295,0.602496,0.728880,0.684516
0.701758,0.696764,0.649337,0.646784,0.674397,0.669419,0.690332,0.680827,0.683441,0.675661
0.724370,0.673276,0.653790,0.774423,0.814321,0.677112,0.687163,0.681184,0.735555,0.708779
0.693889,0.606521,0.672097,0.603936,0.739869,0.709517,0.714381,0.490808,0.726320,0.675425
0.671687,0.644477,0.682636,0.682577,0.716811,0.606504,0.699751,0.687496,0.710505,0.682184
0.697876,0.678385,0.658352,0.683154,0.651358,0.687813,0.673134,0.673533,0.699066,0.693829
0.724118,0.689188,0.692041,0.627037,0.660937,0.685044,0.668259,0.719085,0.697864,0.691054
0.728276,0.724902,0.710121,0.561447,0.694734,0.757654,0.663868,0.645154,0.729275,0.697358
0.654361,0.720144,0.647013,0.744997,0.583750,0.842975,0.638317,0.787009,0.730641,0.633022
0.695665,0.711906,0.695983,0.710698,0.844669,0.685796,0.667949,0.732637,0.660818,0.687696
0.694944,0.735239,0.753459,0.715564,0.527980,0.639720,0.735611,0.671675,0.672364,0.702633
0.689431,0.706363,0.680911,0.690792,0.524933,0.618532,0.707047,0.679036,0.744664,0.726130
0.623320,0.636639,0.721617,0.768312,0.375592,0.632205,0.754842,0.692389,0.733158,0.710125
0.677927,0.675302,0.683979,0.776213,0.537575,0.594764,0.719601,0.686417,0.689366,0.720592
0.687979,0.631137,0.679207,0.771480,0.569779,0.591173,0.708344,0.691153,0.705004,0.700516
0.710430,0.678823,0.696900,0.664706,0.701341,0.715725,0.621043,0.590365,0.651788,0.674349
0.673666,0.639168,0.718309,0.637421,0.850578,0.609713,0.676329,0.727036,0.682972,0.682203
0.687606,0.698268,0.593642,0.688629,0.737556,0.746846,0.651610,0.664447,0.673497,0.677325
0.695172,0.673904,0.646419,0.680786,0.742454,0.743184,0.670304,0.700022,0.675273,0.686113
0.693103,0.728955,0.741948,0.652028,0.532622,0.598758,0.722164,0.700145,0.674369,0.720041
0.666454,0.648765,0.777389,0.806142,0.745488,0.588192,0.760976,0.647666,0.665248,0.697957
0.721919,0.700902,0.664891,0.690360,0.607889,0.853248,0.715711,0.741093,0.696886,0.683486
0.691695,0.652746,0.702411,0.694145,0.813550,0.704346,0.743229,0.704307,0.702776,0.699855
0.629054,0.658844,0.676929,0.657595,0.616344,0.584982,0.695309,0.627120,0.660304,0.676528
0.687686,0.593200,0.822979,0.717066,0.592532,0.737705,0.762805,0.669448,0.709089,0.704876
0.676487,0.654468,0.719713,0.767706,0.708099,0.662657,0.720795,0.714026,0.716012,0.708970
0.684134,0.719938,0.711705,0.760062,0.771476,0.682794,0.675890,0.698867,0.717582,0.690730
0.662893,0.641365,0.654686,0.666221,0.734534,0.691184,0.623688,0.702390,0.669853,0.720739
0.747253,0.749130,0.641642,0.671879,0.742309,0.516694,0.693034,0.670759,0.690700,0.660270
0.709555,0.734609,0.648301,0.645814,0.633861,0.670569,0.708747,0.699553,0.646137,0.670921
0.686786,0.685671,0.726744,0.629014,0.653072,0.707002,0.688863,0.726638,0.754150,0.687171
0.671024,0.653813,0.705116,0.708479,0.714393,0.642088,0.700985,0.679811,0.729963,0.718584
0.676886,0.690017,0.708557,0.758917,0.478652,0.689130,0.695273,0.703779,0.727110,0.723229
0.658100,0.703586,0.723175,0.658383,0.602304,0.757349,0.688976,0.670850,0.695275,0.685731
0.696144,0.720097,0.694484,0.605584,0.514964,0.665517,0.702976,0.679526,0.638606,0.731867
0.567870,0.728480,0.664826,0.561343,0.691680,0.902779,0.811250,0.733695,0.678807,0.717351
0.673396,0.718724,0.660874,0.624629,0.765944,0.568016,0.632758,0.739863,0.656433,0.708346
0.736801,0.683652,0.686367,0.725836,0.539203,0.875119,0.751878,0.687303,0.766349,0.695632
0.728876,0.796608,0.688714,0.634830,0.731397,0.679530,0.707211,0.728029,0.715373,0.670603
0.709562,0.704955,0.686191,0.577414,0.783174,0.611914,0.656653,0.714361,0.706524,0.696492
0.685425,0.726164,0.723091,0.607979,0.717657,0.695828,0.623526,0.687442,0.714498,0.697862
0.622113,0.676032,0.663582,0.568532,0.824124,0.601445,0.695970,0.741787,0.674685,0.682356
0.695769,0.626450,0.690859,0.754860,0.576793,0.744061,0.667033,0.638876,0.720842,0.745655
0.695262,0.686019,0.719240,0.649574,0.613889,0.673419,0.628625,0.727291,0.687922,0.647647
0.683067,0.710224,0.632324,0.677718,0.630875,0.659435,0.638825,0.723041,0.705000,0.671487
0.672241,0.696593,0.642751,0.664449,0.674887,0.669633,0.687737,0.632245,0.710556,0.656590
0.685435,0.658131,0.648957,0.786329,0.738579,0.534960,0.697377,0.697908,0.717623,0.698184
0.668818,0.716904,0.711869,0.676146,0.493870,0.703153,0.665232,0.661230,0.676660,0.673442
0.693275,0.686440,0.718373,0.707982,0.758354,0.595313,0.707763,0.742002,0.676631,0.675629
0.651865,0.675055,0.672382,0.585082,0.773177,0.603422,0.638425,0.718960,0.714941,0.620427
0.682905,0.701746,0.701334,0.669848,0.667207,0.721723,0.677731,0.670541,0.681786,0.677386
0.704516,0.685016,0.652239,0.651201,0.643417,0.673903,0.751722,0.687685,0.706956,0.733280
0.685910,0.714923,0.711052,0.767016,0.869665,0.730466,0.700722,0.679026,0.714670,0.682030
0.668647,0.656317,0.669543,0.773005,0.960561,0.723004,0.628617,0.675429,0.719603,0.699378
0.649054,0.659871,0.769616,0.685955,0.784349,0.770384,0.688268,0.669189,0.695105,0.711815
0.673813,0.668180,0.639032,0.727853,0.730340,0.547655,0.734798,0.687780,0.739390,0.635569
0.727333,0.654103,0.717313,0.688812,0.889505,0.723328,0.716428,0.626173,0.703371,0.694571
0.668725,0.656579,0.702368,0.700161,0.507698,0.736257,0.713869,0.664354,0.683505,0.710018
0.672584,0.652902,0.650420,0.621779,0.749329,0.613103,0.749588,0.626111,0.731411,0.698676
0.718677,0.724398,0.628105,0.591894,0.689893,0.715311,0.731707,0.680693,0.733882,0.707449
0.702405,0.695734,0.699087,0.716929,0.759885,0.691496,0.687937,0.709010,0.710810,0.679759
0.719629,0.692001,0.663074,0.637748,0.729885,0.610354,0.743399,0.676006,0.699357,0.713812
0.636597,0.689687,0.633053,0.668197,0.631632,0.688210,0.686900,0.629667,0.702710,0.711280
0.784545,0.634437,0.675503,0.726075,0.544648,0.760443,0.783409,0.687509,0.682530,0.677046
0.643142,0.709214,0.694173,0.594295,0.590780,0.761627,0.729274,0.658731,0.734990,0.669649
0.684623,0.647265,0.639091,0.731373,0.743804,0.643263,0.762802,0.682122,0.762850,0.704947
0.691496,0.688186,0.707911,0.788101,0.667833,0.590166,0.720771,0.709529,0.670866,0.690014
0.612687,0.678172,0.699477,0.683929,0.582192,0.691271,0.659942,0.651566,0.725361,0.680272
0.713907,0.778329,0.688099,0.751386,0.685731,0.803539,0.689753,0.696977,0.668795,0.702023
0.576086,0.719867,0.685294,0.597212,0.840350,0.764220,0.694831,0.606785,0.729542,0.666709
0.641325,0.688694,0.643575,0.666061,0.632133,0.685800,0.674412,0.690000,0.655401,0.724038
0.672492,0.746937,0.611288,0.613908,0.569977,0.724631,0.766011,0.626305,0.691090,0.653574
0.756780,0.669018,0.672677,0.692005,0.710843,0.719342,0.697039,0.687118,0.735759,0.586291
0.715958,0.599042,0.718030,0.724654,0.646975,0.656072,0.688243,0.684029,0.716577,0.746956
0.716781,0.693029,0.616598,0.718189,0.697914,0.671002,0.694700,0.658950,0.676334,0.718885
0.747587,0.679270,0.678414,0.788486,0.608795,0.815965,0.699378,0.771340,0.677301,0.690265
0.692875,0.708975,0.733136,0.695573,0.739182,0.699219,0.708938,0.716106,0.676894,0.695393
0.723104,0.748069,0.688385,0.664766,0.729830,0.672809,0.654704,0.707431,0.686825,0.664936
0.690838,0.699460,0.785128,0.707677,0.614241,0.715441,0.747883,0.690801,0.689558,0.696780
0.702884,0.680219,0.715426,0.663023,0.844082,0.767296,0.628287,0.648174,0.697124,0.689100
0.667290,0.668157,0.663791,0.700587,0.729392,0.693245,0.749105,0.665069,0.632224,0.696086
0.680547,0.703123,0.688659,0.766970,0.854328,0.697790,0.667959,0.636636,0.686693,0.704202
0.715178,0.645703,0.677473,0.713646,0.854317,0.752448,0.716626,0.625923,0.665837,0.685540
0.700743,0.649784,0.568950,0.698923,0.743763,0.658511,0.632647,0.722826,0.681125,0.716813
0.655384,0.677723,0.705416,0.713007,0.805710,0.652503,0.723714,0.710271,0.689643,0.701426
0.684714,0.692506,0.575441,0.649818,0.717797,0.800238,0.644336,0.679602,0.687231,0.696582
0.719713,0.740970,0.655688,0.739454,0.635790,0.696282,0.701745,0.696455,0.691226,0.732497
0.673632,0.671381,0.676167,0.644477,0.812597,0.660552,0.731640,0.695126,0.779328,0.659324
0.691113,0.692970,0.687284,0.752244,0.860570,0.617542,0.666319,0.667939,0.701450,0.704322
0.689752,0.695146,0.634527,0.679450,0.671956,0.746135,0.677203,0.705083,0.684846,0.692698
0.720199,0.648065,0.659740,0.801400,0.623457,0.699464,0.710324,0.717285,0.665291,0.686410
0.719507,0.718485,0.698192,0.734306,0.685669,0.567116,0.715107,0.718141,0.735305,0.683208
0.734188,0.697337,0.743511,0.756256,0.618970,0.652429,0.757489,0.681773,0.704411,0.685149
0.683689,0.688188,0.719967,0.769361,0.694542,0.780686,0.748058,0.674068,0.708345,0.696590
0.716922,0.769020,0.642790,0.635375,0.648724,0.537332,0.741199,0.609776,0.726375,0.708106
0.691040,0.680170,0.669022,0.679679,0.691585,0.632184,0.662523,0.683234,0.683069,0.695303
0.709587,0.734652,0.664131,0.662931,0.656115,0.558805,0.632595,0.715770,0.703638,0.738103
0.677197,0.739183,0.739991,0.691525,0.504412,0.742308,0.659854,0.680814,0.659795,0.733436
0.694718,0.696181,0.670692,0.666652,0.580055,0.685082,0.681937,0.685572,0.676946,0.689103
0.724894,0.757064,0.684448,0.680618,0.784324,0.533978,0.681288,0.732129,0.709852,0.671019
0.693789,0.717816,0.719550,0.688475,0.432642,0.694259,0.690278,0.705493,0.701586,0.710149
0.702001,0.803345,0.679136,0.613267,0.771055,0.736211,0.781727,0.660964,0.716649,0.690172
0.681008,0.663802,0.632206,0.747121,0.798901,0.553866,0.694274,0.655383,0.691887,0.733508
0.713410,0.697820,0.655635,0.665414,0.632095,0.717870,0.753547,0.707213,0.636532,0.645045
0.662320,0.762870,0.651653,0.815400,0.913895,0.695893,0.671468,0.624215,0.633769,0.710874
0.632549,0.672797,0.704590,0.697735,0.721861,0.760812,0.626538,0.672343,0.688672,0.713283
0.679771,0.650446,0.692338,0.668521,0.521172,0.640053,0.684446,0.657587,0.663583,0.678136
0.673787,0.685150,0.642601,0.714958,0.541085,0.629934,0.687960,0.717332,0.684300,0.672671
0.698393,0.689914,0.679815,0.695732,0.694043,0.601267,0.734222,0.685732,0.673529,0.721603
0.704016,0.759921,0.744515,0.698305,0.696501,0.641225,0.680657,0.640140,0.667415,0.643741
0.684689,0.738629,0.676146,0.688856,0.451420,0.729188,0.705743,0.673525,0.690585,0.696092
0.690845,0.706576,0.724470,0.721281,0.866952,0.720808,0.695190,0.668783,0.655870,0.737134
0.686266,0.652055,0.730212,0.745136,0.750831,0.738016,0.730148,0.698348,0.681263,0.680280
0.663110,0.657769,0.657606,0.685214,0.761119,0.703351,0.634461,0.694488,0.701505,0.702424
0.692944,0.684978,0.683327,0.718022,0.823333,0.735723,0.718044,0.690184,0.677173,0.660405
0.682138,0.754345,0.682343,0.634285,0.781673,0.727602,0.632212,0.716132,0.712062,0.711551
0.684911,0.672034,0.655905,0.696561,0.635271,0.777750,0.663853,0.638144,0.696375,0.685028
0.710253,0.691346,0.662812,0.671465,0.755498,0.528868,0.704245,0.752839,0.662271,0.710779
0.679934,0.725791,0.650522,0.715585,0.760111,0.697002,0.699583,0.665204,0.682606,0.713713
0.734287,0.700288,0.698083,0.542542,0.554806,0.618552,0.746663,0.677243,0.648166,0.681957
0.710938,0.721402,0.682793,0.670625,0.740414,0.575024,0.696116,0.747209,0.707129,0.725425
0.715825,0.704416,0.707849,0.629717,0.670813,0.542546,0.669692,0.689727,0.716017,0.639582
0.649653,0.676948,0.707172,0.542467,0.586511,0.627715,0.742239,0.712312,0.704726,0.696136
0.678418,0.707966,0.694989,0.634810,0.557747,0.541025,0.694528,0.637201,0.703413,0.689992
0.735961,0.656955,0.717661,0.743865,0.755088,0.763630,0.691913,0.684459,0.737720,0.708859
0.718673,0.601908,0.677769,0.694798,0.559504,0.688044,0.670562,0.699499,0.694604,0.745383
0.677690,0.729448,0.671592,0.669670,0.562272,0.615433,0.737104,0.674948,0.666341,0.720798
0.749706,0.665721,0.703300,0.706700,0.681011,0.605892,0.584592,0.658438,0.635858,0.678011
0.685232,0.698302,0.784125,0.730528,0.760193,0.737629,0.722028,0.693596,0.685486,0.680600
0.680592,0.672469,0.647746,0.645109,0.754200,0.648613,0.701335,0.707826,0.645562,0.630439
0.674796,0.697315,0.740199,0.749245,0.595493,0.703396,0.730397,0.634938,0.692209,0.689970
0.693566,0.649927,0.783016,0.669083,0.683491,0.623942,0.559835,0.667025,0.606282,0.673090
0.694161,0.656689,0.759985,0.635480,0.747937,0.824155,0.736263,0.673654,0.652116,0.742069
0.720357,0.671913,0.665523,0.737680,0.808930,0.550040,0.718495,0.659756,0.671245,0.684557
0.692677,0.661169,0.597366,0.669082,0.666907,0.633455,0.689946,0.728906,0.675005,0.683004
0.676493,0.716523,0.708258,0.671652,0.742138,0.666588,0.704585,0.723682,0.671933,0.693696
0.696061,0.617378,0.696831,0.713990,0.571741,0.732631,0.720975,0.686193,0.721095,0.618234
0.655233,0.726415,0.760425,0.759327,0.557833,0.617143,0.734645,0.665418,0.725231,0.730052
0.731487,0.724852,0.678397,0.689457,0.678309,0.738385,0.716387,0.612808,0.763187,0.704760
0.617570,0.669941,0.696454,0.697770,0.666012,0.733592,0.621679,0.645410,0.687553,0.673266
0.724342,0.675511,0.656341,0.767944,0.719287,0.655484,0.738483,0.676117,0.741087,0.681959
0.687641,0.702723,0.731639,0.495086,0.625541,0.719563,0.563153,0.703031,0.746886,0.607544
0.687980,0.687107,0.612349,0.659683,0.609204,0.691616,0.664154,0.691695,0.700657,0.702626
0.706289,0.719902,0.697859,0.637931,0.419281,0.760438,0.696735,0.707823,0.690960,0.675323
0.695574,0.735598,0.716150,0.713689,0.531619,0.854862,0.723989,0.723101,0.668473,0.714795
0.699836,0.716029,0.712819,0.695367,0.567057,0.797228,0.699481,0.670781,0.737538,0.711143
0.699024,0.648169,0.632820,0.670209,0.892131,0.681558,0.707696,0.739668,0.760525,0.655464
0.680785,0.699817,0.686665,0.634734,0.859458,0.688568,0.711390,0.757535,0.652948,0.685909
0.697478,0.704278,0.633779,0.645621,0.463112,0.677481,0.799460,0.699423,0.667974,0.660973
0.673077,0.684813,0.671470,0.650001,0.575948,0.679387,0.743902,0.703714,0.701106,0.695651
0.690349,0.680257,0.759616,0.692323,0.732556,0.725671,0.744056,0.701089,0.669368,0.698470
0.678299,0.647985,0.700113,0.775164,0.651845,0.682622,0.677412,0.734805,0.719111,0.621789
0.714640,0.710201,0.704569,0.760933,0.679031,0.807525,0.639962,0.702783,0.746566,0.686546
0.699404,0.681052,0.783735,0.708177,0.643500,0.720030,0.753996,0.686587,0.669501,0.691321
0.729209,0.723592,0.708247,0.794666,0.715446,0.689671,0.678530,0.742536,0.690598,0.686104
0.708742,0.639863,0.763241,0.731120,0.744839,0.621409,0.763004,0.684225,0.698162,0.679522
0.682950,0.687453,0.692198,0.712019,0.805152,0.609531,0.695587,0.734721,0.680559,0.684907
0.695272,0.674660,0.693174,0.684740,0.691779,0.722945,0.673446,0.687344,0.670428,0.689220
0.678472,0.628164,0.693124,0.656801,0.749412,0.628579,0.722095,0.728091,0.684092,0.711121
0.730355,0.701121,0.639460,0.675149,0.705434,0.793266,0.664542,0.705960,0.702569,0.656563
0.663255,0.722291,0.714196,0.828349,0.762930,0.675310,0.710673,0.701858,0.688075,0.639648
0.687672,0.678440,0.692405,0.654632,0.463269,0.703557,0.707542,0.672729,0.640450,0.668504
0.731910,0.728370,0.785373,0.783869,0.752999,0.751314,0.700747,0.665808,0.690100,0.664349
0.618592,0.694957,0.705291,0.629417,0.512207,0.651817,0.624486,0.717491,0.708662,0.643434
0.714114,0.654874,0.672398,0.730079,0.673688,0.685226,0.659976,0.728863,0.672367,0.681401
0.678585,0.648787,0.693926,0.664995,0.662575,0.774387,0.692457,0.701106,0.657528,0.686489
0.714905,0.686446,0.678905,0.570212,0.826568,0.784890,0.722682,0.674457,0.642569,0.690356
0.639697,0.735306,0.700299,0.650941,0.647606,0.792006,0.678533,0.634230,0.656641,0.722603
0.677497,0.687126,0.702172,0.690234,0.557233,0.687793,0.666585,0.669695,0.679709,0.673501
0.680846,0.724463,0.699138,0.731136,0.796505,0.659549,0.697154,0.683974,0.643703,0.743915
0.690052,0.671931,0.709681,0.681751,0.696283,0.658678,0.700176,0.690396,0.695187,0.654451
0.685137,0.645017,0.677225,0.732556,0.689095,0.707128,0.710536,0.663467,0.677246,0.679225
0.652207,0.672559,0.688151,0.717101,0.690974,0.670121,0.671290,0.640702,0.683462,0.716512
0.644126,0.720674,0.680517,0.716356,0.747143,0.652563,0.706443,0.680524,0.694402,0.642699
0.805640,0.762931,0.705606,0.585871,0.784604,0.743919,0.684951,0.762397,0.606605,0.693816
0.769051,0.740777,0.640560,0.772854,0.770088,0.804113,0.762783,0.694481,0.680366,0.720207
0.688646,0.738491,0.716934,0.727273,0.879093,0.823066,0.674444,0.696018,0.687804,0.679628
0.737660,0.756185,0.656443,0.712136,0.738455,0.601480,0.709827,0.671839,0.714222,0.723135
0.720183,0.704071,0.708532,0.621640,0.612791,0.882981,0.722631,0.712657,0.667116,0.700117
0.697940,0.719798,0.673146,0.788727,0.674583,0.657279,0.762014,0.693504,0.711570,0.667053
0.674922,0.706855,0.623332,0.689027,0.625705,0.653054,0.663923,0.693583,0.657218,0.712726
0.732123,0.640122,0.687897,0.734235,0.645121,0.671288,0.703114,0.691909,0.671686,0.673461
0.707081,0.661242,0.686495,0.644529,0.682591,0.664844,0.699447,0.681500,0.710626,0.719485
0.687625,0.657974,0.706123,0.672153,0.425140,0.592741,0.711350,0.741466,0.688313,0.673654
0.612299,0.724287,0.721359,0.680229,0.711484,0.710420,0.652316,0.668752,0.732428,0.733674
0.693455,0.676826,0.654757,0.813629,0.849471,0.584067,0.679099,0.676530,0.692948,0.667334
0.709099,0.675783,0.694186,0.679825,0.596987,0.632684,0.686923,0.713096,0.706054,0.693805
0.724662,0.683483,0.747298,0.771502,0.586914,0.683874,0.733996,0.690427,0.721173,0.677862
0.728385,0.706480,0.712153,0.745576,0.554171,0.758491,0.693090,0.689903,0.738847,0.644780
0.694831,0.691850,0.711134,0.684373,0.500614,0.670439,0.705970,0.678025,0.669233,0.701199
0.675654,0.764673,0.667468,0.785374,0.705377,0.731037,0.713037,0.668459,0.660004,0.727472
0.697201,0.753710,0.702881,0.636941,0.614085,0.546900,0.700748,0.713838,0.719328,0.732323
0.704147,0.695359,0.689324,0.673398,0.570186,0.760830,0.681553,0.716286,0.685389,0.673811
0.701354,0.689084,0.662994,0.635652,0.797730,0.664146,0.701778,0.709090,0.694642,0.706592
0.700762,0.643159,0.628403,0.784281,0.741089,0.834510,0.705577,0.788774,0.687538,0.691244
0.705992,0.698176,0.745771,0.722984,0.592409,0.677251,0.704671,0.676762,0.694404,0.702099
0.714784,0.740005,0.732212,0.698212,0.558889,0.699833,0.744426,0.714404,0.725768,0.680157
0.698417,0.658120,0.666598,0.688712,0.696155,0.768768,0.682482,0.709685,0.685650,0.697274
0.692898,0.731863,0.642900,0.645844,0.702220,0.737844,0.665854,0.640306,0.700367,0.670858
0.718776,0.741901,0.739068,0.813274,0.764535,0.788797,0.536153,0.726622,0.668173,0.688666
0.688378,0.692114,0.694431,0.664492,0.524349,0.682197,0.717158,0.674903,0.683433,0.673126
0.661368,0.696055,0.636865,0.710294,0.663329,0.739830,0.673659,0.730052,0.702976,0.721832
0.662862,0.750504,0.682746,0.706026,0.776466,0.749980,0.633482,0.641215,0.673739,0.651271
0.699334,0.734700,0.730916,0.700639,0.728004,0.745202,0.708918,0.699223,0.721799,0.696670
0.694794,0.742959,0.623039,0.670199,0.636903,0.674376,0.654281,0.677731,0.732182,0.708148
0.699777,0.693079,0.692242,0.688327,0.604968,0.745104,0.680786,0.628413,0.647106,0.768254
0.680627,0.671460,0.662225,0.653299,0.683682,0.708269,0.688228,0.681743,0.682506,0.669423
0.667862,0.656784,0.729252,0.700223,0.743080,0.697264,0.729123,0.631337,0.660722,0.696721
0.661068,0.669415,0.682488,0.782060,0.750105,0.554494,0.707944,0.680312,0.694819,0.677073
0.725673,0.735158,0.680332,0.615001,0.700259,0.653632,0.688953,0.687365,0.738588,0.703160
0.681760,0.697605,0.699475,0.663401,0.743556,0.761368,0.691188,0.648874,0.716249,0.686966
0.691595,0.644608,0.732064,0.664476,0.833435,0.664824,0.684948,0.748836,0.680086,0.756025
0.674928,0.700141,0.614281,0.679574,0.654411,0.738892,0.748220,0.677607,0.651214,0.716707
0.685569,0.728764,0.714099,0.607863,0.778410,0.713371,0.691986,0.634281,0.711015,0.703657
0.698202,0.566775,0.756384,0.670190,0.450516,0.689202,0.675288,0.649954,0.733931,0.740208
0.663506,0.696963,0.402324,0.647362,0.699127,0.729513,0.428281,0.677030,0.665209,0.680667
0.689655,0.692032,0.668048,0.705697,0.656343,0.755177,0.713245,0.683142,0.708517,0.687214
0.698735,0.720315,0.697369,0.726010,0.620431,0.603737,0.683839,0.751532,0.696494,0.726550
0.692817,0.704076,0.816563,0.670085,0.712008,0.726304,0.737362,0.633575,0.727917,0.689945
0.686745,0.677482,0.694625,0.762653,0.801455,0.664701,0.684081,0.694723,0.698833,0.690624
0.687667,0.694120,0.721627,0.653448,0.761209,0.749303,0.636154,0.666154,0.665681,0.735979
0.715733,0.638659,0.640256,0.772088,0.661287,0.568192,0.755385,0.700621,0.666296,0.620135
0.703637,0.746599,0.697024,0.755809,0.738048,0.734007,0.676909,0.744971,0.672656,0.686713
0.671304,0.702475,0.693412,0.650068,0.626261,0.623705,0.712749,0.666896,0.639833,0.689548
0.694679,0.693576,0.659864,0.724199,0.663435,0.641961,0.653136,0.708923,0.680575,0.687412
0.697882,0.681416,0.706329,0.667518,0.477267,0.687820,0.715464,0.686729,0.691450,0.681196
0.686996,0.679396,0.670299,0.643202,0.676716,0.716339,0.696356,0.663064,0.700105,0.656707
0.708225,0.657671,0.700708,0.598168,0.841556,0.656466,0.699136,0.731714,0.696122,0.669173
0.648104,0.724354,0.715571,0.639603,0.879334,0.711517,0.712286,0.739626,0.660223,0.676275
0.727960,0.696040,0.694703,0.640711,0.726742,0.581142,0.685311,0.697985,0.658478,0.684906
0.698702,0.674514,0.715247,0.648550,0.486563,0.797864,0.721105,0.705246,0.734550,0.717681
0.692180,0.683347,0.642055,0.663466,0.618200,0.692305,0.648794,0.687636,0.695535,0.690361
0.669110,0.651692,0.655626,0.689591,0.610116,0.720328,0.725681,0.644930,0.694041,0.657626
0.789172,0.645600,0.632815,0.690325,0.741133,0.733558,0.777928,0.606420,0.622158,0.705692
0.686843,0.620184,0.698061,0.793563,0.737152,0.829971,0.664663,0.747504,0.628257,0.675471
0.697979,0.708086,0.606523,0.647167,0.709689,0.699225,0.644187,0.684344,0.736709,0.702888
0.724988,0.745801,0.689435,0.697687,0.831071,0.589638,0.678684,0.593949,0.726643,0.676046
0.742167,0.730494,0.698076,0.720311,0.578265,0.596901,0.694455,0.684755,0.750650,0.681261
0.686252,0.669060,0.680187,0.695646,0.563998,0.786370,0.707028,0.648664,0.701006,0.731024
0.711698,0.656713,0.710907,0.705532,0.703807,0.712196,0.615442,0.699769,0.685709,0.686768
0.717519,0.732736,0.664219,0.737244,0.567235,0.691009,0.726500,0.745753,0.729390,0.680788
0.696448,0.684335,0.703075,0.747336,0.752496,0.634613,0.718235,0.677801,0.711932,0.654366
0.687027,0.677151,0.720548,0.778978,0.786874,0.669455,0.699815,0.682806,0.692057,0.696802
0.744619,0.690823,0.679804,0.696467,0.782160,0.670474,0.701164,0.661592,0.653190,0.718538
0.682239,0.696765,0.686769,0.728900,0.503846,0.659585,0.692420,0.769006,0.678809,0.667156
0.759572,0.584687,0.714007,0.593394,0.574150,0.700437,0.715168,0.659239,0.737299,0.666455
0.646289,0.683601,0.631008,0.653313,0.595445,0.694323,0.641167,0.682057,0.712052,0.673462
0.707733,0.756630,0.751002,0.669512,0.724480,0.784436,0.591131,0.618845,0.705874,0.676580
0.754974,0.734194,0.667821,0.747291,0.578450,0.787910,0.647717,0.696089,0.682877,0.703409
0.698765,0.703662,0.690664,0.727307,0.671154,0.701484,0.638622,0.678021,0.663274,0.678828
0.617454,0.699664,0.730638,0.793647,0.630497,0.681444,0.643635,0.697747,0.735348,0.693657
0.725501,0.733807,0.715625,0.800472,0.808777,0.833977,0.698413,0.701180,0.686981,0.727237
0.674885,0.690810,0.598514,0.610254,0.801176,0.738648,0.654698,0.671453,0.687025,0.694950
0.734964,0.693281,0.645152,0.606990,0.792604,0.753612,0.690824,0.706155,0.678142,0.672757
0.719469,0.676094,0.716146,0.682439,0.855386,0.710726,0.678576,0.716516,0.747656,0.604566
0.699716,0.721414,0.669570,0.663844,0.489452,0.689891,0.750882,0.668314,0.703795,0.687545
0.668058,0.725020,0.672162,0.598503,0.744161,0.577762,0.718585,0.761956,0.690080,0.670794
0.677697,0.709863,0.710164,0.721601,0.716698,0.670333,0.736261,0.686677,0.696062,0.704305
0.603456,0.682054,0.665052,0.656182,0.577447,0.798919,0.646146,0.755527,0.695794,0.710719
0.686809,0.684571,0.662010,0.691043,0.627917,0.705128,0.668711,0.705594,0.689604,0.702420
0.689209,0.681386,0.673049,0.721471,0.760479,0.658281,0.683686,0.688386,0.695402,0.701826
0.655408,0.683825,0.726266,0.542704,0.595308,0.795711,0.692478,0.673807,0.694884,0.686752
0.738141,0.747404,0.732729,0.699474,0.532751,0.803400,0.640281,0.749787,0.659078,0.678467
0.683471,0.720117,0.703611,0.689647,0.582751,0.682987,0.567606,0.724454,0.701799,0.720782
0.685365,0.689541,0.606281,0.677638,0.547138,0.704239,0.652860,0.678873,0.679425,0.673756
0.699060,0.708869,0.655700,0.769704,0.702881,0.590026,0.692274,0.677843,0.704493,0.682136
0.690868,0.703780,0.788531,0.759762,0.870180,0.771591,0.748299,0.699380,0.693314,0.712334
0.698147,0.661563,0.725714,0.790923,0.755293,0.625836,0.731707,0.665606,0.710448,0.705688
0.662483,0.741332,0.646476,0.760139,0.859525,0.679174,0.750775,0.623991,0.759867,0.615248
0.712809,0.706933,0.721399,0.761895,0.586871,0.651486,0.719810,0.651925,0.707141,0.676000
0.675080,0.664656,0.740821,0.771300,0.565219,0.589765,0.712847,0.674155,0.732660,0.716333
0.707463,0.655194,0.682615,0.705682,0.783646,0.564973,0.702612,0.725760,0.676978,0.714564
0.697071,0.757744,0.675868,0.654140,0.799208,0.749195,0.679693,0.731720,0.736202,0.715877
0.708578,0.694270,0.693711,0.690500,0.848317,0.611158,0.668613,0.613008,0.770196,0.659995
0.694178,0.694217,0.646651,0.663263,0.702808,0.702163,0.653810,0.706043,0.662404,0.616680
0.603967,0.683865,0.620286,0.719778,0.714808,0.609696,0.688029,0.694923,0.711563,0.719078
0.702697,0.693111,0.786793,0.765095,0.861318,0.791894,0.761530,0.694998,0.731446,0.682728
0.716410,0.641139,0.703344,0.737660,0.771321,0.617408,0.685858,0.672488,0.717956,0.714328
0.686901,0.674701,0.720791,0.716907,0.663692,0.688493,0.680374,0.702810,0.691732,0.690446
0.723347,0.733909,0.690022,0.673010,0.721064,0.739270,0.718379,0.679816,0.681487,0.633620
0.701997,0.623472,0.697564,0.740642,0.677709,0.634793,0.639056,0.707749,0.663672,0.661645
0.630369,0.693690,0.672402,0.592591,0.834445,0.746646,0.733548,0.680125,0.756614,0.629976
0.690355,0.695930,0.722591,0.579738,0.811386,0.553560,0.677304,0.617617,0.673729,0.710000
0.693030,0.623118,0.738185,0.664130,0.649186,0.736558,0.637882,0.735687,0.690403,0.654530
0.720258,0.694155,0.698954,0.675376,0.781669,0.641529,0.668268,0.712567,0.700302,0.692000
0.716189,0.643064,0.664768,0.644746,0.775921,0.628988,0.699377,0.627011,0.681229,0.752077
0.666253,0.655684,0.663839,0.752844,0.474990,0.620842,0.747318,0.684229,0.726599,0.724174
0.686435,0.715164,0.689777,0.724576,0.393838,0.632353,0.669879,0.705486,0.693716,0.689943
0.716907,0.750325,0.641175,0.639346,0.765005,0.758840,0.692262,0.667442,0.683657,0.657078
0.695052,0.749725,0.672630,0.803317,0.756409,0.759551,0.676971,0.727938,0.701794,0.677022
0.773452,0.732502,0.716968,0.724287,0.641037,0.626836,0.673623,0.625220,0.738082,0.688148
0.704447,0.710321,0.669088,0.693524,0.541233,0.682036,0.750302,0.662814,0.666641,0.674042
0.709155,0.681946,0.649209,0.669911,0.710667,0.696775,0.684013,0.698208,0.707896,0.635953
0.676883,0.595526,0.682509,0.669101,0.731799,0.670523,0.709366,0.711617,0.695353,0.685064
0.651335,0.716619,0.674731,0.799685,0.781587,0.583024,0.663344,0.734994,0.713490,0.670851
0.711200,0.685256,0.702660,0.652526,0.611858,0.695641,0.671202,0.702974,0.714875,0.712802
0.694503,0.689965,0.648457,0.686328,0.701846,0.553861,0.756813,0.693462,0.711609,0.675553
0.720114,0.751063,0.682204,0.586213,0.683666,0.797222,0.759134,0.736235,0.652555,0.662618
0.691310,0.670224,0.651836,0.596249,0.638400,0.672804,0.697414,0.709300,0.675501,0.711735
0.672403,0.683079,0.622305,0.664030,0.725146,0.745430,0.670246,0.691984,0.685391,0.678503
0.694067,0.676085,0.697281,0.704429,0.550998,0.663416,0.681804,0.695114,0.681695,0.699269
0.705884,0.689452,0.671403,0.710091,0.745784,0.766152,0.685502,0.697255,0.682080,0.667204
0.680078,0.720269,0.687065,0.716641,0.834759,0.726238,0.665448,0.732183,0.637930,0.699432
0.697838,0.725450,0.676233,0.684788,0.943463,0.852670,0.649116,0.606850,0.712240,0.715064
0.709390,0.660548,0.634456,0.721679,0.624010,0.716427,0.640609,0.686003,0.678467,0.681812
0.677179,0.666537,0.702591,0.702096,0.604429,0.684403,0.648634,0.687499,0.689796,0.696445
0.728950,0.638936,0.696293,0.769267,0.539479,0.640334,0.654392,0.695157,0.691717,0.646364
0.681548,0.647863,0.697489,0.714024,0.649239,0.767117,0.710602,0.673600,0.695579,0.664536
0.728352,0.671514,0.714130,0.604369,0.854791,0.729874,0.681568,0.755523,0.647003,0.707749
0.710970,0.674146,0.764171,0.731142,0.799120,0.659685,0.762351,0.663393,0.661184,0.750209
0.715740,0.729353,0.731492,0.651948,0.716415,0.671983,0.696481,0.683252,0.631319,0.663421
0.629499,0.667231,0.681250,0.684993,0.712731,0.595122,0.707522,0.694778,0.675334,0.704518
0.715354,0.695094,0.745477,0.595770,0.649419,0.631369,0.717326,0.725725,0.723306,0.719416
0.715542,0.694687,0.714145,0.764363,0.735041,0.692621,0.703433,0.691194,0.734518,0.702027
0.673054,0.663586,0.664949,0.770029,0.433493,0.689248,0.701665,0.745998,0.726875,0.683119
0.699454,0.687617,0.788969,0.685078,0.601369,0.683948,0.754360,0.676402,0.672877,0.696628
0.675376,0.694362,0.687506,0.694677,0.717515,0.696745,0.648602,0.682507,0.684623,0.721182
0.714722,0.681479,0.689015,0.720479,0.436825,0.731436,0.715547,0.671390,0.718795,0.672846
0.700269,0.680058,0.655164,0.651498,0.537326,0.753710,0.639797,0.715748,0.706140,0.697599
0.679037,0.629406,0.742356,0.715800,0.619536,0.607158,0.672913,0.678571,0.652960,0.728346
0.650860,0.718655,0.692387,0.699060,0.733656,0.703978,0.738616,0.714448,0.693661,0.682916
0.725332,0.690079,0.707155,0.689513,0.600085,0.684972,0.652934,0.691519,0.658035,0.670249
0.654945,0.617004,0.685379,0.740306,0.718535,0.535856,0.691133,0.702010,0.693010,0.707584
0.663927,0.678063,0.726488,0.680309,0.514480,0.801155,0.620410,0.672129,0.672203,0.674772
0.659483,0.691664,0.702910,0.675397,0.835186,0.640231,0.669506,0.628682,0.674571,0.683740
0.694298,0.696555,0.664779,0.697257,0.756632,0.803117,0.699990,0.687886,0.638283,0.684874
0.668555,0.701984,0.684584,0.669157,0.540132,0.719090,0.650417,0.651796,0.710370,0.675299
0.673626,0.701552,0.729752,0.716569,0.738593,0.611079,0.680991,0.651906,0.683569,0.686550
0.722864,0.650115,0.698133,0.674725,0.863184,0.698774,0.674707,0.780631,0.706123,0.720736
0.677871,0.655672,0.665498,0.619088,0.687842,0.722065,0.652648,0.710764,0.692303,0.691453
0.718127,0.703567,0.657436,0.730371,0.619456,0.699001,0.695875,0.675285,0.681202,0.693996
0.708230,0.691303,0.766909,0.682640,0.674751,0.763854,0.572529,0.626788,0.681732,0.697916
0.651600,0.677834,0.693786,0.687922,0.657906,0.750441,0.691471,0.665915,0.698064,0.709724
0.726819,0.703166,0.653362,0.704850,0.694972,0.688097,0.697260,0.738576,0.727100,0.697568
0.713794,0.687257,0.699352,0.776920,0.707892,0.759029,0.677726,0.629458,0.693049,0.689827
0.674826,0.723820,0.656883,0.695475,0.560631,0.725708,0.716529,0.601540,0.649708,0.736596
0.685483,0.713717,0.677329,0.640568,0.682822,0.676426,0.675636,0.736828,0.677876,0.680376
0.716536,0.694368,0.730186,0.705799,0.586481,0.748852,0.673336,0.719243,0.712171,0.691181
0.688041,0.650006,0.757440,0.738025,0.709606,0.575125,0.728325,0.673650,0.704561,0.704806
0.654987,0.652762,0.707634,0.626321,0.620391,0.686589,0.650427,0.680943,0.676558,0.689986
0.718467,0.718969,0.683836,0.699741,0.684106,0.641794,0.667426,0.683249,0.701562,0.615227
0.720291,0.690081,0.704497,0.708176,0.718605,0.502508,0.678940,0.690433,0.737439,0.704304
0.718569,0.707737,0.707295,0.713276,0.655823,0.622388,0.680500,0.729937,0.675626,0.698723
0.691363,0.681281,0.669850,0.705593,0.765316,0.690157,0.724724,0.719758,0.688957,0.667050
0.691083,0.702564,0.713319,0.709633,0.742360,0.621013,0.765818,0.725775,0.673435,0.659729
0.669605,0.734159,0.701058,0.606667,0.638263,0.646382,0.693175,0.722170,0.686806,0.695482
0.655387,0.683527,0.617379,0.755500,0.809009,0.649208,0.728496,0.613757,0.648655,0.725480
0.676054,0.672413,0.650738,0.707117,0.580711,0.682831,0.670949,0.709491,0.669044,0.708285
0.675484,0.690162,0.701408,0.744464,0.645240,0.715670,0.640939,0.698144,0.666639,0.680271
0.667809,0.698135,0.725340,0.698785,0.803338,0.763238,0.718587,0.686625,0.658960,0.717099
0.728142,0.632567,0.650422,0.699996,0.839711,0.551687,0.735402,0.685258,0.693929,0.704592
0.706665,0.654125,0.670665,0.537490,0.907970,0.713933,0.668199,0.718245,0.727844,0.669333
0.681557,0.696921,0.667418,0.666983,0.665855,0.770593,0.675755,0.675096,0.697853,0.684212
0.698872,0.717012,0.763278,0.750724,0.846087,0.782237,0.744630,0.671085,0.718050,0.687984
0.715929,0.682003,0.734795,0.771590,0.526810,0.742830,0.621008,0.708904,0.710105,0.636181
0.664073,0.682715,0.676510,0.714177,0.731775,0.694467,0.676960,0.677071,0.678070,0.705371
0.704066,0.722488,0.691172,0.690833,0.711295,0.639936,0.672475,0.702857,0.666740,0.656053
0.670298,0.649605,0.663738,0.651624,0.653343,0.647287,0.720390,0.581505,0.739360,0.711873
0.696947,0.680525,0.834958,0.770055,0.685507,0.690866,0.762293,0.687501,0.698547,0.692373
0.695512,0.674378,0.701273,0.742672,0.498968,0.669148,0.623993,0.752102,0.656579,0.713852
0.657752,0.775856,0.777782,0.786669,0.635437,0.678881,0.691863,0.629152,0.716950,0.672422
0.677469,0.702352,0.664531,0.653268,0.381966,0.656758,0.698015,0.724496,0.607597,0.703028
0.718616,0.679398,0.697319,0.711705,0.591848,0.682267,0.713329,0.654294,0.729598,0.667778
0.711718,0.721074,0.691614,0.681624,0.767141,0.610347,0.695700,0.678177,0.664677,0.720926
0.664175,0.700663,0.686137,0.749077,0.557875,0.735827,0.701566,0.741659,0.694137,0.712210
0.669743,0.661378,0.709785,0.727166,0.589456,0.774655,0.709004,0.644152,0.671510,0.709296
0.696161,0.698503,0.664176,0.677089,0.828999,0.602678,0.742811,0.706777,0.695352,0.653635
0.699261,0.721076,0.679689,0.763828,0.787358,0.646390,0.675615,0.694989,0.701860,0.675290
0.719495,0.635908,0.676650,0.590573,0.898835,0.654708,0.737459,0.772905,0.733802,0.634239
0.681151,0.706208,0.709700,0.714290,0.828506,0.681901,0.631875,0.669631,0.713571,0.682975
0.708724,0.777781,0.648413,0.742933,0.599593,0.718527,0.715937,0.688408,0.701408,0.664587
0.702673,0.692688,0.723292,0.762294,0.622524,0.613510,0.746527,0.699769,0.694962,0.685183
0.693877,0.661797,0.715266,0.828342,0.659189,0.725976,0.676241,0.625259,0.722791,0.732857
0.672701,0.707546,0.697541,0.627552,0.727325,0.712564,0.669432,0.685238,0.655715,0.696048
0.688989,0.701163,0.702160,0.725933,0.788355,0.678428,0.692737,0.696768,0.701154,0.690032
0.673536,0.665224,0.707133,0.736760,0.761431,0.725026,0.686573,0.676284,0.706475,0.696674
0.664621,0.695228,0.685592,0.664326,0.607308,0.742327,0.707213,0.666223,0.655078,0.679111
0.711609,0.690788,0.658895,0.729912,0.644739,0.714668,0.695691,0.644917,0.685705,0.700709
0.713904,0.751513,0.654710,0.771108,0.771226,0.751134,0.678158,0.703880,0.704707,0.689951
0.671402,0.672124,0.739735,0.644873,0.752250,0.632699,0.739803,0.708639,0.692574,0.676900
0.677898,0.746210,0.730477,0.717668,0.594137,0.555495,0.623732,0.682392,0.720093,0.702166
0.727792,0.744099,0.678513,0.667804,0.778825,0.641986,0.664035,0.628001,0.624414,0.711791
0.685942,0.700014,0.688884,0.661702,0.688633,0.721720,0.678669,0.688904,0.669982,0.701233
0.690983,0.720248,0.620617,0.727204,0.796232,0.557339,0.666513,0.706049,0.694900,0.709942
0.719755,0.686707,0.700764,0.647958,0.692745,0.612831,0.673699,0.746087,0.728642,0.692367
0.738932,0.718869,0.745332,0.679807,0.650357,0.838829,0.657862,0.763007,0.707840,0.671680
0.680971,0.689864,0.707049,0.632624,0.405602,0.619260,0.704681,0.689863,0.675502,0.684242
0.709578,0.699469,0.740224,0.658560,0.749167,0.810208,0.681298,0.602117,0.685996,0.658169
0.679457,0.692609,0.617114,0.701490,0.463685,0.692451,0.676330,0.688781,0.689941,0.694362
0.681827,0.717385,0.716930,0.718602,0.630630,0.594477,0.711984,0.672933,0.691477,0.630940
0.698841,0.676923,0.654806,0.706198,0.658705,0.704628,0.618241,0.678603,0.702248,0.708170
0.680416,0.672024,0.701534,0.716023,0.628745,0.746055,0.713865,0.731840,0.675518,0.657055
0.735350,0.734619,0.724275,0.598189,0.670755,0.570996,0.648302,0.682425,0.688182,0.647832
0.702948,0.698478,0.711137,0.662199,0.743948,0.733240,0.669286,0.659264,0.648793,0.728779
0.721602,0.711783,0.705284,0.660925,0.735521,0.672551,0.653905,0.705380,0.696469,0.710520
0.559358,0.758008,0.649788,0.773228,0.671100,0.697415,0.769348,0.660900,0.734388,0.714082
0.663509,0.746464,0.722009,0.736471,0.755544,0.761714,0.645543,0.619641,0.737913,0.714431
0.639031,0.722533,0.667635,0.647445,0.723477,0.571430,0.718915,0.759761,0.714336,0.743743
0.661961,0.651446,0.715153,0.648207,0.608386,0.628024,0.705631,0.635869,0.717775,0.698610
0.709996,0.711168,0.745301,0.747004,0.585574,0.571537,0.707852,0.674171,0.690519,0.687892
0.638147,0.630951,0.665537,0.616326,0.895005,0.671436,0.677214,0.573283,0.720882,0.698482
0.681390,0.673756,0.680136,0.648394,0.491022,0.696829,0.720961,0.697308,0.730331,0.679142
0.703570,0.708066,0.647786,0.667533,0.651663,0.653567,0.720872,0.681417,0.699614,0.747815
0.739691,0.685653,0.739205,0.623895,0.695354,0.588808,0.598023,0.648320,0.719585,0.695414
0.677684,0.623154,0.694561,0.765730,0.734324,0.661911,0.658069,0.668163,0.706715,0.745722
0.673949,0.695813,0.695636,0.673586,0.463327,0.660622,0.628328,0.719924,0.688166,0.682006
0.701251,0.682917,0.717955,0.748578,0.585971,0.723597,0.681652,0.718824,0.690891,0.709072
0.642058,0.669731,0.672604,0.726432,0.682234,0.622247,0.735506,0.714785,0.667071,0.773784
0.681544,0.699125,0.660148,0.693862,0.658034,0.706021,0.692053,0.681260,0.718200,0.684261
0.697710,0.742832,0.657550,0.688570,0.766279,0.583032,0.651702,0.723596,0.694876,0.700004
0.691073,0.709390,0.752198,0.742093,0.493658,0.687757,0.723351,0.718581,0.715339,0.694269
0.748711,0.662010,0.686365,0.701049,0.633647,0.742783,0.689514,0.728657,0.773045,0.680952
0.684945,0.723101,0.640523,0.607786,0.770737,0.731578,0.737786,0.700097,0.650735,0.668562
0.703487,0.734883,0.655108,0.548744,0.920564,0.790453,0.700219,0.750672,0.671916,0.658870
0.707111,0.635809,0.703233,0.521353,0.866382,0.699664,0.694068,0.632668,0.746910,0.684592
0.690353,0.721576,0.775110,0.758900,0.693000,0.727473,0.741701,0.701768,0.706963,0.693261
0.689607,0.604414,0.648852,0.756383,0.710032,0.644629,0.739757,0.672580,0.711129,0.728164
0.670793,0.693983,0.701725,0.692464,0.617651,0.680781,0.687434,0.674032,0.682303,0.690498
0.657355,0.697233,0.697200,0.650844,0.574199,0.671154,0.684543,0.663108,0.695319,0.654133
0.677531,0.738922,0.668327,0.695271,0.838421,0.532612,0.650376,0.700623,0.625226,0.711583
0.697562,0.766662,0.701480,0.706686,0.636615,0.617634,0.681591,0.656959,0.710297,0.681186
0.677295,0.723288,0.676906,0.749537,0.795096,0.588305,0.653756,0.680171,0.704285,0.722453
0.687518,0.599665,0.712299,0.778347,0.636564,0.603632,0.699570,0.703349,0.732495,0.698186
0.680569,0.663950,0.652018,0.748965,0.742500,0.711764,0.723879,0.733209,0.730504,0.700406
0.666035,0.682927,0.617595,0.615858,0.801014,0.664268,0.643890,0.720305,0.675713,0.699178
0.699634,0.685722,0.688263,0.751818,0.797012,0.773799,0.677111,0.701012,0.694371,0.691359
0.690147,0.590775,0.714991,0.791106,0.669343,0.772981,0.646758,0.656684,0.705378,0.718679
0.630728,0.672671,0.681869,0.661099,0.634158,0.627906,0.655378,0.613347,0.700235,0.694614
0.732208,0.682135,0.679081,0.762545,0.284736,0.674469,0.721330,0.762124,0.678245,0.694142
0.686235,0.682525,0.684530,0.672013,0.623392,0.720428,0.672358,0.703363,0.683875,0.688136
0.821480,0.714725,0.703192,0.637915,0.637696,0.639466,0.759049,0.703662,0.591933,0.685932
0.685112,0.658833,0.712831,0.621008,0.650465,0.544381,0.702626,0.713282,0.654628,0.667076
0.630281,0.694819,0.689993,0.630637,0.669444,0.561932,0.686290,0.642824,0.685805,0.609668
0.704966,0.655155,0.612137,0.659529,0.610465,0.808784,0.669980,0.624979,0.668024,0.689931
0.664051,0.687159,0.694221,0.606979,0.812875,0.622850,0.671342,0.799316,0.740279,0.694229
0.654097,0.718031,0.643496,0.740978,0.681033,0.768060,0.611419,0.695304,0.714167,0.710578
0.635718,0.685504,0.634285,0.685188,0.673901,0.758670,0.687368,0.672110,0.662829,0.692077
0.683027,0.655416,0.687933,0.667504,0.531920,0.690839,0.662898,0.668962,0.661144,0.690012
0.700300,0.714608,0.647575,0.712188,0.705531,0.657180,0.701548,0.680077,0.664513,0.657629
0.659849,0.705053,0.716298,0.650600,0.693969,0.688737,0.694380,0.714032,0.637348,0.703193
0.700495,0.674051,0.672174,0.666625,0.568213,0.613287,0.654233,0.720548,0.674535,0.696318
0.719521,0.661411,0.710350,0.671999,0.839457,0.662906,0.702879,0.696278,0.621056,0.660530
0.685868,0.763652,0.693991,0.769408,0.628924,0.635492,0.670043,0.621343,0.732395,0.669937
0.695859,0.652305,0.678846,0.621783,0.774927,0.462325,0.745455,0.708898,0.691223,0.649071
0.708639,0.669901,0.704104,0.718630,0.494205,0.676907,0.724369,0.677999,0.708054,0.662399
0.683654,0.709926,0.637493,0.798704,0.875289,0.575235,0.702754,0.668293,0.687555,0.630854
0.667809,0.718751,0.692110,0.704311,0.631038,0.766317,0.690765,0.801399,0.687666,0.705434
0.678452,0.729829,0.716991,0.649095,0.697451,0.607124,0.728643,0.756536,0.698468,0.713775
0.670829,0.676781,0.674420,0.612060,0.725135,0.595101,0.730118,0.685777,0.722445,0.656652
0.636570,0.713492,0.712476,0.550025,0.712530,0.758213,0.695191,0.696445,0.696195,0.716595
0.718920,0.609518,0.728437,0.578487,0.669303,0.753242,0.737525,0.721729,0.740421,0.702713
0.683793,0.686356,0.715921,0.660874,0.444820,0.671796,0.694158,0.691653,0.685339,0.677153
0.679033,0.699434,0.793790,0.756361,0.845113,0.754891,0.772111,0.702848,0.686785,0.688990
0.720495,0.689056,0.765803,0.611801,0.711121,0.587444,0.581986,0.601980,0.645408,0.706824
0.719076,0.666022,0.639488,0.770846,0.662967,0.766266,0.671914,0.667972,0.662894,0.690206
0.671818,0.664823,0.750121,0.739195,0.793818,0.764701,0.709034,0.710707,0.693412,0.713181
0.656544,0.667948,0.696665,0.600102,0.534522,0.701686,0.765347,0.730535,0.719777,0.686103
0.726649,0.650481,0.700369,0.623738,0.800697,0.666477,0.721519,0.714015,0.722137,0.690343
0.693733,0.708154,0.620296,0.692764,0.855395,0.595322,0.696809,0.758977,0.701283,0.687603
0.684021,0.694764,0.689080,0.551120,0.870806,0.788019,0.703588,0.609453,0.668897,0.698949
0.679492,0.699498,0.703477,0.665620,0.809567,0.691839,0.724455,0.713471,0.704021,0.675813
0.755594,0.643123,0.633834,0.694852,0.915962,0.692707,0.743366,0.703820,0.701654,0.717139
0.698064,0.628765,0.741613,0.771709,0.741223,0.860034,0.642556,0.673493,0.665963,0.668283
0.707371,0.694511,0.791166,0.738340,0.646210,0.655019,0.756674,0.679856,0.680960,0.653089
0.693427,0.647620,0.722823,0.652826,0.754855,0.724695,0.725202,0.729003,0.724268,0.664089
0.671515,0.733600,0.651189,0.684356,0.634104,0.623979,0.703505,0.653194,0.746111,0.727507
0.701132,0.627642,0.708177,0.682209,0.595560,0.727606,0.687680,0.622957,0.725454,0.681990
0.710573,0.653683,0.650660,0.651211,0.628174,0.665230,0.688202,0.679234,0.717175,0.654711
0.678680,0.689218,0.700204,0.682421,0.814188,0.471662,0.664207,0.721311,0.690322,0.699189
0.660182,0.697224,0.667329,0.680383,0.848603,0.659145,0.691895,0.688908,0.709579,0.690655
0.717741,0.600304,0.736811,0.607658,0.536607,0.699238,0.684229,0.722312,0.702608,0.687249
0.714548,0.701463,0.668328,0.706421,0.607912,0.705933,0.686215,0.663901,0.710467,0.656629
0.663877,0.669070,0.678605,0.659530,0.585548,0.678089,0.670510,0.716563,0.699515,0.706766
0.721481,0.708962,0.700963,0.664102,0.522673,0.829381,0.658277,0.677367,0.688618,0.676387
0.682098,0.702842,0.696520,0.700401,0.849243,0.571642,0.711690,0.656968,0.702020,0.659263
0.664787,0.764555,0.697624,0.582772,0.694370,0.433615,0.725765,0.700993,0.706864,0.707788
0.707936,0.667766,0.713844,0.695063,0.754020,0.714663,0.736153,0.682040,0.753093,0.693505
0.626218,0.701540,0.681472,0.630406,0.808955,0.699548,0.663226,0.667230,0.605087,0.702214
0.692590,0.691587,0.720391,0.750015,0.561727,0.761341,0.731538,0.636249,0.748546,0.698791
0.663551,0.699180,0.711588,0.502574,0.761725,0.753414,0.746509,0.708080,0.763642,0.709844
0.705415,0.627845,0.656818,0.723264,0.600349,0.780772,0.677572,0.630035,0.680955,0.693395
0.687868,0.681399,0.683892,0.675320,0.681250,0.696080,0.670387,0.687325,0.693728,0.696668
0.740177,0.680039,0.750215,0.698342,0.785386,0.481168,0.559408,0.670951,0.658507,0.741317
0.689370,0.678230,0.685865,0.694608,0.552400,0.690775,0.648401,0.693053,0.698179,0.695289
0.704690,0.639654,0.682030,0.646573,0.721832,0.652024,0.771657,0.736329,0.723010,0.658579
0.682440,0.686607,0.676709,0.656580,0.767023,0.757687,0.684895,0.687925,0.655954,0.686728
0.676244,0.660152,0.682783,0.657021,0.691804,0.577540,0.692216,0.731235,0.718290,0.709301
0.719848,0.733477,0.712938,0.764866,0.645442,0.608794,0.644926,0.686194,0.683515,0.727269
0.732795,0.699394,0.730167,0.397384,0.723710,0.650475,0.726485,0.621811,0.759697,0.678161
0.650525,0.669088,0.660997,0.712301,0.778547,0.758020,0.604307,0.729906,0.708586,0.657228
0.722891,0.711162,0.683871,0.691466,0.549561,0.752709,0.723312,0.722139,0.692705,0.705404
0.682383,0.744914,0.694812,0.618687,0.747726,0.565082,0.711433,0.734156,0.718465,0.733302
0.706048,0.643263,0.710529,0.721247,0.739342,0.645854,0.778579,0.703750,0.687102,0.686116
0.705328,0.681248,0.635384,0.745847,0.622326,0.686399,0.668375,0.624819,0.663552,0.715924
0.672755,0.622541,0.712815,0.658626,0.479239,0.632761,0.709779,0.677820,0.633829,0.701436
0.641558,0.713144,0.737264,0.798538,0.792403,0.704000,0.708300,0.682177,0.632489,0.674159
0.729490,0.701040,0.675332,0.769889,0.570401,0.679254,0.707450,0.733307,0.605293,0.683631
0.775178,0.648684,0.670415,0.765280,0.550141,0.691288,0.721336,0.637998,0.673630,0.630776
0.673658,0.751575,0.681043,0.633727,0.535442,0.744948,0.705717,0.664641,0.698691,0.665905
0.693034,0.706002,0.669391,0.677786,0.708924,0.699919,0.702336,0.685868,0.700219,0.688211
0.682316,0.673939,0.686040,0.777775,0.581980,0.739245,0.662438,0.738161,0.685965,0.742058
0.671829,0.682747,0.677182,0.670728,0.618130,0.824716,0.676607,0.679497,0.684351,0.688046
0.724896,0.742252,0.737261,0.558381,0.611956,0.503318,0.692010,0.630884,0.717261,0.673061
0.708196,0.717074,0.685462,0.622683,0.671861,0.702655,0.650052,0.694238,0.662172,0.596683
0.684785,0.689811,0.684572,0.777218,0.752629,0.498308,0.702698,0.663767,0.689037,0.676657
0.692784,0.693340,0.675548,0.682190,0.553039,0.658536,0.705911,0.702947,0.697266,0.668071
0.694350,0.671503,0.694653,0.597375,0.851273,0.616673,0.650420,0.735986,0.714326,0.671432
0.664623,0.697755,0.618596,0.704237,0.735162,0.727285,0.664065,0.690430,0.685591,0.692931
0.687471,0.734914,0.725224,0.674755,0.689489,0.706547,0.671896,0.674601,0.696689,0.686176
0.700816,0.705921,0.691489,0.672221,0.697886,0.642253,0.796004,0.683920,0.727077,0.689759
0.682999,0.689565,0.706022,0.739754,0.753595,0.607413,0.636519,0.673903,0.681080,0.720719
0.718008,0.739332,0.706189,0.660899,0.609818,0.692754,0.710443,0.735686,0.724274,0.726511
0.717718,0.673504,0.705196,0.632554,0.746297,0.365356,0.679059,0.628323,0.700830,0.703219
0.687603,0.697432,0.685985,0.641608,0.619372,0.636895,0.661509,0.695684,0.718752,0.682643
0.666657,0.676051,0.704597,0.623855,0.840712,0.586727,0.655955,0.649801,0.684829,0.694309
0.746125,0.700047,0.764960,0.749843,0.904006,0.768636,0.673843,0.673032,0.662978,0.720077
0.659842,0.640546,0.700680,0.593449,0.841633,0.711265,0.717190,0.751755,0.784889,0.627622
0.641634,0.695764,0.713085,0.643406,0.753631,0.661995,0.683148,0.622522,0.665998,0.728687
0.636588,0.666055,0.668107,0.680234,0.939376,0.810104,0.701796,0.648902,0.707309,0.643345
0.709257,0.743562,0.706285,0.697636,0.627251,0.629322,0.676563,0.698018,0.721600,0.715517
0.674167,0.706775,0.710628,0.674657,0.534547,0.706959,0.705155,0.678707,0.695975,0.686323
0.736787,0.679897,0.738247,0.555471,0.816799,0.714067,0.674102,0.792539,0.758696,0.744478
0.694388,0.723962,0.686588,0.661421,0.709721,0.667775,0.711630,0.699058,0.701189,0.685375
0.694684,0.697904,0.537480,0.673434,0.649375,0.493314,0.642681,0.650081,0.644123,0.694397
0.702769,0.678454,0.809365,0.638339,0.628829,0.840206,0.781890,0.725794,0.679440,0.694666
0.706423,0.674972,0.683142,0.621895,0.512164,0.733632,0.668629,0.625823,0.683832,0.654669
0.692746,0.668824,0.817473,0.761612,0.744165,0.732800,0.761810,0.709963,0.705819,0.681750
0.680409,0.698629,0.680156,0.668090,0.337947,0.704074,0.721617,0.688861,0.699013,0.660529
0.664304,0.691101,0.722256,0.786605,0.651115,0.773389,0.680517,0.615396,0.692913,0.628805
0.674692,0.675351,0.681013,0.682215,0.628979,0.681196,0.669150,0.684067,0.699411,0.706554
0.667716,0.624633,0.649815,0.709898,0.665797,0.779325,0.651749,0.662167,0.656211,0.677949
0.661411,0.611405,0.695428,0.733264,0.752163,0.630783,0.659947,0.629848,0.599670,0.685316
0.661445,0.697266,0.670344,0.694244,0.705588,0.537615,0.722710,0.752293,0.696309,0.741800
0.732234,0.717435,0.682326,0.729078,0.630292,0.663325,0.706597,0.711306,0.695931,0.668265
0.682322,0.680654,0.643980,0.661223,0.419021,0.708716,0.668380,0.727297,0.667155,0.696257
0.717714,0.697422,0.726373,0.694884,0.777860,0.599499,0.557805,0.688965,0.693558,0.678061
0.780893,0.630007,0.625379,0.713074,0.858671,0.520236,0.765872,0.697206,0.607333,0.718919
0.690502,0.684555,0.634028,0.686769,0.565067,0.680018,0.635537,0.688176,0.699191,0.738181
0.620451,0.676374,0.703408,0.693418,0.612212,0.776384,0.646142,0.695392,0.673903,0.636739
0.698540,0.685264,0.627519,0.662965,0.783180,0.723811,0.685931,0.649963,0.698450,0.689978
0.723608,0.707568,0.676734,0.655489,0.726436,0.569980,0.656150,0.712213,0.670699,0.681163
0.630342,0.671145,0.688256,0.700069,0.786433,0.641842,0.634481,0.651974,0.710943,0.657356
0.646572,0.697884,0.654862,0.719340,0.795484,0.742798,0.681331,0.795977,0.717443,0.643084
0.673498,0.705176,0.686758,0.722844,0.626062,0.700659,0.647460,0.701113,0.702519,0.651423
0.678590,0.716325,0.624005,0.742538,0.862830,0.691740,0.721332,0.738148,0.690083,0.616425
0.678094,0.659823,0.688832,0.652639,0.529464,0.753539,0.710223,0.677870,0.691362,0.681917
0.673379,0.680135,0.688537,0.693572,0.803154,0.715044,0.729597,0.736405,0.683722,0.719362
0.690900,0.707840,0.738127,0.668288,0.791691,0.747958,0.696667,0.727146,0.653563,0.661419
0.691310,0.679258,0.677453,0.641451,0.450036,0.629453,0.640539,0.693525,0.661328,0.699071
0.711489,0.663657,0.660036,0.694503,0.631783,0.713733,0.682104,0.680241,0.724690,0.703882
0.689172,0.658207,0.773809,0.652520,0.742349,0.692285,0.693841,0.712420,0.712186,0.727641
0.669009,0.724058,0.665490,0.625256,0.794868,0.510587,0.686555,0.695193,0.692437,0.692921
0.694622,0.710819,0.740091,0.651037,0.164240,0.605695,0.695280,0.685179,0.707353,0.695011
0.691094,0.652578,0.669731,0.690042,0.746896,0.845864,0.665672,0.687910,0.712123,0.639244
0.692847,0.690581,0.689723,0.681890,0.646766,0.692929,0.671384,0.670331,0.696073,0.680924
0.674582,0.719750,0.694687,0.688538,0.734163,0.847673,0.674228,0.694020,0.706790,0.686012
0.681589,0.674232,0.699197,0.675357,0.771694,0.724827,0.707878,0.691403,0.691483,0.673960
0.676392,0.677622,0.736865,0.647461,0.577846,0.753710,0.678207,0.708725,0.674847,0.687161
0.659459,0.707525,0.663118,0.707348,0.573706,0.806260,0.671336,0.664663,0.731120,0.705801
0.681607,0.729791,0.680424,0.671830,0.637483,0.582952,0.709405,0.676304,0.715270,0.725634
0.678131,0.735323,0.707147,0.649794,0.725978,0.566639,0.727559,0.691520,0.713484,0.624219
0.697718,0.715266,0.718212,0.714846,0.617624,0.727353,0.780207,0.712420,0.731711,0.701116
0.726720,0.626609,0.667599,0.729159,0.550480,0.709160,0.734218,0.672882,0.718805,0.703204
0.694763,0.729544,0.653324,0.665640,0.797538,0.744358,0.646998,0.679204,0.686231,0.700925
0.714781,0.700026,0.706044,0.661572,0.638247,0.576988,0.698422,0.620646,0.668109,0.699037
0.681323,0.685472,0.692835,0.666143,0.601072,0.527044,0.651929,0.712466,0.729816,0.700956
0.710195,0.745462,0.742384,0.671730,0.682043,0.640116,0.658900,0.697583,0.702861,0.701326
0.741983,0.698626,0.655918,0.664279,0.561301,0.673751,0.772131,0.675805,0.641805,0.667846
0.722952,0.572424,0.755186,0.724376,0.622898,0.724770,0.705984,0.664616,0.709245,0.638841
0.661678,0.668956,0.673728,0.695194,0.718029,0.726152,0.680590,0.728075,0.677094,0.713596
0.721157,0.743564,0.719593,0.660859,0.693771,0.674878,0.614664,0.714175,0.705255,0.672261
0.741067,0.742721,0.634484,0.695181,0.758146,0.600833,0.706263,0.683432,0.728055,0.655649
0.675018,0.648062,0.716504,0.642228,0.773456,0.747446,0.677315,0.736540,0.732398,0.667229
0.695920,0.695481,0.712731,0.697023,0.821511,0.557355,0.649052,0.783591,0.672801,0.679019
0.668914,0.708810,0.686207,0.632823,0.776202,0.580769,0.699330,0.542525,0.715251,0.690936
0.636660,0.655317,0.656824,0.732537,0.569509,0.705147,0.687335,0.580682,0.689283,0.687305
0.680979,0.678070,0.655138,0.729842,0.706091,0.734238,0.706285,0.792894,0.656708,0.674154
0.704223,0.698014,0.724186,0.696681,0.744861,0.702311,0.741309,0.710459,0.645038,0.744086
0.664367,0.714075,0.697320,0.563435,0.917554,0.762517,0.652169,0.732102,0.645101,0.745192
0.670445,0.761237,0.673932,0.623638,0.772640,0.802902,0.736422,0.630537,0.683410,0.692927
0.687536,0.672499,0.710979,0.696911,0.697378,0.736274,0.697281,0.682187,0.692515,0.686910
0.736072,0.676954,0.624049,0.703596,0.760100,0.803399,0.689793,0.633005,0.611718,0.636775
0.687839,0.704170,0.699791,0.664055,0.579996,0.632087,0.695083,0.729943,0.673995,0.697609
0.674883,0.678901,0.743324,0.693756,0.551019,0.688353,0.628589,0.726478,0.667406,0.725427
0.671839,0.684322,0.678139,0.676136,0.669630,0.516027,0.658482,0.666804,0.631663,0.633830
0.673916,0.667368,0.794610,0.744773,0.709800,0.711947,0.734921,0.693444,0.677503,0.687187
0.665158,0.696367,0.686386,0.722232,0.801587,0.598759,0.713808,0.752215,0.659685,0.669250
0.689918,0.666019,0.710393,0.730987,0.507442,0.706076,0.731491,0.661657,0.703178,0.697493
0.622058,0.661826,0.726701,0.637329,0.513749,0.681129,0.654372,0.690777,0.703094,0.655974
0.704624,0.670905,0.707433,0.667952,0.505572,0.661791,0.686251,0.692818,0.680824,0.690316
0.708799,0.760830,0.708748,0.706942,0.565890,0.669850,0.657760,0.739060,0.720882,0.672380
0.717120,0.656540,0.622197,0.675371,0.672217,0.732420,0.666299,0.710373,0.702313,0.698792
0.619041,0.710619,0.755771,0.726346,0.621991,0.843888,0.761601,0.677957,0.722186,0.700741
0.724033,0.700226,0.712109,0.713265,0.563222,0.719492,0.735994,0.750722,0.677989,0.685532
0.638216,0.754076,0.652585,0.683650,0.776880,0.563201,0.708959,0.701744,0.692098,0.710171
0.709616,0.674027,0.669913,0.702596,0.705964,0.602891,0.692462,0.646795,0.708142,0.694913
0.683182,0.726563,0.645218,0.674646,0.738648,0.614839,0.635890,0.685512,0.694022,0.696459
0.714507,0.682746,0.730214,0.729688,0.727712,0.715320,0.683115,0.709661,0.772412,0.705476
0.682231,0.678933,0.695672,0.667291,0.305125,0.636549,0.681873,0.661845,0.683325,0.696406
0.710426,0.725393,0.745012,0.581244,0.513003,0.679269,0.704367,0.692495,0.731795,0.666939
0.691798,0.712862,0.634380,0.696353,0.743959,0.706636,0.660928,0.691796,0.693743,0.697123
0.683350,0.701438,0.692412,0.694903,0.770797,0.565391,0.700206,0.678069,0.677440,0.701755
0.681399,0.679237,0.763093,0.589979,0.682588,0.802846,0.692736,0.689292,0.713538,0.755628
0.719956,0.644657,0.691266,0.775527,0.648919,0.649299,0.709191,0.709467,0.713508,0.683305
0.718286,0.658627,0.703090,0.631851,0.515599,0.738796,0.686436,0.731903,0.731005,0.706250
0.735564,0.754335,0.699605,0.708739,0.757966,0.636448,0.590940,0.797610,0.603837,0.600173
0.688447,0.696018,0.660007,0.672269,0.825703,0.736564,0.737013,0.660399,0.666636,0.668302
0.702028,0.602359,0.746248,0.639058,0.818969,0.659671,0.612782,0.713291,0.727675,0.704774
0.747122,0.628615,0.713944,0.603914,0.770206,0.679249,0.690697,0.696316,0.744390,0.667545
0.678238,0.710110,0.679928,0.735320,0.769711,0.737444,0.694581,0.691235,0.659864,0.675085
0.666677,0.736969,0.657199,0.704184,0.792744,0.550817,0.730078,0.705331,0.691999,0.678116
0.738948,0.627026,0.699302,0.744500,0.552589,0.721228,0.628563,0.655703,0.680123,0.716565
0.670463,0.771212,0.699523,0.780283,0.890065,0.755634,0.678327,0.647372,0.648834,0.685879
0.691903,0.694174,0.703244,0.719649,0.668063,0.806674,0.701983,0.656047,0.720877,0.711973
0.700321,0.736544,0.673338,0.827372,0.659507,0.703592,0.668295,0.779731,0.683458,0.666172
0.714732,0.694380,0.687535,0.598168,0.510635,0.634475,0.766231,0.608035,0.656196,0.693285
0.672034,0.743888,0.658574,0.792262,0.613041,0.794554,0.701476,0.722684,0.732416,0.626204
0.675376,0.654863,0.642784,0.769306,0.902755,0.542715,0.683095,0.608950,0.664480,0.682163
0.683094,0.636094,0.726529,0.783014,0.872883,0.586317,0.699859,0.689667,0.730958,0.659278
0.669142,0.648894,0.703065,0.696129,0.692195,0.707842,0.705616,0.707245,0.749316,0.681188
0.711493,0.712313,0.735977,0.659592,0.787674,0.571035,0.679104,0.637727,0.695834,0.694244
0.709410,0.682665,0.748140,0.717391,0.672056,0.568615,0.670513,0.662322,0.689046,0.672809
0.685864,0.711390,0.721705,0.754564,0.755171,0.608568,0.686798,0.762963,0.685234,0.690996
0.673157,0.685536,0.820305,0.710540,0.692918,0.723557,0.763970,0.695021,0.669002,0.696672
0.677548,0.651317,0.684980,0.679203,0.673562,0.650875,0.689997,0.717725,0.698130,0.684859
0.690105,0.700719,0.629520,0.694502,0.817087,0.734718,0.669366,0.685450,0.677913,0.673200
0.680395,0.681859,0.669566,0.680233,0.526885,0.626011,0.713402,0.710822,0.688194,0.705907
0.698149,0.684972,0.609361,0.724937,0.660404,0.729946,0.646589,0.683891,0.689623,0.742587
0.633590,0.677566,0.653659,0.675229,0.590662,0.709893,0.698993,0.708163,0.693322,0.698218
0.679427,0.710217,0.658803,0.738015,0.711402,0.612227,0.698266,0.682403,0.677301,0.695995
0.718759,0.744590,0.671436,0.755159,0.712288,0.628813,0.699415,0.718961,0.725659,0.675749
0.636767,0.645602,0.711281,0.619440,0.585760,0.685812,0.666623,0.673423,0.662274,0.664157
0.681408,0.678144,0.736238,0.783121,0.740659,0.733558,0.765728,0.671970,0.676069,0.693303
0.731273,0.756584,0.670844,0.713345,0.705339,0.654485,0.701185,0.707108,0.677281,0.727170
0.750600,0.703821,0.679650,0.665026,0.428888,0.664306,0.675173,0.708938,0.659086,0.661142
0.695540,0.699338,0.726010,0.616067,0.902963,0.745130,0.641784,0.799529,0.693517,0.702044
0.691775,0.698325,0.733349,0.668280,0.692680,0.607960,0.728996,0.669746,0.721645,0.740290
0.727201,0.721336,0.679675,0.717276,0.671745,0.768718,0.642259,0.691631,0.721130,0.678405
0.647592,0.599786,0.720763,0.695259,0.848852,0.650676,0.664137,0.715769,0.707966,0.677254
0.677601,0.642766,0.761404,0.777017,0.807894,0.597111,0.679331,0.688338,0.702759,0.687949
0.681716,0.720167,0.682753,0.681053,0.570862,0.725471,0.668275,0.695812,0.702319,0.702412
0.716681,0.587950,0.722665,0.702649,0.618398,0.653834,0.686260,0.696010,0.726896,0.690343
0.692545,0.701694,0.735222,0.712338,0.716770,0.739386,0.638949,0.710502,0.707726,0.686793
0.704368,0.729900,0.599234,0.740731,0.778500,0.607598,0.650165,0.662374,0.696630,0.711692
0.675950,0.656031,0.676618,0.646720,0.816747,0.720912,0.689649,0.686424,0.673824,0.701524
0.679695,0.668637,0.629822,0.708644,0.711196,0.732761,0.659172,0.723938,0.659445,0.686585
0.697176,0.726968,0.645945,0.655605,0.443163,0.754888,0.682350,0.672385,0.705143,0.650841
0.672485,0.725657,0.729519,0.682834,0.419466,0.653723,0.725559,0.686951,0.695695,0.689311
0.787828,0.682506,0.707861,0.655384,0.651526,0.571689,0.656799,0.619919,0.624174,0.665285
0.715765,0.698275,0.674412,0.726198,0.618677,0.654724,0.696157,0.759119,0.664987,0.712298
0.773831,0.637265,0.736410,0.798978,0.547786,0.669851,0.661898,0.689576,0.674738,0.600489
0.752049,0.783755,0.692548,0.775592,0.482602,0.648139,0.704545,0.744831,0.683880,0.686565
0.689628,0.672937,0.694359,0.682170,0.413673,0.612294,0.676111,0.695934,0.688639,0.704637
0.621927,0.713648,0.695532,0.593702,0.802800,0.687945,0.733132,0.691414,0.777378,0.657856
0.688734,0.668275,0.680593,0.664463,0.700715,0.718621,0.727978,0.692527,0.659088,0.675414
0.675755,0.641890,0.664956,0.653597,0.656209,0.735276,0.644811,0.701190,0.684202,0.657192
0.712415,0.698758,0.678032,0.693354,0.555734,0.642497,0.691524,0.688052,0.679795,0.704903
0.700952,0.676256,0.715623,0.640853,0.478306,0.761155,0.704221,0.666405,0.711437,0.693646
0.678535,0.613279,0.710663,0.458629,0.893359,0.646938,0.710052,0.634936,0.666776,0.675775
0.744494,0.736629,0.689574,0.734235,0.546114,0.620900,0.699471,0.666458,0.683565,0.701853
0.697713,0.645469,0.605876,0.636220,0.663007,0.658862,0.660772,0.592912,0.664019,0.737710
0.690210,0.714942,0.679231,0.707878,0.773630,0.486822,0.668180,0.699767,0.712644,0.681696
0.628315,0.710589,0.616800,0.650507,0.750671,0.755694,0.678503,0.733901,0.762913,0.705442
0.694973,0.732152,0.690579,0.718325,0.700899,0.650084,0.691668,0.699018,0.684143,0.685856
0.722906,0.640083,0.686892,0.673840,0.712363,0.704981,0.692237,0.724535,0.676738,0.645940
0.632023,0.669661,0.651730,0.657827,0.637143,0.613961,0.642226,0.703551,0.749432,0.637116
0.717304,0.740586,0.645615,0.733818,0.587297,0.585367,0.688222,0.713249,0.738045,0.652148
0.694019,0.691830,0.713301,0.726529,0.824336,0.642639,0.706425,0.734462,0.697222,0.682983
0.749403,0.701449,0.637241,0.736250,0.730025,0.549353,0.728293,0.647465,0.689216,0.703026
0.717558,0.738109,0.713506,0.602534,0.697313,0.554107,0.687869,0.743722,0.712540,0.650576
0.676906,0.688383,0.811754,0.707896,0.838963,0.765712,0.794861,0.700759,0.663538,0.676423
0.722851,0.687809,0.683805,0.617593,0.648172,0.722251,0.672706,0.699846,0.674038,0.741505
0.685703,0.716401,0.663940,0.665597,0.703990,0.791311,0.641054,0.675064,0.692478,0.674922
0.674177,0.700417,0.639672,0.713872,0.737589,0.692757,0.650830,0.649551,0.663602,0.705982
0.694185,0.730483,0.724277,0.704423,0.628036,0.551159,0.718634,0.670790,0.699852,0.659128
0.706022,0.656243,0.659715,0.758535,0.502151,0.644136,0.681574,0.683411,0.710804,0.736378
0.671003,0.686971,0.630629,0.685383,0.586778,0.752369,0.679868,0.666757,0.679623,0.700945
0.690098,0.672127,0.680143,0.633300,0.776560,0.657852,0.708555,0.703701,0.661720,0.681082
0.725875,0.692805,0.691341,0.687982,0.483507,0.755311,0.732292,0.767271,0.664638,0.715263
0.693659,0.704523,0.704224,0.685193,0.695644,0.674565,0.734015,0.580652,0.674114,0.643173
0.735783,0.720492,0.723608,0.735822,0.412559,0.717274,0.738751,0.665107,0.707580,0.666697
0.659724,0.680234,0.709936,0.762371,0.733896,0.570840,0.729717,0.688192,0.699768,0.675941
0.719559,0.707683,0.690135,0.677824,0.769633,0.649696,0.608141,0.620244,0.644819,0.668963
0.700383,0.702014,0.685951,0.770649,0.715683,0.659820,0.679236,0.650136,0.721054,0.709808
0.710065,0.679151,0.635560,0.677938,0.706442,0.699126,0.713977,0.662318,0.676180,0.665675
0.716148,0.735373,0.702413,0.692169,0.856286,0.794421,0.720964,0.670979,0.695910,0.701381
0.652033,0.738117,0.714589,0.714237,0.709924,0.737824,0.578471,0.691687,0.597642,0.662398
0.694023,0.599864,0.736538,0.703880,0.718451,0.723869,0.709867,0.719437,0.727113,0.698057
0.681515,0.681524,0.775537,0.747470,0.671224,0.754052,0.767779,0.691291,0.689647,0.685954
0.773988,0.667657,0.742776,0.595921,0.738746,0.659364,0.722776,0.698715,0.683410,0.743092
0.695923,0.654996,0.687198,0.714857,0.678872,0.720255,0.627408,0.696948,0.659211,0.675291
0.677364,0.699208,0.713926,0.516324,0.752811,0.663926,0.710074,0.769718,0.730618,0.712169
0.701355,0.691639,0.707548,0.758509,0.664693,0.609822,0.701383,0.667513,0.719472,0.682294
0.702704,0.693632,0.642626,0.695428,0.648896,0.723215,0.642887,0.672261,0.679183,0.687486
0.683661,0.692556,0.715848,0.711761,0.613744,0.612339,0.704742,0.696277,0.696764,0.688979
0.687947,0.707178,0.720176,0.666393,0.462612,0.795637,0.713696,0.677578,0.699472,0.696711
0.710867,0.688559,0.713138,0.702897,0.668152,0.682781,0.692332,0.708271,0.707557,0.695545
0.550068,0.651564,0.644509,0.564539,0.770709,0.782194,0.801427,0.692455,0.684115,0.688329
0.720348,0.649954,0.630746,0.695149,0.577182,0.720533,0.689124,0.649566,0.761716,0.733356
0.680059,0.706941,0.755509,0.707898,0.802952,0.771815,0.730724,0.692077,0.670502,0.690123
0.684931,0.636713,0.700213,0.642121,0.862247,0.591270,0.675422,0.685304,0.662347,0.729030
0.619889,0.717977,0.678493,0.793380,0.550295,0.656611,0.713504,0.635246,0.704326,0.714457
0.691253,0.653490,0.717221,0.703328,0.525146,0.555052,0.689747,0.702616,0.685703,0.688714
0.722004,0.710735,0.739567,0.636240,0.588287,0.750611,0.672636,0.707282,0.783518,0.709809
0.697511,0.629806,0.683896,0.800271,0.526036,0.685916,0.681695,0.664143,0.755057,0.666297
0.608579,0.731280,0.688960,0.595123,0.706512,0.509881,0.741624,0.760223,0.704459,0.681605
0.671549,0.638560,0.746103,0.583528,0.821900,0.692877,0.743773,0.720144,0.713260,0.637961
0.656432,0.669045,0.723424,0.666648,0.706307,0.648218,0.667255,0.649657,0.652218,0.711413
0.662998,0.660322,0.661806,0.658135,0.733739,0.743562,0.662994,0.633842,0.662071,0.708172
0.681085,0.615630,0.670777,0.721901,0.890663,0.669347,0.703165,0.707934,0.777440,0.641561
0.704914,0.686325,0.683323,0.654898,0.654593,0.819071,0.654353,0.682785,0.650618,0.646558
0.667841,0.727138,0.692686,0.743439,0.510092,0.775772,0.680800,0.683117,0.745655,0.673161
0.643482,0.698352,0.723772,0.687719,0.763487,0.682644,0.565323,0.706138,0.671910,0.709861
0.702495,0.712853,0.629532,0.720672,0.599459,0.728611,0.695788,0.700390,0.683961,0.705918
0.687727,0.661583,0.681566,0.691730,0.444990,0.720706,0.678935,0.703168,0.701098,0.713342
0.692634,0.673468,0.716534,0.690252,0.489315,0.651282,0.702563,0.672235,0.708693,0.703894
0.676626,0.671967,0.669387,0.736375,0.446395,0.606815,0.698575,0.696378,0.734923,0.666293
0.661302,0.665596,0.595057,0.701869,0.610991,0.688836,0.749763,0.672020,0.671446,0.682210
0.751923,0.729323,0.688924,0.787907,0.649194,0.673151,0.724820,0.724843,0.705139,0.647835
0.691615,0.765304,0.695495,0.699917,0.627771,0.752923,0.723950,0.635647,0.708942,0.699893
0.711159,0.588643,0.729973,0.700340,0.551211,0.754046,0.701989,0.676993,0.741297,0.700925
0.740654,0.702813,0.653414,0.716617,0.624945,0.881971,0.735705,0.767721,0.701838,0.719602
0.685984,0.711507,0.668431,0.740702,0.625541,0.584130,0.670797,0.704203,0.673945,0.684398
0.686088,0.715102,0.746788,0.688675,0.589520,0.709895,0.629455,0.687835,0.708242,0.690038
0.692023,0.693625,0.657788,0.697315,0.669587,0.714572,0.671925,0.711040,0.691920,0.694794
0.708948,0.687396,0.741240,0.697377,0.619955,0.766376,0.682260,0.695218,0.668231,0.695137
0.746812,0.723502,0.690980,0.702874,0.672111,0.642683,0.687574,0.742322,0.651783,0.670497
0.637037,0.717824,0.664021,0.735285,0.590496,0.793081,0.683554,0.770491,0.705817,0.678408
0.693202,0.670153,0.740402,0.613634,0.713051,0.667274,0.679454,0.738958,0.740687,0.664745
0.673115,0.739489,0.653098,0.612867,0.771152,0.459214,0.678949,0.719256,0.656209,0.683169
0.720743,0.667879,0.635522,0.648688,0.858324,0.663415,0.701883,0.711781,0.652538,0.681901
0.673594,0.689374,0.742156,0.688985,0.752224,0.684846,0.717049,0.667719,0.667709,0.718043
0.714898,0.680095,0.733697,0.734752,0.744996,0.657409,0.672467,0.712021,0.730661,0.750609
0.693049,0.700141,0.719986,0.794319,0.667333,0.723466,0.563777,0.694455,0.725742,0.735134
0.731616,0.722573,0.661299,0.605916,0.719432,0.778711,0.631130,0.689957,0.665794,0.635344
0.772002,0.703095,0.658900,0.598372,0.673062,0.665490,0.749363,0.578166,0.616353,0.716675
0.732482,0.643148,0.574126,0.697845,0.574880,0.684075,0.811265,0.580465,0.621247,0.707921
0.673572,0.627684,0.688064,0.612918,0.636878,0.747708,0.744159,0.722517,0.711413,0.695158
0.663290,0.714614,0.719078,0.750571,0.239464,0.655489,0.694433,0.719727,0.708014,0.700317
0.682510,0.665124,0.674486,0.653029,0.913891,0.736435,0.668211,0.673405,0.661521,0.670386
0.699462,0.695965,0.611849,0.684887,0.627295,0.617262,0.615133,0.668005,0.725031,0.705631
0.674369,0.740136,0.724962,0.609256,0.757006,0.620805,0.698819,0.723239,0.686589,0.699561
0.705640,0.653835,0.677256,0.630220,0.589379,0.689699,0.686161,0.756799,0.683107,0.710587
0.662849,0.704356,0.699670,0.540228,0.548241,0.736424,0.691785,0.586380,0.663362,0.639619
0.683150,0.705874,0.731672,0.707869,0.744498,0.776062,0.722760,0.655711,0.689861,0.723915
0.697703,0.806798,0.679798,0.735988,0.818681,0.718343,0.728638,0.751229,0.737811,0.712659
0.724533,0.644248,0.672787,0.624604,0.850442,0.679937,0.638574,0.572482,0.611477,0.740278
0.676976,0.681293,0.653254,0.738237,0.892659,0.788919,0.645942,0.674214,0.729195,0.693697
0.749428,0.681768,0.689781,0.694108,0.703787,0.755821,0.707326,0.665239,0.737463,0.611144
0.695576,0.698539,0.688526,0.652482,0.801028,0.526118,0.656551,0.678157,0.682697,0.660819
0.714750,0.709043,0.681440,0.745724,0.701705,0.656261,0.735992,0.687816,0.646192,0.700986
0.699916,0.704834,0.680319,0.680571,0.641429,0.700280,0.653673,0.678174,0.705631,0.690660
0.659110,0.765596,0.688609,0.782230,0.586935,0.621815,0.665685,0.742473,0.728610,0.759609
0.704214,0.693424,0.678392,0.693137,0.675449,0.720588,0.633950,0.703209,0.680793,0.676266
0.709685,0.706937,0.687277,0.676254,0.689515,0.643156,0.715346,0.700533,0.701816,0.651543
0.671697,0.716769,0.635709,0.703097,0.730191,0.626004,0.707019,0.734426,0.717134,0.709801
0.696127,0.666647,0.662271,0.640861,0.494134,0.653499,0.670156,0.695721,0.660323,0.696023
0.657084,0.710647,0.639216,0.628636,0.617712,0.602800,0.751669,0.652598,0.663548,0.710270
0.723825,0.718310,0.729826,0.761391,0.670137,0.623601,0.712445,0.700093,0.672139,0.669740
0.704021,0.694364,0.691225,0.731054,0.678230,0.722325,0.699692,0.703950,0.675355,0.670721
0.694588,0.681839,0.590749,0.643914,0.499377,0.690603,0.651384,0.688070,0.697197,0.656835
0.656779,0.697368,0.694442,0.745909,0.417284,0.687323,0.694685,0.657657,0.727713,0.722689
0.729458,0.677617,0.641883,0.636979,0.700935,0.735349,0.737984,0.654384,0.666810,0.737856
0.658755,0.707697,0.777972,0.721626,0.680418,0.650162,0.727622,0.687103,0.683081,0.670586
0.678299,0.684814,0.696093,0.628702,0.745583,0.622305,0.722556,0.711504,0.707644,0.651512
0.676816,0.709925,0.709028,0.642637,0.590724,0.684315,0.701799,0.705182,0.683108,0.690247
0.712233,0.716458,0.731082,0.581909,0.706219,0.737985,0.731720,0.686583,0.676662,0.742031
0.657069,0.726875,0.530894,0.611500,0.584777,0.584900,0.631397,0.705826,0.713598,0.712528
0.651800,0.691043,0.679031,0.720740,0.638782,0.765672,0.669444,0.689338,0.690269,0.666163
0.647466,0.710050,0.664294,0.744614,0.867320,0.662945,0.693830,0.688113,0.676913,0.678350
0.672472,0.754593,0.728983,0.624400,0.624003,0.776250,0.734914,0.706570,0.694694,0.711148
0.693383,0.700572,0.650720,0.670434,0.635076,0.751985,0.661507,0.698760,0.679002,0.699814
0.759600,0.624018,0.664489,0.705849,0.818388,0.674167,0.718439,0.711965,0.715703,0.714572
0.664113,0.725413,0.718614,0.788370,0.851710,0.745059,0.674098,0.677911,0.676363,0.690058
0.670860,0.668848,0.762353,0.688180,0.772611,0.725243,0.721708,0.689933,0.758098,0.650889
0.702933,0.718210,0.740228,0.709495,0.605062,0.679419,0.664663,0.696340,0.696682,0.738909
0.673959,0.676738,0.689421,0.626374,0.847160,0.739727,0.658930,0.751942,0.727391,0.689375
0.691309,0.710823,0.708919,0.623029,0.546743,0.822781,0.702907,0.696120,0.693847,0.698800
0.702614,0.732648,0.684147,0.742840,0.901016,0.636812,0.681574,0.649954,0.733098,0.683364
0.698645,0.638920,0.703412,0.716310,0.706046,0.609545,0.697973,0.736835,0.690334,0.748746
0.666729,0.694978,0.668796,0.749342,0.577028,0.657532,0.678106,0.811314,0.681997,0.716359
0.720669,0.650633,0.711559,0.707458,0.703036,0.820570,0.707804,0.729128,0.669135,0.631948
0.679192,0.709120,0.662706,0.820126,0.685190,0.704375,0.681523,0.728225,0.639312,0.682584
0.680451,0.745079,0.706940,0.672895,0.752015,0.670320,0.697684,0.573040,0.677498,0.704947
0.667906,0.694937,0.686695,0.674773,0.614251,0.757583,0.700723,0.697417,0.679073,0.692229
0.680613,0.667075,0.687335,0.741568,0.628924,0.674160,0.697143,0.669961,0.717887,0.717760
0.710454,0.721256,0.711702,0.701387,0.565036,0.828530,0.715555,0.731952,0.669094,0.709288
0.718525,0.705541,0.596592,0.780685,0.719078,0.731440,0.684002,0.662984,0.703963,0.698896
0.750882,0.739626,0.723944,0.669598,0.579658,0.676528,0.694899,0.732029,0.718800,0.686421
0.714428,0.602851,0.770900,0.716278,0.592920,0.692508,0.628251,0.673147,0.741638,0.654383
0.682957,0.681514,0.727346,0.779913,0.835436,0.559390,0.723249,0.629394,0.687331,0.685519
0.708931,0.706762,0.684301,0.619372,0.685332,0.643190,0.745927,0.671241,0.662352,0.674932
0.743521,0.666334,0.707088,0.731971,0.686102,0.560166,0.664224,0.722169,0.697336,0.665106
0.688239,0.702533,0.721521,0.654318,0.478397,0.742068,0.682370,0.714732,0.707241,0.704429
0.679338,0.677785,0.703550,0.687382,0.725880,0.710571,0.706004,0.705013,0.673684,0.707461
0.647069,0.740248,0.653738,0.616361,0.941947,0.800100,0.739878,0.747658,0.601850,0.655938
0.712116,0.722816,0.717244,0.664123,0.598764,0.792576,0.691730,0.658262,0.684579,0.695899
0.680155,0.698469,0.712994,0.781899,0.561766,0.689955,0.676442,0.732548,0.685817,0.711210
0.687257,0.654236,0.673800,0.699721,0.614234,0.684707,0.687000,0.651206,0.647916,0.681094
0.719272,0.705400,0.719943,0.630140,0.480079,0.726566,0.679892,0.673483,0.631822,0.676417
0.737871,0.653190,0.611807,0.695507,0.656224,0.744786,0.739366,0.667171,0.667544,0.720969
0.711421,0.628805,0.697568,0.756696,0.720457,0.636301,0.669501,0.668750,0.637093,0.704717
0.668537,0.667354,0.666350,0.672742,0.707837,0.717298,0.661543,0.693717,0.663899,0.701475
0.699746,0.706293,0.670874,0.727989,0.903720,0.717253,0.630591,0.617592,0.661375,0.738536
0.685496,0.718172,0.706624,0.588961,0.771012,0.457940,0.679168,0.728212,0.693860,0.733912
0.691672,0.674971,0.716784,0.772708,0.657964,0.672047,0.717675,0.686801,0.686277,0.696280
0.701872,0.682358,0.670182,0.687024,0.596157,0.711574,0.676752,0.706223,0.690139,0.692853
0.702803,0.689450,0.733337,0.643855,0.616885,0.598120,0.698986,0.702619,0.707783,0.673286
0.694930,0.698118,0.713850,0.669622,0.393501,0.668634,0.691411,0.680633,0.666818,0.693488
0.732969,0.699430,0.694368,0.623273,0.773699,0.646064,0.671834,0.700528,0.675666,0.662956
0.643391,0.741153,0.668020,0.747275,0.588722,0.761062,0.640181,0.696483,0.738313,0.680257
0.694499,0.650576,0.687813,0.595425,0.542453,0.768358,0.675297,0.687467,0.702742,0.697369
0.737727,0.638323,0.774643,0.572718,0.816737,0.563827,0.595162,0.592336,0.655272,0.747198
0.676929,0.695417,0.659802,0.657667,0.712518,0.728975,0.674440,0.661656,0.695313,0.692082
0.665989,0.732267,0.766189,0.762706,0.647070,0.702399,0.735016,0.648235,0.705864,0.675757
0.719129,0.665582,0.684297,0.819976,0.876944,0.635284,0.639455,0.655100,0.721767,0.666752
0.692973,0.676556,0.715017,0.679507,0.450883,0.635453,0.618265,0.676943,0.650466,0.691220
0.673435,0.701790,0.687303,0.625000,0.674739,0.789402,0.675763,0.694478,0.639598,0.700820
0.720215,0.649928,0.729375,0.682871,0.583607,0.801081,0.658604,0.675794,0.688960,0.659067
0.670549,0.692584,0.684583,0.685035,0.649848,0.664677,0.674379,0.668566,0.678326,0.700946
0.699688,0.634037,0.726627,0.749791,0.464585,0.758593,0.682068,0.676367,0.715756,0.721465
0.705798,0.608498,0.712355,0.765024,0.580393,0.691691,0.724626,0.671563,0.709543,0.625588
0.709062,0.679510,0.671724,0.754099,0.443477,0.633649,0.709280,0.736330,0.659884,0.658127
0.674611,0.767493,0.686597,0.631743,0.786128,0.734724,0.681392,0.740983,0.700217,0.741160
0.705075,0.662934,0.669872,0.653117,0.443416,0.673762,0.680855,0.748051,0.684099,0.699014
0.699033,0.648769,0.654463,0.670567,0.740820,0.594320,0.673412,0.654354,0.710554,0.670810
0.712694,0.659289,0.711398,0.732587,0.784865,0.549665,0.669963,0.739268,0.685373,0.689640
0.661680,0.733406,0.678116,0.840669,0.697011,0.698509,0.661112,0.676152,0.642204,0.685983
0.690566,0.661791,0.670880,0.702694,0.648763,0.704699,0.651622,0.706011,0.679438,0.723552
0.687961,0.677587,0.675904,0.610884,0.734226,0.650356,0.707861,0.730356,0.694504,0.692203
0.716898,0.717196,0.764950,0.601270,0.514855,0.568239,0.617965,0.716006,0.689075,0.659335
0.667643,0.750880,0.687591,0.740215,0.236181,0.701034,0.745290,0.701341,0.697475,0.611502
0.682786,0.635569,0.656738,0.705095,0.491141,0.799069,0.671372,0.745549,0.715591,0.662447
0.689124,0.666799,0.685044,0.712124,0.772572,0.618069,0.702896,0.719801,0.674661,0.692944
0.731482,0.633792,0.662915,0.663522,0.635221,0.684748,0.690014,0.689561,0.705369,0.620352
0.687053,0.704436,0.717880,0.759967,0.803972,0.615588,0.681117,0.640153,0.729983,0.674882
0.674829,0.672438,0.671870,0.700706,0.660491,0.675280,0.722813,0.713988,0.716266,0.705191
0.683104,0.754541,0.697463,0.722915,0.856628,0.730925,0.654432,0.551161,0.721403,0.752129
0.708825,0.685638,0.701101,0.707222,0.693549,0.607737,0.676460,0.720240,0.679113,0.669335
0.662642,0.732136,0.670621,0.623081,0.890495,0.700032,0.686408,0.792454,0.654244,0.667993
0.675908,0.730747,0.698330,0.671839,0.879680,0.712671,0.683580,0.752045,0.640109,0.695626
0.721344,0.680084,0.657559,0.700098,0.776708,0.695221,0.715219,0.669292,0.667820,0.709464
0.690452,0.588748,0.741454,0.728280,0.779049,0.546135,0.704904,0.704315,0.685253,0.699734
0.693328,0.675861,0.727369,0.528170,0.687765,0.834851,0.734475,0.662674,0.613731,0.677123
0.700414,0.666179,0.689527,0.656133,0.661909,0.581320,0.635120,0.678147,0.710454,0.727627
0.712398,0.676392,0.688579,0.749739,0.719061,0.511542,0.678783,0.730021,0.664674,0.696983
0.704861,0.690423,0.757571,0.632486,0.753112,0.662739,0.618103,0.659035,0.716569,0.703385
0.662074,0.711667,0.690373,0.657419,0.556912,0.632942,0.685505,0.709174,0.672436,0.663688
0.694754,0.681427,0.717350,0.789375,0.685658,0.784487,0.668323,0.710193,0.712556,0.667290
0.733868,0.669442,0.670678,0.735997,0.806713,0.757160,0.642999,0.670927,0.689328,0.667366
0.707180,0.681272,0.682602,0.728906,0.780669,0.785219,0.651160,0.673987,0.661508,0.674686
0.693559,0.665889,0.741465,0.637055,0.766430,0.739319,0.682744,0.636631,0.682288,0.648110
0.698686,0.710758,0.768730,0.618257,0.680601,0.651351,0.620247,0.709671,0.722533,0.673347
0.669044,0.641827,0.685857,0.755695,0.929515,0.657924,0.653129,0.675889,0.700062,0.709390
0.632555,0.641026,0.646694,0.671060,0.721627,0.564963,0.737541,0.733621,0.681476,0.725481
0.696840,0.728848,0.698077,0.665195,0.821837,0.638663,0.683451,0.712923,0.709514,0.719154
0.723961,0.718869,0.644000,0.679407,0.702146,0.678387,0.689395,0.663878,0.646604,0.698091
0.696632,0.637277,0.684512,0.735809,0.539711,0.756413,0.707051,0.682936,0.710549,0.684061
0.678347,0.703442,0.735822,0.746724,0.685634,0.607316,0.729738,0.694040,0.652079,0.689328
0.715364,0.671630,0.636961,0.714885,0.911923,0.638452,0.735858,0.663244,0.676676,0.662594
0.685765,0.703432,0.665058,0.636463,0.576670,0.669242,0.690831,0.701428,0.663776,0.675473
0.722146,0.730174,0.643222,0.631521,0.748747,0.731359,0.761163,0.707766,0.646926,0.684895
0.639229,0.726328,0.706543,0.820135,0.858492,0.629503,0.709208,0.615292,0.695284,0.658225
0.714741,0.650218,0.729578,0.728216,0.646814,0.627851,0.714645,0.672028,0.683853,0.753377
0.679083,0.700753,0.692486,0.644156,0.771652,0.778843,0.615692,0.675515,0.680981,0.622560
0.717545,0.695261,0.609468,0.739459,0.593820,0.680340,0.611737,0.723824,0.694737,0.684815
0.659036,0.667747,0.665744,0.672872,0.838140,0.701552,0.652952,0.703917,0.675548,0.671390
0.672523,0.738097,0.681408,0.637836,0.700057,0.766825,0.653124,0.714518,0.684785,0.687173
0.687263,0.679346,0.690704,0.802888,0.702210,0.821474,0.659954,0.683135,0.648340,0.722280
0.661437,0.670337,0.701714,0.674666,0.628927,0.693046,0.688877,0.656240,0.688680,0.696535
0.670444,0.711364,0.743357,0.775242,0.472188,0.679290,0.715474,0.805631,0.688314,0.719956
0.684506,0.724201,0.733839,0.728662,0.404168,0.734334,0.640012,0.597423,0.717890,0.705226
0.680230,0.681608,0.727660,0.714474,0.715665,0.655438,0.708179,0.714283,0.660980,0.713294
0.666451,0.693802,0.674563,0.625911,0.758684,0.736776,0.695727,0.660468,0.690809,0.683398
0.696185,0.710312,0.680423,0.651312,0.723600,0.467197,0.725802,0.680111,0.709261,0.665652
0.702139,0.733604,0.638761,0.705197,0.763063,0.816667,0.691244,0.641792,0.728431,0.689154
0.674098,0.703054,0.640441,0.690692,0.655480,0.702306,0.657310,0.698792,0.713517,0.702730
0.679579,0.731254,0.697422,0.734639,0.853680,0.777670,0.666966,0.696626,0.689139,0.684864
0.739503,0.720047,0.642380,0.535737,0.822150,0.658699,0.752263,0.758407,0.707007,0.722441
0.708398,0.729249,0.665049,0.673032,0.481765,0.634603,0.767871,0.685818,0.678277,0.686263
0.697822,0.691076,0.803810,0.673706,0.665426,0.797228,0.470964,0.644615,0.691571,0.625480
0.713119,0.678232,0.688026,0.627694,0.613769,0.689390,0.542646,0.616839,0.664442,0.665917
0.681321,0.643427,0.731539,0.758801,0.731891,0.582669,0.734184,0.688219,0.683354,0.688113
0.707011,0.676299,0.680919,0.684844,0.616899,0.592629,0.702841,0.689509,0.678093,0.694405
0.740420,0.719659,0.700650,0.642617,0.678809,0.566663,0.711254,0.704838,0.719016,0.727532
0.696293,0.699878,0.698558,0.689052,0.670154,0.637146,0.672959,0.684307,0.681964,0.678605
0.683700,0.699297,0.645499,0.676007,0.726103,0.744306,0.665966,0.681707,0.656025,0.675968
0.643652,0.635270,0.669914,0.686018,0.720614,0.616612,0.689774,0.687408,0.655930,0.684053
0.684962,0.695079,0.704232,0.715630,0.510160,0.767357,0.601600,0.654883,0.730151,0.755803
0.685302,0.721777,0.696643,0.719975,0.620048,0.801133,0.653860,0.694985,0.715118,0.675774
0.679694,0.697896,0.716867,0.711433,0.791147,0.747017,0.710316,0.695419,0.671602,0.690863
0.740533,0.710781,0.642625,0.785077,0.805675,0.623859,0.660558,0.654972,0.710057,0.636000
0.703221,0.651555,0.704041,0.755899,0.723889,0.664333,0.712232,0.698774,0.703239,0.687952
0.704455,0.696980,0.697560,0.729532,0.320627,0.680953,0.674357,0.685146,0.704758,0.658056
0.665926,0.729306,0.678330,0.823236,0.679970,0.728305,0.678253,0.644435,0.691694,0.684754
0.625270,0.746083,0.702257,0.778340,0.792606,0.615851,0.635431,0.670334,0.672028,0.689460
0.694280,0.778916,0.768858,0.750828,0.642187,0.750429,0.699878,0.741131,0.692257,0.657898
0.678669,0.701181,0.665328,0.652139,0.746413,0.724419,0.607716,0.672358,0.715322,0.645681
0.721467,0.637720,0.547614,0.714811,0.713259,0.721033,0.624457,0.655632,0.720063,0.699553
0.690794,0.687294,0.638282,0.716750,0.555019,0.776992,0.710853,0.696573,0.679930,0.706989
0.723947,0.637157,0.661031,0.697009,0.523595,0.709381,0.698534,0.722439,0.665724,0.728480
0.710854,0.683467,0.734474,0.761119,0.771275,0.726278,0.716038,0.676013,0.724481,0.696389
0.703990,0.675253,0.653653,0.735680,0.480055,0.769507,0.692080,0.740056,0.755886,0.717341
0.724584,0.687417,0.681988,0.731195,0.683120,0.749012,0.692168,0.669824,0.684320,0.698392
0.664283,0.741628,0.626354,0.641877,0.626402,0.624825,0.731407,0.689919,0.689204,0.691553
0.725766,0.690465,0.636287,0.715376,0.641294,0.744800,0.670733,0.738486,0.682651,0.680564
0.658445,0.707330,0.688189,0.694815,0.607396,0.752566,0.615461,0.693598,0.693606,0.701223
0.745558,0.737457,0.657094,0.581449,0.609135,0.643006,0.579942,0.696918,0.669574,0.644328
0.702515,0.665439,0.652586,0.794286,0.566450,0.776224,0.743345,0.776691,0.670342,0.663755
0.653087,0.691781,0.718720,0.639511,0.585704,0.713234,0.682272,0.689175,0.673799,0.721118
0.637903,0.741949,0.707812,0.674665,0.439515,0.655759,0.666489,0.680935,0.685719,0.679837
0.682442,0.669976,0.740692,0.726664,0.827663,0.715763,0.726726,0.658423,0.688741,0.702143
0.671724,0.693773,0.721046,0.648709,0.748616,0.602624,0.653761,0.699689,0.685836,0.721940
0.635591,0.691065,0.745679,0.673138,0.374852,0.711821,0.675438,0.671362,0.703454,0.677720
0.654127,0.707103,0.757692,0.642078,0.691633,0.688396,0.745093,0.642382,0.680562,0.688724
0.702808,0.697277,0.704479,0.752281,0.977308,0.842889,0.679468,0.703504,0.680927,0.679571
0.683080,0.621188,0.659659,0.649149,0.627967,0.592486,0.738105,0.674477,0.683705,0.696862
0.689012,0.677194,0.801942,0.730603,0.748742,0.719485,0.778641,0.701648,0.692247,0.683782
0.694159,0.685700,0.619241,0.663866,0.748734,0.760482,0.673580,0.684631,0.687859,0.694599
0.658690,0.713443,0.721225,0.652676,0.490554,0.799261,0.633885,0.702444,0.701309,0.690612
0.706586,0.649809,0.680135,0.726055,0.619602,0.725009,0.673706,0.681569,0.700465,0.688692
0.686158,0.666792,0.615926,0.710456,0.572132,0.733215,0.678344,0.717167,0.673460,0.687431
0.759139,0.656061,0.635631,0.652971,0.647649,0.761424,0.760875,0.654156,0.638641,0.766686
0.741415,0.686629,0.705724,0.689496,0.612156,0.710731,0.811409,0.662284,0.687465,0.724599
0.664949,0.709793,0.662641,0.678921,0.795976,0.698382,0.694197,0.624046,0.649682,0.631466
0.690383,0.676241,0.662736,0.686320,0.574316,0.706684,0.661581,0.670574,0.690528,0.697092
0.711608,0.647708,0.679503,0.754654,0.615749,0.641778,0.755655,0.692162,0.666947,0.658815
0.713513,0.612872,0.700530,0.747339,0.902730,0.627223,0.645611,0.711634,0.752428,0.699586
0.677837,0.676522,0.679905,0.663708,0.799348,0.698521,0.745852,0.626973,0.753405,0.695209
0.696731,0.607335,0.680400,0.702438,0.888787,0.685302,0.716272,0.709677,0.700905,0.676245
0.695309,0.714228,0.716615,0.657381,0.542512,0.799479,0.693199,0.673217,0.680306,0.741093
0.628758,0.665600,0.667036,0.628182,0.639956,0.790977,0.605798,0.705950,0.736099,0.666603
0.733873,0.657568,0.724750,0.663281,0.675307,0.654287,0.662952,0.689614,0.691255,0.702273
0.686981,0.656379,0.664527,0.698029,0.641842,0.653946,0.622488,0.697508,0.688543,0.703412
0.697988,0.719624,0.715292,0.690705,0.692527,0.548978,0.656327,0.710483,0.671265,0.703201
0.709168,0.674603,0.677853,0.661344,0.443841,0.639433,0.652234,0.690422,0.672223,0.649564
0.706090,0.614625,0.677351,0.606607,0.628199,0.769047,0.717457,0.714184,0.722760,0.710234
0.717999,0.663295,0.688244,0.706259,0.668905,0.655672,0.695318,0.667822,0.770895,0.728709
0.680030,0.602674,0.674780,0.775710,0.588408,0.664715,0.671288,0.689690,0.717431,0.656379
0.713036,0.667727,0.684979,0.688452,0.576872,0.691472,0.683155,0.635644,0.704675,0.685746
0.654990,0.701366,0.721371,0.716894,0.510049,0.658121,0.683041,0.724104,0.696331,0.742915
0.706948,0.696807,0.694849,0.579079,0.692052,0.699245,0.682448,0.719759,0.724425,0.650531
0.708274,0.631239,0.675740,0.788897,0.734881,0.760616,0.654350,0.727500,0.631373,0.704978
0.710098,0.720352,0.660665,0.664839,0.633954,0.745484,0.666992,0.668221,0.674770,0.713403
0.659580,0.676074,0.695875,0.724497,0.717253,0.585886,0.713128,0.717167,0.717411,0.698386
0.674040,0.666007,0.660239,0.677500,0.689132,0.715705,0.695114,0.691310,0.666823,0.706546
0.661414,0.674733,0.641954,0.690503,0.626095,0.688079,0.602881,0.710621,0.693179,0.706425
0.683198,0.679582,0.695205,0.655298,0.669722,0.739922,0.722157,0.710758,0.679753,0.679870
0.663890,0.766500,0.663400,0.774446,0.585210,0.737412,0.638455,0.679841,0.706220,0.706402
0.716584,0.684190,0.684838,0.791913,0.748242,0.558748,0.651890,0.695186,0.679615,0.694200
0.663494,0.719655,0.669325,0.716305,0.701849,0.729758,0.682083,0.705042,0.658760,0.693313
0.674136,0.721534,0.692970,0.715720,0.686175,0.684105,0.688969,0.678914,0.700453,0.670353
0.678791,0.711983,0.700737,0.635545,0.828960,0.628130,0.735979,0.650902,0.666580,0.659952
0.677084,0.676829,0.717063,0.802723,0.616753,0.685688,0.658551,0.677440,0.736380,0.693189
0.717050,0.754718,0.722890,0.748832,0.580416,0.729351,0.684071,0.808475,0.709553,0.676041
0.689924,0.707373,0.690985,0.673491,0.634335,0.775689,0.707759,0.749017,0.649233,0.709285
0.679472,0.742157,0.738978,0.748546,0.671643,0.633490,0.710042,0.691391,0.697839,0.701572
0.739939,0.741996,0.669945,0.522996,0.793065,0.764887,0.713451,0.696755,0.752223,0.658787
0.686781,0.715787,0.595707,0.613524,0.521491,0.687775,0.601920,0.689125,0.691682,0.689484
0.637108,0.716087,0.663844,0.646481,0.754281,0.770102,0.741109,0.627825,0.674520,0.675915
0.647960,0.701224,0.661312,0.740932,0.710943,0.723831,0.659033,0.821834,0.771193,0.657104
0.737068,0.679125,0.722718,0.634589,0.733648,0.613354,0.691105,0.701916,0.697014,0.713225
0.669082,0.673340,0.656135,0.718140,0.671206,0.780144,0.704525,0.678393,0.732145,0.656568
0.674447,0.752865,0.721200,0.575876,0.788240,0.625911,0.672012,0.686635,0.687540,0.682442
0.691455,0.780713,0.670237,0.653337,0.685468,0.586396,0.740317,0.643610,0.771577,0.718414
0.751838,0.715514,0.752380,0.652895,0.726331,0.635187,0.662081,0.714632,0.670717,0.677082
0.671740,0.724677,0.704692,0.685048,0.662426,0.767959,0.704950,0.670122,0.709118,0.715728
0.703284,0.732405,0.712708,0.656985,0.771234,0.561825,0.663388,0.695351,0.658085,0.671634
