0.26130, 0.02121
0.26195, 0.01122
0.26630, 0.03162
0.24255, 0.01307
0.29477, 0.02713
0.25445, 0.01352
0.26246, 0.02321
0.24231, 0.00903
0.28328, 0.01772
0.25860, 0.01582
0.27396, 0.03150
0.26180, 0.01247
0.24536, 0.02034
0.26201, 0.01735
0.25600, 0.01387
0.25670, 0.01086
0.25680, 0.02003
0.29476, 0.02952
0.27671, 0.02391
0.23543, 0.02121
0.22875, 0.01009
0.24803, 0.01706
0.24904, 0.01106
0.26879, 0.02937
0.27363, 0.01897
0.28050, 0.02684
0.25157, 0.00935
0.22253, 0.02048
0.26744, 0.02267
0.26207, 0.01978
0.27263, 0.02223
0.25375, 0.01521
0.25895, 0.01274
0.28458, 0.02609
0.27982, 0.02021
0.26032, 0.01035
0.26838, 0.01242
0.25537, 0.02929
0.27782, 0.02084
0.27632, 0.00987
0.24855, 0.01736
0.28288, 0.02581
0.25026, 0.01917
0.25688, 0.01999
0.25084, 0.01404
0.24684, 0.02212
0.26224, 0.03593
0.24952, 0.01320
0.28825, 0.02290
0.25740, 0.02476
0.28771, 0.03171
0.25782, 0.02927
0.25532, 0.03782
0.29334, 0.01227
0.28663, 0.02466
0.26064, 0.00551
0.26468, 0.01006
0.25820, 0.01371
0.26367, 0.01208
0.26937, 0.01737
0.26987, 0.01033
0.28482, 0.03690
0.25624, 0.02865
0.26091, 0.01965
0.25240, 0.01371
0.23280, 0.02038
0.27227, 0.03334
0.29590, 0.03050
0.25856, 0.01847
0.26646, 0.01603
0.27247, 0.01431
0.23896, 0.01113
0.25738, 0.01224
0.24707, 0.01581
0.23874, 0.00890
0.27043, 0.01606
0.29499, 0.03375
0.27705, 0.01348
0.26667, 0.02237
0.25952, 0.01784
0.28628, 0.02910
0.29992, 0.02523
0.25914, 0.02414
0.27230, 0.01226
0.26706, 0.01816
0.29840, 0.02494
0.27219, 0.02592
0.26886, 0.01922
0.26726, 0.01764
0.27052, 0.01484
0.27558, 0.02102
0.27649, 0.02435
0.29373, 0.01396
0.27505, 0.03378
0.25625, 0.03631
0.24631, 0.00476
0.26596, 0.01432
0.27653, 0.02137
0.26056, 0.01355
0.27003, 0.01373
0.27630, 0.01536
0.24355, 0.02222
0.32400, 0.02795
0.27579, 0.02350
0.26689, 0.00639
0.26591, 0.01021
0.28415, 0.01999
0.31557, 0.02978
0.23633, 0.01011
0.25310, 0.02734
0.28104, 0.02268
0.25552, 0.02053
0.26769, 0.01340
0.26444, 0.02062
0.25801, 0.02225
0.25342, 0.01412
0.26301, 0.01846
0.24786, 0.00607
0.25870, 0.03222
0.26843, 0.02971
0.25919, 0.01765
0.26150, 0.02887
0.28524, 0.03420
0.25837, 0.01285
0.26628, 0.01739
0.29162, 0.01335
0.23547, 0.01439
0.27900, 0.02637
0.25387, 0.02179
0.26347, 0.02972
0.24979, 0.02088
0.23788, 0.01522
0.28191, 0.03162
0.29950, 0.01812
0.27953, 0.01255
0.26530, 0.01911
0.29314, 0.02366
0.25187, 0.02643
0.25641, 0.02041
0.25545, 0.01656
0.26231, 0.00870
0.27039, 0.01572
0.27303, 0.02173
0.28697, 0.01362
0.28531, 0.02116
0.29088, 0.01832
0.30968, 0.02409
0.26149, 0.02526
0.29256, 0.02984
0.28254, 0.01927
0.28338, 0.03455
0.27926, 0.02140
0.24841, 0.01489
0.25530, 0.03276
0.28187, 0.01932
0.26429, 0.03047
0.25397, 0.02197
0.25903, 0.02794
0.28390, 0.00938
0.27320, 0.02625
0.27009, 0.02231
0.26398, 0.02470
0.28387, 0.00852
0.24554, 0.02254
0.27127, 0.02293
0.26491, 0.02277
0.28374, 0.01785
0.27294, 0.02728
0.26674, 0.01839
0.29089, 0.01823
0.23854, 0.01966
0.23778, 0.02176
0.26947, 0.01636
0.24974, 0.01827
0.25760, 0.02184
0.25889, 0.01091
0.26479, 0.01879
0.30702, 0.02729
0.24438, 0.02286
0.28136, 0.03741
0.25879, 0.01471
0.26959, 0.03060
0.24266, 0.02239
0.28766, 0.01876
0.23771, 0.01602
0.24695, 0.00976
0.25706, 0.01742
0.25152, 0.01113
0.28584, 0.02463
0.27929, 0.01022
0.26486, 0.01640
0.25502, 0.00802
0.25963, 0.00911
0.26552, 0.01945
0.26116, 0.01242
0.24270, 0.02421
0.24905, 0.00569
0.24685, 0.02470
0.25578, 0.01865
0.26109, 0.01078
0.26141, 0.01274
0.31704, 0.01200
0.26583, 0.02172
0.25544, 0.01410
0.27804, 0.01494
0.24911, 0.03194
0.26024, 0.03066
0.27033, 0.02150
0.26826, 0.01431
0.23699, 0.02558
0.26327, 0.01002
0.26850, 0.01564
0.25980, 0.02168
0.25356, 0.02483
0.26541, 0.02679
0.25171, 0.01548
0.24886, 0.01755
0.30027, 0.02879
0.28406, 0.03105
0.26978, 0.01760
0.23056, 0.00752
0.27751, 0.02219
0.27110, 0.02606
0.23992, 0.00672
0.25021, 0.01541
0.26883, 0.01771
0.25029, 0.02863
0.29772, 0.03129
0.24782, 0.00586
0.26291, 0.02624
0.27642, 0.01885
0.27931, 0.02321
0.24166, 0.01591
0.29818, 0.02963
0.27728, 0.03340
0.26980, 0.02175
0.23709, 0.00904
0.25014, 0.01401
0.27098, 0.02189
0.27801, 0.03745
0.31556, 0.03033
0.23280, 0.01876
0.22937, 0.02431
0.25981, 0.02624
0.27458, 0.01851
0.26156, 0.02665
0.26614, 0.01374
0.27002, 0.01257
0.25026, 0.01930
0.29686, 0.02076
0.26251, 0.00928
0.26349, 0.01429
0.28618, 0.01300
0.22192, 0.01298
0.25518, 0.01874
0.27606, 0.01234
0.31354, 0.03336
0.26240, 0.00841
0.26222, 0.01393
0.26758, 0.01670
0.28931, 0.02739
0.25490, 0.00916
0.28696, 0.02209
0.25030, 0.01874
0.29024, 0.02264
0.26871, 0.02539
0.25298, 0.02813
0.27422, 0.02691
0.30125, 0.03531
0.32181, 0.02941
0.27981, 0.01171
0.25249, 0.03196
0.25460, 0.01229
0.30157, 0.02520
0.29920, 0.03346
0.25641, 0.02042
0.27152, 0.02361
0.26097, 0.02281
0.28601, 0.01796
0.27816, 0.01354
0.26477, 0.01308
0.24554, 0.00973
0.26341, 0.01833
0.24942, 0.04105
0.24790, 0.01281
0.29132, 0.02244
0.23705, 0.00804
0.24397, 0.01677
0.27555, 0.00964
0.26088, 0.02632
0.28581, 0.01586
0.28763, 0.02632
0.28996, 0.02639
0.23358, 0.02538
0.26702, 0.01117
0.26034, 0.01284
0.22620, 0.03334
0.25874, 0.03092
0.25951, 0.01814
0.25037, 0.01687
0.23728, 0.00551
0.29159, 0.02461
0.29022, 0.02547
0.23401, 0.01559
0.26024, 0.01162
0.27101, 0.02383
0.24312, 0.04107
0.29970, 0.01369
0.26980, 0.02079
0.25586, 0.01349
0.27441, 0.01633
0.23689, 0.02871
0.23670, 0.01180
0.26467, 0.02730
0.25690, 0.01112
0.23252, 0.02563
0.27814, 0.02776
0.28146, 0.03272
0.25433, 0.00727
0.24957, 0.02338
0.28635, 0.02693
0.24870, 0.03693
0.27336, 0.00940
0.26991, 0.01285
0.26670, 0.01961
0.26967, 0.01221
0.26031, 0.03271
0.24698, 0.01516
0.25409, 0.02499
0.25748, 0.01726
0.28271, 0.02458
0.22989, 0.02385
0.25181, 0.01470
0.25803, 0.03452
0.27577, 0.01468
0.27023, 0.03165
0.25122, 0.00846
0.22768, 0.03978
0.26691, 0.03219
0.26757, 0.02530
0.30543, 0.02513
0.27788, 0.03060
0.24679, 0.01712
0.27096, 0.01432
0.24151, 0.02732
0.29657, 0.01224
0.23632, 0.01252
0.25910, 0.00861
0.27975, 0.01305
0.26149, 0.02026
0.27559, 0.01640
0.27365, 0.01681
0.26195, 0.01109
0.24535, 0.01260
0.25713, 0.02773
0.26455, 0.01830
0.28311, 0.03805
0.27584, 0.03816
0.27145, 0.02261
0.25926, 0.02346
0.26058, 0.01490
0.27050, 0.01839
0.25471, 0.00600
0.27750, 0.01764
0.29010, 0.02471
0.25335, 0.01926
0.27001, 0.01591
0.26047, 0.02090
0.25132, 0.03065
0.27018, 0.01406
0.24293, 0.01762
0.25217, 0.03612
0.28395, 0.01724
0.22746, 0.00665
0.25364, 0.02477
0.28428, 0.01582
0.25929, 0.01817
0.26299, 0.01152
0.27543, 0.01548
0.26851, 0.01829
0.26966, 0.01610
0.21392, 0.00433
0.29317, 0.02551
0.27463, 0.01927
0.26783, 0.01543
0.26426, 0.01471
0.25505, 0.03396
0.28277, 0.02394
0.25693, 0.00892
0.25655, 0.01547
0.27122, 0.01188
0.23448, 0.02532
0.27289, 0.01685
0.26406, 0.02233
0.22963, 0.00698
0.27420, 0.01137
0.26106, 0.01680
0.24662, 0.02115
0.25219, 0.00944
0.22901, 0.00750
0.26582, 0.02353
0.24323, 0.02118
0.26551, 0.01609
0.28295, 0.02663
0.23981, 0.02544
0.26777, 0.03389
0.25579, 0.01209
0.28408, 0.01378
0.28366, 0.01880
0.27954, 0.02790
0.25437, 0.01249
0.28138, 0.02750
0.26870, 0.02872
0.26534, 0.01666
0.21685, 0.04634
0.27703, 0.01088
0.28931, 0.02336
0.25544, 0.01870
0.28810, 0.01375
0.29713, 0.02932
0.26110, 0.01684
0.26243, 0.01631
0.29428, 0.01764
0.24864, 0.02631
0.27399, 0.01025
0.27516, 0.01321
0.26836, 0.03155
0.26614, 0.02805
0.23730, 0.03318
0.29136, 0.02479
0.25777, 0.03366
0.25289, 0.02804
0.26136, 0.01383
0.26138, 0.02493
0.25607, 0.01400
0.30237, 0.02946
0.24463, 0.02629
0.29550, 0.02266
0.25311, 0.01540
0.27089, 0.01938
0.28961, 0.02515
0.25600, 0.01386
0.24365, 0.01971
0.28829, 0.03043
0.28868, 0.01742
0.26157, 0.03801
0.27726, 0.01057
0.24292, 0.00559
0.25062, 0.01767
0.25481, 0.01829
0.25865, 0.01316
0.26348, 0.02059
0.29779, 0.02691
0.27749, 0.01791
0.28971, 0.02554
0.25762, 0.01962
0.24070, 0.02014
0.28742, 0.02596
0.27189, 0.00912
0.24294, 0.00944
0.28812, 0.01278
0.26536, 0.03307
0.26013, 0.01722
0.27515, 0.01519
0.28276, 0.01663
0.28378, 0.02430
0.26597, 0.01455
0.29369, 0.03497
0.28827, 0.01053
0.25740, 0.01315
0.26384, 0.01693
0.25707, 0.01521
0.24999, 0.01688
0.26341, 0.01422
0.26441, 0.03587
0.26567, 0.01656
0.26973, 0.02629
0.24020, 0.02019
0.24849, 0.02164
0.27801, 0.03907
0.27135, 0.02150
0.28175, 0.02386
0.28026, 0.02599
0.26006, 0.01694
0.27331, 0.01816
0.26615, 0.01654
0.25858, 0.02229
0.23838, 0.03273
0.27525, 0.02068
0.26935, 0.01925
0.28036, 0.03267
0.26829, 0.02108
0.24615, 0.03049
0.23930, 0.00757
0.25702, 0.01578
0.24996, 0.03586
0.28864, 0.02418
0.26287, 0.04073
0.29305, 0.01913
0.26414, 0.02847
0.24157, 0.03164
0.26337, 0.03063
0.27171, 0.02151
0.27204, 0.01762
0.24542, 0.01194
0.24891, 0.01939
0.26540, 0.02694
0.27723, 0.02222
0.26813, 0.00954
0.24022, 0.02706
0.31716, 0.02896
0.27304, 0.02007
0.28145, 0.02068
0.24777, 0.03048
0.27095, 0.01190
0.27715, 0.02253
0.29209, 0.01780
0.24282, 0.01633
0.29048, 0.01873
0.26648, 0.01457
0.25106, 0.02008
0.22656, 0.01306
0.29660, 0.01688
0.23482, 0.02320
0.25971, 0.01638
0.28541, 0.01952
0.24677, 0.04030
0.26340, 0.02260
0.22793, 0.03203
0.28716, 0.02463
0.29017, 0.01591
0.25673, 0.01635
0.29366, 0.02654
0.22273, 0.01068
0.26528, 0.01069
0.28348, 0.01663
0.28416, 0.04100
0.26036, 0.02435
0.27856, 0.01830
0.27962, 0.02238
0.27729, 0.03274
0.24655, 0.00791
0.27008, 0.03137
0.26813, 0.00784
0.25153, 0.00946
0.27055, 0.03190
0.26237, 0.02314
0.28821, 0.01712
0.27369, 0.01583
0.28115, 0.02606
0.29388, 0.02540
0.24722, 0.02268
0.24436, 0.01775
0.27268, 0.01248
0.25089, 0.01094
0.26370, 0.01618
0.26874, 0.03129
0.27853, 0.01479
0.29007, 0.02343
0.26895, 0.03179
0.25383, 0.01190
0.27017, 0.01835
0.28120, 0.01811
0.25643, 0.02519
0.29333, 0.01563
0.23427, 0.00596
0.28219, 0.01596
0.28214, 0.03320
0.25208, 0.01620
0.27625, 0.02205
0.25406, 0.03371
0.25307, 0.01157
0.25563, 0.02080
0.31693, 0.00961
0.28860, 0.01855
0.25240, 0.02844
0.27512, 0.02417
0.26905, 0.01409
0.27187, 0.01507
0.25559, 0.01831
0.25919, 0.01286
0.28086, 0.02664
0.25519, 0.01474
0.25677, 0.01448
0.26784, 0.02212
0.24347, 0.02346
0.26442, 0.02495
0.26442, 0.01458
0.24912, 0.00798
0.26694, 0.02407
0.26721, 0.02210
0.27458, 0.01734
0.28227, 0.02226
0.25126, 0.03598
0.27728, 0.00975
0.28074, 0.01733
0.25009, 0.01594
0.26833, 0.01987
0.23154, 0.03612
0.26366, 0.00816
0.25000, 0.01339
0.25191, 0.00639
0.26180, 0.02517
0.26881, 0.01841
0.26609, 0.01522
0.28144, 0.01671
0.24272, 0.01094
0.27275, 0.02404
0.24333, 0.01003
0.23989, 0.01148
0.26696, 0.03760
0.27183, 0.01597
0.26107, 0.02671
0.26931, 0.02011
0.27775, 0.01148
0.26678, 0.01881
0.28709, 0.02919
0.24429, 0.00826
0.22847, 0.00934
0.27366, 0.01745
0.29862, 0.02950
0.24383, 0.01715
0.25312, 0.02327
0.24034, 0.01995
0.24886, 0.01157
0.26877, 0.02476
0.24529, 0.01736
0.32504, 0.03327
0.25245, 0.02325
0.24145, 0.02211
0.26386, 0.01727
0.26251, 0.02050
0.26869, 0.01615
0.28218, 0.01534
0.30237, 0.01772
0.23213, 0.02193
0.24549, 0.02598
0.27693, 0.03192
0.26555, 0.02356
0.25111, 0.03374
0.29816, 0.01078
0.29187, 0.02262
0.26882, 0.01061
0.30946, 0.01929
0.27034, 0.01325
0.26946, 0.03474
0.30998, 0.02276
0.26804, 0.01316
0.26521, 0.01687
0.26516, 0.03001
0.27596, 0.01775
0.26298, 0.01487
0.26252, 0.03213
0.25856, 0.01419
0.24896, 0.02133
0.26459, 0.01588
0.29707, 0.01934
0.27574, 0.04210
0.26484, 0.01637
0.25733, 0.01940
0.25644, 0.01973
0.24864, 0.03295
0.31058, 0.03129
0.23307, 0.03510
0.26283, 0.01631
0.26884, 0.00943
0.27968, 0.01842
0.26800, 0.03062
0.28117, 0.01256
0.23302, 0.01839
0.28678, 0.03282
0.27223, 0.01501
0.29229, 0.03106
0.25781, 0.02487
0.26991, 0.01515
0.28819, 0.01648
0.27113, 0.03368
0.27747, 0.01078
0.27293, 0.01610
0.24736, 0.01689
0.25431, 0.03298
0.26375, 0.02298
0.23176, 0.03680
0.24527, 0.02442
0.27031, 0.03842
0.26923, 0.01087
0.27589, 0.02440
0.27250, 0.01695
0.26397, 0.01886
0.28416, 0.02100
0.26851, 0.01988
0.27353, 0.02910
0.24340, 0.01539
0.26662, 0.01895
0.27101, 0.02130
0.29887, 0.03258
0.26738, 0.01876
0.31286, 0.03135
0.26802, 0.02867
0.27073, 0.01058
0.27027, 0.01281
0.26712, 0.01818
0.26886, 0.01721
0.28707, 0.01468
0.27505, 0.01258
0.23343, 0.01013
0.28048, 0.02293
0.25279, 0.01337
0.23774, 0.03278
0.27758, 0.03587
0.28109, 0.01236
0.28844, 0.03877
0.25688, 0.03427
0.27572, 0.02119
0.28718, 0.01606
0.25836, 0.03375
0.26140, 0.01724
0.25247, 0.00728
0.27569, 0.02419
0.28681, 0.02404
0.29088, 0.01305
0.25681, 0.02518
0.26285, 0.02771
0.24295, 0.00823
0.26597, 0.01645
0.26291, 0.01898
0.27111, 0.02197
0.26342, 0.01127
0.26585, 0.01757
0.24559, 0.00974
0.26229, 0.00939
0.24646, 0.00867
0.24930, 0.01917
0.28020, 0.02200
0.30195, 0.01341
0.27171, 0.01698
0.24016, 0.03498
0.25629, 0.01541
0.29975, 0.01727
0.24280, 0.00875
0.25423, 0.00846
0.28957, 0.01082
0.28566, 0.02546
0.27803, 0.01768
0.23312, 0.00624
0.26796, 0.01523
0.28898, 0.02180
0.26254, 0.02702
0.28092, 0.01968
0.27891, 0.01577
0.24013, 0.00906
0.23867, 0.01682
0.28628, 0.03735
0.29331, 0.03775
0.30617, 0.03297
0.26108, 0.00844
0.26694, 0.01253
0.28163, 0.02348
0.30953, 0.03111
0.23031, 0.01486
0.28001, 0.01579
0.30226, 0.01941
0.26655, 0.02153
0.24529, 0.02928
0.25883, 0.02448
0.28660, 0.03660
0.25820, 0.01307
0.26799, 0.01518
0.28432, 0.01852
0.26040, 0.01293
0.27450, 0.03330
0.26444, 0.02901
0.24446, 0.02040
0.24206, 0.03755
0.23555, 0.00703
0.26590, 0.02364
0.25921, 0.02552
0.26376, 0.01692
0.26273, 0.01662
0.27537, 0.02240
0.28792, 0.01375
0.28637, 0.03100
0.28146, 0.02018
0.27777, 0.01500
0.26611, 0.00990
0.26590, 0.00981
0.25948, 0.01518
0.27226, 0.02607
0.28457, 0.02574
0.23837, 0.01144
0.26787, 0.01785
0.26414, 0.02504
0.27377, 0.02213
0.29365, 0.02015
0.29823, 0.02610
0.25023, 0.01113
0.28469, 0.02550
0.26822, 0.04349
0.24902, 0.02499
0.25820, 0.02370
0.26199, 0.03415
0.26103, 0.01960
0.25889, 0.02270
0.25989, 0.02460
0.28570, 0.02419
0.25478, 0.02058
0.24791, 0.02327
0.25732, 0.01830
0.31698, 0.03302
0.26690, 0.00905
0.25685, 0.03658
0.26994, 0.02761
0.25274, 0.01130
0.27145, 0.01259
0.26788, 0.01513
0.25375, 0.01259
0.30630, 0.02153
0.25475, 0.01123
0.27389, 0.02187
0.26695, 0.01280
0.26089, 0.01583
0.23485, 0.02162
0.27176, 0.01268
0.25651, 0.02031
0.28321, 0.01289
0.28465, 0.01877
0.24945, 0.01416
0.27023, 0.02296
0.26055, 0.01397
0.27137, 0.02350
0.27091, 0.03275
0.24961, 0.01386
0.27203, 0.02382
0.28075, 0.01758
0.26407, 0.01271
0.25344, 0.01072
0.29900, 0.02612
0.25819, 0.01502
0.30309, 0.02363
0.25995, 0.02226
0.28670, 0.03092
0.30801, 0.01167
0.30943, 0.02523
0.26074, 0.02372
0.28267, 0.01381
0.27466, 0.01566
0.27823, 0.00995
0.25057, 0.01597
0.27687, 0.01599
0.22853, 0.01227
0.25250, 0.01426
0.24647, 0.01188
0.26230, 0.04085
0.25692, 0.03533
0.29040, 0.02482
0.28482, 0.01325
0.27518, 0.01970
0.28173, 0.02470
0.25453, 0.01904
0.26388, 0.00892
0.26215, 0.00789
0.31888, 0.02836
0.30377, 0.01372
0.26951, 0.01927
0.23891, 0.02561
0.26067, 0.00686
0.28529, 0.03436
0.25140, 0.01653
0.26767, 0.01765
0.29880, 0.02450
0.29096, 0.01949
0.27488, 0.02816
0.25901, 0.01394
0.29286, 0.03394
0.25821, 0.02534
0.26236, 0.02606
0.25292, 0.02802
0.26503, 0.00868
0.30213, 0.02545
0.27173, 0.01581
0.27780, 0.02607
0.25017, 0.01598
0.28530, 0.01424
0.25391, 0.02219
0.24615, 0.03374
0.25714, 0.01887
0.27968, 0.02090
0.24727, 0.01390
0.30495, 0.02737
0.28898, 0.01658
0.25905, 0.01359
0.25719, 0.02424
0.24575, 0.00851
0.24659, 0.01700
0.28296, 0.02761
0.26204, 0.02373
0.28405, 0.01108
0.26794, 0.01630
0.27187, 0.02250
0.30074, 0.02858
0.23592, 0.03758
0.25289, 0.03381
0.23336, 0.01011
0.29630, 0.02836
0.29624, 0.01550
0.29136, 0.01800
0.25388, 0.01707
0.26027, 0.01851
0.27690, 0.01496
0.29486, 0.02759
0.26081, 0.01992
0.25908, 0.01599
0.24827, 0.02209
0.24868, 0.02232
0.27576, 0.01198
0.30163, 0.02948
0.28573, 0.02251
0.27354, 0.01964
0.25814, 0.03181
0.26729, 0.03596
0.25938, 0.01757
0.29114, 0.02732
0.25280, 0.01367
0.25817, 0.01012
0.25534, 0.01872
0.25812, 0.01789
0.27208, 0.03471
0.26097, 0.01931
0.22680, 0.02845
0.27902, 0.00933
0.26783, 0.01478
0.26168, 0.01070
0.28602, 0.02066
0.26107, 0.01209
0.24176, 0.02100
0.26561, 0.01601
0.27140, 0.02138
0.25617, 0.00809
0.25553, 0.01915
0.26054, 0.01130
0.27962, 0.00655
0.26968, 0.01567
0.26651, 0.02872
0.27819, 0.01697
0.25261, 0.03613
0.27367, 0.03518
0.29125, 0.01794
0.26076, 0.01105
0.27924, 0.01209
0.30246, 0.03072
0.26334, 0.03751
0.25239, 0.01857
0.26863, 0.00822
0.28562, 0.01830
0.26599, 0.01502
0.27599, 0.02470
0.26095, 0.00541
0.28712, 0.02540
0.24337, 0.03494
0.25964, 0.01228
0.24644, 0.03547
0.25007, 0.02488
0.25268, 0.02148
0.24502, 0.00559
0.26348, 0.01981
0.25376, 0.02184
0.26277, 0.02217
0.27607, 0.01301
0.24450, 0.03188
0.25149, 0.01035
0.23869, 0.03936
0.28951, 0.02020
0.24210, 0.02816
0.24463, 0.02582
0.24060, 0.01804
0.24671, 0.02489
0.29770, 0.02766
0.22927, 0.02406
0.28624, 0.03250
0.25663, 0.03232
0.25004, 0.01018
0.24280, 0.01084
0.27228, 0.02755
0.23998, 0.03585
0.22634, 0.00637
0.26329, 0.02668
0.28029, 0.01223
0.25431, 0.03882
0.23152, 0.02055
0.26202, 0.01817
0.26109, 0.03168
0.25371, 0.01542
0.26182, 0.01784
0.24396, 0.01054
0.27590, 0.02309
0.25391, 0.02767
0.26705, 0.01709
0.27036, 0.01704
0.25473, 0.03340
0.25862, 0.01719
0.27204, 0.02381
0.26221, 0.03494
0.25549, 0.01664
0.27199, 0.02892
0.28598, 0.02333
0.25712, 0.01647
0.27050, 0.01826
0.28353, 0.01818
0.25871, 0.01464
0.28261, 0.01552
0.27382, 0.01801
0.25946, 0.02295
0.28876, 0.02895
0.27136, 0.03385
0.23309, 0.02029
0.25896, 0.01627
0.24510, 0.02034
0.25988, 0.03922
0.28421, 0.02224
0.25135, 0.03370
0.26439, 0.01312
0.31324, 0.03487
0.26563, 0.02704
0.28577, 0.01651
0.24624, 0.03563
0.24979, 0.01045
0.22855, 0.02094
0.25173, 0.03081
0.27394, 0.02237
0.29444, 0.01314
0.23659, 0.01041
0.28722, 0.01103
0.28386, 0.01370
0.22642, 0.00900
0.26326, 0.03018
0.23777, 0.01291
0.24424, 0.01602
0.26463, 0.01770
0.27363, 0.03634
0.29527, 0.02675
0.26836, 0.01512
0.28261, 0.02431
0.26505, 0.01682
0.26413, 0.02249
0.28150, 0.01018
0.25930, 0.01309
0.26004, 0.02590
0.26253, 0.01699
0.24248, 0.02543
0.27280, 0.01091
0.27329, 0.02802
0.24099, 0.00725
0.29485, 0.02473
0.25936, 0.00798
0.27485, 0.01716
0.23827, 0.01024
0.23231, 0.00930
0.29383, 0.02977
0.25583, 0.01662
0.26394, 0.02115
0.26408, 0.02074
0.26996, 0.01937
0.25743, 0.01200
0.28671, 0.01208
0.25027, 0.01625
0.24566, 0.01434
0.26051, 0.00773
0.26432, 0.01664
0.26438, 0.02232
0.26184, 0.01657
0.23820, 0.01146
0.26225, 0.03173
0.27154, 0.01844
0.26026, 0.00732
0.28940, 0.03523
0.31106, 0.02702
0.27304, 0.02792
0.30572, 0.01389
0.27639, 0.02666
0.23187, 0.01988
0.23711, 0.03746
0.26542, 0.01505
0.25716, 0.02400
0.29368, 0.03552
0.26426, 0.03472
0.23666, 0.01495
0.24236, 0.01248
0.26862, 0.01852
0.24874, 0.02799
0.25312, 0.00995
0.26372, 0.01694
0.27590, 0.01356
0.28711, 0.01166
0.28690, 0.01722
0.29009, 0.03701
0.30364, 0.02614
0.30360, 0.03561
0.24195, 0.03254
0.24693, 0.01070
0.27854, 0.01552
0.23955, 0.01022
0.25425, 0.02072
0.25608, 0.01094
0.29211, 0.01696
0.29801, 0.02173
0.26687, 0.02678
0.26324, 0.02525
0.27662, 0.03744
0.26209, 0.01606
0.29037, 0.00844
0.25480, 0.02846
0.31575, 0.03349
0.30681, 0.02871
0.26437, 0.02923
0.24812, 0.03554
0.22668, 0.00674
0.25669, 0.02063
0.26845, 0.01828
0.26881, 0.01426
0.26376, 0.02452
0.24569, 0.03313
0.24957, 0.01307
0.25951, 0.01293
0.25708, 0.01538
0.26318, 0.02135
0.26069, 0.01133
0.25212, 0.02519
0.25854, 0.01256
0.25333, 0.02377
0.26010, 0.02568
0.27927, 0.01119
0.27748, 0.01526
0.26182, 0.02393
0.27192, 0.00902
0.28892, 0.03817
0.27513, 0.02666
0.29444, 0.02423
0.26345, 0.01528
0.26212, 0.01747
0.25941, 0.03253
0.26696, 0.02355
0.29536, 0.01726
0.24563, 0.02947
0.26344, 0.02542
0.28748, 0.01421
0.29948, 0.02172
0.25179, 0.03222
0.27625, 0.03567
0.25013, 0.00622
0.23966, 0.01933
0.27234, 0.02400
0.26626, 0.03740
0.28542, 0.02928
0.29226, 0.02639
0.25245, 0.01659
0.28137, 0.02061
0.26766, 0.03204
0.27600, 0.01033
0.24532, 0.01655
0.25819, 0.01670
0.24163, 0.00740
0.27763, 0.01498
0.25604, 0.01608
0.24498, 0.01524
0.33028, 0.03449
0.24583, 0.01128
0.26712, 0.01509
0.24889, 0.02277
0.24387, 0.01215
0.25580, 0.02256
0.26263, 0.02543
0.25754, 0.01399
0.30556, 0.03091
0.25885, 0.01597
0.24336, 0.01056
0.28978, 0.02781
0.26344, 0.01832
0.28600, 0.02412
0.27176, 0.02137
0.24153, 0.01837
0.27772, 0.02818
0.27044, 0.01586
0.24827, 0.03222
0.24765, 0.00738
0.24439, 0.02058
0.31080, 0.03208
0.25472, 0.03365
0.24874, 0.01062
0.29031, 0.01846
0.27740, 0.03588
0.23770, 0.01349
0.27256, 0.01363
0.25443, 0.02111
0.26923, 0.01555
0.26717, 0.00940
0.24667, 0.02641
0.25629, 0.00645
0.24302, 0.01418
0.25658, 0.00772
0.24904, 0.01479
0.26659, 0.01118
0.26556, 0.00989
0.27762, 0.02549
0.26395, 0.01182
0.27287, 0.01968
0.29153, 0.03224
0.25206, 0.00741
0.22357, 0.02651
0.24083, 0.02484
0.23838, 0.01146
0.28488, 0.01915
0.28881, 0.01714
0.26717, 0.01670
0.25654, 0.04042
0.29968, 0.02595
0.27897, 0.01206
0.26533, 0.03672
0.27000, 0.02095
0.25303, 0.02879
0.23019, 0.00695
0.28935, 0.03449
0.23939, 0.01159
0.26321, 0.01660
0.26636, 0.01993
0.25086, 0.02328
0.26473, 0.01318
0.26517, 0.01433
0.26602, 0.01647
0.25713, 0.02235
0.28198, 0.01989
0.21432, 0.02964
0.25581, 0.01139
0.25699, 0.01474
0.25725, 0.01343
0.26850, 0.03078
0.29116, 0.01726
0.24998, 0.01774
0.24892, 0.02679
0.27569, 0.02643
0.27192, 0.01260
0.29106, 0.02710
0.29074, 0.02421
0.27558, 0.01787
0.27042, 0.01548
0.26437, 0.02187
0.27631, 0.01655
0.25561, 0.01382
0.30125, 0.01315
0.25259, 0.01587
0.27948, 0.01801
0.25119, 0.02081
0.26549, 0.02616
0.30266, 0.02095
0.26677, 0.01633
0.24998, 0.03401
0.24367, 0.00631
0.27778, 0.01197
0.29224, 0.02769
0.29822, 0.02618
0.28118, 0.02188
0.29831, 0.01384
0.27336, 0.02315
0.25140, 0.02388
0.23953, 0.01654
0.25727, 0.01783
0.29602, 0.02565
0.26187, 0.01204
0.30121, 0.02106
0.23966, 0.01643
0.25774, 0.01751
0.25533, 0.01611
0.27322, 0.02711
0.23407, 0.01184
0.24628, 0.01477
0.27641, 0.01370
0.23567, 0.01523
0.26167, 0.02970
0.27633, 0.02252
0.29209, 0.01677
0.27465, 0.03396
0.27545, 0.02141
0.25976, 0.03320
0.24139, 0.01183
0.27119, 0.03071
0.25754, 0.03663
0.28513, 0.01470
0.26210, 0.03216
0.24937, 0.02832
0.23597, 0.01417
0.24945, 0.02140
0.26438, 0.01191
0.23198, 0.01188
0.25090, 0.01432
0.27702, 0.00975
0.24980, 0.01749
0.24703, 0.02791
0.28517, 0.01233
0.25826, 0.02342
0.27983, 0.01355
0.30169, 0.01588
0.25186, 0.00537
0.27099, 0.03443
0.27911, 0.01689
0.27495, 0.02612
0.26406, 0.01912
0.27342, 0.02306
0.27006, 0.01221
0.26278, 0.03586
0.27909, 0.03609
0.25383, 0.01256
0.24945, 0.01403
0.27119, 0.01413
0.27780, 0.01587
0.23755, 0.01188
0.26197, 0.01221
0.25661, 0.02713
0.23888, 0.02713
0.27020, 0.01929
0.26085, 0.01005
0.26342, 0.01831
0.26090, 0.01740
0.27129, 0.02313
0.27992, 0.01985
0.25514, 0.02028
0.28725, 0.02733
0.31419, 0.01787
0.25882, 0.00790
0.28296, 0.01080
0.30868, 0.01105
0.29381, 0.02486
0.25555, 0.01397
0.24241, 0.03373
0.25334, 0.01405
0.29380, 0.02028
0.28560, 0.03200
0.27613, 0.01846
0.24817, 0.02067
0.22912, 0.03403
0.27643, 0.01626
0.29909, 0.02750
0.24645, 0.02259
0.24466, 0.02300
0.24895, 0.01854
0.27653, 0.03420
0.26514, 0.01570
0.19797, 0.00435
0.28472, 0.01879
0.25593, 0.01381
0.26683, 0.01680
0.28637, 0.01823
0.26304, 0.01602
0.28324, 0.01809
0.25666, 0.02272
0.31629, 0.01702
0.29493, 0.02398
0.26790, 0.02077
0.27205, 0.02564
0.24680, 0.02161
0.29859, 0.02689
0.25580, 0.01116
0.25918, 0.03359
0.28435, 0.01369
0.25683, 0.03252
0.24874, 0.02736
0.24710, 0.01988
0.24790, 0.01865
0.25407, 0.01018
0.27300, 0.02514
0.28683, 0.01671
0.28054, 0.02937
0.25652, 0.01812
0.25393, 0.01657
0.28316, 0.03332
0.26264, 0.02233
0.26770, 0.02027
0.26927, 0.01595
0.28435, 0.03093
0.25035, 0.02012
0.25878, 0.01203
0.27275, 0.04088
0.25285, 0.03494
0.27214, 0.01368
0.27081, 0.01796
0.24146, 0.01881
0.26125, 0.01658
0.27882, 0.03399
0.23773, 0.00797
0.27797, 0.01693
0.28095, 0.03058
0.27086, 0.01757
0.27869, 0.02933
0.26410, 0.02834
0.27369, 0.01416
0.28275, 0.02290
0.28376, 0.02329
0.24160, 0.01344
0.25642, 0.01226
0.30136, 0.01660
0.27005, 0.02793
0.27959, 0.03452
0.27990, 0.02736
0.29953, 0.02483
0.27850, 0.01705
0.25630, 0.03770
0.23651, 0.02759
0.27478, 0.02032
0.26520, 0.02276
0.25691, 0.03140
0.22788, 0.03087
0.25474, 0.01968
0.24570, 0.01238
0.27605, 0.01394
0.27187, 0.03507
0.25725, 0.02843
0.26556, 0.01781
0.25636, 0.01793
0.29194, 0.01354
0.29103, 0.01468
0.24436, 0.04201
0.24371, 0.01483
0.27888, 0.01260
0.26989, 0.02021
0.24834, 0.01692
0.27247, 0.02022
0.28536, 0.01325
0.27385, 0.01657
0.26325, 0.01007
0.28276, 0.01495
0.29641, 0.02684
0.28162, 0.02186
0.25457, 0.00894
0.25432, 0.01082
0.25248, 0.02955
0.26903, 0.02561
0.27529, 0.03254
0.28497, 0.01965
0.27977, 0.02122
0.26311, 0.01577
0.23968, 0.01564
0.27671, 0.03052
0.24483, 0.01017
0.23770, 0.01135
0.28443, 0.03541
0.26856, 0.02738
0.29624, 0.02243
0.24023, 0.01568
0.30359, 0.02942
0.25608, 0.03675
0.25934, 0.00757
0.30146, 0.02733
0.26329, 0.01876
0.27094, 0.02394
0.25341, 0.01977
0.26987, 0.01911
0.26364, 0.02386
0.28062, 0.01314
0.25005, 0.02949
0.24722, 0.00783
0.28754, 0.02883
0.26716, 0.02122
0.25243, 0.01293
0.31017, 0.03053
0.26008, 0.03249
0.24278, 0.01382
0.28006, 0.02935
0.28777, 0.01831
0.29415, 0.03325
0.24594, 0.02852
0.26070, 0.01972
0.25461, 0.01693
0.24088, 0.01907
0.26319, 0.01788
0.27781, 0.01967
0.25341, 0.02878
0.25521, 0.02851
0.26822, 0.02910
0.23205, 0.00934
0.24319, 0.01085
0.28138, 0.03135
0.26188, 0.01105
0.27258, 0.02719
0.26121, 0.00709
0.29064, 0.01860
0.27478, 0.02339
0.27131, 0.01321
0.30169, 0.02609
0.26862, 0.00849
0.29379, 0.02536
0.27170, 0.03254
0.32186, 0.02559
0.31279, 0.02980
0.26184, 0.01352
0.28108, 0.02554
0.28011, 0.00683
0.26753, 0.01018
0.27574, 0.02964
0.29586, 0.02657
0.27793, 0.03197
0.27345, 0.01921
0.27297, 0.01894
0.28058, 0.01242
0.27427, 0.01349
0.26082, 0.01788
0.28531, 0.02550
0.26852, 0.03733
0.27245, 0.02010
0.26463, 0.01431
0.27709, 0.02475
0.27247, 0.01841
0.25286, 0.02683
0.26700, 0.02498
0.24942, 0.02118
0.26107, 0.01929
0.25021, 0.03175
0.26077, 0.01996
0.27718, 0.03137
0.25655, 0.01247
0.26035, 0.01258
0.26505, 0.02065
0.24119, 0.01136
0.25042, 0.03048
0.25219, 0.03333
0.24696, 0.01791
0.23603, 0.01714
0.23573, 0.01014
0.26728, 0.01230
0.26141, 0.01759
0.26027, 0.03472
0.23629, 0.00968
0.25175, 0.02877
0.25082, 0.03590
0.26133, 0.03428
0.26332, 0.01609
0.25969, 0.01193
0.28882, 0.02597
0.27188, 0.01613
0.26354, 0.03415
0.30062, 0.03142
0.27086, 0.01594
0.24163, 0.01167
0.26652, 0.01931
0.22597, 0.03427
0.30209, 0.02373
0.26371, 0.02344
0.26505, 0.01485
0.25010, 0.03480
0.27021, 0.02946
0.27193, 0.00898
0.27756, 0.01779
0.23755, 0.02747
0.25833, 0.01347
0.26055, 0.02428
0.25815, 0.01488
0.27436, 0.01381
0.24968, 0.00599
0.26922, 0.01245
0.26114, 0.01851
0.25245, 0.01463
0.29397, 0.01541
0.23710, 0.01125
0.28381, 0.01498
0.27190, 0.02818
0.24610, 0.02051
0.25090, 0.01706
0.30980, 0.03722
0.25355, 0.00824
0.27215, 0.01811
0.27726, 0.02185
0.27221, 0.01553
0.25841, 0.02251
0.27511, 0.02374
0.28866, 0.03190
0.26658, 0.03649
0.23889, 0.01259
0.28502, 0.01086
0.26942, 0.01614
0.24209, 0.01479
0.28273, 0.01946
0.28159, 0.02456
0.27855, 0.01371
0.24362, 0.01886
0.25387, 0.01155
0.24177, 0.03687
0.25900, 0.01415
0.28093, 0.02582
0.25078, 0.02170
0.26895, 0.01567
0.26606, 0.02083
0.24423, 0.01317
0.24801, 0.02625
0.25439, 0.02624
0.25242, 0.01958
0.26939, 0.01947
0.26641, 0.00993
0.27709, 0.02132
0.24118, 0.03152
0.27432, 0.02618
0.31464, 0.01868
0.22452, 0.03571
0.24080, 0.03438
0.27119, 0.00900
0.26130, 0.01692
0.25858, 0.03626
0.23175, 0.00612
0.24568, 0.01710
0.26851, 0.01752
0.26846, 0.01690
0.26991, 0.01652
0.26597, 0.02457
0.27874, 0.02124
0.25392, 0.01295
0.25813, 0.01663
0.30469, 0.02729
0.26274, 0.03904
0.24630, 0.03944
0.28100, 0.01968
0.26531, 0.01913
0.25852, 0.02351
0.26252, 0.02549
0.27963, 0.01463
0.24409, 0.00862
0.26224, 0.00841
0.24314, 0.03137
0.25003, 0.01510
0.32101, 0.01851
0.27297, 0.02289
0.30023, 0.02161
0.25648, 0.01125
0.26925, 0.02536
0.25535, 0.01555
0.23984, 0.01279
0.25515, 0.01450
0.28039, 0.02439
0.23989, 0.02280
0.26471, 0.02060
0.32026, 0.02046
0.25021, 0.02023
0.28045, 0.02221
0.25685, 0.02631
0.28498, 0.03814
0.26954, 0.01496
0.23901, 0.03216
0.25335, 0.02837
0.24949, 0.02041
0.27940, 0.02781
0.28961, 0.03166
0.24546, 0.01152
0.27327, 0.02158
0.29175, 0.01694
0.28581, 0.02256
0.26120, 0.02842
0.26325, 0.01958
0.27533, 0.02114
0.25882, 0.02683
0.26843, 0.02463
0.21993, 0.02172
0.25506, 0.02926
0.27028, 0.02399
0.26536, 0.01458
0.27991, 0.00993
0.26693, 0.01337
0.27904, 0.03250
0.27543, 0.01506
0.27161, 0.01588
0.26646, 0.01727
0.28161, 0.02149
0.25729, 0.02018
0.31162, 0.01394
0.26862, 0.01787
0.24866, 0.01355
0.22990, 0.02013
0.25961, 0.02265
0.25851, 0.02212
0.27052, 0.03957
0.25729, 0.02737
0.24355, 0.01057
0.27411, 0.01681
0.23553, 0.02364
0.30060, 0.02085
0.24997, 0.02870
0.26194, 0.02221
0.23370, 0.00602
0.27359, 0.01801
0.25469, 0.02192
0.28444, 0.01009
0.25732, 0.03819
0.27428, 0.02584
0.25527, 0.02061
0.26214, 0.03513
0.30552, 0.02790
0.25094, 0.02179
0.28722, 0.03594
0.28327, 0.02735
0.25970, 0.01717
0.25198, 0.01648
0.26098, 0.03070
0.28733, 0.02896
0.24893, 0.01725
0.26085, 0.01494
0.24365, 0.02440
0.25295, 0.01133
0.26109, 0.02635
0.25709, 0.02807
0.27916, 0.01879
0.23918, 0.01004
0.25569, 0.02978
0.27963, 0.03269
0.22899, 0.00667
0.27032, 0.01956
0.26381, 0.03636
0.25650, 0.02617
0.27044, 0.02179
0.30103, 0.01751
0.26495, 0.01768
0.26329, 0.01122
0.29572, 0.01455
0.28014, 0.01944
0.25880, 0.01885
0.29870, 0.03625
0.25336, 0.02645
0.26397, 0.01597
0.28018, 0.01629
0.28937, 0.02571
0.26469, 0.01819
0.25467, 0.01485
0.26007, 0.02873
0.30315, 0.02223
0.27476, 0.01336
0.29544, 0.02652
0.30241, 0.02223
0.27710, 0.03090
0.27143, 0.02561
0.26938, 0.01411
0.25156, 0.02779
0.25727, 0.01579
0.28828, 0.02534
0.26086, 0.03344
0.22458, 0.03114
0.26109, 0.01780
0.25275, 0.02156
0.30593, 0.02387
0.25625, 0.02391
0.28538, 0.01522
0.24399, 0.00927
0.25318, 0.01237
0.26961, 0.02034
0.25996, 0.01141
0.28060, 0.01326
0.25497, 0.02074
0.25457, 0.01804
0.29570, 0.01309
0.28216, 0.03635
0.29674, 0.02414
0.27483, 0.03886
0.27853, 0.00826
0.29259, 0.03972
0.26169, 0.02797
0.28261, 0.02299
0.28672, 0.02508
0.23028, 0.00788
0.26235, 0.03508
0.30274, 0.02503
0.26298, 0.02201
0.26085, 0.02077
0.27009, 0.01833
0.27483, 0.01882
0.23529, 0.01909
0.28362, 0.01916
0.27482, 0.01317
0.27784, 0.02962
0.25299, 0.01847
0.25535, 0.02367
0.28799, 0.02072
0.29988, 0.02337
0.28367, 0.02017
0.26903, 0.01854
0.29082, 0.00771
0.25806, 0.02269
0.27260, 0.01082
0.24845, 0.02201
0.25776, 0.01661
0.28681, 0.02345
0.24464, 0.03568
0.25124, 0.02037
0.24518, 0.03028
0.28070, 0.02251
0.30119, 0.01607
0.26812, 0.02656
0.24999, 0.02312
0.25147, 0.01293
0.27175, 0.01389
0.26289, 0.02029
0.25992, 0.02055
0.25621, 0.02186
0.28121, 0.01728
0.26168, 0.01994
0.23959, 0.00868
0.24984, 0.02720
0.25543, 0.01776
0.25922, 0.01280
0.25953, 0.01235
0.24311, 0.00797
0.26431, 0.01666
0.27358, 0.01752
0.26012, 0.03674
0.30247, 0.01859
0.25556, 0.01364
0.25435, 0.03012
0.24018, 0.00552
0.26200, 0.02109
0.29737, 0.00997
0.25887, 0.02759
0.24451, 0.03329
0.27145, 0.02948
0.26562, 0.01714
0.26886, 0.02457
0.28526, 0.01826
0.27588, 0.02275
0.26707, 0.01982
0.27481, 0.03167
0.26357, 0.03489
0.27139, 0.02599
0.26925, 0.01011
0.27244, 0.01347
0.29345, 0.01371
0.26756, 0.01938
0.25288, 0.02096
0.26403, 0.01535
0.27515, 0.01534
0.28497, 0.01819
0.29681, 0.03066
0.26080, 0.01685
0.27514, 0.02955
0.26030, 0.01876
0.27314, 0.01171
0.26075, 0.02203
0.27972, 0.01256
0.27860, 0.03069
0.28291, 0.01589
0.29683, 0.02305
0.30294, 0.02575
0.25874, 0.01670
0.27442, 0.01395
0.24673, 0.01917
0.28869, 0.01945
0.22822, 0.00748
0.28852, 0.03684
0.27239, 0.03246
0.23730, 0.01118
0.24929, 0.02171
0.26717, 0.01660
0.27334, 0.01877
0.27962, 0.03924
0.26129, 0.01129
0.26649, 0.00776
0.26868, 0.01978
0.25076, 0.02021
0.23010, 0.00897
0.27186, 0.02341
0.24131, 0.01141
0.24156, 0.02011
0.26035, 0.00802
0.28376, 0.03100
0.26923, 0.00948
0.25018, 0.01640
0.25866, 0.02843
0.27317, 0.01070
0.27391, 0.02509
0.26732, 0.03186
0.27705, 0.02572
0.28186, 0.02547
0.24452, 0.00983
0.24393, 0.01401
0.24663, 0.00844
0.28429, 0.03428
0.24990, 0.01563
0.24993, 0.00844
0.24734, 0.01754
0.28796, 0.02828
0.28927, 0.02566
0.27464, 0.03085
0.24056, 0.00775
0.27258, 0.01496
0.25891, 0.02677
0.26585, 0.03816
0.24625, 0.00893
0.26162, 0.01447
0.27300, 0.02567
0.23476, 0.02530
0.26525, 0.02121
0.26871, 0.01141
0.24783, 0.00807
0.25309, 0.01801
0.23831, 0.03343
0.28175, 0.00896
0.25758, 0.02158
0.26597, 0.01873
0.24746, 0.01801
0.26322, 0.02268
0.26775, 0.02464
0.26666, 0.02174
0.29726, 0.02731
0.27005, 0.01499
0.27875, 0.01625
0.25903, 0.02513
0.26209, 0.01846
0.27032, 0.01354
0.25132, 0.02024
0.27152, 0.02050
0.25288, 0.03104
0.27683, 0.01449
0.31312, 0.02454
0.26384, 0.01023
0.31153, 0.03438
0.24798, 0.01447
0.25454, 0.01098
0.27055, 0.01854
0.25251, 0.01008
0.25994, 0.02373
0.26413, 0.03299
0.23780, 0.03214
0.26503, 0.02122
0.26932, 0.01680
0.29849, 0.00853
0.25423, 0.01974
0.24587, 0.00794
0.24999, 0.02599
0.26762, 0.01619
0.27762, 0.02081
0.26886, 0.02824
0.25910, 0.02545
0.27052, 0.01406
0.27064, 0.01250
0.25956, 0.03809
0.26405, 0.04081
0.26537, 0.01544
0.27852, 0.01101
0.29075, 0.02102
0.27957, 0.01627
0.25741, 0.01741
0.27880, 0.00864
0.24996, 0.03447
0.28243, 0.03548
0.27752, 0.00642
0.25968, 0.01791
0.27816, 0.03597
0.27061, 0.03667
0.28867, 0.02816
0.30415, 0.01266
0.26068, 0.01015
0.31595, 0.02629
0.24617, 0.02754
0.25301, 0.03938
0.24840, 0.02999
0.28747, 0.02287
0.25176, 0.01422
0.26646, 0.00878
0.24439, 0.02272
0.27928, 0.01274
0.23517, 0.03091
0.26818, 0.01662
0.22530, 0.01580
0.24001, 0.01953
0.26134, 0.01210
0.27819, 0.01660
0.25608, 0.01437
0.27758, 0.01855
0.26548, 0.01331
0.24486, 0.00814
0.27745, 0.02741
0.23937, 0.02979
0.24771, 0.00915
0.27718, 0.02047
0.28516, 0.02569
0.27186, 0.01397
0.26689, 0.03486
0.28590, 0.01270
0.24753, 0.01142
0.27726, 0.03449
0.25012, 0.01714
0.27524, 0.03323
0.26590, 0.03495
0.24899, 0.01875
0.27044, 0.01661
0.25109, 0.02079
0.28578, 0.01774
0.26373, 0.02102
0.25341, 0.01923
0.26062, 0.02673
0.25717, 0.01148
0.25296, 0.02808
0.28746, 0.02124
0.25763, 0.02065
0.29809, 0.02500
0.23476, 0.01727
0.29352, 0.02041
0.28694, 0.02319
0.27227, 0.01197
0.24887, 0.02264
0.25955, 0.01043
0.26898, 0.02999
0.27687, 0.02324
0.25429, 0.01363
0.27349, 0.02572
0.30215, 0.02546
0.25660, 0.00837
0.25208, 0.01262
0.27475, 0.02248
0.28697, 0.03449
0.26037, 0.01733
0.24256, 0.00890
0.27078, 0.02937
0.27472, 0.01795
0.25398, 0.01451
0.28091, 0.01784
0.27572, 0.02143
0.24820, 0.01212
0.25115, 0.01111
0.26718, 0.01848
0.25204, 0.00757
0.23614, 0.02755
0.26611, 0.01839
0.24904, 0.01117
0.25328, 0.01664
0.27620, 0.01331
0.25901, 0.01358
0.27727, 0.02625
0.24878, 0.01759
0.29056, 0.02180
0.29427, 0.02638
0.24423, 0.02115
0.26274, 0.01388
0.27679, 0.03632
0.25648, 0.02022
0.27078, 0.02400
0.28806, 0.02201
0.24824, 0.01990
0.27385, 0.02784
0.27897, 0.02003
0.27825, 0.01399
0.23531, 0.04199
0.32173, 0.03077
0.29256, 0.01075
0.27616, 0.02481
0.27748, 0.00872
0.30165, 0.01434
0.24705, 0.00857
0.25389, 0.00984
0.26263, 0.02461
0.24532, 0.03080
0.27099, 0.01387
0.28989, 0.01826
0.26641, 0.02354
0.28275, 0.02436
0.27318, 0.01771
0.22231, 0.00870
0.29684, 0.02184
0.26807, 0.02219
0.25499, 0.03096
0.26676, 0.01747
0.24039, 0.01620
0.24746, 0.02879
0.25202, 0.02270
0.27283, 0.02772
0.25674, 0.02010
0.31249, 0.03284
0.26662, 0.01083
0.28158, 0.01635
0.26115, 0.02373
0.26949, 0.01345
0.28392, 0.01038
0.29717, 0.01873
0.26380, 0.01807
0.27539, 0.01223
0.26112, 0.02963
0.24807, 0.01968
0.25603, 0.01460
0.25765, 0.03891
0.28403, 0.01120
0.25218, 0.00816
0.28152, 0.01095
0.26562, 0.01016
0.25648, 0.01325
0.26614, 0.01665
0.25698, 0.01374
0.26802, 0.02220
0.26383, 0.01627
0.24790, 0.00988
0.24252, 0.03493
0.26957, 0.01802
0.26136, 0.02012
0.27854, 0.02160
0.26201, 0.00670
0.27452, 0.01602
0.26324, 0.01733
0.24976, 0.01532
0.28894, 0.03128
0.26391, 0.01582
0.25010, 0.00582
0.23480, 0.02301
0.26395, 0.01857
0.24231, 0.01054
0.27000, 0.02053
0.22507, 0.02537
0.29665, 0.02322
0.25248, 0.01664
0.23288, 0.01157
0.26277, 0.02048
0.27669, 0.02561
0.25742, 0.00766
0.24827, 0.01273
0.24634, 0.01239
0.29612, 0.02472
0.28250, 0.00872
0.25007, 0.01781
0.31104, 0.02595
0.27823, 0.01764
0.26881, 0.03010
0.27748, 0.00993
0.25189, 0.03232
0.30732, 0.02315
0.27552, 0.02709
0.26010, 0.02620
0.25985, 0.01773
0.25284, 0.01279
0.26527, 0.02744
0.23446, 0.03342
0.25785, 0.01614
0.30120, 0.03386
0.25296, 0.01395
0.24976, 0.03704
0.27741, 0.01462
0.27456, 0.02154
0.27747, 0.01458
0.26088, 0.01084
0.28243, 0.03118
0.26884, 0.01870
0.27391, 0.03075
0.27042, 0.00636
0.25690, 0.02650
0.26417, 0.00912
0.29218, 0.02196
0.24858, 0.01000
0.23260, 0.00755
0.25181, 0.01593
0.27038, 0.02545
0.26493, 0.01278
0.24034, 0.02660
0.27591, 0.02663
0.24405, 0.03377
0.24770, 0.03183
0.28503, 0.01681
0.28698, 0.02513
0.27775, 0.00907
0.27402, 0.02517
0.25458, 0.00904
0.27286, 0.01370
0.27741, 0.01609
0.29278, 0.01609
0.27980, 0.01683
0.26888, 0.01958
0.21646, 0.00511
0.28449, 0.01143
0.29295, 0.01289
0.27340, 0.03111
0.25071, 0.02261
0.29493, 0.03274
0.27661, 0.01690
0.25502, 0.00937
0.28179, 0.02561
0.26924, 0.01716
0.28074, 0.01280
0.26031, 0.02311
0.27284, 0.02934
0.27763, 0.00916
0.25508, 0.01445
0.26688, 0.02433
0.29300, 0.02853
0.25172, 0.01610
0.26037, 0.01893
0.27480, 0.01484
0.27196, 0.03048
0.27085, 0.01198
0.27835, 0.02305
0.27289, 0.02831
0.28638, 0.01455
0.26120, 0.01053
0.25634, 0.01667
0.26215, 0.03711
0.27797, 0.02621
0.29001, 0.02276
0.23615, 0.00566
0.26302, 0.01726
0.25083, 0.01917
0.27708, 0.01461
0.29085, 0.02553
0.28740, 0.02839
0.24669, 0.00841
0.25896, 0.01204
0.28812, 0.01293
0.29182, 0.02296
0.25973, 0.03150
0.26855, 0.02867
0.26504, 0.01944
0.27392, 0.01070
0.27507, 0.01781
0.26944, 0.01740
0.26482, 0.01506
0.26520, 0.02032
0.27254, 0.02191
0.31292, 0.02360
0.24855, 0.02103
0.24648, 0.02165
0.25459, 0.01856
0.28451, 0.02361
0.28039, 0.01902
0.27267, 0.02949
0.24019, 0.01295
0.25614, 0.00906
0.27502, 0.01340
0.30011, 0.03001
0.27061, 0.03208
0.26047, 0.01714
0.24666, 0.00957
0.24728, 0.01537
0.27869, 0.03267
0.29518, 0.02819
0.23615, 0.01390
0.28571, 0.01552
0.28307, 0.01944
0.29088, 0.01138
0.23922, 0.01024
0.24904, 0.03128
0.24609, 0.00579
0.27722, 0.01991
0.25206, 0.03047
0.28301, 0.01338
0.28550, 0.02365
0.26451, 0.01771
0.26734, 0.01664
0.24005, 0.01034
0.24870, 0.00468
0.30693, 0.02327
0.22104, 0.00462
0.29316, 0.02125
0.25960, 0.01339
0.28885, 0.02126
0.28638, 0.02361
0.25444, 0.03489
0.25840, 0.02759
0.22438, 0.01863
0.25407, 0.02043
0.28329, 0.02261
0.27823, 0.02844
0.30985, 0.02881
0.28952, 0.02339
0.25744, 0.03478
0.26347, 0.01835
0.25435, 0.02563
0.28142, 0.00867
0.25492, 0.02632
0.24862, 0.03004
0.25464, 0.03749
0.25924, 0.01201
0.24766, 0.03608
0.27394, 0.02134
0.28823, 0.01191
0.25268, 0.01132
0.25508, 0.01015
0.24428, 0.01900
0.27532, 0.01937
0.26234, 0.02425
0.26233, 0.03537
0.26186, 0.00642
0.26706, 0.02070
0.25761, 0.03243
0.26620, 0.01941
0.27377, 0.02598
0.27164, 0.02343
0.24274, 0.03177
0.27930, 0.02449
0.23956, 0.03061
0.26561, 0.01080
0.26708, 0.01369
0.27451, 0.02663
0.23267, 0.02819
0.30978, 0.03280
0.29981, 0.01828
0.29578, 0.03143
0.24768, 0.02862
0.29310, 0.02969
0.28602, 0.02452
0.28930, 0.03079
0.27567, 0.01791
0.29516, 0.02938
0.30936, 0.02325
0.25580, 0.01590
0.23320, 0.01097
0.24915, 0.01864
0.27167, 0.01998
0.23364, 0.01870
0.25652, 0.01274
0.24455, 0.01481
0.27603, 0.01693
0.25881, 0.01488
0.26175, 0.00978
0.26519, 0.01906
0.27639, 0.01340
0.25776, 0.02859
0.26221, 0.02984
0.26449, 0.01568
0.27815, 0.02869
0.25033, 0.01778
0.28124, 0.02070
0.27378, 0.01975
0.26115, 0.03178
0.30520, 0.02695
0.27665, 0.02432
0.23663, 0.01498
0.25695, 0.01774
0.27946, 0.00952
0.24406, 0.00929
0.27036, 0.01186
0.27933, 0.02056
0.25418, 0.02899
0.23193, 0.03552
0.26869, 0.01243
0.24373, 0.02636
0.21930, 0.01536
0.25923, 0.01971
0.28294, 0.01885
0.26612, 0.02091
0.22848, 0.02499
0.24332, 0.02335
0.25487, 0.01351
0.27966, 0.02884
0.27693, 0.01346
0.26347, 0.01434
0.27476, 0.02099
0.26302, 0.01705
0.26905, 0.01249
0.26849, 0.00935
0.25774, 0.01452
0.27715, 0.03224
0.26666, 0.03145
0.28129, 0.02231
0.27497, 0.02971
0.24457, 0.01592
0.28218, 0.00832
0.26127, 0.01482
0.27480, 0.01373
0.25461, 0.01619
0.25913, 0.02220
0.22138, 0.02966
0.27184, 0.02334
0.24698, 0.01933
0.29514, 0.03752
0.29093, 0.01254
0.30380, 0.01776
0.26382, 0.02252
0.26548, 0.01332
0.24701, 0.01400
0.25589, 0.01506
0.27433, 0.02434
0.26891, 0.01706
0.25235, 0.03370
0.25913, 0.01363
0.22239, 0.03580
0.27228, 0.01904
0.24332, 0.01706
0.24333, 0.00992
0.24727, 0.00761
0.26681, 0.01075
0.24013, 0.01252
0.26289, 0.01190
0.26541, 0.02366
0.26700, 0.03176
0.25768, 0.01445
0.26838, 0.02851
0.25549, 0.01680
0.28279, 0.03056
0.29059, 0.02067
0.26443, 0.02427
0.28560, 0.02290
0.29475, 0.02864
0.26585, 0.01941
0.24322, 0.02644
0.26257, 0.02877
0.27307, 0.02144
0.24492, 0.02367
0.27174, 0.01331
0.26446, 0.01765
0.26129, 0.01130
0.25663, 0.01900
0.25952, 0.02154
0.26335, 0.01910
0.24253, 0.02389
0.26440, 0.01853
0.25449, 0.01748
0.24010, 0.01651
0.24951, 0.02598
0.23307, 0.01286
0.25474, 0.03359
0.25520, 0.01073
0.25945, 0.01395
0.25587, 0.01964
0.27829, 0.01395
0.24046, 0.03141
0.24498, 0.02282
0.24726, 0.01778
0.32884, 0.02519
0.28248, 0.01314
0.23669, 0.03255
0.26105, 0.03167
0.27971, 0.02553
0.28030, 0.01290
0.27712, 0.02225
0.28211, 0.02948
0.26968, 0.01740
0.26162, 0.01703
0.26187, 0.01786
0.24476, 0.01983
0.24613, 0.01454
0.23957, 0.00418
0.29648, 0.01772
0.28367, 0.02294
0.28341, 0.02014
0.25254, 0.02261
0.27406, 0.01814
0.25391, 0.01215
0.25332, 0.01406
0.27724, 0.01117
0.28459, 0.01794
0.24699, 0.01767
0.27753, 0.02900
0.26527, 0.01721
0.26097, 0.02880
0.24606, 0.02669
0.21147, 0.04096
0.29167, 0.01964
0.27016, 0.02217
0.25712, 0.02783
0.23993, 0.00517
0.26966, 0.03575
0.28553, 0.01888
0.28900, 0.01486
0.27595, 0.02910
0.23344, 0.01721
0.26520, 0.02209
0.23761, 0.02160
0.28590, 0.01394
0.25738, 0.01782
0.26149, 0.01808
0.24850, 0.02608
0.27611, 0.04052
0.24288, 0.01910
0.26917, 0.02258
0.25277, 0.02677
0.26180, 0.01995
0.24184, 0.02096
0.28975, 0.02638
0.28185, 0.02681
0.26136, 0.01423
0.26068, 0.00914
0.26839, 0.01050
0.27378, 0.02416
0.24723, 0.01410
0.27908, 0.01877
0.29351, 0.01489
0.28174, 0.02367
0.28989, 0.01392
0.28092, 0.01204
0.26344, 0.02571
0.26208, 0.01191
0.23359, 0.02544
0.25936, 0.02047
0.28907, 0.03564
0.28179, 0.02178
0.29860, 0.03508
0.26238, 0.03849
0.27737, 0.01354
0.28676, 0.01402
0.28205, 0.03333
0.28083, 0.00951
0.24947, 0.02158
0.27986, 0.01610
0.25605, 0.02168
0.25654, 0.00922
0.26317, 0.01562
0.29140, 0.02611
0.26925, 0.01571
0.28245, 0.00971
0.28633, 0.02140
0.28744, 0.02612
0.26700, 0.01551
0.25842, 0.01350
0.27941, 0.02276
0.27265, 0.02148
0.24495, 0.01044
0.27623, 0.01278
0.27640, 0.01602
0.26410, 0.00583
0.26866, 0.02360
0.28660, 0.00943
0.27298, 0.02206
0.26574, 0.01284
0.26991, 0.02312
0.25648, 0.02624
0.27696, 0.01459
0.26425, 0.02343
0.25431, 0.04174
0.27416, 0.04047
0.26926, 0.01994
0.25882, 0.03515
0.30233, 0.02931
0.26861, 0.02927
0.25441, 0.01013
0.27984, 0.02056
0.26543, 0.01895
0.24890, 0.01234
0.26174, 0.01263
0.24528, 0.01161
0.29687, 0.02606
0.26392, 0.02187
0.26150, 0.02076
0.28812, 0.02699
0.26852, 0.02969
0.29162, 0.01775
0.25020, 0.02843
0.27881, 0.02681
0.29947, 0.02809
0.26517, 0.01692
0.26973, 0.02503
0.25059, 0.03097
0.26277, 0.02330
0.30013, 0.02839
0.24255, 0.03058
0.25579, 0.01707
0.25686, 0.00941
0.23000, 0.01286
0.26698, 0.03343
0.27958, 0.02292
0.24303, 0.01667
0.28532, 0.02937
0.27814, 0.01595
0.24133, 0.01658
0.28185, 0.02610
0.25401, 0.01945
0.23872, 0.00886
0.25029, 0.01331
0.28500, 0.02149
0.27794, 0.00941
0.26469, 0.02906
0.24629, 0.01861
0.22908, 0.01663
0.24756, 0.01234
0.27930, 0.02972
0.26952, 0.01861
0.25904, 0.03524
0.27557, 0.02346
0.25364, 0.02557
0.25899, 0.03212
0.26511, 0.02680
0.25484, 0.02968
0.28946, 0.02556
0.26267, 0.01981
0.25713, 0.02692
0.25389, 0.03353
0.25737, 0.01712
0.27726, 0.01762
0.26050, 0.02051
0.25099, 0.01776
0.27608, 0.02007
0.24892, 0.00748
0.25801, 0.02115
0.24306, 0.00840
0.25315, 0.01882
0.26577, 0.02560
0.25210, 0.02111
0.25922, 0.02593
0.26380, 0.01630
0.28646, 0.01322
0.28835, 0.02122
0.26323, 0.01649
0.24776, 0.00740
0.24585, 0.01175
0.29381, 0.01458
0.26519, 0.01698
0.25411, 0.02058
0.23609, 0.01207
0.27209, 0.01787
0.28012, 0.02080
0.27512, 0.01959
0.25306, 0.00783
0.27697, 0.01261
0.28804, 0.01589
0.24585, 0.02651
0.24055, 0.02746
0.24546, 0.01794
0.25348, 0.01267
0.26440, 0.02060
0.24796, 0.02526
0.26380, 0.01458
0.25122, 0.02931
0.30606, 0.02117
0.27852, 0.02483
0.25861, 0.01328
0.26669, 0.01265
0.30629, 0.02742
0.26678, 0.02148
0.26758, 0.02033
0.25989, 0.01885
0.28667, 0.01859
0.26388, 0.01564
0.28453, 0.02072
0.27386, 0.02609
0.24983, 0.01313
0.24626, 0.01055
0.25187, 0.03394
0.23801, 0.01039
0.26207, 0.00897
0.24572, 0.01105
0.26228, 0.02174
0.26109, 0.03226
0.29083, 0.01501
0.31565, 0.02648
0.26133, 0.02738
0.26233, 0.01898
0.25698, 0.01833
0.27492, 0.02991
0.26033, 0.01962
0.32031, 0.03334
0.24692, 0.03085
0.26038, 0.04099
0.24465, 0.01035
0.26967, 0.01236
0.27041, 0.02740
0.25289, 0.02253
0.29120, 0.02324
0.28522, 0.01728
0.25456, 0.01641
0.23857, 0.03454
0.25180, 0.01251
0.26759, 0.01521
0.28377, 0.02790
0.22687, 0.03691
0.25539, 0.02630
0.25830, 0.03266
0.26897, 0.03431
0.28912, 0.02929
0.24781, 0.02583
0.23640, 0.02896
0.26073, 0.01258
0.25883, 0.01602
0.25580, 0.03617
0.26690, 0.02736
0.26025, 0.03334
0.27097, 0.01103
0.27174, 0.02343
0.23473, 0.02497
0.27489, 0.03168
0.25324, 0.01291
0.25653, 0.01210
0.24204, 0.02361
0.27595, 0.02277
0.25663, 0.01287
0.25693, 0.01859
0.26620, 0.03880
0.24035, 0.01370
0.28168, 0.03938
0.27869, 0.01143
0.27053, 0.02138
0.27151, 0.01833
0.30493, 0.02801
0.28230, 0.01952
0.28472, 0.01933
0.28510, 0.02734
0.26915, 0.03137
0.26800, 0.01094
0.24310, 0.02147
0.27731, 0.02116
0.25875, 0.03692
0.25644, 0.01490
0.25762, 0.02458
0.27167, 0.02093
0.27141, 0.01474
0.25138, 0.02951
0.24726, 0.01402
0.25218, 0.01894
0.27672, 0.02685
0.25204, 0.02153
0.26537, 0.02443
0.25455, 0.01041
0.26705, 0.02157
0.27288, 0.01897
0.26712, 0.01349
0.28847, 0.03050
0.27498, 0.02225
0.26712, 0.03581
0.26937, 0.02063
0.24015, 0.01664
0.25948, 0.01104
0.22662, 0.01087
0.28634, 0.01490
0.29255, 0.03451
0.26971, 0.01613
0.26314, 0.01495
0.22393, 0.02998
0.21980, 0.00741
0.27859, 0.02743
0.24885, 0.02443
0.26166, 0.03840
0.25115, 0.04001
0.24210, 0.01687
0.29869, 0.02572
0.28105, 0.01233
0.23979, 0.01556
0.27302, 0.03876
0.22712, 0.01407
0.29303, 0.03547
0.26189, 0.01880
0.27206, 0.01461
0.26253, 0.01835
0.28004, 0.02437
0.29529, 0.02108
0.27316, 0.02020
0.26811, 0.03079
0.26853, 0.01771
0.26037, 0.00948
0.27565, 0.02332
0.25339, 0.01795
0.26137, 0.00770
0.26309, 0.01114
0.24581, 0.03500
0.26799, 0.01381
0.24022, 0.02351
0.25884, 0.02783
0.27120, 0.01475
0.24053, 0.03078
0.26792, 0.03857
0.26471, 0.03282
0.26251, 0.01317
0.24545, 0.01313
0.25581, 0.03188
0.31861, 0.02913
0.25452, 0.03471
0.26471, 0.01680
0.24092, 0.01595
0.28532, 0.01712
0.29118, 0.02987
0.26016, 0.01413
0.26180, 0.01935
0.22660, 0.02279
0.26021, 0.01885
0.26760, 0.02877
0.26695, 0.01462
0.26401, 0.02684
0.27803, 0.01745
0.24796, 0.01669
0.31150, 0.02727
0.30228, 0.02106
0.25840, 0.01891
0.24924, 0.00667
0.25864, 0.01983
0.27055, 0.03109
0.27805, 0.01877
0.30812, 0.02257
0.25255, 0.01086
0.24139, 0.02023
0.24860, 0.01494
0.27276, 0.03103
0.25499, 0.01851
0.26133, 0.01592
0.26087, 0.01084
0.24094, 0.01111
0.27444, 0.01687
0.26190, 0.01609
0.25796, 0.02218
0.26150, 0.02620
0.28115, 0.02109
0.31547, 0.02577
0.26361, 0.03149
0.28117, 0.02503
0.21912, 0.02166
0.25844, 0.01540
0.29763, 0.02467
0.27795, 0.02777
0.23846, 0.02179
0.27110, 0.01709
0.24307, 0.02119
0.27983, 0.01758
0.26989, 0.01697
0.23278, 0.00834
0.28102, 0.01883
0.22528, 0.01361
0.28201, 0.01651
0.25310, 0.01681
0.28188, 0.02016
0.27526, 0.01975
0.25520, 0.01205
0.24040, 0.00874
0.24920, 0.01402
0.27044, 0.01607
0.25940, 0.01826
0.23519, 0.00980
0.24199, 0.02698
0.26034, 0.02285
0.23355, 0.03610
0.26517, 0.01577
0.26785, 0.01770
0.30008, 0.02505
0.26819, 0.02950
0.27066, 0.00754
0.27393, 0.02714
0.26262, 0.02262
0.28363, 0.02138
0.24039, 0.02223
0.27077, 0.01135
0.25356, 0.00976
0.26832, 0.00966
0.27793, 0.01228
0.24307, 0.01131
0.28004, 0.01166
0.27616, 0.01111
0.30515, 0.02853
0.25727, 0.03185
0.25325, 0.01147
0.29216, 0.02595
0.28656, 0.01565
0.24953, 0.02966
0.29152, 0.01920
0.27833, 0.03089
0.25011, 0.01169
0.27733, 0.02280
0.27332, 0.03380
0.27999, 0.00648
0.28409, 0.02606
0.28441, 0.01250
0.28272, 0.01170
0.27383, 0.01952
0.26249, 0.02244
0.25653, 0.00906
0.30279, 0.02253
0.28127, 0.02110
0.28185, 0.02157
0.28562, 0.01467
0.25855, 0.01066
0.25524, 0.02067
0.29173, 0.01552
0.24298, 0.01874
0.26910, 0.02606
0.28068, 0.02229
0.24902, 0.00984
0.25855, 0.03241
0.26239, 0.01246
0.26797, 0.00972
0.28537, 0.02512
0.29264, 0.02051
0.28038, 0.01887
0.29046, 0.02341
0.26406, 0.02733
0.27450, 0.02192
0.25730, 0.03013
0.30784, 0.02094
0.26656, 0.01783
0.25856, 0.00988
0.27919, 0.02622
0.25495, 0.00830
0.26636, 0.01925
0.26362, 0.01316
0.27195, 0.01295
0.27986, 0.01839
0.29806, 0.02488
0.27329, 0.01917
0.27516, 0.01339
0.26630, 0.01120
0.28597, 0.03170
0.25296, 0.03090
0.26885, 0.02752
0.27251, 0.01379
0.26880, 0.02732
0.26901, 0.01552
0.26090, 0.01581
0.26707, 0.02215
0.28031, 0.02510
0.27135, 0.03498
0.25805, 0.04025
0.25594, 0.01644
0.25379, 0.01444
0.28008, 0.03567
0.23143, 0.00484
0.28236, 0.01039
0.25096, 0.02479
0.26753, 0.02180
0.27601, 0.01819
0.27363, 0.01744
0.25997, 0.01720
0.24013, 0.01279
0.27601, 0.02788
0.26377, 0.03685
0.29904, 0.02290
0.26521, 0.01355
0.29208, 0.02450
0.28776, 0.02167
0.28105, 0.01907
0.27961, 0.02458
0.24609, 0.00554
0.25937, 0.03441
0.25734, 0.01520
0.28856, 0.02222
0.23695, 0.01852
0.29063, 0.01907
0.29234, 0.02699
0.27547, 0.01619
0.26193, 0.01985
0.26001, 0.02920
0.24115, 0.01076
0.27188, 0.01697
0.28777, 0.03173
0.26779, 0.02020
0.25512, 0.01409
0.30557, 0.02493
0.26436, 0.02564
0.25969, 0.01489
0.25050, 0.01227
0.27723, 0.02290
0.26404, 0.01996
0.23933, 0.03417
0.27601, 0.01976
0.26540, 0.03348
0.31651, 0.02690
0.27903, 0.01678
0.26793, 0.01369
0.26249, 0.02425
0.26137, 0.01466
0.29990, 0.03317
0.30155, 0.01329
0.29278, 0.02041
0.26736, 0.03254
0.26926, 0.03427
0.26292, 0.02284
0.24095, 0.02281
0.26758, 0.02233
0.30809, 0.01708
0.28909, 0.01250
0.23394, 0.03239
0.26418, 0.01152
0.26915, 0.01525
0.30806, 0.02298
0.23949, 0.01423
0.26256, 0.01616
0.26685, 0.01993
0.24275, 0.01053
0.31168, 0.03499
0.23484, 0.01290
0.27622, 0.01918
0.25547, 0.02728
0.29992, 0.01781
0.27446, 0.02025
0.26616, 0.00815
0.25900, 0.02231
0.27343, 0.02267
0.24998, 0.00645
0.26331, 0.01866
0.26918, 0.01076
0.26329, 0.02587
0.27540, 0.02438
0.26649, 0.00975
0.27729, 0.02536
0.25233, 0.01441
0.25583, 0.01876
0.27411, 0.02373
0.25899, 0.01080
0.26441, 0.02206
0.26497, 0.01734
0.27798, 0.02209
0.26102, 0.02108
0.26856, 0.03367
0.26582, 0.01243
0.25825, 0.01432
0.25430, 0.03044
0.27347, 0.02461
0.28865, 0.01667
0.25504, 0.02215
0.25699, 0.02318
0.26816, 0.01654
0.27340, 0.01523
0.26617, 0.01934
0.23820, 0.03069
0.27869, 0.02136
0.24784, 0.01595
0.26175, 0.02434
0.26010, 0.02144
0.26885, 0.02209
0.28037, 0.03102
0.26850, 0.02653
0.25533, 0.03975
0.23232, 0.04398
0.25236, 0.02140
0.26393, 0.01167
0.25499, 0.02215
0.26626, 0.01667
0.25332, 0.02293
0.27731, 0.00987
0.24321, 0.02533
0.25765, 0.01009
0.24017, 0.01136
0.24569, 0.02487
0.26690, 0.02444
0.26537, 0.02679
0.28828, 0.03185
0.25839, 0.01884
0.24337, 0.01624
0.25622, 0.01055
0.24888, 0.00934
0.28173, 0.02219
0.26201, 0.02039
0.26662, 0.00905
0.23040, 0.00458
0.26371, 0.01361
0.24074, 0.02673
0.27314, 0.01374
0.24233, 0.00943
0.26818, 0.02716
0.25217, 0.01774
0.24362, 0.00825
0.26268, 0.01816
0.25523, 0.02021
0.27252, 0.03120
0.23513, 0.01434
0.29288, 0.01617
0.29199, 0.02262
0.26306, 0.04322
0.26206, 0.03195
0.24155, 0.01225
0.27534, 0.01402
0.26691, 0.02725
0.24666, 0.01250
0.25292, 0.01580
0.26380, 0.03779
0.30470, 0.03429
0.24624, 0.00921
0.26396, 0.03068
0.28063, 0.03624
0.25019, 0.01484
0.28642, 0.03743
0.26951, 0.03485
0.24929, 0.01838
0.30515, 0.03789
0.29711, 0.03141
0.25608, 0.00655
0.29278, 0.02792
0.29299, 0.02581
0.27994, 0.01686
0.26352, 0.01748
0.30324, 0.02563
0.25244, 0.01403
0.25809, 0.01192
0.27540, 0.02356
0.26603, 0.02157
0.24283, 0.01627
0.24586, 0.02249
0.25302, 0.01050
0.27596, 0.02383
0.24732, 0.03367
0.21750, 0.00431
0.25746, 0.01607
0.26692, 0.00964
0.24499, 0.00922
0.27657, 0.02877
0.27197, 0.02745
0.23165, 0.00663
0.23732, 0.01078
0.27727, 0.01142
0.27181, 0.02251
0.27895, 0.02492
0.26618, 0.03407
0.27661, 0.03060
0.28934, 0.00779
0.26368, 0.01749
0.26217, 0.02149
0.27065, 0.01033
0.25825, 0.02232
0.27355, 0.01781
0.25515, 0.01412
0.28550, 0.02869
0.25919, 0.01837
0.28869, 0.02067
0.25249, 0.02636
0.27489, 0.03088
0.25721, 0.02892
0.26624, 0.01358
0.24498, 0.01099
0.27979, 0.01888
0.23398, 0.02092
0.25646, 0.01280
0.26640, 0.01811
0.26632, 0.01499
0.27198, 0.02421
0.24525, 0.01129
0.26835, 0.02421
0.26639, 0.02689
0.24899, 0.02446
0.24074, 0.00418
0.26615, 0.01592
0.27618, 0.01153
0.29326, 0.03509
0.26806, 0.01749
0.24113, 0.01317
0.26789, 0.01663
0.27105, 0.02450
0.24607, 0.00876
0.23865, 0.01538
0.32248, 0.03019
0.23644, 0.02363
0.29138, 0.01934
0.25459, 0.01238
0.28703, 0.02944
0.24803, 0.01902
0.23991, 0.01239
0.26947, 0.01077
0.24700, 0.00728
0.29197, 0.03032
0.28907, 0.02301
0.27939, 0.01654
0.26130, 0.02853
0.27122, 0.02289
0.27370, 0.02586
0.29623, 0.02088
0.23565, 0.03294
0.30660, 0.02916
0.26774, 0.01915
0.29116, 0.00642
0.23083, 0.00892
0.28962, 0.03483
0.26424, 0.02009
0.24710, 0.02982
0.26638, 0.01764
0.22770, 0.03115
0.30366, 0.02625
0.26578, 0.01076
0.25515, 0.01656
0.21966, 0.00633
0.25265, 0.02647
0.27085, 0.02497
0.25834, 0.01929
0.23935, 0.01154
0.26559, 0.01597
0.27136, 0.01024
0.26373, 0.02019
0.29825, 0.02701
0.23530, 0.01019
0.24653, 0.02441
0.25391, 0.01994
0.29483, 0.02055
0.27234, 0.02505
0.26774, 0.01646
0.25930, 0.02653
0.28591, 0.01767
0.25403, 0.01492
0.28005, 0.01544
0.26638, 0.02517
0.26218, 0.00847
0.26258, 0.02837
0.24604, 0.02411
0.26358, 0.01756
0.29055, 0.01431
0.25882, 0.02251
0.26604, 0.01756
0.25875, 0.01219
0.28146, 0.01753
0.26090, 0.02451
0.25634, 0.01364
0.29024, 0.01602
0.25362, 0.01099
0.26005, 0.01076
0.26775, 0.02723
0.26938, 0.01370
0.29381, 0.02765
0.25933, 0.01646
0.25901, 0.01191
0.23917, 0.01096
0.27141, 0.02065
0.26056, 0.01112
0.28790, 0.01044
0.27830, 0.00626
0.25730, 0.01513
0.26626, 0.02294
0.24698, 0.02773
0.28499, 0.02507
0.27033, 0.01828
0.27348, 0.01675
0.30605, 0.03758
0.24352, 0.02595
0.24190, 0.01770
0.26430, 0.03649
0.27505, 0.03089
0.30100, 0.02719
0.24909, 0.00774
0.26966, 0.01575
0.26791, 0.03290
0.26518, 0.01115
0.28171, 0.01317
0.26409, 0.02668
0.27763, 0.00774
0.25776, 0.02488
0.27941, 0.02374
0.25336, 0.02591
0.27280, 0.01429
0.26968, 0.01475
0.28701, 0.02802
0.27772, 0.01616
0.24604, 0.02280
0.24953, 0.01824
0.27577, 0.02073
0.30095, 0.03408
0.25606, 0.01357
0.24961, 0.01773
0.24058, 0.01273
0.28285, 0.01426
0.30411, 0.02501
0.29205, 0.02509
0.28468, 0.01936
0.24120, 0.01116
0.28083, 0.02022
0.30970, 0.02397
0.28340, 0.02424
0.25120, 0.00833
0.26055, 0.01219
0.29706, 0.02958
0.25391, 0.02867
0.27032, 0.02350
0.25562, 0.01522
0.26769, 0.02344
0.25697, 0.01900
0.28119, 0.02539
0.26046, 0.00901
0.31035, 0.01005
0.28038, 0.01640
0.26126, 0.01268
0.28389, 0.00836
0.26380, 0.02781
0.25141, 0.02828
0.30058, 0.02531
0.26742, 0.01472
0.28418, 0.03510
0.25126, 0.02766
0.27003, 0.03538
0.25842, 0.01049
0.25413, 0.01401
0.27223, 0.02130
0.26954, 0.02440
0.25497, 0.01533
0.28376, 0.01685
0.24195, 0.03206
0.27374, 0.01173
0.27027, 0.01984
0.27317, 0.02544
0.24150, 0.03123
0.29841, 0.02795
0.26245, 0.01446
0.27598, 0.01460
0.24926, 0.02483
0.27147, 0.01138
0.26401, 0.02154
0.27117, 0.02577
0.26485, 0.02835
0.27225, 0.01439
0.24968, 0.01504
0.23934, 0.01759
0.26911, 0.01670
0.25433, 0.01964
0.26978, 0.01802
0.27198, 0.03730
0.30122, 0.03732
0.24797, 0.02251
0.27308, 0.01591
0.26474, 0.00983
0.27883, 0.01880
0.26590, 0.01651
0.28492, 0.01371
0.24913, 0.01589
0.25515, 0.02945
0.23522, 0.02084
0.28549, 0.01702
0.24449, 0.03442
0.29369, 0.01534
0.25841, 0.01748
0.28011, 0.01811
0.26202, 0.02387
0.29430, 0.02691
0.24898, 0.02380
0.25874, 0.01586
0.25922, 0.02453
0.28086, 0.02633
0.24555, 0.01308
0.26611, 0.02024
0.27235, 0.01870
0.24421, 0.01798
0.26168, 0.01708
0.26292, 0.02694
0.29049, 0.03475
0.25408, 0.00574
0.24972, 0.03143
0.27864, 0.02272
0.26075, 0.02498
0.27566, 0.01563
0.26104, 0.02131
0.27999, 0.02258
0.26860, 0.01450
0.28748, 0.04089
0.27185, 0.02714
0.26948, 0.02045
0.27484, 0.02442
0.27107, 0.00794
0.24584, 0.02002
0.29955, 0.03063
0.28271, 0.01678
0.24701, 0.04136
0.25017, 0.01361
0.29935, 0.01815
0.27370, 0.03855
0.27791, 0.03417
0.25100, 0.02255
0.25721, 0.01018
0.27091, 0.03291
0.26189, 0.02017
0.28620, 0.02972
0.27500, 0.02267
0.26409, 0.02688
0.25265, 0.03946
0.26212, 0.01942
0.27822, 0.01842
0.27952, 0.01432
0.25008, 0.02479
0.26409, 0.02631
0.27149, 0.01052
0.27908, 0.00957
0.29827, 0.01700
0.23021, 0.02083
0.24358, 0.02231
0.24141, 0.01833
0.27033, 0.01196
0.22056, 0.02587
0.25933, 0.01750
0.25766, 0.01561
0.26135, 0.01482
0.24906, 0.01431
0.26586, 0.01627
0.26780, 0.02002
0.26970, 0.02582
0.27027, 0.01547
0.25475, 0.01997
0.27737, 0.01776
0.26698, 0.01010
0.29606, 0.02397
0.27361, 0.01567
0.26915, 0.03053
0.26662, 0.02805
0.28649, 0.01839
0.27291, 0.00648
0.24632, 0.00757
0.30990, 0.01342
0.26703, 0.03307
0.26690, 0.01053
0.26800, 0.01921
0.28882, 0.02749
0.28502, 0.01334
0.28226, 0.02405
0.26414, 0.02159
0.25978, 0.01773
0.26174, 0.01982
0.28247, 0.01314
0.26085, 0.01463
0.26090, 0.01446
0.26004, 0.02201
0.31620, 0.01599
0.26372, 0.02162
0.26054, 0.02834
0.26924, 0.01964
0.27438, 0.01250
0.25577, 0.01244
0.28697, 0.03035
0.27520, 0.01814
0.27914, 0.03866
0.24761, 0.02098
0.26874, 0.01552
0.21574, 0.00476
0.29111, 0.01523
0.27676, 0.01261
0.27278, 0.01551
0.26360, 0.01800
0.25365, 0.01496
0.25376, 0.01778
0.25984, 0.00860
0.23768, 0.00725
0.25945, 0.00813
0.24211, 0.01221
0.25837, 0.04031
0.26896, 0.00846
0.26255, 0.03122
0.25236, 0.02812
0.28026, 0.01830
0.26092, 0.01926
0.28955, 0.01660
0.27518, 0.02204
0.25297, 0.01138
0.25020, 0.03413
0.25753, 0.03519
0.23806, 0.01149
0.24804, 0.02785
0.25592, 0.02032
0.23725, 0.01656
0.25005, 0.01778
0.29549, 0.01941
0.26449, 0.01102
0.26155, 0.01518
0.26850, 0.01109
0.23752, 0.02539
0.26204, 0.02311
0.26224, 0.02308
0.26935, 0.01508
0.26411, 0.01072
0.26890, 0.03545
0.25714, 0.01821
0.27591, 0.03021
0.26499, 0.02136
0.23198, 0.01001
0.25268, 0.02777
0.28093, 0.01769
0.27313, 0.02159
0.28216, 0.01916
0.24416, 0.02923
0.26012, 0.02185
0.26908, 0.01730
0.27461, 0.02953
0.25473, 0.02862
0.27273, 0.04154
0.24118, 0.02721
0.26361, 0.01021
0.26716, 0.03044
0.24488, 0.02178
0.24222, 0.03243
0.29125, 0.01543
0.26382, 0.02366
0.25856, 0.02725
0.28900, 0.02540
0.29527, 0.02514
0.26635, 0.00709
0.25880, 0.02062
0.24673, 0.01347
0.27345, 0.00991
0.24676, 0.00635
0.28068, 0.03788
0.28185, 0.02554
0.27795, 0.03169
0.23795, 0.00438
0.28036, 0.02063
0.24621, 0.01911
0.26515, 0.02785
0.25781, 0.01733
0.29705, 0.01680
0.26488, 0.02793
0.25948, 0.00800
0.27165, 0.02316
0.27636, 0.02542
0.26512, 0.01097
0.28003, 0.02571
0.25272, 0.02444
0.27898, 0.02325
0.26033, 0.01139
0.27251, 0.01461
0.29895, 0.01103
0.25056, 0.01403
0.26064, 0.02164
0.28894, 0.02557
0.28958, 0.01636
0.26370, 0.00547
0.26841, 0.01329
0.28868, 0.02820
0.23559, 0.02407
0.27891, 0.02036
0.28163, 0.01771
0.28429, 0.02088
0.27687, 0.01650
0.25688, 0.02779
0.31337, 0.03566
0.26769, 0.02617
0.27060, 0.01533
0.27373, 0.00968
0.24585, 0.00485
0.24406, 0.00515
0.27879, 0.01846
0.24185, 0.01139
0.26850, 0.02885
0.25285, 0.03223
0.24174, 0.01863
0.25290, 0.02035
0.26582, 0.01299
0.24099, 0.00597
0.25573, 0.00701
0.30842, 0.01571
0.27982, 0.02018
0.29512, 0.01093
0.24461, 0.00849
0.24302, 0.01818
0.29019, 0.01032
0.27757, 0.02387
0.24754, 0.01835
0.27389, 0.02850
0.26755, 0.01689
0.26938, 0.01411
0.31317, 0.03328
0.26306, 0.01777
0.25269, 0.01467
0.27074, 0.01670
0.28201, 0.02587
0.25883, 0.01463
0.28329, 0.02696
0.24084, 0.01618
0.31256, 0.01606
0.26417, 0.01307
0.23302, 0.00541
0.26404, 0.02600
0.26055, 0.02212
0.31083, 0.03280
0.25283, 0.00729
0.27080, 0.01909
0.27097, 0.01525
0.24079, 0.01370
0.26392, 0.03163
0.27497, 0.02994
0.25988, 0.01617
0.26784, 0.02656
0.25625, 0.02474
0.24999, 0.03532
0.27162, 0.02166
0.27227, 0.02360
0.26760, 0.01972
0.22571, 0.02887
0.27192, 0.03192
0.24795, 0.02119
0.27757, 0.01871
0.26443, 0.01797
0.27889, 0.01528
0.26911, 0.01193
0.23792, 0.00921
0.32782, 0.02977
0.27518, 0.01590
0.24129, 0.03010
0.25858, 0.01762
0.28239, 0.02558
0.26859, 0.02118
0.27550, 0.01956
0.30212, 0.02338
0.25464, 0.01145
0.26987, 0.02537
0.28446, 0.02742
0.27513, 0.02375
0.26375, 0.01171
0.25552, 0.01550
0.28585, 0.01655
0.25233, 0.02719
0.26058, 0.02290
0.28681, 0.03410
0.26802, 0.01275
0.30863, 0.03257
0.25494, 0.02998
0.26651, 0.01424
0.24670, 0.01668
0.29975, 0.02583
0.30289, 0.02432
0.27373, 0.01114
0.25194, 0.00782
0.26990, 0.03101
0.28300, 0.01600
0.27685, 0.02832
0.26112, 0.01803
0.26159, 0.01475
0.24748, 0.01267
0.26372, 0.03311
0.28397, 0.02349
0.25623, 0.01693
0.28971, 0.03041
0.25737, 0.01577
0.29891, 0.04093
0.25110, 0.02434
0.24832, 0.02045
0.26639, 0.03019
0.26750, 0.01901
0.24464, 0.02962
0.24144, 0.01284
0.25210, 0.01455
0.24403, 0.02602
0.27056, 0.03667
0.24839, 0.01531
0.25124, 0.01855
0.26833, 0.01900
0.26029, 0.02739
0.28217, 0.02923
0.27622, 0.02056
0.27126, 0.02447
0.26384, 0.01689
0.29173, 0.02246
0.26236, 0.02444
0.25707, 0.02332
0.26151, 0.01349
0.25636, 0.01417
0.25623, 0.01213
0.24829, 0.01126
0.26097, 0.01886
0.28558, 0.02062
0.27373, 0.02165
0.26979, 0.02691
0.24077, 0.02590
0.27748, 0.01759
0.30692, 0.03036
0.26748, 0.01244
0.27029, 0.01922
0.24804, 0.01956
0.26835, 0.01595
0.28531, 0.02846
0.28308, 0.02961
0.27579, 0.02272
0.25894, 0.03578
0.27693, 0.01131
0.27404, 0.01816
0.26754, 0.03513
0.23793, 0.01092
0.26524, 0.01775
0.26159, 0.01755
0.25341, 0.01584
0.24470, 0.02629
0.24915, 0.01502
0.27600, 0.01811
0.29138, 0.01849
0.28124, 0.01871
0.26540, 0.00961
0.27124, 0.02684
0.28500, 0.01935
0.25685, 0.01080
0.23826, 0.01462
0.25852, 0.01683
0.31701, 0.02348
0.27848, 0.02375
0.24521, 0.03798
0.25435, 0.02075
0.25115, 0.02641
0.25732, 0.02124
0.26551, 0.01998
0.25856, 0.02334
0.27601, 0.01047
0.27200, 0.03185
0.28436, 0.02035
0.28801, 0.03089
0.22718, 0.02365
0.24649, 0.03713
0.28178, 0.00697
0.23508, 0.01531
0.27676, 0.02707
0.23898, 0.00954
0.29445, 0.01143
0.23210, 0.00559
0.30082, 0.03101
0.27255, 0.02244
0.28946, 0.01715
0.27556, 0.02359
0.26081, 0.01542
0.25940, 0.00979
0.26542, 0.01010
0.27347, 0.02322
0.25860, 0.00699
0.26547, 0.02246
0.29538, 0.01884
0.27907, 0.02795
0.28777, 0.01796
0.28588, 0.03110
0.25684, 0.01376
0.27239, 0.02945
0.24457, 0.02398
0.30386, 0.02095
0.26534, 0.03090
0.25867, 0.01576
0.30008, 0.03432
0.29687, 0.01917
0.27102, 0.01843
0.27330, 0.00976
0.26030, 0.03606
0.27730, 0.02367
0.26155, 0.01329
0.25813, 0.00551
0.25861, 0.01404
0.26146, 0.02771
0.25406, 0.01539
0.26140, 0.02400
0.26864, 0.01438
0.26576, 0.01771
0.27358, 0.01633
0.25490, 0.01295
0.27387, 0.01712
0.23909, 0.02662
0.25264, 0.00537
0.24508, 0.01706
0.30184, 0.02241
0.28677, 0.01741
0.26832, 0.02628
0.27607, 0.02201
0.27882, 0.01265
0.25141, 0.00684
0.26622, 0.02468
0.27187, 0.01669
0.28265, 0.02189
0.27292, 0.01855
0.29641, 0.03010
0.26486, 0.00717
0.28530, 0.01461
0.27967, 0.02834
0.30074, 0.02742
0.28113, 0.01742
0.25661, 0.01086
0.26932, 0.02223
0.28744, 0.03002
0.28433, 0.02230
0.27255, 0.02551
0.26697, 0.01074
0.28260, 0.02094
0.26517, 0.02315
0.27092, 0.02905
0.27837, 0.01464
0.28017, 0.02069
0.23957, 0.02594
0.29908, 0.01166
0.27392, 0.01429
0.25581, 0.01855
0.26466, 0.01673
0.26046, 0.01229
0.28308, 0.01792
0.27066, 0.01777
0.26933, 0.02176
0.28995, 0.02465
0.23564, 0.01660
0.26912, 0.00872
0.29253, 0.02254
0.25855, 0.01439
0.31467, 0.02068
0.29381, 0.01881
0.27085, 0.02151
0.28636, 0.01150
0.27271, 0.01564
0.28859, 0.03782
0.25778, 0.02406
0.25092, 0.01308
0.25502, 0.00896
0.21907, 0.01695
0.26650, 0.02712
0.28046, 0.02356
0.27158, 0.02629
0.26954, 0.02176
0.26308, 0.02865
0.26200, 0.01843
0.27522, 0.01326
0.29665, 0.02502
0.27538, 0.02134
0.27052, 0.03193
0.25246, 0.01681
0.24788, 0.01783
0.24701, 0.00905
0.27216, 0.02807
0.28107, 0.01992
0.21926, 0.00442
0.26117, 0.02027
0.26483, 0.01437
0.28130, 0.01658
0.26729, 0.01129
0.25355, 0.02053
0.30018, 0.02590
0.28629, 0.01054
0.31471, 0.02834
0.28766, 0.02048
0.26491, 0.00767
0.25469, 0.01555
0.26259, 0.04077
0.27290, 0.01416
0.29086, 0.03492
0.24320, 0.01253
0.27012, 0.01837
0.27300, 0.02157
0.28181, 0.00879
0.26853, 0.01710
0.25875, 0.01004
0.26445, 0.03440
0.23968, 0.00971
0.26848, 0.01461
0.25897, 0.01381
0.24570, 0.02448
0.24019, 0.02070
0.25511, 0.01907
0.25894, 0.01592
0.24222, 0.03541
0.27083, 0.03144
0.24152, 0.02404
0.24821, 0.01677
0.28894, 0.02608
0.26008, 0.03849
0.25288, 0.02487
0.26176, 0.02003
0.26680, 0.02888
0.27671, 0.01643
0.26916, 0.01621
0.29084, 0.02260
0.27565, 0.01718
0.26442, 0.01973
0.27017, 0.01266
0.27275, 0.02948
0.30088, 0.02698
0.29515, 0.01500
0.28524, 0.01313
0.27308, 0.02049
0.25974, 0.01338
0.24121, 0.03813
0.25163, 0.01751
0.24503, 0.02866
0.25693, 0.01299
0.27707, 0.01589
0.26368, 0.00784
0.27329, 0.01211
0.27368, 0.02068
0.27275, 0.02305
0.25342, 0.02222
0.24781, 0.01106
0.27724, 0.01694
0.26288, 0.03846
0.26607, 0.01386
0.26211, 0.01885
0.25325, 0.01526
0.24178, 0.03354
0.28892, 0.03038
0.27481, 0.01502
0.25578, 0.01153
0.26703, 0.02990
0.23974, 0.00982
0.27129, 0.01024
0.27331, 0.02168
0.24939, 0.01830
0.25673, 0.01975
0.26005, 0.02673
0.25762, 0.01753
0.27689, 0.02621
0.28440, 0.02007
0.28403, 0.03511
0.26619, 0.02521
0.23002, 0.02004
0.29564, 0.02776
0.22883, 0.03603
0.27397, 0.02218
0.22047, 0.02853
0.24119, 0.01045
0.25238, 0.01687
0.25229, 0.02357
0.25846, 0.01506
0.29362, 0.02485
0.27433, 0.01071
0.28306, 0.00903
0.27464, 0.02486
0.26056, 0.00744
0.24868, 0.02468
0.24591, 0.00785
0.30237, 0.03744
0.25584, 0.02248
0.27192, 0.02083
0.26260, 0.01974
0.23966, 0.01835
0.26120, 0.01930
0.25813, 0.01859
0.30575, 0.02356
0.26014, 0.02516
0.28832, 0.02324
0.26395, 0.01170
0.27277, 0.01076
0.28090, 0.01305
0.28022, 0.02706
0.28741, 0.02683
0.26984, 0.01494
0.26785, 0.01524
0.26009, 0.03194
0.25475, 0.02784
0.30716, 0.02429
0.27418, 0.01633
0.24650, 0.02935
0.25960, 0.01805
0.26012, 0.02097
0.26754, 0.01399
0.26202, 0.01533
0.29949, 0.02346
0.30593, 0.02234
0.27266, 0.01401
0.23807, 0.01711
0.28152, 0.01328
0.27077, 0.02454
0.24420, 0.01221
0.26712, 0.01053
0.26164, 0.01926
0.26251, 0.01779
0.27813, 0.01167
0.26423, 0.03209
0.29949, 0.02950
0.25176, 0.01189
0.25268, 0.01203
0.25082, 0.02385
0.25273, 0.01575
0.23255, 0.01841
0.27356, 0.00804
0.24756, 0.02451
0.26704, 0.01459
0.26167, 0.00927
0.25315, 0.02219
0.27856, 0.01007
0.28538, 0.02659
0.27222, 0.01845
0.26360, 0.02875
0.24446, 0.01384
0.28638, 0.01313
0.25145, 0.02238
0.29503, 0.00928
0.27150, 0.03042
0.25627, 0.02489
0.24887, 0.01148
0.27222, 0.01942
0.27470, 0.01812
0.30186, 0.02782
0.27099, 0.01345
0.25162, 0.02044
0.25440, 0.01687
0.27236, 0.01518
0.29760, 0.01522
0.25532, 0.01486
0.30812, 0.02391
0.26117, 0.03702
0.24724, 0.01293
0.25322, 0.02012
0.26746, 0.03070
0.27972, 0.01835
0.27659, 0.01689
0.25168, 0.02101
0.24427, 0.02288
0.26136, 0.02749
0.26917, 0.01872
0.29535, 0.02739
0.28225, 0.01543
0.28999, 0.02270
0.24102, 0.01865
0.28641, 0.01406
0.25489, 0.01549
0.26932, 0.01438
0.27615, 0.01468
0.28282, 0.02098
0.24334, 0.01377
0.26415, 0.02710
0.24150, 0.01409
0.26161, 0.02451
0.25842, 0.02022
0.25809, 0.01971
0.28698, 0.01353
0.28557, 0.01281
0.27047, 0.01667
0.28998, 0.02667
0.25960, 0.02486
0.24597, 0.01218
0.25887, 0.00825
0.24352, 0.02340
0.28620, 0.01299
0.28156, 0.01682
0.25334, 0.01240
0.25211, 0.02453
0.27355, 0.02649
0.27738, 0.01248
0.26151, 0.03765
0.27749, 0.02692
0.24109, 0.03200
0.24987, 0.03233
0.25172, 0.01763
0.25469, 0.03539
0.25562, 0.02966
0.27179, 0.00733
0.27356, 0.01098
0.27852, 0.01200
0.28588, 0.02010
0.27283, 0.03738
0.27152, 0.01756
0.27906, 0.02004
0.24379, 0.00960
0.28614, 0.03327
0.24874, 0.01416
0.27033, 0.03454
0.29986, 0.03092
0.27544, 0.01660
0.29904, 0.02079
0.24449, 0.01312
0.26485, 0.02611
0.30412, 0.03239
0.29495, 0.02386
0.26031, 0.01566
0.27311, 0.00903
0.25311, 0.01946
0.22339, 0.03685
0.25271, 0.03368
0.26714, 0.01858
0.26105, 0.02006
0.26152, 0.01545
0.26277, 0.01280
0.29085, 0.02952
0.25523, 0.01429
0.26956, 0.02557
0.27472, 0.01951
0.28988, 0.02946
0.29959, 0.01977
0.30237, 0.01237
0.26969, 0.02257
0.27941, 0.01606
0.25822, 0.01095
0.25415, 0.01140
0.26160, 0.03889
0.25029, 0.02536
0.24754, 0.01330
0.28883, 0.02565
0.25539, 0.02643
0.29284, 0.02333
0.26300, 0.02609
0.26095, 0.01675
0.27993, 0.02725
0.29509, 0.01780
0.29016, 0.02899
0.25339, 0.01800
0.23564, 0.02193
0.27148, 0.01468
0.26110, 0.03508
0.27950, 0.01153
0.27740, 0.02068
0.24278, 0.02875
0.26165, 0.00915
0.25160, 0.03014
0.25889, 0.01101
0.26407, 0.04033
0.26971, 0.01695
0.24914, 0.03437
0.25030, 0.02961
0.26204, 0.01571
0.28379, 0.01343
0.26227, 0.02031
0.27108, 0.02403
0.26831, 0.01414
0.27768, 0.01684
0.25595, 0.02869
0.26281, 0.02121
0.27702, 0.02521
0.26137, 0.01827
0.27166, 0.02698
0.23056, 0.00694
0.27261, 0.01083
0.26996, 0.02149
0.26518, 0.01628
0.27057, 0.02090
0.27835, 0.03260
0.24027, 0.03117
0.25710, 0.01627
0.27638, 0.02079
0.25136, 0.03314
0.24257, 0.03503
0.27052, 0.01171
0.31390, 0.03405
0.25057, 0.00836
0.26741, 0.03154
0.25447, 0.01766
0.26474, 0.00867
0.28302, 0.01362
0.28159, 0.01313
0.27793, 0.03294
0.25630, 0.01904
0.27887, 0.01778
0.26277, 0.02263
0.27268, 0.01922
0.27555, 0.01709
0.28261, 0.01751
0.26323, 0.02187
0.24256, 0.01411
0.27127, 0.01430
0.29996, 0.02468
0.28590, 0.01827
0.27142, 0.02836
0.25729, 0.01217
0.25130, 0.02972
0.24553, 0.01311
0.29066, 0.01457
0.25553, 0.02211
0.30356, 0.01947
0.25529, 0.02269
0.25672, 0.01489
0.26793, 0.01800
0.28192, 0.00982
0.27050, 0.01286
0.26791, 0.02555
0.23408, 0.00763
0.26855, 0.02349
0.25266, 0.01594
0.25690, 0.01218
0.25903, 0.02242
0.29209, 0.02596
0.24842, 0.01901
0.30442, 0.02250
0.25652, 0.03190
0.26203, 0.01682
0.27976, 0.01209
0.26316, 0.00660
0.26819, 0.02846
0.26839, 0.01505
0.26314, 0.02280
0.27428, 0.01924
0.24508, 0.01025
0.24465, 0.01481
0.28258, 0.00986
0.26398, 0.02569
0.31509, 0.02828
0.26024, 0.00889
0.29748, 0.01663
0.25852, 0.01326
0.25012, 0.02582
0.26410, 0.01596
0.26713, 0.02636
0.25199, 0.01763
0.29986, 0.01292
0.26939, 0.02086
0.27265, 0.02286
0.24647, 0.01707
0.24112, 0.01931
0.26530, 0.02066
0.29044, 0.03128
0.23984, 0.01010
0.26025, 0.01914
0.25630, 0.03729
0.24405, 0.01435
0.26719, 0.01966
0.24228, 0.01758
0.27721, 0.01661
0.23331, 0.01153
0.27050, 0.01533
0.29470, 0.01498
0.25709, 0.01553
0.25111, 0.01727
0.26591, 0.00472
0.26099, 0.02191
0.28617, 0.02831
0.26946, 0.01871
0.26599, 0.00786
0.27023, 0.02533
0.27707, 0.02362
0.28020, 0.02852
0.28871, 0.01876
0.27781, 0.01537
0.26579, 0.01660
0.24748, 0.02296
0.25550, 0.01178
0.26768, 0.02384
0.24888, 0.01922
0.28209, 0.02059
0.28642, 0.02468
0.25654, 0.01495
0.24170, 0.01398
0.27784, 0.01612
0.24240, 0.00668
0.25876, 0.01560
0.22441, 0.03537
0.27430, 0.01566
0.25317, 0.02529
0.26228, 0.01708
0.25702, 0.02382
0.25273, 0.02050
0.26192, 0.02618
0.27714, 0.01703
0.26216, 0.01510
0.26353, 0.03475
0.25550, 0.02190
0.25401, 0.03501
0.23377, 0.00688
0.26017, 0.00651
0.26956, 0.02797
0.29633, 0.01603
0.26326, 0.01165
0.26854, 0.01222
0.27575, 0.02870
0.27654, 0.01459
0.28403, 0.01620
0.30736, 0.02171
0.27388, 0.02074
0.25736, 0.04229
0.26969, 0.01851
0.24798, 0.01069
0.28472, 0.01650
0.26902, 0.02978
0.26675, 0.01860
0.24623, 0.01201
0.27914, 0.02190
0.26701, 0.01712
0.26948, 0.03284
0.27592, 0.02019
0.29234, 0.03083
0.26191, 0.01320
0.28701, 0.03119
0.26494, 0.02510
0.29677, 0.01674
0.30536, 0.01255
0.23698, 0.01472
0.26198, 0.02311
0.28275, 0.00844
0.30564, 0.03227
0.27257, 0.01075
0.26720, 0.01645
0.26175, 0.01492
0.23118, 0.00613
0.30261, 0.02014
0.27085, 0.00931
0.21407, 0.02602
0.28788, 0.02838
0.25619, 0.01297
0.26610, 0.01628
0.23997, 0.02090
0.29256, 0.02877
0.22853, 0.00918
0.24908, 0.00770
0.26138, 0.01580
0.27487, 0.01836
0.24365, 0.01308
0.26357, 0.02091
0.26274, 0.02792
0.26565, 0.03504
0.29686, 0.03188
0.27553, 0.02394
0.25470, 0.02385
0.23549, 0.03950
0.26099, 0.02855
0.28073, 0.01742
0.27783, 0.01394
0.30501, 0.01542
0.24791, 0.01001
0.24821, 0.01523
0.27399, 0.03270
0.26875, 0.01886
0.26258, 0.01853
0.25005, 0.01683
0.27050, 0.02241
0.25845, 0.02561
0.27851, 0.02083
0.26543, 0.02591
0.27491, 0.01024
0.24429, 0.02382
0.25420, 0.03053
0.25906, 0.01224
0.25466, 0.01749
0.28099, 0.01883
0.28839, 0.02215
0.24483, 0.00977
0.27170, 0.01612
0.27341, 0.01571
0.24701, 0.01013
0.31035, 0.02959
0.24334, 0.01514
0.25426, 0.02078
0.24795, 0.00851
0.27656, 0.02933
0.27611, 0.02015
0.29985, 0.02585
0.25465, 0.01005
0.27242, 0.03119
0.26294, 0.01908
0.27850, 0.02093
0.24909, 0.00947
0.27917, 0.02148
0.24943, 0.01723
0.27317, 0.01589
0.29396, 0.02412
0.25279, 0.02107
0.26826, 0.02443
0.25294, 0.01688
0.26782, 0.01363
0.29181, 0.03184
0.27536, 0.01615
0.27117, 0.02394
0.31560, 0.02499
0.27472, 0.01983
0.26958, 0.01340
0.25514, 0.01340
0.24779, 0.02666
0.23480, 0.00761
0.26033, 0.01545
0.27571, 0.00821
0.25518, 0.01070
0.25528, 0.01874
0.26726, 0.02216
0.21410, 0.00892
0.30221, 0.03106
0.24075, 0.02272
0.24639, 0.01098
0.26391, 0.03539
0.26970, 0.01756
0.28052, 0.02641
0.25131, 0.01575
0.23817, 0.01553
0.25857, 0.01831
0.25599, 0.02274
0.26504, 0.01997
0.28994, 0.01426
0.28620, 0.02629
0.27030, 0.02532
0.28073, 0.01179
0.27460, 0.01413
0.25093, 0.01385
0.24723, 0.00735
0.29168, 0.01896
0.28513, 0.01878
0.25825, 0.02565
0.25957, 0.01630
0.28234, 0.01846
0.25868, 0.02813
0.27545, 0.01962
0.27458, 0.01432
0.28423, 0.03130
0.27333, 0.01989
0.26188, 0.01387
0.27726, 0.01182
0.22759, 0.02324
0.24198, 0.02366
0.23803, 0.01906
0.27994, 0.01949
0.29776, 0.02633
0.25776, 0.02497
0.29120, 0.02660
0.28221, 0.00900
0.26144, 0.01410
0.27535, 0.02983
0.26687, 0.01251
0.29055, 0.02363
0.26436, 0.02145
0.29562, 0.02377
0.25772, 0.01660
0.23856, 0.00922
0.26261, 0.02027
0.25538, 0.01463
0.24854, 0.02196
0.26792, 0.01714
0.21965, 0.00522
0.27043, 0.01550
0.25129, 0.01813
0.32416, 0.01389
0.26747, 0.02887
0.28447, 0.02542
0.27978, 0.01801
0.26170, 0.01858
0.27425, 0.02417
0.28217, 0.01599
0.30226, 0.01183
0.30257, 0.02401
0.26026, 0.01301
0.28151, 0.01363
0.26762, 0.01351
0.27045, 0.02195
0.26362, 0.01430
0.25596, 0.01171
0.25046, 0.01187
0.27163, 0.01337
0.29809, 0.02764
0.25803, 0.02326
0.26461, 0.01462
0.27197, 0.01032
0.27268, 0.02521
0.27986, 0.01558
0.24897, 0.00555
0.29096, 0.00771
0.26770, 0.01808
0.24691, 0.01801
0.28074, 0.01631
0.25690, 0.00814
0.26600, 0.02503
0.27216, 0.01510
0.26760, 0.03557
0.26338, 0.02021
0.26187, 0.01834
0.25907, 0.03326
0.25902, 0.01708
0.25744, 0.02514
0.26809, 0.02020
0.29938, 0.02718
0.24551, 0.02128
0.24542, 0.00699
0.25575, 0.02423
0.32372, 0.01615
0.25891, 0.01623
0.26606, 0.01758
0.27666, 0.03156
0.28658, 0.01667
0.27132, 0.01808
0.27355, 0.02486
0.31265, 0.02693
0.26528, 0.02388
0.30416, 0.01604
0.24275, 0.01511
0.25794, 0.02608
0.28473, 0.02218
0.25483, 0.03598
0.26505, 0.01570
0.28119, 0.01318
0.25591, 0.03051
0.25321, 0.02841
0.26588, 0.02115
0.28050, 0.02928
0.27891, 0.02998
0.25673, 0.03325
0.24668, 0.01195
0.26802, 0.01602
0.25621, 0.02691
0.28978, 0.02875
0.22436, 0.00686
0.26636, 0.01284
0.25927, 0.01903
0.27278, 0.02739
0.26352, 0.00833
0.27786, 0.02106
0.28254, 0.02253
0.26655, 0.02219
0.27342, 0.02380
0.26472, 0.01357
0.26745, 0.02276
0.26042, 0.01058
0.26676, 0.01399
0.29206, 0.03634
0.30573, 0.01941
0.27135, 0.02207
0.25813, 0.02012
0.26893, 0.02627
0.26902, 0.01134
0.27320, 0.01386
0.27827, 0.03111
0.26060, 0.01790
0.27860, 0.02307
0.24092, 0.02126
0.26234, 0.02948
0.30220, 0.03022
0.25987, 0.01522
0.28333, 0.02257
0.27506, 0.01757
0.28766, 0.01385
0.25591, 0.00892
0.24227, 0.01162
0.25382, 0.01092
0.26650, 0.01239
0.26892, 0.01079
0.24776, 0.00749
0.25611, 0.02039
0.24657, 0.01116
0.27981, 0.02430
0.25189, 0.02181
0.25226, 0.02385
0.25994, 0.01675
0.25889, 0.01302
0.22290, 0.03413
0.27043, 0.02176
0.30289, 0.03333
0.25730, 0.01529
0.29399, 0.01807
0.29680, 0.01980
0.24524, 0.00854
0.25553, 0.01360
0.30091, 0.01296
0.29489, 0.02401
0.28719, 0.02778
0.25248, 0.02514
0.25080, 0.02742
0.31285, 0.03042
0.25333, 0.01997
0.26749, 0.02308
0.26691, 0.01383
0.32076, 0.02589
0.29239, 0.02713
0.25862, 0.01631
0.26479, 0.01535
0.24292, 0.02398
0.25031, 0.02835
0.27227, 0.02959
0.28309, 0.02079
0.26826, 0.01565
0.30073, 0.01386
0.26667, 0.02328
0.25152, 0.01374
0.24631, 0.00787
0.25376, 0.01694
0.29352, 0.02159
0.26302, 0.03675
0.24981, 0.03389
0.25499, 0.02002
0.32586, 0.01626
0.25571, 0.01542
0.25409, 0.01810
0.27696, 0.01500
0.26904, 0.01252
0.29366, 0.02121
0.31447, 0.02527
0.27266, 0.02615
0.30197, 0.02617
0.27106, 0.02443
0.28042, 0.02468
0.30826, 0.02807
0.30481, 0.02728
0.29256, 0.02594
0.27558, 0.01877
0.27969, 0.03074
0.23998, 0.01823
0.26630, 0.03279
0.26825, 0.02639
0.27216, 0.02247
0.27091, 0.02150
0.25966, 0.03862
0.27746, 0.01782
0.25503, 0.01594
0.31699, 0.02973
0.25123, 0.02075
0.24667, 0.03509
0.24986, 0.02189
0.29999, 0.01975
0.27798, 0.02079
0.27122, 0.00757
0.22346, 0.01084
0.24620, 0.03220
0.26221, 0.01001
0.24872, 0.01085
0.25709, 0.01560
0.24239, 0.01018
0.27155, 0.01960
0.26109, 0.01722
0.27001, 0.01580
0.25635, 0.02027
0.24545, 0.02431
0.25084, 0.02252
0.23982, 0.00902
0.25877, 0.02588
0.28857, 0.03347
0.27798, 0.03490
0.25699, 0.00599
0.30805, 0.02162
0.25293, 0.02744
0.24263, 0.00877
0.25717, 0.02980
0.26351, 0.01933
0.26596, 0.02303
0.25161, 0.00924
0.28438, 0.02087
0.28321, 0.02633
0.27110, 0.02560
0.29293, 0.02589
0.26655, 0.00894
0.25463, 0.01311
0.29196, 0.01642
0.27203, 0.02196
0.27051, 0.02206
0.24182, 0.02111
0.25357, 0.01122
0.28318, 0.01859
0.27138, 0.01213
0.27791, 0.02162
0.27584, 0.02192
0.26234, 0.01704
0.28146, 0.02702
0.26185, 0.03089
0.25321, 0.01687
0.27368, 0.01311
0.26927, 0.02392
0.24782, 0.02171
0.24972, 0.02377
0.25888, 0.01446
0.29656, 0.01959
0.25428, 0.01654
0.30383, 0.01768
0.26597, 0.01644
0.26556, 0.01024
0.25268, 0.01695
0.25895, 0.00767
0.24186, 0.01921
0.26963, 0.01258
0.29185, 0.03100
0.25664, 0.03497
0.26146, 0.01980
0.28011, 0.01490
0.28802, 0.01703
0.26851, 0.02326
0.26123, 0.01018
0.26459, 0.03817
0.28805, 0.02200
0.26146, 0.01192
0.29349, 0.02346
0.27278, 0.01788
0.26448, 0.01590
0.27693, 0.01415
0.31390, 0.02682
0.27119, 0.02846
0.27352, 0.01795
0.25811, 0.01287
0.26927, 0.02022
0.24257, 0.01656
0.28564, 0.02009
0.27474, 0.02355
0.26641, 0.02417
0.24135, 0.03919
0.27172, 0.03164
0.25756, 0.02941
0.23483, 0.01730
0.25681, 0.01293
0.26802, 0.02186
0.28178, 0.01812
0.26192, 0.02433
0.27160, 0.02553
0.23679, 0.01789
0.28202, 0.02055
0.26275, 0.03294
0.25878, 0.02551
0.29747, 0.01097
0.26134, 0.02099
0.25473, 0.03199
0.25316, 0.01761
0.22729, 0.02942
0.25545, 0.01663
0.30419, 0.02508
0.27460, 0.03647
0.23934, 0.01838
0.26280, 0.01639
0.24780, 0.01076
0.27348, 0.03204
0.29291, 0.01064
0.28562, 0.01603
0.25596, 0.01770
0.25601, 0.01152
0.26412, 0.01774
0.28726, 0.01888
0.26919, 0.03608
0.25126, 0.01862
0.23858, 0.02543
0.27065, 0.00999
0.26050, 0.01446
0.24920, 0.01074
0.27613, 0.03078
0.27689, 0.01215
0.26286, 0.01859
0.24440, 0.01229
0.25496, 0.01398
0.29502, 0.02397
0.26584, 0.01488
0.28024, 0.02784
0.27201, 0.01482
0.26840, 0.01446
0.27008, 0.02369
0.25303, 0.01185
0.25981, 0.01824
0.24475, 0.00982
0.26471, 0.03148
0.24031, 0.02072
0.30983, 0.01219
0.22557, 0.02184
0.27714, 0.02457
0.27558, 0.00884
0.25440, 0.01986
0.26482, 0.03431
0.26161, 0.02654
0.27693, 0.01373
0.28148, 0.01189
0.27593, 0.02435
0.25168, 0.01329
0.31110, 0.02641
0.27311, 0.02257
0.26012, 0.03212
0.28149, 0.02197
0.27087, 0.02242
0.28854, 0.02552
0.23647, 0.03279
0.26416, 0.01431
0.28106, 0.02154
0.27302, 0.02746
0.28137, 0.04220
0.27801, 0.01189
0.22060, 0.00523
0.27828, 0.01711
0.26482, 0.01366
0.27756, 0.02036
0.25200, 0.02379
0.26495, 0.00895
0.27348, 0.01570
0.26348, 0.03122
0.26252, 0.01930
0.30340, 0.01523
0.26088, 0.02724
0.26315, 0.01536
0.25273, 0.01596
0.28739, 0.01618
0.26355, 0.01795
0.26405, 0.01642
0.27180, 0.01686
0.31032, 0.02127
0.25773, 0.02138
0.25751, 0.01097
0.25776, 0.01898
0.26960, 0.01803
0.24388, 0.00790
0.25931, 0.01551
0.28636, 0.01902
0.26702, 0.01201
0.28216, 0.02739
0.24172, 0.01966
0.26707, 0.02333
0.27096, 0.00952
0.26151, 0.02404
0.27099, 0.03015
0.24985, 0.02465
0.27728, 0.01937
0.25107, 0.04050
0.29150, 0.02605
0.25859, 0.04210
0.24000, 0.01005
0.26531, 0.00849
0.25427, 0.02736
0.26952, 0.01531
0.27800, 0.02021
0.27622, 0.01736
0.29691, 0.02553
0.29096, 0.02401
0.26981, 0.02934
0.26986, 0.01770
0.30190, 0.02636
0.26629, 0.01488
0.24487, 0.00749
0.30227, 0.01538
0.32214, 0.01724
0.27524, 0.02607
0.27378, 0.03179
0.28153, 0.03632
0.25994, 0.01788
0.25991, 0.02413
0.29993, 0.02911
0.25330, 0.01357
0.24975, 0.01662
0.26733, 0.01653
0.25389, 0.01711
0.24718, 0.01641
0.24849, 0.01916
0.25290, 0.01119
0.25609, 0.01994
0.25905, 0.01440
0.27214, 0.00910
0.24757, 0.01630
0.26387, 0.01789
0.24678, 0.00810
0.30381, 0.01864
0.27042, 0.01713
0.26579, 0.01086
0.24633, 0.02564
0.25769, 0.01343
0.28064, 0.02938
0.29226, 0.00864
0.27650, 0.01084
0.26101, 0.01797
0.26323, 0.01781
0.26843, 0.02062
0.25383, 0.00970
0.27527, 0.03342
0.26431, 0.02526
0.25779, 0.02197
0.25843, 0.01074
0.26553, 0.02513
0.26369, 0.01916
0.26222, 0.01247
0.26376, 0.03243
0.27347, 0.02168
0.28774, 0.02379
0.26933, 0.01186
0.27979, 0.02686
0.27172, 0.01208
0.32430, 0.02924
0.27413, 0.03571
0.25761, 0.01489
0.29347, 0.02324
0.26587, 0.01772
0.25694, 0.01073
0.26420, 0.01436
0.24640, 0.01862
0.25593, 0.02594
0.24130, 0.01881
0.29124, 0.01637
0.24296, 0.03889
0.26964, 0.01777
0.25891, 0.01849
0.31322, 0.02952
0.27325, 0.01442
0.25717, 0.03447
0.25046, 0.02298
0.25289, 0.02396
0.28061, 0.01262
0.26432, 0.01654
0.25348, 0.01629
0.28942, 0.02039
0.22676, 0.02661
0.25510, 0.01842
0.23218, 0.01500
0.28313, 0.02153
0.27480, 0.02861
0.26291, 0.02024
0.29265, 0.01986
0.27564, 0.00859
0.24812, 0.02824
0.26005, 0.02123
0.25765, 0.03202
0.24138, 0.01393
0.27430, 0.01738
0.25246, 0.01652
0.28461, 0.02667
0.24719, 0.01599
0.24792, 0.01002
0.26461, 0.02553
0.27958, 0.01809
0.25574, 0.02553
0.26803, 0.01633
0.23556, 0.00875
0.26215, 0.01780
0.26897, 0.02135
0.26764, 0.02029
0.26929, 0.01025
0.29336, 0.03111
0.24441, 0.03148
0.25802, 0.02158
0.25868, 0.02801
0.28198, 0.04095
0.26670, 0.03013
0.26699, 0.01802
0.26563, 0.03881
0.26957, 0.01585
0.23106, 0.02205
0.27086, 0.03137
0.28668, 0.03439
0.28125, 0.02502
0.26806, 0.03132
0.27084, 0.01446
0.24721, 0.01729
0.25916, 0.01894
0.26882, 0.01794
0.27170, 0.01897
0.25287, 0.01701
0.25994, 0.01927
0.24443, 0.03002
0.27713, 0.01403
0.27539, 0.01761
0.24570, 0.02501
0.25987, 0.01878
0.26222, 0.01184
0.24685, 0.01095
0.26662, 0.02219
0.27981, 0.01888
0.29805, 0.02973
0.24201, 0.01833
0.26057, 0.01726
0.27341, 0.02275
0.26990, 0.02599
0.24878, 0.00556
0.27352, 0.01230
0.27952, 0.03128
0.28940, 0.02430
0.23891, 0.00702
0.21581, 0.03393
0.28714, 0.02525
0.21819, 0.04191
0.25738, 0.03556
0.29099, 0.02599
0.26392, 0.01883
0.27511, 0.01099
0.29534, 0.03340
0.28381, 0.02110
0.29222, 0.02507
0.26164, 0.00760
0.28663, 0.00989
0.24863, 0.02050
0.26824, 0.01537
0.27522, 0.01838
0.27013, 0.01146
0.25287, 0.02355
0.24757, 0.01989
0.27758, 0.02743
0.27251, 0.01804
0.28310, 0.02254
0.24269, 0.01867
0.26960, 0.00969
0.26107, 0.01651
0.28928, 0.03421
0.30317, 0.02603
0.25600, 0.01360
0.28546, 0.01785
0.28143, 0.02528
0.27854, 0.02306
0.22988, 0.02093
0.26014, 0.01602
0.27686, 0.03231
0.23374, 0.00705
0.28395, 0.03279
0.25259, 0.00508
0.27332, 0.02379
0.27890, 0.02719
0.26817, 0.01382
0.25870, 0.01248
0.26723, 0.01527
0.28394, 0.01682
0.21866, 0.01906
0.26268, 0.01586
0.27948, 0.02603
0.27866, 0.02010
0.26072, 0.01869
0.27503, 0.01530
0.27056, 0.02287
0.27867, 0.02852
0.27289, 0.01651
0.24482, 0.01551
0.27282, 0.01396
0.28235, 0.03587
0.24266, 0.01801
0.25795, 0.01314
0.29313, 0.02688
0.26029, 0.02117
0.24022, 0.01489
0.23566, 0.01628
0.29129, 0.03457
0.25841, 0.00987
0.26469, 0.03038
0.27134, 0.01385
0.25728, 0.00973
0.26903, 0.01587
0.26481, 0.02081
0.29427, 0.01328
0.27140, 0.02481
0.28886, 0.03838
0.26227, 0.01542
0.27201, 0.02237
0.25468, 0.04083
0.27171, 0.00827
0.25892, 0.01507
0.26639, 0.01642
0.26090, 0.02502
0.31433, 0.03258
0.25185, 0.02292
0.25048, 0.03584
0.24639, 0.00647
0.26929, 0.03261
0.25356, 0.01950
0.27273, 0.02328
0.26476, 0.01081
0.26135, 0.01478
0.29295, 0.02818
0.25941, 0.01542
0.30249, 0.03233
0.25210, 0.02710
0.26374, 0.01305
0.24086, 0.02153
0.23952, 0.02388
0.26151, 0.01890
0.27623, 0.02496
0.26512, 0.01896
0.27977, 0.01486
0.28391, 0.02794
0.27669, 0.01988
0.27694, 0.01729
0.24097, 0.01426
0.30202, 0.02606
0.25463, 0.01296
0.28225, 0.02141
0.29067, 0.01646
0.27291, 0.01147
0.25302, 0.02406
0.28096, 0.02221
0.26308, 0.02720
0.28275, 0.02911
0.25853, 0.01712
0.24978, 0.01932
0.26656, 0.00967
0.24762, 0.00905
0.27501, 0.01712
0.25110, 0.02057
0.28538, 0.01834
0.25695, 0.01983
0.24177, 0.00929
0.26492, 0.02749
0.27662, 0.01691
0.30323, 0.00610
0.24689, 0.02504
0.27266, 0.02088
0.24982, 0.00816
0.23102, 0.00572
0.27124, 0.03212
0.22333, 0.01780
0.27225, 0.01889
0.29957, 0.01860
0.25750, 0.01907
0.22947, 0.01055
0.24630, 0.01400
0.26567, 0.03135
0.27019, 0.01767
0.28255, 0.02091
0.24876, 0.02306
0.27427, 0.02069
0.25893, 0.01999
0.26005, 0.02974
0.23103, 0.01675
0.30362, 0.01570
0.26964, 0.02531
0.27363, 0.02406
0.25270, 0.01228
0.24789, 0.01402
0.26717, 0.02061
0.26296, 0.00651
0.26081, 0.02813
0.29590, 0.02870
0.25575, 0.02603
0.26028, 0.02279
0.26364, 0.03387
0.25115, 0.02412
0.26209, 0.01285
0.28546, 0.02397
0.27714, 0.02340
0.27286, 0.01277
0.29074, 0.02164
0.27345, 0.02808
0.31127, 0.02781
0.22947, 0.02770
0.27266, 0.01895
0.29013, 0.01598
0.24243, 0.00841
0.30193, 0.01597
0.22961, 0.02683
0.24412, 0.01457
0.26016, 0.01527
0.24510, 0.00544
0.27610, 0.02683
0.26625, 0.01800
0.25952, 0.01836
0.24038, 0.03852
0.26891, 0.04326
0.27296, 0.01833
0.30046, 0.02035
0.32319, 0.02260
0.26249, 0.02567
0.25175, 0.02258
0.25601, 0.02486
0.29043, 0.02236
0.27515, 0.01948
0.23517, 0.02208
0.26081, 0.01205
0.24985, 0.01644
0.25290, 0.01272
0.24272, 0.02825
0.23878, 0.01061
0.24959, 0.01833
0.28658, 0.02893
0.29058, 0.02855
0.27720, 0.01515
0.24802, 0.03733
0.28506, 0.01049
0.28937, 0.02018
0.23402, 0.02059
0.23151, 0.00794
0.26038, 0.02183
0.25272, 0.02636
0.25558, 0.01522
0.25775, 0.01843
0.26028, 0.01272
0.26769, 0.02135
0.30275, 0.02624
0.26275, 0.01810
0.25482, 0.01726
0.29444, 0.02384
0.26922, 0.03028
0.25990, 0.02153
0.21817, 0.01326
0.26028, 0.01524
0.28272, 0.01657
0.28226, 0.01201
0.27264, 0.01635
0.28767, 0.02878
0.26171, 0.03491
0.26706, 0.01684
0.23642, 0.02389
0.25532, 0.01223
0.26844, 0.01630
0.25092, 0.02439
0.23644, 0.01481
0.27880, 0.00919
0.29602, 0.02508
0.26941, 0.02517
0.26418, 0.01580
0.29105, 0.02216
0.24522, 0.01457
0.26342, 0.01575
0.30176, 0.02474
0.27433, 0.01924
0.28909, 0.03039
0.25004, 0.00875
0.23502, 0.01322
0.27743, 0.02449
0.27870, 0.01474
0.24413, 0.02184
0.24531, 0.02213
0.26531, 0.01933
0.26201, 0.01975
0.27858, 0.02180
0.27085, 0.01202
0.26084, 0.03024
0.24674, 0.01010
0.24788, 0.01197
0.24384, 0.01536
0.27898, 0.01264
0.29750, 0.01988
0.28340, 0.02180
0.24608, 0.01884
0.24256, 0.00676
0.25411, 0.01257
0.24766, 0.02087
0.25458, 0.01760
0.28127, 0.01620
0.27359, 0.04395
0.28005, 0.01913
0.28297, 0.02512
0.29297, 0.01515
0.23823, 0.02049
0.26906, 0.01209
0.22720, 0.01113
0.30759, 0.02027
0.26032, 0.02320
0.26652, 0.01907
0.26884, 0.01889
0.24799, 0.00619
0.29076, 0.02750
0.25936, 0.01565
0.25756, 0.01295
0.25413, 0.01818
0.24713, 0.02174
0.27320, 0.02150
0.23417, 0.02174
0.26811, 0.01976
0.29543, 0.01245
0.26367, 0.01695
0.22643, 0.03521
0.26773, 0.01906
0.25829, 0.03465
0.25786, 0.02653
0.27192, 0.01260
0.29389, 0.03234
0.28460, 0.01511
0.28380, 0.01891
0.28625, 0.01807
0.25693, 0.01793
0.27449, 0.01884
0.28125, 0.02558
0.24677, 0.01712
0.26067, 0.01525
0.26328, 0.02891
0.28323, 0.01954
0.27550, 0.03061
0.27278, 0.01243
0.28991, 0.02299
0.25569, 0.00890
0.25541, 0.02216
0.23606, 0.01629
0.26375, 0.02160
0.26462, 0.01574
0.31771, 0.03123
0.27344, 0.02787
0.34014, 0.03210
0.25335, 0.01522
0.25176, 0.01261
0.27446, 0.01199
0.27035, 0.01235
0.24608, 0.01460
0.27783, 0.02192
0.27465, 0.02422
0.26143, 0.03125
0.26029, 0.01579
0.27548, 0.01507
0.26937, 0.02553
0.25099, 0.01369
0.24839, 0.01141
0.24418, 0.01213
0.27555, 0.00829
0.27485, 0.00958
0.28407, 0.01451
0.28004, 0.03274
0.29866, 0.01711
0.26970, 0.01434
0.26812, 0.01439
0.27081, 0.01735
0.26538, 0.01545
0.23983, 0.01386
0.30023, 0.02575
0.25701, 0.02519
0.27232, 0.02347
0.27530, 0.01939
0.23689, 0.01182
0.25976, 0.02497
0.25454, 0.02784
0.26919, 0.01983
0.25054, 0.01592
0.29548, 0.02149
0.27470, 0.03075
0.24839, 0.01480
0.26044, 0.03048
0.28099, 0.02809
0.28559, 0.02143
0.30366, 0.01998
0.28617, 0.01369
0.24149, 0.01284
0.24608, 0.01199
0.25528, 0.02105
0.30118, 0.03196
0.27995, 0.00890
0.25452, 0.02600
0.27955, 0.01743
0.30481, 0.02870
0.23471, 0.03191
0.27066, 0.02267
0.27041, 0.01900
0.23357, 0.03604
0.23608, 0.00931
0.25366, 0.01586
0.26807, 0.02715
0.26268, 0.01101
0.25148, 0.01302
0.24802, 0.02698
0.22163, 0.00835
0.27881, 0.00801
0.27750, 0.01030
0.28332, 0.01678
0.25099, 0.02782
0.28299, 0.01932
0.28799, 0.01188
0.27510, 0.00860
0.25300, 0.02099
0.25546, 0.02929
0.25375, 0.00867
0.27064, 0.01393
0.26840, 0.01599
0.24493, 0.02331
0.26050, 0.01955
0.25116, 0.00452
0.26174, 0.01681
0.28272, 0.01655
0.27470, 0.01494
0.28522, 0.02415
0.26916, 0.00995
0.27090, 0.01440
0.22795, 0.02607
0.29379, 0.03202
0.24767, 0.00800
0.25733, 0.01990
0.24902, 0.01297
0.24698, 0.01688
0.27521, 0.02115
0.27805, 0.02907
0.29061, 0.01327
0.28735, 0.02175
0.28973, 0.01890
0.26050, 0.02775
0.22664, 0.02563
0.29742, 0.02895
0.30622, 0.02636
0.26729, 0.02405
0.28483, 0.01793
0.26451, 0.01512
0.29523, 0.02558
0.26639, 0.01072
0.28103, 0.02796
0.27042, 0.01850
0.31335, 0.02821
0.27723, 0.01748
0.26184, 0.01507
0.25280, 0.01690
0.27785, 0.03210
0.25491, 0.01143
0.26589, 0.01677
0.28613, 0.01863
0.24502, 0.02180
0.26857, 0.01891
0.29073, 0.01609
0.24060, 0.01321
0.25409, 0.02712
0.24135, 0.02042
0.24301, 0.03139
0.24738, 0.01774
0.26904, 0.02765
0.26519, 0.01289
0.31044, 0.01540
0.29196, 0.02388
0.28088, 0.02805
0.27502, 0.02555
0.25541, 0.01227
0.26785, 0.01510
0.30038, 0.02753
0.24657, 0.01505
0.26379, 0.01625
0.25211, 0.01087
0.26545, 0.01188
0.27468, 0.02988
0.25154, 0.01714
0.31395, 0.02377
0.29077, 0.01469
0.28063, 0.02507
0.27030, 0.03554
0.22667, 0.00649
0.26353, 0.02190
0.26798, 0.02180
0.26016, 0.02203
0.27802, 0.01689
0.28466, 0.02270
0.25647, 0.02148
0.24598, 0.02404
0.28878, 0.01100
0.27367, 0.02240
0.25231, 0.01122
0.26493, 0.02034
0.25361, 0.01574
0.27821, 0.01404
0.29313, 0.02382
0.26574, 0.00690
0.30999, 0.01892
0.28376, 0.02570
0.26526, 0.01781
0.26178, 0.01868
0.26331, 0.02474
0.28320, 0.01737
0.30372, 0.02024
0.26456, 0.02649
0.29369, 0.03094
0.26403, 0.03485
0.25899, 0.01558
0.27018, 0.01657
0.27685, 0.01694
0.26013, 0.01859
0.24672, 0.01134
0.27920, 0.03359
0.28199, 0.01570
0.25411, 0.03221
0.26217, 0.02336
0.25085, 0.01130
0.26940, 0.01510
0.28874, 0.01546
0.26439, 0.01616
0.26958, 0.02568
0.24197, 0.01356
0.25685, 0.02307
0.27519, 0.02080
0.26027, 0.01034
0.25389, 0.03189
0.28337, 0.02597
0.27366, 0.01481
0.28507, 0.02429
0.27135, 0.01887
0.26734, 0.01528
0.27390, 0.01840
0.27162, 0.01668
0.25104, 0.02372
0.26667, 0.01611
0.28284, 0.02672
0.26335, 0.03585
0.25042, 0.02638
0.29797, 0.02039
0.26253, 0.02745
0.28957, 0.02504
0.27853, 0.01898
0.25089, 0.01615
0.27733, 0.02154
0.28150, 0.02167
0.26319, 0.02065
0.27551, 0.02345
0.24942, 0.01723
0.27083, 0.00609
0.25141, 0.02446
0.27216, 0.01957
0.24633, 0.00909
0.27127, 0.02323
0.26066, 0.01415
0.29055, 0.01597
0.25013, 0.02547
0.26750, 0.02240
0.24400, 0.02067
0.29848, 0.02842
0.28335, 0.02312
0.24205, 0.01365
0.29071, 0.01861
0.26469, 0.01694
0.25268, 0.02749
0.25396, 0.03585
0.28663, 0.02215
0.28814, 0.03069
0.27380, 0.02101
0.28029, 0.02487
0.27469, 0.02379
0.29811, 0.01791
0.25880, 0.02384
0.26424, 0.03705
0.29362, 0.02628
0.25272, 0.01076
0.27094, 0.01628
0.27591, 0.01826
0.26840, 0.01807
0.27339, 0.01977
0.28087, 0.02277
0.24606, 0.01096
0.27989, 0.01976
0.24915, 0.01011
0.24637, 0.01208
0.24027, 0.01885
0.23261, 0.02080
0.25618, 0.01380
0.27263, 0.01601
0.26329, 0.02521
0.29723, 0.02820
0.31829, 0.03129
0.22337, 0.00693
0.24506, 0.00813
0.24330, 0.02054
0.27236, 0.02396
0.24517, 0.00530
0.27370, 0.04188
0.27497, 0.00851
0.27905, 0.01354
0.28423, 0.02551
0.27631, 0.02192
0.27132, 0.02071
0.28064, 0.02313
0.25149, 0.02350
0.28352, 0.02973
0.24783, 0.01099
0.24933, 0.00998
0.27256, 0.02306
0.26360, 0.02456
0.25455, 0.02469
0.25834, 0.01820
0.25718, 0.01412
0.24241, 0.01471
0.26471, 0.02548
0.22079, 0.02208
0.28546, 0.02106
0.27057, 0.02568
0.25854, 0.01173
0.26643, 0.01645
0.27121, 0.01481
0.28154, 0.01459
0.28084, 0.02304
0.27537, 0.02425
0.29959, 0.02942
0.24326, 0.00938
0.25201, 0.03088
0.26421, 0.01836
0.26792, 0.01104
0.26264, 0.01102
0.27969, 0.01304
0.28195, 0.01876
0.25985, 0.02304
0.29701, 0.01494
0.26191, 0.02222
0.23229, 0.02741
0.26138, 0.03315
0.26184, 0.01342
0.25628, 0.02907
0.27017, 0.01424
0.26596, 0.02390
0.26539, 0.02582
0.24997, 0.01747
0.24502, 0.02287
0.22962, 0.02060
0.27507, 0.01413
0.28432, 0.01739
0.25918, 0.01442
0.24082, 0.02846
0.26045, 0.03661
0.27137, 0.01699
0.28119, 0.03427
0.21980, 0.01763
0.28203, 0.01909
0.27004, 0.01777
0.28420, 0.02551
0.30461, 0.02900
0.24839, 0.02172
0.26410, 0.01657
0.27955, 0.02022
0.25316, 0.02117
0.26601, 0.03463
0.23416, 0.01177
0.26700, 0.02206
0.29190, 0.02375
0.27807, 0.02060
0.25631, 0.01002
0.28786, 0.02205
0.25407, 0.02848
0.27720, 0.01583
0.25189, 0.01822
0.26299, 0.01931
0.28757, 0.02180
0.28055, 0.03286
0.29148, 0.01727
0.25054, 0.02565
0.23326, 0.01197
0.26168, 0.03436
0.28744, 0.02387
0.25911, 0.03183
0.26583, 0.01288
0.26300, 0.01723
0.25272, 0.02674
0.27110, 0.01308
0.28696, 0.01336
0.29410, 0.02719
0.26911, 0.01998
0.26573, 0.02867
0.26230, 0.01434
0.28078, 0.02829
0.25954, 0.02460
0.27125, 0.01442
0.30122, 0.02475
0.26976, 0.02280
0.25877, 0.01049
0.25917, 0.01007
0.25327, 0.02730
0.27744, 0.03006
0.29901, 0.02837
0.25693, 0.01130
0.25206, 0.03883
0.26742, 0.03176
0.25522, 0.01808
0.28169, 0.03084
0.28446, 0.02015
0.28333, 0.01899
0.26519, 0.02877
0.27684, 0.01457
0.28437, 0.01247
0.24149, 0.04743
0.28053, 0.03268
0.26289, 0.01319
0.28155, 0.02343
0.26761, 0.01875
0.27618, 0.02828
0.26790, 0.01409
0.26978, 0.01548
0.26272, 0.02353
0.25457, 0.00827
0.27513, 0.02266
0.28234, 0.03205
0.26264, 0.01469
0.29730, 0.01628
0.27327, 0.01262
0.27328, 0.02607
0.27476, 0.01556
0.28312, 0.01704
0.29191, 0.03095
0.23261, 0.03032
0.25252, 0.04216
0.31480, 0.03013
0.25345, 0.01594
0.25325, 0.02430
0.25702, 0.01374
0.26910, 0.02283
0.30300, 0.01863
0.25476, 0.01394
0.26469, 0.01578
0.29465, 0.01699
0.25366, 0.02919
0.25302, 0.02903
0.28348, 0.01912
0.24843, 0.01314
0.24035, 0.01428
0.26717, 0.01831
0.27486, 0.01513
0.22159, 0.01983
0.25263, 0.01253
0.23593, 0.02888
0.29991, 0.00961
0.26462, 0.02584
0.31185, 0.01382
0.25567, 0.00500
0.26693, 0.02917
0.27345, 0.00927
0.28505, 0.03162
0.26179, 0.01569
0.26588, 0.02478
0.30293, 0.02566
0.25051, 0.01303
0.26625, 0.01262
0.27647, 0.02277
0.26786, 0.01617
0.26301, 0.01159
0.29914, 0.01322
0.27203, 0.01544
0.27607, 0.02774
0.29001, 0.00908
0.28314, 0.01867
0.25639, 0.01620
0.25933, 0.01249
0.25606, 0.01138
0.26607, 0.00944
0.22770, 0.00788
0.25914, 0.03198
0.25157, 0.00926
0.25926, 0.01776
0.29089, 0.03062
0.24657, 0.00603
0.26314, 0.01406
0.27394, 0.02049
0.25148, 0.01422
0.27708, 0.02312
0.24432, 0.02225
0.26468, 0.01013
0.29784, 0.01347
0.27908, 0.01737
0.24181, 0.02589
0.25945, 0.02731
0.24908, 0.01172
0.24124, 0.01103
0.29292, 0.02844
0.27376, 0.01581
0.29391, 0.02957
0.25043, 0.03432
0.27522, 0.02534
0.29165, 0.01691
0.22769, 0.01638
0.26996, 0.01594
0.24727, 0.01170
0.23931, 0.01146
0.30522, 0.03511
0.28986, 0.02478
0.27602, 0.02905
0.25250, 0.01101
0.27345, 0.01116
0.25754, 0.01600
0.25058, 0.02785
0.26757, 0.03704
0.31233, 0.02360
0.24888, 0.01242
0.25760, 0.03187
0.25744, 0.03089
0.25245, 0.02381
0.25020, 0.03079
0.26290, 0.01573
0.26588, 0.01683
0.24826, 0.01291
0.30174, 0.03114
0.24297, 0.02621
0.28246, 0.01406
0.23973, 0.03323
0.25816, 0.02883
0.24694, 0.02770
0.28170, 0.02203
0.27101, 0.02084
0.24732, 0.01067
0.28835, 0.03133
0.25846, 0.01331
0.27495, 0.02704
0.26607, 0.01779
0.28056, 0.02041
0.28086, 0.01462
0.25303, 0.00947
0.23578, 0.03642
0.26051, 0.02546
0.25611, 0.01704
0.30190, 0.02611
0.27213, 0.01568
0.28578, 0.02153
0.23051, 0.02114
0.26527, 0.03037
0.25461, 0.01135
0.27799, 0.02150
0.27774, 0.01347
0.29100, 0.03003
0.25975, 0.01699
0.26243, 0.03017
0.26998, 0.03275
0.27341, 0.03162
0.26012, 0.02125
0.29362, 0.02221
0.25166, 0.01679
0.28179, 0.00896
0.25039, 0.02612
0.27144, 0.01503
0.26159, 0.02894
0.27572, 0.01557
0.25569, 0.01526
0.27628, 0.02925
0.26144, 0.01890
0.29626, 0.02137
0.27815, 0.02856
0.26882, 0.02244
0.25468, 0.02014
0.26238, 0.01897
0.26533, 0.01929
0.27656, 0.01819
0.26235, 0.02212
0.26755, 0.01833
0.25057, 0.01305
0.25086, 0.01737
0.27381, 0.02416
0.25255, 0.03159
0.28985, 0.01179
0.25887, 0.03245
0.25489, 0.02560
0.24280, 0.01935
0.22759, 0.01733
0.28970, 0.02647
0.24568, 0.02298
0.28220, 0.01868
0.27335, 0.01538
0.25797, 0.03048
0.28199, 0.02048
0.25337, 0.01648
0.28675, 0.02436
0.25203, 0.01167
0.26881, 0.01459
0.27459, 0.02568
0.24140, 0.02642
0.24978, 0.03308
0.23554, 0.00705
0.28912, 0.02059
0.26980, 0.02343
0.23878, 0.01906
0.27601, 0.01254
0.26871, 0.02185
0.25157, 0.03890
0.26244, 0.01951
0.25058, 0.02825
0.27723, 0.01792
0.28178, 0.01821
0.26085, 0.01241
0.29714, 0.01843
0.30281, 0.02273
0.26080, 0.01227
0.24427, 0.01061
0.25262, 0.01688
0.25690, 0.02466
0.27235, 0.01877
0.26411, 0.01687
0.25345, 0.01718
0.25360, 0.02367
0.25305, 0.01674
0.24462, 0.02679
0.26143, 0.01754
0.26556, 0.01882
0.24875, 0.02523
0.23083, 0.01581
0.26613, 0.02434
0.27041, 0.02348
0.32555, 0.03164
0.28013, 0.01399
0.26609, 0.02271
0.23815, 0.02000
0.27420, 0.03403
0.25820, 0.02363
0.24385, 0.03774
0.27974, 0.02204
0.28149, 0.01606
0.25781, 0.01957
0.25678, 0.02293
0.29258, 0.02645
0.25303, 0.02140
0.20958, 0.01712
0.25168, 0.03288
0.23982, 0.03096
0.26675, 0.02530
0.28673, 0.02980
0.24723, 0.02730
0.28746, 0.02101
0.26627, 0.01721
0.26980, 0.02820
0.26805, 0.01185
0.27223, 0.02851
0.26081, 0.01819
0.27358, 0.02366
0.26968, 0.01521
0.24083, 0.01892
0.27086, 0.02309
0.29123, 0.02854
0.26078, 0.02654
0.23825, 0.03694
0.27794, 0.02257
0.27373, 0.01825
0.26715, 0.03495
0.28314, 0.01191
0.23980, 0.02701
0.27848, 0.01616
0.25250, 0.01809
0.28084, 0.01812
0.25477, 0.01485
0.26489, 0.01863
0.27742, 0.03854
0.26555, 0.01925
0.26581, 0.01842
0.32051, 0.01787
0.25671, 0.01057
0.23483, 0.01143
0.27720, 0.01858
0.23215, 0.00785
0.26584, 0.01000
0.27697, 0.01703
0.26308, 0.02291
0.24392, 0.01748
0.28501, 0.02172
0.24279, 0.01200
0.31533, 0.03081
0.26624, 0.03419
0.27397, 0.01332
0.23861, 0.02096
0.26269, 0.03263
0.26776, 0.01869
0.27314, 0.01461
0.25765, 0.01207
0.24882, 0.02001
0.26063, 0.01178
0.27224, 0.00824
0.22625, 0.00896
0.26754, 0.01888
0.27452, 0.01233
0.27659, 0.01378
0.28960, 0.01570
0.26719, 0.02361
0.23682, 0.01011
0.27575, 0.01403
0.26671, 0.01036
0.24385, 0.01045
0.25775, 0.02704
0.28893, 0.03060
0.20686, 0.00738
0.24831, 0.01240
0.27350, 0.01582
0.27484, 0.02339
0.24918, 0.02352
0.26461, 0.01862
0.23877, 0.01782
0.26200, 0.03332
0.24867, 0.01469
0.26949, 0.00670
0.26666, 0.03269
0.27154, 0.03439
0.25680, 0.02246
0.26495, 0.02853
0.27706, 0.01261
0.30562, 0.02797
0.25952, 0.01207
0.27160, 0.01675
0.27800, 0.03488
0.29651, 0.01384
0.24157, 0.03395
0.27558, 0.01490
0.23989, 0.00829
0.27553, 0.02654
0.24511, 0.03425
0.26841, 0.01850
0.26812, 0.01977
0.27606, 0.00866
0.26668, 0.02801
0.25404, 0.02950
0.27940, 0.02007
0.25782, 0.01510
0.24579, 0.01025
0.25677, 0.01890
0.26117, 0.02190
0.29521, 0.01414
0.27522, 0.03100
0.29921, 0.02128
0.24938, 0.01652
0.26185, 0.01169
0.26451, 0.03364
0.25142, 0.02476
0.25059, 0.01174
0.24614, 0.03676
0.25295, 0.02191
0.27126, 0.03532
0.27941, 0.01389
0.28320, 0.02880
0.25367, 0.02189
0.26889, 0.02945
0.24704, 0.02891
0.28588, 0.02697
0.26603, 0.02036
0.23375, 0.02507
0.27715, 0.02172
0.25793, 0.01860
0.29341, 0.03439
0.27966, 0.02023
0.27694, 0.02518
0.26042, 0.00801
0.26597, 0.02065
0.27976, 0.01270
0.25919, 0.02138
0.26687, 0.01433
0.26736, 0.01040
0.24479, 0.02060
0.31406, 0.03540
0.26905, 0.02343
0.27746, 0.03700
0.27347, 0.02759
0.28239, 0.01855
0.25864, 0.01886
0.29575, 0.02807
0.25763, 0.01451
0.25804, 0.02121
0.26757, 0.01993
0.26486, 0.00750
0.27884, 0.02050
0.26744, 0.01477
0.24727, 0.02110
0.27428, 0.01806
0.22564, 0.02340
0.26517, 0.03024
0.25992, 0.01386
0.26525, 0.01411
0.26332, 0.02502
0.27580, 0.02303
0.26446, 0.02465
0.27197, 0.01748
0.26411, 0.01872
0.26628, 0.03247
0.28370, 0.01723
0.26591, 0.01533
0.26298, 0.01846
0.28060, 0.00876
0.23445, 0.02623
0.26480, 0.01173
0.26978, 0.00874
0.23946, 0.01339
0.26819, 0.00904
0.26685, 0.02355
0.25737, 0.02418
0.26650, 0.01673
0.26934, 0.02662
0.27646, 0.02072
0.26321, 0.01628
0.25355, 0.02885
0.25782, 0.01600
0.23069, 0.00594
0.26272, 0.01318
0.25800, 0.01027
0.23284, 0.02617
0.25900, 0.02990
0.28211, 0.02486
0.28128, 0.01785
0.26345, 0.03739
0.24508, 0.00978
0.28002, 0.01315
0.29435, 0.02968
0.29088, 0.03062
0.28649, 0.04117
0.25931, 0.02453
0.27401, 0.01390
0.24826, 0.01244
0.27905, 0.01769
0.24906, 0.01060
0.25532, 0.01864
0.29301, 0.02664
0.27086, 0.02257
0.29052, 0.02171
0.25077, 0.01282
0.26003, 0.02178
0.26254, 0.01801
0.23827, 0.04184
0.27581, 0.01398
0.25448, 0.02501
0.28538, 0.02175
0.26941, 0.01787
0.32514, 0.03066
0.25079, 0.02183
0.27064, 0.03013
0.28166, 0.00707
0.24728, 0.02264
0.26020, 0.01072
0.25358, 0.01384
0.24636, 0.01219
0.24355, 0.01692
0.24491, 0.03595
0.30293, 0.01902
0.24446, 0.03839
0.29721, 0.02232
0.27537, 0.02085
0.26909, 0.03347
0.28996, 0.02536
0.25605, 0.01184
0.22811, 0.00952
0.27804, 0.02049
0.27018, 0.02127
0.26562, 0.03692
0.25529, 0.02248
0.27099, 0.02276
0.28116, 0.02445
0.29268, 0.02589
0.25160, 0.02962
0.28410, 0.02036
0.27797, 0.03126
0.26075, 0.01532
0.26560, 0.01413
0.23153, 0.00706
0.27209, 0.02391
0.25823, 0.02615
0.27337, 0.02306
0.26429, 0.03423
0.29427, 0.03408
0.29398, 0.03229
0.28737, 0.00711
0.27897, 0.02586
0.25445, 0.03065
0.28367, 0.02112
0.26875, 0.03305
0.25535, 0.00996
0.26331, 0.02902
0.23908, 0.01597
0.25036, 0.02021
0.27736, 0.02310
0.26247, 0.02328
0.28623, 0.01995
0.25997, 0.02357
0.28262, 0.02850
0.28676, 0.00793
0.24442, 0.02104
0.26369, 0.01374
0.28099, 0.02493
0.26903, 0.01222
0.32054, 0.02506
0.25369, 0.03144
0.31733, 0.01531
0.26625, 0.01629
0.27105, 0.01841
0.26654, 0.01339
0.24960, 0.03500
0.26774, 0.02156
0.25124, 0.02527
0.23857, 0.02420
0.22929, 0.02513
0.25360, 0.01028
0.25891, 0.01560
0.27490, 0.02059
0.24051, 0.02885
0.24782, 0.03903
0.26216, 0.01004
0.23253, 0.02603
0.25377, 0.01254
0.25443, 0.01575
0.25621, 0.02149
0.26527, 0.02346
0.26455, 0.02457
0.24182, 0.01301
0.27753, 0.00980
0.27430, 0.01730
0.27240, 0.02285
0.27238, 0.01252
0.25492, 0.02923
0.25312, 0.01491
0.25757, 0.02810
0.29844, 0.02693
0.27248, 0.02443
0.28014, 0.02314
0.28539, 0.02497
0.29802, 0.02369
0.24531, 0.01158
0.30221, 0.01200
0.25106, 0.00837
0.25808, 0.00969
0.24325, 0.01875
0.27691, 0.01649
0.28154, 0.03227
0.26926, 0.02819
0.29478, 0.02234
0.25355, 0.02368
0.26569, 0.03527
0.27848, 0.02812
0.24322, 0.03024
0.25882, 0.01752
0.22619, 0.03368
0.25469, 0.02641
0.26879, 0.01523
0.27093, 0.01524
0.25989, 0.01415
0.29206, 0.02896
0.29142, 0.02567
0.25906, 0.01388
0.27041, 0.03483
0.24403, 0.01368
0.26327, 0.03037
0.24948, 0.01355
0.28067, 0.02527
0.26108, 0.01521
0.28651, 0.01539
0.28544, 0.02808
0.23363, 0.04377
0.25382, 0.01284
0.27174, 0.02904
0.26971, 0.01959
0.28331, 0.03151
0.27414, 0.01418
0.30052, 0.02489
0.26035, 0.02111
0.24556, 0.02091
0.29986, 0.00914
0.25472, 0.02267
0.26098, 0.03029
0.26615, 0.01711
0.27592, 0.01669
0.26564, 0.01451
0.27024, 0.03276
0.27882, 0.01062
0.27368, 0.01483
0.30083, 0.01097
0.24341, 0.01919
0.26194, 0.01389
0.23788, 0.00814
0.27505, 0.01900
0.26323, 0.01604
0.26834, 0.01560
0.25654, 0.01581
0.26770, 0.03528
0.26964, 0.01318
0.25357, 0.00909
0.25857, 0.01426
0.23807, 0.00924
0.25725, 0.02757
0.27702, 0.01420
0.25844, 0.03103
0.25757, 0.02137
0.26401, 0.01408
0.27125, 0.01837
0.25222, 0.01123
0.26564, 0.02679
0.22574, 0.00607
0.26213, 0.03277
0.25211, 0.02012
0.26916, 0.02023
0.27963, 0.01427
0.26122, 0.01738
0.27094, 0.01714
0.25440, 0.02744
0.24525, 0.01591
0.27752, 0.01489
0.24070, 0.02896
0.22648, 0.01649
0.26646, 0.01751
0.25953, 0.00797
0.29758, 0.02625
0.25335, 0.00584
0.25649, 0.02869
0.28280, 0.03807
0.24339, 0.01852
0.27929, 0.02141
0.25769, 0.04429
0.25803, 0.01864
0.26152, 0.01570
0.26479, 0.02808
0.31625, 0.02657
0.24278, 0.02903
0.26275, 0.02677
0.26846, 0.01273
0.30580, 0.03162
0.25607, 0.01688
0.22605, 0.03849
0.23463, 0.00928
0.27360, 0.02409
0.27765, 0.01784
0.27099, 0.02541
0.29342, 0.02739
0.23991, 0.00877
0.26389, 0.01679
0.24772, 0.01334
0.26706, 0.02601
0.24316, 0.01327
0.25177, 0.01659
0.27168, 0.01789
0.26917, 0.01525
0.25630, 0.01687
0.29411, 0.02443
0.27973, 0.01648
0.25210, 0.01686
0.26534, 0.03291
0.26293, 0.01354
0.26921, 0.01764
0.22228, 0.02518
0.26641, 0.01997
0.25005, 0.01101
0.23507, 0.00892
0.25935, 0.01565
0.27841, 0.03037
0.28675, 0.02632
0.25660, 0.01932
0.24529, 0.01151
0.28712, 0.02009
0.26041, 0.02319
0.27696, 0.01435
0.29664, 0.01686
0.27479, 0.02070
0.31321, 0.02640
0.29079, 0.01969
0.29286, 0.02790
0.27881, 0.01895
0.24961, 0.01345
0.25650, 0.01321
0.28495, 0.01722
0.27176, 0.02253
0.24340, 0.01225
0.28008, 0.03338
0.30599, 0.02336
0.27591, 0.01695
0.26239, 0.02981
0.27793, 0.02048
0.25611, 0.01650
0.27465, 0.01553
0.26440, 0.03417
0.25712, 0.02336
0.23494, 0.02225
0.29474, 0.02697
0.25872, 0.02991
0.27329, 0.01680
0.26896, 0.01646
0.28617, 0.01728
0.24611, 0.02163
0.26665, 0.01288
0.26796, 0.01816
0.27953, 0.02404
0.27508, 0.01769
0.25836, 0.01562
0.27076, 0.01587
0.28208, 0.01764
0.23631, 0.00778
0.25124, 0.01793
0.25962, 0.02211
0.23811, 0.01896
0.27386, 0.02554
0.27210, 0.02754
0.24293, 0.02926
0.28110, 0.01230
0.23382, 0.02024
0.24947, 0.03098
0.27499, 0.02011
0.25631, 0.01169
0.23717, 0.01117
0.28337, 0.02463
0.25644, 0.01441
0.30969, 0.02902
0.23302, 0.01521
0.24641, 0.02925
0.28116, 0.03413
0.28293, 0.02418
0.27123, 0.02318
0.27151, 0.01560
0.25452, 0.00800
0.27012, 0.01270
0.26337, 0.00833
0.27623, 0.02781
0.26683, 0.01160
0.26036, 0.01596
0.25457, 0.00918
0.28278, 0.01485
0.25725, 0.01663
0.28565, 0.02654
0.29457, 0.01778
0.27716, 0.01604
0.26761, 0.02665
0.30613, 0.02589
0.27364, 0.02537
0.25287, 0.01519
0.28371, 0.03736
0.28336, 0.01253
0.25791, 0.02571
0.25994, 0.01351
0.25953, 0.02319
0.25898, 0.02586
0.25905, 0.02330
0.27770, 0.02389
0.27166, 0.01946
0.26328, 0.02112
0.26149, 0.01659
0.26229, 0.01410
0.27961, 0.02745
0.28419, 0.01074
0.29574, 0.01804
0.26319, 0.01606
0.24733, 0.01797
0.24807, 0.01420
0.25225, 0.01365
0.26144, 0.01654
0.24518, 0.01410
0.27198, 0.01739
0.28426, 0.01704
0.30973, 0.01082
0.29989, 0.00854
0.26498, 0.01866
0.30179, 0.01807
0.25786, 0.02102
0.27559, 0.03320
0.23747, 0.01459
0.24770, 0.02751
0.24299, 0.00945
0.26338, 0.01299
0.25373, 0.01991
0.27605, 0.02362
0.24576, 0.03146
0.23593, 0.03965
0.24783, 0.01561
0.26365, 0.01690
0.24779, 0.00974
0.27056, 0.02835
0.25391, 0.02282
0.28890, 0.01377
0.23219, 0.02733
0.27394, 0.01752
0.27726, 0.00972
0.27810, 0.02145
0.26787, 0.02356
0.27896, 0.01487
0.24448, 0.01541
0.24869, 0.01694
0.29666, 0.01612
0.24794, 0.02388
0.23738, 0.00583
0.26887, 0.01807
0.24746, 0.01391
0.29914, 0.01926
0.27955, 0.02436
0.26204, 0.02017
0.25299, 0.01238
0.26993, 0.00969
0.24512, 0.01496
0.25654, 0.01934
0.28765, 0.01719
0.25938, 0.01386
0.27523, 0.02858
0.28146, 0.01767
0.26027, 0.02231
0.26852, 0.01289
0.27082, 0.02442
0.26197, 0.01273
0.27759, 0.02078
0.22586, 0.00709
0.25016, 0.02545
0.29943, 0.02617
0.27874, 0.01117
0.24667, 0.01027
0.29722, 0.01468
0.27829, 0.02636
0.24737, 0.01914
0.25889, 0.01011
0.26312, 0.02864
0.24161, 0.01187
0.23845, 0.01036
0.24542, 0.00845
0.23517, 0.02762
0.25758, 0.02508
0.25425, 0.01596
0.26357, 0.02529
0.27840, 0.00982
0.27905, 0.02816
0.26571, 0.02267
0.25506, 0.01721
0.31537, 0.02349
0.22792, 0.02772
0.25190, 0.00719
0.27336, 0.01515
0.27293, 0.00818
0.26171, 0.01182
0.28368, 0.02740
0.27625, 0.02129
0.26745, 0.01697
0.25978, 0.02830
0.25849, 0.01707
0.26258, 0.01248
0.26669, 0.01653
0.26436, 0.02529
0.27487, 0.02736
0.23103, 0.02623
0.24758, 0.01582
0.25895, 0.02001
0.26864, 0.00757
0.27643, 0.01186
0.26150, 0.01542
0.27219, 0.01912
0.26471, 0.01740
0.28209, 0.01922
0.25660, 0.01422
0.22010, 0.00576
0.27022, 0.02051
0.24987, 0.03275
0.24483, 0.01823
0.24318, 0.01999
0.24192, 0.04054
0.27457, 0.02913
0.27904, 0.02658
0.26653, 0.01592
0.27017, 0.00933
0.27900, 0.01029
0.27939, 0.01548
0.24393, 0.02938
0.24234, 0.00969
0.25219, 0.01845
0.25845, 0.01402
0.24562, 0.03757
0.30245, 0.01723
0.29490, 0.01073
0.27239, 0.01179
0.25816, 0.01312
0.25483, 0.02703
0.26330, 0.02901
0.26028, 0.01463
0.26815, 0.03776
0.29185, 0.02211
0.25143, 0.01838
0.28191, 0.02705
0.28118, 0.03006
0.32710, 0.03362
0.24243, 0.00712
0.28394, 0.02075
0.27231, 0.01336
0.28580, 0.01921
0.27460, 0.03254
0.24417, 0.01196
0.25713, 0.03311
0.26372, 0.02679
0.24689, 0.02430
0.26514, 0.02761
0.26192, 0.01100
0.29257, 0.02916
0.28922, 0.02596
0.27873, 0.01996
0.26840, 0.01358
0.26915, 0.02985
0.26353, 0.01549
0.25311, 0.01349
0.26944, 0.01629
0.26792, 0.01049
0.24066, 0.02522
0.21968, 0.00758
0.28980, 0.01728
0.26053, 0.02634
0.25954, 0.01464
0.29601, 0.02549
0.24629, 0.01388
0.25206, 0.02388
0.25211, 0.02377
0.27577, 0.02350
0.26214, 0.01603
0.26517, 0.02908
0.25590, 0.00671
0.25353, 0.00809
0.25368, 0.01953
0.25200, 0.01561
0.26872, 0.01675
0.26654, 0.03034
0.25792, 0.02224
0.24376, 0.02842
0.27733, 0.01515
0.25381, 0.01221
0.25233, 0.01317
0.24880, 0.01188
0.25579, 0.01245
0.25397, 0.02672
0.24535, 0.01541
0.26373, 0.02206
0.26310, 0.01598
0.29823, 0.03154
0.29044, 0.02602
0.25522, 0.01231
0.24008, 0.01129
0.27668, 0.02114
0.23004, 0.00809
0.24486, 0.01340
0.27602, 0.03287
0.25699, 0.01491
0.29334, 0.02687
0.26636, 0.01628
0.23928, 0.01276
0.29759, 0.01773
0.24334, 0.01098
0.27564, 0.01471
0.26248, 0.01876
0.25113, 0.03320
0.28544, 0.01045
0.27475, 0.02059
0.24534, 0.01432
0.28901, 0.01687
0.28494, 0.02729
0.29869, 0.02244
0.28050, 0.02495
0.26381, 0.01992
0.31537, 0.02553
0.27119, 0.02121
0.28795, 0.02221
0.24534, 0.01642
0.24939, 0.01089
0.25902, 0.01318
0.23174, 0.00820
0.27917, 0.02043
0.25942, 0.01668
0.25720, 0.02833
0.24134, 0.01741
0.29267, 0.02416
0.24498, 0.02136
0.27044, 0.01842
0.27552, 0.01069
0.26192, 0.01128
0.28033, 0.02978
0.28747, 0.01539
0.25824, 0.01040
0.24204, 0.02598
0.26294, 0.03818
0.26212, 0.00899
0.26641, 0.01699
0.25112, 0.02073
0.23043, 0.02468
0.25657, 0.00791
0.26685, 0.01889
0.27502, 0.02609
0.24966, 0.01796
0.26244, 0.01256
0.26067, 0.02292
0.23820, 0.01994
0.25920, 0.01919
0.26363, 0.01702
0.27420, 0.02216
0.28841, 0.02789
0.26375, 0.02803
0.24869, 0.01482
0.29295, 0.02245
0.28596, 0.02175
0.24553, 0.01134
0.26848, 0.01765
0.28036, 0.02333
0.25602, 0.01356
0.28164, 0.02370
0.26451, 0.00802
0.29529, 0.02056
0.26491, 0.02880
0.29492, 0.01145
0.26261, 0.02033
0.26498, 0.01578
0.27417, 0.01764
0.26135, 0.02108
0.26414, 0.02215
0.30331, 0.02404
0.25115, 0.01549
0.23881, 0.02630
0.25839, 0.00933
0.23217, 0.00819
0.27334, 0.02024
0.27598, 0.01243
0.28883, 0.02252
0.25912, 0.02517
0.26806, 0.01505
0.26264, 0.01581
0.28860, 0.01092
0.24653, 0.03841
0.25242, 0.01451
0.25878, 0.01814
0.27978, 0.01250
0.25711, 0.01236
0.26532, 0.01848
0.27335, 0.01916
0.26948, 0.01904
0.28359, 0.02208
0.26348, 0.03030
0.27516, 0.01182
0.26071, 0.01642
0.24501, 0.01112
0.27063, 0.02880
0.25187, 0.02277
0.24278, 0.00888
0.32837, 0.02367
0.26656, 0.02659
0.26577, 0.02247
0.27169, 0.01635
0.25157, 0.02839
0.27316, 0.01991
0.24736, 0.01096
0.25596, 0.01628
0.26092, 0.02418
0.26572, 0.02355
0.23482, 0.01221
0.25580, 0.01647
0.24893, 0.02700
0.25889, 0.03014
0.26746, 0.01525
0.26604, 0.02373
0.26082, 0.02190
0.25551, 0.02001
0.25341, 0.02254
0.25606, 0.02835
0.26577, 0.01728
0.26624, 0.02551
0.26876, 0.01003
0.25013, 0.01920
0.28373, 0.02246
0.26478, 0.01877
0.26298, 0.01820
0.30752, 0.02572
0.26017, 0.02740
0.25514, 0.01401
0.25507, 0.01660
0.27564, 0.02493
0.25546, 0.01029
0.32072, 0.01510
0.24726, 0.01639
0.27474, 0.01556
0.29035, 0.01973
0.25481, 0.02992
0.24228, 0.02446
0.26743, 0.01521
0.27042, 0.01988
0.26313, 0.03002
0.27955, 0.02125
0.28013, 0.02517
0.25588, 0.01491
0.24852, 0.01185
0.24645, 0.01523
0.28180, 0.03285
0.28073, 0.02783
0.30913, 0.01538
0.28384, 0.02579
0.26375, 0.01699
0.27732, 0.04044
0.25206, 0.03034
0.24718, 0.02272
0.28960, 0.03293
0.25851, 0.01292
0.24148, 0.00685
0.28903, 0.03687
0.25779, 0.00684
0.26072, 0.02213
0.25887, 0.00965
0.28223, 0.01709
0.28720, 0.03221
0.26023, 0.02798
0.28795, 0.03444
0.26250, 0.01085
0.23666, 0.02010
0.27449, 0.01099
0.25448, 0.03231
0.28204, 0.01719
0.26258, 0.01674
0.28611, 0.02952
0.27215, 0.01399
0.25983, 0.01965
0.29433, 0.01506
0.26715, 0.01000
0.26472, 0.02345
0.27551, 0.01836
0.25472, 0.02161
0.28858, 0.01715
0.26247, 0.02477
0.30786, 0.01742
0.23874, 0.01295
0.25242, 0.02111
0.29898, 0.01575
0.26097, 0.01947
0.27457, 0.02601
0.24574, 0.02305
0.27815, 0.03235
0.24477, 0.00507
0.24379, 0.01441
0.27130, 0.01935
0.26685, 0.01995
0.25219, 0.01623
0.28092, 0.01404
0.27546, 0.01834
0.26144, 0.01991
0.24556, 0.00669
0.25020, 0.01032
0.28300, 0.02644
0.30551, 0.02950
0.24101, 0.03025
0.25683, 0.01471
0.24880, 0.01641
0.27885, 0.01320
0.25839, 0.02234
0.24545, 0.02016
0.25182, 0.02810
0.28636, 0.02560
0.25991, 0.01119
0.25439, 0.01327
0.22817, 0.01815
0.25317, 0.02782
0.29217, 0.03447
0.28611, 0.02147
0.27011, 0.01064
0.26973, 0.02036
0.26822, 0.01973
0.23228, 0.01113
0.30097, 0.01560
0.25766, 0.02409
0.27103, 0.03687
0.26398, 0.02720
0.25300, 0.01376
0.29838, 0.02336
0.28537, 0.02337
0.24817, 0.00653
0.23136, 0.01902
0.26646, 0.02952
0.27673, 0.02059
0.28074, 0.01303
0.21889, 0.04397
0.30601, 0.02545
0.28753, 0.04039
0.25044, 0.01987
0.27136, 0.01693
0.26471, 0.01438
0.25816, 0.01792
0.27130, 0.02190
0.29339, 0.02669
0.27206, 0.01259
0.25929, 0.01761
0.23984, 0.02962
0.22839, 0.01293
0.26297, 0.01304
0.25780, 0.00545
0.25520, 0.01658
0.25864, 0.02769
0.28631, 0.03153
0.25117, 0.01988
0.31484, 0.02944
0.24004, 0.01306
0.27770, 0.01523
0.27463, 0.02607
0.30412, 0.01080
0.27274, 0.03892
0.27132, 0.01271
0.27123, 0.01694
0.26175, 0.01618
0.28707, 0.02202
0.28292, 0.02042
0.26564, 0.01561
0.28087, 0.02251
0.25650, 0.01231
0.26383, 0.03177
0.24120, 0.01934
0.24235, 0.02278
0.27488, 0.01001
0.25434, 0.04051
0.23754, 0.01918
0.26733, 0.01124
0.23957, 0.01010
0.25086, 0.02829
0.28651, 0.02068
0.27335, 0.02651
0.24883, 0.02749
0.25212, 0.01315
0.27680, 0.01555
0.25354, 0.03541
0.26327, 0.02488
0.27213, 0.01513
0.29627, 0.03246
0.27449, 0.01981
0.25404, 0.02599
0.25137, 0.01701
0.25964, 0.01470
0.28682, 0.01549
0.26383, 0.03671
0.24304, 0.01733
0.28125, 0.03312
0.27967, 0.02862
0.24919, 0.01420
0.29641, 0.02828
0.27302, 0.03641
0.23205, 0.03764
0.29914, 0.02649
0.29228, 0.01407
0.29703, 0.01055
0.28482, 0.02971
0.23722, 0.02413
0.26217, 0.02653
0.23776, 0.00918
0.28464, 0.01289
0.24756, 0.01600
0.25403, 0.01774
0.23064, 0.00625
0.27611, 0.02910
0.28589, 0.02070
0.27551, 0.02543
0.29265, 0.01914
0.29438, 0.01915
0.23833, 0.03117
0.28050, 0.01292
0.26329, 0.01544
0.25294, 0.02982
0.26709, 0.02199
0.28382, 0.01326
0.26061, 0.01774
0.32353, 0.03154
0.26081, 0.01791
0.25438, 0.00899
0.25481, 0.02555
0.25582, 0.01960
0.25884, 0.01952
0.28040, 0.01178
0.29862, 0.01715
0.27054, 0.01338
0.27317, 0.02671
0.26353, 0.01728
0.26602, 0.02474
0.28158, 0.01266
0.25765, 0.03751
0.23990, 0.01022
0.27414, 0.01451
0.26531, 0.01356
0.27910, 0.03444
0.28129, 0.01378
0.25131, 0.00687
0.25329, 0.01110
0.24879, 0.01104
0.29417, 0.01206
0.22689, 0.02340
0.27816, 0.02311
0.26739, 0.02438
0.29255, 0.03380
0.26462, 0.00942
0.27813, 0.01948
0.26972, 0.02513
0.25949, 0.01710
0.21960, 0.00630
0.26015, 0.01040
0.22739, 0.01748
0.26857, 0.01895
0.25962, 0.02300
0.28816, 0.02631
0.24104, 0.01675
0.26321, 0.01693
0.24220, 0.01679
0.23893, 0.02122
0.27130, 0.03397
0.28412, 0.03120
0.26762, 0.02208
0.27529, 0.01965
0.27287, 0.03977
0.26915, 0.02132
0.26799, 0.01391
0.27150, 0.01728
0.23828, 0.00530
0.26121, 0.02807
0.26037, 0.01945
0.27335, 0.02944
0.27380, 0.01921
0.27745, 0.01826
0.24656, 0.03586
0.24567, 0.02295
0.26728, 0.01819
0.29776, 0.02657
0.28377, 0.01977
0.28376, 0.01589
0.24991, 0.02612
0.28961, 0.02421
0.23820, 0.00505
0.28324, 0.02430
0.26952, 0.00909
0.23850, 0.01621
0.27533, 0.01256
0.25732, 0.02163
0.26379, 0.00706
0.27995, 0.01279
0.26005, 0.01935
0.27299, 0.02119
0.26237, 0.02884
0.25522, 0.00938
0.28003, 0.02572
0.26852, 0.01246
0.24723, 0.02954
0.25548, 0.01807
0.26994, 0.02373
0.27748, 0.02143
0.25323, 0.02181
0.28930, 0.03422
0.29335, 0.02103
0.27812, 0.02205
0.26852, 0.01737
0.25946, 0.02288
0.28483, 0.01263
0.28606, 0.01257
0.25698, 0.01838
0.26021, 0.02002
0.28129, 0.03017
0.25319, 0.01213
0.27245, 0.01366
0.26784, 0.01776
0.25597, 0.02853
0.26780, 0.02306
0.24334, 0.03231
0.25677, 0.02903
0.23106, 0.02904
0.28725, 0.01438
0.23865, 0.00889
0.26719, 0.02070
0.25462, 0.02042
0.28580, 0.01757
0.25749, 0.02370
0.27132, 0.02122
0.29399, 0.01486
0.23780, 0.01268
0.24116, 0.02279
0.28515, 0.01397
0.25886, 0.01714
0.27543, 0.02017
0.28441, 0.01220
0.28649, 0.02862
0.24849, 0.00981
0.26360, 0.02057
0.24477, 0.03899
0.28822, 0.02268
0.27659, 0.00938
0.27024, 0.02350
0.29570, 0.02901
0.25667, 0.01469
0.28652, 0.03810
0.29506, 0.01772
0.27823, 0.01250
0.27510, 0.03189
0.27517, 0.02708
0.26547, 0.02250
0.26920, 0.02561
0.29723, 0.02678
0.28033, 0.01988
0.26609, 0.00971
0.23462, 0.01284
0.27685, 0.01653
0.23711, 0.02518
0.27567, 0.03143
0.28705, 0.02320
0.26420, 0.00890
0.29329, 0.03453
0.25118, 0.01319
0.27149, 0.01262
0.22965, 0.01153
0.27010, 0.01648
0.26641, 0.02297
0.25729, 0.01351
0.24721, 0.00864
0.24190, 0.01408
0.29515, 0.02574
0.24753, 0.01850
0.27781, 0.02237
0.25895, 0.02751
0.29770, 0.01809
0.31009, 0.02796
0.28985, 0.01540
0.26544, 0.01718
0.26927, 0.03040
0.24530, 0.02439
0.25828, 0.02700
0.25660, 0.01882
0.23544, 0.02587
0.26406, 0.00794
0.24946, 0.01978
0.29237, 0.01888
0.25865, 0.02901
0.24849, 0.00930
0.23744, 0.01457
0.25085, 0.00946
0.26544, 0.01032
0.27414, 0.01046
0.24033, 0.01716
0.24879, 0.03511
0.25106, 0.04190
0.24616, 0.02276
0.26894, 0.01033
0.25733, 0.01493
0.26720, 0.01252
0.23494, 0.03051
0.26652, 0.03158
0.26576, 0.02035
0.26088, 0.01727
0.26775, 0.02259
0.27702, 0.01397
0.24698, 0.01313
0.24072, 0.02110
0.23881, 0.02753
0.28653, 0.02000
0.25734, 0.01470
0.25748, 0.01500
0.28344, 0.02375
0.24514, 0.01774
0.28124, 0.02528
0.24615, 0.02954
0.26902, 0.01219
0.29596, 0.02184
0.30051, 0.02715
0.27584, 0.03014
0.26127, 0.01367
0.26648, 0.01446
0.25192, 0.01413
0.27726, 0.03245
0.26372, 0.01987
0.26231, 0.02987
0.29373, 0.02109
0.27837, 0.02052
0.25408, 0.01069
0.28424, 0.01417
0.25177, 0.00966
0.25079, 0.02630
0.27339, 0.03690
0.27088, 0.01224
0.24701, 0.01410
0.27077, 0.02233
0.26058, 0.03330
0.29285, 0.01945
0.27556, 0.02161
0.28575, 0.01848
0.27135, 0.02129
0.25557, 0.01094
0.27240, 0.02325
0.30603, 0.01725
0.25271, 0.01483
0.28675, 0.03199
0.26223, 0.02172
0.29522, 0.02937
0.27943, 0.02160
0.25316, 0.01518
0.27318, 0.01970
0.27115, 0.01574
0.28261, 0.01549
0.28865, 0.02551
0.25799, 0.01136
0.28158, 0.01623
0.25296, 0.01034
0.27180, 0.03746
0.24894, 0.01620
0.23305, 0.00688
0.27764, 0.01321
0.22457, 0.01487
0.29116, 0.02680
0.27739, 0.02283
0.26377, 0.01666
0.27637, 0.01179
0.26104, 0.01152
0.27521, 0.02225
0.26071, 0.01914
0.28810, 0.03087
0.25160, 0.02185
0.24889, 0.02580
0.26270, 0.01779
0.26410, 0.01835
0.28022, 0.01769
0.29899, 0.01011
0.28111, 0.02979
0.24909, 0.01285
0.25199, 0.01511
0.23146, 0.00845
0.24245, 0.01559
0.24008, 0.01771
0.25593, 0.01805
0.25347, 0.03485
0.28009, 0.01946
0.27778, 0.02007
0.24063, 0.01449
0.24642, 0.02799
0.29972, 0.01011
0.27930, 0.02748
0.22501, 0.01856
0.25425, 0.01326
0.26749, 0.02330
0.28273, 0.02669
0.25877, 0.02203
0.25178, 0.03187
0.26030, 0.01587
0.27084, 0.01838
0.26039, 0.02485
0.25873, 0.01076
0.26664, 0.01249
0.24320, 0.01074
0.30281, 0.01098
0.24890, 0.02985
0.30596, 0.00832
0.28865, 0.02325
0.26020, 0.03003
0.26900, 0.02174
0.24998, 0.03221
0.26494, 0.01305
0.25125, 0.01594
0.26138, 0.01797
0.25927, 0.01971
0.25075, 0.03233
0.24807, 0.00941
0.25657, 0.02859
0.24745, 0.02954
0.26638, 0.01670
0.26640, 0.01803
0.29890, 0.03119
0.29596, 0.03976
0.27801, 0.02213
0.25043, 0.03076
0.28511, 0.03221
0.25322, 0.00934
0.25344, 0.02786
0.28296, 0.01927
0.27900, 0.02488
0.26022, 0.02601
0.25739, 0.01656
0.27195, 0.00991
0.26882, 0.01216
0.27368, 0.02766
0.25210, 0.02278
0.25021, 0.01447
0.30381, 0.01482
0.28178, 0.02616
0.25440, 0.01581
0.26593, 0.01132
0.27785, 0.02036
0.25332, 0.01993
0.26928, 0.02083
0.29620, 0.01137
0.27458, 0.02207
0.27416, 0.02283
0.26578, 0.01463
0.28618, 0.02631
0.26112, 0.02009
0.28361, 0.03099
0.28313, 0.02664
0.26642, 0.02466
0.26884, 0.02942
0.28910, 0.01647
0.28039, 0.01693
0.27769, 0.03187
0.27198, 0.03681
0.27760, 0.01623
0.26644, 0.01549
0.26124, 0.02691
0.26406, 0.01776
0.29027, 0.01688
0.25102, 0.02477
0.25350, 0.02225
0.25139, 0.02449
0.26077, 0.00903
0.25517, 0.01362
0.26231, 0.03530
0.25253, 0.00837
0.30062, 0.02271
0.25355, 0.03502
0.26434, 0.01364
0.29284, 0.03424
0.27209, 0.01876
0.23124, 0.01203
0.24567, 0.01394
0.25375, 0.02363
0.25884, 0.02147
0.26079, 0.00773
0.28655, 0.02954
0.27669, 0.02115
0.26952, 0.02407
0.28559, 0.02566
0.28994, 0.02454
0.27306, 0.01342
0.24755, 0.03155
0.28032, 0.02373
0.23552, 0.01349
0.26323, 0.02955
0.23934, 0.02573
0.23895, 0.01608
0.22757, 0.01831
0.29353, 0.02222
0.24984, 0.01354
0.24676, 0.01503
0.23982, 0.02180
0.28052, 0.02191
0.25365, 0.02371
0.26085, 0.01416
0.22713, 0.02017
0.28343, 0.01644
0.25221, 0.03498
0.25396, 0.02021
0.26798, 0.02350
0.25752, 0.01222
0.25301, 0.01661
0.28983, 0.01881
0.25754, 0.01639
0.27708, 0.02486
0.25393, 0.01544
0.26236, 0.01540
0.25963, 0.00618
0.29228, 0.00736
0.28593, 0.01094
0.28971, 0.03676
0.27800, 0.02983
0.24916, 0.00849
0.25652, 0.01399
0.27286, 0.02011
0.26262, 0.01865
0.30189, 0.01627
0.26439, 0.01540
0.28472, 0.02206
0.25598, 0.02682
0.26360, 0.03156
0.26705, 0.01791
0.25308, 0.02618
0.29288, 0.01647
0.27849, 0.02544
0.23932, 0.00767
0.29093, 0.02124
0.23605, 0.01206
0.26308, 0.01880
0.26748, 0.01396
0.28420, 0.02178
0.27431, 0.01267
0.24931, 0.01254
0.27269, 0.02732
0.25714, 0.02135
0.26306, 0.01853
0.25619, 0.02063
0.26567, 0.02497
0.29076, 0.02066
0.31975, 0.01969
0.31453, 0.02586
0.27513, 0.02826
0.29500, 0.00886
0.27571, 0.02094
0.25494, 0.01688
0.25636, 0.01753
0.26037, 0.02087
0.22585, 0.01022
0.27362, 0.02153
0.26623, 0.03773
0.25130, 0.01730
0.26640, 0.01533
0.27955, 0.01143
0.24516, 0.01063
0.28909, 0.01858
0.24869, 0.02241
0.27011, 0.01098
0.27274, 0.02804
0.30698, 0.01708
0.25920, 0.01521
0.27292, 0.01327
0.27914, 0.01676
0.27817, 0.01825
0.29900, 0.02055
0.24883, 0.01119
0.28061, 0.01682
0.28301, 0.02178
0.29165, 0.02058
0.27315, 0.01847
0.26457, 0.01261
0.26253, 0.01798
0.25938, 0.02164
0.24852, 0.03107
0.27282, 0.02317
0.28316, 0.02026
0.26980, 0.03091
0.27324, 0.01466
0.27735, 0.02443
0.23257, 0.00967
0.26862, 0.01804
0.28051, 0.01560
0.25845, 0.02013
0.27368, 0.02027
0.27466, 0.02915
0.27540, 0.02099
0.24204, 0.02253
0.29193, 0.02071
0.24099, 0.01718
0.25847, 0.02024
0.24704, 0.00949
0.26487, 0.01754
0.26691, 0.03147
0.28316, 0.03025
0.24746, 0.02614
0.27329, 0.00806
0.25984, 0.01572
0.25761, 0.01380
0.27357, 0.01870
0.28531, 0.01560
0.27878, 0.02174
0.26912, 0.03638
0.25936, 0.01896
0.27250, 0.01046
0.26566, 0.01981
0.27833, 0.01426
0.26592, 0.02715
0.27342, 0.02768
0.27147, 0.02569
0.25120, 0.01141
0.24768, 0.01368
0.25538, 0.01466
0.28641, 0.01821
0.28931, 0.01097
0.26505, 0.01768
0.26479, 0.01843
0.32130, 0.02133
0.28019, 0.02395
0.28648, 0.02236
0.28756, 0.03156
0.25740, 0.00998
0.25442, 0.02815
0.27124, 0.02252
0.27199, 0.01058
0.26510, 0.01579
0.26905, 0.02618
0.26329, 0.01063
0.28155, 0.00842
0.25977, 0.01513
0.25565, 0.01151
0.26032, 0.02604
0.30337, 0.02832
0.26527, 0.02830
0.29433, 0.03417
0.25875, 0.01608
0.24363, 0.01834
0.25239, 0.03241
0.30537, 0.02544
0.27090, 0.03808
0.26346, 0.01870
0.25615, 0.02586
0.31030, 0.02765
0.26156, 0.03013
0.26267, 0.01850
0.28257, 0.01870
0.24490, 0.02095
0.28683, 0.02736
0.23996, 0.03430
0.25789, 0.01552
0.26921, 0.02864
0.25547, 0.02806
0.24366, 0.01240
0.23859, 0.00844
0.29158, 0.02052
0.30461, 0.02161
0.26625, 0.02114
0.25514, 0.01156
0.27046, 0.02073
0.25423, 0.02312
0.26674, 0.03297
0.26378, 0.01591
0.25060, 0.02731
0.29019, 0.01359
0.25364, 0.01682
0.27675, 0.01901
0.24902, 0.01337
0.28641, 0.01947
0.28580, 0.02622
0.32240, 0.02964
0.26350, 0.01492
0.25306, 0.01541
0.24335, 0.01386
0.27082, 0.01437
0.28085, 0.02724
0.26945, 0.02795
0.26007, 0.02018
0.24406, 0.02506
0.25670, 0.02062
0.28399, 0.02423
0.25456, 0.00895
0.25408, 0.01462
0.26861, 0.02124
0.25854, 0.00759
0.26602, 0.01044
0.23296, 0.01856
0.27775, 0.02170
0.25403, 0.01430
0.23487, 0.02963
0.25907, 0.00774
0.25930, 0.03158
0.28881, 0.01734
0.25645, 0.01134
0.25318, 0.02657
0.28715, 0.03216
0.26342, 0.01806
0.26872, 0.01539
0.26697, 0.01596
0.27029, 0.01566
0.28256, 0.02136
0.28299, 0.01824
0.26033, 0.01099
0.26443, 0.01938
0.27448, 0.01288
0.24560, 0.02720
0.24436, 0.01542
0.26121, 0.02154
0.24538, 0.03312
0.25785, 0.02060
0.27559, 0.02431
0.26229, 0.02563
0.25576, 0.01818
0.26590, 0.02852
0.25426, 0.01388
0.26408, 0.01589
0.28593, 0.02265
0.25475, 0.03817
0.28197, 0.03425
0.27825, 0.01515
0.30668, 0.02656
0.26463, 0.01048
0.26770, 0.02190
0.26054, 0.02256
0.24999, 0.02026
0.26797, 0.01998
0.24644, 0.01102
0.27034, 0.01801
0.22892, 0.00637
0.26169, 0.01544
0.26208, 0.02809
0.27221, 0.01186
0.26561, 0.01119
0.26667, 0.03373
0.27739, 0.02918
0.27712, 0.03732
0.27795, 0.03061
0.28433, 0.01399
0.25507, 0.01938
0.27576, 0.01811
0.26550, 0.01978
0.27780, 0.02730
0.27756, 0.02329
0.26071, 0.01226
0.27026, 0.01616
0.30452, 0.02291
0.25570, 0.02612
0.24334, 0.02118
0.26292, 0.02585
0.26902, 0.01772
0.26298, 0.03468
0.25999, 0.02464
0.30020, 0.01267
0.22588, 0.00847
0.28412, 0.01751
0.25157, 0.00905
0.24595, 0.02007
0.26687, 0.01797
0.26933, 0.01378
0.24290, 0.02345
0.27227, 0.02006
0.27175, 0.02379
0.28108, 0.01946
0.29387, 0.02228
0.25853, 0.02850
0.23974, 0.01800
0.24274, 0.01895
0.26143, 0.03574
0.25298, 0.01034
0.26588, 0.01942
0.24469, 0.02577
0.26155, 0.02511
0.24038, 0.00993
0.26860, 0.01347
0.25485, 0.02215
0.27189, 0.01784
0.26481, 0.03067
0.25973, 0.01095
0.28585, 0.01668
0.27878, 0.02093
0.30568, 0.02883
0.26991, 0.03218
0.28365, 0.01905
0.25961, 0.02395
0.25571, 0.01582
0.24693, 0.01386
0.24998, 0.03701
0.26091, 0.02028
0.26627, 0.03340
0.24587, 0.02198
0.28568, 0.02343
0.26575, 0.02759
0.29577, 0.02309
0.27035, 0.01623
0.23873, 0.01908
0.24252, 0.00520
0.26358, 0.01469
0.25499, 0.01611
0.22572, 0.02237
0.22854, 0.02322
0.27153, 0.01062
0.26993, 0.03314
0.28763, 0.01710
0.27019, 0.01515
0.24165, 0.01103
0.26446, 0.02123
0.25849, 0.01850
0.24041, 0.01580
0.26119, 0.02871
0.26577, 0.01980
0.22800, 0.03718
0.24982, 0.01073
0.26849, 0.03992
0.28596, 0.01397
0.26141, 0.02426
0.24956, 0.02669
0.27318, 0.01776
0.27000, 0.01681
0.23909, 0.00869
0.29509, 0.02690
0.23119, 0.02456
0.27846, 0.01482
0.28778, 0.02329
0.25386, 0.01159
0.27155, 0.02890
0.27539, 0.03716
0.28463, 0.02522
0.27936, 0.02767
0.29370, 0.03628
0.28909, 0.01539
0.25642, 0.01831
0.27590, 0.02278
0.26360, 0.02083
0.25654, 0.01382
0.25433, 0.01746
0.23832, 0.04122
0.27597, 0.03287
0.24236, 0.01174
0.26738, 0.01490
0.25266, 0.01480
0.27790, 0.00757
0.25914, 0.03789
0.22964, 0.03304
0.28379, 0.02439
0.25879, 0.02403
0.27780, 0.01194
0.28519, 0.02238
0.26619, 0.01156
0.26485, 0.01904
0.23131, 0.03776
0.25412, 0.01288
0.26332, 0.02381
0.27777, 0.02021
0.24746, 0.02596
0.25932, 0.02128
0.25391, 0.02396
0.28268, 0.02282
0.27658, 0.01075
0.26115, 0.03067
0.26247, 0.02472
0.25914, 0.01570
0.22111, 0.01011
0.27338, 0.02428
0.25716, 0.01231
0.25502, 0.01186
0.26700, 0.00992
0.27411, 0.02055
0.27284, 0.01304
0.27977, 0.01093
0.22793, 0.02339
0.25933, 0.01668
0.24142, 0.03438
0.25208, 0.01362
0.26244, 0.03548
0.27875, 0.02070
0.27212, 0.01912
0.26941, 0.02300
0.25610, 0.02832
0.27704, 0.01627
0.21079, 0.04200
0.25224, 0.01845
0.24838, 0.03541
0.30170, 0.03029
0.28182, 0.03108
0.25461, 0.02417
0.30050, 0.03079
0.26461, 0.01983
0.25665, 0.01126
0.29128, 0.02917
0.27047, 0.02203
0.22708, 0.02478
0.28442, 0.01078
0.24821, 0.00903
0.28050, 0.02182
0.24120, 0.00526
0.27311, 0.01421
0.25758, 0.01694
0.26439, 0.01398
0.23464, 0.02385
0.24943, 0.02866
0.26843, 0.01766
0.24522, 0.00708
0.25430, 0.03092
0.24849, 0.03854
0.25738, 0.01408
0.26172, 0.01177
0.28013, 0.02400
0.24934, 0.02727
0.25602, 0.02909
0.29385, 0.02479
0.26480, 0.01604
0.29120, 0.03131
0.25729, 0.00952
0.28331, 0.02578
0.28109, 0.02218
0.22882, 0.00975
0.26989, 0.01646
0.26717, 0.02371
0.24480, 0.03644
0.21262, 0.00429
0.29480, 0.01673
0.26180, 0.01719
0.30379, 0.01615
0.27570, 0.02302
0.25991, 0.01129
0.28401, 0.01076
0.25259, 0.02204
0.25152, 0.02812
0.28279, 0.01530
0.26109, 0.01255
0.28934, 0.02393
0.23787, 0.02077
0.23403, 0.02284
0.26442, 0.02206
0.25384, 0.01206
0.25207, 0.01490
0.27268, 0.01966
0.27066, 0.02120
0.27404, 0.02971
0.27956, 0.02326
0.25595, 0.03593
0.24706, 0.03129
0.24761, 0.01257
0.27935, 0.01808
0.27471, 0.02157
0.29030, 0.02999
0.29709, 0.01892
0.27231, 0.01821
0.28213, 0.01650
0.24836, 0.01560
0.24886, 0.01264
0.22073, 0.02441
0.26662, 0.01978
0.26045, 0.03105
0.25474, 0.01050
0.23602, 0.01109
0.24231, 0.01127
0.26910, 0.01479
0.27467, 0.01730
0.29239, 0.01129
0.26975, 0.01202
0.26014, 0.03216
0.25362, 0.02536
0.26127, 0.02669
0.28844, 0.02375
0.22121, 0.00571
0.25296, 0.01160
0.28011, 0.02252
0.25124, 0.03116
0.28125, 0.01543
0.26178, 0.02006
0.26329, 0.01049
0.26303, 0.02425
0.28335, 0.02507
0.25910, 0.03148
0.26755, 0.02660
0.28249, 0.02172
0.25960, 0.03407
0.25447, 0.01188
0.30204, 0.02918
0.29145, 0.01479
0.28557, 0.01798
0.23426, 0.01120
0.29816, 0.01269
0.25006, 0.04369
0.26327, 0.04093
0.27130, 0.02062
0.25206, 0.03269
0.24043, 0.02433
0.26633, 0.02844
0.26724, 0.01793
0.25416, 0.02060
0.28636, 0.02534
0.24351, 0.01354
0.27732, 0.01692
0.25886, 0.01361
0.25930, 0.02451
0.27827, 0.02541
0.23590, 0.01316
0.28014, 0.02068
0.27811, 0.02233
0.24211, 0.00800
0.29637, 0.03188
0.25732, 0.02472
0.29059, 0.01649
0.25807, 0.03350
0.25540, 0.03381
0.26808, 0.01260
0.24699, 0.01821
0.28023, 0.02000
0.27158, 0.03049
0.27304, 0.02574
0.27268, 0.01843
0.26205, 0.00681
0.24180, 0.00852
0.23259, 0.02059
0.26285, 0.01698
0.24806, 0.01276
0.26796, 0.01129
0.22881, 0.00947
0.27941, 0.02912
0.26536, 0.01793
0.25955, 0.01555
0.25045, 0.01424
0.25885, 0.00803
0.24389, 0.03394
0.25479, 0.01476
0.24611, 0.01857
0.24509, 0.03756
0.29557, 0.02240
0.26796, 0.02217
0.26434, 0.01976
0.24555, 0.02107
0.25901, 0.01951
0.27501, 0.03186
0.25596, 0.02947
0.25018, 0.02689
0.28801, 0.02473
0.26758, 0.01583
0.28587, 0.01625
0.26817, 0.02194
0.24244, 0.02225
0.24945, 0.01283
0.26696, 0.01179
0.26020, 0.02556
0.26868, 0.00815
0.25657, 0.01962
0.25932, 0.00702
0.25098, 0.02894
0.25579, 0.02543
0.27291, 0.02414
0.26766, 0.01951
0.30990, 0.02572
0.26315, 0.01669
0.26933, 0.02111
0.27729, 0.01609
0.26471, 0.02397
0.26149, 0.01721
0.26814, 0.02552
0.25726, 0.02288
0.26853, 0.01585
0.24863, 0.01884
0.26786, 0.00677
0.26847, 0.01940
0.27197, 0.01905
0.27135, 0.01441
0.28996, 0.02248
0.24996, 0.03642
0.25488, 0.01415
0.22561, 0.01603
0.28265, 0.01432
0.25675, 0.01308
0.23835, 0.02939
0.26511, 0.02805
0.24533, 0.02149
0.26559, 0.01904
0.28195, 0.03832
0.27652, 0.01176
0.27919, 0.00943
0.26184, 0.02475
0.27558, 0.01348
0.25135, 0.00815
0.24302, 0.01152
0.23798, 0.01152
0.25772, 0.01459
0.28004, 0.01872
0.28488, 0.01423
0.25991, 0.01163
0.31601, 0.01041
0.24720, 0.02033
0.26223, 0.01421
0.27287, 0.01768
0.27119, 0.01279
0.26388, 0.01983
0.28685, 0.01148
0.26311, 0.02330
0.23271, 0.03615
0.27172, 0.03112
0.26530, 0.02327
0.27558, 0.02691
0.27929, 0.01916
0.28094, 0.01655
0.25295, 0.01721
0.24918, 0.01183
0.26524, 0.01464
0.23286, 0.00485
0.28148, 0.03164
0.25427, 0.02030
0.26170, 0.02703
0.25569, 0.01424
0.24216, 0.00940
0.28858, 0.01936
0.31716, 0.02885
0.25465, 0.02842
0.30717, 0.03014
0.28501, 0.01848
0.24227, 0.03580
0.26649, 0.02091
0.26699, 0.01698
0.27017, 0.01876
0.26983, 0.01748
0.26279, 0.02178
0.27190, 0.02631
0.23650, 0.01062
0.24238, 0.01796
0.26054, 0.02125
0.27392, 0.01737
0.24976, 0.01015
0.25004, 0.00846
0.27518, 0.01764
0.25630, 0.02066
0.25674, 0.02645
0.25612, 0.01422
0.27612, 0.01805
0.24728, 0.01847
0.27333, 0.01393
0.27817, 0.03328
0.28323, 0.01289
0.27390, 0.01410
0.28004, 0.03025
0.29478, 0.02795
0.28027, 0.02505
0.26422, 0.01619
0.28942, 0.02879
0.27855, 0.00853
0.28773, 0.04015
0.25449, 0.02511
0.26201, 0.01537
0.28585, 0.01447
0.27460, 0.01809
0.26564, 0.02395
0.27015, 0.01280
0.26201, 0.01792
0.28888, 0.00898
0.29114, 0.02041
0.27048, 0.01508
0.24861, 0.01567
0.25453, 0.03755
0.25479, 0.02008
0.24704, 0.02617
0.26066, 0.00869
0.27025, 0.02058
0.30155, 0.02766
0.27874, 0.01115
0.26337, 0.01354
0.24754, 0.01459
0.24629, 0.00765
0.27534, 0.01508
0.24857, 0.02301
0.26438, 0.01889
0.28745, 0.03296
0.23452, 0.03796
0.26328, 0.01886
0.26389, 0.01393
0.24371, 0.01959
0.23532, 0.00707
0.26306, 0.02649
0.28318, 0.01307
0.25906, 0.00986
0.23072, 0.03406
0.27300, 0.01928
0.27079, 0.01722
0.27803, 0.03830
0.22679, 0.00952
0.27340, 0.01359
0.26847, 0.01033
0.25477, 0.01815
0.25889, 0.00826
0.25115, 0.01399
0.23985, 0.00941
0.29619, 0.02419
0.24299, 0.00889
0.24839, 0.02807
0.25049, 0.03396
0.27358, 0.01916
0.26325, 0.01690
0.26118, 0.02407
0.22667, 0.01484
0.24154, 0.00360
0.26839, 0.00779
0.25943, 0.02838
0.25498, 0.01666
0.26846, 0.03310
0.26626, 0.01936
0.29562, 0.03048
0.25279, 0.02351
0.28640, 0.03158
0.28718, 0.03001
0.27576, 0.02438
0.23671, 0.03346
0.26895, 0.01147
0.24264, 0.02376
0.24060, 0.03029
0.26114, 0.02596
0.24235, 0.01407
0.28952, 0.01659
0.28853, 0.02424
0.28719, 0.02038
0.26661, 0.02141
0.25668, 0.02172
0.27635, 0.04027
0.24223, 0.02741
0.27767, 0.03223
0.26684, 0.01970
0.26477, 0.01046
0.25100, 0.02230
0.27627, 0.03808
0.24995, 0.01352
0.28399, 0.01972
0.27317, 0.03554
0.25150, 0.02023
0.27879, 0.02002
0.26559, 0.01538
0.27203, 0.02846
0.28319, 0.01684
0.29102, 0.01483
0.25388, 0.01599
0.26021, 0.01040
0.25240, 0.00675
0.26009, 0.02232
0.27444, 0.02133
0.23443, 0.03365
0.30899, 0.01951
0.27163, 0.01795
0.30329, 0.02651
0.28380, 0.03004
0.24816, 0.01082
0.26384, 0.01433
0.24250, 0.01477
0.24719, 0.02768
0.24261, 0.01925
0.25614, 0.02572
0.25452, 0.02061
0.27469, 0.01841
0.24124, 0.02384
0.26937, 0.01001
0.28794, 0.01258
0.28457, 0.02297
0.27567, 0.03206
0.26686, 0.02369
0.23884, 0.00549
0.28145, 0.01802
0.26356, 0.03045
0.28892, 0.01499
0.27368, 0.02208
0.27669, 0.02074
0.27532, 0.01000
0.25469, 0.01070
0.28810, 0.02458
0.27990, 0.00917
0.28040, 0.01694
0.25662, 0.01831
0.28003, 0.01489
0.26943, 0.01330
0.24905, 0.01620
0.28094, 0.01039
0.25441, 0.01297
0.23942, 0.00893
0.27921, 0.02766
0.25155, 0.02782
0.23712, 0.00609
0.25827, 0.01912
0.32415, 0.03204
0.23459, 0.01966
0.27667, 0.02209
0.28455, 0.01993
0.26676, 0.00759
0.26543, 0.01490
0.26443, 0.01179
0.27481, 0.01355
0.27145, 0.01450
0.26626, 0.02429
0.25728, 0.01304
0.25064, 0.01679
0.27518, 0.04209
0.28021, 0.02801
0.27545, 0.03428
0.27499, 0.00909
0.27209, 0.01393
0.25478, 0.02057
0.25133, 0.01870
0.24408, 0.02633
0.23111, 0.00917
0.26981, 0.01389
0.26950, 0.02255
0.24799, 0.01593
0.25464, 0.01383
0.25055, 0.01244
0.26797, 0.01971
0.27674, 0.01848
0.27443, 0.01419
0.25445, 0.02751
0.26518, 0.01791
0.25778, 0.01660
0.27030, 0.01598
0.28157, 0.01329
0.25347, 0.03070
0.27597, 0.01801
0.26944, 0.01999
0.26057, 0.03092
0.26648, 0.01753
0.28693, 0.01347
0.27878, 0.01274
0.26522, 0.02170
0.29947, 0.02351
0.25206, 0.01124
0.28001, 0.01890
0.29335, 0.02211
0.25708, 0.02639
0.28427, 0.01580
0.26113, 0.02880
0.27037, 0.02652
0.26075, 0.02406
0.28403, 0.01556
0.24908, 0.03056
