2.3515, 2.4542
2.5490, 2.0929
2.2014, 2.7820
2.3393, 2.1727
2.4541, 2.6160
2.3864, 2.0689
2.2993, 2.5289
2.4138, 1.9215
2.5518, 2.4657
2.3586, 2.2065
2.2504, 2.6964
2.5141, 2.0905
2.1824, 2.2928
2.3890, 2.3277
2.4193, 2.2343
2.5110, 2.0298
2.3197, 2.3033
2.3791, 2.5195
2.3720, 2.4250
2.0358, 2.1939
2.2586, 1.9665
2.2421, 2.1480
2.4399, 2.0278
2.2195, 2.4959
2.4140, 2.3492
2.3325, 2.5721
2.5089, 2.0003
1.9887, 2.3041
2.3121, 2.3875
2.3557, 2.3793
2.4023, 2.5403
2.3445, 2.1681
2.4516, 2.1979
2.4415, 2.5719
2.4734, 2.4340
2.5214, 1.9244
2.5687, 2.1689
2.1466, 2.7363
2.5012, 2.6785
2.6785, 2.1094
2.2436, 2.2938
2.3844, 2.5821
2.1963, 2.2174
2.2613, 2.3557
2.3763, 2.1727
2.1609, 2.3276
2.0952, 2.7385
2.3555, 2.0437
2.5418, 2.6954
2.1981, 2.5361
2.3485, 2.7771
2.1551, 2.6428
2.0040, 2.8526
2.8003, 2.2625
2.4537, 2.4973
2.7757, 1.8701
2.6102, 2.0002
2.4333, 2.1080
2.5096, 2.1345
2.4487, 2.2700
2.5814, 2.1380
2.2418, 2.7811
2.1671, 2.5543
2.3056, 2.3791
2.4347, 2.1735
2.0589, 2.3260
2.2264, 2.7401
2.4331, 2.6734
2.2928, 2.1656
2.4155, 2.1517
2.5483, 2.1505
2.3428, 2.0713
2.4627, 2.1313
2.2807, 2.1902
2.3102, 1.7120
2.4105, 2.1561
2.4049, 2.8974
2.6240, 2.2853
2.3396, 2.5232
2.3408, 2.1721
2.3911, 2.6833
2.5761, 2.6837
2.2902, 2.5354
2.5841, 2.2733
2.4407, 2.4508
2.5080, 2.5673
2.2946, 2.4690
2.4041, 2.3616
2.4557, 2.2445
2.4910, 2.2593
2.3813, 2.2758
2.3568, 2.5229
2.7203, 2.1864
2.2047, 2.6927
2.0447, 2.6383
2.7483, 1.6917
2.4839, 2.1827
2.4036, 2.4579
2.4833, 2.1443
2.5412, 2.1888
2.5516, 2.2548
2.1636, 2.5219
2.6809, 2.6882
2.3806, 2.4688
2.7316, 1.9357
2.5885, 1.9697
2.5358, 2.5666
2.5905, 2.7217
2.3701, 2.0609
2.1556, 2.4885
2.4103, 2.3904
2.2824, 2.4135
2.5289, 2.0419
2.3103, 2.2456
2.2974, 2.4711
2.3576, 2.0840
2.3682, 2.3240
2.6134, 1.8118
2.1048, 2.6477
2.1748, 2.5759
2.2998, 2.1853
2.2046, 2.5483
2.3119, 2.8173
2.4312, 2.0745
2.3726, 2.2310
2.7547, 2.3354
2.2251, 2.1655
2.3889, 2.7449
2.2163, 2.3939
2.1447, 2.5451
2.2460, 2.3275
2.1807, 1.9727
2.3035, 2.6692
2.7425, 2.4708
2.6173, 2.1455
2.3531, 2.2649
2.5745, 2.5849
2.1297, 2.4369
2.2222, 2.3080
2.3166, 2.0780
2.5899, 1.9885
2.4841, 2.1834
2.3746, 2.4602
2.7043, 2.2739
2.4902, 2.4946
2.6263, 2.2984
2.6204, 2.5590
2.2461, 2.6297
2.4470, 2.8456
2.5443, 2.4173
2.2941, 2.7739
2.4832, 2.5900
2.3188, 2.1872
2.1688, 2.7269
2.5408, 2.4225
2.2131, 2.6334
2.2333, 2.4693
2.1966, 2.6851
2.7460, 2.0258
2.3565, 2.6991
2.3748, 2.4266
2.2470, 2.4269
2.8341, 1.9858
2.1329, 2.4581
2.3730, 2.4836
2.2706, 2.3695
2.6046, 2.5772
2.3352, 2.5749
2.3802, 2.2697
2.6396, 2.4106
2.1830, 2.4043
2.1048, 2.4027
2.4407, 2.1353
2.2902, 2.3127
2.2159, 2.4181
2.5024, 1.9545
2.3499, 2.2363
2.6318, 2.8409
2.1526, 2.5786
2.2392, 2.8136
2.4381, 2.2607
2.2126, 2.5875
2.1367, 2.4039
2.5640, 2.3598
2.2074, 2.2255
2.4732, 2.0072
2.2932, 2.2172
2.4216, 1.9726
2.4436, 2.4553
2.7339, 2.0314
2.4245, 2.3132
2.5654, 1.9702
2.6171, 2.0674
2.3766, 2.4685
2.4476, 2.0185
2.0865, 2.4044
2.6557, 1.8079
2.1043, 2.3556
2.2997, 2.2771
2.6013, 2.0930
2.4601, 2.1866
2.9796, 2.1997
2.3077, 2.4481
2.3855, 2.0852
2.6421, 2.3151
2.0347, 2.5762
2.1762, 2.7919
2.4196, 2.6538
2.4824, 2.2337
2.0148, 2.5210
2.5829, 2.0712
2.4803, 2.2277
2.2918, 2.4006
2.1896, 2.3487
2.2490, 2.4771
2.3119, 2.0911
2.2429, 2.1408
2.4858, 2.7168
2.2846, 2.5868
2.3884, 2.3497
2.3709, 1.8648
2.3978, 2.3122
2.3544, 2.6491
2.5300, 1.9164
2.2694, 2.1234
2.4550, 2.3159
2.1514, 2.7386
2.4855, 2.8251
2.5976, 1.8093
2.2627, 2.6503
2.4432, 2.3140
2.4114, 2.4169
2.2326, 2.2284
2.4625, 2.6448
2.2390, 2.7251
2.3878, 2.5081
2.4178, 2.0194
2.3207, 2.1375
2.3915, 2.6418
2.2068, 2.7812
2.6147, 2.7730
2.0910, 2.1741
1.9879, 2.4144
2.1536, 2.4126
2.4880, 2.4075
2.2195, 2.6126
2.5065, 2.1402
2.5075, 2.0309
2.3300, 2.3901
2.5886, 2.4914
2.6252, 2.0768
2.4999, 2.2060
2.6086, 2.1634
2.1968, 2.1211
2.3086, 2.3585
2.6119, 2.0840
2.5715, 2.9164
2.6638, 1.9855
2.3828, 2.0986
2.4612, 2.2729
2.4890, 2.8051
2.5485, 2.0050
2.4432, 2.5235
2.3079, 2.2166
2.5114, 2.3057
2.2534, 2.4865
2.1334, 2.5969
2.2907, 2.4786
2.3632, 2.7559
2.6269, 2.6662
2.6474, 2.2057
2.0803, 2.6933
2.4001, 2.1209
2.5483, 2.6303
2.4510, 2.7817
2.2575, 2.3255
2.3174, 2.5271
2.3245, 2.6027
2.5510, 2.2733
2.5902, 2.0811
2.5618, 2.3838
2.4132, 1.9596
2.3501, 2.3041
1.8943, 2.7440
2.2918, 2.1704
2.5123, 2.3987
2.4222, 1.9386
2.1969, 2.2334
2.6432, 2.0738
2.2632, 2.6441
2.6386, 2.3378
2.4559, 2.6480
2.4103, 2.4903
1.9836, 2.4977
2.6215, 2.0209
2.4292, 2.1426
1.7938, 2.5149
2.1759, 2.6727
2.3918, 2.4211
2.2860, 2.3164
2.5129, 1.6942
2.4893, 2.5885
2.4640, 2.5249
2.1337, 2.0687
2.4893, 1.9677
2.3776, 2.4590
1.8613, 2.8509
2.7628, 2.2257
2.3347, 2.3584
2.4186, 2.1534
2.5178, 2.2906
1.9786, 2.4997
2.2802, 2.0208
2.2235, 2.5496
2.4759, 2.2057
2.0151, 2.5847
2.3522, 2.5614
2.3313, 2.7269
2.5794, 1.9167
2.1793, 2.4652
2.3995, 2.6019
1.9863, 2.7655
2.7077, 2.0616
2.5941, 2.1863
2.4137, 2.5386
2.5464, 2.1932
2.1113, 2.6750
2.2927, 2.1341
2.2143, 2.4943
2.3058, 2.1275
2.4219, 2.6108
2.0261, 2.4787
2.3539, 2.2097
2.0813, 2.6580
2.5006, 2.0852
2.2277, 2.6867
2.5110, 2.0351
1.8345, 2.7603
2.1941, 2.6697
2.3111, 2.6280
2.5768, 2.6292
2.2566, 2.6401
2.2568, 2.1161
2.5189, 2.2082
2.0604, 2.6287
2.8759, 2.2365
2.2662, 2.0426
2.6167, 2.0385
2.6103, 2.1637
2.2952, 2.3685
2.5301, 2.3315
2.4629, 2.3002
2.5523, 2.0937
2.3882, 2.1760
2.1503, 2.5609
2.3737, 2.3079
2.2030, 2.8222
2.1750, 2.8300
2.3858, 2.4430
2.2401, 2.4957
2.4000, 2.1897
2.4462, 2.2569
2.6775, 1.8388
2.4872, 2.4323
2.4715, 2.5685
2.3032, 2.4800
2.5307, 2.4107
2.3265, 2.5207
2.1142, 2.5827
2.5798, 2.2061
2.1959, 2.1484
2.0396, 2.7429
2.5401, 2.2642
2.4350, 1.8187
2.1804, 2.5135
2.6832, 2.6008
2.3281, 2.3388
2.4973, 2.0058
2.4511, 2.1257
2.4569, 2.3462
2.5491, 2.2054
2.6429, 1.3328
2.5422, 2.7667
2.4551, 2.3517
2.4405, 2.0880
2.4983, 2.3983
2.0281, 2.6899
2.4158, 2.5250
2.6090, 2.0633
2.3620, 2.2076
2.5528, 2.0354
2.0323, 2.4271
2.4993, 2.3143
2.3558, 2.4123
2.4269, 1.8151
2.7073, 2.0740
2.4279, 2.3296
2.1649, 2.4099
2.5254, 2.0908
2.3092, 1.8316
2.2832, 2.4863
2.0987, 2.3545
2.4325, 2.3107
2.4375, 2.5493
2.0742, 2.4709
2.1546, 2.6516
2.4502, 2.0165
2.6666, 2.2807
2.5266, 2.3595
2.3455, 2.6393
2.4106, 2.0348
2.3083, 2.5227
2.2440, 2.6230
2.3933, 2.1989
1.6554, 2.9085
2.6971, 2.1367
2.5826, 2.8409
2.3180, 2.2398
2.7017, 2.3303
2.4772, 2.6760
2.4087, 2.3257
2.3675, 2.2362
2.6599, 2.3691
2.1213, 2.5349
2.6651, 2.0209
2.6268, 2.2800
2.2064, 2.5852
2.1815, 2.6620
1.8895, 2.5436
2.5400, 2.8070
2.1271, 2.7222
2.1066, 2.6016
2.4654, 2.2540
2.2584, 2.5418
2.4022, 2.1022
2.5448, 2.7971
1.9923, 2.2809
2.5423, 2.5309
2.3338, 2.1754
2.3862, 2.2167
2.4518, 2.5525
2.3987, 2.2579
2.1444, 2.0636
2.3480, 2.7510
2.6406, 2.3481
2.0695, 2.7828
2.7046, 2.0847
2.5525, 1.8263
2.2925, 2.2257
2.2984, 2.2558
2.4563, 2.1103
2.3494, 2.3056
2.4920, 2.6940
2.5121, 2.3414
2.5097, 2.7548
2.3459, 2.2377
2.1292, 2.2823
2.4418, 2.6878
2.6910, 2.0029
2.4617, 1.9940
2.7177, 2.2281
2.1160, 2.7113
2.3505, 2.1508
2.5383, 2.2695
2.5696, 2.4395
2.4505, 2.5998
2.4575, 2.1735
2.3532, 2.8469
2.7858, 2.1477
2.4459, 2.1573
2.4163, 2.3239
2.3718, 2.0599
2.3269, 2.3699
2.4271, 2.1863
2.1363, 2.8467
2.4201, 2.1494
2.2665, 2.4537
2.1964, 2.4183
2.1660, 2.3967
2.1691, 2.8783
2.4585, 2.4980
2.4354, 2.7197
2.3712, 2.5061
2.4151, 2.3272
2.4374, 2.2253
2.4442, 2.3275
2.2562, 2.3053
1.9499, 2.6463
2.4424, 2.5669
2.4701, 2.6805
2.2508, 2.6164
2.3616, 2.4115
2.0587, 2.6453
2.4274, 1.8410
2.3474, 2.0728
2.0114, 2.7086
2.4584, 2.4463
2.0172, 2.8022
2.6437, 2.4699
2.2513, 2.7436
2.0025, 2.5744
2.2297, 2.8941
2.4204, 2.4480
2.4326, 2.2589
2.3429, 2.0154
2.2776, 2.3084
2.2268, 2.4816
2.3889, 2.3740
2.6531, 1.9733
1.9896, 2.3417
2.6735, 2.7029
2.3912, 2.4112
2.4511, 2.3011
2.0069, 2.4842
2.6423, 2.1750
2.4036, 2.3295
2.5861, 2.2376
2.2191, 2.1756
2.5912, 2.3568
2.4563, 2.0968
2.2256, 2.2381
2.2058, 2.1188
2.6736, 2.1687
2.1071, 2.6636
2.3686, 2.2147
2.6034, 2.6141
1.9262, 2.8109
2.2878, 2.4012
1.8357, 2.6992
2.4259, 2.4379
2.6483, 2.3075
2.3945, 2.3913
2.4787, 2.5963
2.2017, 1.9858
2.6282, 2.0453
2.6054, 2.3237
2.2216, 2.9516
2.2725, 2.5709
2.5537, 2.5774
2.4292, 2.4948
2.2577, 2.6662
2.4989, 1.9409
2.2244, 2.6221
2.7348, 1.9887
2.4806, 1.9834
2.3569, 2.7472
2.2900, 2.3632
2.5633, 2.1502
2.5138, 2.3138
2.3627, 2.5390
2.5198, 2.6380
2.1303, 2.3499
2.2363, 2.3537
2.5636, 2.1061
2.4253, 1.9855
2.4212, 2.2623
2.2237, 2.6687
2.5722, 2.4190
2.5583, 2.6883
2.1927, 2.6340
2.4358, 2.0352
2.3851, 2.2334
2.5248, 2.3432
2.1718, 2.4631
2.6716, 2.2706
2.5286, 1.7924
2.5955, 2.2489
2.2537, 2.6498
2.2827, 2.1577
2.3927, 2.3879
2.0806, 2.7538
2.4787, 2.0302
2.2400, 2.3599
3.0981, 2.1238
2.5687, 2.4746
2.1479, 2.6228
2.3029, 2.4594
2.5424, 2.3552
2.5083, 2.1669
2.3466, 2.2424
2.4937, 2.1807
2.3606, 2.6956
2.4019, 2.0420
2.3667, 2.0625
2.3131, 2.4318
2.1454, 2.4442
2.2848, 2.4742
2.4427, 2.2301
2.5020, 1.8960
2.3003, 2.6812
2.3351, 2.4741
2.5469, 2.3964
2.4522, 2.4264
1.9996, 2.7252
2.6818, 1.9725
2.5715, 2.4024
2.3521, 2.3460
2.4065, 2.4969
1.7942, 2.5925
2.6673, 1.9908
2.3443, 2.0737
2.6084, 1.7366
2.2062, 2.4763
2.4112, 2.3447
2.3885, 2.0237
2.5947, 2.5021
2.3977, 2.0509
2.3525, 2.5145
2.3969, 2.0403
2.3226, 2.0340
2.1140, 2.7793
2.5082, 2.3916
2.2462, 2.5829
2.3621, 2.2829
2.6412, 2.0334
2.4508, 2.5987
2.3546, 2.5778
2.3794, 1.8630
2.3064, 1.9408
2.5320, 2.3843
2.4344, 2.6306
2.2310, 2.2007
2.1808, 2.4718
2.1350, 2.3080
2.4155, 2.1051
2.3334, 2.6201
2.2351, 2.2192
2.5993, 2.7981
2.2372, 2.6024
2.0638, 2.3574
2.3825, 2.1460
2.3085, 2.2846
2.4550, 2.2945
2.6307, 2.3037
2.7040, 2.4400
2.0383, 2.2525
2.1212, 2.6272
2.1873, 2.5662
2.3405, 2.5570
2.0310, 2.7223
2.9275, 2.1610
2.4845, 2.4757
2.6401, 2.1186
2.7819, 2.5254
2.5487, 2.2010
2.1474, 2.6415
2.6943, 2.5189
2.5305, 2.2085
2.3452, 2.3113
2.2513, 2.6954
2.4799, 2.3249
2.4462, 2.2147
2.1877, 2.8345
2.4015, 2.2269
2.2327, 2.2651
2.5184, 2.2240
2.6812, 2.6604
2.1337, 2.9006
2.4746, 2.2846
2.3405, 2.4616
2.2678, 2.4772
2.0153, 2.6378
2.4853, 2.6025
1.8301, 2.6365
2.4219, 2.3714
2.6225, 2.0329
2.5186, 2.3254
2.1664, 2.6275
2.6715, 2.2017
2.0994, 2.2766
2.3184, 2.6614
2.4655, 2.0002
2.3695, 2.7283
2.1926, 2.5232
2.5060, 2.2804
2.6670, 2.4531
2.1675, 2.7112
2.6985, 2.0063
2.4694, 2.1472
2.3313, 2.2678
2.0783, 2.6738
2.3005, 2.4833
1.8232, 2.6903
2.1609, 2.5717
2.1125, 2.8145
2.6245, 2.1827
2.3801, 2.6472
2.4831, 2.2374
2.3885, 2.4181
2.5214, 2.5781
2.3663, 2.3282
2.2672, 2.6645
2.2682, 2.1847
2.3964, 2.2788
2.3883, 2.4570
2.4418, 2.7900
2.4811, 2.3433
2.5867, 2.6813
2.2521, 2.6258
2.6590, 2.0760
2.5887, 2.1937
2.3805, 2.3517
2.4494, 2.4620
2.7030, 2.3040
2.6300, 2.1813
2.3576, 2.1851
2.4311, 2.4982
2.3798, 2.1357
1.8959, 2.6175
2.2360, 2.7427
2.6763, 2.1339
2.2596, 2.9077
2.0542, 2.6512
2.4558, 2.4072
2.6388, 2.3259
2.0621, 2.6672
2.3625, 2.1701
2.5766, 1.9137
2.3682, 2.4609
2.5132, 2.7645
2.7279, 2.2453
2.1883, 2.4613
2.2302, 2.7202
2.4313, 1.9452
2.4662, 2.2244
2.3583, 2.2816
2.3592, 2.4000
2.5998, 2.1119
2.4240, 2.3492
2.4383, 1.9641
2.5726, 2.0603
2.4560, 1.8482
2.2157, 2.4139
2.4797, 2.4165
2.7697, 2.1405
2.4391, 2.1834
1.9722, 2.6719
2.3496, 2.0986
2.6869, 2.4251
2.4730, 2.0055
2.4581, 1.8252
2.8001, 2.0816
2.4358, 2.4321
2.4867, 2.3405
2.4440, 1.7959
2.5591, 2.3329
2.5691, 2.5766
2.2120, 2.4956
2.5677, 2.5632
2.5733, 2.4314
2.4466, 1.9386
2.1787, 2.1247
2.2309, 2.7594
2.2959, 2.8283
2.4997, 2.6965
2.6543, 1.9645
2.5584, 2.1854
2.4420, 2.5077
2.4934, 2.6418
2.1986, 2.1721
2.5616, 2.2779
2.6549, 2.4469
2.3705, 2.5855
2.0647, 2.6587
2.2005, 2.3775
2.2815, 2.8336
2.4427, 2.1621
2.4862, 2.2687
2.5755, 2.3997
2.4269, 1.9752
2.2604, 2.8490
2.1901, 2.5900
2.1746, 2.3733
1.9113, 2.7336
2.4403, 1.8570
2.3073, 2.5086
2.2418, 2.5316
2.3647, 2.2257
2.4170, 2.2651
2.4332, 2.4726
2.6917, 2.2782
2.3537, 2.6560
2.5434, 2.6198
2.5659, 2.2160
2.6475, 2.0031
2.6160, 1.9647
2.4088, 2.2140
2.3033, 2.5636
2.4519, 2.6878
2.3330, 2.0455
2.4264, 2.2239
2.2636, 2.5526
2.3543, 2.5055
2.5182, 2.3563
2.4812, 2.3568
2.4884, 2.1513
2.4131, 2.4191
2.0415, 2.9203
2.1415, 2.5874
2.2571, 2.5046
2.1171, 2.6155
2.3273, 2.3377
2.2418, 2.4414
2.2289, 2.4204
2.4127, 2.5226
2.2235, 2.2669
2.1520, 2.4612
2.3328, 2.3465
2.5755, 2.8051
2.6832, 2.0553
2.0780, 2.7451
2.2700, 2.5280
2.4615, 2.1187
2.6102, 2.2277
2.4826, 2.2099
2.4490, 2.1021
2.7043, 2.5583
2.4275, 2.0091
2.3578, 2.4159
2.5275, 2.1121
2.3746, 2.2251
2.0809, 2.3117
2.5190, 2.1052
2.2259, 2.0954
2.6698, 2.2177
2.5610, 2.5798
2.3598, 2.1140
2.3528, 2.5419
2.4439, 2.1126
2.3621, 2.5533
2.2128, 2.7481
2.4120, 2.2200
2.3200, 2.4729
2.5390, 2.3204
2.5307, 2.1574
2.4629, 2.0543
2.5602, 2.7305
2.3750, 2.1917
2.5970, 2.5423
2.2374, 2.3695
2.3531, 2.6356
2.9351, 2.2737
2.6058, 2.5354
2.2187, 2.4488
2.6282, 2.2011
2.5062, 2.0518
2.7175, 2.0765
2.3065, 2.3073
2.5798, 2.5048
2.2239, 2.0880
2.3540, 2.2252
2.3842, 2.0718
2.0187, 2.8439
2.0685, 2.7497
2.4854, 2.5838
2.6320, 2.1765
2.4297, 2.2748
2.4286, 2.5533
2.2451, 2.4001
2.6071, 1.9606
2.6862, 1.9446
2.6592, 2.7223
2.7459, 2.2974
2.3940, 2.3320
1.9974, 2.3860
2.7783, 1.9474
2.2642, 2.7191
2.3064, 2.1316
2.4189, 2.2091
2.5899, 2.7140
2.5890, 2.6103
2.2841, 2.6583
2.4507, 2.1216
2.3248, 2.7406
2.1837, 2.2840
2.2453, 2.5525
2.1151, 2.6146
2.6535, 1.9368
2.5410, 2.6591
2.5295, 2.2375
2.3679, 2.5931
2.3362, 2.1729
2.6423, 2.2702
2.1708, 2.2656
1.9990, 2.5905
2.3199, 2.2901
2.4380, 2.3730
2.3510, 2.0920
2.5450, 2.5829
2.6215, 2.3154
2.4531, 2.1650
2.1266, 2.3381
2.4893, 1.9575
2.2652, 2.3131
2.4215, 2.6203
2.2857, 2.5485
2.7714, 2.0938
2.4390, 2.1651
2.3649, 2.4985
2.4460, 2.5691
1.8690, 2.7067
2.0029, 2.4667
2.3210, 1.9274
2.5163, 2.8339
2.7550, 2.3781
2.6451, 2.4208
2.3511, 2.2226
2.3787, 2.5072
2.5558, 2.1606
2.5055, 2.7979
2.3389, 2.4479
2.3427, 2.0643
2.1181, 2.1948
2.1800, 2.3877
2.6413, 2.1566
2.5141, 2.6768
2.4973, 2.5441
2.4986, 2.6942
2.1145, 2.6514
2.2000, 2.7392
2.4009, 2.2981
2.4660, 2.5444
2.3870, 2.1213
2.5326, 1.9490
2.3076, 2.2788
2.3739, 2.4537
2.2253, 2.8840
2.3276, 2.3815
1.8796, 2.4657
2.7256, 2.1589
2.4688, 2.1049
2.5439, 2.0279
2.4662, 2.4175
2.4851, 2.1360
2.1120, 2.2584
2.4551, 2.2074
2.4015, 2.4751
2.5967, 1.9340
2.2909, 2.3136
2.4577, 1.9885
2.8279, 1.8832
2.5277, 2.3897
2.1943, 2.5060
2.5154, 2.2597
1.9720, 2.5958
2.2718, 2.7879
2.5650, 2.2796
2.5346, 2.0284
2.6730, 2.1096
2.4358, 2.6105
2.0867, 2.8191
2.2835, 2.1627
2.7400, 1.9709
2.5046, 2.3560
2.4843, 2.1886
2.3863, 2.5089
2.7332, 1.7831
2.4592, 2.6775
1.9602, 2.6359
2.4387, 1.9953
1.9895, 2.7298
2.1972, 2.6643
2.1715, 2.3837
2.6404, 1.7605
2.3834, 2.3848
2.2177, 2.4219
2.2660, 2.2379
2.6670, 2.3689
1.9945, 2.6716
2.4796, 1.9926
1.9382, 2.8169
2.6224, 2.5021
2.0138, 2.4881
2.1027, 2.5553
2.1639, 2.3106
2.1066, 2.4176
2.5147, 2.7493
1.9928, 2.4573
2.3329, 2.7213
2.0695, 2.6822
2.4628, 2.0513
2.3816, 2.0762
2.3229, 2.7113
1.9100, 2.6954
2.3958, 1.8557
2.2261, 2.4972
2.5842, 2.0626
1.9921, 2.7846
2.1025, 2.4576
2.3416, 2.2807
2.1663, 2.7165
2.2745, 2.1961
2.3772, 2.2411
2.4133, 2.0843
2.3206, 2.2962
2.1512, 2.5896
2.3761, 2.1886
2.4864, 2.2670
2.1128, 2.7005
2.3772, 2.2839
2.2462, 2.3130
2.1323, 2.8145
2.3318, 2.2292
2.2563, 2.5872
2.3812, 2.3063
2.3708, 2.1955
2.4134, 2.2999
2.5168, 2.2927
2.3930, 2.2857
2.6016, 2.3115
2.4795, 2.3241
2.2839, 2.4970
2.4095, 2.6529
2.2090, 2.8614
2.0746, 2.2625
2.3641, 2.2074
2.1611, 2.3777
2.0614, 2.7878
2.4805, 2.4905
2.0232, 2.6390
2.4456, 2.0347
2.5176, 2.8660
2.2402, 2.4492
2.6011, 2.2393
2.0035, 2.8593
2.4378, 2.0192
2.0857, 2.5259
2.0711, 2.6022
2.4093, 2.4885
2.7125, 2.0562
2.3340, 1.9814
2.6990, 2.0836
2.6534, 2.2929
2.3283, 1.9586
2.1938, 2.6447
2.3575, 2.0941
2.2594, 2.1938
2.3569, 2.2057
2.1676, 2.7318
2.4845, 2.5316
2.5312, 2.2768
2.4347, 2.4387
2.3386, 2.2302
2.3417, 2.5092
2.7760, 2.1260
2.4414, 2.0482
2.2526, 2.6292
2.3773, 2.3405
2.1028, 2.5748
2.7348, 2.1333
2.2769, 2.5741
2.5126, 1.8606
2.5338, 2.6280
2.6586, 2.0202
2.4831, 2.3821
2.3901, 1.9833
2.3654, 1.9550
2.4624, 2.6446
2.3350, 2.2996
2.3256, 2.4536
2.3280, 2.3819
2.4215, 2.3284
2.3978, 2.0609
2.7444, 2.2493
2.2854, 2.2188
2.3025, 2.1607
2.6716, 1.9858
2.4366, 2.2014
2.3217, 2.4299
2.3691, 2.2615
2.3071, 1.9111
2.1684, 2.6705
2.4296, 2.2828
2.7060, 1.9772
2.2759, 2.7494
2.5628, 2.6023
2.2540, 2.4415
2.8363, 2.3137
2.3580, 2.5504
2.0590, 2.3050
1.8621, 2.6881
2.4601, 2.1816
2.2834, 2.5540
2.3224, 2.7744
2.1242, 2.6932
2.2009, 2.2022
2.2266, 1.8641
2.4469, 2.4856
2.1173, 2.6445
2.5002, 1.9475
2.3857, 2.1515
2.5775, 2.1517
2.7390, 2.2140
2.5599, 2.3184
2.2681, 2.8543
2.5153, 2.5202
2.4029, 2.7723
1.9940, 2.6853
2.4182, 2.0062
2.6318, 2.2810
2.3338, 1.8725
2.2730, 2.3199
2.5656, 2.1323
2.6697, 2.3702
2.6544, 2.3488
2.3052, 2.6175
2.2980, 2.6364
2.2355, 2.8473
2.3926, 2.1238
2.9186, 2.0383
2.1595, 2.7622
2.5788, 2.8442
2.5480, 2.7427
2.1910, 2.6718
1.9831, 2.7032
2.3791, 1.8016
2.2824, 2.4085
2.3432, 2.1136
2.5338, 2.2666
2.2898, 2.6070
1.9746, 2.5950
2.3790, 2.0387
2.4809, 2.3749
2.3499, 2.2514
2.3087, 2.4273
2.4639, 2.0552
2.1564, 2.4815
2.4673, 2.1403
2.2420, 2.4625
2.2193, 2.5470
2.6660, 2.2711
2.5232, 2.3612
2.2627, 2.5091
2.7346, 2.0577
2.2552, 2.8443
2.3347, 2.7026
2.5139, 2.6046
2.4292, 2.2341
2.4156, 2.3038
2.1363, 2.7330
2.3259, 2.6513
2.7107, 2.3597
2.0473, 2.6749
2.2315, 2.5377
2.6922, 2.2519
2.6373, 2.5470
2.0177, 2.6970
2.2379, 2.8678
2.5305, 1.9059
2.1264, 2.2762
2.3859, 2.4979
2.0890, 2.7504
2.3793, 2.6861
2.4729, 2.6049
2.3615, 2.1092
2.4689, 2.3643
2.1563, 2.5313
2.6327, 2.0212
2.2436, 2.2000
2.3815, 2.3267
2.4799, 1.8676
2.5188, 2.2410
2.4139, 2.2820
2.2727, 2.2786
2.6541, 2.8537
2.3971, 2.0710
2.5137, 2.2696
2.1348, 2.4676
2.3393, 2.2258
2.2920, 2.4157
2.2472, 2.4518
2.3715, 2.1996
2.5150, 2.7096
2.3847, 2.2416
2.3992, 1.9636
2.3783, 2.5975
2.3474, 2.1954
2.4366, 2.5544
2.3809, 2.5158
2.2261, 2.3824
2.2793, 2.5772
2.5158, 2.2759
2.0231, 2.6791
2.5853, 1.9284
2.1509, 2.3670
2.5611, 2.7757
2.0782, 2.6658
2.4565, 2.0741
2.6246, 2.4331
2.2513, 2.8177
2.2564, 2.1552
2.5825, 2.3145
2.2458, 2.3865
2.4896, 2.2072
2.6682, 2.0998
2.1215, 2.4823
2.6649, 1.8379
2.3188, 2.1672
2.6286, 1.9568
2.3152, 2.1713
2.5586, 2.0609
2.5499, 1.8097
2.3563, 2.5100
2.5052, 2.0485
2.4517, 2.2895
2.3945, 2.6845
2.5940, 1.8852
1.9623, 2.4798
2.0750, 2.4628
2.3441, 2.1392
2.5178, 2.3429
2.6145, 2.3994
2.4352, 2.1559
1.9996, 2.9001
2.5441, 2.5738
2.7110, 2.2630
2.1350, 2.8313
2.3866, 2.4243
2.1291, 2.5480
2.4308, 1.9008
2.2788, 2.6764
2.3478, 2.1602
2.4433, 2.3294
2.3309, 2.3014
2.2247, 2.5312
2.5024, 2.1242
2.5386, 2.2627
2.4026, 2.2134
2.2618, 2.4532
2.5565, 2.7141
1.7988, 2.5572
2.4332, 2.0633
2.4383, 2.2264
2.4021, 2.0758
2.2483, 2.7556
2.5975, 2.3307
2.2671, 2.3043
2.0741, 2.4244
2.3659, 2.7178
2.6102, 2.1403
2.4808, 2.7172
2.5187, 2.5820
2.5039, 2.3824
2.4963, 2.1812
2.3272, 2.4384
2.4765, 2.1677
2.4564, 2.2615
2.8054, 2.2838
2.3820, 2.2533
2.4806, 2.3836
2.2281, 2.4066
2.2452, 2.5097
2.6539, 2.4279
2.4346, 2.2232
2.0669, 2.7272
2.5372, 1.7668
2.6319, 2.1031
2.4517, 2.6262
2.5234, 2.7210
2.4836, 2.4937
2.7617, 2.2297
2.3796, 2.5350
2.1763, 2.5599
2.1779, 2.1081
2.3904, 2.3133
2.4794, 2.5193
2.5282, 2.1181
2.6397, 2.4715
2.2067, 2.2695
2.3610, 2.2726
2.3413, 2.2192
2.3184, 2.6369
2.2706, 2.0659
2.2764, 2.1196
2.6071, 2.2395
2.1704, 2.1184
2.1573, 2.6909
2.3956, 2.4548
2.6477, 2.3084
2.2435, 2.8836
2.4155, 2.4020
2.1384, 2.7418
2.2935, 2.0316
2.2343, 2.6484
2.0782, 2.8545
2.6390, 2.2393
2.1367, 2.6372
2.0817, 2.5585
2.2416, 2.1596
2.2298, 2.4970
2.4759, 2.1164
2.2680, 2.0966
2.3466, 2.2473
2.7889, 2.1158
2.3057, 2.3274
2.1193, 2.4781
2.6737, 2.0583
2.2559, 2.4603
2.6267, 2.2450
2.7050, 2.3251
2.7048, 1.7955
2.2084, 2.7536
2.5594, 2.4320
2.3314, 2.5779
2.3212, 2.2375
2.3763, 2.4868
2.5563, 2.0237
2.1082, 2.7465
2.2539, 2.7671
2.4353, 2.1044
2.3281, 2.2359
2.5714, 2.2795
2.5572, 2.3161
2.3457, 2.1294
2.5760, 2.2188
2.1863, 2.6441
2.0417, 2.4002
2.4574, 2.3436
2.5603, 2.1475
2.3296, 2.2183
2.3843, 2.3678
2.3673, 2.3979
2.4708, 2.3042
2.2480, 2.3223
2.4458, 2.7144
2.7767, 2.3436
2.6390, 1.9554
2.7096, 2.1788
2.9122, 2.2314
2.5080, 2.5762
2.4094, 2.1659
1.9461, 2.5739
2.4074, 2.0686
2.6172, 2.6528
2.3239, 2.6513
2.4800, 2.3991
2.2264, 2.4517
1.8252, 2.5495
2.4895, 2.2874
2.5390, 2.8280
2.1714, 2.4640
2.1370, 2.3939
2.2538, 2.2836
2.1685, 2.6599
2.4544, 2.1938
2.4826, 1.3911
2.5296, 2.4132
2.4115, 2.1026
2.4285, 2.2256
2.5121, 2.2550
2.4380, 2.1963
2.6013, 2.4032
2.2257, 2.3892
2.8007, 2.3047
2.5820, 2.7428
2.4112, 2.4183
2.3762, 2.7279
2.1605, 2.4666
2.4974, 2.6431
2.4860, 2.1708
2.1104, 2.8006
2.6276, 2.2432
2.0935, 2.7109
2.0768, 2.5567
2.1957, 2.3410
2.2026, 2.2260
2.4568, 1.9205
2.2821, 2.4952
2.6099, 2.3695
2.3208, 2.6834
2.3488, 2.3426
2.3253, 2.3109
2.3119, 2.7919
2.2984, 2.3747
2.3653, 2.3232
2.4891, 2.3724
2.3228, 2.6001
2.2215, 2.3096
2.4428, 2.1038
2.1407, 2.8767
2.0381, 2.6859
2.5671, 2.2783
2.4309, 2.3109
2.1963, 2.2599
2.4260, 2.3598
2.2538, 2.7758
2.4056, 1.9186
2.5440, 2.3187
2.3316, 2.7673
2.4390, 2.2022
2.2940, 2.6417
2.2124, 2.5575
2.6001, 2.2812
2.4460, 2.4555
2.4572, 2.4811
2.2993, 2.0687
2.4717, 2.1700
2.7044, 2.3350
2.2560, 2.5464
2.2674, 2.7645
2.3538, 2.6274
2.5082, 2.5324
2.4936, 2.2472
1.9472, 2.5936
2.0026, 2.5296
2.4307, 2.3881
2.3003, 2.3920
2.1531, 2.7744
1.8656, 2.5349
2.2876, 2.5037
2.4331, 1.9668
2.6261, 2.2798
2.1575, 2.7685
2.1442, 2.4990
2.4236, 2.4065
2.1995, 1.7816
2.7750, 2.4025
2.7039, 2.3060
1.8447, 2.8096
2.3358, 2.2744
2.6488, 2.2335
2.4137, 2.4606
2.3018, 2.1439
2.4043, 2.3152
2.6987, 2.0849
2.5098, 2.3351
2.5711, 2.0790
2.6115, 2.2128
2.4841, 2.5160
2.4803, 2.6703
2.6057, 1.9617
2.4733, 2.0931
2.0775, 2.4643
2.3237, 2.5297
2.2625, 2.8011
2.5500, 2.3568
2.4543, 2.4269
2.4302, 2.3061
2.2075, 2.1964
2.2945, 2.6381
2.4373, 2.0181
2.3084, 2.0219
2.2952, 2.8103
2.2702, 2.5561
2.5873, 2.6307
2.2193, 2.1416
2.5040, 2.5905
2.1021, 2.7969
2.6170, 1.9258
2.5443, 2.6423
2.3528, 2.3315
2.3355, 2.4555
2.2770, 2.4478
2.4456, 2.3580
2.2713, 2.4305
2.6227, 2.1744
2.1092, 2.7096
2.5010, 1.9541
2.3949, 2.6718
2.3339, 2.3517
2.4011, 2.0989
2.5444, 2.6643
2.1648, 2.7803
2.2927, 2.0690
2.3261, 2.7013
2.6027, 2.2723
2.4118, 2.6847
2.0523, 2.5449
2.3214, 2.4606
2.3219, 2.1482
2.1993, 2.3119
2.3474, 2.1844
2.4610, 2.4682
2.1410, 2.6705
2.1560, 2.6728
2.1791, 2.4755
2.3103, 1.8448
2.3997, 2.0702
2.3218, 2.6047
2.5658, 2.1523
2.3149, 2.6400
2.6584, 1.8504
2.6013, 2.4026
2.3938, 2.6300
2.5795, 2.1951
2.6186, 2.7656
2.6852, 1.9523
2.4900, 2.5329
2.2556, 2.9854
2.6343, 2.6418
2.5802, 2.6324
2.4484, 2.1353
2.3401, 2.4080
2.8269, 1.9111
2.6411, 2.1324
2.2830, 2.6926
2.5216, 2.7208
2.2873, 2.6862
2.4410, 2.3406
2.4610, 2.3946
2.6560, 2.2140
2.5904, 2.2550
2.3968, 2.4185
2.4451, 2.6610
2.1153, 2.7874
2.4303, 2.4559
2.4649, 2.1133
2.3438, 2.4721
2.3862, 2.2320
2.1711, 2.6519
2.3375, 2.7108
2.1944, 2.3461
2.3285, 2.2351
2.1026, 2.5428
2.3305, 2.3325
2.2754, 2.7690
2.4413, 2.1928
2.4517, 1.9873
2.3734, 2.4389
2.3206, 1.9773
2.0823, 2.5991
2.0782, 2.7356
2.2262, 2.2530
2.1480, 2.1100
2.3072, 1.9155
2.5377, 2.1058
2.3336, 2.2141
2.1183, 2.8006
2.3954, 2.0069
2.1426, 2.6249
2.0300, 2.8008
2.1343, 2.7248
2.4750, 2.2452
2.4961, 2.0796
2.4668, 2.6148
2.4865, 2.1983
2.1443, 2.7885
2.4614, 2.7352
2.6033, 2.2883
2.3643, 2.1099
2.4205, 2.3627
1.8443, 2.7522
2.6269, 2.6436
2.2661, 2.4861
2.4718, 2.1551
1.9912, 2.7862
2.2469, 2.6851
2.6589, 2.0047
2.4690, 2.2389
1.9774, 2.4938
2.4428, 2.2410
2.2609, 2.5054
2.4260, 2.1786
2.5473, 2.0630
2.6413, 1.8276
2.5650, 2.1109
2.3396, 2.3896
2.3781, 2.2199
2.6689, 2.3449
2.3332, 2.0432
2.6113, 2.2987
2.2789, 2.7042
2.1477, 2.2903
2.3307, 2.2989
2.4610, 2.8858
2.5733, 2.0285
2.4424, 2.2974
2.4480, 2.4962
2.5161, 2.2532
2.2046, 2.3525
2.3167, 2.5411
2.3297, 2.7245
2.1220, 2.7765
2.2861, 1.9958
2.6875, 1.9343
2.4748, 2.3107
2.2489, 2.2487
2.4822, 2.3271
2.3933, 2.4868
2.6153, 2.1822
2.1550, 2.3113
2.4072, 1.9719
1.9320, 2.7259
2.3981, 2.2166
2.4220, 2.5863
2.2441, 2.4211
2.4952, 2.2284
2.3075, 2.3557
2.2856, 2.1105
2.1619, 2.5793
2.1622, 2.4735
2.2434, 2.2357
2.4402, 2.5263
2.5826, 1.9197
2.4458, 2.4089
1.9352, 2.3453
2.2708, 2.4969
2.8265, 2.4964
1.8066, 2.7609
1.9538, 2.7627
2.7145, 1.9447
2.3310, 2.1934
2.0570, 2.7982
2.4752, 1.8168
2.2736, 2.3257
2.4254, 2.3169
2.4770, 2.3074
2.4446, 2.1782
2.2796, 2.4329
2.4787, 2.5299
2.4457, 2.0950
2.4265, 2.3049
2.5524, 2.6135
2.0879, 2.9402
1.9281, 2.8201
2.4922, 2.3124
2.3476, 2.2155
2.2178, 2.3216
2.2550, 2.5045
2.5968, 2.2715
2.4344, 1.8224
2.6759, 1.9964
2.0150, 2.6546
2.3369, 2.2485
2.9196, 2.4319
2.3470, 2.3852
2.6163, 2.5095
2.4944, 2.1377
2.3310, 2.6057
2.3709, 2.2445
2.2716, 2.1372
2.4005, 2.1701
2.3791, 2.5041
2.1006, 2.3852
2.3201, 2.3465
2.7938, 2.4839
2.2222, 2.4130
2.4187, 2.3319
2.1725, 2.5161
2.2761, 2.8085
2.4783, 2.2449
1.9511, 2.6156
2.1753, 2.5811
2.2071, 2.4281
2.3176, 2.6161
2.3994, 2.8925
2.3662, 2.0510
2.4234, 2.5396
2.6317, 2.3022
2.4538, 2.4893
2.2040, 2.5812
2.3998, 2.4462
2.4293, 2.4657
2.1953, 2.5280
2.3449, 2.6253
1.9929, 2.3798
2.1159, 2.6549
2.3003, 2.4037
2.5138, 2.2712
2.7535, 2.1075
2.5848, 2.1997
2.2343, 2.6307
2.5656, 2.2831
2.4683, 2.1698
2.3898, 2.1849
2.4329, 2.3453
2.3283, 2.5607
2.9126, 2.3219
2.3637, 2.2398
2.3466, 2.0467
2.0754, 2.4270
2.2608, 2.4014
2.2681, 2.3574
2.1300, 2.8853
2.1235, 2.4951
2.4132, 2.0473
2.4901, 2.2415
1.9916, 2.3493
2.6816, 2.6832
2.0860, 2.6664
2.3154, 2.3900
2.4609, 1.7719
2.4421, 2.3139
2.2380, 2.3615
2.7948, 2.1037
2.0291, 2.8017
2.3214, 2.5022
2.3381, 2.3544
2.1328, 2.7332
2.4897, 2.3615
2.2253, 2.4764
2.3008, 2.7632
2.3894, 2.6457
2.3774, 2.3130
2.2607, 2.2789
2.1599, 2.7130
2.4270, 2.6584
2.2225, 2.3039
2.4115, 2.1985
2.0792, 2.4323
2.4517, 2.0282
2.1990, 2.6165
2.1664, 2.5048
2.5216, 2.5010
2.3325, 1.8046
2.1680, 2.7662
2.2643, 2.7276
2.4270, 1.8043
2.3203, 2.0763
2.0752, 2.6895
2.1734, 2.5097
2.3573, 2.4143
2.6930, 2.3986
2.3854, 2.1788
2.5487, 2.1205
2.6946, 2.2524
2.5105, 2.3548
2.3547, 2.3849
2.3898, 2.8355
2.1131, 2.3885
2.4344, 2.2719
2.5168, 2.2355
2.4416, 2.5808
2.4297, 2.2959
2.3628, 2.1612
2.1657, 2.5369
2.5983, 2.4821
2.5734, 2.1743
2.5536, 2.7967
2.6183, 2.5602
2.2316, 2.5389
2.3140, 2.4879
2.5841, 2.2184
2.1488, 2.5689
2.3522, 2.1962
2.4766, 2.6772
2.1855, 2.8129
1.8485, 2.5731
2.3720, 2.2786
2.2343, 2.5043
2.5885, 2.5591
2.2783, 2.5185
2.6326, 2.3178
2.4416, 2.0196
2.5342, 2.1057
2.4001, 2.5093
2.5147, 2.0554
2.6075, 2.1973
2.2670, 2.4169
2.3328, 2.3517
2.8358, 2.4101
2.2415, 2.8036
2.5451, 2.5130
2.1828, 3.0139
2.7599, 1.9506
2.3050, 2.9058
2.1748, 2.5574
2.4552, 2.4544
2.4632, 2.5726
2.3521, 1.8272
2.1215, 2.8104
2.6038, 2.5685
2.3195, 2.4947
2.3258, 2.4187
2.4123, 2.2944
2.4506, 2.3562
2.1649, 2.5191
2.5210, 2.3503
2.5772, 2.0662
2.3061, 2.6394
2.2444, 2.2022
2.2083, 2.4512
2.5352, 2.4388
2.6074, 2.5423
2.4940, 2.3282
2.4407, 2.5053
2.8265, 2.0334
2.2945, 2.6290
2.5933, 2.0499
2.2164, 2.3649
2.3033, 2.1742
2.4612, 2.5093
1.9766, 2.6763
2.1925, 2.4355
2.0672, 2.5840
2.4339, 2.4503
2.7665, 2.3743
2.2931, 2.5602
2.2439, 2.5040
2.4146, 2.0422
2.5420, 2.2055
2.3423, 2.3244
2.3161, 2.3715
2.2795, 2.3683
2.5696, 2.3863
2.3158, 2.3555
2.4302, 2.0659
2.1052, 2.5421
2.3479, 2.4007
2.5189, 2.2240
2.4187, 2.1254
2.4917, 1.9470
2.3905, 2.3085
2.4654, 2.2424
2.0888, 2.8990
2.6932, 2.4078
2.4197, 2.1227
2.1434, 2.6215
2.5594, 1.7837
2.2880, 2.3423
2.8299, 2.1094
2.1457, 2.4831
2.0240, 2.6531
2.2375, 2.6762
2.3898, 2.1716
2.3212, 2.4964
2.5955, 2.4574
2.4551, 2.5779
2.3659, 2.3542
2.2310, 2.6065
2.0958, 2.7413
2.3177, 2.5161
2.6311, 2.1426
2.6095, 2.2921
2.7250, 2.2045
2.3455, 2.2588
2.2438, 2.4262
2.4344, 2.3323
2.5569, 2.0963
2.5891, 2.5365
2.4256, 2.7281
2.3705, 2.2314
2.2733, 2.5027
2.3452, 2.3780
2.6564, 2.1611
2.2865, 2.4732
2.6756, 2.2013
2.3162, 2.7447
2.5859, 2.1707
2.6059, 2.5858
2.6183, 2.5692
2.3804, 2.2113
2.5666, 2.1866
2.2146, 2.3011
2.5447, 2.4464
2.3570, 1.8365
2.2376, 2.7744
2.2346, 2.6516
2.3194, 2.0637
2.2216, 2.4354
2.4486, 2.3133
2.4415, 2.3939
2.1894, 2.8626
2.5155, 2.1114
2.6815, 1.9740
2.4387, 2.3926
2.2154, 2.2582
2.3570, 1.9431
2.3901, 2.5300
2.3440, 2.0534
2.2164, 2.4176
2.6272, 1.9524
2.2633, 2.7157
2.6448, 2.0303
2.3013, 2.2213
2.1274, 2.4585
2.6303, 2.1099
2.3168, 2.4859
2.1673, 2.6898
2.3798, 2.5598
2.3821, 2.5961
2.4120, 2.0293
2.2846, 2.1202
2.5152, 1.9464
2.2864, 2.7701
2.2846, 2.1857
2.5609, 2.0172
2.2218, 2.1951
2.3548, 2.5014
2.4724, 2.6078
2.2330, 2.6579
2.4089, 1.8410
2.5079, 2.1971
2.1923, 2.5820
2.0882, 2.7124
2.5059, 2.0002
2.3926, 2.1334
2.3256, 2.6797
1.9868, 2.4019
2.3392, 2.4240
2.5539, 2.1883
2.4920, 1.9020
2.3500, 2.4358
1.9426, 2.6925
2.7891, 2.0694
2.2959, 2.4276
2.3657, 2.2305
2.2992, 2.3802
2.3138, 2.5882
2.3191, 2.6410
2.4003, 2.5651
2.4849, 2.5597
2.5115, 2.2350
2.5280, 2.3182
2.2584, 2.6594
2.3632, 2.3096
2.5386, 2.1776
2.2567, 2.2994
2.4206, 2.5193
2.1198, 2.6389
2.6004, 2.3527
2.6882, 2.6537
2.5609, 1.9317
2.5240, 2.8151
2.3085, 2.1182
2.4726, 2.0797
2.4290, 2.3023
2.4811, 2.0516
2.2390, 2.4618
2.1566, 2.7214
1.8660, 2.4370
2.2956, 2.1790
2.4319, 2.2447
2.9195, 2.1021
2.3047, 2.4701
2.4158, 1.9152
2.1825, 2.6267
2.4859, 2.2029
2.4854, 2.5723
2.2762, 2.6503
2.1760, 2.4929
2.4942, 2.1293
2.6020, 2.2666
2.0085, 2.8054
2.0546, 2.8655
2.5026, 2.4687
2.6546, 2.1146
2.5680, 2.4555
2.5935, 2.3764
2.3539, 2.3502
2.7796, 1.9646
2.0055, 2.7308
2.2251, 2.7885
2.9238, 1.9293
2.4317, 2.6420
2.1955, 2.8100
2.1752, 2.8747
2.3348, 2.5541
2.8520, 2.2361
2.5907, 2.0772
2.7068, 2.6469
2.0794, 2.5416
2.0093, 2.8564
2.0563, 2.6021
2.5228, 2.7342
2.3610, 2.1113
2.6168, 1.8911
2.1691, 2.4913
2.6455, 2.1774
1.9452, 2.6383
2.3345, 2.1617
2.0906, 2.1286
2.2075, 2.4234
2.4857, 2.1434
2.4783, 2.1271
2.3460, 2.1773
2.4945, 2.3521
2.4578, 2.0735
2.4850, 1.9142
2.3338, 2.6120
2.0123, 2.6146
2.4315, 1.9810
2.4609, 2.3992
2.4947, 2.7546
2.5542, 2.1954
2.1702, 2.7190
2.7700, 2.2744
2.4012, 2.0623
2.2219, 2.7360
2.2913, 2.4007
2.2697, 2.7564
2.1800, 2.7458
2.3319, 2.6642
2.4970, 2.3320
2.1926, 2.1603
2.6053, 2.4865
2.4219, 2.5322
2.2728, 2.2939
2.2173, 2.5663
2.4608, 2.0984
2.1301, 2.5418
2.4544, 2.4177
2.2702, 2.2569
2.5170, 2.5355
2.1327, 2.2812
2.5906, 2.3915
2.4950, 2.4926
2.6171, 2.1094
2.1550, 2.3961
2.5200, 2.0476
2.2353, 2.6235
2.3459, 2.3483
2.4153, 2.1009
2.3357, 2.5184
2.5629, 2.5067
2.5708, 1.9225
2.4011, 2.1981
2.4037, 2.4954
2.3424, 2.9458
2.4191, 2.2900
2.4320, 2.0283
2.2625, 2.6568
2.5015, 2.3189
2.3479, 2.0808
2.4505, 2.1357
2.4124, 2.4658
2.4042, 2.0256
2.4218, 2.1054
2.4100, 2.3782
2.5978, 1.9572
2.0200, 2.6217
2.3927, 2.2180
2.4116, 1.9931
2.3068, 2.1872
2.6304, 2.1879
2.4924, 2.1822
2.3275, 2.4846
2.2953, 2.1961
2.5500, 2.5306
2.4602, 2.5666
2.1564, 2.3221
2.4434, 2.1481
2.1966, 2.7950
2.2484, 2.4273
2.2643, 2.4564
2.5836, 2.7509
2.2165, 2.3713
2.3099, 2.7137
2.4293, 2.4438
2.5645, 2.1284
1.7762, 2.8036
2.7023, 2.8328
2.8671, 2.2336
2.3743, 2.6374
2.7769, 2.0919
2.7663, 2.2658
2.5202, 1.9778
2.5210, 1.9856
2.2057, 2.3035
2.0070, 2.6752
2.4654, 2.0959
2.6571, 2.3984
2.2865, 2.4453
2.4575, 2.6550
2.4263, 2.1844
2.2760, 1.8907
2.5504, 2.4385
2.3324, 2.4385
2.1572, 2.6755
2.4397, 2.3166
2.1484, 2.1171
2.0610, 2.5306
2.2044, 2.4811
2.2649, 2.5443
2.2953, 2.3278
2.5190, 2.7519
2.5712, 2.0722
2.5697, 2.3402
2.2678, 2.4870
2.5296, 2.2295
2.7587, 2.1279
2.6548, 2.3890
2.4086, 2.3476
2.5801, 2.0413
2.1935, 2.7588
2.1712, 2.3784
2.3783, 2.1580
1.9765, 2.7453
2.7072, 2.1184
2.5458, 1.9057
2.6941, 2.1101
2.5637, 1.9527
2.4220, 2.1407
2.4486, 2.1828
2.4496, 2.0887
2.3759, 2.5087
2.4001, 2.2510
2.4441, 2.0267
1.9590, 2.7356
2.3972, 2.2555
2.3348, 2.4212
2.4436, 2.5618
2.7433, 1.8878
2.5045, 2.3058
2.3553, 2.2469
2.3401, 2.2627
2.3564, 2.6154
2.4079, 2.1511
2.7264, 1.8445
2.0553, 2.4294
2.3639, 2.3784
2.3714, 1.9637
2.3739, 2.4523
1.9597, 2.5336
2.5475, 2.5079
2.3003, 2.2546
2.2434, 1.9790
2.3183, 2.3123
2.3748, 2.5331
2.6275, 1.9648
2.3550, 2.0273
2.3988, 2.1033
2.5041, 2.3341
2.8585, 2.0791
2.3086, 2.3350
2.6419, 2.6153
2.5075, 2.3618
2.1022, 2.4389
2.7092, 2.0743
2.0169, 2.6069
2.6424, 2.5705
2.3222, 2.5159
2.2418, 2.6959
2.3440, 2.2998
2.3837, 2.0630
2.2239, 2.5983
1.9238, 2.6808
2.3305, 2.2240
2.4448, 2.8032
2.3917, 2.1480
2.0076, 2.6749
2.5442, 2.2562
2.4030, 2.4353
2.5148, 2.1364
2.4784, 2.1371
2.3355, 2.7803
2.4089, 2.2710
2.2156, 2.5940
2.7331, 1.9092
2.2112, 2.6152
2.6574, 2.0212
2.5848, 2.5382
2.4317, 2.0496
2.3836, 1.8782
2.3314, 2.2869
2.2602, 2.3800
2.5119, 2.1233
1.9968, 2.3681
2.3285, 2.5635
1.9930, 2.6866
2.0307, 2.5962
2.6089, 2.2435
2.4642, 2.5118
2.7032, 1.8893
2.3866, 2.5939
2.6160, 2.0381
2.5600, 2.2416
2.5226, 2.2800
2.6701, 2.3639
2.5785, 2.4164
2.4074, 2.3597
2.3361, 1.7056
2.6956, 2.1250
2.7793, 2.2044
2.1999, 2.7346
2.2183, 2.3958
2.4106, 2.7820
2.5093, 2.1531
2.5177, 1.9152
2.4037, 2.5660
2.3901, 2.2009
2.6126, 2.1186
2.3032, 2.5000
2.3016, 2.8322
2.7305, 1.9877
2.3764, 2.1937
2.2636, 2.4347
2.4006, 2.5335
2.3224, 2.2153
2.3154, 2.3150
2.5530, 2.2386
2.2832, 2.7082
2.5680, 2.1986
2.4192, 2.5003
2.3199, 2.6681
2.5990, 2.1790
2.5692, 2.1898
2.3409, 2.2263
2.0592, 2.7685
2.3322, 2.5517
2.5337, 2.6540
2.5259, 1.7966
2.4204, 2.3131
2.2513, 2.2435
2.5522, 2.0738
2.4597, 2.5598
2.3825, 2.5804
2.4606, 1.9208
2.4531, 2.0607
2.6926, 2.2311
2.5637, 2.7039
2.1528, 2.7407
2.2772, 2.6006
2.3528, 2.3462
2.6580, 2.0968
2.4691, 2.3022
2.4620, 2.4232
2.4747, 2.2319
2.3763, 2.4333
2.4141, 2.5221
2.6843, 2.5559
2.1525, 2.3315
2.1930, 2.3702
2.2768, 2.1417
2.4200, 2.2863
2.4861, 2.4310
2.2747, 2.6466
2.2892, 2.1153
2.5817, 1.9376
2.5934, 2.2489
2.4497, 2.7317
2.2070, 2.6706
2.4211, 2.5077
2.4930, 1.9409
2.2904, 2.1341
2.2558, 2.8000
2.4652, 2.6258
2.1943, 2.1227
2.5859, 2.2559
2.4852, 2.4327
2.8082, 2.1983
2.3689, 2.0236
2.0451, 2.7528
2.5603, 1.7733
2.4435, 2.3784
2.1447, 2.6221
2.6746, 2.2355
2.4726, 2.5552
2.3955, 2.3248
2.4526, 2.2911
2.3359, 2.0168
2.6810, 1.7096
2.6203, 2.5397
2.4780, 1.7138
2.5734, 2.3658
2.4698, 2.1787
2.5244, 2.4462
2.3651, 2.1579
2.0438, 2.6037
2.2166, 2.5274
2.0366, 2.1627
2.2705, 2.4178
2.4418, 2.3892
2.2995, 2.4930
2.5963, 2.7217
2.5428, 2.5718
2.1002, 2.7564
2.3623, 2.2034
2.1706, 2.4131
2.8624, 2.0382
2.2110, 2.5368
2.0603, 2.6259
2.0175, 2.7590
2.4587, 2.0393
1.9617, 2.7227
2.3944, 2.2252
2.8590, 2.1962
2.4609, 2.0883
2.5489, 2.0872
2.2189, 2.4046
2.4541, 2.3746
2.2519, 2.4772
2.1428, 2.8514
2.7144, 1.9709
2.3033, 2.2085
2.0916, 2.6638
2.3232, 2.2419
2.3059, 2.4730
2.3579, 2.6210
1.9893, 2.6305
2.3696, 2.4685
2.0118, 2.6559
2.6092, 1.9905
2.5111, 2.1818
2.2885, 2.4512
1.9537, 2.5488
2.5407, 2.7733
2.6882, 2.4343
2.4427, 2.8032
2.1297, 2.6086
2.3805, 2.5177
2.4006, 2.2238
2.3397, 2.5720
2.4934, 2.3484
2.4515, 2.6803
2.5746, 2.4775
2.3568, 2.2486
2.3081, 2.1333
2.2461, 2.2271
2.4284, 2.4245
2.1631, 2.3598
2.4672, 2.1704
2.2811, 2.1989
2.5087, 2.2596
2.4297, 2.1768
2.5903, 2.0003
2.4285, 2.2854
2.6080, 2.2548
2.1527, 2.5625
2.1912, 2.6211
2.3971, 2.2538
2.3396, 2.7689
2.2568, 2.3436
2.4536, 2.2947
2.4259, 2.3734
2.1652, 2.7452
2.5828, 2.7171
2.3683, 2.4368
2.2291, 2.2933
2.3317, 2.2982
2.7631, 2.0855
2.4183, 1.9161
2.5639, 1.9977
2.4500, 2.3855
2.1287, 2.5780
1.8032, 2.6234
2.5716, 2.1669
2.0715, 2.4364
2.1245, 2.2442
2.3395, 2.4385
2.5571, 2.3977
2.3386, 2.4370
1.9800, 2.4615
2.1040, 2.4188
2.4573, 2.2220
2.3371, 2.5717
2.5898, 2.1316
2.4649, 2.2597
2.3859, 2.3603
2.3772, 2.2214
2.5617, 2.2470
2.6565, 2.0709
2.3664, 2.0817
2.2633, 2.8055
2.1243, 2.5647
2.4392, 2.3480
2.2540, 2.6889
2.2683, 2.3313
2.7649, 1.9530
2.4221, 2.1502
2.6088, 2.3438
2.3257, 2.2421
2.3106, 2.5783
1.9051, 2.4990
2.3255, 2.5093
2.2176, 2.3262
2.3354, 2.8329
2.7075, 2.1739
2.7310, 2.3245
2.2507, 2.3196
2.4611, 2.0253
2.2897, 2.1750
2.4094, 2.2257
2.3635, 2.4603
2.4596, 2.3155
2.0385, 2.5892
2.4385, 2.2438
1.7843, 2.6756
2.3908, 2.2621
2.2583, 2.3136
2.4123, 2.0378
2.5938, 1.9147
2.6293, 2.1633
2.3130, 2.1067
2.5070, 2.1713
2.2910, 2.4717
2.2304, 2.6815
2.4203, 2.1265
2.2485, 2.6233
2.3296, 2.2241
2.3513, 2.7063
2.5584, 2.5608
2.2902, 2.4884
2.4898, 2.6496
2.4224, 2.6979
2.3783, 2.3216
2.0329, 2.3657
2.2023, 2.6123
2.4066, 2.4467
2.1295, 2.3720
2.6091, 2.1799
2.3877, 2.3688
2.4766, 2.0067
2.3222, 2.4059
2.3003, 2.4673
2.3455, 2.2987
2.0495, 2.3526
2.3866, 2.3495
2.3162, 2.2939
2.1948, 2.2522
2.1270, 2.5664
2.2838, 2.0498
2.0571, 2.6278
2.4718, 1.9770
2.4173, 2.0795
2.2770, 2.3572
2.6119, 2.2093
2.0079, 2.7694
2.1991, 2.3972
2.2335, 2.2130
2.7346, 2.6412
2.6750, 2.2346
1.9314, 2.5272
2.1301, 2.7467
2.3400, 2.4196
2.6513, 2.2080
2.4159, 2.4397
2.3399, 2.6532
2.4682, 2.3558
2.3961, 2.3026
2.3271, 2.1660
2.2021, 2.3477
2.3123, 2.3018
2.6737, 1.6756
2.6927, 2.4835
2.4784, 2.5169
2.5011, 2.4018
2.1997, 2.3385
2.5037, 2.3683
2.3972, 1.9370
2.3508, 2.1384
2.7156, 2.1796
2.5775, 2.3681
2.2376, 2.2530
2.3233, 2.6633
2.4059, 2.2910
2.1765, 2.6356
2.1059, 2.5300
1.6787, 2.8773
2.5744, 2.5237
2.4021, 2.6516
2.1941, 2.6840
2.6410, 1.7965
2.1294, 2.7988
2.5613, 2.4705
2.6557, 2.1634
2.3081, 2.6437
2.1603, 2.2556
2.3171, 2.4982
2.0622, 2.2270
2.6192, 2.2442
2.3663, 2.3503
2.3553, 2.2959
2.1244, 2.5004
2.1662, 2.8591
2.1987, 2.2503
2.2974, 2.2390
2.1551, 2.6258
2.3624, 2.4662
2.1592, 2.3757
2.4243, 2.5242
2.3657, 2.6462
2.4696, 2.1626
2.5902, 2.0534
2.6525, 2.0744
2.3114, 2.4622
2.2859, 1.9435
2.5242, 2.4338
2.6381, 2.2219
2.3882, 2.4464
2.7506, 2.1730
2.6383, 2.2388
2.2357, 2.5625
2.5087, 2.0825
1.9842, 2.4149
2.3100, 2.4204
2.2616, 2.7059
2.4526, 2.5621
2.3693, 2.8673
2.0928, 2.7759
2.5750, 2.2325
2.7269, 2.4676
2.3081, 2.7805
2.7416, 2.1067
2.1669, 2.2522
2.5690, 2.2124
2.2492, 2.3926
2.5939, 2.0624
2.4072, 2.1563
2.4990, 2.7812
2.4347, 2.1440
2.7848, 2.1606
2.5860, 2.4353
2.4650, 2.7575
2.4311, 2.1433
2.4374, 2.1352
2.4438, 2.5649
2.4007, 2.4489
2.3955, 1.9768
2.6696, 2.2663
2.5740, 2.2670
2.7973, 1.8226
2.3378, 2.4925
2.8537, 2.0460
2.3756, 2.4039
2.5289, 2.1901
2.3051, 2.3038
2.1772, 2.5925
2.5912, 2.2958
2.2729, 2.4064
1.9391, 2.8877
2.1265, 2.8260
2.3846, 2.3443
2.0805, 2.7184
2.5132, 2.6973
2.2259, 2.5519
2.4652, 1.9318
2.4554, 2.3899
2.4366, 2.5708
2.4056, 2.0384
2.4689, 2.1041
2.3531, 2.0723
2.5258, 2.5987
2.3349, 2.4322
2.2996, 2.3323
2.4329, 2.6274
2.2160, 2.6931
2.6084, 2.3856
2.0653, 2.4812
2.3047, 2.4614
2.4736, 2.5248
2.3801, 2.2403
2.2972, 2.4724
2.1133, 2.7735
2.3044, 2.5490
2.5150, 2.6727
2.0385, 2.6860
2.3418, 2.2961
2.5429, 1.9873
2.2724, 2.1998
2.1475, 2.5862
2.4195, 2.5239
2.2473, 2.1327
2.3539, 2.6593
2.5460, 2.2956
2.2133, 2.2193
2.4104, 2.5825
2.2775, 2.3896
2.4254, 1.9594
2.4110, 2.0963
2.4783, 2.3599
2.7730, 2.0933
2.2288, 2.6144
2.2567, 2.3061
2.1038, 2.2475
2.3701, 2.0979
2.3685, 2.7815
2.3985, 2.3474
2.0593, 2.6951
2.3578, 2.4110
2.1905, 2.5212
2.1055, 2.6695
2.2798, 2.7250
2.1356, 2.6347
2.4672, 2.4955
2.3341, 2.3351
2.1556, 2.4986
2.0648, 2.7517
2.3526, 2.2611
2.4799, 2.3223
2.2635, 2.2813
2.3214, 2.4206
2.4621, 2.3879
2.5482, 1.9511
2.2658, 2.2593
2.5014, 2.0084
2.2750, 2.2978
2.3076, 2.5574
2.2496, 2.4198
2.2064, 2.4216
2.4427, 2.2647
2.6632, 2.2570
2.5532, 2.4064
2.3936, 2.1886
2.5460, 1.9149
2.2736, 2.0930
2.7182, 2.1899
2.4343, 2.2879
2.2533, 2.3791
2.2746, 2.0559
2.4362, 2.2394
2.4421, 2.3634
2.4676, 2.3818
2.5691, 1.8281
2.6244, 2.1427
2.6654, 2.3008
2.0927, 2.5494
2.0099, 2.3790
2.1849, 2.2073
2.4059, 2.0699
2.3734, 2.4032
2.1810, 2.4855
2.4804, 2.1997
2.0683, 2.4986
2.7341, 2.7364
2.3662, 2.4939
2.4122, 2.1218
2.5510, 2.2704
2.4703, 2.5639
2.3678, 2.4448
2.4021, 2.3456
2.3304, 2.2955
2.5579, 2.4862
2.4447, 2.2396
2.4848, 2.4054
2.3382, 2.6180
2.4053, 2.1679
2.4435, 2.1004
2.0365, 2.6976
2.2902, 1.9053
2.6423, 2.0716
2.3535, 1.9400
2.3074, 2.5253
2.0940, 2.6379
2.6913, 2.3517
2.6996, 2.7767
2.2141, 2.6570
2.3622, 2.3155
2.2939, 2.1502
2.2580, 2.5994
2.3274, 2.3575
2.6097, 2.7385
2.0176, 2.6492
2.0065, 2.8897
2.4192, 1.9882
2.5964, 2.1853
2.3123, 2.6085
2.2223, 2.4577
2.4938, 2.4767
2.5843, 2.2741
2.3667, 2.2724
1.9218, 2.7052
2.3973, 2.0503
2.4661, 2.2252
2.3624, 2.5429
1.7859, 2.6685
2.1006, 2.4114
2.1414, 2.7728
2.1755, 2.7401
2.4662, 2.6878
2.0703, 2.5185
1.9675, 2.5161
2.5479, 2.1162
2.4237, 2.4883
2.0755, 2.7872
2.2362, 2.5423
2.1462, 2.8258
2.6436, 2.1510
2.3821, 2.5696
2.0463, 2.4548
2.2584, 2.6893
2.4135, 2.1230
2.4629, 2.1855
2.1289, 2.5094
2.4053, 2.5040
2.4687, 2.1689
2.3484, 2.4444
2.1176, 2.8106
2.2218, 2.0460
2.1752, 2.8238
2.7158, 2.1951
2.3392, 2.3208
2.3791, 2.1188
2.5877, 2.6493
2.5614, 2.3588
2.5429, 2.4067
2.4433, 2.8421
2.2183, 2.6412
2.6010, 2.0363
2.0932, 2.0491
2.4532, 2.3680
2.0599, 2.6571
2.3986, 2.2323
2.2132, 2.4765
2.3232, 2.3827
2.5874, 2.2767
2.0611, 2.5368
2.3286, 2.1490
2.2369, 2.2191
2.3215, 2.5458
2.2207, 2.4144
2.3257, 2.6099
2.4812, 2.0280
2.3153, 2.3761
2.4663, 2.4112
2.5177, 2.2095
2.3487, 2.5865
2.3883, 2.3875
2.1552, 2.7131
2.4178, 2.4224
2.1782, 2.1613
2.4938, 2.0408
2.2502, 2.0240
2.6094, 2.2095
2.3477, 2.8284
2.4990, 2.1859
2.4138, 2.0729
1.8131, 2.5158
2.2446, 1.7871
2.3368, 2.5213
2.1821, 2.5732
2.0273, 2.7989
1.9782, 2.8370
2.2316, 2.2420
2.5118, 2.5760
2.7371, 2.2511
2.2684, 2.4037
2.1225, 2.8346
2.1553, 2.1073
2.3465, 2.7883
2.3429, 2.2754
2.5047, 2.2879
2.3263, 2.2792
2.3525, 2.4573
2.5930, 2.6583
2.4074, 2.3688
2.2157, 2.7491
2.4101, 2.2720
2.5611, 1.9705
2.3982, 2.3723
2.3047, 2.3107
2.6573, 1.8868
2.5343, 2.0638
1.9700, 2.6286
2.4708, 2.1750
2.1498, 2.4516
2.1697, 2.6383
2.5150, 2.1702
1.9236, 2.5028
2.0971, 2.8296
2.1475, 2.6395
2.4925, 2.1625
2.2950, 2.1306
2.1168, 2.6255
2.6303, 2.7568
2.0603, 2.6694
2.4367, 2.3201
2.2712, 2.1770
2.5844, 2.2234
2.4382, 2.7055
2.4421, 2.1899
2.3620, 2.4711
1.9662, 2.3695
2.2933, 2.2715
2.2598, 2.5575
2.4913, 2.2764
2.2645, 2.5021
2.4775, 2.2080
2.3011, 2.3134
2.6375, 2.7642
2.6741, 2.5196
2.2983, 2.2110
2.5809, 1.8568
2.3126, 2.3228
2.2337, 2.6938
2.4628, 2.2885
2.6237, 2.5043
2.4627, 2.0523
2.2070, 2.3396
2.3263, 2.2210
2.2308, 2.6625
2.3234, 2.3798
2.3710, 2.1002
2.4833, 1.8942
2.3804, 2.1702
2.4390, 2.3310
2.4566, 2.3154
2.2308, 2.4120
2.2395, 2.5888
2.4186, 2.2155
2.6258, 2.4741
2.1322, 2.5490
2.3913, 2.4675
1.9478, 2.4152
2.3625, 2.1175
2.5526, 2.5665
2.2969, 2.6218
2.0909, 2.3895
2.4935, 2.1960
2.1705, 2.4290
2.4947, 2.2180
2.4552, 2.3112
2.3265, 1.8253
2.4966, 2.3289
2.1970, 2.2814
2.5728, 2.3216
2.3210, 2.2009
2.4608, 2.2596
2.4603, 2.3723
2.4602, 2.1761
2.4545, 1.9891
2.3467, 2.1990
2.4491, 2.1507
2.3460, 2.3173
2.3149, 2.0575
2.0769, 2.5472
2.3009, 2.4543
1.8644, 2.6027
2.3383, 1.9874
2.4084, 2.2390
2.5213, 2.5585
2.2409, 2.6994
2.7311, 1.9621
2.3266, 2.5958
2.2988, 2.4592
2.4569, 2.3192
2.1494, 2.5542
2.6388, 2.0731
2.4351, 1.8465
2.5945, 1.8892
2.6431, 2.1401
2.3961, 2.0662
2.6561, 2.0494
2.6510, 2.0819
2.4425, 2.5844
2.1009, 2.7169
2.4183, 1.9264
2.5037, 2.7362
2.6640, 2.3163
2.0890, 2.6212
2.5758, 2.3837
2.3063, 2.7836
2.4211, 2.1204
2.4506, 2.5873
2.2078, 2.7593
2.8962, 1.8923
2.4215, 2.6753
2.6767, 2.2823
2.7145, 2.0977
2.4099, 2.3046
2.3101, 2.5319
2.5432, 1.9726
2.6481, 2.6271
2.5149, 2.5509
2.4523, 2.4232
2.7255, 2.2434
2.5382, 1.9822
2.2991, 2.4134
2.6746, 2.2999
2.2091, 2.3151
2.3040, 2.4813
2.4153, 2.3946
2.4715, 1.9328
2.1029, 2.6498
2.5024, 2.1339
2.6014, 2.0393
2.4129, 2.5081
2.6214, 2.4094
2.4774, 2.3025
2.5421, 2.4770
2.2035, 2.5586
2.3838, 2.3757
2.1692, 2.6938
2.7296, 2.5843
2.4004, 2.2195
2.5584, 2.0312
2.3810, 2.5963
2.5678, 1.9717
2.3956, 2.3088
2.4759, 2.2446
2.5673, 2.1780
2.5263, 2.3156
2.5771, 2.6659
2.3912, 2.1701
2.5889, 2.1866
2.6164, 2.1150
2.3923, 2.9485
2.0620, 2.6209
2.3220, 2.5859
2.5965, 2.0768
2.2040, 2.6612
2.4570, 2.1890
2.4275, 2.1901
2.3435, 2.4684
2.3957, 2.5557
2.1914, 2.8943
1.9882, 2.8228
2.3833, 2.3761
2.3514, 2.2145
2.2001, 2.7764
2.5726, 1.7072
2.7096, 1.9976
2.1359, 2.4384
2.3722, 2.4761
2.4840, 2.3602
2.4209, 2.1955
2.3927, 2.3207
2.3073, 2.1250
2.3255, 2.7007
2.1455, 2.8159
2.5625, 2.4866
2.5317, 2.1690
2.4457, 2.5095
2.4794, 2.4829
2.5273, 2.3870
2.4021, 2.5410
2.5385, 1.7865
2.1181, 2.7610
2.3579, 2.1748
2.5062, 2.3332
2.0942, 2.1633
2.5744, 2.5009
2.4227, 2.5145
2.5180, 2.2340
2.2393, 2.3084
2.1664, 2.6509
2.4132, 2.0554
2.4977, 2.3172
2.3548, 2.6414
2.4027, 2.4818
2.4082, 2.1283
2.6222, 2.6084
2.2714, 2.5919
2.4391, 2.1945
2.4290, 2.1070
2.3934, 2.4781
2.3279, 2.3895
1.9262, 2.5766
2.5210, 2.4076
2.1944, 2.7049
2.6741, 2.5860
2.5280, 2.3850
2.4953, 2.2324
2.2737, 2.5571
2.4244, 2.1157
2.4576, 2.7900
2.9007, 2.3287
2.5818, 2.3969
2.1689, 2.7161
2.1657, 2.7273
2.3242, 2.5617
2.1082, 2.4175
2.3184, 2.3798
2.7918, 2.3865
2.7679, 2.2267
1.9482, 2.5739
2.5965, 2.1171
2.5463, 2.3174
2.6784, 2.6051
2.2495, 2.1086
2.3899, 2.2729
2.3820, 2.4667
2.3750, 2.0444
2.4716, 2.7526
2.2210, 2.0104
2.4789, 2.3466
2.1905, 2.6604
2.6766, 2.3703
2.4014, 2.3602
2.6332, 1.9441
2.2600, 2.4654
2.3518, 2.3812
2.5953, 1.9519
2.3397, 2.3146
2.6275, 2.0633
2.2289, 2.6739
2.4407, 2.8929
2.6398, 2.0426
2.3698, 2.4846
2.3988, 2.2422
2.3041, 2.3855
2.3830, 2.4447
2.5176, 2.0865
2.2934, 2.3737
2.3739, 2.3979
2.4952, 2.4619
2.2493, 2.3703
2.1783, 2.7312
2.5379, 2.1486
2.4455, 2.2256
2.1169, 2.6081
2.3329, 2.4886
2.7131, 2.5250
2.2285, 2.4388
2.2210, 2.4767
2.4347, 2.2600
2.5166, 2.1318
2.3922, 2.3493
1.9259, 2.5297
2.4410, 2.4184
2.2692, 2.1678
2.2767, 2.5520
2.2855, 2.3049
2.2831, 2.4059
2.2740, 2.4720
2.2567, 2.5615
1.9815, 2.8054
1.7845, 2.8378
2.2434, 2.4323
2.5485, 2.1476
2.2870, 2.4792
2.4580, 2.4266
2.1801, 2.3500
2.6889, 2.0353
2.1347, 2.4870
2.4857, 1.9970
2.4056, 2.1157
2.1242, 2.5826
2.2784, 2.4203
2.2448, 2.5408
2.3483, 2.7092
2.3055, 2.2779
2.2303, 2.0357
2.5228, 2.0475
2.4806, 1.9533
2.5183, 2.7812
2.3860, 2.5033
2.6596, 2.0846
2.5563, 1.6975
2.4063, 2.0243
2.0203, 2.4273
2.5504, 2.1414
2.4073, 1.8607
2.2500, 2.4579
2.3279, 2.2496
2.4622, 1.9414
2.4061, 2.3679
2.2728, 2.3263
2.2132, 2.6894
2.2304, 2.0581
2.6459, 2.3672
2.5966, 2.6996
1.9914, 2.8979
2.1547, 2.7110
2.2785, 1.9547
2.5869, 2.2165
2.2990, 2.5932
2.3721, 2.1448
2.3151, 2.1502
2.0956, 2.8134
2.4337, 2.7954
2.4258, 1.8177
2.1288, 2.6101
2.2120, 2.7183
2.3584, 2.0896
2.2648, 2.8225
2.1549, 2.6828
2.2155, 2.2639
2.4046, 2.9016
2.4025, 2.6808
2.7459, 1.8804
2.4486, 2.7417
2.4536, 2.5706
2.4894, 2.1246
2.3913, 2.1451
2.5710, 2.5194
2.3718, 2.1645
2.5161, 2.1817
2.4244, 2.5637
2.3383, 2.3724
2.2436, 2.2405
2.2148, 2.5591
2.4959, 2.0020
2.3699, 2.5180
1.9722, 2.5820
2.4894, 1.6299
2.3848, 2.2494
2.6203, 2.0563
2.4500, 1.9967
2.3218, 2.6162
2.3381, 2.5174
2.4211, 1.7999
2.3247, 2.0043
2.7235, 2.1197
2.3870, 2.4073
2.3394, 2.5548
2.1578, 2.7723
2.2349, 2.5403
2.8865, 2.0356
2.3829, 2.2294
2.2993, 2.4581
2.5890, 2.0143
2.3008, 2.5861
2.4295, 2.3133
2.3892, 2.1745
2.3963, 2.6896
2.3611, 2.3005
2.5877, 2.6426
2.2035, 2.5235
2.2897, 2.6183
2.1853, 2.6342
2.5361, 2.1512
2.3938, 2.0450
2.5017, 2.3266
2.0915, 2.2689
2.4497, 2.1360
2.4245, 2.4191
2.4654, 2.2161
2.3074, 2.3905
2.4082, 2.1189
2.3164, 2.5142
2.3234, 2.7583
2.1630, 2.4924
2.7105, 1.6693
2.4541, 2.2881
2.6089, 2.0186
2.3426, 2.7502
2.4581, 2.2076
2.3129, 2.1164
2.4373, 2.2363
2.3421, 2.5533
2.4747, 1.9812
2.2223, 2.1544
2.6440, 2.7369
2.0742, 2.4729
2.6202, 2.4806
2.4191, 2.1322
2.4130, 2.6872
2.2251, 2.2339
2.3108, 2.0739
2.6186, 2.0989
2.5448, 1.8297
2.4070, 2.6266
2.4797, 2.4626
2.5295, 2.2697
2.1761, 2.6136
2.3426, 2.4369
2.3290, 2.4894
2.6756, 2.5451
1.9857, 2.8961
2.5709, 2.8088
2.3983, 2.3855
2.9705, 1.9039
2.3216, 1.8533
2.3296, 2.8116
2.3832, 2.5607
2.0585, 2.7131
2.4253, 2.2444
1.8910, 2.5651
2.5735, 2.5643
2.5826, 2.1365
2.3466, 2.2978
2.3263, 1.8013
2.1560, 2.4454
2.3424, 2.5440
2.3225, 2.3016
2.3554, 1.9956
2.4110, 2.2502
2.5816, 1.9580
2.3365, 2.3452
2.4926, 2.5659
2.3385, 2.0771
2.1373, 2.4440
2.2665, 2.3675
2.5732, 2.3671
2.3758, 2.6606
2.4355, 2.2293
2.1865, 2.5160
2.5512, 2.3743
2.3950, 2.1713
2.6370, 2.5116
2.3253, 2.5980
2.6060, 1.9138
2.2310, 2.6632
2.1079, 2.3816
2.4105, 2.3383
2.6965, 2.2913
2.2940, 2.5534
2.3922, 2.3670
2.4507, 2.1122
2.5438, 2.3874
2.2163, 2.3993
2.3449, 2.0752
2.6356, 2.2152
2.4683, 2.0184
2.5066, 2.0408
2.2845, 2.7069
2.5066, 2.2300
2.4568, 2.5691
2.3281, 2.0508
2.4715, 2.0906
2.4108, 2.0918
2.4011, 2.6619
2.5726, 2.1506
2.7568, 1.9939
2.8365, 1.8400
2.4264, 2.3680
2.2828, 2.4108
2.0769, 2.6138
2.4464, 2.5251
2.4030, 2.4191
2.4655, 2.2285
2.4176, 2.8484
2.0831, 2.5710
2.1985, 2.2598
2.1089, 2.7917
2.2908, 2.8007
2.5159, 2.5717
2.4977, 1.6884
2.4850, 2.2481
2.1757, 2.6810
2.5310, 2.0996
2.6486, 2.2541
2.2312, 2.5177
2.7983, 1.9728
2.2011, 2.4083
2.4022, 2.4069
2.2028, 2.5778
2.5114, 2.1169
2.4712, 2.1159
2.3710, 2.5742
2.5684, 2.4959
2.1455, 2.4219
2.3175, 2.3568
2.4652, 2.4539
2.4712, 2.8724
2.4630, 2.1481
2.2912, 2.2597
2.2819, 2.0038
2.6075, 2.1887
2.6062, 2.6681
2.4559, 2.3900
2.5733, 2.4464
2.3379, 2.0152
2.4707, 2.3558
2.5979, 2.5730
2.4631, 2.6988
2.4836, 1.9665
2.4785, 1.8825
2.3828, 2.5472
2.1524, 2.6252
2.3457, 2.5698
2.3425, 2.3868
2.3436, 2.5542
2.3251, 2.3068
2.3618, 2.4714
2.6186, 2.0401
3.0565, 2.1517
2.5950, 2.3135
2.4742, 2.1094
2.7789, 2.0164
2.2502, 2.6521
2.1170, 2.5748
2.5400, 2.6096
2.5391, 2.2055
2.2631, 2.7014
2.0938, 2.5578
2.1693, 2.7619
2.4895, 1.9491
2.3902, 2.1640
2.4200, 2.5778
2.3329, 2.5291
2.3616, 2.1888
2.5836, 2.3453
1.9846, 2.6330
2.6116, 2.0923
2.3882, 2.3019
2.3758, 2.6570
1.9687, 2.5697
2.4318, 2.5993
2.4511, 2.1957
2.5404, 2.2028
2.1597, 2.5235
2.6185, 2.1960
2.3226, 2.3793
2.3087, 2.6525
2.2348, 2.6237
2.5256, 2.3118
2.3215, 2.1915
2.1698, 2.1630
2.4680, 2.2857
2.2909, 2.3965
2.4608, 2.4277
2.1346, 2.7443
2.3664, 2.8218
2.1118, 2.2702
2.4905, 2.1579
2.5812, 1.9552
2.5029, 2.4202
2.4272, 2.2414
2.6017, 2.1925
2.2897, 2.1728
2.0788, 2.5425
2.1142, 2.2519
2.5890, 2.3019
1.9581, 2.6004
2.7086, 2.2954
2.3051, 2.1789
2.4937, 2.3201
2.2267, 2.4346
2.5165, 2.7563
2.1528, 2.4007
2.3506, 2.1964
2.2541, 2.5334
2.4093, 2.6037
2.3096, 2.1378
2.3310, 2.4489
2.4453, 2.3558
2.2023, 2.2431
2.3409, 2.0536
2.2020, 2.5352
2.2910, 2.8207
2.6657, 1.8300
2.1033, 2.6661
2.4339, 2.4246
2.2255, 2.4467
2.5437, 2.3472
2.2478, 2.2424
2.4133, 2.5288
2.4841, 2.2203
2.2459, 2.9005
2.2784, 2.6173
2.3478, 2.5037
2.4126, 2.6918
2.7003, 1.9970
2.2023, 2.3362
2.4175, 2.6918
2.6173, 2.2976
1.8812, 2.7806
2.3302, 2.1561
2.7048, 2.4186
2.1441, 2.8339
2.2673, 2.6958
2.2361, 2.6428
2.5268, 2.0799
2.2071, 2.7617
2.3356, 2.3015
2.3513, 2.6486
2.3434, 2.2264
2.2075, 2.5653
1.9688, 2.7978
2.3503, 2.2903
2.4832, 2.3949
2.6036, 2.2598
2.1403, 2.5353
2.2392, 2.5442
2.6373, 2.1105
2.7829, 2.0255
2.6319, 2.3745
2.0676, 2.3288
2.2249, 2.4499
2.1645, 2.1879
2.6331, 2.2278
1.9423, 2.4627
2.3239, 2.3725
2.3937, 2.1857
2.4057, 2.1193
2.3697, 2.2303
2.4320, 2.2853
2.3679, 2.3787
2.2982, 2.5802
2.4829, 2.2213
2.2417, 2.2649
2.4874, 2.3456
2.6329, 2.0817
2.5557, 2.6091
2.4959, 2.3008
2.2437, 2.6669
2.2583, 2.6588
2.5650, 2.3586
2.8126, 1.9015
2.5483, 1.9164
2.8934, 2.3083
2.1989, 2.6810
2.6382, 2.1077
2.3445, 2.2782
2.3500, 2.4966
2.6316, 2.1190
2.4696, 2.6735
2.3069, 2.3681
2.3669, 2.3240
2.3010, 2.3596
2.6721, 2.2512
2.3764, 2.0469
2.3721, 2.1377
2.2545, 2.5293
2.8733, 2.3769
2.3324, 2.3947
2.1576, 2.6388
2.4038, 2.3307
2.5911, 2.0363
2.4411, 2.1455
2.3581, 2.7123
2.4902, 2.2506
2.2123, 2.8009
2.2072, 2.2279
2.4687, 2.2018
2.3528, 1.7123
2.7535, 2.2021
2.6000, 2.2060
2.5093, 2.2634
2.3997, 2.3345
2.3902, 2.2073
2.3123, 2.3145
2.5717, 1.9767
2.4407, 1.8212
2.6035, 1.9070
2.3533, 2.1725
1.9897, 2.7489
2.7427, 2.0002
2.1553, 2.7619
2.1417, 2.6090
2.5294, 2.5753
2.3192, 2.2770
2.5958, 2.2940
2.3904, 2.3823
2.4228, 2.1057
2.0638, 2.7303
2.0183, 2.5810
2.3188, 1.9932
2.1004, 2.4443
2.3070, 2.3530
2.2162, 2.2813
2.2850, 2.2528
2.5750, 2.3852
2.5135, 2.0853
2.4147, 2.1835
2.6054, 2.0851
2.0545, 2.5179
2.2830, 2.4681
2.2421, 2.4322
2.4331, 2.1118
2.5655, 2.0874
2.1224, 2.7188
2.3149, 2.1176
2.3045, 2.6563
2.3291, 2.3729
2.3486, 2.0308
2.0854, 2.5013
2.5299, 2.3293
2.3749, 2.3486
2.5112, 2.4172
2.0021, 2.5201
2.2887, 2.4185
2.4684, 2.2756
2.2640, 2.6225
2.1927, 2.7410
2.1105, 2.8692
2.0865, 2.5174
2.5598, 2.0557
2.2129, 2.6620
2.1805, 2.3326
2.0088, 2.6453
2.7124, 2.2418
2.2773, 2.4064
2.1917, 2.6184
2.4298, 2.5409
2.4354, 2.5197
2.8011, 1.8498
2.3095, 2.4039
2.3568, 2.1540
2.6736, 2.0084
2.5833, 1.7942
2.1811, 2.8518
2.3657, 2.5980
2.2991, 2.7255
2.6368, 1.7269
2.3718, 2.3964
2.2375, 2.3370
2.2214, 2.5804
2.3716, 2.3043
2.6497, 2.1995
2.1835, 2.4403
2.6608, 1.9614
2.4024, 2.5424
2.3819, 2.7134
2.5378, 2.0515
2.3404, 2.5488
2.1941, 2.6199
2.3598, 2.3644
2.5344, 2.1146
2.5671, 2.2174
2.8413, 2.0127
2.3923, 2.1697
2.2946, 2.4646
2.4510, 2.6056
2.6596, 2.5458
2.7768, 1.7824
2.5152, 2.1437
2.4091, 2.6449
2.0588, 2.3570
2.4338, 2.2556
2.5728, 2.4070
2.4144, 2.2428
2.4667, 2.0429
2.1850, 2.6756
2.4759, 2.8256
2.2577, 2.5489
2.4672, 2.1251
2.7010, 2.1139
2.6918, 1.7434
2.5753, 1.8034
2.5219, 2.4912
2.3774, 2.0283
2.2325, 2.6295
2.0655, 2.6073
2.1865, 2.2749
2.2103, 2.1123
2.5046, 2.0193
2.5485, 1.8568
2.6353, 1.8304
2.8701, 2.3180
2.4899, 2.3972
2.9180, 2.1713
2.4357, 1.8906
2.2543, 2.4569
2.7903, 2.1516
2.3595, 2.4703
2.1975, 2.1525
2.2720, 2.6209
2.3956, 2.2013
2.5503, 2.2478
2.5685, 2.7973
2.4023, 2.2331
2.4055, 2.2585
2.4445, 2.2106
2.4003, 2.6218
2.3891, 2.1998
2.3878, 2.5224
2.2244, 2.3487
2.8039, 2.3059
2.5101, 2.1452
2.5015, 1.7990
2.2844, 2.6569
2.2406, 2.3263
2.5222, 2.7513
2.5849, 1.9165
2.3615, 2.3272
2.4915, 2.2000
2.2937, 2.1195
2.1157, 2.6716
2.3112, 2.6860
2.3981, 2.2853
2.2677, 2.5427
2.2452, 2.4450
2.0209, 2.7494
2.4261, 2.6039
2.3589, 2.5003
2.3935, 2.4209
1.8317, 2.3697
2.1916, 2.6677
2.2302, 2.2960
2.4545, 2.3943
2.3865, 2.3694
2.5702, 2.2541
2.5961, 2.1921
2.4119, 1.9844
2.6425, 2.7009
2.5502, 2.2663
2.0716, 2.6131
2.3752, 2.3455
2.4105, 2.5967
2.4118, 2.6262
2.4115, 2.2367
2.5327, 2.4559
2.4425, 2.0615
2.3051, 2.5086
2.3375, 2.4446
2.3692, 2.5136
2.4866, 2.0784
2.4164, 2.4317
2.5912, 2.2715
2.0710, 2.4205
2.2576, 2.3747
2.3385, 2.8134
2.5629, 2.4002
2.4952, 2.7818
2.1377, 2.6382
2.5133, 2.4387
2.2590, 2.3454
2.5105, 2.4873
2.5977, 2.6358
2.6572, 2.0858
2.5039, 1.8509
2.2327, 2.6448
2.6156, 2.3594
2.3255, 2.6281
2.3703, 2.3222
2.4652, 2.2182
2.3878, 2.1176
2.1485, 2.7061
2.4468, 2.6092
2.3525, 2.2203
2.3918, 2.7462
2.4331, 2.4643
2.3068, 2.9614
2.1880, 2.5586
2.1659, 2.3823
2.1914, 2.7103
2.4098, 2.4639
2.0597, 2.6275
2.2450, 2.0239
2.3707, 2.1989
2.0621, 2.3854
2.1218, 2.7286
2.3180, 2.2284
2.3038, 2.4314
2.4737, 2.6212
2.1774, 2.5294
2.3116, 2.4835
2.4426, 2.4356
2.3162, 2.4896
2.4364, 2.2821
2.5287, 2.4428
2.2352, 2.3818
2.2413, 2.5411
2.4608, 2.2537
2.3855, 2.1211
2.4568, 2.1437
2.4033, 2.1412
2.3488, 2.3387
2.4447, 2.3436
2.3897, 2.3645
2.3312, 2.6451
2.0578, 2.4218
2.5130, 2.3174
2.5610, 2.7172
2.5285, 2.1787
2.4175, 2.2870
2.1765, 2.3000
2.4744, 2.3255
2.3396, 2.5583
2.3945, 2.5984
2.4321, 2.6524
2.0509, 2.6872
2.7298, 2.3380
2.5269, 2.3599
2.1113, 2.7577
2.3383, 2.0626
2.4190, 2.3026
2.4208, 2.2496
2.3071, 2.0013
2.1399, 2.7135
2.2972, 2.1176
2.4664, 2.3557
2.6061, 2.4387
2.5407, 2.3520
2.5662, 2.0908
2.3207, 2.6266
2.5187, 2.4420
2.5519, 2.1253
2.2134, 2.0993
2.3519, 2.2706
2.7150, 2.5623
2.4044, 2.5773
1.9447, 2.8245
2.3203, 2.3956
2.1163, 2.4807
2.2789, 2.3662
2.3233, 2.2498
2.2729, 2.5783
2.6977, 2.1841
2.2253, 2.6750
2.6138, 2.5072
2.3327, 2.6975
1.9711, 2.3639
1.9213, 2.8418
2.8756, 1.9697
2.2423, 2.2299
2.3012, 2.4772
2.3615, 1.9454
2.8159, 2.2670
2.4863, 1.7342
2.4303, 2.6200
2.3564, 2.3727
2.6367, 2.4258
2.3552, 2.4105
2.3973, 2.1415
2.5365, 1.9342
2.5785, 2.0709
2.3792, 2.4985
2.6572, 1.8284
2.2723, 2.3019
2.6542, 2.4949
2.3423, 2.7159
2.5726, 2.3530
2.3163, 2.6591
2.3985, 2.1078
2.2155, 2.6373
2.1321, 2.4145
2.6539, 2.4748
2.1953, 2.6813
2.3879, 2.2446
2.4298, 2.7558
2.6243, 2.4026
2.4381, 2.2366
2.6619, 1.9056
2.0768, 2.7960
2.3723, 2.3976
2.5023, 2.1434
2.7527, 1.8353
2.4474, 2.3273
2.2266, 2.5352
2.3455, 2.1572
2.2671, 2.5270
2.4984, 2.2103
2.3645, 2.2251
2.4850, 2.2325
2.4314, 2.1714
2.4903, 2.2791
1.9994, 2.4844
2.6346, 1.8226
2.2231, 2.1715
2.6547, 2.5702
2.6093, 2.3293
2.3313, 2.5810
2.3599, 2.3475
2.6572, 2.1741
2.7066, 1.8061
2.3106, 2.6198
2.4904, 2.3631
2.4871, 2.4891
2.4807, 2.3998
2.4373, 2.7686
2.6991, 1.9164
2.5448, 2.2090
2.3836, 2.6288
2.4897, 2.6867
2.5717, 2.3717
2.4488, 1.9985
2.3375, 2.5033
2.3784, 2.5940
2.5376, 2.7925
2.3076, 2.5660
2.6022, 2.0911
2.4505, 2.2918
2.2934, 2.3231
2.2578, 2.6496
2.5950, 2.2433
2.4720, 2.3920
2.0603, 2.4809
2.8790, 2.2238
2.5250, 2.1597
2.3567, 2.4462
2.4671, 2.4430
2.5402, 2.1952
2.5309, 2.3485
2.4383, 2.3027
2.3325, 2.4188
2.4922, 2.6787
2.1328, 2.1884
2.6559, 1.9401
2.5232, 2.4445
2.4061, 2.2408
2.7703, 2.3769
2.5645, 2.3424
2.3970, 2.4541
2.6651, 2.1133
2.5409, 2.2378
2.2738, 2.8243
2.2706, 2.5361
2.3808, 2.1799
2.5946, 2.0528
2.0304, 2.1824
2.2522, 2.5621
2.3687, 2.4466
2.3372, 2.5115
2.3831, 2.4857
2.2357, 2.6040
2.3419, 2.2764
2.5704, 2.1538
2.5146, 2.5093
2.4044, 2.3904
2.1627, 2.6000
2.3377, 2.2677
2.2470, 2.3013
2.4877, 2.0408
2.2937, 2.6443
2.4991, 2.3433
2.4794, 1.6798
2.3159, 2.4089
2.4675, 2.1877
2.5273, 2.0864
2.5823, 2.1444
2.2561, 2.3809
2.5562, 2.7866
2.7605, 2.1270
2.6480, 2.7466
2.5638, 2.4025
2.6452, 1.9730
2.3585, 2.1554
2.0512, 2.9079
2.5379, 2.2237
2.3489, 2.7367
2.3283, 2.0920
2.4257, 2.3795
2.3849, 2.4123
2.7722, 2.0119
2.4459, 2.3786
2.6308, 2.0584
2.1295, 2.7307
2.3495, 1.9385
2.4909, 2.1093
2.4161, 2.1054
2.1393, 2.5993
2.1575, 2.3350
2.2523, 2.2983
2.3862, 2.1741
1.9775, 2.7748
2.2706, 2.7319
2.0430, 2.2665
2.2264, 2.0976
2.4768, 2.7633
2.0822, 2.7082
2.1708, 2.5599
2.3302, 2.4944
2.1666, 2.4760
2.5170, 2.1669
2.4802, 2.3182
2.5395, 2.5971
2.4760, 2.1839
2.4029, 2.4334
2.5516, 2.1472
2.2232, 2.6623
2.5742, 2.8457
2.7575, 2.3774
2.6193, 2.1223
2.4172, 2.2971
2.4075, 1.9294
1.9371, 2.8154
2.2916, 2.2544
2.0833, 2.5649
2.4191, 2.0188
2.5483, 2.2757
2.6886, 2.0091
2.6225, 2.1168
2.3973, 2.4837
2.3495, 2.3664
2.2207, 2.4754
2.4341, 2.0864
2.5508, 2.4383
2.0935, 2.8170
2.4590, 2.1418
2.3605, 2.3038
2.3486, 2.2003
1.9685, 2.6133
2.3673, 2.7313
2.5646, 2.2166
2.4494, 2.0687
2.2258, 2.7669
2.3822, 1.9891
2.6629, 2.0729
2.3550, 2.3055
2.2377, 2.2959
2.2969, 2.2798
2.2442, 2.7981
2.3583, 2.3532
2.3560, 2.5957
2.5706, 2.4595
2.2828, 2.8525
2.2763, 2.5579
2.0981, 2.4175
2.5052, 2.6688
1.8536, 2.6578
2.3430, 2.3938
1.7991, 2.4392
2.3664, 2.0228
2.3174, 2.1734
2.2561, 2.4776
2.4038, 2.1944
2.4644, 2.2922
2.6776, 2.0802
2.7774, 1.9517
2.3555, 2.5577
2.6466, 1.9456
2.1193, 2.4276
2.5122, 1.9781
2.3748, 2.8852
2.2622, 2.3677
2.4412, 2.5707
2.3199, 2.3153
2.2083, 2.3596
2.3006, 2.2449
2.3193, 2.3230
2.6134, 2.5536
2.2424, 2.5273
2.4968, 2.5157
2.4966, 2.0508
2.6601, 2.1333
2.6997, 2.2827
2.3625, 2.6219
2.4513, 2.7013
2.4617, 1.9514
2.4693, 2.1749
2.0411, 2.6060
2.1066, 2.4842
2.5883, 2.4095
2.4986, 2.2623
2.0318, 2.6495
2.3314, 2.1971
2.2865, 2.5023
2.4988, 2.0916
2.3801, 2.0953
2.5989, 2.5090
2.6364, 2.4759
2.4652, 2.1846
2.2301, 2.2742
2.5992, 2.1791
2.3311, 2.4679
2.3739, 2.1366
2.5962, 2.1368
2.3425, 2.3372
2.3656, 2.3710
2.6847, 2.1165
2.2045, 2.9392
2.4728, 2.6061
2.4358, 2.1058
2.4175, 2.1553
2.1647, 2.5249
2.3105, 2.2567
2.1628, 2.3808
2.6978, 1.9801
2.0938, 2.4813
2.5557, 2.3394
2.6300, 2.0464
2.1587, 2.3147
2.6298, 1.9056
2.4433, 2.5758
2.5074, 2.5501
2.2046, 2.5550
2.3330, 2.2126
2.6453, 2.1660
2.1927, 2.4553
2.9793, 2.1248
2.2078, 2.4768
2.2207, 2.4774
2.4698, 2.0794
2.3851, 2.2108
2.4700, 2.2770
2.5352, 2.6921
2.5502, 2.2233
2.2143, 2.2586
2.3439, 2.2676
2.5062, 2.2162
2.7619, 2.3168
2.3683, 2.1426
2.6489, 2.5875
2.0419, 2.7376
2.3478, 2.1073
2.3161, 2.5272
2.2415, 2.8736
2.4703, 2.2742
2.5267, 2.2653
2.2762, 2.4569
2.0804, 2.2596
2.1993, 2.6041
2.4255, 2.3696
2.5255, 2.5885
2.6129, 2.2708
2.5026, 2.3774
2.1384, 2.2485
2.6486, 2.2793
2.3550, 2.2485
2.5245, 2.2264
2.5577, 2.2566
2.5043, 2.3578
2.3802, 2.1396
2.2174, 2.4973
2.2885, 2.1562
2.2503, 2.4128
2.2852, 2.2699
2.3045, 2.3621
2.6187, 2.0846
2.6700, 2.1304
2.4868, 2.2737
2.4328, 2.5808
2.1529, 2.2802
2.3755, 2.1254
2.6299, 1.9824
2.0874, 2.3713
2.7294, 2.2355
2.5503, 2.3233
2.4183, 2.1206
2.1682, 2.4543
2.2986, 2.6065
2.6482, 2.1190
2.0813, 2.7947
2.2957, 2.4837
2.0009, 2.6587
2.0321, 2.6435
2.2971, 2.2200
2.0422, 2.7509
2.1108, 2.5099
2.7403, 1.9199
2.6440, 2.0557
2.6333, 2.0556
2.5168, 2.3554
2.1496, 2.8242
2.4872, 2.3221
2.4824, 2.4693
2.4272, 1.9362
2.2904, 2.8517
2.3617, 2.2057
2.2019, 2.7974
2.4571, 2.7667
2.4804, 2.1479
2.6045, 2.4002
2.3367, 2.1675
2.2815, 2.5140
2.5004, 2.7943
2.5304, 2.6137
2.3173, 2.2758
2.6668, 1.9329
2.2307, 2.2584
1.7305, 2.6550
2.0393, 2.7759
2.4830, 2.6589
2.3268, 2.3812
2.3832, 2.0982
2.4861, 2.2332
2.4313, 2.6547
2.4018, 2.2967
2.2614, 2.4850
2.4530, 2.4145
2.3915, 2.6998
2.6636, 2.4693
2.8710, 2.3242
2.3652, 2.5665
2.5595, 2.2499
2.4879, 2.0801
2.4676, 2.0533
2.0588, 2.8566
2.1199, 2.4385
2.3975, 2.1922
2.4307, 2.5633
2.1719, 2.5335
2.5718, 2.5447
2.2479, 2.5983
2.4216, 2.3624
2.3479, 2.5614
2.6226, 2.3469
2.3860, 2.7233
2.3167, 2.3589
2.0251, 2.2018
2.5445, 2.3263
2.0165, 2.6862
2.7085, 2.1779
2.4109, 2.3532
2.0644, 2.5350
2.6088, 2.0479
2.0674, 2.4852
2.4996, 2.0456
2.0672, 2.8195
2.4885, 2.3729
1.9842, 2.6224
2.0771, 2.5192
2.3828, 2.2033
2.6614, 2.3757
2.3075, 2.3938
2.2715, 2.2672
2.4830, 2.1956
2.5326, 2.2851
2.1546, 2.6418
2.3255, 2.4138
2.3641, 2.5601
2.3408, 2.1293
2.2815, 2.4844
2.4402, 1.8888
2.6349, 2.0688
2.3597, 2.4067
2.3762, 2.1155
2.4321, 2.4786
2.2621, 2.7102
1.9934, 2.5722
2.4005, 2.3650
2.3844, 2.1769
2.0562, 2.6848
1.9654, 2.6709
2.6117, 2.1666
2.5308, 2.7593
2.4511, 1.8129
2.2045, 2.7148
2.3100, 2.2869
2.6600, 2.0881
2.7675, 2.2814
2.6133, 2.1610
2.2125, 2.7231
2.2995, 2.2288
2.5057, 2.2847
2.3230, 2.4113
2.3958, 2.2481
2.4798, 2.2412
2.5489, 2.3229
2.3646, 2.4673
2.3491, 2.1865
2.5098, 2.2114
2.5769, 2.7607
2.5543, 2.3270
2.2385, 2.4932
2.4241, 1.9884
2.1375, 2.5773
2.4041, 2.2140
2.6778, 2.3147
2.2917, 2.4343
2.6910, 2.4226
2.2386, 2.3293
2.3229, 2.0927
2.4219, 2.3990
2.7673, 2.0854
2.5695, 2.1601
2.3350, 2.6606
2.3846, 1.8974
2.3287, 2.5445
2.3573, 2.2634
2.4262, 2.0698
2.3095, 2.5197
2.4494, 2.5056
2.2228, 2.3283
2.6363, 2.4832
2.1285, 2.6857
2.3747, 2.2748
2.6609, 2.2090
2.6897, 1.9386
2.2486, 2.6147
2.5440, 2.4980
2.3061, 2.4544
2.4315, 2.2784
2.3931, 1.9632
2.2790, 2.1312
2.8012, 2.1252
2.2539, 2.5209
2.6802, 2.7150
2.6634, 1.9597
2.6701, 2.3641
2.4778, 2.3479
2.1849, 2.5315
2.4423, 2.1764
2.2328, 2.6111
2.2942, 2.2698
2.8390, 2.1865
2.3850, 2.3195
2.3008, 2.3886
2.3096, 2.2893
2.1736, 2.2948
2.3546, 2.3500
2.3789, 2.6031
2.3647, 1.9120
2.3453, 2.4662
2.0385, 2.7514
2.2763, 2.1264
2.3424, 2.2657
2.1490, 2.0126
2.5635, 2.4586
2.3315, 2.0687
2.5057, 2.2633
2.6929, 2.2975
2.4067, 2.1720
2.3126, 2.2671
2.8619, 1.7227
2.2913, 2.3450
2.3419, 2.5644
2.4018, 2.1733
2.7535, 1.9085
2.2908, 2.4586
2.3839, 2.4935
2.3406, 2.6183
2.6040, 2.3935
2.5643, 2.3155
2.4073, 2.2815
2.1631, 2.5227
2.4618, 2.0871
2.3350, 2.4792
2.1613, 2.2978
2.4771, 2.3728
2.4531, 2.5633
2.3874, 2.1449
2.2519, 2.1152
2.5652, 2.2823
2.5324, 1.9127
2.4169, 2.2088
1.7767, 2.6732
2.5033, 2.1842
2.1881, 2.4615
2.4097, 2.2634
2.2301, 2.6050
2.2734, 2.3276
2.2427, 2.5822
2.5375, 2.3920
2.4372, 2.2987
2.1713, 2.8324
2.2632, 2.4346
2.0888, 2.7564
2.4309, 1.8579
2.6758, 1.8966
2.2300, 2.5895
2.6274, 2.2405
2.5651, 2.1050
2.5627, 2.0999
2.4015, 2.9460
2.5997, 2.2918
2.6144, 2.2920
2.7080, 2.5344
2.3645, 2.3709
1.9751, 2.8328
2.4574, 2.3614
2.4403, 2.0111
2.5920, 2.2963
2.2356, 2.6211
2.4000, 2.3416
2.4161, 2.1337
2.4421, 2.4913
2.4198, 2.2634
2.1478, 2.7064
2.3998, 2.3627
2.4181, 2.7644
2.4642, 2.1012
2.2807, 2.5847
2.2658, 2.4837
2.6847, 2.2931
2.8876, 2.2990
2.2339, 2.1231
2.2795, 2.5367
2.8444, 2.0930
2.4958, 2.6746
2.5660, 1.9855
2.4279, 2.3120
2.4566, 2.2792
2.4064, 1.8021
2.6156, 2.3269
2.6433, 2.0394
1.7486, 2.4276
2.4042, 2.6222
2.4528, 2.1070
2.4350, 2.2957
2.1255, 2.2043
2.4807, 2.7190
2.3290, 2.0723
2.5224, 1.9314
2.4057, 2.1854
2.4688, 2.3279
2.3457, 2.0721
2.3711, 2.5242
2.1882, 2.5860
2.1231, 2.7571
2.4836, 2.8914
2.3568, 2.4586
2.1503, 2.3869
1.8497, 2.7284
2.1973, 2.6563
2.5289, 2.2444
2.6216, 2.3638
2.8275, 2.5075
2.3845, 1.9504
2.3224, 2.3025
2.2493, 2.7042
2.3788, 2.2318
2.3402, 2.2261
2.2807, 2.2905
2.3081, 2.3632
2.2409, 2.6611
2.4251, 2.3392
2.2831, 2.5918
2.7908, 2.0738
2.0456, 2.4008
2.1069, 2.5566
2.5116, 2.0761
2.2689, 2.2130
2.5001, 2.3527
2.5491, 2.6758
2.4675, 2.0592
2.4752, 2.2486
2.4810, 2.2675
2.4170, 1.9844
2.5288, 2.5404
2.2599, 2.1544
2.2752, 2.4318
2.4834, 1.9479
2.2995, 2.7057
2.4175, 2.3281
2.5415, 2.5727
2.5282, 2.0506
2.2647, 2.9412
2.3376, 2.2760
2.5110, 2.5759
2.5433, 2.0895
2.4455, 2.3871
2.2845, 2.2060
2.5510, 2.3295
2.4774, 2.4745
2.1992, 2.3770
2.3355, 2.6067
2.2736, 2.1956
2.5094, 2.1011
2.3726, 2.7021
2.5132, 2.1996
2.3250, 2.4545
2.6807, 2.5556
2.4110, 2.4064
2.5172, 2.0852
2.4476, 2.3485
2.1123, 2.6104
2.4264, 1.8348
2.3696, 2.0656
2.6772, 2.0193
2.5095, 2.0873
2.3542, 2.3557
2.3133, 2.4095
2.1787, 1.9090
2.4655, 2.7088
2.1251, 2.3629
2.3981, 2.0158
2.0840, 2.7225
2.3379, 2.2177
2.4045, 2.7212
2.3298, 2.2439
2.2399, 2.2907
2.2795, 2.3290
2.2244, 2.3906
2.3889, 2.4129
2.7132, 2.2226
2.4128, 2.6015
2.3136, 2.4695
2.7608, 2.1462
2.5553, 2.0692
2.3123, 2.1827
2.5671, 1.9050
2.6014, 2.4101
2.5888, 2.4236
2.1551, 2.4369
2.3813, 2.2783
2.5263, 2.3780
2.2026, 2.5750
2.4306, 2.3463
2.5945, 2.2895
2.3332, 2.6654
2.3711, 2.3079
2.5059, 2.1930
2.5423, 1.8673
1.9600, 2.3627
2.1183, 2.3789
2.1911, 2.3694
2.5192, 2.3938
2.5165, 2.6290
2.2385, 2.5441
2.4831, 2.6766
2.8514, 2.0934
2.4228, 2.1249
2.3018, 2.6688
2.5707, 2.2181
2.4750, 2.4094
2.3346, 2.3274
2.4666, 2.4471
2.3487, 2.1427
2.4664, 2.0142
2.3558, 2.3922
2.4089, 2.1869
2.2034, 2.3737
2.4175, 2.2407
2.3940, 1.6363
2.5322, 2.2424
2.2814, 2.2608
2.9877, 2.2973
2.2284, 2.6041
2.4315, 2.5536
2.4644, 2.2780
2.3380, 2.2809
2.3756, 2.5437
2.4807, 2.0928
2.9209, 2.2539
2.5648, 2.5658
2.4316, 2.0717
2.5590, 2.2040
2.5175, 2.1965
2.3666, 2.3880
2.4547, 2.1607
2.4554, 2.0084
2.3776, 2.0262
2.5435, 2.1628
2.5120, 2.7024
2.2145, 2.4207
2.4065, 2.0710
2.6673, 2.0590
2.3019, 2.5203
2.5860, 2.3270
2.6314, 1.8807
2.9101, 2.0361
2.3901, 2.2818
2.2164, 2.2354
2.5530, 2.2834
2.6184, 1.9008
2.2811, 2.5630
2.5635, 2.2855
2.1663, 2.7829
2.3136, 2.3788
2.3947, 2.2843
2.1124, 2.6511
2.3288, 2.2234
2.2079, 2.4365
2.4050, 2.4287
2.4351, 2.5329
2.1781, 2.3031
2.5380, 1.8941
2.2072, 2.4045
2.9519, 2.5207
2.3995, 2.2908
2.3873, 2.2746
2.2594, 2.5740
2.6359, 2.4810
2.4619, 2.5324
2.3382, 2.4659
2.6849, 2.8842
2.2378, 2.2790
2.7797, 2.3531
2.2295, 2.0697
2.2038, 2.5140
2.4009, 2.3911
2.0033, 2.7627
2.4226, 2.2864
2.6521, 2.2223
2.0513, 2.5719
2.1576, 2.6975
2.3449, 2.4203
2.3835, 2.8321
2.3205, 2.6480
2.1003, 2.7429
2.4248, 2.0174
2.4814, 2.2322
2.1536, 2.6283
2.3998, 2.6506
2.4031, 1.8381
2.5459, 2.1465
2.3066, 2.3297
2.3069, 2.5874
2.7386, 1.9976
2.3966, 2.4678
2.4439, 2.4762
2.3692, 2.5435
2.3618, 2.5390
2.4165, 2.1014
2.3242, 2.4401
2.6263, 2.0975
2.4778, 2.1755
2.3560, 2.8914
2.6971, 2.4168
2.3778, 2.5125
2.3133, 2.4436
2.2811, 2.5410
2.5339, 2.0390
2.5700, 2.1810
2.2816, 2.7860
2.3912, 2.2971
2.3988, 2.5263
2.1278, 2.4277
2.2249, 2.7401
2.4784, 2.7403
2.4699, 2.3481
2.4673, 2.5135
2.4854, 2.2099
2.7043, 2.2588
2.5449, 2.0161
2.3421, 2.0268
2.5045, 2.1189
2.5407, 2.2694
2.6313, 2.0670
2.4844, 1.8567
2.2651, 2.3030
2.3851, 2.0707
2.3981, 2.5194
2.2302, 2.4966
2.1963, 2.4264
2.3492, 2.2432
2.4401, 2.1185
1.7465, 2.5155
2.3334, 2.3506
2.4088, 2.7529
2.4037, 2.1197
2.6535, 2.4916
2.6080, 2.4109
2.4620, 1.9024
2.4007, 2.1901
2.8636, 2.3472
2.4506, 2.3812
2.4221, 2.4896
2.1639, 2.4904
2.0937, 2.4923
2.5876, 2.7850
2.2305, 2.2749
2.3054, 2.4584
2.4871, 2.1803
2.6435, 2.5649
2.4997, 2.8121
2.3426, 2.1767
2.4172, 2.1991
2.0645, 2.3740
2.0995, 2.6698
2.2614, 2.6620
2.5095, 2.5413
2.4008, 2.2411
2.8614, 2.3443
2.2874, 2.3846
2.3778, 2.2804
2.4966, 1.9389
2.2981, 2.2188
2.6011, 2.4913
2.1106, 2.8700
1.9941, 2.6819
2.2561, 2.2159
2.9584, 2.3747
2.4195, 2.2509
2.2915, 2.1923
2.5744, 2.2515
2.5354, 2.1536
2.5477, 2.3765
2.6157, 2.6033
2.3524, 2.5948
2.5215, 2.5532
2.3538, 2.5037
2.4568, 2.7444
2.5564, 2.6678
2.5311, 2.5702
2.4832, 2.5843
2.5053, 2.4202
2.3707, 2.7632
2.1768, 2.2936
2.2090, 2.7944
2.2472, 2.4007
2.3710, 2.3940
2.4221, 2.7037
2.0482, 2.7793
2.5194, 2.2383
2.3288, 2.2433
2.6223, 2.8003
2.2370, 2.4002
1.9997, 2.7315
2.2104, 2.4391
2.6462, 2.3639
2.4382, 2.3742
2.7287, 1.8209
2.2283, 2.0467
2.0110, 2.6806
2.6179, 2.0638
2.4596, 2.0000
2.3579, 2.2161
2.4002, 2.0408
2.4074, 2.4051
2.3651, 2.1086
2.4659, 2.2241
2.2741, 2.2689
2.1150, 2.4665
2.1748, 2.4930
2.4041, 2.0361
2.1966, 2.6187
2.3497, 2.6107
2.1956, 2.7018
2.7292, 1.8453
2.6845, 2.4782
2.1476, 2.5773
2.4674, 2.0085
2.1528, 2.7482
2.3361, 2.2515
2.3157, 2.4359
2.5425, 1.9650
2.5761, 2.8445
2.4040, 2.6884
2.2963, 2.4473
2.4738, 2.5607
2.6810, 1.9879
2.4308, 2.1463
2.6585, 2.2994
2.3662, 2.4533
2.3721, 2.3699
2.1377, 2.2682
2.4530, 2.0756
2.5549, 2.4547
2.5536, 2.1009
2.4030, 2.3684
2.4646, 2.5713
2.3909, 2.2855
2.3085, 2.4913
2.1508, 2.6663
2.2477, 2.2196
2.5849, 2.1079
2.2898, 2.4289
2.2131, 2.4258
2.2015, 2.4468
2.4377, 2.2461
2.6332, 2.5266
2.3561, 2.2463
2.7463, 2.4243
2.4548, 2.3265
2.5785, 2.1063
2.3150, 2.3359
2.6425, 1.9468
2.1243, 2.0592
2.5055, 2.1671
2.3442, 2.5975
2.0483, 2.7785
2.3694, 2.4021
2.6421, 2.3163
2.5934, 2.3022
2.3409, 2.5819
2.5472, 2.0189
2.1115, 2.7696
2.4914, 2.4265
2.4993, 2.0587
2.5587, 2.6152
2.4454, 2.3911
2.4064, 2.3127
2.5646, 2.1478
2.6654, 2.8351
2.2390, 2.6015
2.4545, 2.4356
2.4526, 2.1732
2.3516, 2.3618
2.2064, 2.2443
2.5122, 2.3616
2.4114, 2.5125
2.3586, 2.6004
1.8514, 2.7410
2.2655, 2.6328
2.1273, 2.5134
2.1546, 2.2285
2.4461, 2.0986
2.3616, 2.4640
2.5477, 2.3384
2.2508, 2.5530
2.3465, 2.6695
2.1622, 2.2787
2.4436, 2.4184
2.0732, 2.5728
2.2152, 2.5158
2.8184, 1.9808
2.2976, 2.2943
2.0847, 2.6270
2.3093, 2.2911
1.8828, 2.5382
2.3574, 2.2312
2.5945, 2.5390
2.2037, 2.8163
2.2008, 2.1727
2.4394, 2.3621
2.4059, 1.9871
2.2349, 2.7254
2.8749, 2.2955
2.6022, 2.3961
2.3786, 2.1965
2.4499, 2.0821
2.4126, 2.3406
2.5905, 2.4915
2.1140, 2.6908
2.2486, 2.2328
1.9979, 2.2675
2.5918, 2.0064
2.4361, 2.2854
2.4283, 2.1355
2.3076, 2.8269
2.6305, 2.1417
2.4064, 2.6132
2.3662, 2.0543
2.3773, 2.2575
2.5485, 2.6583
2.4573, 2.1836
2.3640, 2.7089
2.4353, 2.0589
2.5026, 2.1537
2.3366, 2.5139
2.4409, 2.0419
2.3382, 2.3691
2.4148, 2.0979
2.1381, 2.5901
2.1190, 2.2727
2.9417, 2.2987
1.9559, 2.1899
2.3754, 2.5807
2.8024, 2.0265
2.2976, 2.2606
2.1246, 2.7785
2.2303, 2.4283
2.5640, 2.1154
2.7223, 2.2181
2.3448, 2.4819
2.4484, 2.2636
2.6025, 2.4971
2.4388, 2.5584
2.1320, 2.6521
2.3997, 2.3812
2.3559, 2.3852
2.4593, 2.6005
1.8957, 2.6118
2.4903, 2.2391
2.4597, 2.4195
2.3049, 2.7076
2.1924, 2.9242
2.6175, 2.0464
2.4147, 1.7319
2.5537, 2.3750
2.4429, 2.0684
2.4747, 2.3581
2.1875, 2.5248
2.6524, 2.0310
2.5150, 2.3245
2.1807, 2.6747
2.3484, 2.2996
2.8035, 2.2862
2.2430, 2.5772
2.3554, 2.0449
2.3272, 2.2019
2.7102, 2.6536
2.2756, 2.1766
2.3970, 2.2938
2.4575, 2.2377
2.7556, 2.5787
2.2616, 2.4278
2.4822, 2.1238
2.3174, 2.2856
2.4348, 2.3170
2.5231, 1.9895
2.3846, 2.2590
2.5580, 2.2685
2.5647, 2.1927
2.3646, 2.6259
2.1964, 2.3346
2.2997, 2.3832
2.6710, 2.0174
2.2009, 2.4791
2.2499, 2.8149
2.1680, 2.6380
2.4741, 2.4413
1.9375, 2.7567
2.3783, 2.3893
1.9800, 2.8609
2.3564, 1.9285
2.7267, 2.0087
2.1022, 2.4489
2.5044, 2.1887
2.4285, 2.3219
2.4987, 2.2456
2.4764, 2.5245
2.5333, 2.5287
2.2447, 2.5933
2.4214, 2.2321
2.6206, 2.7326
2.5130, 2.2624
2.4646, 1.9214
2.8419, 2.6106
2.8989, 2.4075
2.3339, 2.5661
2.2448, 2.7310
2.3160, 2.8419
2.3790, 2.3818
2.2945, 2.5545
2.5575, 2.6502
2.3710, 2.0842
2.3436, 2.3340
2.4179, 2.0741
2.3288, 2.3008
2.2790, 2.2390
2.2294, 2.2757
2.5100, 2.1275
2.3316, 2.4336
2.3829, 2.1457
2.6773, 1.8787
2.3629, 2.2470
2.4169, 2.3975
2.5158, 1.9365
2.7235, 2.4101
2.4472, 2.1964
2.5528, 2.0723
2.1230, 2.5180
2.4506, 2.1631
2.3639, 2.7902
2.9081, 2.1061
2.6953, 2.1392
2.2897, 2.1843
2.4053, 2.2837
2.3872, 2.3835
2.5265, 1.9810
2.2338, 2.6495
2.2789, 2.5420
2.3114, 2.4174
2.5717, 2.1001
2.2159, 2.3589
2.3680, 2.4374
2.5068, 2.1831
2.1430, 2.5765
2.3756, 2.3729
2.4638, 2.5735
2.5419, 2.0463
2.3639, 2.6390
2.5923, 2.1004
2.6872, 2.7538
2.1602, 2.7898
2.4100, 2.1812
2.5112, 2.4234
2.4382, 2.3326
2.5125, 2.0529
2.4448, 2.2342
2.2753, 2.2989
2.1916, 2.5459
2.1782, 2.2841
2.6388, 2.2163
1.9152, 2.8312
2.4875, 2.5863
2.3627, 2.3064
2.5825, 2.6354
2.5827, 2.1665
2.0717, 2.7234
2.2237, 2.5262
2.2045, 2.4824
2.7065, 2.1193
2.4317, 2.2693
2.3212, 2.2357
2.5998, 2.4471
1.9182, 2.4550
2.3045, 2.3409
2.1913, 2.2053
2.4693, 2.4629
2.3436, 2.5885
2.3723, 2.2730
2.5611, 2.3701
2.7566, 1.9750
2.1171, 2.6347
2.2389, 2.2855
2.0932, 2.6220
2.2862, 2.1599
2.4750, 2.2285
2.3209, 2.1722
2.3853, 2.5847
2.2778, 2.2862
2.4853, 2.0523
2.2967, 2.6726
2.4769, 2.3005
2.2110, 2.5646
2.4482, 2.2685
2.3472, 1.8986
2.3954, 2.4417
2.4384, 2.6499
2.3384, 2.2723
2.6224, 2.0279
2.4323, 2.8846
2.0494, 2.7859
2.3112, 2.4492
2.1986, 2.6215
2.1996, 2.8891
2.1898, 2.5883
2.3884, 2.2170
2.0912, 2.8033
2.4583, 2.2667
2.0745, 2.4425
2.2611, 2.7157
2.3361, 2.8510
2.4406, 2.5436
2.1903, 2.6669
2.5377, 2.1364
2.2673, 2.2313
2.3116, 2.3784
2.3697, 2.0266
2.4294, 2.3191
2.3627, 2.2808
2.3653, 2.3101
2.0533, 2.7319
2.5794, 2.2836
2.5334, 2.4975
2.1449, 2.5557
2.3313, 2.3453
2.4744, 2.0071
2.3910, 2.0151
2.3302, 2.4550
2.4622, 2.3560
2.4384, 2.6457
2.1784, 2.2454
2.3276, 2.3093
2.3658, 2.5098
2.2912, 2.5761
2.7164, 1.7758
2.6304, 2.2037
2.2535, 2.6085
2.5178, 2.7896
2.4743, 1.8128
1.7605, 2.6821
2.4417, 2.5067
1.6079, 2.7124
2.0661, 2.7299
2.5244, 2.6300
2.3527, 2.3200
2.6283, 2.1504
2.4299, 2.8522
2.4564, 2.3298
2.5245, 2.7739
2.7015, 1.8531
2.8184, 2.0816
2.2356, 2.4392
2.4840, 2.2706
2.4674, 2.2945
2.6563, 2.1593
2.1539, 2.4443
2.2402, 2.4066
2.4023, 2.6421
2.4026, 2.1922
2.5088, 2.5548
2.1415, 2.1918
2.6237, 1.9600
2.3748, 2.2262
2.2915, 2.7563
2.5711, 2.7777
2.3845, 2.1050
2.6230, 2.3880
2.4106, 2.6567
2.4539, 2.7656
2.0411, 2.2456
2.3864, 2.1439
2.2456, 2.7019
2.4881, 1.8786
2.3267, 2.6386
2.7138, 1.7829
2.3819, 2.5556
2.3460, 2.6113
2.5906, 2.2590
2.4737, 2.1334
2.4713, 2.2537
2.5467, 2.3000
1.9760, 2.2541
2.4911, 2.2496
2.3753, 2.6278
2.4872, 2.5609
2.3246, 2.2266
2.5528, 2.2185
2.3393, 2.6251
2.3495, 2.7020
2.5209, 2.2969
2.2812, 2.1911
2.5655, 2.2186
2.2492, 2.8364
2.1897, 2.2439
2.4559, 2.2480
2.4380, 2.5170
2.2988, 2.3762
2.3208, 2.2295
2.1699, 2.2390
2.3536, 2.8016
2.5068, 1.9362
2.1923, 2.6143
2.6210, 2.2457
2.5755, 2.0700
2.5309, 2.3573
2.3201, 2.2798
2.8461, 2.4065
2.3977, 2.8586
2.2528, 2.9028
2.4082, 2.2644
2.4278, 2.4845
2.0142, 2.8264
2.7518, 2.0875
2.4121, 2.2643
2.4430, 2.3413
2.2976, 2.5862
2.5771, 2.8089
2.1699, 2.4648
1.9896, 2.6855
2.5675, 1.8412
2.1429, 2.4314
2.2358, 2.2346
2.4020, 2.5349
2.5579, 2.0911
2.3906, 2.2456
2.4729, 2.7432
2.4221, 2.3398
2.4840, 2.7193
2.1515, 2.6565
2.5341, 2.1572
2.1284, 2.2566
2.1134, 2.4572
2.3901, 2.3758
2.3671, 2.7133
2.4169, 2.3739
2.5904, 2.2109
2.4177, 2.8136
2.4749, 2.4158
2.4961, 2.2420
2.2503, 2.0370
2.5935, 2.6293
2.3735, 2.0003
2.4522, 2.3997
2.6446, 2.3971
2.5941, 2.1086
2.2208, 2.5852
2.4737, 2.4688
2.2381, 2.5871
2.3485, 2.6524
2.3656, 2.2964
2.2487, 2.3434
2.6327, 2.2319
2.5013, 2.0591
2.5131, 2.3835
2.2525, 2.4045
2.6117, 2.3447
2.2510, 2.2686
2.4387, 2.0140
2.2378, 2.5086
2.5142, 2.2988
3.1088, 1.9549
2.1585, 2.6267
2.4250, 2.4553
2.5447, 1.9352
2.4560, 1.7474
2.1539, 2.5233
2.0593, 2.2242
2.4923, 2.5550
2.6801, 2.4380
2.2938, 2.3021
2.2686, 2.0261
2.2836, 2.1207
2.1962, 2.6508
2.4432, 2.3425
2.4498, 2.2947
2.1748, 2.4826
2.4956, 2.4884
2.3301, 2.3771
2.1640, 2.6678
2.0970, 2.2116
2.8100, 2.3239
2.2949, 2.4471
2.3859, 2.5604
2.4454, 2.2576
2.3350, 2.1898
2.2911, 2.4256
2.5703, 1.8918
2.1734, 2.6231
2.4604, 2.6414
2.2052, 2.6701
2.2833, 2.5236
2.0815, 2.6743
2.1691, 2.4918
2.4758, 2.2201
2.5091, 2.7177
2.4189, 2.4860
2.5771, 2.1343
2.5538, 2.5852
2.3293, 2.5609
2.5668, 2.6136
1.9014, 2.4349
2.4332, 2.3069
2.6310, 2.2433
2.4291, 1.8643
2.8619, 2.5621
1.9534, 2.5292
2.3012, 2.1219
2.4264, 2.2504
2.5866, 1.7777
2.3439, 2.6034
2.3676, 2.2740
2.3939, 2.3322
1.9177, 2.7868
2.0281, 2.8868
2.4485, 2.2839
2.6637, 2.3794
2.8463, 2.6858
2.2448, 2.5583
2.1490, 2.3238
2.2187, 2.4759
2.5528, 2.4915
2.5012, 2.3768
2.1427, 2.4178
2.4817, 2.1323
2.3017, 2.3076
2.4023, 2.0991
2.0461, 2.5268
2.3496, 1.9748
2.2272, 2.2997
2.3709, 2.6185
2.4654, 2.6179
2.5386, 2.2079
1.9965, 2.7736
2.7524, 2.1442
2.5732, 2.4579
2.0407, 2.1565
2.3566, 1.8840
2.2718, 2.3222
2.1650, 2.5817
2.4379, 2.4955
2.3339, 2.3620
2.4492, 2.0488
2.3268, 2.3780
2.5799, 2.7110
2.3383, 2.3465
2.3137, 2.2236
2.4700, 2.5612
2.2005, 2.6039
2.3257, 2.4223
2.1031, 2.1199
2.3986, 2.1693
2.5484, 2.2476
2.6121, 1.9810
2.4826, 2.2388
2.3938, 2.6352
2.1144, 2.7131
2.4535, 2.2757
2.0586, 2.4464
2.4456, 2.0402
2.4569, 2.2038
2.1841, 2.5499
2.2358, 2.1826
2.7144, 2.0016
2.5775, 2.7463
2.3048, 2.5202
2.3920, 2.2313
2.5033, 2.4388
2.2997, 2.1491
2.4549, 2.3169
2.5957, 2.6104
2.4161, 2.3279
2.3191, 2.6380
2.5351, 1.9463
2.2996, 2.2472
2.3843, 2.4628
2.6080, 2.2491
2.1539, 2.4118
2.1699, 2.3266
2.3646, 2.3598
2.3559, 2.2915
2.4544, 2.4903
2.5795, 2.0811
2.1780, 2.6268
2.4733, 2.0724
2.3627, 2.0345
2.2682, 2.2644
2.6732, 2.2312
2.6970, 2.6673
2.4384, 2.2759
2.2255, 2.3209
2.5202, 1.8443
2.4329, 2.0223
2.2189, 2.3793
2.3408, 2.2595
2.4759, 2.0952
2.0980, 2.9066
2.4589, 2.3156
2.3811, 2.4852
2.6954, 2.2915
2.1512, 2.3442
2.5196, 1.9023
2.2343, 2.0635
2.6528, 2.3832
2.2580, 2.4491
2.3670, 2.2639
2.4232, 2.3785
2.5992, 1.8638
2.4827, 2.6087
2.3925, 2.1365
2.4424, 2.1186
2.2979, 2.3288
2.1685, 2.3784
2.4128, 2.4759
2.1157, 2.4561
2.3781, 2.4589
2.7857, 2.2285
2.3810, 2.2361
1.8499, 2.7686
2.3706, 2.3188
2.0942, 2.7738
2.2210, 2.5479
2.5889, 2.1290
2.3832, 2.7353
2.6209, 2.3130
2.5122, 2.3380
2.5664, 2.3376
2.3198, 2.2439
2.4524, 2.2056
2.3942, 2.5708
2.2544, 2.1481
2.4949, 2.2080
2.1963, 2.6004
2.5954, 2.6725
2.2741, 2.7913
2.6295, 2.3084
2.5302, 2.5601
2.5663, 1.9770
2.2459, 2.4341
2.1648, 2.1522
2.2478, 2.3350
2.4426, 2.2954
2.5684, 2.6987
2.2659, 2.5320
2.7504, 2.7913
2.3494, 2.0799
2.4155, 2.1514
2.5890, 2.0580
2.5484, 2.0975
2.2675, 2.1574
2.4042, 2.3837
2.3653, 2.4820
2.1655, 2.7146
2.3866, 2.1955
2.5949, 2.3077
2.3149, 2.5789
2.3818, 2.1772
2.4212, 2.0982
2.3686, 2.1233
2.7280, 1.9274
2.6719, 1.9584
2.6846, 2.2978
2.2596, 2.6210
2.6996, 2.3601
2.5084, 2.2538
2.4637, 2.2324
2.4984, 2.3504
2.4584, 2.1937
2.2622, 2.1267
2.5609, 2.6298
2.1566, 2.4339
2.3297, 2.5453
2.4757, 2.4405
2.3078, 2.0372
2.2807, 2.5208
2.1031, 2.5211
2.4441, 2.4982
2.3509, 2.2473
2.5624, 2.3516
2.2890, 2.7958
2.3322, 2.1692
2.1735, 2.6689
2.3418, 2.6358
2.5172, 2.5502
2.6438, 2.4908
2.6722, 2.2781
2.3284, 2.0961
2.2827, 1.8452
2.2152, 2.4312
2.5029, 2.7389
2.8043, 2.0905
2.1920, 2.5723
2.5824, 2.4155
2.5439, 2.6539
1.8924, 2.5137
2.3941, 2.5577
2.4019, 2.2835
1.8553, 2.7499
2.3459, 2.0060
2.3175, 2.1266
2.2744, 2.5011
2.5801, 2.0533
2.3619, 2.0046
2.1736, 2.5964
2.2793, 1.9206
2.7455, 1.9743
2.6300, 1.9578
2.6198, 2.3151
2.1156, 2.5414
2.4879, 2.2657
2.7345, 2.0914
2.7269, 1.9262
2.3154, 2.7041
2.1492, 2.6384
2.5217, 1.9665
2.5030, 2.1698
2.4277, 2.2967
2.1149, 2.4780
2.2995, 2.2547
2.7268, 1.5973
2.3920, 2.2978
2.5771, 2.2822
2.5484, 2.2893
2.4316, 2.5736
2.6692, 2.2204
2.5452, 2.1742
1.9816, 2.6518
2.4544, 2.8660
2.4841, 1.8933
2.2967, 2.3332
2.3345, 2.1075
2.2509, 2.2565
2.4235, 2.4624
2.3500, 2.7810
2.7302, 2.2292
2.5719, 2.5292
2.6186, 2.5565
2.1723, 2.5961
1.9959, 2.4518
2.4764, 2.5495
2.6362, 2.7203
2.2369, 2.2350
2.5583, 2.4700
2.4638, 2.1795
2.4826, 2.5317
2.5237, 2.0721
2.3591, 2.7355
2.3954, 2.3612
2.5875, 2.6202
2.5337, 2.4403
2.4386, 2.1823
2.3701, 2.3633
2.2582, 2.6985
2.5018, 2.0423
2.4937, 2.4585
2.5695, 2.3939
2.1658, 2.2735
2.4232, 2.4808
2.6098, 2.2845
2.3159, 2.0587
2.1400, 2.5415
2.1657, 2.4176
1.9745, 2.5379
2.2295, 2.1371
2.2479, 2.5521
2.5188, 2.1092
2.7654, 2.3071
2.5388, 2.5929
2.3201, 2.5505
2.3248, 2.4158
2.4005, 2.0069
2.4976, 2.3040
2.4783, 2.5696
2.2515, 2.1263
2.4196, 2.2510
2.4560, 1.9595
2.5824, 2.1661
2.2889, 2.6264
2.3312, 2.2235
2.6503, 2.5862
2.7152, 2.2969
2.4085, 2.5113
2.1228, 2.7653
2.3812, 1.7549
2.3577, 2.4730
2.3597, 2.4586
2.2679, 2.4253
2.5430, 2.4500
2.4763, 2.4984
2.2694, 2.3439
2.1370, 2.4513
2.8068, 2.1783
2.3921, 2.3815
2.4483, 2.0181
2.3879, 2.5936
2.3302, 2.2426
2.6480, 2.2120
2.4718, 2.3942
2.6859, 1.8597
2.7175, 2.4406
2.3759, 2.5460
2.4007, 2.3368
2.3059, 2.3963
2.2909, 2.6744
2.5919, 2.4020
2.6870, 2.4937
2.2717, 2.6010
2.4168, 2.7464
2.1648, 2.7681
2.3615, 2.1310
2.4921, 2.2171
2.4930, 2.2400
2.3289, 2.2548
2.4192, 2.0900
2.2594, 2.8131
2.5562, 2.2673
2.0925, 2.6951
2.3389, 2.7225
2.4640, 2.1177
2.4818, 2.1206
2.6647, 2.2625
2.4438, 2.2117
2.3231, 2.6316
2.3567, 2.1746
2.2829, 2.4991
2.4558, 2.4900
2.5648, 1.9982
2.0895, 2.6560
2.3946, 2.4321
2.5420, 2.1962
2.4262, 2.4530
2.4143, 2.3832
2.4443, 2.1993
2.3996, 2.2543
2.4448, 2.2712
2.1566, 2.3647
2.4698, 2.2695
2.3620, 2.5510
2.0549, 2.6329
2.0863, 2.4762
2.5805, 2.3912
2.2270, 2.5948
2.4075, 2.3485
2.4818, 2.3765
2.3097, 2.1434
2.3671, 2.2664
2.5083, 2.6231
2.3014, 2.3023
2.4215, 2.6220
2.3262, 2.1032
2.7977, 1.8803
2.1584, 2.4247
2.4291, 2.3655
2.4596, 1.9311
2.3729, 2.4903
2.4459, 2.1909
2.6556, 2.3386
2.1828, 2.5817
2.3138, 2.4060
2.1912, 2.4408
2.4767, 2.6972
2.4953, 2.6085
2.3084, 2.1798
2.6235, 2.4163
2.4002, 2.2235
2.0799, 2.3843
1.9975, 2.7575
2.5174, 2.5019
2.3711, 2.6737
2.3930, 2.3380
2.3744, 2.5099
2.3817, 2.4883
2.6274, 2.2704
2.2363, 2.4975
2.1043, 2.7590
2.5261, 2.7787
2.4786, 2.0086
2.4614, 2.1577
2.4558, 2.3327
2.4854, 2.3653
2.4266, 2.3737
2.4111, 2.4137
2.4260, 2.0976
2.5147, 2.5401
2.4965, 2.0757
2.3534, 2.1623
2.1334, 2.1439
2.0813, 2.2925
2.4467, 2.1814
2.4881, 2.2413
2.2354, 2.3938
2.4788, 2.5723
2.6218, 2.7416
2.3396, 1.8170
2.4776, 1.9335
2.1931, 2.4280
2.3078, 2.2801
2.6123, 1.7163
2.1105, 2.8519
2.7932, 2.0565
2.6177, 2.2750
2.4617, 2.7242
2.4528, 2.5490
2.4134, 2.3424
2.4867, 2.6264
2.2150, 2.5208
2.3444, 2.6916
2.4547, 2.1206
2.4464, 2.0202
2.2919, 2.4502
2.2678, 2.4877
2.1729, 2.4595
2.3764, 2.1637
2.4250, 2.1683
2.2356, 2.1954
2.2814, 2.5444
1.9353, 2.2417
2.4568, 2.3668
2.3671, 2.5374
2.5058, 2.0944
2.5016, 2.3144
2.5038, 2.1990
2.6067, 2.2974
2.4501, 2.4697
2.3733, 2.5128
2.4961, 2.6779
2.4353, 1.9839
2.1039, 2.6696
2.3794, 2.3396
2.5980, 2.1293
2.5101, 1.9743
2.7006, 2.2321
2.5533, 2.3912
2.2459, 2.4582
2.7207, 2.2872
2.2702, 2.3215
1.9630, 2.3959
2.1370, 2.7643
2.5265, 2.2156
2.0868, 2.4951
2.4791, 2.1961
2.2922, 2.3876
2.2040, 2.4900
2.2818, 2.2746
2.1134, 2.3178
2.0325, 2.3466
2.6071, 2.3730
2.5657, 2.2125
2.3992, 2.2734
2.0156, 2.5174
2.0165, 2.6666
2.4405, 2.2014
2.3100, 2.8132
2.0532, 2.3190
2.5317, 2.4083
2.4167, 2.2074
2.4267, 2.6318
2.5367, 2.6858
2.1212, 2.3849
2.4017, 2.2533
2.4388, 2.4722
2.2521, 2.4941
2.1528, 2.7878
2.2687, 1.9805
2.3094, 2.3692
2.4950, 2.4904
2.4902, 2.5862
2.5361, 2.0531
2.5192, 2.5804
2.1667, 2.6094
2.5302, 2.2310
2.2580, 2.3408
2.3236, 2.3017
2.5304, 2.4749
2.2697, 2.7658
2.6147, 2.4113
2.0910, 2.3426
2.2682, 2.0222
2.1201, 2.6953
2.4384, 2.5780
2.0928, 2.5672
2.4827, 2.1663
2.4478, 2.5216
2.1191, 2.6316
2.6076, 2.2137
2.6659, 2.2403
2.5016, 2.6454
2.4247, 2.3857
2.2008, 2.5925
2.4616, 2.2963
2.3561, 2.6252
2.2739, 2.5194
2.5337, 2.1893
2.5226, 2.5712
2.3637, 2.5036
2.5376, 2.0613
2.5740, 2.1877
2.1777, 2.6590
2.2361, 2.6422
2.5151, 2.7660
2.5359, 2.1121
1.9785, 2.7872
2.1720, 2.7214
2.3305, 2.3402
2.3439, 2.6422
2.5248, 2.4115
2.4703, 2.2849
2.2239, 2.7243
2.6342, 2.2981
2.7497, 2.3997
1.7754, 2.8817
2.3071, 2.8215
2.4776, 2.1276
2.4508, 2.5976
2.3774, 2.3387
2.3432, 2.6591
2.5663, 2.1811
2.5037, 2.3042
2.2205, 2.2578
2.6130, 1.9440
2.4216, 2.5597
2.2313, 2.5531
2.4843, 2.3575
2.6710, 2.4061
2.6029, 2.1158
2.3049, 2.6183
2.5076, 2.2771
2.5610, 2.2512
2.3920, 2.6831
1.9283, 2.6211
1.9441, 2.8547
2.6072, 2.7256
2.3385, 2.1185
2.1826, 2.4404
2.4491, 2.1441
2.3527, 2.4344
2.7247, 2.3755
2.3828, 2.1287
2.4182, 2.2535
2.6842, 2.3476
2.1437, 2.7366
2.1409, 2.6598
2.5520, 2.4250
2.3772, 2.1342
2.2739, 2.1081
2.4353, 2.2665
2.5782, 2.2300
1.9826, 2.3606
2.4140, 1.9761
1.9852, 2.5271
2.9411, 2.0429
2.2590, 2.5079
2.9134, 2.3462
2.7087, 1.8100
2.2521, 2.7080
2.7316, 2.0870
2.3034, 2.5858
2.4325, 2.2566
2.3062, 2.6401
2.5319, 2.5874
2.3230, 2.1139
2.5050, 2.0247
2.3547, 2.3264
2.4666, 2.2108
2.5736, 2.1255
2.7926, 2.2554
2.5143, 2.2433
2.3240, 2.7018
2.7771, 2.0434
2.5106, 2.3111
2.3874, 2.2808
2.4874, 2.1358
2.4978, 2.0893
2.5827, 1.8965
2.3905, 1.9631
2.1480, 2.7000
2.4784, 1.9736
2.3431, 2.2205
2.3700, 2.6213
2.5958, 1.8218
2.4354, 2.1912
2.4475, 2.4039
2.3982, 2.0990
2.3586, 2.4110
2.1455, 2.4203
2.5945, 2.0519
2.7651, 2.2384
2.5305, 2.3912
2.0866, 2.5571
2.1642, 2.5752
2.4237, 2.0487
2.2980, 1.9791
2.4736, 2.6330
2.5488, 2.3173
2.4586, 2.7150
2.0395, 2.6416
2.3451, 2.5188
2.6214, 2.3418
2.0741, 2.1520
2.5097, 2.2955
2.4236, 2.1258
2.3860, 1.9326
2.4592, 2.8771
2.5463, 2.8533
2.3072, 2.6659
2.4535, 2.0561
2.6847, 2.0881
2.4027, 2.1256
2.1236, 2.5797
2.0609, 2.7427
2.6795, 2.5286
2.3330, 1.8482
2.1220, 2.6390
2.1205, 2.7003
2.1929, 2.4803
2.0737, 2.6395
2.4471, 2.2869
2.4167, 2.2868
2.3896, 2.2228
2.5336, 2.8811
2.0457, 2.4401
2.6021, 2.1735
1.9810, 2.6003
2.1835, 2.5632
2.0970, 2.5787
2.4956, 2.7326
2.3822, 2.4275
2.4028, 1.9880
2.3312, 2.6538
2.4297, 2.1141
2.3544, 2.6831
2.4441, 2.4923
2.4890, 2.4236
2.5392, 2.2719
2.4995, 2.0457
1.9176, 2.7792
2.2242, 2.5644
2.3476, 2.3202
2.5759, 2.8023
2.5174, 2.3486
2.5040, 2.4061
2.0645, 2.2909
2.2190, 2.5945
2.4555, 2.0599
2.4357, 2.4282
2.6162, 2.2363
2.3557, 2.6458
2.3893, 2.3460
2.2311, 2.6663
2.1853, 2.6946
2.2614, 2.7962
2.3006, 2.3935
2.5419, 2.5263
2.3471, 2.2234
2.8074, 2.1105
2.1438, 2.4988
2.5099, 2.2390
2.2051, 2.7236
2.5044, 2.1662
2.3483, 2.1511
2.3598, 2.6952
2.3651, 2.4517
2.5691, 2.3696
2.3493, 2.7543
2.3314, 2.4252
2.2846, 2.3688
2.3721, 2.3320
2.3796, 2.2560
2.4517, 2.1678
2.3168, 2.6150
2.3935, 2.2399
2.3446, 2.1191
2.2808, 2.2261
2.3269, 2.4891
2.0704, 2.7031
2.7863, 2.1202
2.1916, 2.6701
2.1174, 2.4768
2.2143, 2.2679
2.1125, 2.3008
2.4903, 2.7822
2.1820, 2.4472
2.5084, 2.3082
2.5241, 2.2771
2.1582, 2.6933
2.5216, 2.3374
2.3646, 2.2214
2.5197, 2.7314
2.4937, 2.0684
2.4863, 2.1613
2.3338, 2.5611
2.0590, 2.5194
2.0422, 2.6697
2.5020, 1.8581
2.6194, 2.6091
2.3224, 2.4720
2.1857, 2.3976
2.5961, 2.1334
2.3542, 2.4338
1.9630, 2.7138
2.3290, 2.3010
2.1103, 2.5280
2.4718, 2.2812
2.5292, 2.3067
2.4591, 2.0363
2.5940, 2.3469
2.6677, 2.6702
2.4589, 2.1061
2.3874, 2.0269
2.3609, 2.3554
2.2384, 2.4452
2.4218, 2.2957
2.4000, 2.3434
2.3597, 2.2302
2.2041, 2.3755
2.3407, 2.3632
2.1259, 2.5223
2.3959, 2.3432
2.3464, 2.3531
2.0826, 2.3938
2.1509, 2.1773
2.3176, 2.5081
2.2927, 2.3128
2.6748, 2.7018
2.5931, 2.0615
2.3234, 2.4684
2.1210, 2.3032
2.1697, 2.7605
2.2259, 2.3595
1.9828, 2.8132
2.3828, 2.3340
2.6018, 2.3154
2.2860, 2.4208
2.2293, 2.4009
2.4853, 2.5850
2.2674, 2.5087
1.9776, 2.2675
2.0804, 2.7059
1.9997, 2.6734
2.2219, 2.5025
2.4078, 2.7022
2.0854, 2.5886
2.5236, 2.4192
2.4372, 2.3599
2.2491, 2.5647
2.5393, 1.9427
2.2998, 2.6378
2.3518, 2.2911
2.4000, 2.5598
2.4671, 2.1199
2.1789, 2.2468
2.4077, 2.6380
2.4462, 2.7010
2.1956, 2.5187
1.9068, 2.8103
2.4551, 2.6590
2.4477, 2.3296
2.1721, 2.6157
2.7121, 2.1071
2.0420, 2.5182
2.5041, 2.1354
2.3107, 2.4925
2.5149, 2.3381
2.2997, 2.0008
2.4759, 2.5318
2.1829, 2.8390
2.3877, 2.4161
2.3673, 2.3102
2.9107, 2.4251
2.5164, 2.0544
2.3444, 2.0389
2.4568, 2.2295
2.4137, 1.9397
2.6195, 2.0442
2.4879, 2.3434
2.3048, 2.5382
2.2138, 2.3364
2.4064, 2.4602
2.3415, 2.1074
2.5784, 2.7675
2.1545, 2.7589
2.6126, 2.2843
2.1745, 2.4416
2.1915, 2.9468
2.4429, 2.5021
2.5860, 2.2832
2.4721, 2.0699
2.2257, 2.4259
2.5552, 2.1297
2.7672, 1.9623
2.3232, 1.9665
2.4068, 2.3705
2.6495, 2.1324
2.6314, 2.3156
2.6300, 2.3768
2.2940, 2.4131
2.4151, 1.9972
2.6207, 2.2379
2.5932, 2.0916
2.4266, 2.0740
2.1898, 2.6052
2.3673, 2.6721
2.1884, 1.8503
2.3554, 2.1279
2.5366, 2.2687
2.3780, 2.5138
2.1790, 2.4385
2.3706, 2.2534
2.1782, 2.2531
2.1078, 2.6826
2.4116, 2.2303
2.8388, 1.9009
2.1999, 2.7868
2.1820, 2.6955
2.2878, 2.6010
2.2220, 2.6800
2.6349, 2.0944
2.5801, 2.7089
2.4684, 2.0332
2.4957, 2.1975
2.2972, 2.8368
2.7727, 2.1761
1.9041, 2.5745
2.5295, 2.2536
2.4029, 1.8571
2.3064, 2.4732
2.0054, 2.6867
2.3683, 2.2317
2.3448, 2.3329
2.7010, 1.9725
2.2571, 2.6301
2.0933, 2.6551
2.4910, 2.4602
2.3664, 2.1752
2.4351, 2.0082
2.2795, 2.3034
2.2903, 2.5535
2.7464, 2.2882
2.2964, 2.6601
2.6165, 2.5414
2.2951, 2.2430
2.5315, 2.1348
2.1802, 2.7766
2.1774, 2.5011
2.4035, 2.0444
2.0038, 2.7278
2.2842, 2.5082
2.1372, 2.7741
2.6102, 2.2283
2.3758, 2.6666
2.2457, 2.5548
2.2327, 2.6366
2.0809, 2.5412
2.4458, 2.6881
2.3432, 2.3181
1.9906, 2.4518
2.3262, 2.4075
2.3171, 2.2594
2.3837, 2.8673
2.5075, 2.5782
2.4276, 2.5643
2.7096, 1.9632
2.3383, 2.3796
2.6311, 2.2630
2.2382, 2.4356
2.5268, 2.2204
2.6042, 2.0377
2.1591, 2.3294
2.5219, 2.8665
2.3368, 2.5674
2.1993, 2.8524
2.2894, 2.5667
2.5409, 2.3731
2.3188, 2.3027
2.4527, 2.6895
2.4061, 2.1577
2.2729, 2.4767
2.3736, 2.2489
2.7499, 1.9651
2.4680, 2.5380
2.4552, 2.1214
2.1775, 2.3972
2.4430, 2.2618
1.9974, 2.4488
2.2345, 2.6875
2.4588, 2.1426
2.4727, 2.1323
2.2458, 2.4785
2.3613, 2.4540
2.2467, 2.5074
2.4387, 2.2019
2.4142, 2.3061
2.2118, 2.7313
2.5429, 2.1839
2.4727, 2.2650
2.3747, 2.4152
2.8204, 2.0532
2.0116, 2.4574
2.5105, 2.1235
2.7182, 2.0205
2.2599, 2.0313
2.6517, 2.0777
2.2994, 2.4841
2.2033, 2.4713
2.4238, 2.3158
2.3307, 2.6053
2.4320, 2.3328
2.3995, 2.2740
2.1270, 2.6460
2.3240, 2.1000
2.4366, 1.6883
2.4516, 2.0561
2.5861, 2.0607
1.9767, 2.5004
2.1751, 2.5967
2.3703, 2.5131
2.5202, 2.2885
2.0989, 2.7467
2.4300, 1.8625
2.5800, 2.2371
2.4694, 2.6520
2.3952, 2.7465
2.1923, 2.9731
2.2231, 2.3652
2.5520, 2.1422
2.4204, 2.2552
2.5384, 2.3152
2.4014, 1.9530
2.2882, 2.1861
2.4605, 2.6810
2.3142, 2.3768
2.5484, 2.6143
2.4220, 2.0490
2.3168, 2.4376
2.3925, 2.2982
1.8426, 2.9388
2.5548, 2.2174
2.2148, 2.6262
2.4593, 2.3226
2.4084, 2.2062
2.6318, 2.6869
2.2768, 2.4521
2.2251, 2.6593
2.8821, 2.0469
2.1780, 2.4756
2.4781, 2.0678
2.4197, 2.2849
2.4312, 2.1142
2.2283, 2.1585
1.9847, 2.7823
2.7004, 2.4516
1.9320, 2.8203
2.5741, 2.5412
2.4383, 2.5908
2.2211, 2.7113
2.4923, 2.5909
2.4275, 2.1474
2.3203, 2.0323
2.4802, 2.5339
2.4148, 2.5939
2.1190, 2.7617
2.2340, 2.5007
2.3893, 2.5747
2.4195, 2.6564
2.4911, 2.6250
2.0920, 2.5266
2.4830, 2.4299
2.2695, 2.7415
2.4030, 2.1443
2.5380, 2.2340
2.4384, 1.8669
2.3287, 2.4120
2.1865, 2.5347
2.4009, 2.5408
2.1218, 2.6397
2.3423, 2.7171
2.3892, 2.7206
2.9018, 2.0272
2.3737, 2.6051
2.1453, 2.6322
2.5495, 2.6399
2.1965, 2.6951
2.4815, 2.0285
2.1975, 2.5523
2.2483, 2.3942
2.1930, 2.3267
2.4174, 2.5793
2.2589, 2.3465
2.5635, 2.3694
2.2657, 2.5179
2.3574, 2.6240
2.8605, 2.0680
2.1637, 2.4172
2.4856, 2.1330
2.4053, 2.5766
2.6325, 2.0983
2.7138, 2.6244
2.0617, 2.4521
2.8286, 2.2863
2.4550, 2.2247
2.4662, 2.3222
2.5050, 2.1434
1.9693, 2.6124
2.3995, 2.5731
2.1684, 2.4191
2.0679, 2.3773
1.9404, 2.3758
2.4664, 2.0574
2.4005, 2.2822
2.4244, 2.3394
1.9818, 2.3656
1.9860, 2.8318
2.5710, 2.0526
1.9785, 2.4431
2.4001, 2.0176
2.3374, 2.1444
2.2548, 2.3894
2.3122, 2.5631
2.3121, 2.5632
2.3217, 2.1536
2.7940, 2.1189
2.4924, 2.2928
2.3707, 2.4684
2.6086, 2.0632
2.1272, 2.5806
2.3877, 2.3630
2.1381, 2.5492
2.4838, 2.5530
2.3229, 2.4006
2.4379, 2.5497
2.4309, 2.5186
2.5469, 2.4137
2.3302, 1.9973
2.9124, 2.3146
2.5326, 1.8953
2.4993, 1.9510
2.2458, 2.2924
2.5619, 2.3220
2.2996, 2.6908
2.2841, 2.6717
2.5310, 2.4746
2.1992, 2.4420
2.1313, 2.7540
2.3309, 2.6647
2.0453, 2.6720
2.3331, 2.3122
1.8166, 2.5304
2.1752, 2.5880
2.5827, 2.3204
2.5161, 2.2217
2.4945, 2.4202
2.4195, 2.6148
2.4742, 2.5651
2.4303, 2.1430
2.1554, 2.7246
2.3111, 2.1291
2.1466, 2.5777
2.3840, 2.1241
2.3619, 2.5452
2.3615, 2.1199
2.6475, 2.3730
2.3741, 2.6631
1.8174, 2.9167
2.4482, 2.1641
2.2717, 2.5278
2.4183, 2.5320
2.2641, 2.6892
2.5651, 2.2176
2.5734, 2.5527
2.2965, 2.3830
2.1621, 2.3720
2.9559, 2.2176
2.2714, 2.5702
2.1890, 2.7582
2.4402, 2.4410
2.5652, 2.3483
2.4617, 2.1690
2.2121, 2.7307
2.6808, 2.0808
2.6307, 2.3720
2.8140, 2.1934
2.1930, 2.3447
2.4900, 2.2286
2.4244, 1.8883
2.4756, 2.2854
2.3982, 2.1924
2.4634, 2.1756
2.3585, 2.0733
2.1575, 2.7413
2.5471, 2.1954
2.4969, 1.8718
2.4115, 2.1556
2.4066, 1.9717
2.2059, 2.5325
2.6030, 2.2429
2.1053, 2.5354
2.3020, 2.4482
2.4876, 2.2585
2.4617, 2.3047
2.4901, 2.0939
2.2983, 2.5761
2.4279, 1.7948
2.1278, 2.7250
2.2454, 2.3542
2.3467, 2.4609
2.5939, 2.1061
2.3609, 2.3309
2.4989, 2.4762
2.1552, 2.5746
2.3192, 2.2877
2.5328, 2.2800
1.9818, 2.4825
2.0624, 2.0261
2.4278, 2.3351
2.6382, 2.0431
2.5168, 2.5799
2.6226, 1.8308
2.1550, 2.6283
2.2475, 2.9179
2.2223, 2.2723
2.4561, 2.4470
1.9343, 2.9031
2.3195, 2.3100
2.3977, 2.1223
2.2297, 2.6185
2.6353, 2.6222
2.0335, 2.5083
2.2296, 2.5103
2.5434, 2.2243
2.5121, 2.7257
2.2648, 2.1416
1.7654, 2.6157
2.3649, 1.9368
2.3430, 2.5925
2.5672, 2.5363
2.2643, 2.4491
2.3980, 2.6542
2.4279, 1.9386
2.4139, 2.3032
2.4029, 2.3217
2.2645, 2.4692
2.3389, 2.0926
2.2994, 2.0879
2.4449, 2.2376
2.5378, 2.3585
2.3177, 2.1747
2.4920, 2.5708
2.5468, 2.2885
2.2782, 2.2350
2.1179, 2.6613
2.4601, 2.0797
2.3855, 2.1164
1.8679, 2.2279
2.3549, 2.4149
2.4047, 2.0056
2.3372, 1.8755
2.4368, 2.2776
2.2491, 2.6873
2.4309, 2.5382
2.2919, 2.2019
2.3995, 2.0290
2.5691, 2.4496
2.2911, 2.6119
2.5401, 2.1400
2.7364, 2.3741
2.3845, 2.4405
2.6322, 2.5636
2.5916, 2.3584
2.4560, 2.5530
2.4892, 2.3619
2.3868, 2.1982
2.4249, 2.0690
2.5589, 2.3811
2.4106, 2.5039
2.3414, 2.1165
2.2875, 2.8005
2.5853, 2.4673
2.5304, 2.3855
2.1834, 2.6223
2.4556, 2.4152
2.3588, 2.3212
2.5570, 2.2404
2.1134, 2.6936
2.1689, 2.4000
2.0797, 2.4213
2.4938, 2.6813
2.1564, 2.7369
2.4606, 2.1538
2.4593, 2.2847
2.5812, 2.2420
2.1795, 2.4015
2.5019, 2.0133
2.3987, 2.2597
2.3893, 2.3946
2.4463, 2.1192
2.3495, 2.1225
2.4554, 2.1206
2.5845, 2.3603
2.4366, 1.9038
2.2770, 2.3421
2.2698, 2.3987
2.1574, 2.3228
2.3417, 2.5452
2.2917, 2.5528
2.0516, 2.5347
2.6658, 2.1625
2.1158, 2.3212
2.0962, 2.7066
2.3953, 2.2726
2.4511, 2.0592
2.2937, 1.9324
2.4358, 2.6552
2.3968, 2.2304
2.5348, 2.6743
2.2305, 2.2856
2.0743, 2.5663
2.2700, 2.7425
2.4576, 2.5687
2.3559, 2.4113
2.4942, 2.2876
2.5900, 1.8871
2.5785, 2.2719
2.6149, 2.0161
2.3128, 2.6075
2.5433, 2.0681
2.3895, 2.1982
2.5542, 2.0411
2.6853, 2.5273
2.3861, 2.2726
2.4191, 2.6446
2.6493, 2.4272
2.5597, 2.3049
2.2738, 2.5731
2.5516, 2.5596
2.3631, 2.5222
2.3369, 2.1427
2.2775, 2.8112
2.6496, 2.1447
2.2451, 2.6002
2.4217, 2.1899
2.3143, 2.6732
2.1881, 2.5052
2.2581, 2.4222
2.4044, 2.7315
2.4417, 2.5673
2.3188, 2.4191
2.4050, 2.2313
2.4464, 2.0526
2.3893, 2.6379
2.7835, 2.1378
2.6721, 2.4149
2.4022, 2.1642
2.2324, 2.2306
2.3226, 2.1125
2.3481, 2.1414
2.3498, 2.2031
2.2940, 2.0544
2.5257, 2.4875
2.5865, 2.2801
3.0370, 2.1832
2.9903, 2.0535
2.3898, 2.2888
2.7030, 2.4528
2.2858, 2.3073
2.2510, 2.7072
2.2269, 2.2798
2.1233, 2.6262
2.4288, 1.9861
2.4404, 2.0447
2.2941, 2.3498
2.3989, 2.4824
2.0248, 2.5983
1.8582, 2.7753
2.3270, 2.2258
2.4540, 2.2963
2.4273, 2.0468
2.2662, 2.6575
2.1962, 2.3677
2.6972, 2.1726
2.0160, 2.6654
2.5001, 2.3108
2.7118, 2.0031
2.4375, 2.5351
2.2829, 2.4114
2.5446, 2.1637
2.2366, 1.9974
2.3057, 2.2099
2.7025, 2.2810
2.0736, 2.3393
2.5466, 1.7992
2.4220, 2.3675
2.3598, 2.3277
2.6562, 2.4834
2.4139, 2.6470
2.3359, 2.4229
2.4250, 2.1124
2.6614, 2.0594
2.2872, 2.0755
2.3001, 2.3871
2.6170, 2.2273
2.4125, 2.0513
2.2975, 2.5719
2.5238, 2.2332
2.2434, 2.4541
2.5543, 2.1856
2.3253, 2.4407
2.5321, 2.1964
2.4588, 2.2772
2.3930, 1.9264
2.1370, 2.4180
2.5266, 2.6448
2.6647, 2.1168
2.4262, 2.0037
2.7992, 2.3096
2.3598, 2.5895
2.2335, 2.4338
2.5502, 2.0870
2.2178, 2.6884
2.3329, 2.0786
2.3380, 1.8989
2.5440, 1.9220
2.0066, 2.4894
2.1655, 2.4525
2.3352, 2.1565
2.2771, 2.5230
2.6895, 2.1586
2.3515, 2.7460
2.2802, 2.4149
2.3566, 2.2615
2.7173, 2.6931
1.8929, 2.5872
2.6537, 1.9223
2.5678, 2.3897
2.7009, 1.7966
2.4995, 2.0838
2.4261, 2.6796
2.4487, 2.5169
2.4251, 2.2662
2.1622, 2.5778
2.3566, 2.2661
2.4992, 2.1799
2.4437, 2.2947
2.2778, 2.5346
2.3449, 2.6326
2.0131, 2.6362
2.2738, 2.1326
2.2728, 2.2722
2.7437, 1.9870
2.6782, 2.1188
2.4105, 2.2710
2.4623, 2.4187
2.4094, 2.4110
2.5051, 2.2212
2.4136, 2.1685
2.3566, 1.7659
2.3598, 2.2628
2.0413, 2.6674
2.2527, 2.3683
2.1787, 2.3281
1.8461, 2.7675
2.2752, 2.7057
2.3070, 2.5028
2.4550, 2.2131
2.6827, 2.0440
2.6941, 2.0730
2.5842, 2.3409
2.0703, 2.6457
2.3757, 2.0020
2.2604, 2.2150
2.4112, 2.1416
1.9214, 2.7866
2.7130, 2.3031
2.8731, 2.3172
2.6138, 2.1147
2.4485, 2.1368
2.1546, 2.6291
2.1497, 2.5693
2.4635, 2.1631
2.1513, 2.8446
2.5197, 2.4929
2.2985, 2.3520
2.3814, 2.5741
2.3389, 2.6663
2.6683, 2.8634
2.4906, 1.8482
2.4963, 2.4579
2.6072, 2.2250
2.5251, 2.3216
2.2702, 2.8635
2.3445, 2.0246
2.1417, 2.7711
2.1958, 2.4381
2.0915, 2.4020
2.2411, 2.6687
2.5373, 2.0157
2.3666, 2.6192
2.4433, 2.7420
2.4395, 2.3277
2.5151, 2.1458
2.2542, 2.6473
2.3788, 2.0759
2.4189, 2.1084
2.4105, 2.2837
2.5746, 2.0254
2.0591, 2.3437
2.2964, 1.8718
2.6243, 2.3054
2.2260, 2.5477
2.3866, 2.1653
2.4692, 2.5951
2.3589, 2.3888
2.1280, 2.1730
2.2644, 2.5424
2.3704, 2.4552
2.4148, 2.2183
2.2475, 2.7580
2.6829, 1.9069
2.5363, 1.9718
2.2742, 2.4384
2.3374, 2.1796
2.4083, 2.1098
2.2093, 2.6457
2.2463, 2.3721
2.0484, 2.5164
2.5726, 2.2725
2.4862, 2.1727
2.4248, 2.1786
2.3922, 2.0200
2.4080, 2.0276
2.1741, 2.5673
2.3086, 2.2641
2.3039, 2.3866
2.4674, 2.3265
2.4022, 2.7026
2.4947, 2.6296
2.4707, 2.1424
2.3115, 2.0519
2.4605, 2.4665
2.4086, 1.8965
2.3461, 2.1233
2.2296, 2.7236
2.3762, 2.1385
2.4350, 2.5878
2.4903, 2.4825
2.2881, 2.1166
2.6939, 2.4055
2.4078, 2.0505
2.5626, 2.2216
2.4154, 2.5260
2.0440, 2.7036
2.7634, 2.1130
2.4425, 2.4481
2.2143, 2.1016
2.6698, 2.5245
2.3494, 2.3997
2.5712, 2.4241
2.4264, 2.5856
2.4137, 2.6313
2.6940, 2.6695
2.3704, 2.4161
2.5167, 2.4654
2.3096, 2.2625
2.4751, 2.0834
2.4531, 2.1917
2.3664, 1.9337
2.4856, 2.4927
2.3459, 1.9961
2.1723, 2.6101
2.2330, 2.2695
2.4744, 2.5142
2.1392, 2.3692
2.4559, 2.2827
2.7042, 2.1540
2.5218, 2.0469
2.3233, 2.6676
2.6295, 2.3013
2.5285, 2.0204
2.0675, 2.5051
2.0180, 2.7646
2.5925, 1.9635
2.4154, 2.2754
2.2599, 2.3654
1.9942, 2.5297
2.6377, 2.0022
2.4102, 2.4109
2.3874, 2.7064
2.3092, 2.3742
2.5431, 2.2626
2.2742, 2.5560
2.1220, 2.2265
2.3051, 2.3451
2.4661, 2.5273
2.3903, 2.3885
2.4404, 2.6082
2.2230, 2.6038
2.3724, 2.2121
2.5895, 2.6976
2.4751, 2.3526
2.3879, 2.0717
2.4495, 2.4374
2.4690, 2.5848
2.4917, 2.2188
2.4338, 2.4102
2.5953, 1.9495
2.6209, 2.5033
2.2022, 2.5371
2.8516, 2.1985
2.3018, 2.2702
2.4585, 2.2576
2.4520, 2.3276
2.3165, 2.3590
2.3075, 2.4212
2.5947, 2.5851
2.3104, 1.9956
2.0629, 2.4724
2.5705, 2.0391
2.3995, 1.9486
2.4232, 2.5483
2.6041, 2.1651
2.5393, 2.5866
2.2413, 2.5600
2.4788, 2.1757
2.4142, 2.2803
2.7543, 2.1052
1.9009, 2.6798
2.3439, 2.1147
2.3251, 2.3072
2.6325, 2.1066
2.4217, 2.0280
2.3559, 2.2087
2.4709, 2.3618
2.3749, 2.1886
2.5100, 2.4976
2.1693, 2.6412
2.6758, 2.1795
2.3893, 2.1964
2.3923, 2.0159
2.2352, 2.5510
2.1474, 2.3679
2.4658, 1.9709
2.7609, 2.5605
2.2877, 2.5816
2.3371, 2.4761
2.5046, 2.2354
2.0355, 2.4561
2.3999, 2.3414
2.4079, 1.9567
2.2933, 2.1434
2.2285, 2.4941
2.3090, 2.5561
2.2713, 2.0666
2.3616, 2.2468
2.0768, 2.5053
2.1522, 2.6130
2.4843, 2.3160
2.3162, 2.5341
2.2062, 2.4501
2.2767, 2.2791
2.2238, 2.3526
2.1699, 2.6324
2.4406, 2.4706
2.2824, 2.6034
2.5967, 1.9473
2.2679, 2.3928
2.5006, 2.6221
2.3427, 2.2018
2.4065, 2.5290
2.5859, 2.5466
2.1347, 2.5364
2.4233, 2.2269
2.3851, 2.4035
2.3854, 2.4874
2.5061, 2.0701
2.8039, 2.3475
2.3444, 2.3205
2.5198, 2.2702
2.6092, 2.3901
2.1495, 2.7875
2.1248, 2.5011
2.4903, 2.2172
2.4538, 2.4055
2.1462, 2.6551
2.4768, 2.4879
2.3779, 2.4833
2.4179, 2.1912
2.3664, 2.0356
2.2691, 2.1377
2.2948, 2.7385
2.3307, 2.6141
2.8723, 2.3478
2.4251, 2.4953
2.3623, 2.1720
2.1738, 2.8218
2.1288, 2.6564
2.1578, 2.3540
2.3075, 2.6824
2.4852, 2.2972
2.5229, 1.8970
2.3169, 2.9024
2.6600, 1.8420
2.2682, 2.4181
2.6197, 2.0610
2.5680, 2.3669
2.2938, 2.6648
2.1630, 2.6004
2.3582, 2.7512
2.5040, 1.9461
2.1063, 2.2367
2.6893, 2.1685
2.0781, 2.6145
2.5519, 2.2541
2.4062, 2.2750
2.3973, 2.6361
2.5365, 2.1970
2.2993, 2.2639
2.6657, 2.2920
2.6338, 1.9727
2.3425, 2.4839
2.4267, 2.3802
2.2161, 2.3781
2.7039, 2.5219
2.3059, 2.5822
2.7825, 2.4139
2.2930, 2.1239
2.1962, 2.2965
2.7454, 2.3867
2.2903, 2.2412
2.3731, 2.6670
2.1541, 2.5046
2.2529, 2.7362
2.6176, 1.7518
2.2879, 2.2166
2.4222, 2.3157
2.3249, 2.1890
2.3527, 2.2513
2.5637, 2.2213
2.3887, 2.2018
2.4076, 2.3603
2.5745, 1.8745
2.4951, 2.0968
2.3540, 2.6094
2.5903, 2.8801
2.0543, 2.8107
2.3994, 2.1868
2.2406, 2.1023
2.6403, 2.2157
2.2479, 2.4172
2.1737, 2.2765
2.1407, 2.5996
2.4177, 2.4138
2.5056, 2.0704
2.4889, 2.1690
2.0818, 2.1868
2.1271, 2.6538
2.2666, 2.7592
2.5307, 2.4448
2.6453, 2.1409
2.3779, 2.3853
2.3530, 2.3163
2.2708, 1.9544
2.8342, 2.4386
2.2391, 2.5032
2.1645, 2.8694
2.2514, 2.6410
2.3598, 2.1497
2.5310, 2.4689
2.4969, 2.5624
2.5718, 1.8149
2.0668, 2.2466
2.2107, 2.5545
2.4049, 2.3241
2.6513, 2.2081
1.6670, 2.8155
2.6407, 2.8579
2.2295, 2.8692
2.2421, 2.3127
2.4893, 2.3114
2.4727, 2.1645
2.3781, 2.3394
2.2962, 2.2934
2.4620, 2.5926
2.5751, 2.1423
2.3557, 2.3054
2.0214, 2.6666
2.1996, 2.1359
2.4894, 2.1836
2.8145, 1.8432
2.3511, 2.2195
2.1486, 2.5479
2.2305, 2.5416
2.2363, 2.3382
2.6048, 2.7143
2.3154, 2.2886
2.5421, 2.1934
2.3386, 2.6793
2.8986, 2.2151
2.1635, 2.8338
2.5622, 2.1245
2.5138, 2.4058
2.4409, 2.3637
2.5325, 2.5179
2.5258, 2.5561
2.4265, 2.2841
2.4447, 2.4348
2.4483, 2.1818
2.1729, 2.6517
2.1390, 2.2593
2.1201, 2.3941
2.6739, 2.0897
1.9686, 2.7993
2.1497, 2.3328
2.5942, 2.1404
2.3648, 1.9684
2.1443, 2.6053
2.5489, 2.4596
2.3019, 2.4986
2.0865, 2.4556
2.4006, 2.1046
2.5314, 2.2371
2.0511, 2.6971
2.2863, 2.6470
2.4958, 2.1930
2.3793, 2.7956
2.4239, 2.3244
2.1833, 2.5545
2.2695, 2.1758
2.4510, 2.1899
2.6272, 2.2768
2.1087, 2.8368
2.1955, 2.2634
2.2642, 2.7300
2.3105, 2.5284
2.3243, 2.1619
2.3663, 2.6141
2.1838, 2.7012
1.8534, 2.6936
2.4171, 2.3196
2.7233, 2.3053
2.8054, 2.1026
2.3648, 2.7038
2.0357, 2.3641
2.2342, 2.5642
2.4123, 1.9715
2.6446, 2.1608
2.3252, 2.2285
2.3569, 2.3548
2.4482, 1.9201
2.3098, 2.6176
2.5212, 2.4007
2.3219, 2.5455
2.6087, 2.3420
2.6112, 2.3545
1.9502, 2.5291
2.6702, 2.2292
2.4025, 2.1601
2.1049, 2.7216
2.3335, 2.4414
2.6133, 2.1192
2.2922, 2.1645
2.6424, 2.7892
2.3604, 2.2744
2.5061, 1.8552
2.2247, 2.5927
2.2897, 2.3383
2.3809, 2.5577
2.6388, 2.0412
2.6739, 2.3957
2.5601, 2.1484
2.3351, 2.6436
2.4430, 2.4497
2.2601, 2.4809
2.6702, 2.1720
1.9755, 2.7195
2.4172, 2.0377
2.5938, 2.2497
2.5506, 2.2010
2.2339, 2.6938
2.6261, 2.3337
2.5759, 1.8922
2.4977, 2.0867
2.4077, 2.1013
2.8412, 2.2315
1.9987, 2.4302
2.3927, 2.5629
2.3299, 2.6454
2.3445, 2.8049
2.6599, 1.9981
2.4574, 2.3119
2.2826, 2.4838
2.3808, 2.2277
2.4296, 1.8360
2.5552, 2.0494
2.1466, 2.2994
2.3498, 2.3804
2.3021, 2.4635
2.4024, 2.4535
2.2370, 2.1275
2.4438, 2.5113
2.2312, 2.2603
2.0654, 2.3349
2.1358, 2.5901
2.2963, 2.6512
2.3658, 2.3954
2.4654, 2.3601
2.1430, 2.8385
2.3836, 2.3495
2.4822, 2.0148
2.4298, 2.1772
2.5705, 1.7778
2.1378, 2.5215
2.2959, 2.3672
2.3176, 2.8714
2.4008, 2.2792
2.4419, 2.2267
1.9932, 2.8654
2.1360, 2.4815
2.4337, 2.3636
2.4906, 2.6501
2.4806, 2.3788
2.6258, 2.3005
2.1494, 2.5414
2.4473, 2.3964
2.6330, 1.7233
2.4748, 2.6831
2.6958, 2.0421
2.2231, 2.1845
2.6194, 2.1709
2.2555, 2.4300
2.7555, 1.8900
2.6689, 2.2430
2.2999, 2.3543
2.4182, 2.5697
2.1678, 2.5898
2.5075, 2.0328
2.4006, 2.5871
2.6203, 2.2104
2.0976, 2.7510
2.3170, 2.1893
2.3284, 2.4688
2.4569, 2.4923
2.1823, 2.3896
2.3394, 2.8496
2.5778, 2.5287
2.4230, 2.5057
2.4030, 2.1914
2.2436, 2.3622
2.6954, 2.2572
2.7158, 2.1692
2.3049, 2.2785
2.3508, 2.4728
2.2996, 2.7508
2.4431, 2.0964
2.5696, 2.2057
2.4345, 2.3088
2.1827, 2.7204
2.3371, 2.4073
2.0103, 2.6574
2.1292, 2.5803
1.9575, 2.6773
2.6661, 2.2112
2.4253, 1.9964
2.3763, 2.4615
2.2377, 2.3882
2.5910, 2.3722
2.2064, 2.4375
2.3377, 2.4199
2.6922, 2.3244
2.2247, 2.0291
2.1300, 2.4753
2.5390, 1.8659
2.3394, 2.1676
2.4112, 2.4211
2.6648, 2.1723
2.4038, 2.5981
2.4743, 2.0013
2.3444, 2.3833
1.8929, 2.7690
2.5186, 2.6389
2.7086, 2.0063
2.3525, 2.3006
2.5225, 2.7702
2.4182, 2.1714
2.2268, 2.8361
2.6393, 2.3705
2.6131, 2.1209
2.1719, 2.4863
2.2959, 2.6319
2.3154, 2.4171
2.3004, 2.5279
2.5316, 2.5726
2.4949, 2.3275
2.6767, 2.0767
2.2056, 2.1459
2.5265, 2.2823
2.0760, 2.5093
2.2675, 2.7448
2.4984, 2.5573
2.6022, 1.9867
2.3658, 2.8151
2.4535, 2.4149
2.5670, 2.0015
2.2363, 2.0004
2.4786, 2.4035
2.2574, 2.3798
2.4466, 2.3292
2.4861, 1.8903
2.2749, 2.1627
2.4561, 2.5642
2.2368, 2.2655
2.4155, 2.4026
2.2154, 2.5428
2.7256, 2.6749
2.5964, 2.6347
2.6617, 2.3220
2.4260, 2.2420
2.2450, 2.8197
2.0732, 2.3521
2.1635, 2.5517
2.4061, 2.3575
2.0384, 2.5405
2.5734, 1.8294
2.2058, 2.2839
2.6034, 2.3849
2.1497, 2.4826
2.4771, 1.9587
2.2552, 2.1195
2.4369, 1.7963
2.5786, 2.1290
2.7027, 2.1031
2.2140, 2.2418
2.0240, 2.7828
1.9057, 2.8388
2.1474, 2.2900
2.6130, 2.1131
2.4073, 2.1038
2.5996, 2.1877
1.9352, 2.5728
2.1751, 2.6934
2.3440, 2.2640
2.3572, 2.2944
2.2980, 2.3455
2.5826, 2.1740
2.3207, 2.0044
2.1040, 2.3253
1.9713, 2.4831
2.5366, 2.4307
2.3957, 2.2323
2.3514, 2.1058
2.4329, 2.4737
2.2198, 2.2846
2.4333, 2.6457
2.0270, 2.5669
2.6085, 2.1757
2.6026, 2.4582
2.5814, 2.7164
2.2405, 2.5254
2.4789, 2.2412
2.5240, 2.1912
2.3053, 2.1673
2.2766, 2.7924
2.3425, 2.3434
2.1194, 2.6231
2.6087, 2.5963
2.4980, 2.6985
2.5049, 2.1149
2.6171, 2.1907
2.4966, 2.0202
2.1374, 2.5980
2.1477, 2.7633
2.5480, 2.0373
2.3519, 2.2216
2.3227, 2.4633
2.1741, 2.9859
2.6096, 2.5473
2.3910, 2.3817
2.5685, 2.3937
2.3991, 2.5161
2.5108, 2.0813
2.3169, 2.5386
2.7537, 2.3083
2.3358, 2.1291
2.3482, 2.6970
2.3001, 2.3959
2.3818, 2.6892
2.4439, 2.3111
2.3158, 2.2323
2.4294, 2.3427
2.5059, 2.2916
2.6263, 2.3236
2.4404, 2.4456
2.5122, 1.9669
2.5463, 2.2620
2.4581, 2.0780
2.1789, 2.9071
2.3008, 2.2171
2.3478, 1.8232
2.6383, 2.1391
2.0771, 2.0503
2.4700, 2.6752
2.3346, 2.4075
2.4155, 2.2314
2.5984, 2.0328
2.5490, 2.3355
2.3341, 2.3136
2.3002, 2.2658
2.3651, 2.7007
2.1110, 2.2666
2.1156, 2.4798
2.3623, 2.2390
2.3916, 2.2927
2.5124, 2.2498
2.8681, 2.0231
2.3453, 2.6754
2.4103, 2.2654
2.3628, 2.2010
2.3920, 2.0205
2.2813, 2.2738
2.2062, 2.3150
2.2774, 2.1961
2.0534, 2.7154
2.4248, 2.2075
2.4405, 2.3224
2.3092, 2.2537
2.1117, 2.8008
2.8961, 2.1240
2.3595, 2.6843
2.0080, 2.1821
2.4821, 2.3984
2.3605, 2.5931
2.4067, 2.6330
2.2758, 2.2870
2.0156, 2.5885
2.3657, 2.2032
2.4610, 2.3471
2.2553, 2.5246
2.5674, 2.1178
2.5358, 2.1375
2.4010, 2.0168
2.8698, 2.1299
2.0761, 2.4753
3.0159, 2.1111
2.4836, 2.5146
2.1546, 2.5279
2.3707, 2.3425
2.0262, 2.5377
2.5376, 2.1534
2.3280, 2.1855
2.3403, 2.1759
2.2436, 2.2362
2.0463, 2.6671
2.4530, 1.9607
2.1719, 2.6753
2.0122, 2.4115
2.4214, 2.2566
2.4063, 2.3271
2.4517, 2.7942
2.3057, 2.8280
2.4662, 2.5313
2.0120, 2.5942
2.3131, 2.7754
2.5239, 2.0201
2.0816, 2.4901
2.4792, 2.2982
2.3936, 2.5634
2.2014, 2.5316
2.3159, 2.1257
2.6461, 2.1889
2.5188, 2.0798
2.2770, 2.6142
2.2269, 2.5581
2.3266, 2.0977
2.8071, 2.3335
2.3107, 2.4028
2.3467, 2.1311
2.4504, 2.0024
2.3859, 2.3937
2.3168, 2.4219
2.3494, 2.3403
2.8704, 2.2519
2.4312, 2.5465
2.3706, 2.4290
2.5279, 2.4093
2.4157, 2.5110
2.2996, 2.3995
2.3221, 2.6813
2.3581, 2.5981
2.2622, 2.3099
2.2512, 2.6921
2.5650, 2.0894
2.5653, 2.3309
2.2331, 2.6661
2.1624, 2.7944
2.5168, 2.1998
2.4713, 2.3171
2.2236, 2.6335
2.4195, 2.5074
2.6473, 2.4640
2.1069, 2.4176
2.2131, 2.3512
2.1938, 2.3831
2.6468, 2.0172
2.3969, 2.1163
2.1011, 2.7494
2.5833, 1.9813
2.5583, 2.5432
2.0249, 2.6737
2.4412, 2.2081
2.3319, 2.7507
2.4550, 2.2730
2.2257, 2.0336
2.3021, 2.1074
2.2103, 2.5056
2.2593, 2.4507
2.6271, 1.9180
2.4106, 2.7405
2.4532, 2.5602
2.3159, 2.3720
2.4040, 2.5984
2.4914, 2.4368
2.5264, 2.0930
2.0522, 2.6504
2.3988, 2.4670
2.2219, 2.1306
2.2211, 2.6426
2.0259, 2.4401
2.2161, 2.1932
2.0533, 2.2101
2.5834, 2.5716
2.4103, 2.1349
2.3037, 2.2059
2.1182, 2.3119
2.4937, 2.6402
2.1438, 2.3828
2.4510, 2.3009
2.0740, 2.2787
2.6375, 2.4219
2.0051, 2.7533
2.2262, 2.2474
2.3373, 2.5159
2.4242, 2.1535
2.3774, 2.4073
2.5549, 2.3746
2.3418, 2.1393
2.3500, 2.5838
2.3169, 2.0054
2.3975, 2.0890
2.6968, 1.8351
2.9822, 2.0521
2.7655, 2.1417
2.2612, 2.7589
2.3108, 2.6665
2.4497, 1.9758
2.4039, 2.1816
2.4607, 2.5569
2.3551, 2.3730
2.7647, 2.3335
2.4924, 2.4445
2.5238, 2.5804
2.1966, 2.7524
2.1757, 2.7035
2.4160, 2.3044
2.1770, 2.5533
2.6203, 2.2320
2.3687, 2.6645
2.4251, 1.8934
2.5817, 2.6570
2.2683, 1.9557
2.3754, 2.3319
2.5079, 2.1894
2.4532, 2.4227
2.5897, 2.1046
2.3763, 2.0878
2.3309, 2.6401
2.2544, 2.4218
2.3497, 2.3471
2.2703, 2.3372
2.2355, 2.4909
2.5895, 2.4934
2.8164, 2.5747
2.6659, 2.6558
2.2972, 2.6181
2.9127, 2.0806
2.4114, 2.5347
2.3182, 2.1562
2.3316, 2.3458
2.3111, 2.3762
2.2682, 2.0247
2.4260, 2.3774
2.0806, 2.8086
2.3113, 2.2820
2.4966, 2.4139
2.6665, 2.1838
2.4177, 2.0726
2.5924, 2.4246
2.2122, 2.4249
2.6094, 2.0815
2.2801, 2.5580
2.7871, 2.3949
2.4423, 2.3288
2.5941, 2.3057
2.5424, 2.2766
2.4373, 2.2102
2.6936, 2.4432
2.4002, 2.0725
2.5614, 2.2367
2.4243, 2.3514
2.5921, 2.5218
2.4247, 2.2007
2.5459, 2.1316
2.3409, 2.2425
2.2784, 2.4839
2.0404, 2.6685
2.3571, 2.4256
2.4816, 2.3841
2.2978, 2.7411
2.5037, 2.1871
2.3640, 2.4733
2.3824, 2.0045
2.2794, 1.6751
2.5605, 2.2674
2.3561, 2.4243
2.4579, 2.5780
2.2951, 2.6701
2.4577, 2.3816
2.0714, 2.4661
2.5966, 2.5056
2.1970, 2.2473
2.2963, 2.3203
2.4547, 2.0208
2.3559, 2.2371
2.1861, 2.6573
2.3440, 2.7005
2.1085, 2.5032
2.7760, 1.9998
2.3769, 2.1165
2.3665, 2.1334
2.3998, 2.4071
2.6532, 2.3480
2.3978, 2.2570
2.0977, 2.7344
2.3326, 2.3774
2.6517, 2.0643
2.3881, 2.3368
2.5999, 2.2779
2.2285, 2.6342
2.3205, 2.6945
2.3144, 2.5692
2.4569, 2.1138
2.3247, 2.1580
2.3401, 2.0202
2.5655, 2.2901
2.7899, 2.1108
2.3998, 2.2746
2.4207, 2.3490
2.8497, 2.6492
2.3494, 2.2875
2.4538, 2.3962
2.3233, 2.7176
2.5016, 2.0432
2.1270, 2.5351
2.3776, 2.5478
2.6606, 1.9619
2.4461, 2.1961
2.2847, 2.5343
2.5493, 2.0050
2.8460, 2.0424
2.4646, 2.1136
2.4129, 1.9321
2.1979, 2.5253
2.5957, 2.9206
2.2470, 2.7447
2.2728, 2.7538
2.3833, 2.3517
2.2545, 2.4101
2.0851, 2.7106
2.6058, 2.5538
2.0900, 2.7499
2.3078, 2.2228
2.1654, 2.3980
2.6417, 2.9222
2.1857, 2.6761
2.3918, 2.3745
2.4830, 2.3913
2.1798, 2.3592
2.3350, 2.5094
1.9256, 2.6178
2.4131, 2.2283
2.2617, 2.6067
2.1416, 2.5184
2.3553, 2.1425
2.4332, 1.9224
2.5018, 2.3414
2.6609, 2.5293
2.3419, 2.4506
2.4275, 2.1246
2.3365, 2.3304
2.2123, 2.4398
2.1736, 2.7067
2.4562, 2.2365
2.0856, 2.5548
2.6856, 2.2571
2.3175, 2.1809
2.4278, 2.2331
2.3806, 2.1541
2.5252, 2.3856
2.4407, 2.5839
2.6274, 2.6189
2.4250, 2.1210
2.3655, 2.1867
2.2990, 2.1735
2.5065, 2.2416
2.4026, 2.6226
2.3216, 2.8238
2.3098, 2.4254
2.0992, 2.4546
2.3251, 2.4503
2.4651, 2.6225
2.5593, 2.0003
2.4219, 2.3892
2.3802, 2.3648
2.6094, 1.9548
2.5914, 1.9525
2.1673, 2.3429
2.4286, 2.4956
2.3868, 2.1813
1.9750, 2.5817
2.6256, 1.8786
2.1027, 2.5983
2.5890, 2.3295
2.4512, 1.9905
2.1540, 2.5606
2.3966, 2.7657
2.3727, 2.2040
2.4694, 2.2395
2.4833, 2.2089
2.4913, 2.2323
2.4842, 2.4433
2.5327, 2.3901
2.4975, 2.0382
2.3641, 2.3107
2.6344, 2.2244
2.1163, 2.6863
2.2770, 2.1265
2.2505, 2.3753
2.0135, 2.6935
2.3214, 2.4385
2.3531, 2.5395
2.2408, 2.6634
2.3243, 2.2788
2.1806, 2.5484
2.4009, 2.1135
2.4450, 2.2404
2.5089, 2.5681
1.9940, 2.8194
2.2409, 2.6179
2.5432, 2.1804
2.6101, 2.8148
2.5902, 2.0925
2.3430, 2.4004
2.2604, 2.4279
2.1793, 2.2751
2.4606, 2.7074
2.4687, 2.0517
2.4543, 2.4505
2.4262, 1.7751
2.4013, 2.2668
2.2107, 2.6011
2.6435, 2.1716
2.5703, 2.1336
2.1224, 2.7372
2.3004, 2.6480
2.1695, 2.8212
2.2893, 2.6203
2.6106, 2.2289
2.3093, 2.4977
2.5159, 2.4143
2.3623, 2.3163
2.3471, 2.6299
2.4116, 2.5168
2.4657, 2.1043
2.4568, 2.2540
2.6220, 2.5243
2.1899, 2.6117
2.1865, 2.3504
2.2225, 2.4774
2.4376, 2.2876
2.1012, 2.6437
2.2608, 2.4913
2.8722, 2.2707
2.3038, 1.9056
2.5308, 2.3399
2.4787, 1.8758
2.1702, 2.3956
2.4096, 2.2046
2.5295, 2.2525
2.0982, 2.3819
2.4365, 2.3859
2.3706, 2.4753
2.4691, 2.3919
2.5567, 2.4591
2.1974, 2.5716
2.1755, 2.2585
2.2182, 2.4329
2.0279, 2.5738
2.4659, 2.0187
2.3821, 2.3376
2.1054, 2.4141
2.2784, 2.5131
2.3988, 1.9292
2.5785, 2.2530
2.2845, 2.4736
2.4328, 2.2751
2.1853, 2.5752
2.5747, 2.2140
2.6131, 2.3368
2.4019, 2.3692
2.5005, 2.5795
2.1645, 2.5784
2.5835, 2.5950
2.2449, 2.5103
2.3631, 2.2326
2.2978, 2.1034
1.9886, 2.7005
2.3057, 2.3749
2.1709, 2.6803
2.1967, 2.4848
2.4713, 2.5348
2.2083, 2.3854
2.5641, 2.5404
2.5147, 2.3022
2.1217, 2.1777
2.6638, 1.8145
2.4571, 2.1773
2.3559, 2.3901
1.9903, 2.3798
1.9299, 2.2909
2.5617, 1.9340
2.2217, 2.6688
2.6011, 2.1944
2.4604, 2.1345
2.3540, 1.9928
2.2865, 2.3770
2.3550, 2.3426
2.2457, 2.1507
2.1764, 2.6478
2.3369, 2.3576
1.7795, 2.7276
2.4294, 2.1093
2.0361, 2.8343
2.7228, 2.2658
2.2959, 2.5640
2.0772, 2.4749
2.4762, 2.2564
2.4913, 2.3432
2.4164, 1.9532
2.5387, 2.8943
2.0146, 2.3567
2.5569, 2.2123
2.5399, 2.6406
2.4535, 2.1125
2.2683, 2.6491
2.1668, 2.7520
2.3776, 2.4472
2.3420, 2.6421
2.3264, 2.8588
2.6754, 2.3347
2.3439, 2.5467
2.4050, 2.5366
2.3139, 2.3292
2.3959, 2.1565
2.2708, 2.2012
1.8627, 2.8127
2.2231, 2.6602
2.3821, 2.0933
2.4432, 2.1935
2.3751, 2.1396
2.7867, 1.9221
2.0156, 2.8057
1.8707, 2.6124
2.4406, 2.6083
2.2186, 2.3724
2.6504, 2.2244
2.4771, 2.4393
2.5259, 2.0561
2.3735, 2.3064
1.8862, 2.7082
2.4284, 2.0836
2.2614, 2.5449
2.4431, 2.3604
2.1312, 2.4825
2.3322, 2.4451
2.1482, 2.3592
2.4352, 2.3458
2.6950, 2.1422
2.1837, 2.6468
2.2656, 2.6604
2.3681, 2.1669
2.2212, 1.9981
2.3669, 2.6348
2.4788, 2.2102
2.3969, 2.1629
2.5697, 1.9941
2.4045, 2.3825
2.6453, 2.2027
2.6770, 2.0491
1.9704, 2.3694
2.3124, 2.1773
1.9372, 2.7294
2.3671, 2.1495
2.0989, 2.6633
2.4221, 2.2934
2.4389, 2.3682
2.3265, 2.5732
2.1744, 2.5618
2.5814, 2.3391
1.6116, 2.7430
2.2728, 2.2367
1.9775, 2.6308
2.5421, 2.8605
2.2863, 2.6487
2.1977, 2.4237
2.3992, 2.6256
2.3859, 2.3902
2.4848, 2.0949
2.5004, 2.6894
2.3569, 2.4454
1.8859, 2.1714
2.8098, 2.3433
2.4202, 1.8881
2.5222, 2.7580
2.5527, 1.7473
2.5021, 2.2448
2.3597, 2.2236
2.4450, 2.0920
2.0266, 2.3986
2.1271, 2.6071
2.4283, 2.3665
2.5299, 1.7857
2.1161, 2.5392
1.9429, 2.8801
2.4263, 2.0536
2.4847, 2.0426
2.3577, 2.3913
2.1044, 2.4865
2.1014, 2.4719
2.4990, 2.5192
2.4191, 2.2108
2.3244, 2.6815
2.5269, 1.9940
2.4355, 2.6255
2.4657, 2.5374
2.2916, 1.8819
2.4625, 2.2349
2.3775, 2.5853
1.9311, 2.6494
2.4512, 1.6109
2.6266, 2.2605
2.3726, 2.2514
2.7567, 2.3011
2.3807, 2.4914
2.5389, 2.1054
2.7201, 2.0288
2.2238, 2.3998
2.0746, 2.5766
2.6312, 2.4190
2.4856, 2.1787
2.4657, 2.4110
2.1031, 2.3509
2.0683, 2.3421
2.3501, 2.4655
2.3951, 2.1575
2.3526, 2.3101
2.4478, 2.3571
2.3969, 2.3720
2.2199, 2.5935
2.4285, 2.4786
2.0839, 2.7796
1.9692, 2.5170
2.3110, 2.0272
2.5308, 2.3785
2.4642, 2.5790
2.4309, 2.5889
2.5924, 2.3578
2.4580, 2.3686
2.4826, 2.2285
2.3302, 2.2337
2.4542, 2.1288
1.8752, 2.3322
2.4293, 2.5892
2.1514, 2.7043
2.4985, 2.1211
2.3017, 1.9755
2.3731, 2.0645
2.5237, 2.2381
2.4730, 2.2105
2.8182, 2.2733
2.6143, 2.2547
2.1133, 2.6207
2.1511, 2.4695
2.1926, 2.4080
2.5250, 2.5948
2.3788, 1.7154
2.4456, 2.1028
2.4123, 2.3697
2.0695, 2.6463
2.6573, 2.3023
2.3456, 2.4607
2.6022, 2.0530
2.2695, 2.4596
2.3695, 2.5310
2.1711, 2.6202
2.2598, 2.5489
2.4569, 2.4679
2.0731, 2.7149
2.4756, 2.0861
2.4916, 2.7082
2.6973, 2.2920
2.5984, 2.4220
2.2465, 2.0515
2.7580, 2.2141
1.8623, 2.8271
2.0487, 2.9697
2.4035, 2.4238
2.0557, 2.6871
2.0939, 2.5118
2.2768, 2.7060
2.4844, 2.5856
2.2606, 2.3610
2.3938, 2.4485
2.3205, 2.1351
2.5197, 2.1847
2.4302, 2.1023
2.2199, 2.4773
2.3700, 2.5841
2.2365, 2.0437
2.4917, 2.6165
2.4442, 2.5005
2.4513, 1.9038
2.4760, 2.7292
2.2489, 2.5744
2.6370, 2.2729
2.1081, 2.6940
2.1075, 2.8307
2.5533, 2.1043
2.2674, 2.3432
2.5176, 2.4200
2.2038, 2.5139
2.3151, 2.4931
2.4358, 2.2550
2.6234, 1.7985
2.4580, 2.0024
2.0495, 2.3249
2.4404, 2.3360
2.3591, 2.2338
2.6184, 2.2089
2.3167, 1.9417
2.2808, 2.5734
2.3817, 2.3333
2.3728, 2.1235
2.3613, 2.1740
2.6122, 1.9492
1.9294, 2.5588
2.3859, 2.2516
2.1756, 2.1122
1.9337, 2.7286
2.5380, 2.3360
2.3446, 2.4651
2.3424, 2.3784
2.1280, 2.2046
2.2865, 2.3217
2.2725, 2.7852
2.1006, 2.6179
2.1191, 2.5275
2.5109, 2.8457
2.4939, 2.2151
2.5751, 2.1864
2.3194, 2.3218
2.1213, 2.4674
2.4079, 2.1186
2.5239, 2.0145
2.2088, 2.4965
2.7524, 2.0456
2.2263, 2.3646
2.6504, 2.0087
2.1008, 2.6759
2.1554, 2.3909
2.3520, 2.5175
2.3327, 2.3107
2.6217, 2.6652
2.4095, 2.1917
2.4149, 2.5131
2.5821, 2.5070
2.3369, 2.5914
2.3843, 2.2367
2.3181, 2.5008
2.2447, 2.5054
2.4428, 2.1493
2.2593, 2.3722
2.7549, 1.9251
2.4223, 2.4182
2.3724, 2.2844
2.5148, 2.1325
2.5468, 2.6315
2.0096, 2.7230
2.3872, 2.1943
2.1272, 2.2326
2.6710, 2.2464
2.4257, 2.1660
1.9879, 2.5507
2.2141, 2.6436
2.1784, 2.3633
2.3511, 2.2370
2.1865, 2.8273
2.6033, 2.0687
2.7269, 2.0349
2.2867, 2.3882
2.5747, 2.1492
2.5655, 1.9104
2.3780, 2.0996
2.3013, 2.0467
2.3441, 2.1318
2.5054, 2.4927
2.6280, 2.2580
2.5326, 2.1575
3.0642, 2.2033
2.2023, 2.3376
2.4885, 2.1892
2.4651, 2.2723
2.6040, 2.2317
2.3648, 2.4257
2.7513, 2.1180
2.3029, 2.4759
1.8379, 2.6038
2.2039, 2.6125
2.3310, 2.5566
2.3993, 2.6695
2.5598, 2.3376
2.5044, 2.1649
2.2569, 2.2593
2.3083, 2.0729
2.4750, 2.2234
2.6005, 1.7365
2.2713, 2.6158
2.2307, 2.1713
2.2325, 2.5700
2.4321, 2.1616
2.3206, 1.8655
2.5905, 2.4883
2.6559, 2.7820
2.1093, 2.4456
2.5082, 2.6134
2.4943, 2.3799
1.9145, 2.6433
2.3578, 2.4989
2.4261, 2.2281
2.4981, 2.3821
2.4429, 2.2449
2.2826, 2.4400
2.3031, 2.5165
2.3213, 1.9455
2.1673, 2.2220
2.3168, 2.5426
2.4820, 2.3601
2.3841, 1.8356
2.5363, 1.9527
2.4719, 2.3014
2.3014, 2.5360
2.1579, 2.5285
2.4127, 2.1913
2.5246, 2.3945
2.1735, 1.9860
2.5359, 2.1602
2.2322, 2.7075
2.6943, 2.2398
2.5470, 2.1245
2.3244, 2.7185
2.4797, 2.6986
2.3996, 2.6375
2.4932, 2.3211
2.4207, 2.5788
2.7735, 1.9958
2.2193, 2.8875
2.2460, 2.5715
2.4925, 2.2616
2.6418, 2.3205
2.4856, 2.3847
2.2582, 2.4550
2.5569, 2.1487
2.3866, 2.3299
2.8844, 2.1182
2.5220, 2.3572
2.5392, 2.3086
2.3315, 2.2541
2.0117, 2.8969
2.2400, 2.3762
2.1219, 2.5566
2.6396, 1.9855
2.4105, 2.4411
2.4836, 2.6126
2.6798, 2.1291
2.5395, 2.2500
2.2960, 2.1519
2.5085, 1.9101
2.5177, 2.2237
2.1847, 2.4683
2.3686, 2.2673
2.3278, 2.6551
1.8822, 2.7213
2.3891, 2.4547
2.4781, 2.1551
2.1996, 2.3681
2.4531, 1.8696
2.2160, 2.5088
2.6502, 2.1078
2.5443, 1.9517
1.8978, 2.5913
2.4063, 2.2740
2.4748, 2.4610
2.1760, 2.8379
2.2929, 1.9076
2.5643, 2.1387
2.6128, 2.0742
2.3026, 2.2620
2.6537, 2.0107
2.3402, 2.2597
2.3948, 2.0289
2.5744, 2.5139
2.4654, 1.9226
2.0480, 2.4560
2.0597, 2.7607
2.4459, 2.3946
2.4283, 2.2341
2.2527, 2.4468
2.1653, 2.1324
2.6577, 1.6611
2.6983, 1.8973
2.1845, 2.6193
2.2847, 2.2125
2.1706, 2.7432
2.3875, 2.3771
2.4175, 2.6280
2.2037, 2.4765
2.3440, 2.6641
2.3958, 2.6932
2.3553, 2.5183
1.9611, 2.7790
2.5590, 2.1132
2.1262, 2.3574
2.0212, 2.6488
2.2506, 2.4899
2.2769, 2.1230
2.6521, 2.3849
2.4530, 2.4861
2.5203, 2.3963
2.3177, 2.4160
2.2898, 2.3910
2.1595, 2.8527
2.0562, 2.5107
2.2869, 2.7096
2.3492, 2.3184
2.5763, 2.0889
2.2265, 2.5561
2.1243, 2.8227
2.3449, 2.0919
2.4860, 2.4137
2.1523, 2.8267
2.2976, 2.4773
2.4205, 2.2683
2.4413, 2.1023
2.2522, 2.5075
2.5677, 2.2312
2.7192, 2.3022
2.3384, 2.2148
2.6543, 2.2162
2.6073, 1.8473
2.3176, 2.5304
2.3744, 2.3506
1.8743, 2.6496
2.6781, 2.3564
2.4389, 2.2204
2.5591, 2.6188
2.3421, 2.6377
2.4014, 2.0943
2.4790, 2.0723
2.2367, 1.9697
2.1075, 2.6885
2.1841, 2.3235
2.2138, 2.5550
2.2555, 2.3640
2.4313, 2.2507
2.0793, 2.3873
2.6854, 1.9665
2.7157, 2.1555
2.4781, 2.5623
2.1967, 2.6480
2.3231, 2.5691
2.5383, 1.7711
2.5166, 2.3634
2.1801, 2.6051
2.7083, 2.4260
2.3420, 2.2730
2.3700, 2.1727
2.6745, 2.0345
2.5178, 2.0595
2.4917, 2.6717
2.7887, 2.0163
2.5465, 2.3373
2.2770, 2.2356
2.5837, 2.2040
2.5511, 2.0800
2.2565, 2.0391
2.7321, 2.1852
2.4477, 2.1234
2.4016, 1.9122
2.3626, 2.7205
2.1500, 2.5311
2.5105, 1.8043
2.3186, 2.4239
2.6449, 2.8394
2.0890, 2.2938
2.4699, 2.7354
2.4805, 2.2816
2.7185, 1.8757
2.4659, 2.2121
2.5135, 2.0274
2.5828, 2.2165
2.5408, 2.3906
2.2135, 2.4073
2.4286, 2.0705
2.2831, 2.3610
2.1462, 2.9229
2.3081, 2.6001
2.2124, 2.7789
2.7538, 2.0333
2.5184, 2.0116
2.2890, 2.3943
2.2741, 2.2149
2.1085, 2.5179
2.2971, 1.8855
2.5375, 2.1714
2.3651, 2.4625
2.2825, 2.2160
2.3764, 2.1382
2.4709, 2.1544
2.3643, 2.3093
2.5193, 2.3875
2.5499, 2.1432
2.1631, 2.6000
2.3926, 2.2741
2.3648, 2.1032
2.4807, 2.2896
2.6446, 2.1338
2.1090, 2.6552
2.4843, 2.3146
2.3786, 2.3809
2.1074, 2.6516
2.4442, 2.3500
2.7532, 2.3250
2.6698, 2.2094
2.3623, 2.5411
2.5238, 2.4375
2.3958, 1.8222
2.4378, 2.3157
2.5700, 2.4478
2.2134, 2.5732
2.5588, 2.2414
2.1733, 2.5348
2.2655, 2.5369
2.2834, 2.5472
2.6188, 2.2887
2.0585, 2.6035
