-3.079, -3.717, -3.006, -3.075, -1.565, -6.460, -3.078, -2.265, -3.082, -3.065
-2.984, -3.303, -3.023, -3.316, -5.077, -2.313, -2.928, -2.914, -3.350, -2.971
-3.118, -3.847, -2.171, -3.418, -1.553, -5.344, -2.710, -2.854, -3.110, -3.030
-3.181, -2.906, -2.938, -3.009, -5.163, -1.642, -3.104, -3.570, -3.317, -3.364
-2.927, -3.216, -2.720, -3.258, -3.990, -1.272, -3.824, -2.923, -3.266, -3.300
-3.109, -3.436, -3.053, -3.053, -1.483, -5.588, -3.008, -3.876, -2.402, -2.574
-2.790, -3.834, -2.352, -3.548, -7.128, -3.452, -3.508, -2.528, -3.277, -3.445
-2.940, -2.672, -3.109, -3.217, -5.957, -2.421, -3.705, -3.255, -2.592, -2.780
-2.990, -3.026, -3.337, -2.799, -1.271, -3.630, -2.966, -3.010, -3.305, -2.703
-3.240, -2.827, -3.199, -4.387, -1.398, -4.920, -2.962, -3.421, -2.943, -3.080
-3.203, -3.547, -3.052, -3.804, -0.652, -2.880, -2.879, -2.953, -3.290, -3.090
-2.618, -3.269, -2.581, -3.677, -0.811, -3.624, -3.268, -2.699, -3.122, -2.950
-3.013, -3.823, -3.799, -4.157, -1.717, -4.410, -3.994, -2.981, -3.303, -3.133
-3.317, -3.152, -2.953, -3.343, -5.720, -2.457, -3.020, -4.149, -3.137, -2.520
-2.571, -2.730, -2.844, -3.548, -1.580, -4.323, -3.369, -3.697, -3.451, -3.288
-3.372, -2.791, -3.039, -2.869, -2.565, -6.165, -3.243, -2.660, -3.253, -2.518
-3.611, -2.426, -3.683, -3.227, -5.307, -2.453, -3.025, -3.796, -3.100, -3.020
-3.721, -3.733, -3.607, -3.453, -1.574, -4.899, -3.446, -2.785, -3.247, -3.856
-3.567, -2.649, -3.149, -2.929, -3.881, -1.490, -3.382, -3.900, -2.850, -2.935
-2.751, -4.278, -3.329, -3.959, -1.731, -4.044, -4.066, -3.137, -3.282, -2.932
-3.167, -2.896, -2.596, -2.991, -3.255, -6.826, -3.330, -2.606, -3.605, -2.765
-2.926, -2.959, -3.138, -2.756, -8.087, -4.110, -3.180, -2.962, -2.870, -3.360
-3.160, -3.538, -2.571, -3.054, -5.121, -2.749, -2.807, -3.276, -2.630, -3.074
-3.842, -2.846, -3.598, -3.302, -6.165, -2.937, -2.663, -2.542, -2.773, -3.391
-3.073, -3.595, -3.365, -3.931, -1.807, -4.710, -3.090, -3.355, -3.433, -3.498
-3.227, -1.765, -3.266, -3.092, -1.513, -4.156, -2.926, -2.866, -2.785, -3.490
-3.189, -3.246, -3.893, -2.183, -1.995, -4.890, -3.293, -2.770, -3.197, -2.918
-2.704, -3.614, -3.536, -3.933, -5.501, -1.586, -2.833, -3.844, -4.473, -2.945
-3.516, -3.729, -3.074, -3.919, -4.332, -1.118, -3.754, -3.295, -3.864, -3.169
-3.161, -3.019, -2.823, -2.915, -1.649, -4.937, -2.969, -2.764, -2.586, -2.922
-2.956, -3.259, -3.248, -2.514, -6.874, -3.415, -3.249, -3.592, -2.617, -3.085
-2.899, -2.252, -3.355, -2.485, -2.467, -5.455, -3.096, -2.500, -2.837, -3.305
-3.388, -4.341, -3.228, -3.659, -1.392, -5.439, -2.658, -3.194, -3.685, -3.218
-3.538, -3.378, -2.791, -3.496, -1.553, -4.703, -3.598, -3.369, -2.962, -3.404
-3.180, -3.753, -3.224, -3.382, -2.166, -6.105, -3.193, -3.022, -2.982, -3.099
-3.261, -3.462, -3.343, -3.812, -1.036, -3.958, -3.353, -2.772, -2.917, -3.051
-2.809, -3.919, -3.424, -2.401, -6.215, -2.235, -3.345, -2.595, -3.383, -3.455
-2.892, -4.524, -2.940, -3.715, -0.723, -3.898, -3.052, -2.468, -3.631, -3.117
-3.188, -4.000, -3.583, -3.856, -1.652, -5.988, -2.475, -2.754, -3.733, -2.957
-3.129, -3.357, -3.083, -3.072, -1.474, -5.010, -2.905, -3.213, -2.526, -3.032
-3.381, -3.027, -2.236, -3.460, -5.762, -3.041, -3.025, -3.135, -2.830, -3.022
-3.077, -3.017, -3.208, -3.278, -7.996, -3.448, -3.673, -3.619, -3.177, -3.228
-3.569, -3.484, -2.383, -2.998, -1.714, -7.096, -3.659, -3.878, -2.586, -3.859
-3.026, -3.096, -2.870, -3.560, -1.365, -4.175, -3.001, -3.027, -2.885, -2.908
-2.990, -2.628, -3.141, -3.385, -5.027, -1.937, -3.627, -3.067, -3.378, -3.051
-3.180, -2.993, -3.617, -3.628, -6.357, -2.672, -2.747, -2.947, -3.378, -3.191
-2.811, -3.389, -2.209, -3.627, -0.947, -4.259, -3.732, -3.238, -3.151, -3.913
-3.900, -2.416, -2.871, -3.343, -2.243, -5.931, -3.400, -3.009, -2.446, -3.083
-2.711, -2.967, -3.346, -2.227, -1.964, -6.328, -2.440, -3.162, -2.901, -2.909
-3.557, -3.881, -3.121, -3.141, -0.925, -3.593, -2.913, -2.785, -3.612, -3.759
-3.580, -2.979, -3.473, -3.480, -7.638, -3.682, -2.997, -2.857, -3.468, -3.244
-3.510, -3.347, -3.410, -3.091, -9.094, -3.793, -3.350, -3.592, -3.148, -3.134
-2.579, -4.156, -2.780, -3.762, -1.178, -3.530, -2.921, -2.825, -3.744, -3.299
-2.594, -3.266, -2.544, -2.447, -5.119, -2.191, -3.866, -2.889, -3.049, -2.841
-3.720, -3.580, -2.694, -3.842, -3.658, -1.601, -2.907, -3.322, -2.114, -3.531
-2.759, -3.330, -2.863, -3.589, -1.238, -4.000, -2.967, -2.683, -3.303, -2.970
-3.156, -3.468, -3.040, -2.567, -1.180, -3.839, -3.544, -2.655, -2.734, -3.126
-3.001, -3.094, -2.952, -3.362, -2.467, -5.842, -3.206, -3.285, -3.550, -3.058
-2.824, -3.018, -2.580, -4.532, -7.912, -2.644, -3.480, -2.417, -2.699, -3.441
-3.624, -3.314, -3.401, -2.305, -4.557, -1.032, -3.546, -2.284, -3.118, -3.379
-3.342, -3.751, -4.157, -4.380, -1.845, -4.388, -3.140, -3.258, -3.254, -3.207
-3.352, -3.337, -3.299, -2.737, -6.444, -3.219, -3.177, -3.381, -2.844, -3.234
-2.756, -3.182, -3.239, -4.701, -4.442, -1.320, -2.611, -2.788, -3.432, -2.955
-3.319, -2.973, -3.616, -2.953, -1.918, -6.335, -3.175, -3.629, -2.932, -2.818
-3.025, -3.155, -3.299, -2.667, -1.213, -3.893, -2.722, -2.487, -2.833, -3.505
-2.715, -2.971, -3.381, -3.830, -5.239, -1.538, -2.803, -3.162, -3.229, -2.738
-3.075, -4.343, -3.562, -3.576, -0.752, -3.083, -3.258, -3.255, -3.768, -3.191
-3.452, -3.496, -2.599, -4.495, -1.706, -5.796, -2.947, -3.383, -3.143, -3.093
-2.876, -2.591, -3.150, -5.357, -6.032, -2.676, -2.911, -2.484, -2.733, -2.948
-3.112, -3.427, -3.320, -3.913, -4.783, -1.921, -3.076, -2.915, -3.362, -3.033
-3.165, -3.981, -3.098, -4.211, -2.247, -5.867, -2.828, -3.143, -2.670, -3.646
-3.130, -2.929, -2.737, -2.675, -4.745, -2.029, -2.458, -3.282, -3.286, -3.219
-3.441, -3.538, -2.857, -2.083, -4.384, -1.889, -3.826, -3.885, -3.278, -2.383
-3.080, -3.031, -3.604, -2.769, -6.335, -3.004, -3.026, -3.120, -3.050, -3.431
-3.583, -2.916, -3.263, -3.031, -6.535, -3.283, -2.942, -3.319, -3.298, -3.276
-3.655, -3.296, -2.523, -2.408, -4.268, -2.344, -2.884, -3.482, -2.896, -3.030
-3.147, -3.045, -3.523, -2.050, -1.811, -4.964, -3.045, -4.116, -2.937, -2.845
-3.186, -2.704, -2.432, -3.085, -5.083, -2.598, -2.664, -3.051, -3.106, -3.361
-3.038, -3.958, -3.736, -2.589, -8.891, -2.567, -3.588, -2.522, -3.967, -2.825
-3.134, -3.610, -1.397, -2.450, -4.177, -2.184, -2.633, -2.685, -3.204, -3.424
-2.789, -2.958, -3.167, -3.835, -9.504, -3.529, -3.520, -2.589, -3.327, -3.452
-2.937, -3.623, -3.553, -2.468, -5.155, -1.665, -3.167, -2.389, -3.263, -2.582
-3.041, -2.759, -3.387, -2.646, -5.667, -1.737, -3.312, -2.967, -3.217, -3.107
-3.082, -3.469, -3.554, -3.865, -1.556, -4.489, -2.823, -2.790, -3.477, -3.169
-3.012, -3.736, -3.542, -3.496, -9.171, -4.531, -3.073, -3.017, -3.237, -2.774
-2.984, -3.202, -3.164, -3.628, -4.695, -2.075, -2.819, -2.757, -3.159, -3.549
-3.407, -2.851, -3.234, -3.049, -8.753, -3.531, -3.408, -3.395, -3.148, -3.137
-3.250, -3.812, -3.154, -3.805, -0.671, -3.448, -3.027, -3.118, -2.970, -2.955
-2.610, -3.896, -3.367, -1.877, -4.809, -2.384, -3.151, -4.738, -2.903, -3.237
-3.887, -3.599, -3.520, -3.140, -1.381, -5.342, -2.399, -3.696, -2.922, -3.206
-2.631, -3.484, -2.719, -5.130, -0.954, -3.386, -3.110, -3.239, -3.547, -2.869
-3.283, -3.134, -2.992, -2.355, -7.430, -3.939, -2.811, -3.177, -2.917, -2.897
-3.363, -2.967, -3.633, -3.069, -1.013, -3.574, -2.480, -2.728, -3.148, -2.485
-2.694, -3.053, -2.767, -4.465, -6.693, -2.441, -4.001, -2.954, -3.231, -3.617
-2.396, -3.839, -3.227, -2.677, -1.212, -3.976, -3.355, -3.789, -4.228, -3.444
-2.693, -3.503, -3.202, -3.890, -4.591, -2.261, -2.263, -4.021, -3.337, -3.603
-2.920, -3.643, -3.399, -3.151, -9.151, -3.597, -2.830, -3.219, -3.457, -3.246
-4.325, -3.044, -2.045, -2.165, -5.328, -3.111, -2.536, -3.541, -3.430, -2.504
-3.080, -3.337, -3.422, -2.610, -6.189, -2.371, -3.353, -3.497, -3.409, -3.128
-3.188, -2.603, -3.498, -2.862, -5.311, -1.828, -3.772, -3.325, -3.631, -3.280
-3.813, -2.439, -3.810, -3.846, -5.461, -1.778, -2.673, -1.975, -3.591, -3.078
-3.235, -3.417, -2.982, -3.216, -4.855, -2.096, -3.311, -3.723, -3.249, -2.702
-3.426, -3.732, -4.317, -3.259, -1.756, -4.446, -3.733, -2.488, -3.146, -3.167
-3.073, -3.203, -3.305, -2.863, -6.162, -2.253, -3.250, -2.928, -3.356, -2.426
-3.028, -2.784, -3.114, -3.560, -6.034, -2.485, -2.863, -2.979, -3.607, -3.409
-2.552, -2.560, -2.793, -3.616, -1.627, -4.432, -3.310, -3.612, -3.324, -3.226
-3.004, -3.483, -2.792, -4.043, -1.648, -4.596, -3.194, -2.756, -3.071, -3.449
-2.809, -2.854, -2.981, -2.730, -2.303, -5.676, -2.684, -3.364, -3.326, -2.940
-4.020, -2.842, -3.765, -3.160, -4.073, -1.379, -2.360, -2.992, -3.958, -3.369
-3.419, -3.094, -3.734, -2.932, -5.815, -2.459, -2.878, -2.470, -3.604, -3.873
-3.261, -3.982, -3.417, -3.744, -0.962, -3.913, -2.901, -2.731, -3.452, -3.409
-3.212, -3.220, -3.559, -2.826, -2.130, -5.690, -3.213, -2.355, -2.991, -3.194
-3.704, -3.147, -3.993, -3.755, -6.650, -3.015, -2.405, -2.868, -2.636, -2.321
-3.128, -4.105, -4.126, -4.262, -2.312, -5.266, -3.839, -3.087, -3.225, -3.205
-3.333, -3.384, -3.806, -2.864, -7.436, -3.414, -3.088, -2.409, -3.432, -3.016
-3.380, -3.184, -3.185, -2.422, -2.120, -5.533, -2.676, -2.691, -2.671, -3.025
-2.794, -3.320, -3.764, -2.980, -5.342, -2.257, -2.642, -4.123, -2.975, -3.209
-3.043, -4.319, -3.232, -3.008, -5.256, -1.856, -3.303, -4.055, -3.602, -3.312
-3.156, -2.507, -3.931, -1.910, -3.371, -0.980, -3.062, -3.066, -2.830, -3.040
-3.315, -3.421, -2.102, -3.566, -3.350, -1.663, -2.272, -3.959, -3.051, -2.850
-3.536, -3.445, -2.359, -4.085, -1.123, -3.922, -3.432, -3.598, -3.799, -3.203
-2.637, -3.397, -3.198, -3.117, -2.281, -5.429, -3.347, -2.455, -3.616, -3.527
-3.284, -3.011, -1.989, -2.691, -5.430, -2.687, -4.372, -3.028, -3.193, -2.977
-3.103, -3.346, -3.158, -3.131, -1.161, -4.257, -3.638, -3.092, -3.435, -3.250
-3.938, -3.261, -2.904, -3.124, -5.155, -1.915, -1.919, -3.018, -3.744, -3.613
-2.702, -3.336, -3.244, -4.694, -1.782, -5.730, -3.871, -3.492, -3.428, -3.045
-3.115, -3.157, -3.996, -3.745, -7.236, -2.784, -2.694, -2.005, -3.392, -2.952
-3.084, -3.631, -3.431, -5.024, -0.858, -3.086, -3.295, -2.880, -3.520, -3.149
-3.432, -3.410, -4.017, -2.387, -5.981, -3.190, -2.504, -3.082, -2.950, -3.258
-3.090, -3.198, -2.719, -2.523, -5.909, -3.179, -2.451, -3.462, -3.004, -3.509
-3.024, -2.743, -2.616, -3.323, -1.215, -4.500, -3.647, -3.678, -3.225, -3.225
-3.171, -3.306, -3.371, -3.356, -6.773, -2.797, -3.458, -4.095, -3.328, -3.090
-3.470, -3.595, -3.000, -4.327, -0.391, -2.775, -2.451, -3.374, -3.463, -3.065
-3.005, -4.502, -2.907, -2.922, -1.293, -4.672, -4.387, -3.150, -2.940, -3.883
-3.165, -2.824, -3.548, -2.289, -16.327, -3.378, -3.500, -3.080, -3.055, -2.963
-3.389, -3.193, -3.424, -3.959, -2.129, -5.562, -3.580, -2.831, -2.910, -3.305
-3.640, -2.395, -4.287, -3.721, -1.712, -4.189, -3.699, -3.009, -2.764, -3.531
-3.005, -2.632, -3.123, -3.281, -2.039, -4.914, -3.056, -2.667, -3.197, -3.301
-3.890, -3.865, -4.069, -2.650, -5.134, -2.187, -3.286, -3.010, -3.205, -3.704
-2.648, -2.714, -2.862, -3.822, -6.143, -2.752, -2.905, -2.128, -3.148, -3.888
-3.322, -2.876, -3.159, -3.190, -1.564, -5.021, -3.218, -2.297, -2.941, -3.158
-3.313, -3.367, -3.892, -2.461, -6.169, -2.886, -2.817, -2.972, -2.938, -2.911
-3.204, -3.216, -3.322, -3.241, -0.927, -3.804, -2.755, -3.271, -3.330, -3.027
-3.311, -3.251, -3.055, -2.572, -10.197, -3.841, -3.155, -3.188, -2.899, -3.239
-3.157, -2.833, -2.898, -4.304, -6.303, -2.740, -3.225, -3.009, -3.005, -3.298
-3.442, -2.598, -2.539, -3.922, -5.509, -2.239, -3.463, -3.051, -3.186, -3.259
-2.895, -2.731, -2.982, -2.258, -6.093, -2.773, -2.908, -3.328, -2.885, -3.129
-3.635, -2.718, -3.152, -4.153, -1.026, -3.885, -2.582, -2.798, -2.803, -3.558
-2.985, -3.241, -3.035, -2.410, -2.265, -6.946, -3.198, -2.727, -2.748, -3.109
-2.504, -3.818, -3.318, -2.508, -1.214, -4.164, -3.101, -2.646, -3.395, -2.879
-2.337, -3.620, -3.554, -3.059, -0.880, -3.205, -3.047, -3.181, -4.390, -3.214
-3.527, -3.285, -2.674, -3.273, -6.852, -3.521, -2.659, -2.530, -2.561, -3.388
-3.142, -3.159, -3.082, -4.627, -6.043, -1.994, -3.009, -2.261, -3.152, -3.329
-3.271, -3.007, -2.783, -3.251, -7.531, -3.460, -3.970, -3.005, -3.447, -3.117
-3.400, -3.351, -2.486, -2.248, -5.334, -3.398, -2.141, -3.188, -3.131, -3.139
-3.553, -4.373, -4.161, -3.110, -1.818, -5.276, -2.843, -3.784, -2.569, -2.290
-2.813, -2.598, -2.586, -3.633, -4.849, -2.355, -2.589, -3.573, -2.780, -2.659
-3.222, -2.874, -3.180, -2.893, -3.350, -0.773, -3.441, -2.968, -3.123, -3.088
-3.445, -3.062, -2.817, -2.517, -2.110, -6.732, -2.627, -2.840, -2.761, -3.233
-2.925, -2.952, -2.913, -2.941, -5.957, -2.752, -3.570, -2.997, -3.035, -3.383
-3.305, -3.680, -3.393, -3.176, -2.237, -5.371, -3.184, -2.842, -3.216, -3.231
-2.506, -3.482, -3.271, -3.792, -0.829, -3.509, -2.752, -3.090, -3.115, -3.081
-3.085, -3.523, -3.105, -2.602, -1.813, -5.115, -3.063, -3.279, -3.201, -3.148
-3.423, -3.357, -2.861, -3.362, -1.508, -4.288, -3.463, -2.437, -3.015, -3.775
-2.485, -3.596, -2.639, -3.624, -1.516, -4.844, -3.885, -4.502, -2.914, -3.091
-3.360, -3.169, -2.961, -2.607, -2.093, -5.685, -3.292, -2.881, -2.688, -3.182
-3.378, -3.759, -3.674, -3.044, -1.111, -3.717, -3.436, -3.297, -2.821, -2.930
-2.640, -2.841, -2.861, -4.396, -5.979, -2.273, -2.808, -2.849, -3.475, -3.550
-2.763, -3.028, -3.578, -3.138, -2.227, -5.148, -3.207, -3.025, -4.014, -3.958
-3.111, -3.533, -2.714, -4.029, -0.796, -3.761, -3.124, -2.955, -3.216, -3.360
-2.982, -2.830, -3.037, -3.070, -5.805, -2.703, -2.354, -2.567, -2.995, -2.902
-3.487, -2.919, -2.308, -3.631, -5.219, -2.252, -3.775, -2.177, -3.446, -3.809
-3.002, -3.037, -3.289, -3.316, -1.883, -4.414, -3.517, -2.851, -3.086, -3.159
-4.545, -3.404, -3.191, -2.772, -4.705, -2.642, -3.018, -3.315, -3.042, -4.006
-2.822, -3.635, -2.798, -3.623, -0.704, -3.395, -3.347, -3.134, -3.767, -3.135
-3.273, -3.109, -3.457, -3.468, -5.663, -2.309, -2.267, -3.622, -3.632, -2.387
-3.745, -2.663, -3.855, -3.128, -2.066, -5.344, -2.630, -3.507, -3.012, -3.038
-2.950, -3.129, -3.529, -4.372, -1.558, -4.119, -2.401, -2.750, -3.738, -3.280
-3.036, -3.330, -3.980, -2.010, -6.518, -2.859, -2.766, -3.747, -2.795, -3.038
-2.988, -3.658, -2.952, -3.116, -0.884, -3.230, -3.403, -3.279, -4.279, -3.039
-2.925, -3.018, -2.998, -2.998, -6.975, -3.129, -2.980, -3.246, -2.826, -3.157
-2.849, -4.043, -3.033, -3.434, -1.627, -4.047, -4.383, -3.350, -3.109, -3.181
-3.333, -3.309, -3.242, -3.968, -4.755, -1.630, -3.089, -2.738, -3.291, -3.389
-3.168, -3.372, -3.018, -2.838, -6.212, -2.673, -3.061, -3.145, -2.941, -3.132
-4.460, -3.290, -3.779, -2.962, -6.748, -2.492, -2.868, -2.716, -3.068, -3.947
-3.025, -3.978, -3.662, -2.402, -0.671, -2.941, -2.667, -2.948, -3.869, -2.878
-3.424, -2.827, -3.633, -2.245, -8.360, -4.283, -3.275, -3.297, -3.027, -3.325
-3.060, -3.609, -3.451, -2.813, -5.197, -2.435, -2.710, -3.252, -3.229, -2.456
-3.746, -2.615, -2.388, -3.090, -2.145, -5.578, -3.702, -2.580, -3.670, -3.910
-2.973, -2.726, -3.132, -2.386, -2.079, -5.438, -3.069, -2.779, -3.224, -3.569
-3.345, -2.616, -2.734, -2.313, -2.236, -6.467, -2.941, -2.806, -2.737, -3.213
-3.316, -3.611, -3.693, -3.190, -7.353, -2.795, -3.596, -3.548, -3.136, -3.207
-2.976, -2.704, -3.083, -3.008, -5.399, -2.521, -3.001, -2.870, -3.080, -3.340
-3.214, -2.981, -3.432, -3.484, -7.229, -3.705, -3.045, -2.946, -3.174, -3.015
-3.225, -2.834, -3.094, -3.024, -1.393, -4.568, -3.071, -3.510, -3.091, -3.382
-2.870, -3.636, -3.249, -2.855, -1.420, -5.079, -3.068, -3.140, -2.772, -2.533
-3.346, -3.128, -3.423, -3.837, -1.663, -4.402, -3.194, -3.251, -2.838, -3.317
-2.812, -3.126, -3.005, -2.962, -1.504, -4.780, -2.844, -2.841, -3.114, -2.797
-3.179, -2.659, -3.085, -3.390, -7.242, -3.086, -3.232, -2.761, -3.290, -3.361
-3.212, -3.283, -2.752, -3.368, -1.513, -5.368, -3.107, -2.829, -3.010, -3.191
-3.631, -3.148, -3.923, -3.467, -6.437, -2.454, -2.637, -2.921, -3.106, -3.066
-3.451, -3.224, -3.173, -3.244, -6.050, -2.111, -2.823, -3.203, -3.323, -2.936
-3.224, -3.088, -2.440, -2.442, -4.982, -2.238, -3.761, -2.890, -3.755, -3.457
-3.058, -3.432, -2.982, -2.818, -5.064, -1.230, -2.991, -2.576, -3.157, -3.167
-3.109, -3.163, -2.784, -3.374, -7.339, -3.250, -3.980, -3.100, -3.028, -2.976
-3.652, -2.661, -3.658, -2.747, -5.516, -2.650, -2.628, -3.526, -2.912, -2.638
-3.330, -3.133, -3.133, -2.281, -1.634, -5.101, -3.296, -2.753, -2.684, -3.256
-3.240, -3.712, -2.585, -3.711, -1.256, -4.522, -3.104, -3.097, -2.875, -2.667
-3.193, -3.525, -2.734, -4.496, -0.838, -3.650, -3.092, -2.896, -3.162, -3.342
-3.018, -3.161, -3.377, -2.966, -2.379, -5.336, -3.205, -2.759, -2.506, -2.976
-3.168, -3.766, -2.685, -3.421, -1.652, -6.700, -3.080, -2.782, -3.290, -3.591
-2.954, -3.971, -2.806, -3.896, -1.069, -4.793, -2.928, -3.378, -3.260, -3.173
-3.206, -3.146, -2.800, -2.518, -5.922, -2.640, -3.829, -2.899, -2.646, -3.240
-3.409, -3.114, -4.747, -2.222, -5.396, -2.709, -2.554, -3.827, -3.332, -3.692
-3.399, -3.531, -2.927, -3.853, -1.646, -6.311, -2.712, -3.247, -2.666, -3.041
-2.946, -3.300, -2.697, -3.744, -5.254, -2.266, -3.967, -3.238, -3.677, -3.918
-3.295, -4.433, -3.702, -2.885, -6.697, -2.444, -2.837, -2.490, -2.678, -2.772
-2.878, -3.362, -3.288, -2.792, -1.786, -5.030, -2.519, -3.851, -3.240, -2.936
-3.415, -3.486, -3.576, -3.784, -1.521, -4.717, -3.557, -3.436, -2.648, -3.107
-3.992, -3.273, -2.953, -3.186, -5.176, -2.443, -3.106, -2.960, -3.846, -3.232
-2.947, -3.420, -2.938, -4.267, -1.674, -5.013, -3.012, -3.529, -3.767, -3.438
-3.187, -3.373, -2.835, -3.714, -0.869, -3.738, -3.146, -2.900, -3.256, -3.376
-3.390, -2.672, -3.017, -2.778, -1.509, -4.198, -2.796, -2.364, -2.594, -3.094
-3.131, -2.711, -3.468, -2.614, -5.303, -2.060, -3.520, -3.029, -3.055, -3.228
-3.002, -3.089, -3.534, -2.693, -10.367, -3.924, -3.466, -3.565, -2.715, -3.241
-3.469, -3.275, -2.886, -3.127, -1.934, -5.370, -2.963, -2.808, -2.967, -3.143
-3.127, -3.041, -3.767, -2.431, -7.451, -2.914, -3.346, -3.413, -2.969, -3.244
-3.684, -2.989, -2.830, -3.652, -6.861, -3.119, -3.696, -2.486, -3.348, -4.111
-3.165, -3.514, -4.249, -2.249, -5.880, -2.099, -2.748, -3.327, -2.797, -2.566
-3.016, -3.678, -3.326, -3.214, -6.987, -3.075, -3.301, -2.600, -2.566, -3.005
-2.950, -2.913, -2.628, -3.529, -6.590, -3.156, -3.495, -2.941, -3.202, -3.061
-2.584, -3.811, -1.825, -3.320, -5.173, -2.298, -3.356, -2.673, -2.813, -2.736
-3.151, -3.282, -3.109, -3.698, -5.734, -2.416, -2.902, -3.460, -3.811, -2.817
-2.599, -3.979, -4.269, -1.772, -2.073, -4.819, -2.552, -2.459, -3.217, -3.536
-3.017, -4.957, -3.176, -2.446, -0.437, -2.814, -3.256, -3.037, -3.106, -3.129
-2.554, -3.726, -4.516, -1.990, -1.753, -4.820, -2.334, -4.545, -2.789, -2.513
-3.080, -3.273, -3.016, -2.876, -7.223, -3.878, -3.162, -3.180, -3.234, -3.562
-2.792, -3.724, -3.355, -3.496, -2.147, -5.387, -4.476, -2.831, -2.466, -3.350
-3.474, -3.474, -3.674, -2.605, -5.127, -1.778, -3.047, -3.485, -3.015, -2.993
-3.159, -3.393, -3.333, -3.184, -8.629, -3.899, -3.702, -3.131, -3.144, -2.984
-3.428, -3.324, -2.806, -2.661, -1.643, -5.771, -3.296, -2.494, -3.094, -3.294
-3.208, -3.870, -3.420, -3.787, -2.344, -6.329, -3.242, -2.744, -2.642, -3.140
-2.992, -2.744, -3.265, -4.774, -5.932, -2.697, -2.532, -2.391, -2.876, -2.965
-2.608, -2.785, -2.889, -3.260, -1.440, -4.161, -3.305, -3.679, -3.465, -3.253
-2.970, -2.433, -3.654, -3.568, -6.706, -2.792, -3.142, -3.076, -3.439, -3.169
-3.425, -3.343, -3.206, -3.141, -5.854, -3.277, -2.571, -3.418, -2.891, -3.467
-3.307, -3.045, -2.657, -2.842, -2.710, -6.820, -3.157, -2.551, -3.152, -3.292
-3.356, -3.078, -3.085, -2.850, -5.350, -1.637, -3.249, -3.811, -3.442, -2.713
-3.273, -3.497, -3.146, -3.683, -1.308, -3.998, -2.407, -2.735, -3.009, -3.035
-3.211, -2.625, -1.739, -4.107, -1.819, -5.076, -3.788, -2.729, -3.525, -3.953
-1.862, -3.374, -3.876, -2.985, -1.440, -3.547, -2.801, -3.216, -3.317, -2.120
-2.974, -3.966, -3.687, -3.428, -5.663, -2.307, -2.952, -2.703, -3.608, -2.992
-2.843, -3.698, -2.793, -3.362, -0.698, -3.866, -3.345, -3.771, -2.692, -2.730
-3.364, -3.103, -3.658, -2.560, -4.597, -1.540, -3.471, -2.642, -3.310, -3.507
-2.955, -2.813, -3.186, -3.021, -6.302, -2.991, -2.670, -3.359, -2.970, -2.847
-2.964, -3.369, -2.916, -3.252, -1.695, -4.556, -4.006, -3.158, -2.796, -2.815
-3.566, -3.290, -3.228, -2.896, -6.454, -3.298, -3.311, -3.108, -3.021, -3.156
-3.305, -2.973, -3.033, -3.369, -6.443, -2.659, -3.444, -2.847, -3.481, -3.309
-2.940, -3.423, -2.959, -3.807, -0.841, -4.007, -2.846, -3.054, -3.210, -3.087
-3.255, -2.676, -3.575, -4.049, -1.985, -4.756, -3.790, -2.960, -2.977, -3.200
-3.259, -3.009, -4.133, -2.649, -9.272, -4.106, -2.654, -3.311, -3.034, -3.438
-3.339, -3.625, -2.971, -3.892, -0.707, -3.496, -2.950, -3.150, -3.082, -3.347
-2.902, -3.548, -2.983, -2.794, -5.091, -1.636, -3.222, -3.711, -3.511, -3.324
-2.637, -2.650, -2.737, -3.417, -11.218, -2.793, -3.941, -2.681, -2.973, -3.379
-3.202, -3.747, -3.394, -2.449, -6.406, -2.038, -2.975, -2.951, -3.287, -2.854
-3.616, -3.195, -3.535, -2.806, -6.279, -3.031, -3.151, -3.040, -3.393, -3.672
-3.206, -3.059, -2.756, -2.362, -6.411, -3.653, -2.937, -3.194, -2.857, -3.246
-3.334, -3.166, -3.624, -3.035, -11.434, -3.911, -3.234, -2.806, -3.273, -2.876
-2.358, -3.830, -3.293, -2.537, -1.359, -4.157, -3.071, -3.807, -3.153, -2.431
-3.115, -3.142, -3.401, -3.533, -1.653, -3.954, -3.732, -2.851, -3.103, -3.062
-3.010, -3.099, -3.563, -2.915, -6.214, -2.207, -3.423, -2.503, -3.413, -2.561
-2.659, -2.912, -3.095, -4.217, -1.640, -4.345, -2.724, -2.808, -3.461, -3.265
-3.590, -3.818, -2.498, -4.659, -1.356, -4.507, -3.205, -4.045, -3.855, -2.983
-3.245, -2.769, -3.610, -3.977, -5.647, -2.411, -2.641, -2.618, -3.029, -3.432
-3.142, -3.552, -2.660, -3.031, -3.909, -1.755, -3.012, -3.450, -3.229, -3.231
-3.102, -3.261, -3.249, -2.935, -5.269, -2.014, -3.474, -3.183, -3.158, -3.290
-3.245, -3.374, -3.369, -2.626, -6.682, -2.978, -3.200, -3.291, -3.218, -3.241
-2.824, -2.913, -3.711, -2.529, -5.932, -2.503, -2.870, -3.368, -3.185, -3.149
-2.871, -3.558, -3.474, -2.820, -1.487, -4.651, -3.473, -2.778, -3.088, -2.976
-3.080, -3.899, -3.102, -3.301, -0.890, -3.672, -3.462, -2.894, -3.207, -3.239
-3.304, -3.258, -2.847, -2.196, -6.706, -3.217, -3.275, -2.985, -3.066, -3.345
-3.311, -3.464, -3.171, -3.548, -1.892, -5.661, -2.903, -3.494, -2.972, -3.029
-2.864, -3.152, -3.450, -2.967, -1.544, -5.153, -3.214, -3.053, -2.594, -2.566
-3.315, -3.732, -3.034, -3.438, -4.320, -1.787, -2.571, -3.469, -2.858, -2.879
-3.255, -3.642, -3.098, -2.614, -6.619, -2.663, -3.263, -3.157, -3.417, -3.005
-3.888, -2.841, -3.129, -3.866, -5.047, -1.971, -3.099, -1.844, -3.682, -4.337
-3.182, -3.207, -2.738, -4.349, -1.517, -5.516, -3.157, -3.510, -3.489, -2.971
-4.202, -2.956, -3.410, -2.206, -4.433, -1.392, -3.204, -3.598, -3.548, -3.752
-2.943, -3.620, -3.434, -3.182, -1.725, -7.094, -2.940, -2.542, -2.684, -2.826
-2.840, -3.164, -2.725, -3.096, -6.078, -2.469, -3.273, -3.551, -3.201, -3.362
-3.362, -3.420, -2.794, -3.728, -6.713, -3.441, -3.505, -3.423, -3.293, -3.355
-2.507, -2.774, -3.520, -3.629, -6.711, -2.551, -2.808, -3.087, -2.926, -2.669
-3.146, -2.674, -3.083, -2.684, -5.653, -3.009, -2.603, -3.019, -3.245, -3.041
-3.149, -3.303, -3.132, -2.740, -6.433, -3.035, -3.345, -3.415, -2.593, -3.458
-3.356, -3.762, -3.440, -3.116, -1.872, -5.951, -3.146, -2.633, -2.597, -2.906
-2.955, -2.931, -3.457, -3.900, -8.439, -2.238, -3.141, -2.690, -3.711, -3.230
-3.039, -2.640, -3.648, -2.765, -11.996, -3.604, -3.121, -3.172, -2.998, -2.837
-3.188, -2.738, -3.366, -2.738, -6.029, -2.867, -3.341, -2.938, -3.202, -3.105
-3.290, -3.639, -3.297, -2.882, -1.410, -4.583, -2.984, -3.338, -2.688, -2.672
-2.925, -2.765, -2.993, -3.512, -5.200, -2.262, -3.552, -3.100, -3.096, -3.305
-3.357, -3.879, -3.771, -2.713, -2.017, -5.030, -3.686, -2.787, -2.945, -3.120
-3.258, -3.341, -2.896, -4.909, -0.801, -3.608, -2.715, -3.828, -3.694, -3.097
-3.079, -2.798, -3.510, -3.134, -5.785, -3.038, -2.174, -3.233, -2.999, -2.756
-3.232, -3.425, -3.040, -2.893, -7.178, -2.763, -3.474, -2.960, -3.331, -2.718
-3.270, -3.669, -3.136, -3.155, -1.629, -4.501, -3.503, -2.774, -2.726, -2.961
-2.873, -2.803, -2.721, -3.312, -4.293, -1.645, -3.275, -2.063, -2.695, -3.054
-2.987, -3.047, -3.246, -2.758, -6.174, -2.316, -3.092, -3.629, -3.159, -3.179
-3.209, -2.936, -3.329, -2.565, -7.699, -2.979, -3.300, -3.060, -2.880, -3.178
-3.242, -3.407, -3.224, -3.269, -0.824, -3.698, -2.825, -3.280, -3.181, -2.980
-2.991, -3.641, -3.138, -2.554, -1.558, -3.727, -3.294, -2.777, -3.953, -2.156
-3.721, -3.635, -2.632, -3.237, -6.534, -3.044, -2.929, -2.532, -3.261, -3.357
-2.696, -2.640, -3.087, -3.080, -5.129, -2.592, -1.809, -2.815, -2.922, -2.920
-3.246, -3.354, -3.237, -4.040, -5.281, -2.183, -3.518, -3.377, -2.956, -3.324
-2.648, -3.556, -2.854, -3.152, -1.795, -4.740, -2.887, -2.208, -3.036, -3.048
-3.494, -2.608, -3.442, -3.514, -4.724, -2.010, -2.857, -2.744, -2.788, -3.130
-3.326, -3.076, -2.973, -2.887, -8.867, -3.033, -3.501, -3.196, -3.227, -3.539
-2.428, -3.361, -3.212, -4.176, -2.104, -4.853, -2.847, -2.741, -3.433, -3.508
-2.805, -3.461, -3.179, -4.191, -5.015, -1.157, -3.709, -3.015, -3.056, -3.020
-2.862, -3.207, -3.620, -2.337, -5.717, -2.462, -3.472, -5.020, -3.024, -3.776
-3.340, -2.663, -3.602, -3.918, -1.610, -4.510, -2.841, -3.357, -3.131, -3.198
-2.837, -2.943, -2.872, -3.146, -6.836, -3.296, -3.675, -3.180, -2.754, -3.290
-2.529, -3.265, -1.850, -3.566, -6.041, -1.792, -3.758, -2.756, -3.038, -3.286
-2.315, -3.865, -3.149, -3.554, -1.407, -3.687, -3.610, -3.166, -4.306, -3.401
-3.159, -3.631, -2.836, -2.912, -5.169, -2.143, -3.095, -2.962, -3.680, -3.105
-2.677, -3.299, -3.109, -3.495, -1.286, -4.149, -3.242, -3.965, -3.346, -3.209
-2.621, -2.493, -3.673, -1.892, -2.327, -4.833, -3.053, -1.696, -2.464, -3.475
-3.346, -3.327, -3.733, -2.999, -6.533, -3.070, -2.616, -3.205, -3.727, -2.798
-2.973, -3.349, -3.222, -2.435, -4.029, -1.194, -3.683, -3.101, -2.953, -3.147
-3.270, -4.123, -3.737, -3.462, -1.446, -4.353, -3.234, -3.201, -2.779, -3.904
-2.898, -2.885, -2.459, -3.542, -5.426, -2.396, -3.002, -2.009, -3.640, -3.033
-2.826, -4.080, -3.428, -2.178, -5.818, -1.948, -3.490, -2.503, -3.698, -2.846
-3.315, -3.089, -2.826, -3.239, -7.200, -3.099, -3.550, -2.564, -2.795, -3.555
-3.217, -3.346, -3.133, -3.223, -0.917, -3.790, -2.937, -3.242, -3.165, -2.998
-3.106, -3.694, -2.828, -2.911, -0.987, -4.248, -3.227, -4.490, -3.195, -3.455
-3.253, -3.233, -2.920, -2.347, -1.852, -5.556, -3.128, -2.210, -2.726, -3.067
-3.085, -3.551, -2.759, -4.240, -1.230, -4.033, -3.136, -3.343, -3.878, -3.094
-2.556, -3.047, -2.433, -2.715, -4.777, -1.704, -2.120, -3.226, -2.310, -2.922
-3.229, -3.439, -3.407, -3.548, -1.904, -5.525, -2.553, -2.822, -3.415, -3.299
-3.518, -3.620, -3.150, -4.099, -0.654, -3.621, -2.703, -3.525, -3.102, -2.977
-3.408, -2.182, -3.365, -4.469, -6.705, -2.134, -3.034, -2.940, -3.356, -3.264
-3.458, -2.513, -3.807, -3.955, -5.821, -2.163, -3.072, -3.076, -3.155, -3.374
-3.107, -3.181, -3.515, -3.182, -1.707, -4.930, -2.733, -2.123, -2.929, -3.275
-3.235, -3.200, -2.797, -3.642, -2.000, -5.984, -2.943, -2.871, -2.904, -3.228
-3.256, -2.208, -3.285, -3.105, -2.111, -6.034, -2.623, -2.569, -3.506, -2.946
-2.532, -3.252, -3.715, -4.366, -6.877, -3.014, -3.070, -3.872, -3.389, -3.142
-3.085, -2.859, -2.882, -2.732, -2.316, -6.198, -3.150, -2.480, -2.955, -3.423
-3.146, -3.454, -3.345, -2.740, -1.235, -3.648, -3.474, -2.849, -3.781, -3.568
-3.455, -3.090, -3.096, -3.115, -2.299, -5.498, -3.749, -2.507, -2.703, -3.441
-3.285, -3.234, -2.907, -2.497, -2.561, -6.131, -3.762, -2.713, -2.591, -3.186
-2.900, -2.890, -3.973, -3.649, -7.217, -3.085, -2.282, -2.302, -2.992, -2.300
-3.305, -3.814, -3.300, -2.417, -1.091, -3.658, -3.272, -2.648, -3.135, -3.045
-3.272, -3.659, -3.982, -3.479, -1.794, -5.989, -2.417, -2.270, -2.875, -2.748
-3.306, -3.377, -3.355, -3.605, -1.324, -4.484, -2.848, -2.464, -3.584, -3.156
-3.073, -3.588, -2.697, -3.920, -1.622, -4.276, -3.413, -2.866, -3.833, -2.925
-3.321, -2.747, -3.236, -2.692, -8.714, -2.987, -3.531, -3.277, -3.363, -3.458
-3.220, -2.926, -3.976, -2.776, -6.639, -3.295, -3.123, -3.650, -2.796, -3.289
-3.282, -3.683, -3.266, -3.559, -1.557, -7.004, -2.780, -2.760, -2.794, -2.780
-2.918, -3.141, -2.840, -3.175, -5.365, -2.103, -2.716, -3.780, -3.850, -3.497
-3.897, -3.829, -2.794, -2.494, -4.565, -1.526, -4.344, -3.400, -2.711, -3.138
-3.082, -2.670, -3.403, -3.450, -5.350, -1.393, -3.614, -2.779, -2.897, -2.923
-3.475, -3.278, -3.010, -3.026, -8.558, -4.578, -3.657, -2.469, -2.606, -3.427
-3.201, -2.300, -3.038, -3.100, -2.434, -5.466, -2.774, -2.768, -4.165, -2.655
-2.861, -3.307, -3.292, -3.587, -7.546, -2.592, -3.410, -2.751, -3.085, -2.336
-3.095, -3.265, -3.619, -2.547, -9.368, -3.934, -3.610, -3.473, -3.086, -3.401
-3.115, -2.959, -2.786, -3.045, -8.022, -3.564, -2.789, -3.026, -3.254, -2.890
-3.935, -2.828, -3.439, -2.267, -5.797, -2.920, -3.390, -3.160, -3.300, -3.777
-2.938, -3.350, -3.597, -3.246, -1.015, -3.818, -2.455, -4.695, -3.018, -2.231
-2.878, -3.477, -4.089, -1.966, -1.301, -4.327, -3.209, -3.538, -3.664, -2.614
-3.175, -3.867, -2.977, -4.220, -1.102, -4.535, -2.783, -3.184, -4.061, -3.377
-3.356, -3.060, -2.689, -2.202, -8.845, -4.228, -2.623, -3.614, -3.041, -3.289
-3.131, -3.419, -2.923, -2.801, -0.771, -3.357, -3.271, -3.603, -3.882, -3.385
-2.879, -3.662, -3.149, -2.540, -7.961, -3.231, -3.194, -2.846, -3.871, -3.639
-4.650, -3.018, -3.285, -3.599, -4.813, -1.895, -2.107, -2.815, -3.099, -4.067
-3.273, -3.066, -3.474, -3.028, -1.643, -5.592, -2.779, -2.510, -3.258, -3.122
-3.236, -2.944, -3.342, -2.691, -5.591, -2.875, -2.945, -3.231, -3.247, -3.320
-3.317, -4.041, -3.871, -3.398, -1.130, -3.818, -3.263, -2.807, -3.346, -2.924
-3.229, -2.981, -3.172, -2.852, -6.722, -3.108, -3.561, -3.332, -3.312, -3.358
-3.570, -3.350, -3.041, -2.661, -4.574, -2.327, -3.116, -3.611, -2.803, -3.071
-3.728, -3.067, -3.091, -2.342, -4.245, -1.884, -3.017, -2.808, -3.151, -4.584
-3.544, -3.055, -3.095, -3.157, -5.188, -2.390, -2.335, -3.305, -3.226, -3.336
-2.853, -2.716, -3.289, -2.165, -6.313, -3.175, -2.767, -3.371, -2.773, -3.358
-3.206, -2.832, -3.031, -3.825, -1.238, -4.074, -2.880, -2.678, -2.829, -3.451
-2.856, -3.632, -2.340, -2.945, -6.640, -2.025, -2.373, -3.462, -3.287, -3.199
-3.122, -3.256, -2.648, -3.222, -6.206, -2.107, -2.976, -3.100, -3.465, -2.911
-3.420, -3.272, -3.106, -3.209, -1.312, -3.936, -3.018, -2.652, -2.516, -3.131
-3.238, -3.131, -3.218, -3.191, -5.400, -2.180, -3.427, -3.412, -3.187, -3.158
-2.774, -2.221, -3.299, -3.777, -5.602, -1.488, -3.937, -2.733, -3.348, -3.092
-2.911, -2.599, -2.628, -3.222, -7.369, -3.169, -3.182, -3.280, -3.133, -3.411
-4.075, -3.323, -2.633, -2.431, -2.191, -5.803, -4.102, -3.601, -3.141, -3.177
-3.563, -3.844, -3.200, -2.614, -4.936, -2.245, -3.401, -3.083, -3.841, -3.413
-2.991, -2.627, -3.248, -3.481, -2.451, -4.879, -3.628, -2.606, -3.645, -2.812
-2.847, -2.923, -3.729, -2.718, -5.488, -2.054, -3.010, -2.723, -3.473, -3.268
-2.938, -3.284, -2.788, -3.872, -1.089, -3.475, -3.205, -3.411, -3.130, -2.892
-3.207, -3.455, -2.943, -2.784, -5.504, -2.827, -3.011, -3.208, -2.915, -3.131
-2.166, -3.512, -2.967, -3.134, -1.971, -4.813, -3.142, -4.064, -3.057, -2.907
-3.147, -3.027, -3.466, -3.420, -5.710, -1.907, -3.026, -2.861, -3.377, -2.547
-2.959, -3.783, -3.015, -1.853, -5.458, -1.868, -3.830, -2.394, -3.417, -3.165
-3.302, -2.766, -3.587, -2.929, -5.289, -2.201, -2.865, -3.207, -3.286, -3.298
-3.209, -3.267, -2.751, -3.081, -4.369, -2.139, -2.720, -3.586, -3.288, -3.196
-3.082, -2.931, -2.682, -2.821, -5.748, -2.907, -2.542, -2.896, -3.179, -2.854
-3.107, -2.454, -3.187, -2.608, -1.947, -5.051, -2.835, -2.829, -3.226, -3.046
-3.368, -2.997, -3.192, -3.471, -6.340, -3.063, -2.475, -2.880, -3.557, -3.185
-3.113, -3.715, -3.273, -2.930, -5.656, -2.034, -3.001, -3.093, -3.160, -2.891
-3.027, -4.202, -2.877, -3.751, -0.910, -3.890, -3.036, -2.907, -3.082, -3.433
-3.375, -2.930, -3.339, -3.549, -6.117, -2.741, -3.016, -2.103, -3.506, -3.693
-3.152, -2.690, -3.108, -2.513, -1.739, -4.714, -3.686, -3.022, -3.047, -2.650
-2.913, -2.862, -2.960, -2.545, -1.649, -4.827, -3.303, -3.927, -3.065, -2.988
-3.236, -2.806, -4.343, -3.431, -5.933, -2.615, -2.255, -3.510, -3.054, -3.104
-3.069, -3.642, -2.920, -3.437, -6.183, -1.722, -2.640, -3.682, -3.674, -3.270
-3.308, -3.770, -3.589, -2.570, -4.373, -1.510, -2.851, -3.871, -3.185, -2.949
-2.928, -3.049, -2.713, -3.379, -1.759, -4.916, -3.382, -3.596, -3.124, -3.379
-2.724, -3.478, -2.653, -3.069, -4.405, -1.537, -4.378, -2.985, -2.729, -3.302
-2.890, -4.124, -2.877, -4.286, -7.988, -3.965, -3.704, -3.231, -3.546, -3.883
-3.278, -3.079, -3.165, -2.534, -6.078, -2.036, -3.076, -3.597, -2.962, -3.043
-2.881, -3.421, -2.911, -4.764, -1.591, -4.664, -2.863, -3.224, -3.438, -3.146
-3.125, -4.539, -3.227, -2.949, -0.981, -4.786, -2.926, -3.365, -3.551, -3.152
-2.956, -3.013, -3.638, -2.007, -5.006, -0.891, -3.284, -2.525, -3.357, -3.265
-3.371, -2.841, -2.864, -3.431, -0.978, -3.779, -3.142, -3.578, -3.424, -3.333
-3.310, -3.364, -2.740, -2.709, -4.741, -2.120, -2.602, -2.845, -3.303, -3.471
-3.084, -2.764, -3.049, -2.526, -7.049, -3.526, -2.910, -3.795, -2.984, -3.472
-2.988, -2.496, -3.572, -3.655, -5.556, -2.401, -2.477, -3.090, -1.956, -3.002
-3.126, -4.639, -3.145, -3.460, -0.238, -2.768, -2.888, -3.365, -3.492, -2.838
-3.173, -3.107, -3.347, -2.793, -11.637, -3.678, -3.467, -2.849, -3.425, -2.953
-3.162, -2.914, -3.221, -2.738, -2.358, -5.343, -3.339, -3.002, -3.384, -2.856
-2.888, -3.126, -3.722, -3.135, -1.798, -4.417, -2.878, -3.027, -3.043, -2.677
-3.756, -2.384, -3.323, -2.230, -2.790, -6.602, -3.151, -2.740, -2.835, -3.212
-2.435, -2.764, -2.885, -3.543, -1.880, -4.581, -3.487, -4.023, -3.849, -3.355
-3.106, -3.145, -2.681, -2.620, -5.343, -2.913, -2.666, -3.431, -2.992, -3.042
-3.184, -3.608, -3.387, -3.617, -1.819, -5.591, -3.042, -2.839, -3.399, -3.350
-2.966, -3.566, -3.116, -4.105, -4.849, -1.901, -2.918, -3.198, -3.214, -3.245
-3.184, -3.526, -3.552, -2.646, -7.154, -2.721, -2.740, -3.198, -3.091, -2.959
-3.477, -2.888, -2.662, -2.882, -7.612, -3.638, -3.348, -3.095, -3.044, -3.251
-2.889, -2.818, -2.808, -3.452, -7.103, -2.800, -3.506, -2.975, -3.265, -2.452
-2.970, -3.507, -2.775, -2.796, -5.479, -1.621, -3.140, -3.657, -3.088, -3.399
-3.295, -3.178, -3.336, -2.976, -7.294, -3.490, -3.623, -3.085, -3.016, -3.188
-3.346, -3.577, -4.166, -3.700, -9.257, -3.639, -2.648, -2.660, -3.092, -2.663
-3.210, -3.126, -4.219, -4.681, -1.581, -3.703, -4.052, -3.393, -3.172, -3.129
-3.415, -2.990, -2.512, -2.591, -1.356, -4.443, -3.651, -2.170, -2.442, -3.670
-2.717, -3.100, -3.552, -3.395, -9.489, -3.111, -3.381, -2.687, -3.331, -3.052
-2.644, -3.017, -3.234, -3.285, -5.970, -2.211, -3.497, -1.891, -3.498, -3.545
-3.141, -3.353, -3.242, -3.995, -1.755, -5.308, -2.869, -3.155, -2.793, -3.036
-3.027, -3.697, -2.878, -4.222, -0.340, -2.813, -2.929, -3.017, -3.544, -3.164
-3.816, -3.021, -3.565, -2.450, -6.509, -2.543, -3.111, -2.549, -2.992, -3.354
-3.033, -3.775, -2.485, -4.115, -0.873, -3.966, -3.233, -3.081, -2.895, -3.233
-3.315, -3.194, -3.067, -2.994, -5.322, -2.129, -3.496, -3.732, -3.040, -3.406
-2.623, -3.721, -3.269, -3.085, -1.312, -5.260, -2.786, -3.857, -3.809, -3.042
-3.199, -3.306, -3.395, -2.845, -4.740, -2.093, -3.250, -3.290, -2.811, -3.047
-3.146, -3.777, -2.858, -4.272, -1.243, -4.729, -2.861, -2.861, -3.372, -3.160
-3.596, -2.943, -3.280, -2.358, -6.076, -2.158, -3.721, -3.687, -2.913, -3.137
-3.735, -3.230, -3.428, -2.574, -6.688, -3.527, -2.638, -3.373, -3.007, -3.355
-3.185, -3.126, -2.846, -2.908, -8.615, -3.906, -3.139, -2.639, -3.099, -3.276
-2.990, -3.048, -3.112, -4.449, -1.845, -4.752, -3.067, -3.925, -3.521, -2.915
-3.408, -3.319, -3.154, -2.188, -6.007, -3.045, -2.588, -3.128, -3.081, -3.212
-3.124, -2.548, -4.177, -3.744, -7.992, -3.433, -2.664, -3.215, -3.161, -2.476
-2.501, -2.985, -3.592, -3.932, -1.221, -3.437, -2.409, -3.815, -3.565, -2.194
-3.252, -3.077, -3.130, -3.630, -1.394, -3.856, -2.956, -2.611, -3.348, -3.216
-3.035, -3.189, -2.339, -3.255, -5.640, -3.002, -3.060, -3.018, -2.828, -3.561
-3.117, -3.101, -3.938, -2.988, -9.364, -3.360, -3.326, -2.815, -2.950, -3.082
-2.502, -4.254, -3.264, -1.965, -1.061, -3.948, -2.885, -2.802, -3.519, -2.722
-2.649, -3.085, -2.981, -2.517, -1.498, -4.885, -2.437, -2.881, -2.873, -2.752
-3.801, -3.232, -2.752, -3.484, -4.714, -1.492, -3.755, -2.901, -3.375, -3.179
-3.447, -3.017, -3.084, -3.492, -7.171, -2.501, -3.596, -3.039, -3.288, -3.383
-2.551, -2.742, -2.965, -3.041, -2.271, -5.524, -3.348, -3.371, -3.064, -2.972
-3.547, -3.195, -3.461, -3.649, -6.272, -2.719, -2.925, -2.630, -3.707, -3.757
-3.206, -2.745, -3.761, -3.254, -1.881, -4.109, -3.954, -2.892, -3.542, -3.132
-3.273, -3.132, -3.056, -2.646, -5.885, -2.696, -3.483, -3.209, -2.539, -3.594
-3.348, -3.693, -2.794, -4.002, -1.384, -4.472, -2.951, -3.021, -3.866, -3.533
-2.879, -3.995, -2.886, -3.042, -1.672, -4.248, -3.427, -2.695, -3.070, -2.922
-3.021, -4.048, -3.284, -2.942, -0.839, -3.671, -2.655, -2.549, -3.794, -3.146
-2.627, -2.998, -3.287, -3.028, -6.736, -2.902, -3.446, -2.631, -3.117, -2.860
-3.385, -3.284, -2.954, -2.580, -11.375, -3.368, -3.689, -3.301, -2.901, -3.008
-2.933, -2.701, -2.899, -3.527, -2.771, -5.864, -3.513, -2.793, -3.280, -3.044
-3.244, -3.478, -3.025, -3.103, -8.511, -4.275, -3.683, -2.850, -2.647, -3.275
-3.552, -2.947, -2.360, -4.195, -5.685, -2.311, -4.100, -2.609, -3.068, -4.232
-3.879, -3.156, -2.866, -4.144, -6.172, -3.006, -3.720, -2.672, -2.750, -3.735
-3.126, -3.780, -3.381, -3.373, -0.617, -3.055, -2.612, -3.011, -4.058, -3.123
-3.058, -3.523, -3.444, -2.793, -5.037, -2.308, -2.789, -3.138, -3.186, -2.586
-2.664, -3.065, -3.083, -3.667, -1.340, -3.841, -2.997, -2.727, -2.948, -3.188
-2.715, -3.865, -3.138, -1.576, -1.360, -3.773, -3.940, -2.919, -3.723, -3.281
-3.507, -3.190, -3.507, -2.917, -6.542, -3.187, -3.213, -3.378, -3.098, -3.118
-3.305, -3.078, -3.751, -2.921, -5.889, -2.358, -3.528, -3.756, -3.423, -2.979
-3.396, -2.938, -3.388, -3.038, -7.887, -3.388, -2.879, -2.940, -2.982, -2.993
-3.061, -3.731, -3.210, -2.279, -5.229, -1.914, -2.881, -2.794, -3.468, -3.360
-3.190, -3.349, -4.106, -4.231, -1.679, -3.854, -3.950, -3.252, -2.985, -3.136
-2.784, -3.568, -2.194, -2.740, -5.335, -1.953, -4.033, -3.617, -3.276, -3.785
-2.855, -2.921, -3.343, -2.733, -8.763, -2.486, -3.070, -3.239, -3.066, -3.443
-3.560, -3.213, -3.157, -2.959, -8.963, -3.970, -3.413, -3.626, -3.015, -3.427
-3.324, -3.778, -2.982, -3.280, -6.556, -3.526, -2.796, -3.536, -2.957, -2.990
-3.260, -3.824, -4.035, -3.255, -7.606, -2.446, -2.524, -3.362, -3.726, -3.068
-2.585, -3.650, -2.777, -4.303, -0.798, -4.138, -3.110, -3.319, -3.754, -2.696
-2.981, -2.669, -2.581, -2.518, -2.558, -6.165, -3.251, -2.158, -2.996, -3.356
-3.431, -3.577, -2.919, -2.796, -2.372, -6.747, -3.257, -2.381, -2.616, -3.364
-3.360, -3.359, -3.110, -3.745, -2.117, -5.427, -2.980, -2.765, -3.035, -3.077
-2.973, -3.261, -3.396, -2.247, -6.574, -3.165, -3.457, -3.830, -2.517, -3.082
-2.118, -2.873, -3.376, -3.207, -1.001, -3.028, -3.049, -3.702, -3.279, -2.647
-2.775, -2.859, -3.121, -3.072, -6.464, -2.238, -4.075, -2.364, -2.988, -2.257
-3.789, -3.422, -3.254, -2.570, -5.574, -1.934, -2.769, -2.208, -2.949, -3.240
-2.665, -2.408, -2.749, -4.036, -10.078, -2.714, -3.596, -2.412, -3.781, -3.838
-4.059, -3.221, -3.385, -3.442, -8.193, -3.424, -3.478, -3.584, -3.048, -3.174
-3.483, -4.149, -3.422, -2.872, -1.469, -5.058, -3.071, -3.150, -2.715, -2.889
-3.003, -4.099, -3.072, -3.014, -0.610, -3.578, -3.366, -3.078, -2.873, -3.265
-2.946, -3.308, -2.732, -3.694, -1.205, -4.269, -3.164, -2.607, -3.426, -3.108
-3.128, -3.205, -3.354, -3.194, -6.518, -2.568, -3.418, -3.243, -3.123, -3.126
-2.951, -3.506, -2.903, -3.419, -2.024, -5.415, -2.853, -2.533, -3.728, -3.387
-2.982, -3.148, -2.685, -4.279, -1.448, -4.783, -3.162, -4.189, -3.133, -3.157
-3.476, -3.213, -3.138, -3.709, -1.293, -4.255, -2.798, -3.172, -3.212, -3.076
-2.564, -5.068, -3.433, -2.537, -0.816, -3.343, -3.145, -2.449, -3.573, -3.142
-3.249, -2.935, -3.554, -2.971, -5.408, -2.531, -3.007, -2.823, -3.186, -3.376
-3.175, -3.104, -3.793, -3.236, -7.853, -3.111, -2.837, -3.447, -3.500, -2.368
-3.254, -2.779, -3.278, -3.719, -1.973, -5.780, -2.364, -4.209, -3.694, -3.839
-2.656, -3.630, -3.013, -4.840, -0.910, -3.892, -2.949, -3.463, -3.466, -3.052
-3.158, -3.106, -3.493, -3.117, -6.215, -3.045, -3.228, -3.544, -3.143, -3.232
-3.370, -2.970, -3.302, -3.736, -2.095, -6.259, -3.104, -3.531, -3.003, -3.189
-3.412, -3.046, -3.263, -3.150, -8.604, -3.883, -2.632, -3.459, -3.106, -2.793
-3.052, -3.146, -3.140, -3.077, -8.287, -3.229, -3.031, -3.080, -3.130, -3.014
-3.520, -3.070, -3.769, -2.896, -6.097, -2.369, -2.532, -3.084, -3.111, -3.114
-3.571, -2.267, -4.282, -3.996, -6.107, -2.667, -2.886, -3.844, -3.142, -2.740
-3.344, -2.367, -2.225, -4.010, -4.454, -1.998, -3.011, -2.529, -2.948, -2.971
-3.929, -2.985, -3.265, -3.388, -5.142, -1.799, -2.655, -3.307, -3.073, -3.130
-3.176, -2.493, -3.235, -2.463, -4.485, -1.794, -3.370, -3.503, -3.021, -3.166
-3.572, -3.361, -2.718, -3.594, -1.411, -5.488, -3.086, -3.803, -3.692, -2.960
-3.131, -2.821, -3.643, -3.911, -7.546, -3.912, -2.944, -3.649, -2.993, -3.148
-2.964, -2.802, -3.338, -2.998, -6.259, -3.219, -2.664, -2.913, -3.269, -3.002
-2.632, -3.039, -3.066, -2.974, -4.618, -1.608, -4.136, -3.560, -2.694, -2.716
-3.466, -3.390, -4.024, -3.564, -9.528, -4.136, -2.946, -2.555, -2.738, -2.916
-2.950, -3.328, -2.553, -3.093, -2.401, -6.179, -3.942, -2.948, -2.690, -4.084
-3.265, -3.197, -3.278, -3.602, -7.509, -3.424, -3.386, -2.501, -3.191, -3.275
-3.139, -3.277, -2.924, -3.001, -6.429, -3.226, -3.598, -3.147, -2.853, -2.981
-3.101, -3.201, -3.630, -3.527, -3.876, -1.282, -2.931, -3.852, -3.198, -3.248
-3.304, -3.271, -3.592, -2.630, -8.702, -3.389, -3.430, -3.158, -3.211, -3.422
-2.826, -3.364, -3.261, -2.841, -6.402, -2.130, -3.570, -3.032, -3.029, -2.887
-3.400, -3.107, -4.330, -3.283, -2.099, -6.349, -3.897, -2.738, -2.636, -3.205
-3.078, -3.536, -2.184, -2.419, -4.418, -2.363, -2.284, -2.785, -3.180, -3.263
-3.333, -3.040, -2.622, -3.750, -1.111, -4.083, -2.857, -3.008, -2.774, -3.408
-3.367, -2.754, -3.201, -3.653, -8.692, -3.373, -3.322, -1.973, -3.163, -3.647
-3.621, -2.837, -2.253, -3.544, -5.154, -2.699, -2.978, -2.709, -3.484, -3.273
-3.045, -2.481, -2.924, -3.124, -3.490, -1.040, -2.844, -3.535, -3.481, -3.063
-3.087, -3.173, -2.577, -3.214, -7.244, -3.824, -3.660, -3.209, -3.215, -3.097
-3.079, -2.707, -3.150, -3.687, -6.698, -3.051, -3.495, -2.736, -3.575, -3.454
-2.909, -3.807, -2.846, -2.763, -4.889, -2.529, -2.741, -3.435, -2.813, -3.193
-3.300, -3.202, -3.259, -2.996, -9.453, -4.027, -3.447, -3.590, -2.929, -3.233
-3.166, -3.666, -3.026, -2.641, -5.482, -2.620, -2.917, -2.644, -3.379, -3.061
-3.215, -3.034, -3.246, -3.313, -2.359, -5.912, -3.563, -2.921, -2.969, -3.253
-4.092, -3.424, -2.351, -2.638, -2.357, -6.258, -3.555, -2.968, -3.316, -3.627
-3.118, -2.789, -3.079, -4.129, -5.318, -2.545, -2.801, -3.362, -3.430, -3.365
-3.130, -2.549, -3.611, -4.103, -2.165, -5.487, -3.871, -2.980, -3.087, -3.102
-3.463, -3.236, -2.601, -3.530, -1.710, -5.813, -3.017, -3.359, -2.418, -2.983
-2.933, -3.184, -3.924, -3.542, -1.927, -4.557, -4.345, -3.401, -3.663, -3.684
-3.218, -2.575, -3.516, -3.027, -6.726, -3.562, -3.276, -3.689, -2.967, -3.123
-3.624, -2.901, -4.008, -3.533, -7.624, -3.090, -2.647, -2.336, -3.674, -3.239
-2.869, -3.323, -3.423, -3.390, -2.129, -6.861, -3.204, -2.817, -3.758, -2.976
-3.345, -3.248, -2.995, -3.296, -1.472, -4.950, -3.030, -3.189, -2.749, -3.082
-3.219, -3.263, -3.071, -3.507, -1.874, -6.205, -2.565, -3.248, -2.853, -2.922
-2.759, -3.131, -3.028, -3.394, -1.767, -4.565, -3.280, -3.023, -3.220, -2.956
-3.163, -3.569, -4.122, -2.556, -5.796, -2.350, -3.049, -3.693, -3.104, -2.537
-2.981, -3.262, -2.887, -3.006, -6.587, -3.391, -2.712, -3.288, -3.493, -2.825
-2.816, -2.827, -3.387, -3.311, -4.914, -1.971, -2.595, -2.304, -3.314, -3.926
-3.028, -2.455, -3.000, -2.902, -2.199, -5.293, -3.943, -3.249, -2.814, -3.562
-2.519, -3.739, -3.463, -2.965, -1.705, -4.739, -2.441, -2.612, -3.421, -3.091
-3.307, -3.246, -3.338, -3.721, -6.406, -3.017, -2.628, -2.870, -3.923, -3.397
-3.118, -3.191, -2.932, -3.120, -1.544, -4.443, -2.919, -2.894, -2.871, -2.863
-3.474, -2.636, -2.691, -3.286, -2.007, -5.027, -3.572, -2.969, -3.129, -3.385
-3.737, -2.806, -4.092, -2.810, -8.301, -3.025, -2.841, -3.228, -2.893, -2.856
-3.599, -3.300, -2.167, -2.997, -5.302, -2.773, -3.158, -3.313, -3.233, -2.955
-3.237, -3.466, -3.471, -2.624, -5.126, -2.196, -3.001, -3.096, -3.682, -2.968
-3.169, -3.078, -3.344, -3.164, -6.449, -3.038, -3.272, -3.548, -3.374, -3.071
-3.080, -2.786, -3.110, -2.505, -2.280, -5.447, -3.389, -2.426, -3.438, -3.362
-3.213, -3.164, -2.912, -3.681, -1.506, -5.221, -3.271, -3.208, -2.926, -3.259
-2.762, -3.061, -3.430, -2.972, -5.288, -2.174, -3.276, -3.055, -3.191, -3.150
-2.909, -2.957, -3.242, -3.110, -7.639, -2.645, -3.468, -2.480, -3.231, -3.258
-2.959, -3.934, -3.487, -5.126, -1.607, -4.305, -2.951, -3.335, -3.139, -2.789
-3.013, -2.956, -2.987, -2.706, -1.567, -4.485, -3.680, -3.575, -2.612, -2.635
-2.909, -3.013, -3.386, -3.037, -1.076, -3.365, -2.802, -2.891, -3.773, -3.081
-2.624, -2.163, -2.780, -3.829, -1.447, -4.406, -3.284, -3.915, -3.019, -2.882
-3.107, -3.554, -2.718, -3.862, -5.289, -2.506, -2.776, -3.024, -3.556, -3.855
-3.219, -3.128, -3.176, -2.853, -14.924, -4.129, -3.485, -3.149, -3.225, -3.190
-2.554, -2.714, -2.884, -3.597, -1.561, -4.370, -3.211, -3.931, -3.248, -3.246
-2.604, -2.596, -2.756, -3.665, -1.530, -4.363, -3.312, -3.771, -3.204, -3.139
-3.131, -3.251, -4.152, -2.491, -5.302, -2.217, -2.654, -2.841, -3.349, -3.132
-2.983, -2.757, -2.911, -4.054, -1.273, -4.447, -3.071, -3.927, -2.669, -2.907
-2.891, -3.349, -3.190, -3.080, -0.784, -3.064, -3.156, -3.344, -3.325, -3.324
-3.834, -2.730, -2.719, -4.526, -6.029, -3.143, -2.602, -2.722, -3.974, -3.285
-3.565, -2.747, -2.149, -2.514, -5.170, -2.489, -3.541, -3.799, -3.190, -3.518
-2.834, -3.989, -3.326, -3.147, -1.044, -3.563, -3.265, -2.516, -3.351, -3.155
-3.046, -3.075, -3.087, -3.414, -7.920, -3.039, -3.695, -2.457, -3.116, -3.250
-2.933, -3.022, -3.669, -2.472, -6.190, -2.172, -2.752, -2.759, -2.838, -3.514
-3.262, -2.429, -3.408, -3.258, -2.489, -5.704, -4.054, -3.353, -3.149, -3.349
-3.370, -2.428, -3.105, -4.310, -1.964, -5.242, -2.716, -3.093, -3.443, -3.194
-3.195, -3.039, -3.569, -2.913, -7.847, -2.477, -3.403, -3.412, -3.314, -3.080
-3.499, -3.406, -3.457, -3.332, -2.360, -6.266, -3.683, -3.087, -2.561, -3.162
-3.302, -3.397, -3.259, -2.470, -1.167, -4.105, -3.047, -3.018, -3.137, -2.988
-3.266, -3.579, -3.205, -4.035, -9.129, -3.960, -3.315, -2.178, -2.783, -3.188
-3.110, -3.241, -3.312, -2.797, -5.541, -2.505, -3.038, -3.051, -2.986, -3.194
-3.259, -3.472, -3.345, -2.549, -5.695, -2.798, -3.246, -3.068, -3.435, -3.438
-3.063, -2.977, -3.177, -2.615, -7.434, -3.096, -2.983, -3.545, -2.859, -3.278
-2.882, -2.663, -2.906, -3.120, -2.038, -5.777, -3.132, -2.750, -3.552, -3.181
-3.478, -3.432, -2.746, -3.756, -1.886, -5.420, -3.592, -2.928, -3.574, -3.179
-3.461, -3.485, -3.227, -2.352, -1.164, -3.764, -3.336, -2.051, -3.056, -3.510
-3.133, -3.490, -3.256, -2.738, -6.369, -3.167, -3.724, -3.269, -2.868, -3.204
-2.828, -2.654, -3.155, -3.190, -5.567, -2.016, -3.249, -2.339, -3.355, -3.310
-3.327, -3.202, -2.749, -3.362, -4.710, -2.099, -2.753, -3.263, -3.038, -3.149
-3.075, -3.050, -3.504, -3.559, -7.673, -3.601, -2.974, -3.164, -3.659, -2.963
-3.245, -3.096, -3.429, -2.747, -7.572, -3.565, -3.399, -3.314, -2.813, -3.161
-3.182, -3.619, -3.609, -3.060, -5.137, -2.083, -3.625, -3.074, -3.084, -3.030
-2.820, -3.843, -3.221, -4.173, -2.227, -5.313, -3.146, -2.988, -2.834, -3.241
-3.287, -2.797, -2.852, -3.989, -1.905, -5.490, -3.334, -3.070, -3.265, -2.910
-3.041, -3.500, -2.439, -3.158, -1.473, -4.680, -3.821, -3.465, -2.774, -3.912
-2.490, -2.374, -2.880, -2.779, -2.373, -6.034, -3.182, -3.071, -2.844, -3.949
-3.027, -3.356, -2.975, -3.924, -1.135, -3.561, -2.869, -3.365, -3.830, -2.988
-3.153, -2.625, -3.302, -2.691, -7.342, -2.601, -3.076, -3.694, -3.090, -3.191
-2.715, -2.652, -2.892, -4.003, -5.532, -1.685, -3.656, -2.938, -2.667, -3.194
-3.021, -2.901, -3.040, -2.937, -5.249, -1.226, -3.331, -3.330, -3.213, -3.452
-3.166, -4.842, -2.534, -2.788, -0.790, -3.904, -3.346, -3.144, -3.068, -3.650
-3.129, -3.343, -2.224, -2.732, -1.706, -5.940, -3.631, -3.123, -3.091, -4.134
-3.220, -3.180, -3.266, -2.624, -6.239, -2.804, -3.013, -3.144, -2.924, -3.173
-3.008, -2.866, -3.252, -2.711, -2.089, -5.656, -2.922, -3.047, -3.221, -3.255
-3.540, -3.781, -1.993, -3.695, -5.400, -2.722, -2.689, -3.502, -2.761, -3.145
-3.175, -3.329, -2.940, -2.673, -6.662, -2.879, -2.795, -3.121, -3.467, -2.862
-2.546, -2.620, -2.863, -3.332, -1.546, -4.200, -3.333, -3.864, -3.435, -3.190
-3.138, -3.782, -2.813, -2.677, -5.483, -2.213, -2.644, -2.670, -3.050, -3.131
-3.021, -3.628, -3.248, -2.498, -0.854, -3.309, -3.554, -3.669, -3.732, -3.389
-3.321, -2.561, -3.140, -3.468, -4.096, -1.726, -2.823, -3.359, -3.076, -2.914
-3.498, -2.399, -3.249, -3.086, -1.532, -4.576, -3.494, -3.366, -2.520, -3.232
-3.209, -3.832, -3.574, -3.362, -6.236, -2.778, -3.545, -3.431, -2.922, -3.173
-3.109, -2.571, -3.430, -3.077, -4.611, -1.563, -3.772, -3.067, -3.051, -3.112
-2.779, -3.391, -3.009, -3.863, -4.480, -1.666, -2.908, -2.270, -2.799, -3.443
-3.593, -3.499, -2.771, -4.272, -1.801, -6.488, -2.691, -3.969, -2.539, -3.301
-3.130, -2.943, -3.218, -3.063, -8.162, -3.452, -3.833, -2.577, -2.736, -3.530
-2.721, -3.147, -2.724, -3.182, -1.508, -4.287, -3.304, -2.695, -3.425, -3.831
-3.116, -3.231, -3.605, -2.530, -5.964, -2.395, -3.347, -2.895, -3.582, -3.143
-3.354, -4.091, -3.219, -3.877, -1.065, -4.211, -3.171, -3.462, -3.279, -2.903
-3.524, -3.269, -3.135, -3.437, -5.428, -2.267, -3.530, -2.334, -3.604, -3.277
-2.297, -2.219, -3.553, -3.347, -6.123, -2.348, -2.539, -2.702, -2.493, -3.019
-2.830, -3.041, -3.345, -2.769, -6.804, -1.575, -3.550, -2.617, -3.889, -3.434
-3.295, -3.366, -3.232, -3.272, -0.988, -4.172, -2.878, -3.184, -3.042, -3.009
-3.183, -3.189, -2.604, -3.150, -1.354, -3.987, -3.747, -2.863, -2.964, -3.210
-3.432, -2.960, -3.269, -2.769, -5.550, -2.575, -3.088, -3.391, -2.400, -3.071
-2.845, -3.306, -3.323, -3.625, -4.050, -1.579, -2.547, -3.123, -3.008, -2.885
-2.651, -3.274, -3.228, -2.969, -6.362, -2.349, -2.925, -2.428, -2.974, -2.937
-2.686, -3.923, -2.821, -3.548, -0.636, -3.516, -3.305, -3.676, -3.452, -3.111
-3.062, -2.888, -3.586, -3.754, -10.124, -3.870, -3.101, -2.327, -3.516, -2.742
-2.753, -3.655, -3.458, -2.701, -2.387, -6.609, -3.330, -3.361, -2.329, -3.157
-3.581, -3.454, -3.507, -3.305, -7.612, -3.297, -2.799, -2.284, -2.662, -3.150
-3.089, -3.516, -3.229, -3.203, -6.050, -2.397, -3.018, -2.922, -3.375, -2.938
-3.228, -2.838, -3.563, -3.240, -1.396, -3.617, -3.708, -3.179, -3.029, -3.059
-2.936, -2.899, -3.251, -2.773, -1.821, -5.686, -2.752, -2.500, -2.609, -3.016
-2.345, -3.664, -3.522, -2.600, -1.596, -4.373, -3.019, -3.609, -3.165, -2.549
-2.976, -2.770, -2.714, -3.186, -7.707, -2.910, -4.182, -3.279, -3.263, -3.510
-2.981, -3.312, -4.224, -3.218, -4.812, -2.295, -2.027, -3.108, -3.352, -4.090
-3.111, -3.837, -3.201, -3.228, -2.110, -5.105, -3.300, -2.356, -3.272, -3.152
-2.807, -3.419, -2.167, -2.987, -5.187, -2.738, -2.347, -3.232, -3.253, -3.463
-3.307, -3.004, -3.529, -2.986, -6.505, -3.171, -3.562, -3.450, -3.023, -3.115
-3.233, -3.233, -3.328, -3.064, -4.673, -1.807, -3.042, -3.279, -3.131, -2.986
-3.463, -3.307, -3.758, -3.026, -5.605, -1.942, -2.466, -3.434, -2.885, -3.468
-3.125, -2.842, -3.325, -2.324, -2.775, -6.418, -3.415, -2.498, -3.182, -3.172
-2.751, -2.692, -2.830, -2.947, -6.311, -1.946, -2.852, -3.396, -2.660, -2.953
-3.272, -3.099, -3.225, -3.428, -1.563, -5.111, -2.468, -2.796, -3.132, -2.901
-3.323, -3.229, -3.067, -2.115, -5.371, -3.066, -2.559, -3.482, -2.726, -3.369
-3.305, -3.093, -2.836, -2.920, -0.932, -3.810, -3.310, -3.296, -3.535, -3.653
-2.946, -3.320, -4.007, -3.237, -5.626, -2.471, -2.612, -3.321, -3.173, -2.739
-3.209, -3.317, -2.858, -2.587, -5.235, -2.077, -3.640, -3.274, -3.682, -3.028
-2.902, -3.434, -3.147, -3.631, -4.235, -1.961, -2.044, -3.466, -2.861, -2.713
-3.273, -3.573, -3.786, -2.080, -1.328, -4.573, -2.650, -2.998, -2.975, -3.281
-2.698, -3.342, -2.983, -4.150, -10.075, -3.410, -3.504, -2.350, -3.038, -3.141
-3.249, -2.730, -3.040, -2.581, -5.328, -1.455, -3.062, -3.294, -3.142, -3.069
-3.222, -2.970, -2.936, -3.560, -1.412, -4.105, -3.356, -3.732, -3.659, -3.090
-2.998, -3.976, -3.335, -2.566, -0.419, -2.528, -2.964, -2.434, -3.045, -2.923
-3.186, -2.563, -2.905, -3.854, -7.096, -2.085, -3.047, -2.618, -3.330, -3.001
-3.103, -2.381, -3.612, -3.992, -4.876, -0.647, -3.322, -3.082, -3.806, -3.274
-3.216, -4.078, -3.013, -2.282, -0.629, -2.845, -3.458, -2.640, -3.750, -3.701
-3.040, -3.050, -3.749, -3.100, -2.012, -5.983, -2.927, -2.841, -2.619, -3.006
-3.056, -3.660, -3.624, -2.629, -1.830, -5.091, -2.950, -4.274, -3.369, -2.768
-3.276, -3.206, -3.469, -2.031, -5.309, -1.932, -2.473, -2.775, -3.051, -3.196
-3.235, -3.313, -3.199, -2.906, -6.365, -2.908, -3.124, -2.766, -3.077, -3.080
-2.942, -3.252, -3.223, -3.058, -6.584, -2.939, -3.690, -2.943, -3.249, -3.250
-3.575, -4.312, -2.785, -2.694, -4.902, -2.410, -3.317, -3.151, -2.998, -3.172
-3.553, -2.949, -1.983, -3.511, -1.573, -5.420, -2.968, -2.881, -2.903, -3.299
-3.371, -2.627, -3.318, -3.311, -5.365, -2.800, -2.636, -3.291, -2.929, -3.424
-2.835, -3.020, -2.856, -5.436, -0.967, -3.754, -2.959, -3.664, -3.288, -2.982
-3.192, -3.332, -3.399, -2.599, -5.652, -2.895, -2.649, -3.059, -3.156, -3.296
-3.067, -2.803, -3.705, -2.520, -9.557, -3.168, -3.457, -3.292, -3.164, -2.875
-2.538, -3.022, -3.933, -3.637, -7.053, -2.859, -2.853, -2.370, -2.942, -2.709
-3.357, -2.907, -2.414, -3.692, -5.835, -2.669, -2.110, -2.767, -3.576, -3.304
-3.053, -2.784, -3.460, -2.411, -16.482, -3.377, -3.533, -3.066, -3.087, -2.986
-3.326, -3.395, -3.793, -1.907, -5.294, -1.374, -3.429, -3.088, -3.057, -3.421
-2.975, -3.058, -3.471, -2.856, -1.737, -4.466, -2.992, -2.710, -3.298, -2.533
-3.414, -3.400, -3.198, -3.552, -4.211, -1.771, -3.231, -3.804, -3.205, -3.142
-3.483, -2.454, -3.485, -3.142, -5.925, -2.589, -2.619, -2.643, -2.780, -3.293
-3.086, -3.185, -3.326, -3.013, -5.857, -2.757, -3.079, -3.143, -3.333, -3.156
-3.554, -4.110, -3.535, -2.773, -6.249, -2.950, -3.637, -2.925, -3.346, -3.495
-3.137, -3.466, -3.548, -2.629, -7.095, -2.695, -2.753, -3.264, -3.059, -2.981
-3.013, -3.466, -3.123, -2.815, -7.378, -2.442, -3.146, -3.160, -3.640, -3.321
-3.204, -3.418, -3.248, -3.027, -4.384, -1.848, -2.523, -3.271, -3.805, -3.500
-2.592, -3.527, -2.239, -4.945, -0.709, -3.900, -3.188, -3.399, -3.420, -3.021
-2.840, -3.231, -2.920, -2.357, -1.615, -4.515, -3.290, -3.513, -3.319, -2.940
-3.258, -3.019, -3.476, -2.438, -9.564, -4.072, -3.163, -3.085, -2.884, -3.154
-3.317, -3.631, -3.608, -3.077, -1.248, -4.495, -2.477, -2.480, -2.989, -2.647
-3.312, -3.119, -2.843, -4.202, -1.387, -4.448, -3.066, -2.624, -3.020, -3.279
-3.285, -3.463, -3.521, -2.719, -4.536, -1.747, -3.294, -3.564, -3.669, -3.335
-3.046, -3.185, -3.005, -2.685, -7.442, -3.537, -3.655, -2.592, -3.357, -3.340
-2.965, -3.112, -3.633, -2.214, -5.519, -1.442, -3.294, -2.906, -2.862, -2.757
-3.014, -3.358, -3.245, -2.212, -6.385, -2.751, -3.520, -3.222, -3.015, -2.729
-3.137, -3.274, -3.506, -3.429, -7.166, -2.957, -3.313, -3.111, -3.139, -3.068
-2.985, -3.749, -2.938, -2.895, -3.376, -1.087, -2.740, -2.817, -3.082, -2.910
-2.933, -4.144, -2.737, -3.698, -4.250, -1.685, -2.783, -3.032, -2.982, -2.968
-3.713, -2.666, -2.525, -2.961, -5.937, -3.173, -3.642, -2.933, -3.421, -3.427
-3.180, -3.313, -3.275, -2.795, -6.290, -1.786, -2.931, -4.146, -3.603, -2.957
-3.264, -4.034, -3.225, -3.721, -5.754, -2.279, -2.805, -2.471, -3.797, -2.846
-3.320, -3.232, -4.133, -2.678, -6.434, -2.476, -2.878, -3.648, -3.523, -2.721
-3.244, -2.901, -3.810, -4.161, -1.442, -4.111, -3.382, -3.418, -3.578, -3.019
-3.518, -3.478, -2.836, -2.287, -1.457, -4.205, -3.210, -2.127, -3.595, -3.074
-1.843, -3.822, -3.669, -2.299, -1.298, -3.122, -3.170, -3.164, -2.881, -2.241
-3.311, -3.168, -3.474, -2.592, -1.974, -4.333, -3.934, -2.423, -2.973, -2.851
-3.510, -3.536, -3.737, -3.874, -5.681, -2.298, -2.910, -2.564, -3.621, -3.462
-3.021, -3.390, -3.013, -3.140, -11.040, -3.461, -3.951, -3.034, -2.845, -3.261
-3.551, -3.663, -3.452, -2.968, -6.610, -3.296, -3.322, -2.750, -3.079, -2.980
-2.968, -3.452, -2.816, -2.227, -1.030, -3.402, -3.284, -2.937, -3.597, -2.953
-2.816, -3.427, -3.133, -3.048, -8.042, -2.405, -3.229, -2.625, -2.700, -2.697
-3.102, -3.414, -3.383, -3.013, -7.288, -2.899, -3.337, -3.286, -3.172, -3.306
-2.836, -3.103, -3.361, -3.370, -10.379, -4.047, -3.253, -2.608, -3.295, -3.224
-3.025, -4.025, -3.922, -2.365, -6.235, -1.396, -3.519, -2.635, -3.672, -2.738
-3.138, -3.565, -2.856, -3.120, -6.455, -3.004, -3.127, -2.727, -3.278, -3.147
-3.042, -3.197, -2.756, -3.535, -5.491, -2.573, -2.521, -3.461, -3.432, -3.327
-3.244, -3.199, -2.819, -3.644, -6.509, -2.934, -3.515, -3.219, -2.989, -3.040
-3.216, -2.968, -3.466, -2.877, -6.460, -2.000, -3.479, -3.343, -3.245, -3.122
-2.953, -3.004, -3.580, -2.101, -4.997, -2.635, -2.631, -3.974, -2.741, -3.485
-2.658, -4.085, -3.642, -3.472, -0.431, -2.343, -2.495, -2.338, -3.656, -2.364
-3.391, -2.990, -3.639, -3.692, -5.318, -2.253, -3.266, -3.248, -3.338, -3.593
-3.146, -3.089, -2.562, -4.215, -1.571, -5.644, -2.818, -3.037, -2.986, -3.043
-3.058, -2.842, -3.458, -3.413, -6.783, -3.190, -3.023, -3.084, -3.676, -2.815
-2.963, -3.318, -3.284, -2.371, -7.603, -2.440, -3.553, -2.743, -3.332, -3.335
-2.843, -3.910, -3.373, -4.189, -2.331, -5.436, -2.884, -3.128, -3.197, -3.295
-2.706, -2.596, -2.885, -3.362, -2.119, -6.186, -3.442, -2.756, -3.309, -3.889
-2.454, -3.409, -3.176, -1.943, -0.771, -2.595, -3.699, -2.455, -2.754, -3.050
-3.401, -3.122, -4.771, -3.633, -5.387, -1.033, -2.342, -2.572, -3.968, -2.551
-3.028, -3.262, -3.274, -3.174, -4.481, -1.114, -3.440, -4.020, -3.436, -3.557
-2.882, -3.566, -3.071, -3.665, -0.407, -2.624, -2.929, -2.964, -3.359, -2.805
-3.213, -2.476, -3.431, -3.024, -12.241, -3.009, -3.526, -2.579, -3.281, -3.468
-3.674, -2.757, -2.599, -5.841, -4.890, -1.805, -2.977, -2.645, -2.495, -3.018
-3.472, -3.042, -3.163, -2.601, -7.418, -3.455, -3.833, -3.639, -2.922, -3.141
-3.164, -3.744, -2.891, -5.009, -1.386, -5.977, -3.324, -2.905, -3.177, -3.142
-2.533, -2.955, -2.824, -2.945, -1.058, -3.986, -3.428, -3.439, -3.299, -3.515
-3.101, -3.175, -3.265, -2.986, -6.988, -2.741, -2.786, -2.278, -3.685, -3.238
-2.777, -3.375, -3.596, -3.251, -2.045, -4.839, -2.694, -3.014, -3.200, -2.659
-2.167, -3.839, -1.732, -3.458, -6.441, -2.203, -4.935, -2.957, -2.606, -3.144
-3.043, -2.875, -3.801, -3.220, -2.613, -8.822, -3.174, -2.434, -2.603, -3.238
-3.572, -2.169, -3.496, -3.878, -2.231, -5.185, -2.820, -2.220, -3.554, -3.608
-3.268, -3.729, -3.182, -3.964, -1.663, -5.149, -3.183, -2.827, -3.010, -3.200
-3.626, -3.232, -2.800, -3.630, -8.684, -4.235, -4.062, -3.364, -3.375, -3.156
-3.158, -2.576, -3.043, -4.587, -1.545, -5.034, -3.423, -3.161, -2.920, -3.206
-3.021, -3.371, -2.724, -4.515, -1.058, -4.950, -3.032, -3.981, -3.272, -3.033
-3.786, -2.723, -3.223, -2.932, -6.020, -2.090, -3.267, -2.681, -3.262, -2.661
-2.878, -3.608, -3.161, -3.262, -1.648, -5.174, -3.589, -2.650, -2.883, -3.097
-3.708, -3.007, -3.448, -3.753, -0.876, -3.835, -2.409, -3.238, -3.415, -2.935
-3.330, -2.937, -3.171, -3.228, -7.286, -3.203, -3.713, -2.684, -3.081, -2.943
-3.081, -3.069, -3.136, -3.391, -7.094, -3.001, -3.211, -2.819, -3.300, -3.168
-2.986, -3.133, -2.938, -3.632, -8.172, -3.603, -3.397, -3.071, -3.383, -3.556
-3.213, -2.954, -3.058, -2.224, -2.766, -5.998, -3.604, -2.637, -3.449, -2.255
-3.588, -4.216, -3.364, -2.363, -1.043, -4.010, -3.067, -2.555, -2.843, -3.001
-2.933, -2.687, -2.718, -3.506, -6.534, -3.118, -3.306, -2.677, -3.253, -3.706
-2.568, -2.957, -3.434, -2.941, -2.595, -5.570, -2.891, -2.565, -3.538, -2.511
-3.017, -3.839, -3.333, -3.368, -1.613, -4.379, -3.456, -2.941, -3.178, -2.838
-3.282, -3.205, -3.235, -3.014, -6.479, -2.589, -3.318, -2.808, -3.170, -3.119
-3.252, -2.890, -3.865, -3.353, -6.806, -3.236, -2.950, -3.269, -3.397, -3.536
-2.991, -3.214, -3.300, -3.381, -5.531, -2.038, -3.036, -3.179, -2.781, -3.425
-2.925, -4.348, -3.481, -3.815, -1.622, -5.882, -3.412, -3.158, -3.416, -3.533
-3.145, -3.254, -2.880, -2.767, -5.779, -1.745, -3.125, -3.793, -2.863, -2.972
-2.552, -3.263, -2.764, -3.806, -8.464, -3.476, -4.159, -2.451, -3.305, -3.764
-3.400, -3.095, -3.558, -3.242, -1.744, -5.037, -2.791, -2.803, -2.741, -3.134
-3.225, -2.693, -2.265, -2.603, -5.494, -2.848, -3.634, -3.288, -2.433, -3.174
-3.568, -3.296, -3.944, -2.325, -5.770, -3.009, -2.595, -3.220, -3.128, -3.378
-3.151, -3.096, -2.996, -4.254, -1.114, -3.946, -3.072, -4.054, -2.704, -2.720
-3.194, -3.118, -4.191, -4.605, -2.386, -4.792, -3.643, -3.314, -3.363, -2.906
-3.292, -3.287, -3.192, -3.266, -5.155, -2.306, -3.643, -3.533, -2.861, -3.284
-3.165, -3.318, -2.760, -3.719, -1.431, -5.843, -3.129, -2.721, -2.826, -3.178
-3.229, -2.614, -2.827, -3.206, -4.482, -1.223, -3.749, -3.232, -2.946, -3.467
-2.382, -3.733, -2.962, -3.400, -1.167, -4.321, -3.197, -3.689, -3.150, -3.511
-3.282, -2.861, -3.285, -3.258, -9.803, -3.441, -2.859, -2.850, -3.392, -3.053
-2.322, -3.319, -3.458, -2.713, -0.908, -3.155, -3.128, -3.971, -3.781, -2.793
-3.597, -3.444, -2.792, -3.260, -1.595, -5.678, -3.979, -2.859, -3.445, -3.316
-2.949, -3.070, -2.275, -2.370, -5.188, -2.038, -3.567, -2.904, -3.161, -3.784
-3.475, -3.375, -2.859, -2.840, -9.180, -3.245, -2.693, -3.057, -3.412, -3.276
-3.443, -3.759, -3.496, -2.470, -8.029, -2.819, -3.323, -2.907, -2.958, -3.474
-3.468, -2.922, -2.809, -2.296, -2.151, -5.949, -3.412, -3.057, -3.464, -3.629
-2.974, -3.468, -3.497, -3.973, -5.540, -2.999, -1.995, -4.040, -2.740, -2.846
-3.326, -3.344, -2.812, -2.820, -1.210, -5.076, -3.935, -3.322, -3.323, -3.861
-3.000, -2.888, -3.183, -4.639, -1.677, -4.335, -3.553, -2.988, -2.953, -3.300
-3.015, -3.391, -3.146, -3.833, -5.470, -2.356, -3.215, -2.797, -3.334, -2.985
-2.870, -3.483, -2.730, -3.666, -0.834, -3.799, -3.343, -3.368, -3.625, -3.073
-3.285, -3.111, -3.114, -2.996, -7.599, -3.788, -3.636, -3.047, -3.142, -3.211
-2.543, -3.445, -3.003, -2.641, -1.795, -6.132, -3.269, -3.478, -2.884, -2.840
-3.072, -2.682, -3.646, -2.963, -6.975, -2.221, -2.787, -2.122, -3.083, -2.998
-3.175, -3.348, -2.740, -3.574, -1.539, -4.870, -3.479, -2.895, -3.384, -3.129
-2.810, -3.111, -3.083, -2.885, -6.140, -1.478, -3.877, -3.997, -2.945, -1.722
-2.553, -2.792, -3.283, -3.148, -6.702, -2.811, -3.374, -2.668, -3.119, -3.037
-3.263, -3.481, -2.668, -3.676, -1.335, -5.079, -3.103, -2.968, -2.957, -3.228
-3.281, -3.240, -3.647, -2.302, -7.545, -2.709, -3.780, -2.996, -2.876, -3.281
-2.983, -2.857, -2.859, -3.731, -6.064, -1.714, -3.888, -3.567, -3.219, -3.065
-3.323, -3.127, -4.354, -2.535, -7.597, -3.279, -2.967, -3.129, -3.052, -3.444
-3.388, -3.245, -2.644, -2.639, -5.171, -3.051, -2.256, -2.626, -2.690, -3.538
-3.243, -3.121, -2.690, -3.782, -2.067, -5.282, -3.655, -2.630, -3.532, -3.372
-3.125, -3.731, -2.578, -3.608, -7.388, -3.861, -3.802, -2.846, -2.463, -3.560
-2.973, -3.583, -2.370, -2.805, -4.212, -1.852, -2.768, -4.013, -2.895, -3.230
-3.152, -3.951, -3.663, -3.421, -1.633, -5.005, -2.588, -3.215, -3.852, -2.733
-2.756, -2.967, -2.022, -3.523, -5.799, -2.820, -3.212, -2.799, -2.799, -3.652
-3.461, -3.418, -3.502, -3.410, -2.243, -5.418, -4.305, -2.975, -2.815, -3.131
-3.265, -2.963, -2.976, -3.156, -6.095, -1.667, -3.393, -3.301, -3.432, -3.304
-3.707, -2.816, -3.122, -2.447, -6.425, -2.792, -3.682, -3.235, -3.387, -2.681
-3.166, -2.882, -3.740, -2.854, -8.739, -3.395, -2.919, -3.013, -2.899, -2.971
-2.833, -2.710, -3.201, -1.931, -2.139, -4.919, -3.468, -3.095, -3.872, -3.128
-3.348, -3.274, -3.170, -3.086, -7.009, -3.566, -2.908, -3.109, -3.175, -2.759
-2.870, -3.585, -3.476, -2.129, -8.680, -2.314, -3.805, -3.119, -3.169, -2.989
-3.151, -2.686, -2.909, -3.062, -1.739, -4.838, -3.010, -3.021, -3.357, -3.418
-3.107, -3.033, -3.359, -2.970, -8.592, -3.841, -3.410, -2.943, -2.950, -2.963
-3.196, -3.204, -2.723, -3.716, -1.683, -5.121, -3.103, -2.471, -2.805, -3.162
-3.232, -2.649, -3.368, -2.731, -5.429, -2.589, -2.741, -2.832, -3.116, -3.584
-2.808, -2.611, -3.092, -2.469, -6.397, -2.746, -3.110, -3.342, -2.852, -3.136
-2.953, -3.274, -3.279, -3.081, -4.728, -2.084, -3.377, -3.461, -2.929, -3.463
-2.934, -3.220, -3.439, -3.089, -6.328, -2.855, -3.371, -3.875, -2.842, -3.208
-2.849, -3.037, -2.901, -2.940, -2.496, -5.521, -3.391, -2.464, -2.803, -3.207
-3.173, -3.335, -3.387, -3.134, -1.339, -3.756, -2.689, -2.226, -3.151, -3.066
-3.438, -3.343, -2.828, -3.537, -6.038, -3.233, -3.066, -3.621, -2.954, -3.116
-3.232, -3.377, -2.648, -3.006, -6.238, -3.058, -2.674, -3.461, -3.066, -3.208
-3.076, -3.570, -3.252, -4.099, -0.953, -3.383, -3.292, -3.055, -3.189, -3.083
-2.882, -3.313, -2.880, -3.734, -1.240, -3.979, -3.195, -3.769, -3.014, -3.043
-3.215, -4.256, -2.833, -2.801, -0.793, -3.059, -3.717, -2.519, -4.034, -3.003
-3.369, -3.883, -3.049, -3.350, -1.375, -4.351, -3.374, -3.145, -2.562, -3.366
-3.361, -3.438, -3.032, -2.548, -1.589, -3.878, -3.697, -2.722, -4.395, -2.388
-3.307, -3.155, -2.752, -3.114, -6.128, -2.487, -2.868, -2.835, -3.032, -3.098
-3.057, -2.975, -3.216, -3.530, -2.176, -6.108, -3.079, -3.072, -3.360, -2.667
-3.841, -2.533, -3.479, -2.908, -3.748, -1.307, -2.970, -3.747, -3.263, -3.052
-3.168, -2.773, -3.168, -3.231, -1.714, -4.519, -3.149, -3.253, -2.777, -3.179
-2.914, -3.567, -3.848, -3.399, -6.840, -2.751, -3.242, -3.565, -3.025, -3.279
-3.405, -3.132, -3.194, -3.525, -1.230, -4.588, -2.700, -3.193, -2.901, -3.034
-2.825, -2.809, -3.648, -3.659, -2.347, -5.831, -2.928, -3.289, -3.790, -2.408
-2.767, -3.315, -2.838, -4.876, -1.952, -4.580, -3.513, -2.838, -3.603, -3.391
-3.531, -3.838, -2.790, -3.157, -1.075, -3.784, -3.335, -3.290, -3.958, -3.566
-3.473, -3.086, -3.148, -5.372, -1.678, -5.719, -2.381, -4.411, -3.478, -3.688
-2.620, -3.046, -3.033, -3.540, -1.570, -4.388, -3.323, -4.167, -3.536, -3.475
-3.081, -3.226, -3.371, -3.410, -2.736, -6.043, -3.130, -3.037, -3.403, -3.344
-4.433, -3.645, -4.529, -3.823, -5.444, -2.951, -1.747, -3.704, -3.513, -2.652
-3.279, -3.144, -3.609, -2.857, -6.725, -3.508, -3.021, -3.155, -3.431, -3.300
-3.229, -3.294, -2.982, -3.473, -7.683, -2.419, -3.113, -3.517, -3.510, -3.335
-2.468, -3.023, -2.549, -3.588, -7.140, -2.726, -4.013, -2.993, -2.595, -3.578
-3.786, -3.373, -3.750, -2.643, -6.045, -3.358, -2.788, -3.451, -2.854, -3.606
-3.059, -4.019, -3.270, -3.489, -1.375, -4.235, -3.490, -3.479, -2.549, -3.179
-3.790, -3.154, -3.396, -2.986, -6.870, -2.903, -2.378, -3.609, -3.359, -3.065
-3.584, -3.982, -3.443, -3.765, -5.437, -2.723, -3.162, -3.820, -3.031, -3.293
-3.498, -3.506, -3.820, -2.593, -11.763, -4.828, -3.456, -3.734, -2.713, -3.345
-2.670, -4.363, -2.617, -3.589, -1.657, -4.362, -3.404, -2.730, -4.029, -2.744
-2.556, -2.929, -2.626, -3.329, -6.062, -2.707, -3.687, -3.463, -2.763, -2.994
-3.485, -3.036, -1.560, -2.255, -3.950, -2.636, -2.261, -3.436, -2.982, -3.444
-3.302, -2.947, -3.210, -4.739, -1.950, -4.887, -3.755, -3.005, -3.479, -3.466
-2.995, -3.072, -4.199, -3.991, -1.899, -5.257, -3.718, -3.254, -3.528, -3.358
-3.165, -2.872, -3.220, -3.277, -6.650, -2.766, -4.149, -2.820, -2.925, -3.081
-3.639, -3.868, -3.086, -3.810, -0.915, -4.857, -2.857, -4.591, -3.148, -3.460
-3.137, -2.344, -4.066, -2.905, -3.006, -6.891, -3.131, -2.769, -3.983, -2.866
-3.483, -2.266, -4.511, -4.785, -6.683, -2.145, -2.778, -2.896, -3.241, -2.906
-3.065, -3.115, -3.421, -3.528, -10.690, -3.559, -3.466, -2.181, -3.136, -3.465
-3.678, -3.748, -3.851, -3.046, -7.949, -2.950, -3.069, -3.860, -3.145, -3.584
-3.481, -3.340, -2.534, -3.386, -4.841, -2.600, -2.745, -2.963, -3.381, -3.594
-3.094, -2.979, -3.479, -3.802, -6.583, -3.148, -2.767, -2.301, -3.133, -3.302
-3.044, -2.318, -2.933, -2.650, -2.511, -5.708, -3.411, -3.480, -3.367, -3.101
-3.017, -3.539, -3.193, -3.085, -2.113, -5.947, -2.376, -2.638, -2.948, -3.230
-3.084, -2.642, -3.459, -3.453, -1.512, -4.294, -2.798, -3.655, -3.609, -3.267
-3.370, -3.271, -2.576, -3.764, -4.860, -2.233, -3.292, -3.362, -3.072, -3.039
-3.116, -3.077, -3.296, -2.162, -3.029, -6.903, -3.255, -2.988, -2.991, -2.978
-3.456, -3.499, -3.068, -3.463, -8.617, -3.565, -3.632, -3.535, -2.887, -3.326
-3.266, -3.122, -2.482, -3.239, -1.420, -4.522, -3.184, -2.438, -3.367, -3.307
-3.033, -2.660, -3.751, -1.965, -3.067, -6.904, -2.919, -2.885, -3.368, -2.966
-2.356, -4.678, -2.578, -3.133, -1.106, -4.299, -3.407, -3.185, -3.576, -3.215
-3.090, -1.974, -2.879, -4.503, -5.373, -1.986, -3.630, -2.997, -2.897, -3.523
-3.853, -3.416, -4.048, -3.090, -10.231, -3.248, -3.217, -2.455, -4.051, -4.185
-2.864, -2.945, -3.256, -3.203, -1.760, -4.602, -3.059, -2.856, -3.179, -3.185
-3.399, -2.665, -2.631, -3.116, -5.985, -2.927, -2.639, -3.411, -3.087, -3.216
-2.904, -4.442, -2.768, -3.943, -1.413, -4.292, -2.496, -2.739, -3.745, -3.353
-3.589, -3.557, -3.815, -2.716, -5.724, -2.033, -3.198, -2.990, -3.558, -3.498
-2.740, -3.671, -3.115, -2.267, -7.509, -3.124, -3.203, -3.167, -3.555, -3.087
-3.251, -3.366, -3.033, -3.013, -4.602, -1.802, -3.863, -3.575, -3.055, -3.569
-2.704, -3.312, -2.755, -2.882, -1.691, -4.985, -2.931, -3.577, -2.860, -2.419
-3.115, -3.425, -2.891, -3.740, -2.092, -5.012, -3.213, -2.801, -3.480, -3.564
-3.150, -3.182, -3.519, -2.686, -13.931, -3.369, -3.556, -2.995, -3.290, -3.036
-3.499, -4.136, -3.036, -4.091, -1.529, -5.483, -2.803, -3.396, -3.672, -3.845
-3.106, -3.032, -3.310, -2.879, -5.369, -1.674, -3.145, -3.671, -3.058, -3.020
-3.042, -3.804, -3.240, -3.612, -0.785, -3.656, -3.369, -3.089, -3.289, -3.243
-3.179, -2.986, -3.375, -4.786, -1.629, -4.711, -2.913, -3.306, -3.402, -3.351
-3.173, -3.001, -2.971, -4.894, -8.290, -3.100, -3.487, -3.904, -2.917, -3.489
-2.861, -4.579, -4.540, -3.192, -7.319, -2.537, -2.733, -3.119, -3.959, -2.407
-2.771, -3.421, -3.201, -2.716, -4.936, -1.452, -3.689, -2.804, -2.598, -2.290
-5.098, -3.348, -2.737, -3.572, -5.057, -2.159, -3.045, -2.914, -3.865, -3.043
-3.725, -4.759, -4.283, -2.646, -0.810, -3.565, -2.651, -3.028, -3.697, -2.775
-2.700, -3.055, -3.095, -3.129, -2.006, -5.830, -2.654, -2.917, -3.149, -3.651
-3.686, -3.169, -2.686, -2.461, -4.876, -2.106, -3.221, -2.836, -3.165, -3.271
-3.241, -3.001, -2.881, -3.791, -1.592, -5.002, -3.859, -3.534, -4.060, -2.941
-3.841, -3.866, -2.860, -3.566, -5.710, -2.328, -2.691, -3.685, -3.174, -3.201
-3.202, -3.587, -3.424, -3.766, -1.161, -3.439, -3.767, -2.354, -2.689, -3.157
-3.675, -2.996, -2.511, -2.759, -7.682, -3.933, -4.918, -3.475, -2.987, -3.363
-3.158, -3.193, -3.043, -5.443, -1.890, -5.631, -2.823, -3.102, -3.043, -3.204
-3.478, -3.951, -3.636, -2.623, -1.467, -4.318, -3.122, -2.879, -3.108, -3.378
-3.140, -3.337, -2.952, -2.678, -5.838, -2.762, -3.770, -3.271, -3.286, -3.095
-3.249, -3.567, -3.570, -2.682, -6.743, -3.272, -3.392, -3.197, -3.174, -3.094
-3.154, -3.234, -3.416, -2.880, -6.419, -3.379, -2.935, -3.418, -3.235, -3.279
-3.851, -3.304, -2.796, -4.398, -6.121, -3.323, -2.557, -3.126, -2.190, -3.170
-3.854, -3.032, -3.518, -3.564, -0.801, -3.428, -2.979, -4.120, -3.449, -3.142
-3.749, -3.094, -4.580, -2.913, -7.378, -3.271, -2.776, -3.472, -4.030, -2.492
-3.225, -2.870, -2.899, -4.414, -14.620, -3.793, -3.756, -3.396, -4.274, -4.063
-3.395, -3.456, -3.302, -3.102, -8.372, -3.795, -2.958, -3.055, -3.316, -3.277
-4.633, -2.378, -2.230, -6.505, -5.489, -1.680, -4.231, -3.118, -3.354, -3.587
-2.177, -3.467, -2.853, -3.147, -6.483, -2.963, -3.829, -3.297, -2.558, -2.480
-3.495, -2.339, -3.536, -2.114, -2.943, -6.621, -3.401, -2.981, -3.464, -2.877
-3.265, -2.900, -3.279, -3.246, -7.999, -3.163, -2.704, -3.187, -2.891, -3.158
-4.020, -3.465, -5.278, -3.477, -4.701, -2.159, -2.055, -4.388, -3.239, -3.261
-2.975, -3.363, -4.104, -2.463, -2.583, -5.860, -2.735, -2.854, -3.497, -3.296
-2.618, -3.078, -3.180, -3.703, -1.555, -4.350, -3.223, -4.429, -3.361, -3.404
-3.260, -3.642, -3.586, -3.559, -1.586, -4.905, -3.035, -2.551, -2.944, -2.998
-3.606, -3.060, -3.428, -3.494, -2.257, -5.296, -3.957, -2.904, -2.825, -3.665
-2.962, -3.581, -2.872, -3.003, -6.362, -3.222, -3.074, -3.274, -3.324, -3.591
-2.597, -3.079, -3.095, -2.574, -1.769, -4.786, -3.281, -3.897, -3.648, -3.617
-3.244, -3.385, -3.002, -3.192, -5.802, -3.188, -2.770, -3.192, -2.941, -3.437
-3.413, -3.320, -2.744, -3.316, -5.798, -2.869, -2.796, -3.977, -3.407, -3.223
-3.369, -3.924, -2.926, -3.969, -0.955, -3.508, -3.237, -3.021, -3.086, -3.483
-3.500, -3.179, -4.498, -1.743, -6.313, -2.284, -3.214, -3.135, -3.389, -3.743
-3.547, -2.855, -3.548, -3.338, -5.822, -1.459, -3.525, -2.191, -3.733, -3.335
-3.383, -2.928, -3.312, -3.497, -5.831, -2.636, -3.408, -3.097, -3.303, -3.584
-3.042, -3.360, -3.096, -3.108, -1.773, -4.811, -3.313, -3.523, -3.684, -3.059
-3.245, -3.186, -2.801, -2.901, -1.450, -4.058, -3.764, -3.070, -3.638, -3.339
-3.058, -3.230, -3.351, -3.151, -4.622, -1.759, -3.659, -3.324, -3.577, -3.237
-3.020, -3.073, -2.682, -3.908, -1.141, -4.321, -3.196, -3.111, -3.264, -3.087
-3.278, -4.191, -2.997, -3.976, -1.203, -4.919, -2.718, -3.775, -3.735, -3.029
-3.343, -3.757, -3.040, -3.486, -5.536, -2.645, -3.039, -3.559, -3.018, -3.307
-3.317, -3.394, -2.926, -3.108, -2.210, -6.377, -3.212, -2.698, -3.073, -3.333
-3.412, -3.246, -3.427, -2.898, -5.742, -2.731, -3.426, -2.951, -2.943, -3.157
-2.674, -2.880, -2.972, -3.643, -1.680, -4.426, -3.363, -3.376, -3.435, -3.345
-3.737, -3.511, -3.810, -2.571, -6.491, -2.961, -3.175, -4.691, -3.108, -3.590
-3.450, -2.673, -3.485, -3.342, -5.739, -2.616, -3.094, -3.571, -3.663, -2.884
-3.337, -3.084, -3.434, -2.626, -1.766, -4.842, -3.159, -2.913, -2.650, -3.276
-2.522, -4.145, -2.965, -2.946, -1.241, -3.873, -3.753, -2.470, -3.944, -2.786
-4.211, -3.496, -3.677, -3.187, -5.861, -2.784, -2.949, -2.332, -2.898, -3.939
-3.529, -3.403, -3.198, -2.936, -5.120, -2.277, -3.047, -3.285, -3.480, -3.371
-2.895, -3.957, -3.073, -3.998, -0.853, -4.123, -3.242, -2.972, -3.566, -3.042
-3.870, -2.652, -3.097, -4.765, -5.554, -2.735, -2.896, -3.578, -3.241, -3.655
-2.948, -3.160, -3.093, -4.800, -1.480, -4.482, -3.778, -3.118, -3.299, -3.543
-3.035, -3.324, -2.708, -2.691, -6.585, -2.818, -3.124, -2.922, -2.917, -3.001
-3.357, -3.225, -3.431, -3.498, -10.475, -4.330, -3.559, -3.242, -3.303, -3.052
-3.061, -4.128, -3.648, -4.291, -1.989, -4.729, -4.191, -3.330, -3.531, -3.300
-3.067, -3.897, -2.985, -3.520, -2.148, -6.231, -3.269, -2.642, -3.926, -3.513
-3.598, -3.362, -3.062, -2.917, -4.949, -2.285, -2.777, -3.949, -2.957, -2.958
-3.339, -3.372, -2.893, -3.828, -5.246, -2.458, -3.255, -3.284, -2.961, -3.239
-3.578, -3.220, -3.339, -3.428, -5.432, -2.476, -3.233, -2.979, -3.269, -3.354
-3.758, -2.970, -2.470, -3.529, -6.898, -3.707, -3.320, -3.545, -3.343, -3.350
-3.218, -2.621, -2.619, -3.808, -2.564, -5.992, -3.723, -3.425, -2.889, -2.992
-3.000, -3.981, -2.817, -3.378, -1.307, -4.054, -3.672, -2.982, -3.242, -3.282
-3.053, -2.971, -3.064, -3.439, -11.072, -3.327, -4.040, -2.954, -2.825, -3.332
-4.234, -2.957, -2.946, -3.618, -7.247, -3.274, -3.706, -3.547, -3.851, -3.381
-3.321, -2.785, -3.385, -2.383, -6.932, -2.464, -3.429, -3.333, -3.317, -3.382
-3.580, -3.694, -3.298, -3.948, -0.747, -3.802, -2.770, -3.524, -3.204, -3.041
-3.012, -3.354, -2.936, -2.916, -5.885, -2.593, -3.410, -3.178, -3.424, -3.762
-2.812, -2.709, -3.118, -3.342, -3.274, -7.188, -3.579, -3.134, -3.654, -3.429
-3.215, -3.328, -2.680, -4.341, -1.700, -5.230, -3.505, -3.148, -3.816, -2.986
-3.048, -2.706, -3.874, -2.924, -7.294, -2.936, -3.080, -3.111, -2.951, -2.945
-3.312, -3.269, -3.589, -2.622, -4.847, -1.625, -3.163, -3.002, -2.962, -2.878
-2.829, -3.704, -3.153, -2.690, -1.932, -4.911, -3.358, -2.673, -2.847, -2.851
-2.682, -3.059, -2.381, -3.385, -1.891, -5.575, -5.688, -3.278, -2.478, -4.078
-3.614, -3.410, -3.362, -3.552, -8.959, -3.693, -3.565, -3.160, -3.707, -3.766
-2.742, -4.262, -2.625, -4.367, -1.057, -4.827, -2.879, -2.769, -3.811, -3.932
-3.075, -3.167, -2.853, -2.542, -1.151, -3.802, -3.787, -3.111, -4.352, -3.194
-3.529, -2.852, -2.847, -2.294, -2.715, -6.243, -3.968, -3.651, -3.652, -3.098
-3.289, -3.040, -2.874, -3.279, -5.343, -2.238, -2.800, -3.500, -3.405, -3.482
-3.647, -3.367, -3.293, -3.820, -1.563, -4.455, -2.919, -2.844, -3.419, -3.496
-3.380, -3.192, -2.311, -3.423, -5.402, -2.801, -2.926, -2.678, -2.883, -3.239
-3.179, -3.272, -2.779, -3.731, -2.095, -5.180, -3.317, -3.052, -3.590, -3.781
-3.760, -2.799, -2.988, -3.921, -1.121, -3.884, -3.043, -2.703, -2.912, -3.165
-3.351, -3.203, -3.259, -2.466, -6.047, -2.026, -3.366, -3.096, -3.382, -3.345
-4.185, -3.380, -3.609, -5.339, -5.293, -2.070, -2.539, -2.659, -3.271, -3.350
-3.253, -2.957, -3.205, -3.282, -1.743, -5.463, -2.668, -3.160, -3.493, -3.153
-3.841, -3.206, -3.232, -2.600, -6.544, -2.925, -3.580, -3.677, -2.988, -3.370
-3.422, -3.587, -4.006, -2.428, -1.789, -4.941, -2.926, -3.445, -3.062, -3.123
-3.607, -3.153, -3.265, -2.715, -7.625, -3.636, -3.943, -3.800, -3.069, -3.293
-3.295, -3.247, -3.076, -2.886, -6.582, -3.345, -2.949, -3.085, -3.041, -3.279
-3.126, -3.132, -3.289, -3.501, -2.463, -5.817, -3.216, -2.810, -3.475, -3.456
-3.413, -4.351, -2.958, -3.716, -4.827, -2.223, -3.454, -3.601, -3.577, -3.257
-2.876, -3.648, -3.612, -3.101, -7.082, -3.374, -3.316, -4.036, -3.601, -2.680
-2.592, -4.152, -3.426, -3.431, -2.306, -6.948, -3.063, -3.051, -2.940, -3.174
-3.418, -3.249, -3.415, -4.418, -5.015, -2.016, -3.257, -2.932, -2.587, -3.572
-3.450, -3.073, -3.625, -3.020, -2.535, -6.078, -3.345, -3.385, -3.492, -3.555
-3.431, -3.093, -3.460, -3.619, -8.126, -2.578, -3.301, -2.872, -3.231, -3.353
-2.944, -2.897, -3.436, -2.761, -2.364, -5.442, -3.256, -3.575, -3.674, -3.178
-3.532, -3.452, -3.730, -2.377, -5.738, -1.427, -3.313, -2.921, -3.213, -3.403
-3.151, -2.930, -2.475, -4.527, -6.099, -2.954, -2.449, -3.133, -3.279, -3.155
-4.416, -3.539, -2.601, -4.211, -4.976, -1.989, -3.564, -2.583, -3.604, -3.490
-3.532, -2.901, -3.023, -2.473, -1.893, -5.655, -2.994, -2.463, -2.838, -3.352
-2.932, -3.528, -3.065, -2.872, -6.932, -2.923, -3.291, -3.208, -3.507, -3.686
-3.647, -3.332, -3.895, -2.536, -9.785, -4.437, -3.332, -3.559, -2.983, -3.625
-3.202, -3.177, -3.062, -3.217, -6.951, -2.427, -3.669, -2.965, -2.901, -3.520
-3.104, -3.250, -3.656, -2.925, -1.980, -5.178, -4.022, -3.275, -3.724, -3.421
-2.867, -2.201, -3.547, -3.350, -6.431, -3.013, -3.359, -3.061, -2.921, -3.122
-3.314, -3.701, -3.459, -2.603, -1.775, -5.119, -3.028, -2.432, -2.667, -3.003
-2.872, -3.890, -2.631, -2.468, -1.603, -5.760, -3.996, -2.774, -2.726, -3.261
-3.129, -2.655, -3.237, -2.939, -1.981, -5.283, -3.442, -3.147, -3.147, -2.865
-3.176, -2.390, -2.978, -4.326, -1.215, -3.914, -3.261, -3.977, -3.449, -3.378
-3.405, -3.057, -3.535, -3.176, -6.856, -3.197, -2.706, -3.050, -3.271, -3.008
-3.750, -2.793, -2.564, -2.374, -2.637, -6.924, -4.055, -3.333, -3.364, -3.611
-3.162, -3.391, -2.916, -2.846, -5.216, -2.849, -2.668, -3.359, -3.001, -3.185
-3.312, -3.353, -3.682, -2.344, -8.590, -3.020, -3.044, -3.700, -2.696, -3.246
-3.547, -3.140, -2.246, -3.577, -4.820, -1.891, -3.304, -3.649, -3.043, -3.307
-2.980, -3.396, -3.769, -2.413, -7.392, -2.893, -3.658, -3.103, -3.152, -3.523
-3.758, -3.072, -3.389, -2.984, -1.957, -5.678, -2.640, -2.778, -3.047, -2.999
-3.189, -2.869, -3.486, -3.045, -1.811, -5.129, -3.051, -3.860, -2.990, -2.958
-3.272, -4.859, -3.935, -3.466, -1.281, -3.980, -3.425, -3.704, -3.231, -2.697
-3.463, -3.869, -3.574, -4.544, -1.466, -4.098, -3.224, -3.359, -3.730, -3.181
-2.802, -3.145, -3.127, -3.035, -8.807, -2.953, -4.057, -3.866, -3.027, -3.569
-3.374, -3.328, -3.016, -2.703, -6.654, -3.689, -2.929, -3.235, -3.101, -3.300
-3.452, -4.234, -4.320, -2.654, -5.875, -2.276, -2.745, -2.355, -4.042, -2.830
-3.723, -3.659, -3.015, -3.598, -4.814, -2.052, -3.902, -3.654, -3.537, -3.778
-3.968, -2.810, -2.526, -4.966, -5.473, -2.315, -4.027, -2.822, -3.028, -3.496
-3.132, -2.872, -3.350, -3.049, -5.347, -2.245, -3.621, -3.266, -3.279, -3.183
-3.298, -3.810, -3.224, -4.113, -0.843, -3.254, -2.902, -2.949, -3.167, -3.352
-3.239, -3.440, -2.998, -3.882, -3.941, -1.374, -3.285, -3.421, -4.021, -4.151
-3.586, -3.112, -3.441, -3.939, -7.925, -2.772, -3.219, -2.951, -3.717, -2.832
-3.039, -3.881, -3.169, -3.851, -0.674, -3.860, -2.836, -3.243, -3.539, -2.757
-3.226, -3.156, -3.811, -4.026, -2.468, -5.822, -3.845, -3.538, -2.612, -3.351
-3.486, -3.764, -3.275, -3.798, -2.567, -6.027, -3.667, -2.678, -3.014, -3.518
-3.264, -3.185, -3.353, -3.621, -1.787, -6.005, -2.912, -2.947, -3.220, -3.378
-3.564, -3.556, -3.135, -2.992, -1.667, -4.893, -3.185, -2.630, -2.639, -3.308
-4.339, -3.200, -3.673, -3.171, -4.706, -2.303, -3.082, -3.828, -3.697, -3.354
-3.135, -3.121, -2.770, -3.076, -5.777, -3.235, -2.279, -3.084, -3.197, -3.569
-3.297, -2.738, -3.046, -2.203, -4.098, -1.306, -3.052, -3.776, -2.547, -3.415
-3.867, -3.014, -3.528, -2.138, -4.707, -1.904, -3.383, -3.301, -2.173, -3.106
-3.223, -3.000, -3.017, -3.202, -1.761, -5.588, -3.310, -3.051, -3.344, -3.427
-3.104, -2.330, -3.294, -4.545, -5.901, -1.682, -3.595, -2.143, -2.568, -3.567
-3.347, -3.117, -3.702, -3.108, -5.894, -2.555, -2.947, -2.959, -3.086, -2.953
-3.504, -3.004, -3.853, -2.594, -14.786, -3.538, -3.158, -3.047, -2.988, -2.791
-3.664, -3.647, -3.288, -4.455, -0.728, -3.633, -2.736, -3.536, -3.231, -3.129
-2.987, -3.467, -3.461, -3.270, -1.735, -4.338, -3.867, -3.718, -2.742, -2.964
-3.523, -3.655, -2.729, -3.287, -4.939, -2.637, -2.899, -3.611, -2.943, -3.194
-3.491, -3.439, -3.152, -2.452, -8.115, -4.178, -2.921, -3.504, -2.728, -3.223
-3.515, -2.860, -3.368, -3.282, -6.336, -3.152, -3.137, -3.024, -3.176, -3.353
-4.516, -3.553, -2.902, -3.563, -2.829, -6.927, -3.838, -2.437, -3.267, -2.754
-3.228, -2.674, -3.297, -3.112, -1.725, -4.944, -3.319, -2.637, -3.070, -3.388
-2.845, -3.936, -2.711, -3.455, -5.183, -2.460, -2.892, -3.077, -3.019, -2.420
-3.153, -3.760, -3.638, -2.685, -5.479, -1.598, -3.619, -1.938, -3.421, -3.392
-3.332, -3.589, -2.406, -2.678, -4.741, -2.247, -4.070, -3.483, -3.448, -3.450
-2.699, -3.614, -2.299, -3.597, -5.398, -2.571, -2.616, -3.264, -2.917, -3.121
-3.378, -3.232, -3.513, -4.571, -2.209, -5.079, -3.702, -3.097, -3.547, -2.877
-2.842, -2.760, -3.818, -2.526, -5.092, -2.082, -3.216, -3.364, -2.913, -3.517
-3.295, -3.186, -3.407, -3.415, -6.820, -3.114, -3.315, -3.233, -2.885, -3.120
-2.747, -3.228, -2.867, -3.357, -5.966, -2.853, -3.507, -3.190, -3.207, -3.128
-3.135, -3.185, -3.579, -2.716, -7.043, -3.437, -3.455, -3.261, -2.896, -2.923
-3.515, -3.189, -3.073, -3.437, -1.102, -3.713, -3.197, -2.868, -3.285, -3.472
-3.839, -3.604, -3.120, -2.951, -6.179, -2.613, -3.315, -2.900, -3.498, -3.355
-3.190, -2.788, -3.224, -3.374, -8.432, -2.651, -3.830, -2.351, -2.985, -3.464
-2.597, -3.471, -2.965, -2.217, -5.101, -1.948, -3.076, -2.904, -3.400, -3.118
-2.691, -3.002, -2.505, -3.290, -5.851, -2.803, -3.465, -3.061, -3.015, -3.260
-4.122, -3.601, -2.563, -3.497, -4.220, -1.866, -3.180, -3.488, -3.325, -3.142
-3.527, -3.638, -2.540, -3.509, -5.725, -3.041, -3.291, -3.271, -2.959, -4.334
-3.209, -3.604, -3.104, -2.911, -6.357, -2.329, -2.733, -2.818, -4.110, -2.824
-3.424, -3.220, -3.008, -3.086, -1.390, -5.847, -2.765, -3.255, -2.595, -3.150
-3.593, -3.647, -3.884, -3.203, -2.330, -5.355, -4.163, -2.706, -3.480, -3.247
-2.552, -3.013, -3.039, -3.573, -1.649, -4.412, -3.334, -4.278, -3.545, -3.564
-3.337, -3.769, -3.340, -2.866, -1.113, -4.321, -2.346, -3.014, -3.019, -2.643
-3.793, -2.976, -2.599, -2.901, -7.953, -3.080, -3.854, -3.991, -3.913, -2.969
-3.494, -3.361, -3.108, -3.013, -4.237, -1.745, -3.036, -3.425, -3.133, -3.349
-3.585, -3.624, -2.750, -3.374, -1.269, -4.292, -2.782, -2.604, -2.874, -3.192
-2.722, -2.740, -3.037, -3.270, -5.614, -1.841, -3.420, -3.144, -2.855, -3.421
-3.320, -3.121, -4.809, -2.777, -6.703, -3.267, -2.184, -3.185, -2.804, -2.968
-3.557, -4.667, -3.092, -3.118, -1.252, -5.724, -3.072, -3.457, -3.491, -3.295
-3.300, -3.179, -3.032, -2.742, -1.914, -5.998, -3.204, -3.076, -2.860, -3.543
-3.361, -3.586, -3.119, -2.930, -2.097, -5.223, -3.125, -2.619, -2.923, -3.249
-3.133, -2.982, -3.001, -4.032, -8.393, -3.290, -3.206, -3.542, -3.257, -3.142
-2.953, -3.752, -2.973, -2.745, -0.808, -3.516, -3.592, -2.880, -3.672, -3.226
-2.914, -3.359, -3.214, -3.811, -1.340, -4.259, -3.377, -3.996, -3.218, -3.160
-3.737, -2.673, -3.047, -2.828, -4.039, -1.302, -3.690, -2.908, -2.985, -3.020
-3.319, -3.301, -2.774, -3.960, -2.326, -5.587, -3.736, -3.435, -3.071, -3.331
-3.150, -3.457, -2.793, -2.389, -5.479, -2.093, -3.455, -3.638, -3.014, -3.470
-3.162, -3.669, -3.018, -3.657, -1.799, -5.541, -2.799, -3.607, -3.210, -3.062
-3.663, -3.674, -3.647, -3.342, -5.619, -2.472, -3.049, -2.952, -3.408, -3.609
-3.426, -3.472, -3.318, -3.024, -5.100, -2.547, -3.230, -3.761, -3.279, -3.431
-2.629, -2.705, -3.044, -3.476, -2.168, -6.048, -3.202, -3.379, -2.802, -3.421
-3.006, -2.890, -3.384, -3.336, -1.793, -5.083, -4.025, -2.789, -2.794, -3.058
-4.067, -3.027, -2.852, -2.809, -5.621, -2.598, -3.432, -2.899, -3.225, -3.414
-3.326, -2.833, -2.389, -3.376, -6.319, -2.404, -3.552, -2.082, -2.691, -3.441
-2.961, -3.602, -3.996, -2.181, -7.343, -2.771, -3.314, -2.443, -3.526, -3.341
-3.502, -2.909, -3.817, -2.370, -19.576, -3.498, -3.413, -3.364, -3.095, -2.914
-3.234, -2.937, -3.359, -2.839, -6.633, -3.385, -2.904, -3.177, -3.101, -3.432
-3.388, -3.033, -3.188, -3.285, -0.898, -3.212, -3.358, -2.837, -3.065, -3.306
-3.378, -3.199, -2.881, -2.913, -6.290, -3.509, -3.282, -3.428, -3.009, -3.270
-3.360, -3.391, -3.315, -2.958, -10.155, -4.003, -3.131, -3.662, -3.131, -3.185
-3.438, -2.916, -3.853, -3.398, -1.302, -3.575, -3.593, -3.096, -3.182, -3.112
-3.169, -3.037, -3.260, -2.008, -5.011, -1.783, -3.885, -3.481, -3.168, -3.349
-2.997, -2.691, -3.927, -2.402, -9.099, -3.459, -3.184, -2.825, -3.049, -3.422
-2.982, -2.994, -3.529, -3.625, -1.876, -4.773, -2.737, -2.720, -3.609, -3.877
-3.324, -2.686, -3.002, -2.516, -6.404, -2.767, -3.090, -3.707, -2.881, -3.128
-3.120, -3.353, -3.027, -3.377, -5.099, -2.264, -3.017, -3.230, -3.151, -3.078
-3.618, -4.015, -3.237, -2.032, -5.258, -2.170, -3.831, -3.164, -3.456, -2.899
-3.262, -2.872, -4.782, -3.046, -7.007, -2.944, -2.298, -3.458, -3.114, -3.239
-3.563, -3.179, -3.202, -3.350, -8.229, -3.982, -3.745, -2.874, -3.304, -3.330
-3.335, -2.662, -3.981, -4.125, -6.264, -2.107, -4.395, -2.685, -3.346, -3.571
-3.267, -3.275, -3.752, -2.907, -6.590, -3.246, -3.116, -3.537, -3.095, -2.984
-3.532, -3.700, -2.955, -2.964, -5.523, -2.852, -2.997, -3.499, -3.523, -2.461
-3.325, -3.512, -3.326, -4.504, -8.067, -3.743, -3.537, -2.454, -2.899, -3.559
-3.461, -3.888, -3.407, -3.645, -1.148, -4.848, -3.396, -2.910, -3.162, -3.598
-3.386, -2.829, -3.409, -2.951, -5.166, -2.076, -3.246, -3.309, -3.172, -3.228
-3.298, -3.385, -3.361, -3.542, -7.063, -2.855, -3.706, -3.616, -3.061, -3.438
-2.132, -3.265, -3.282, -2.824, -2.877, -5.997, -3.151, -3.142, -2.792, -3.726
-3.185, -4.186, -3.093, -3.698, -0.126, -2.071, -3.094, -2.803, -3.383, -3.246
-2.832, -3.905, -2.736, -3.925, -1.393, -3.963, -3.903, -2.921, -4.908, -2.843
-3.190, -2.914, -3.592, -3.291, -1.848, -4.815, -3.021, -3.916, -3.556, -2.888
-2.864, -3.032, -2.273, -4.535, -1.209, -4.639, -3.832, -3.071, -3.030, -3.400
-3.285, -3.296, -3.758, -2.071, -25.582, -3.797, -3.769, -3.374, -3.011, -3.125
-3.709, -2.586, -2.603, -3.584, -6.999, -2.051, -3.643, -2.600, -3.236, -3.566
-3.652, -3.354, -4.367, -3.462, -1.097, -3.166, -3.909, -3.407, -2.573, -2.756
-2.929, -3.771, -3.165, -3.340, -7.316, -2.540, -3.314, -3.083, -3.727, -3.296
-3.411, -3.618, -4.410, -3.175, -5.224, -1.850, -2.796, -3.245, -2.738, -3.220
-3.151, -3.898, -3.171, -2.762, -4.200, -1.204, -3.250, -2.756, -3.813, -3.065
-3.181, -3.800, -2.762, -5.396, -1.276, -5.527, -3.000, -4.017, -3.647, -3.337
-3.178, -3.212, -3.026, -3.399, -1.142, -3.883, -3.075, -2.825, -2.734, -3.335
-3.149, -2.828, -3.203, -4.379, -5.016, -1.731, -3.428, -1.805, -3.238, -3.146
-3.272, -3.253, -3.120, -3.808, -2.200, -5.888, -3.504, -3.085, -2.996, -3.439
-3.101, -3.454, -2.617, -3.948, -5.229, -2.045, -3.480, -3.368, -3.180, -3.369
-3.363, -3.522, -4.662, -4.597, -1.753, -4.443, -4.362, -3.072, -2.972, -3.273
-4.045, -2.977, -3.842, -3.663, -5.331, -2.322, -2.874, -3.748, -3.220, -3.229
-3.182, -3.826, -3.068, -4.249, -5.260, -2.282, -2.970, -3.344, -3.552, -3.509
-3.390, -3.260, -2.665, -3.021, -1.864, -6.279, -2.870, -2.594, -2.748, -3.295
-3.100, -2.727, -3.876, -4.220, -1.939, -5.081, -3.351, -3.186, -3.456, -3.297
-3.293, -3.515, -2.581, -3.161, -5.384, -1.839, -3.162, -4.231, -2.840, -3.740
-2.800, -3.149, -4.041, -3.248, -2.095, -6.000, -2.174, -2.919, -3.000, -2.737
-3.561, -3.514, -4.526, -2.863, -8.288, -3.567, -2.877, -3.955, -3.159, -3.217
-2.503, -3.261, -2.576, -3.004, -7.206, -3.592, -4.906, -4.191, -3.125, -3.339
-2.778, -3.284, -3.896, -2.306, -1.310, -3.770, -2.914, -3.349, -4.383, -3.192
-3.740, -3.057, -3.388, -2.055, -5.979, -1.375, -3.037, -2.929, -3.433, -3.320
-4.585, -3.777, -3.452, -4.361, -4.712, -2.149, -3.246, -3.519, -3.230, -3.586
-2.795, -3.986, -3.506, -3.475, -6.534, -3.292, -2.598, -3.263, -2.806, -2.450
-3.239, -3.932, -3.300, -3.550, -1.045, -3.777, -3.042, -3.443, -3.540, -3.016
-3.663, -3.014, -3.013, -5.100, -0.919, -4.173, -2.754, -3.533, -4.194, -3.565
-4.292, -3.434, -4.016, -2.333, -4.793, -2.173, -2.742, -3.950, -3.217, -3.163
-3.351, -3.289, -4.060, -2.612, -10.887, -3.652, -3.906, -3.442, -3.048, -3.148
-3.229, -3.739, -3.397, -3.018, -6.431, -2.839, -3.264, -3.445, -3.389, -3.387
-3.503, -3.328, -2.859, -2.693, -7.237, -3.570, -3.201, -3.360, -3.108, -3.366
-3.180, -3.222, -4.026, -5.068, -5.856, -1.489, -3.608, -2.747, -4.038, -3.933
-3.241, -3.469, -2.984, -3.065, -5.798, -2.877, -2.814, -3.645, -2.995, -3.465
-3.639, -3.125, -3.302, -2.827, -6.990, -3.571, -2.700, -3.117, -3.128, -3.256
-3.395, -3.392, -3.491, -2.622, -8.397, -3.389, -3.359, -3.441, -3.243, -3.313
-2.896, -3.498, -3.257, -3.244, -5.284, -2.543, -2.487, -3.196, -3.752, -3.286
-2.948, -4.247, -3.941, -3.606, -1.637, -3.982, -3.393, -3.070, -3.783, -2.817
-3.429, -2.921, -3.632, -4.209, -6.072, -2.646, -2.684, -2.745, -3.641, -3.311
-2.820, -3.307, -2.974, -2.749, -9.285, -2.718, -3.248, -3.601, -3.155, -3.377
-3.895, -3.041, -3.705, -3.540, -5.460, -2.487, -2.922, -2.732, -3.570, -3.328
-3.618, -3.221, -2.944, -3.435, -7.760, -3.902, -3.710, -3.031, -2.521, -3.624
-3.393, -3.692, -3.311, -3.754, -1.346, -4.312, -2.725, -3.036, -3.279, -3.354
-2.957, -3.110, -3.527, -2.596, -6.157, -2.600, -3.789, -2.623, -3.121, -3.108
-2.841, -2.995, -3.216, -2.343, -2.380, -6.741, -3.389, -3.710, -3.253, -3.217
-3.395, -3.575, -3.469, -3.761, -4.836, -1.867, -3.311, -3.783, -3.498, -2.944
-3.296, -3.176, -3.484, -3.485, -7.553, -3.376, -3.054, -2.816, -3.092, -3.052
-3.694, -4.305, -4.244, -3.510, -1.455, -4.885, -3.052, -3.914, -3.128, -2.895
-2.770, -3.331, -3.079, -3.762, -0.727, -2.778, -3.327, -2.686, -3.152, -3.148
-3.532, -3.797, -4.531, -2.754, -10.549, -3.211, -3.327, -2.896, -3.598, -3.172
-3.232, -3.490, -2.692, -3.776, -6.654, -3.349, -3.552, -3.015, -3.310, -3.779
-3.856, -3.138, -3.274, -2.896, -2.303, -6.028, -3.815, -2.529, -2.538, -3.666
-3.442, -3.598, -3.360, -3.175, -5.374, -2.615, -3.374, -3.639, -2.919, -3.362
-3.086, -2.941, -3.160, -2.899, -2.172, -6.436, -3.124, -2.792, -2.924, -2.766
-2.690, -2.906, -2.966, -2.839, -2.397, -5.864, -3.045, -2.608, -3.163, -3.374
-3.259, -3.375, -2.849, -2.822, -3.959, -0.848, -4.167, -3.537, -3.005, -3.559
-3.512, -3.836, -3.142, -4.240, -0.719, -3.809, -2.869, -3.579, -3.198, -3.078
-3.338, -3.224, -3.538, -3.293, -6.823, -3.573, -3.240, -3.377, -3.011, -3.077
-3.372, -2.842, -3.549, -4.799, -10.094, -3.011, -3.518, -3.247, -3.344, -3.188
-3.620, -4.524, -3.169, -3.557, -1.197, -4.409, -2.730, -2.516, -3.381, -3.099
-4.082, -3.857, -5.097, -3.764, -5.572, -2.949, -1.581, -3.300, -3.337, -3.456
-2.872, -3.129, -3.186, -3.160, -6.996, -3.557, -2.978, -3.392, -3.009, -3.454
-4.021, -2.903, -3.282, -3.471, -8.089, -2.856, -2.964, -2.649, -3.798, -3.501
-2.956, -3.997, -2.948, -4.018, -1.270, -4.967, -2.890, -2.814, -3.324, -3.079
-2.754, -2.916, -2.664, -3.536, -5.831, -2.212, -2.725, -3.051, -3.535, -3.158
-3.112, -3.077, -3.192, -3.260, -1.447, -4.771, -2.686, -3.204, -3.346, -2.975
-3.972, -2.869, -2.844, -3.438, -1.714, -4.435, -4.516, -2.899, -3.385, -3.527
-3.564, -3.680, -3.824, -4.079, -2.335, -6.084, -3.035, -2.838, -3.333, -3.221
-3.092, -2.707, -2.918, -3.417, -2.481, -6.057, -3.382, -2.845, -3.584, -3.223
-2.648, -3.215, -2.979, -4.774, -1.750, -4.901, -2.633, -3.763, -3.794, -2.676
-3.839, -3.472, -3.439, -2.710, -0.736, -3.441, -2.887, -3.882, -2.957, -2.973
-3.358, -3.704, -3.789, -3.249, -2.057, -4.988, -3.349, -3.064, -3.330, -3.188
-3.352, -3.527, -3.145, -2.530, -1.884, -5.838, -3.720, -2.693, -3.891, -3.984
-3.151, -3.035, -3.566, -2.911, -5.852, -2.273, -3.065, -2.626, -3.242, -3.146
-3.605, -3.163, -3.315, -2.764, -4.809, -1.664, -2.409, -2.799, -3.247, -2.944
-2.937, -3.695, -3.035, -3.951, -0.955, -3.462, -3.397, -3.331, -3.943, -3.178
-3.248, -3.870, -2.762, -4.130, -1.659, -5.230, -2.888, -3.232, -3.776, -3.020
-3.282, -3.290, -3.103, -3.963, -5.203, -1.985, -3.064, -3.182, -3.334, -3.021
-3.383, -3.162, -3.359, -3.746, -6.533, -2.858, -3.206, -3.603, -3.735, -3.214
-3.695, -2.904, -2.750, -3.291, -3.800, -1.617, -3.432, -3.599, -3.352, -3.370
-3.444, -3.386, -4.522, -4.011, -2.581, -6.166, -4.142, -2.558, -2.800, -3.307
-3.506, -3.645, -2.690, -3.321, -7.166, -3.387, -3.861, -2.821, -3.350, -4.292
-3.288, -3.505, -2.691, -3.247, -6.964, -3.577, -3.307, -3.667, -2.943, -3.518
-4.068, -3.712, -3.195, -2.374, -7.753, -3.058, -3.325, -2.589, -3.495, -2.889
-3.506, -3.470, -3.142, -2.181, -4.375, -1.642, -4.093, -3.676, -3.233, -3.607
-3.184, -3.771, -2.991, -3.083, -4.679, -1.905, -2.621, -2.993, -3.307, -2.976
-2.725, -3.450, -3.873, -3.353, -1.788, -5.232, -3.480, -3.519, -3.679, -3.435
-3.153, -4.223, -3.125, -4.123, -1.749, -5.080, -3.469, -3.280, -2.953, -2.871
-3.460, -3.634, -3.503, -3.273, -1.777, -4.997, -3.107, -3.404, -2.815, -3.007
-3.090, -3.941, -3.203, -3.555, -4.621, -2.033, -2.810, -3.460, -3.315, -2.764
-3.745, -3.318, -3.282, -2.775, -4.675, -2.187, -3.292, -3.398, -3.423, -3.207
-3.749, -3.486, -3.926, -3.918, -8.198, -3.940, -3.418, -2.553, -3.372, -3.088
-3.598, -3.687, -3.453, -3.074, -1.391, -4.178, -3.153, -2.829, -2.606, -2.934
-2.726, -4.214, -2.984, -3.605, -1.288, -4.189, -3.662, -2.739, -3.652, -3.416
-3.512, -2.677, -3.040, -3.877, -5.531, -2.449, -2.791, -2.883, -3.576, -3.683
-3.585, -4.252, -3.369, -4.013, -1.975, -6.258, -3.047, -2.931, -2.770, -3.336
-3.063, -2.831, -3.209, -2.466, -7.415, -2.877, -3.251, -3.317, -2.813, -3.297
-2.891, -2.770, -3.128, -5.187, -1.688, -4.448, -2.433, -3.793, -3.810, -2.755
-2.653, -3.750, -3.976, -2.840, -8.348, -3.945, -3.279, -2.979, -2.687, -2.655
-3.645, -2.724, -3.463, -3.670, -4.959, -1.929, -3.233, -2.514, -3.084, -3.677
-3.257, -3.006, -2.566, -3.005, -2.172, -5.865, -4.736, -4.375, -2.951, -3.306
-2.481, -3.808, -3.254, -2.845, -1.528, -4.420, -2.752, -2.858, -3.099, -3.619
-3.506, -3.274, -2.648, -4.012, -6.084, -2.805, -2.484, -3.777, -3.304, -3.445
-3.724, -2.459, -3.108, -5.244, -6.968, -1.693, -3.266, -2.640, -3.508, -3.081
-3.350, -2.822, -2.891, -3.771, -7.078, -2.696, -3.419, -2.814, -3.232, -2.795
-2.990, -2.934, -4.332, -3.941, -7.868, -3.593, -2.525, -3.663, -3.123, -2.792
-3.926, -4.688, -4.020, -2.695, -6.572, -2.475, -2.857, -4.008, -3.868, -3.622
-3.169, -3.823, -2.933, -3.403, -1.515, -6.123, -3.160, -3.167, -3.178, -3.339
-3.901, -3.220, -3.328, -3.342, -7.138, -2.821, -3.140, -2.560, -3.244, -3.380
-3.958, -2.833, -4.650, -2.963, -9.304, -2.957, -2.614, -3.801, -3.529, -3.053
-3.480, -3.310, -3.120, -4.256, -4.728, -0.910, -3.420, -2.479, -3.889, -3.833
-3.413, -4.147, -3.577, -3.251, -0.925, -3.718, -2.851, -2.994, -3.622, -3.152
-3.412, -3.386, -3.560, -3.380, -4.214, -1.527, -2.915, -3.428, -3.541, -3.052
-3.447, -3.185, -3.932, -2.553, -6.802, -2.114, -3.041, -2.904, -3.351, -2.915
-3.172, -3.370, -2.862, -3.008, -1.970, -5.532, -3.618, -2.896, -4.372, -2.845
-3.061, -3.596, -2.882, -4.581, -1.031, -3.470, -3.028, -2.867, -3.305, -3.557
-3.170, -3.667, -3.246, -2.982, -1.650, -5.587, -2.957, -2.644, -4.101, -3.523
-3.032, -2.647, -2.888, -4.027, -5.629, -1.818, -3.044, -3.369, -3.871, -3.502
-3.082, -3.309, -3.844, -2.389, -8.964, -3.713, -2.572, -3.766, -2.977, -3.260
-2.647, -3.839, -3.263, -2.354, -6.464, -2.119, -3.454, -2.565, -3.020, -3.043
-3.548, -3.412, -3.377, -3.019, -1.432, -4.317, -3.526, -2.720, -2.519, -3.303
-3.400, -3.802, -3.132, -4.641, -0.985, -3.947, -2.832, -3.910, -3.667, -3.334
-3.716, -3.112, -3.957, -3.524, -5.946, -2.777, -3.058, -2.803, -3.045, -2.950
-2.528, -3.614, -3.750, -2.866, -0.841, -2.811, -2.752, -2.878, -4.126, -2.573
-3.939, -3.689, -3.701, -3.671, -5.381, -2.081, -3.146, -3.318, -3.241, -3.473
-2.919, -2.848, -3.008, -2.033, -2.128, -5.305, -3.055, -2.814, -3.161, -3.091
-3.203, -3.794, -3.049, -3.991, -1.533, -4.395, -3.032, -3.249, -3.530, -3.199
-3.500, -3.282, -2.809, -5.552, -0.810, -4.040, -2.754, -4.393, -3.446, -3.413
-3.159, -3.819, -3.647, -3.944, -8.846, -3.319, -3.149, -2.114, -3.328, -3.087
-3.592, -3.477, -3.435, -2.460, -0.885, -3.230, -3.067, -2.365, -2.939, -3.126
-3.298, -3.399, -2.979, -2.661, -5.074, -2.251, -2.731, -2.971, -3.396, -3.155
-2.855, -3.578, -3.183, -3.669, -1.937, -5.381, -3.388, -3.805, -3.370, -3.532
-3.826, -2.890, -2.680, -4.838, -6.164, -3.043, -3.663, -3.660, -2.800, -2.965
-3.343, -3.654, -4.104, -2.869, -1.360, -4.079, -2.535, -3.539, -3.873, -2.855
-3.298, -3.275, -2.802, -2.116, -7.846, -4.039, -4.315, -3.647, -3.195, -2.832
-2.934, -3.372, -3.100, -4.659, -0.989, -3.910, -3.105, -3.797, -3.300, -2.733
-3.257, -3.488, -2.947, -4.424, -0.507, -2.761, -3.165, -3.037, -3.502, -3.259
-2.852, -3.516, -2.255, -3.387, -6.868, -3.343, -3.458, -3.406, -3.054, -3.555
-3.380, -3.361, -2.857, -3.034, -6.198, -2.318, -3.425, -3.371, -3.017, -3.571
-3.132, -2.997, -2.938, -3.253, -5.218, -2.426, -2.898, -2.891, -3.398, -3.233
-2.635, -3.441, -3.449, -3.718, -1.998, -6.270, -2.621, -2.962, -3.234, -3.350
-3.361, -3.250, -3.154, -3.177, -1.515, -5.454, -2.790, -3.566, -3.410, -3.234
-2.912, -2.287, -3.493, -3.263, -10.353, -2.842, -3.632, -3.241, -2.877, -2.701
-2.766, -3.561, -3.200, -2.936, -5.816, -1.787, -3.371, -2.990, -3.357, -3.322
-3.464, -2.692, -2.607, -2.706, -7.289, -3.140, -2.058, -3.207, -3.170, -3.279
-3.133, -3.384, -2.754, -2.749, -5.952, -2.810, -2.628, -3.163, -3.131, -3.251
-3.188, -2.976, -3.556, -2.865, -5.354, -2.017, -3.318, -3.486, -3.109, -2.642
-3.570, -3.914, -3.573, -3.062, -4.304, -1.538, -3.336, -3.865, -2.793, -2.991
-3.231, -3.671, -2.760, -3.320, -4.270, -1.650, -2.874, -3.415, -3.515, -3.375
-3.323, -2.984, -2.398, -2.416, -5.679, -3.310, -2.186, -3.255, -3.241, -3.259
-3.023, -3.512, -2.277, -2.589, -6.158, -3.885, -2.261, -3.607, -3.185, -3.823
-3.828, -3.162, -2.881, -3.127, -6.626, -3.445, -3.425, -2.848, -3.079, -3.539
-3.374, -4.002, -3.361, -2.643, -1.498, -5.122, -3.122, -2.817, -2.790, -3.313
-3.117, -2.917, -2.831, -3.740, -1.615, -4.773, -3.322, -2.763, -3.382, -3.292
-2.875, -4.127, -3.003, -2.949, -0.807, -3.953, -3.376, -3.280, -3.096, -3.105
-3.340, -3.070, -3.707, -2.449, -17.302, -4.075, -3.573, -3.826, -2.756, -3.004
-3.402, -3.116, -3.780, -3.016, -1.699, -5.321, -2.920, -2.421, -3.038, -2.913
-3.660, -2.466, -3.160, -3.854, -7.478, -2.593, -3.673, -2.627, -3.783, -3.538
-3.378, -2.983, -2.830, -4.304, -7.253, -2.865, -2.584, -2.668, -2.689, -3.274
-3.222, -3.123, -2.893, -3.837, -0.870, -3.616, -3.257, -3.493, -3.405, -3.471
-3.619, -2.687, -3.840, -3.890, -1.541, -4.683, -2.996, -3.171, -3.135, -3.186
-3.011, -3.365, -3.174, -2.807, -2.052, -5.109, -3.443, -2.693, -3.052, -3.636
-3.561, -4.934, -4.250, -3.574, -2.080, -5.281, -3.042, -2.820, -3.601, -3.012
-3.422, -3.299, -3.399, -2.566, -8.099, -2.456, -3.085, -3.300, -3.380, -3.280
-2.988, -4.135, -3.143, -3.543, -1.278, -4.554, -2.748, -2.854, -3.212, -3.783
-3.507, -3.434, -3.446, -3.806, -2.162, -7.941, -2.619, -3.113, -2.655, -3.063
-3.532, -3.337, -3.154, -2.575, -5.858, -2.976, -3.138, -3.215, -3.172, -2.956
-3.514, -3.170, -3.135, -3.904, -5.461, -2.135, -3.796, -3.407, -3.333, -4.023
-3.300, -3.256, -1.719, -1.907, -4.274, -2.551, -2.292, -3.269, -2.877, -3.578
-3.305, -3.332, -3.487, -3.111, -7.283, -3.363, -3.640, -2.805, -2.881, -3.212
-2.919, -3.447, -3.255, -2.324, -1.969, -5.339, -3.377, -2.532, -2.907, -3.188
-2.721, -3.323, -3.067, -3.137, -7.051, -3.401, -3.527, -2.708, -2.949, -3.198
-3.546, -2.835, -4.134, -2.977, -4.801, -2.063, -3.033, -4.529, -3.049, -3.283
-3.342, -2.951, -3.449, -2.178, -2.304, -6.750, -3.132, -2.818, -3.259, -2.722
-4.712, -2.907, -4.639, -2.953, -5.942, -2.840, -2.319, -3.323, -4.146, -3.364
-2.631, -3.328, -3.155, -4.554, -5.099, -2.294, -2.501, -3.600, -3.148, -3.144
-3.148, -3.030, -3.332, -3.357, -1.387, -4.624, -2.923, -2.676, -3.083, -3.699
-2.769, -3.334, -3.208, -3.325, -7.262, -3.090, -3.884, -3.588, -3.050, -3.259
-3.043, -3.070, -3.390, -4.234, -6.012, -1.893, -3.559, -3.014, -4.199, -3.277
-3.323, -3.983, -3.503, -3.025, -6.444, -3.163, -3.429, -3.136, -3.270, -3.080
-3.549, -3.688, -2.878, -3.647, -5.921, -2.871, -2.704, -2.538, -3.871, -2.875
-4.321, -3.591, -3.106, -3.436, -5.454, -2.393, -3.413, -2.480, -4.004, -3.327
-2.700, -3.486, -3.036, -2.763, -6.924, -2.845, -4.408, -2.646, -3.251, -4.374
-3.392, -3.013, -3.751, -3.062, -6.020, -2.585, -3.074, -2.808, -3.271, -3.150
-3.557, -3.423, -3.151, -3.512, -2.123, -5.667, -3.122, -3.331, -3.179, -3.539
-3.643, -2.967, -3.627, -2.613, -5.313, -2.569, -2.505, -2.037, -3.042, -3.326
-3.571, -3.298, -3.162, -3.014, -2.280, -6.145, -3.248, -3.075, -2.890, -3.349
-3.052, -3.670, -3.516, -2.904, -8.062, -3.116, -2.873, -3.073, -3.423, -3.230
-2.760, -3.506, -2.704, -3.988, -4.896, -1.248, -3.794, -2.510, -2.861, -3.224
-3.471, -3.577, -3.245, -3.867, -0.934, -4.047, -2.838, -3.380, -3.123, -3.125
-3.802, -3.179, -4.208, -2.380, -12.414, -3.044, -3.023, -3.339, -3.209, -2.837
-3.191, -3.162, -3.429, -2.661, -10.564, -3.836, -3.854, -3.237, -2.966, -3.090
-2.599, -3.223, -2.948, -3.387, -1.359, -4.251, -3.473, -3.794, -3.900, -3.539
-3.351, -3.870, -3.080, -5.194, -1.432, -6.305, -2.829, -4.230, -3.450, -3.238
-3.540, -3.007, -4.018, -2.449, -8.770, -4.193, -3.169, -3.436, -3.431, -3.227
-3.238, -2.816, -3.445, -3.020, -5.594, -1.882, -3.423, -2.827, -2.699, -3.492
-3.057, -3.081, -3.253, -3.505, -6.755, -3.038, -2.883, -2.446, -2.760, -3.391
-2.845, -4.285, -2.705, -3.649, -0.991, -4.076, -3.500, -3.026, -2.832, -3.069
-3.663, -3.417, -3.431, -4.463, -1.190, -4.878, -3.093, -3.811, -3.505, -3.241
-2.948, -4.505, -3.614, -2.147, -1.592, -3.879, -4.024, -3.027, -3.775, -3.262
-3.012, -4.306, -2.959, -4.229, -0.898, -3.892, -3.091, -3.147, -3.463, -3.444
-3.222, -3.282, -3.165, -3.059, -8.286, -3.202, -3.043, -2.866, -3.533, -3.557
-3.714, -3.401, -2.941, -2.332, -6.235, -2.455, -4.674, -3.593, -2.997, -3.572
-3.688, -3.333, -2.691, -2.842, -1.635, -5.904, -3.721, -3.365, -2.985, -3.483
-3.680, -3.485, -3.422, -3.045, -1.890, -5.436, -2.775, -2.727, -2.605, -2.792
-4.453, -3.219, -2.853, -3.013, -6.562, -2.816, -3.930, -2.631, -3.115, -3.152
-3.346, -3.156, -3.794, -3.457, -6.392, -3.512, -2.663, -4.088, -3.008, -3.104
-2.844, -2.882, -3.092, -3.452, -7.996, -3.240, -3.498, -2.626, -3.076, -3.517
-2.909, -3.370, -3.315, -2.497, -10.893, -4.395, -3.420, -3.422, -2.843, -3.418
-3.230, -3.606, -3.118, -3.808, -8.410, -4.209, -3.727, -2.848, -3.144, -3.263
-3.463, -3.091, -3.316, -3.501, -0.924, -3.693, -3.283, -2.964, -2.772, -3.286
-3.825, -3.091, -3.723, -3.425, -7.181, -2.856, -3.299, -4.049, -3.025, -3.087
-3.586, -3.572, -3.219, -4.009, -0.835, -4.399, -2.761, -3.392, -3.079, -3.098
-3.338, -3.072, -3.117, -4.615, -6.156, -2.444, -3.653, -2.578, -3.333, -3.365
-2.959, -3.173, -3.759, -1.928, -7.616, -3.726, -2.879, -3.125, -3.249, -3.765
-3.618, -3.027, -3.865, -2.887, -1.998, -4.897, -3.870, -3.059, -2.408, -3.479
-2.480, -2.995, -3.356, -2.168, -6.085, -1.704, -4.081, -3.359, -2.948, -2.950
-3.096, -2.811, -3.079, -3.107, -4.595, -1.718, -2.571, -3.796, -3.473, -3.188
-3.288, -4.341, -2.934, -3.467, -1.513, -4.356, -3.340, -2.067, -3.771, -2.774
-3.283, -3.209, -3.498, -2.972, -8.880, -3.319, -3.302, -2.434, -2.864, -2.971
-2.894, -3.439, -3.834, -2.243, -5.217, -1.951, -3.348, -2.203, -3.524, -3.379
-3.586, -3.263, -3.058, -3.344, -1.712, -7.042, -3.041, -3.523, -3.089, -2.966
-2.627, -3.524, -3.232, -5.296, -2.193, -4.995, -3.648, -3.621, -3.280, -3.213
-3.107, -3.646, -4.480, -4.323, -1.564, -4.101, -2.818, -3.716, -3.293, -2.918
-2.952, -3.302, -3.163, -2.642, -6.717, -3.185, -3.476, -2.965, -2.856, -3.157
-2.957, -3.291, -2.563, -2.683, -5.232, -2.610, -3.214, -3.108, -3.004, -2.994
-3.566, -3.314, -2.915, -2.428, -5.659, -2.856, -2.905, -3.494, -2.814, -3.263
-3.305, -3.722, -3.526, -2.606, -7.407, -2.230, -3.113, -3.152, -3.806, -2.896
-3.409, -3.175, -3.232, -2.687, -5.370, -2.768, -3.058, -3.380, -3.068, -3.301
-3.330, -2.628, -3.715, -3.611, -6.573, -1.697, -3.294, -2.948, -2.861, -3.246
-3.068, -2.900, -3.083, -3.218, -6.541, -2.348, -3.481, -2.130, -3.169, -3.174
-3.450, -2.703, -3.214, -3.143, -2.405, -5.911, -3.386, -3.675, -3.889, -3.319
-3.242, -3.763, -3.962, -2.078, -5.008, -1.706, -3.394, -3.484, -3.196, -2.943
-3.420, -2.778, -2.867, -3.041, -5.982, -2.990, -2.835, -3.300, -3.160, -3.172
-3.290, -3.305, -3.366, -3.085, -1.829, -4.933, -3.050, -2.533, -2.738, -3.232
-2.633, -3.647, -3.020, -2.363, -5.987, -1.464, -3.676, -2.449, -2.786, -2.879
-3.244, -3.592, -3.313, -2.628, -7.282, -3.430, -3.790, -2.725, -3.127, -3.561
-3.099, -3.410, -3.847, -4.341, -1.681, -4.267, -3.692, -3.559, -3.057, -3.439
-3.495, -2.729, -2.487, -4.109, -7.113, -3.022, -4.492, -2.713, -3.075, -3.473
-2.649, -3.269, -3.570, -3.078, -0.902, -3.526, -2.997, -3.693, -4.000, -3.076
-3.314, -3.490, -3.912, -2.904, -4.838, -1.960, -3.052, -3.576, -3.542, -2.784
-3.138, -2.565, -2.968, -2.686, -2.105, -5.131, -3.663, -3.012, -3.200, -3.553
-3.930, -3.939, -3.661, -3.621, -0.675, -3.489, -2.361, -2.620, -3.571, -3.309
-3.366, -4.021, -3.891, -3.700, -2.340, -5.467, -3.660, -3.085, -3.073, -2.824
-3.483, -3.461, -3.470, -3.554, -1.918, -4.671, -3.225, -2.781, -3.281, -3.400
-2.949, -3.289, -2.731, -2.793, -5.414, -3.026, -2.147, -3.340, -3.207, -3.474
-2.909, -3.103, -3.172, -4.033, -8.048, -2.482, -3.463, -2.398, -3.200, -3.570
-2.902, -3.375, -2.961, -3.496, -6.873, -3.006, -3.578, -3.512, -3.043, -3.234
-2.772, -2.948, -2.965, -3.732, -1.632, -4.395, -3.330, -3.397, -3.244, -3.288
-3.520, -3.234, -4.173, -3.029, -9.250, -3.645, -2.630, -3.243, -3.565, -3.115
-2.890, -3.046, -3.425, -2.940, -5.679, -1.703, -2.882, -3.429, -3.256, -3.447
-3.245, -3.801, -2.905, -4.025, -1.299, -3.922, -2.960, -3.147, -3.709, -3.181
-3.359, -3.610, -3.324, -3.476, -3.404, -7.798, -3.182, -2.996, -2.966, -3.243
-3.331, -3.741, -3.006, -3.017, -5.990, -2.744, -3.153, -3.460, -3.297, -3.050
-3.224, -3.410, -2.735, -3.321, -1.841, -6.562, -3.753, -2.832, -3.291, -3.587
-4.363, -2.954, -4.012, -2.908, -4.955, -2.313, -2.447, -3.568, -3.660, -4.037
-3.237, -3.404, -3.594, -4.352, -1.347, -3.685, -3.696, -3.221, -3.106, -3.456
-3.362, -3.756, -3.704, -2.368, -6.779, -3.398, -3.362, -3.832, -3.012, -3.031
-3.034, -3.175, -2.779, -3.014, -1.281, -3.990, -3.646, -2.505, -3.163, -3.523
-2.826, -3.313, -3.025, -3.056, -1.720, -5.051, -2.612, -3.895, -3.640, -3.116
-3.767, -3.245, -3.112, -3.857, -1.897, -6.600, -2.903, -3.261, -3.111, -3.436
-3.689, -3.344, -3.417, -2.175, -1.750, -5.251, -3.145, -2.952, -3.426, -3.984
-3.163, -3.327, -3.030, -3.087, -8.666, -3.644, -2.891, -2.786, -3.074, -3.278
-2.986, -3.422, -2.456, -3.370, -6.898, -3.674, -3.182, -3.217, -3.175, -3.565
-3.507, -3.144, -3.311, -2.501, -5.737, -2.978, -2.632, -3.601, -3.060, -3.565
-2.866, -3.423, -2.958, -4.837, -1.572, -4.137, -3.719, -3.679, -3.504, -2.935
-3.235, -3.296, -3.043, -3.177, -4.873, -1.908, -3.593, -3.104, -3.126, -3.142
-3.443, -2.926, -3.501, -2.775, -5.812, -2.271, -3.530, -3.058, -3.066, -3.495
-3.273, -3.169, -3.243, -3.809, -1.646, -5.983, -2.818, -2.893, -3.565, -3.610
-2.990, -3.436, -2.705, -4.154, -1.375, -4.813, -3.527, -3.103, -3.236, -3.043
-3.056, -3.480, -3.281, -3.175, -7.103, -3.673, -3.252, -3.247, -3.483, -3.267
-3.281, -2.984, -3.274, -3.053, -1.813, -5.434, -2.467, -3.247, -3.003, -2.660
-3.192, -3.994, -3.751, -4.083, -6.665, -2.488, -3.196, -3.502, -3.557, -2.922
-3.201, -3.573, -2.392, -3.044, -5.220, -2.594, -2.609, -3.392, -3.402, -3.314
-3.253, -3.707, -3.857, -2.428, -7.963, -3.387, -3.338, -3.179, -3.412, -2.706
-3.630, -3.417, -2.869, -2.994, -6.939, -3.479, -3.201, -3.453, -2.824, -2.901
-3.091, -4.412, -3.312, -2.384, -1.319, -4.485, -3.564, -2.693, -3.756, -3.366
-3.481, -3.930, -3.343, -3.241, -0.607, -2.929, -3.319, -2.687, -2.710, -3.109
-3.215, -3.490, -3.052, -4.385, -0.381, -2.582, -3.083, -2.973, -3.316, -3.294
-3.556, -2.987, -3.778, -3.021, -2.414, -5.331, -2.893, -2.253, -2.965, -3.215
-3.692, -2.533, -3.960, -5.422, -6.135, -2.813, -2.353, -3.378, -3.724, -2.946
-4.312, -4.081, -4.070, -3.669, -1.288, -5.731, -2.342, -2.978, -4.073, -3.194
-3.301, -3.323, -2.466, -4.832, -1.695, -4.767, -3.385, -3.101, -3.903, -3.330
-2.862, -2.903, -2.985, -3.691, -1.961, -4.931, -3.363, -3.822, -3.546, -3.769
-3.587, -3.281, -3.009, -3.154, -9.088, -4.053, -3.857, -3.190, -3.191, -3.162
-3.707, -3.968, -3.437, -4.219, -0.911, -3.822, -3.075, -3.255, -3.513, -4.010
-3.464, -2.708, -3.593, -2.950, -12.940, -3.562, -3.479, -3.166, -3.201, -3.476
-3.190, -3.115, -3.194, -2.144, -7.312, -2.216, -3.690, -3.011, -2.773, -2.964
-3.253, -3.084, -2.489, -2.792, -4.810, -2.105, -3.068, -3.421, -3.289, -3.552
-3.277, -3.215, -3.229, -2.778, -4.276, -1.274, -3.562, -3.617, -2.848, -3.402
-3.381, -2.901, -3.234, -3.478, -1.720, -5.100, -3.554, -3.108, -3.176, -3.221
-3.112, -3.803, -2.696, -5.182, -0.966, -4.395, -2.963, -3.704, -3.197, -3.293
-3.221, -3.819, -3.031, -5.085, -0.803, -3.388, -2.846, -3.510, -3.299, -3.405
-3.910, -3.847, -4.017, -3.385, -1.921, -5.593, -2.360, -3.216, -2.733, -2.759
-3.221, -3.673, -2.831, -2.755, -6.423, -2.525, -3.380, -3.283, -3.212, -3.374
-3.580, -3.750, -3.110, -2.521, -5.380, -2.262, -3.075, -3.836, -3.378, -3.096
-2.809, -3.216, -2.935, -3.626, -1.394, -4.264, -3.355, -4.003, -3.320, -3.295
-3.477, -3.486, -3.124, -2.770, -5.879, -3.081, -2.957, -3.311, -3.033, -3.058
-3.303, -2.926, -2.930, -4.082, -6.354, -2.984, -3.688, -3.235, -2.888, -3.245
-3.744, -4.090, -3.392, -2.431, -1.507, -4.667, -3.069, -3.008, -3.717, -3.332
-2.550, -2.877, -3.231, -3.528, -2.219, -5.352, -2.564, -2.861, -3.389, -3.073
-3.452, -3.179, -3.244, -3.617, -1.803, -6.289, -3.203, -2.949, -2.922, -3.006
-4.232, -2.930, -2.448, -5.462, -3.668, -1.287, -3.518, -2.645, -3.808, -3.649
-3.612, -3.913, -3.333, -2.628, -0.782, -3.201, -3.565, -2.742, -3.723, -4.161
-3.443, -2.166, -2.801, -3.760, -5.476, -2.076, -4.235, -3.732, -2.843, -3.610
-3.294, -3.303, -3.351, -2.617, -7.843, -3.671, -3.507, -2.987, -3.175, -3.356
-2.914, -2.820, -3.352, -2.364, -2.085, -5.335, -3.087, -2.864, -3.264, -3.739
-3.286, -3.182, -3.433, -3.417, -6.074, -2.235, -3.411, -2.998, -3.113, -3.419
-3.199, -3.208, -2.744, -3.016, -5.822, -3.127, -2.661, -3.173, -3.042, -3.274
-4.278, -3.670, -2.619, -6.000, -4.197, -1.656, -3.643, -3.979, -4.022, -2.969
-2.799, -4.305, -3.455, -1.970, -1.193, -3.499, -3.418, -2.173, -3.707, -3.206
-3.673, -3.433, -3.182, -3.176, -8.817, -2.728, -2.835, -2.724, -3.869, -3.392
-3.135, -3.163, -3.035, -5.355, -1.461, -4.071, -3.291, -3.959, -3.296, -3.006
-2.822, -3.217, -3.420, -3.051, -7.563, -2.351, -3.782, -2.644, -3.071, -2.924
-4.189, -3.071, -4.814, -3.178, -7.636, -2.462, -2.084, -2.380, -3.229, -2.957
-3.302, -3.025, -2.529, -3.631, -1.829, -5.686, -3.200, -3.797, -3.416, -3.408
-3.333, -3.078, -3.738, -2.698, -6.907, -2.815, -3.655, -3.122, -3.071, -3.162
-3.195, -3.815, -3.144, -4.396, -0.852, -4.343, -3.074, -2.910, -3.658, -3.519
-3.383, -3.322, -3.030, -3.224, -0.985, -3.614, -3.265, -3.406, -4.027, -3.687
-2.584, -3.004, -3.477, -2.549, -5.644, -1.639, -4.170, -3.626, -3.378, -3.281
-3.115, -3.560, -3.342, -4.420, -2.432, -6.116, -3.037, -3.449, -3.422, -3.390
-3.487, -3.791, -3.761, -4.418, -1.918, -4.878, -3.035, -3.141, -3.439, -3.254
-3.041, -3.543, -3.185, -3.579, -7.178, -3.269, -3.111, -2.938, -3.095, -3.385
-4.076, -3.506, -3.082, -3.017, -5.281, -2.350, -3.447, -2.478, -3.103, -4.120
-3.234, -2.748, -3.236, -3.088, -6.167, -2.323, -2.829, -3.425, -3.557, -3.198
-3.453, -2.856, -3.286, -3.368, -2.024, -5.251, -3.230, -3.156, -3.333, -3.114
-3.415, -3.327, -2.434, -2.040, -7.032, -4.672, -2.235, -3.895, -3.147, -3.157
-3.039, -3.346, -3.411, -3.368, -1.222, -4.233, -2.995, -3.117, -2.931, -2.902
-3.417, -3.266, -3.436, -2.712, -7.187, -3.483, -3.733, -3.197, -3.178, -3.359
-3.113, -3.774, -3.154, -3.206, -1.505, -4.358, -2.959, -2.658, -3.803, -3.261
-2.776, -3.379, -2.440, -5.730, -1.082, -4.648, -3.260, -4.254, -3.674, -3.312
-3.431, -3.143, -3.448, -2.779, -8.077, -3.023, -3.148, -3.411, -3.176, -3.080
-3.156, -2.734, -2.876, -3.477, -5.646, -1.827, -3.118, -3.498, -3.380, -2.944
-3.197, -3.261, -2.861, -3.485, -1.739, -4.937, -3.800, -2.712, -2.965, -2.959
-3.105, -3.194, -3.535, -3.443, -9.576, -2.728, -3.499, -3.095, -4.211, -3.294
-3.454, -3.947, -3.139, -1.560, -4.937, -2.601, -2.328, -3.028, -3.565, -3.344
-3.182, -3.222, -2.580, -3.175, -4.444, -1.960, -2.596, -3.390, -3.140, -3.429
-2.965, -4.175, -5.002, -3.333, -1.551, -3.054, -4.827, -2.804, -2.985, -2.733
-3.372, -3.294, -3.084, -3.147, -8.840, -3.683, -3.620, -3.515, -3.071, -3.727
-2.961, -2.943, -3.674, -3.391, -2.412, -5.451, -2.971, -3.463, -3.975, -3.483
-3.226, -3.667, -3.818, -2.495, -12.088, -3.359, -3.602, -2.644, -3.591, -2.979
-3.254, -3.372, -3.077, -4.061, -1.096, -3.577, -3.108, -3.111, -3.529, -3.140
-3.175, -3.323, -3.440, -3.260, -9.934, -3.653, -3.400, -3.625, -3.431, -3.271
-3.245, -3.292, -3.140, -3.380, -3.195, -6.706, -3.485, -2.982, -3.955, -3.245
-3.303, -3.474, -2.978, -3.126, -5.145, -2.648, -2.553, -3.535, -3.554, -3.389
-3.241, -3.586, -3.044, -3.515, -0.695, -2.845, -3.071, -2.341, -2.830, -3.337
-3.204, -2.865, -2.996, -2.892, -1.710, -4.431, -4.037, -3.540, -3.201, -3.450
-3.146, -3.504, -3.355, -3.976, -5.166, -1.990, -3.271, -2.592, -3.317, -3.163
-3.080, -3.160, -3.366, -3.247, -4.365, -1.657, -3.036, -3.835, -3.441, -3.153
-3.794, -3.608, -2.970, -5.354, -1.016, -6.139, -2.687, -4.314, -2.983, -3.396
-3.216, -3.317, -2.929, -2.749, -5.028, -1.766, -3.515, -3.506, -3.084, -3.483
-2.910, -2.747, -3.025, -3.525, -6.900, -2.588, -3.207, -3.396, -3.735, -2.571
-3.161, -3.628, -3.119, -4.960, -0.817, -3.671, -3.067, -3.974, -3.399, -3.156
-3.392, -2.691, -3.986, -3.709, -2.851, -5.761, -3.606, -2.601, -2.968, -3.776
-3.447, -2.796, -3.120, -2.662, -1.774, -5.124, -2.958, -2.721, -2.562, -3.232
-3.045, -3.402, -2.863, -3.255, -8.516, -3.135, -3.349, -2.813, -3.277, -3.215
-2.786, -3.607, -3.346, -3.809, -1.966, -7.610, -2.869, -4.055, -3.411, -3.254
-3.845, -3.289, -3.345, -2.063, -1.675, -5.031, -3.297, -2.636, -3.267, -3.668
-3.249, -2.628, -2.792, -3.740, -6.204, -2.813, -3.488, -2.877, -3.097, -3.318
-4.486, -2.991, -4.410, -2.836, -5.441, -2.712, -2.700, -3.657, -3.363, -2.983
-3.415, -3.309, -3.645, -2.916, -5.640, -2.302, -4.328, -3.195, -3.028, -3.215
-3.329, -3.557, -3.804, -3.048, -12.706, -4.257, -3.106, -3.245, -2.794, -2.852
-3.538, -3.447, -2.699, -2.583, -2.343, -6.683, -4.467, -3.255, -3.554, -3.346
-2.852, -3.510, -2.209, -3.886, -6.083, -3.157, -3.366, -2.859, -3.308, -3.666
-2.673, -3.158, -3.139, -3.201, -4.682, -1.868, -2.946, -4.263, -3.494, -3.964
-3.289, -3.637, -3.413, -2.418, -5.471, -2.832, -3.327, -4.126, -3.037, -3.040
-3.210, -3.470, -3.256, -3.863, -1.772, -4.362, -3.621, -3.243, -3.140, -3.225
-3.241, -4.141, -3.790, -3.798, -2.229, -5.489, -3.815, -4.036, -3.359, -3.238
-2.906, -3.599, -2.736, -4.545, -1.405, -4.915, -3.283, -3.721, -3.061, -3.662
-3.364, -3.582, -3.308, -2.599, -6.008, -3.273, -3.059, -3.330, -3.432, -3.661
-3.350, -2.925, -4.081, -3.325, -6.157, -2.589, -3.218, -3.746, -3.335, -3.253
-2.539, -2.639, -2.870, -3.770, -1.803, -4.414, -3.595, -4.133, -3.580, -3.309
-3.137, -3.309, -3.774, -3.476, -8.309, -2.977, -2.874, -2.891, -2.873, -2.663
-2.844, -2.704, -2.893, -3.764, -7.540, -3.015, -3.210, -2.426, -3.402, -3.618
-3.417, -3.262, -2.488, -3.377, -6.678, -3.268, -2.930, -3.277, -3.205, -3.212
-3.242, -3.279, -2.758, -2.588, -5.747, -2.908, -2.534, -3.535, -3.317, -3.472
-2.498, -3.247, -3.217, -3.104, -5.928, -2.366, -3.574, -2.524, -4.039, -2.775
-2.813, -4.833, -2.846, -4.117, -3.730, -1.112, -2.684, -2.933, -3.161, -2.744
-3.344, -3.371, -3.926, -2.318, -4.421, -1.649, -2.913, -3.441, -2.818, -3.040
-3.307, -3.585, -3.142, -4.706, -0.987, -4.686, -2.905, -3.690, -3.222, -2.944
-3.031, -3.638, -2.830, -2.905, -4.613, -1.434, -3.050, -2.642, -2.928, -2.911
-3.581, -3.005, -3.096, -2.725, -4.207, -1.944, -2.813, -3.442, -2.893, -3.249
-3.785, -3.437, -3.910, -3.103, -7.559, -3.778, -3.083, -3.406, -3.208, -3.077
-3.185, -3.306, -3.686, -2.982, -6.162, -2.337, -3.457, -3.461, -3.142, -3.316
-3.729, -3.320, -4.117, -2.138, -11.034, -3.478, -3.250, -3.350, -3.232, -3.292
-3.196, -2.861, -3.050, -4.065, -2.228, -5.833, -3.058, -3.494, -3.635, -3.213
-3.370, -3.232, -2.997, -3.449, -5.060, -2.020, -2.897, -3.075, -3.138, -3.295
-3.127, -4.161, -3.043, -3.769, -1.145, -4.701, -3.360, -3.465, -3.232, -3.132
-4.166, -3.491, -3.831, -2.682, -4.830, -2.201, -3.251, -2.714, -2.751, -3.600
-3.572, -3.368, -4.658, -2.241, -6.352, -2.533, -2.936, -3.488, -3.663, -2.780
-3.310, -2.929, -3.627, -3.040, -4.021, -1.035, -2.635, -3.669, -3.559, -2.988
-3.508, -2.858, -3.245, -2.611, -5.101, -1.555, -3.504, -3.449, -3.130, -3.139
-3.037, -3.450, -3.454, -4.020, -6.768, -2.614, -2.674, -2.617, -3.813, -3.102
-2.879, -3.299, -3.143, -2.676, -7.634, -2.238, -3.908, -3.313, -2.925, -3.231
-3.967, -2.977, -3.112, -2.237, -6.366, -3.741, -3.357, -3.676, -3.040, -3.586
-3.512, -2.731, -3.108, -3.736, -8.088, -3.229, -3.521, -3.245, -2.788, -3.183
-3.360, -3.021, -2.623, -4.956, -1.218, -4.833, -3.273, -3.513, -3.186, -4.072
-3.087, -2.180, -4.031, -3.711, -2.094, -4.464, -3.254, -2.824, -2.864, -3.345
-2.537, -3.131, -3.137, -2.927, -7.334, -3.627, -3.039, -3.028, -2.948, -3.580
-2.325, -2.828, -3.903, -2.573, -5.147, -2.247, -2.422, -3.342, -2.563, -2.887
-3.837, -4.623, -4.054, -2.977, -2.215, -5.965, -3.610, -2.687, -3.277, -4.087
-2.219, -3.367, -3.299, -3.644, -5.485, -2.519, -3.554, -5.401, -3.090, -3.759
-3.036, -3.054, -3.052, -3.174, -6.113, -3.131, -3.329, -3.319, -3.088, -3.197
-3.834, -3.286, -2.888, -3.044, -5.231, -2.308, -2.521, -2.812, -3.527, -3.285
-3.298, -3.648, -3.636, -2.383, -6.537, -2.916, -3.345, -3.968, -3.347, -3.160
-2.575, -4.008, -3.774, -3.609, -8.336, -4.251, -2.986, -3.301, -2.652, -3.248
-3.212, -3.187, -3.596, -2.390, -6.078, -2.351, -3.330, -3.361, -3.151, -3.277
-3.183, -2.807, -2.957, -3.575, -2.482, -5.796, -3.036, -2.733, -3.500, -3.142
-3.145, -3.309, -3.488, -3.392, -8.097, -3.413, -3.120, -2.919, -3.563, -3.307
-2.601, -3.913, -3.209, -3.913, -1.769, -5.613, -3.336, -3.777, -3.361, -3.129
-3.270, -3.154, -3.391, -3.070, -1.810, -5.913, -2.931, -3.135, -2.849, -3.420
-3.312, -3.053, -3.229, -2.998, -1.831, -5.842, -3.056, -2.900, -2.973, -3.158
-3.120, -3.301, -2.976, -3.852, -5.917, -2.700, -2.487, -2.961, -3.412, -3.058
-3.073, -3.888, -2.893, -3.463, -1.320, -5.555, -3.690, -3.051, -2.854, -3.544
-3.389, -3.517, -2.908, -2.470, -7.111, -4.143, -2.508, -3.497, -2.928, -3.023
-3.463, -3.467, -3.364, -2.754, -6.941, -3.499, -3.404, -3.059, -2.789, -3.270
-2.884, -2.561, -3.192, -3.309, -1.666, -4.609, -3.086, -4.495, -3.782, -3.430
-3.221, -3.267, -3.692, -3.389, -7.726, -3.849, -3.487, -3.582, -3.009, -3.262
-3.335, -3.032, -3.595, -2.691, -8.240, -2.796, -3.361, -3.218, -3.348, -3.707
-3.053, -3.625, -2.868, -4.324, -1.073, -3.740, -2.745, -3.368, -3.741, -3.205
-3.245, -3.460, -3.118, -3.150, -6.782, -3.688, -3.084, -3.307, -3.301, -3.187
-3.435, -4.840, -3.278, -3.748, -0.636, -3.861, -2.704, -2.960, -4.113, -3.315
-3.574, -3.378, -3.885, -2.374, -9.254, -3.254, -3.620, -3.398, -3.032, -3.348
-3.026, -3.744, -3.075, -2.307, -5.653, -1.620, -3.524, -3.789, -2.944, -3.299
-3.887, -3.824, -4.040, -3.434, -6.672, -2.301, -3.132, -2.719, -4.105, -2.962
-3.272, -3.803, -3.028, -3.266, -0.988, -3.422, -3.814, -3.285, -4.426, -4.076
-3.088, -4.072, -2.992, -2.956, -1.136, -3.629, -3.457, -2.781, -5.159, -2.813
-3.415, -2.980, -3.098, -2.544, -8.768, -3.714, -2.782, -3.538, -3.070, -3.231
-3.417, -3.368, -3.021, -3.446, -0.890, -4.085, -3.052, -4.643, -3.015, -3.315
-2.912, -3.782, -2.223, -2.624, -3.871, -1.242, -3.160, -3.213, -3.295, -2.624
-3.470, -3.200, -2.854, -4.305, -1.635, -4.596, -3.573, -3.321, -3.405, -3.291
-3.327, -2.852, -2.975, -4.056, -5.056, -1.610, -3.186, -1.624, -3.808, -3.066
-3.154, -3.681, -3.386, -2.983, -6.188, -2.967, -3.432, -3.014, -3.548, -3.408
-3.457, -3.016, -3.575, -3.818, -5.196, -2.510, -2.413, -3.557, -2.947, -3.265
-3.225, -2.966, -4.340, -3.046, -2.868, -6.703, -2.975, -3.414, -2.507, -3.179
-3.045, -3.227, -3.987, -2.686, -6.981, -3.710, -3.019, -3.601, -2.954, -3.316
-3.222, -3.446, -3.711, -2.441, -4.463, -1.494, -3.117, -2.772, -3.810, -2.891
-2.850, -3.122, -3.951, -2.951, -2.806, -5.863, -3.524, -3.254, -3.931, -3.358
-2.807, -3.458, -3.140, -4.219, -1.718, -5.250, -2.783, -2.709, -3.401, -3.150
-2.922, -3.581, -3.725, -3.117, -5.772, -2.664, -3.062, -3.346, -3.079, -3.162
-3.390, -4.118, -2.649, -3.395, -7.671, -3.587, -3.909, -3.240, -3.155, -3.846
-3.362, -3.177, -3.475, -3.448, -7.467, -2.944, -2.730, -1.693, -3.110, -3.071
-3.118, -3.663, -2.700, -4.299, -7.737, -3.473, -3.366, -2.412, -3.275, -3.935
-3.037, -2.844, -3.420, -4.440, -7.452, -3.247, -3.228, -1.528, -3.068, -3.191
-3.363, -3.465, -3.034, -3.421, -5.042, -1.952, -4.170, -2.927, -3.760, -3.026
-3.305, -3.090, -3.526, -3.187, -8.776, -4.000, -3.479, -3.043, -3.345, -3.129
-4.024, -3.331, -3.718, -2.807, -4.605, -2.059, -2.865, -3.166, -3.202, -3.340
-4.187, -2.866, -2.296, -3.874, -5.316, -2.140, -3.940, -2.464, -3.722, -3.888
-3.078, -4.167, -3.242, -3.424, -4.964, -2.237, -2.772, -3.021, -3.594, -3.019
-3.177, -3.646, -2.306, -3.377, -4.101, -1.483, -2.978, -2.716, -2.845, -3.232
-3.678, -3.131, -2.827, -4.394, -4.831, -1.544, -3.531, -2.443, -3.506, -3.969
-3.505, -2.606, -3.139, -2.994, -1.939, -5.001, -3.141, -3.362, -3.246, -2.814
-3.579, -3.068, -3.436, -3.380, -6.594, -2.584, -3.221, -3.872, -3.077, -3.191
-3.306, -3.409, -3.193, -3.107, -10.891, -3.808, -4.296, -3.017, -3.005, -4.019
-3.263, -3.416, -3.294, -4.654, -0.935, -3.541, -3.574, -2.984, -3.091, -3.274
-2.914, -3.942, -3.231, -2.993, -5.383, -1.538, -3.766, -2.573, -3.901, -2.830
-3.328, -3.143, -3.665, -2.823, -6.418, -2.665, -3.194, -2.988, -3.438, -3.062
-2.850, -2.982, -3.341, -2.924, -2.209, -5.801, -2.959, -3.726, -3.322, -3.536
-4.526, -3.616, -3.763, -1.996, -6.484, -3.253, -3.006, -3.689, -3.386, -3.237
-2.978, -4.356, -3.522, -2.686, -1.231, -3.936, -3.659, -2.305, -3.702, -3.504
-3.128, -4.542, -3.324, -4.196, -0.590, -3.681, -2.701, -3.035, -4.276, -3.146
-2.852, -2.958, -3.938, -5.497, -2.752, -6.442, -3.109, -3.631, -3.637, -3.184
-3.284, -3.176, -1.336, -3.349, -4.063, -2.510, -2.230, -3.091, -3.188, -3.175
-3.183, -3.244, -4.464, -2.557, -4.170, -1.005, -2.713, -3.944, -2.729, -3.337
-3.379, -3.179, -3.592, -2.502, -5.665, -1.954, -3.563, -2.865, -3.270, -3.290
-3.345, -2.791, -2.845, -2.967, -7.071, -3.109, -2.659, -2.641, -2.933, -3.204
-3.226, -3.099, -2.686, -3.024, -4.250, -1.897, -2.881, -4.050, -3.043, -3.348
-3.522, -3.550, -2.791, -4.207, -2.000, -6.055, -3.283, -3.020, -3.187, -3.250
-3.312, -3.304, -3.384, -3.373, -1.078, -4.046, -2.870, -3.028, -3.338, -3.143
-3.225, -3.070, -3.411, -2.939, -8.287, -2.813, -3.450, -3.334, -3.404, -3.326
-3.439, -2.998, -3.751, -4.233, -8.374, -3.484, -3.023, -2.708, -3.624, -2.843
-3.355, -3.291, -3.783, -3.118, -8.660, -3.303, -3.262, -3.034, -3.065, -3.002
-3.331, -3.295, -3.572, -2.641, -7.290, -2.348, -3.535, -3.365, -3.107, -2.823
-3.406, -3.604, -3.213, -3.744, -8.355, -3.449, -3.518, -3.209, -3.466, -3.255
-3.155, -2.899, -2.974, -2.298, -1.713, -5.155, -3.533, -3.436, -3.136, -3.269
-3.361, -3.194, -2.901, -3.478, -5.524, -2.631, -3.194, -2.384, -3.316, -3.679
-2.980, -3.457, -2.933, -3.327, -6.771, -2.491, -3.779, -2.321, -3.269, -3.298
-3.490, -2.988, -3.773, -4.754, -4.336, -1.121, -3.010, -2.544, -3.813, -3.045
-2.509, -4.162, -3.099, -3.252, -2.248, -4.969, -4.265, -3.380, -3.149, -3.328
-2.571, -3.366, -3.276, -3.900, -0.904, -3.248, -2.986, -2.907, -4.071, -3.070
-2.995, -2.989, -4.128, -1.932, -1.867, -5.497, -4.528, -3.031, -3.212, -3.289
-3.263, -2.679, -4.599, -2.563, -2.817, -5.628, -3.880, -2.880, -2.330, -3.303
-3.155, -3.358, -3.076, -3.180, -6.099, -3.061, -2.509, -3.518, -3.247, -3.237
-3.082, -4.326, -3.454, -4.010, -0.953, -4.087, -2.752, -3.060, -4.123, -3.152
-3.852, -2.900, -2.716, -3.306, -5.016, -1.975, -2.983, -3.434, -2.804, -3.307
-3.267, -3.139, -3.134, -3.060, -13.899, -4.009, -3.806, -3.482, -3.463, -3.755
-3.217, -3.778, -2.638, -4.751, -0.749, -3.333, -3.342, -3.574, -3.497, -3.082
-3.071, -3.670, -2.350, -2.142, -5.416, -2.200, -3.189, -2.880, -3.575, -2.842
-3.518, -2.924, -3.551, -3.062, -6.137, -3.131, -2.969, -3.642, -3.044, -3.474
-3.490, -3.181, -2.975, -2.573, -1.925, -5.967, -3.377, -3.131, -3.115, -3.374
-3.046, -4.046, -2.893, -3.025, -1.258, -4.292, -3.646, -2.729, -2.801, -3.333
-3.244, -3.240, -3.376, -2.613, -9.676, -3.908, -3.190, -3.402, -3.164, -3.340
-2.393, -3.648, -3.648, -2.495, -1.229, -3.483, -3.074, -3.365, -4.351, -3.288
-3.338, -3.479, -3.406, -2.503, -4.833, -1.448, -3.540, -3.335, -3.422, -3.413
-3.168, -2.930, -3.637, -3.688, -2.060, -4.557, -4.117, -3.183, -3.017, -3.202
-3.534, -3.747, -3.470, -3.833, -1.342, -5.625, -3.330, -2.950, -2.853, -3.196
-3.181, -4.175, -3.370, -3.749, -1.774, -5.689, -3.137, -3.476, -2.975, -4.198
-3.556, -4.067, -2.825, -3.764, -1.681, -5.253, -3.491, -3.292, -3.929, -3.059
-3.705, -3.365, -3.452, -3.024, -1.766, -6.439, -2.760, -3.292, -3.658, -4.039
-2.525, -3.872, -3.889, -3.357, -1.944, -4.547, -2.849, -3.593, -3.814, -3.064
-3.096, -3.231, -3.189, -3.273, -5.234, -2.344, -3.345, -3.601, -3.165, -3.574
-3.136, -3.052, -2.944, -3.473, -8.470, -2.571, -3.823, -2.930, -3.072, -3.140
-3.336, -3.525, -2.887, -3.375, -5.701, -2.396, -2.926, -3.715, -3.243, -3.527
-2.385, -2.983, -3.104, -4.605, -9.270, -2.514, -3.531, -2.747, -3.307, -2.821
-3.702, -3.728, -3.768, -3.128, -1.328, -4.879, -3.345, -3.845, -2.668, -2.869
-3.193, -3.130, -3.392, -3.027, -1.353, -4.494, -2.990, -3.191, -3.509, -3.150
-2.804, -2.991, -3.701, -4.351, -2.031, -5.075, -3.045, -3.431, -3.686, -3.184
-3.398, -2.774, -2.744, -3.473, -2.485, -6.752, -3.876, -3.105, -3.599, -3.394
-2.982, -2.681, -3.306, -2.661, -7.751, -1.969, -3.876, -3.125, -2.899, -3.157
-3.187, -3.038, -3.230, -3.960, -1.098, -3.833, -3.100, -4.427, -3.812, -3.192
-3.724, -3.429, -2.809, -3.464, -7.462, -3.528, -3.616, -3.127, -2.853, -3.555
-3.345, -2.708, -2.925, -4.699, -1.695, -5.451, -3.150, -3.073, -3.213, -3.445
-3.485, -4.184, -2.374, -3.125, -3.873, -2.217, -2.242, -3.718, -2.837, -3.301
-3.162, -2.713, -2.755, -4.467, -1.350, -4.326, -3.155, -3.151, -3.825, -3.349
-3.676, -2.980, -2.594, -2.841, -5.826, -2.547, -2.912, -3.445, -3.014, -3.487
-3.072, -2.672, -3.659, -2.974, -2.164, -5.340, -3.167, -3.424, -3.440, -3.199
-3.124, -4.311, -2.953, -3.476, -1.446, -4.720, -3.504, -3.080, -3.317, -3.605
-2.876, -3.645, -3.896, -2.486, -7.264, -1.926, -3.844, -3.793, -3.950, -3.011
-3.448, -3.572, -3.666, -2.605, -9.215, -3.394, -3.150, -2.986, -3.556, -2.951
-3.711, -2.959, -4.382, -3.276, -10.585, -3.891, -3.377, -2.672, -3.438, -3.092
-3.103, -3.642, -4.097, -3.501, -7.588, -3.003, -3.467, -3.653, -3.152, -3.305
-3.221, -2.358, -3.529, -2.901, -10.919, -3.092, -3.423, -3.333, -3.152, -2.866
-2.634, -3.096, -3.299, -4.459, -1.998, -5.530, -3.038, -2.741, -2.778, -3.359
-3.225, -3.204, -3.164, -3.402, -7.278, -3.665, -3.103, -3.070, -3.147, -3.784
-3.519, -3.658, -2.735, -4.123, -1.905, -6.503, -3.108, -3.183, -3.055, -3.257
-2.844, -3.434, -3.621, -3.355, -4.692, -1.937, -2.564, -3.044, -3.031, -3.810
-3.307, -3.630, -2.891, -3.522, -2.049, -5.505, -3.092, -2.783, -3.182, -3.408
-3.368, -3.333, -3.103, -4.637, -0.750, -3.985, -2.915, -3.321, -3.248, -3.249
-2.836, -3.285, -3.053, -2.611, -6.151, -2.901, -3.081, -2.766, -3.526, -3.626
-3.203, -3.193, -2.015, -2.149, -4.945, -2.688, -2.400, -4.071, -2.883, -3.127
-3.263, -3.335, -2.635, -3.592, -5.160, -2.267, -3.387, -3.185, -3.098, -3.044
-3.281, -2.839, -3.098, -3.785, -6.679, -2.602, -3.349, -2.558, -3.294, -3.214
-3.257, -3.495, -3.026, -3.230, -4.045, -1.662, -3.079, -3.842, -3.287, -2.922
-2.950, -3.390, -2.170, -3.316, -7.385, -2.654, -2.653, -3.026, -2.899, -3.067
-3.341, -2.930, -2.532, -4.953, -5.523, -2.512, -3.631, -3.642, -3.379, -3.179
-2.920, -3.867, -2.728, -3.227, -0.791, -3.351, -3.899, -2.410, -2.756, -3.243
-3.414, -2.661, -3.041, -3.432, -1.732, -4.586, -3.245, -3.085, -3.098, -2.991
-2.858, -3.784, -3.127, -3.633, -1.650, -5.541, -3.087, -2.297, -2.908, -2.900
-3.296, -3.414, -2.769, -2.894, -5.045, -2.314, -3.343, -3.129, -3.026, -3.439
-3.033, -3.607, -4.594, -3.670, -2.558, -5.656, -3.420, -3.253, -3.705, -2.427
-3.160, -2.923, -3.256, -2.990, -7.558, -3.039, -3.400, -3.051, -3.081, -3.037
-3.213, -2.815, -3.280, -2.331, -2.435, -5.795, -3.687, -3.118, -3.179, -3.002
-3.546, -3.850, -3.624, -3.265, -5.991, -2.968, -2.941, -4.816, -4.003, -3.075
-3.628, -3.130, -3.139, -2.942, -3.959, -1.223, -3.626, -3.482, -3.585, -3.720
-3.164, -4.046, -2.649, -3.198, -1.090, -4.374, -3.881, -2.836, -2.948, -3.554
-2.807, -3.545, -2.954, -3.981, -0.939, -3.787, -3.237, -3.261, -3.028, -3.034
-2.801, -3.238, -3.022, -4.139, -6.281, -2.885, -3.251, -3.378, -2.800, -3.471
-3.299, -4.263, -3.266, -2.819, -5.142, -1.986, -3.457, -3.052, -3.265, -3.724
-3.445, -2.732, -3.675, -3.405, -2.464, -5.727, -4.450, -3.757, -3.516, -3.360
-2.386, -3.577, -3.953, -1.468, -1.633, -3.675, -3.605, -2.461, -3.659, -3.049
-3.448, -3.061, -4.034, -2.356, -5.963, -2.951, -2.730, -3.368, -2.911, -3.531
-3.499, -3.332, -3.294, -3.065, -10.188, -3.955, -3.255, -3.310, -3.137, -3.396
-3.409, -2.989, -2.857, -2.521, -1.714, -5.613, -3.225, -2.633, -2.724, -3.371
-2.860, -3.358, -2.969, -2.971, -1.818, -6.207, -3.025, -2.830, -2.947, -3.070
-3.115, -3.710, -3.782, -3.210, -1.300, -3.666, -2.960, -3.401, -3.811, -2.830
-2.754, -2.675, -3.600, -3.563, -4.552, -1.603, -2.913, -3.172, -3.106, -3.053
-3.571, -3.140, -3.565, -2.640, -6.061, -2.995, -3.268, -3.427, -2.868, -3.336
-3.621, -4.296, -3.569, -2.821, -0.822, -3.647, -2.961, -2.632, -4.109, -3.350
-3.458, -3.139, -3.220, -2.733, -5.628, -2.361, -3.506, -2.877, -3.053, -3.306
-3.176, -3.570, -2.905, -2.092, -5.989, -2.836, -3.682, -3.142, -3.201, -3.529
-3.620, -3.203, -2.793, -5.805, -4.825, -1.848, -3.521, -3.056, -3.579, -3.358
-3.496, -3.215, -3.622, -4.149, -5.654, -2.529, -2.991, -3.013, -3.273, -3.073
-3.253, -3.686, -2.949, -4.254, -1.489, -5.705, -3.177, -3.378, -3.176, -3.776
-2.899, -3.634, -2.832, -4.392, -0.576, -3.304, -3.340, -3.461, -3.859, -3.207
-3.242, -3.042, -4.046, -3.384, -2.638, -6.364, -3.064, -3.002, -2.983, -3.603
-2.870, -3.398, -2.902, -3.376, -5.700, -1.871, -3.267, -3.701, -3.208, -2.939
-3.257, -3.403, -3.175, -2.435, -1.870, -6.003, -4.056, -3.149, -2.637, -3.423
-3.615, -2.853, -3.126, -3.257, -2.062, -5.862, -4.024, -3.512, -3.393, -3.560
-3.111, -3.519, -3.072, -3.279, -1.734, -5.268, -3.526, -3.055, -3.071, -2.929
-2.580, -3.363, -3.069, -3.762, -5.753, -1.597, -3.990, -1.427, -3.346, -3.128
-3.300, -3.229, -3.162, -3.848, -6.022, -2.707, -3.749, -2.799, -3.232, -3.713
-2.391, -2.925, -2.668, -3.067, -6.070, -2.060, -3.798, -2.895, -3.250, -3.331
-2.804, -2.950, -3.412, -3.904, -1.536, -4.311, -2.750, -2.848, -3.350, -2.993
-2.494, -3.764, -3.309, -2.640, -0.769, -2.993, -3.305, -3.014, -3.737, -3.057
-3.169, -3.187, -3.740, -2.799, -6.033, -2.936, -2.801, -3.677, -3.086, -3.290
-3.093, -3.507, -3.273, -3.346, -9.545, -3.835, -3.330, -2.784, -3.134, -3.379
-3.656, -2.927, -3.782, -3.374, -5.680, -2.424, -2.669, -2.892, -3.025, -2.988
-3.246, -3.150, -3.558, -2.617, -9.405, -4.444, -3.439, -3.538, -3.137, -3.406
-3.400, -3.219, -2.848, -5.231, -1.359, -4.669, -3.036, -3.876, -3.177, -3.559
-2.986, -4.594, -3.128, -4.064, -1.581, -5.253, -3.391, -2.542, -3.422, -3.428
-3.269, -3.084, -3.168, -3.047, -2.385, -6.010, -3.371, -2.733, -3.315, -3.144
-3.298, -3.584, -3.199, -2.769, -1.833, -5.543, -3.563, -2.303, -4.091, -4.125
-2.535, -2.810, -2.959, -3.571, -1.889, -4.504, -3.593, -3.766, -3.911, -3.529
-4.108, -2.909, -4.504, -3.259, -7.850, -2.782, -2.565, -3.452, -3.409, -3.065
-2.873, -3.623, -3.606, -2.877, -1.977, -5.131, -2.902, -2.331, -3.012, -3.217
-3.026, -3.608, -3.155, -3.802, -6.151, -2.690, -3.551, -3.635, -3.654, -3.562
-3.486, -2.828, -3.332, -2.669, -2.434, -7.474, -3.143, -3.010, -3.015, -2.986
-3.160, -3.580, -3.807, -4.008, -2.239, -5.134, -3.618, -3.141, -2.889, -3.149
-3.539, -3.654, -3.689, -3.519, -10.047, -3.968, -3.104, -3.060, -3.290, -3.338
-2.928, -3.003, -2.239, -3.134, -6.107, -3.102, -3.310, -3.064, -3.125, -2.874
-3.403, -3.259, -2.573, -2.731, -6.710, -3.261, -2.373, -3.306, -3.105, -3.085
-4.130, -3.447, -2.963, -3.561, -4.679, -2.016, -3.751, -4.952, -3.483, -3.820
-3.581, -3.680, -3.408, -3.229, -4.696, -1.455, -2.904, -4.429, -2.962, -3.282
-3.249, -3.018, -2.747, -2.517, -2.249, -5.802, -3.192, -2.997, -3.267, -3.759
-3.519, -2.878, -2.840, -2.899, -1.967, -6.348, -3.366, -3.534, -3.235, -3.318
-4.130, -2.793, -3.553, -4.325, -9.129, -3.036, -3.069, -2.864, -3.821, -3.364
-3.201, -3.428, -3.049, -2.749, -4.596, -1.989, -3.015, -3.385, -3.392, -3.450
-3.510, -3.169, -2.979, -2.342, -1.988, -6.658, -3.477, -3.105, -2.510, -3.472
-3.453, -2.792, -3.504, -2.793, -2.656, -6.400, -2.925, -3.031, -3.154, -2.627
-2.972, -3.469, -2.555, -4.582, -1.279, -4.521, -3.497, -2.929, -3.151, -2.864
-3.277, -3.321, -3.490, -3.393, -6.049, -2.798, -3.197, -3.589, -3.076, -3.098
-3.239, -3.686, -2.076, -3.539, -4.048, -1.903, -2.805, -3.814, -3.137, -3.176
-3.278, -2.995, -3.381, -3.033, -7.609, -3.598, -3.237, -3.467, -3.284, -2.977
-3.417, -3.399, -2.961, -3.560, -2.373, -6.196, -3.372, -2.759, -3.169, -3.178
-3.481, -2.964, -3.672, -3.845, -5.705, -1.705, -3.071, -3.279, -3.336, -3.101
-3.524, -3.035, -3.232, -2.652, -8.131, -3.111, -3.038, -3.841, -3.044, -2.922
-3.202, -2.974, -3.194, -2.309, -6.029, -1.793, -3.253, -2.762, -3.240, -2.760
-3.652, -3.110, -3.278, -3.015, -2.342, -6.180, -3.566, -4.138, -3.889, -3.589
-3.119, -3.479, -3.250, -2.463, -7.349, -1.842, -3.664, -3.800, -3.270, -3.272
-3.385, -4.042, -3.142, -1.641, -1.040, -3.344, -3.323, -1.947, -3.050, -3.266
-3.581, -3.004, -3.283, -3.046, -6.904, -2.770, -3.078, -3.346, -3.081, -3.568
-3.014, -3.997, -3.246, -3.896, -0.683, -3.597, -2.862, -2.671, -3.339, -2.795
-3.339, -2.743, -3.571, -3.169, -7.433, -2.560, -3.156, -2.619, -3.071, -2.696
-2.976, -4.025, -2.855, -5.131, -1.247, -3.812, -3.207, -3.521, -4.025, -3.059
-3.139, -3.159, -3.029, -3.516, -8.085, -3.579, -2.638, -3.069, -3.330, -3.098
-3.086, -3.084, -3.398, -3.093, -1.189, -3.919, -2.972, -3.424, -3.783, -3.155
-3.456, -3.651, -1.862, -3.328, -5.255, -2.628, -2.547, -3.002, -2.805, -2.984
-4.767, -3.198, -3.393, -3.696, -4.593, -2.145, -2.164, -2.915, -3.779, -3.335
-2.664, -3.020, -3.391, -4.936, -8.710, -3.143, -3.248, -2.684, -3.148, -2.926
-3.783, -3.421, -3.438, -2.553, -6.638, -3.710, -3.267, -3.498, -3.174, -3.508
-3.525, -3.223, -3.176, -5.357, -1.045, -5.164, -3.098, -3.134, -3.035, -3.404
-3.553, -3.200, -2.860, -3.967, -3.107, -7.248, -3.182, -2.609, -3.181, -3.296
-2.932, -3.324, -2.896, -3.581, -1.791, -5.238, -3.222, -3.183, -3.456, -3.636
-3.553, -3.442, -3.646, -5.006, -1.225, -3.671, -2.665, -2.918, -3.995, -3.549
-3.020, -3.274, -3.670, -2.546, -11.831, -3.437, -3.650, -3.199, -3.476, -3.358
-2.539, -2.924, -3.164, -2.242, -6.211, -2.280, -3.857, -3.347, -3.184, -3.467
-3.486, -3.147, -3.343, -2.502, -10.795, -3.980, -2.898, -3.262, -3.114, -3.346
-2.879, -3.406, -2.416, -2.299, -7.000, -2.582, -3.958, -4.105, -2.605, -2.383
-3.349, -3.685, -3.084, -3.710, -0.914, -3.091, -3.843, -2.385, -3.096, -3.857
-3.233, -3.551, -3.094, -2.881, -8.682, -3.740, -3.673, -3.047, -2.974, -3.191
-3.205, -3.156, -3.397, -2.907, -1.998, -5.800, -3.221, -2.598, -3.104, -3.655
-3.178, -3.230, -3.145, -3.410, -5.770, -2.421, -2.993, -3.729, -3.150, -3.202
-3.114, -2.893, -3.506, -2.461, -4.025, -1.069, -3.662, -3.352, -3.401, -3.488
-3.598, -3.482, -3.143, -3.037, -1.684, -4.926, -3.551, -3.663, -4.589, -3.199
-3.031, -3.056, -3.603, -3.600, -1.960, -4.540, -3.533, -3.286, -2.893, -2.756
-3.290, -3.244, -2.960, -3.179, -6.075, -2.823, -3.257, -2.570, -3.271, -3.538
-3.231, -4.047, -2.971, -3.848, -0.980, -4.623, -3.255, -3.451, -3.092, -3.567
-3.282, -3.484, -3.716, -3.775, -4.489, -1.122, -3.410, -3.501, -3.594, -3.406
-3.612, -3.323, -3.476, -2.978, -2.305, -4.853, -4.447, -2.662, -3.337, -2.935
-3.565, -2.745, -3.361, -3.163, -8.165, -3.072, -3.185, -3.291, -2.796, -3.320
-3.636, -3.365, -3.077, -3.022, -2.288, -6.516, -3.093, -2.737, -3.286, -3.293
-3.503, -3.255, -3.333, -3.083, -6.560, -2.955, -3.814, -2.680, -3.111, -3.275
-2.670, -3.676, -3.050, -2.717, -5.758, -2.683, -3.676, -3.671, -3.785, -3.195
-3.677, -3.040, -3.099, -2.999, -8.350, -3.890, -3.641, -3.019, -3.090, -3.283
-3.391, -3.380, -2.644, -2.763, -7.247, -3.229, -2.731, -3.507, -3.187, -3.277
-3.282, -4.009, -3.403, -2.767, -1.438, -4.112, -3.977, -2.980, -4.143, -3.137
-3.408, -3.237, -3.527, -3.938, -6.769, -2.285, -3.171, -2.466, -3.143, -3.492
-3.509, -2.820, -3.245, -3.561, -10.518, -3.280, -3.165, -2.942, -3.340, -3.118
-2.607, -3.919, -3.077, -1.938, -1.430, -3.707, -3.488, -2.826, -4.209, -2.964
-3.335, -3.183, -3.223, -2.988, -7.717, -3.625, -3.402, -3.460, -2.974, -3.304
-2.989, -3.617, -3.985, -4.237, -0.973, -3.605, -2.817, -2.665, -3.147, -3.608
-3.325, -3.876, -3.330, -4.543, -2.015, -4.993, -3.481, -3.158, -3.149, -3.301
-3.452, -2.584, -2.551, -3.656, -5.621, -2.882, -3.026, -3.066, -3.315, -3.598
-3.426, -3.410, -3.317, -3.617, -7.395, -3.155, -3.713, -3.018, -3.956, -2.784
-2.944, -3.054, -2.963, -3.302, -7.776, -2.545, -3.297, -3.515, -3.532, -3.732
-2.952, -2.794, -3.299, -2.826, -2.061, -5.177, -2.826, -2.915, -3.029, -3.093
-3.425, -3.249, -3.412, -3.762, -8.440, -4.288, -3.303, -3.045, -3.025, -3.180
-3.089, -3.103, -3.155, -3.279, -4.717, -1.371, -2.759, -2.525, -3.552, -3.205
-3.407, -3.004, -3.819, -2.275, -5.573, -2.076, -3.552, -3.110, -3.036, -3.212
-2.152, -3.088, -3.401, -3.273, -1.768, -3.961, -3.092, -3.306, -3.899, -3.047
-3.507, -3.136, -3.655, -3.880, -2.463, -6.772, -3.001, -3.469, -2.701, -3.436
-3.677, -3.073, -3.114, -3.237, -6.076, -2.855, -2.224, -2.557, -3.372, -3.378
-3.490, -2.848, -3.472, -2.709, -5.362, -2.693, -2.515, -3.483, -3.471, -3.362
-3.303, -3.952, -3.376, -2.675, -1.348, -4.581, -3.073, -3.389, -2.878, -2.834
-3.043, -3.814, -3.402, -3.147, -6.076, -2.404, -3.808, -3.825, -3.046, -2.961
-3.311, -2.876, -3.600, -5.207, -6.253, -3.025, -2.492, -3.128, -2.786, -3.591
-3.708, -3.682, -2.877, -2.879, -6.448, -2.976, -3.841, -3.581, -2.948, -3.440
-3.368, -3.661, -4.082, -3.219, -7.599, -4.115, -2.224, -3.229, -3.237, -3.256
-3.240, -3.410, -2.973, -2.995, -6.574, -2.852, -3.409, -3.181, -3.326, -3.278
-3.239, -3.406, -3.416, -2.911, -7.851, -4.053, -3.171, -3.268, -3.006, -3.398
-3.301, -3.154, -2.330, -2.472, -6.250, -3.166, -2.579, -3.305, -3.175, -3.271
-3.354, -4.793, -2.606, -3.539, -7.198, -3.519, -4.158, -2.431, -3.069, -3.921
-2.962, -3.649, -4.049, -3.071, -2.745, -5.847, -2.988, -2.941, -2.817, -3.030
-3.078, -3.404, -3.128, -3.347, -1.873, -4.921, -3.283, -3.901, -4.189, -3.191
-3.508, -3.522, -3.260, -3.456, -5.298, -1.884, -3.000, -3.947, -3.755, -3.163
-3.278, -3.562, -4.050, -4.349, -1.567, -4.037, -3.691, -3.025, -3.295, -3.087
-2.693, -3.928, -2.995, -3.488, -1.303, -3.543, -3.516, -3.412, -4.300, -2.876
-2.996, -3.843, -3.086, -2.805, -1.290, -3.864, -4.704, -4.085, -3.226, -3.338
-3.390, -3.449, -3.041, -3.782, -2.266, -6.130, -2.696, -3.081, -3.020, -3.194
-3.508, -3.303, -3.574, -3.952, -6.642, -3.219, -3.092, -3.353, -3.394, -4.021
-3.547, -3.398, -3.022, -2.709, -6.297, -2.584, -3.479, -3.989, -2.841, -3.412
-3.533, -2.796, -3.758, -4.218, -11.575, -3.674, -2.761, -2.806, -2.965, -2.686
-3.260, -3.580, -3.318, -4.300, -1.532, -4.814, -3.800, -3.274, -3.014, -3.003
-3.237, -3.685, -3.027, -5.388, -1.267, -4.988, -3.123, -4.013, -3.285, -3.238
-4.060, -3.551, -3.997, -3.022, -2.142, -5.629, -3.025, -3.179, -2.884, -3.485
-3.063, -4.110, -3.064, -2.696, -1.003, -4.361, -3.612, -2.967, -3.647, -3.487
-2.331, -3.503, -3.369, -2.298, -0.679, -2.484, -3.381, -3.143, -3.353, -2.958
-2.884, -3.373, -3.849, -2.684, -2.246, -5.464, -3.533, -2.825, -3.433, -3.865
-3.203, -3.058, -3.433, -3.141, -10.005, -4.111, -3.408, -3.111, -3.712, -3.083
-3.214, -3.362, -3.590, -1.817, -7.182, -3.341, -3.449, -3.330, -3.364, -2.941
-2.934, -2.897, -3.217, -2.093, -2.744, -6.088, -3.553, -3.177, -3.355, -3.164
-3.035, -4.359, -2.251, -3.138, -1.339, -5.775, -3.944, -3.872, -3.145, -2.888
-3.346, -3.592, -2.945, -4.655, -1.856, -5.503, -3.001, -3.380, -3.415, -3.100
-3.473, -3.218, -3.433, -3.022, -6.672, -3.673, -2.565, -2.922, -3.181, -3.410
-3.275, -3.114, -3.104, -2.475, -2.558, -7.152, -3.318, -3.138, -3.247, -3.481
-3.383, -3.448, -3.107, -3.110, -1.097, -4.220, -3.183, -4.052, -3.080, -3.134
-3.483, -2.886, -3.532, -3.198, -6.481, -2.831, -3.180, -3.472, -2.890, -3.266
-2.645, -3.701, -3.705, -2.002, -1.490, -3.814, -3.263, -2.401, -3.946, -3.101
-3.360, -3.128, -3.587, -4.172, -8.963, -3.091, -2.787, -1.982, -3.488, -3.091
-3.242, -3.302, -3.677, -3.369, -0.942, -3.257, -3.222, -3.001, -2.691, -3.077
-3.243, -3.679, -2.789, -3.360, -6.719, -2.303, -3.856, -2.656, -3.659, -3.465
-3.130, -3.293, -1.789, -3.540, -6.262, -3.200, -2.340, -3.365, -2.536, -3.159
-3.301, -3.237, -3.362, -3.050, -4.444, -1.866, -3.239, -3.605, -3.231, -3.365
-3.392, -3.692, -3.081, -2.687, -5.642, -2.729, -2.983, -3.451, -3.127, -2.952
-3.454, -3.281, -3.565, -3.151, -1.648, -4.224, -3.576, -2.367, -2.923, -3.167
-3.451, -3.216, -3.017, -2.535, -6.420, -2.638, -2.654, -2.660, -3.417, -3.268
-3.267, -2.861, -3.195, -3.526, -1.828, -4.594, -3.070, -3.081, -3.074, -3.148
-3.198, -3.184, -3.633, -3.464, -16.419, -3.944, -3.420, -2.688, -3.523, -3.106
-3.501, -2.945, -3.055, -4.080, -2.353, -5.336, -3.873, -3.008, -3.377, -3.001
-3.699, -2.488, -2.716, -3.203, -2.105, -5.144, -3.287, -2.754, -3.714, -3.275
-3.189, -3.908, -3.452, -3.250, -6.551, -3.246, -2.441, -3.045, -3.331, -3.289
-3.193, -4.198, -3.311, -3.771, -0.969, -3.457, -3.125, -3.698, -3.694, -3.131
-3.364, -2.912, -3.383, -3.993, -1.534, -4.192, -3.294, -2.736, -2.935, -3.220
-3.585, -3.062, -3.397, -2.729, -7.979, -2.744, -3.338, -3.443, -2.972, -3.110
-2.917, -3.571, -3.003, -2.698, -6.071, -2.607, -3.751, -3.225, -3.262, -3.284
-3.258, -3.212, -3.461, -3.345, -1.060, -4.045, -2.771, -3.225, -3.461, -3.163
-2.980, -3.070, -3.196, -2.863, -2.278, -5.206, -3.614, -2.882, -3.418, -3.018
-3.284, -3.033, -2.951, -3.899, -1.765, -4.924, -3.203, -2.913, -3.518, -3.409
-3.075, -3.056, -2.922, -3.722, -1.865, -4.672, -3.673, -3.286, -3.150, -3.109
-2.769, -3.082, -3.088, -3.208, -1.249, -4.048, -3.330, -3.486, -3.743, -3.574
-2.540, -3.579, -4.157, -1.621, -1.393, -3.682, -3.140, -2.279, -3.326, -3.132
-3.369, -3.983, -3.226, -2.821, -1.354, -4.687, -3.087, -2.089, -2.901, -3.347
-3.474, -3.704, -3.341, -3.726, -9.686, -3.961, -3.097, -2.598, -2.984, -3.546
-3.435, -3.612, -3.830, -3.154, -5.133, -2.599, -2.512, -3.118, -2.879, -3.459
-3.555, -3.036, -3.251, -3.206, -5.109, -1.602, -3.599, -3.750, -3.027, -3.389
-3.312, -3.548, -2.778, -2.542, -1.761, -4.580, -3.992, -3.336, -3.741, -2.896
-3.093, -3.600, -2.885, -4.310, -1.850, -5.602, -2.751, -3.431, -3.100, -2.947
-3.141, -3.823, -2.983, -2.608, -1.064, -4.591, -3.377, -3.245, -3.036, -3.423
-3.708, -2.865, -4.051, -3.438, -2.050, -5.791, -2.182, -3.790, -3.907, -2.870
-3.160, -3.317, -2.940, -2.995, -6.876, -2.874, -2.896, -3.113, -3.784, -3.213
-3.420, -3.351, -3.036, -4.142, -1.273, -4.228, -2.950, -3.530, -3.142, -3.263
-3.243, -3.330, -2.834, -3.078, -2.699, -7.422, -3.591, -3.267, -2.480, -3.089
-3.342, -3.309, -2.534, -2.254, -6.986, -3.030, -2.940, -3.262, -3.195, -2.981
-3.734, -3.713, -3.604, -3.365, -7.020, -2.784, -3.190, -2.673, -3.177, -3.839
-3.029, -3.567, -3.186, -2.676, -5.727, -2.013, -3.466, -2.575, -3.001, -2.877
-3.788, -3.396, -2.885, -2.756, -4.273, -1.569, -3.392, -3.226, -3.002, -3.347
-3.832, -3.365, -4.278, -3.132, -2.907, -6.105, -4.267, -3.246, -2.785, -3.421
-3.041, -3.170, -3.410, -3.204, -6.188, -2.938, -3.673, -3.405, -3.424, -3.514
-3.353, -2.887, -3.019, -4.015, -9.033, -3.007, -3.275, -2.757, -3.105, -3.316
-3.048, -2.947, -3.561, -3.025, -1.489, -4.263, -3.318, -3.180, -2.966, -3.324
-4.000, -3.004, -2.975, -3.852, -4.625, -2.092, -3.095, -2.316, -3.357, -3.437
-3.536, -3.614, -3.803, -2.179, -1.335, -4.368, -2.911, -2.251, -2.703, -3.227
-2.966, -3.166, -3.624, -2.520, -8.475, -3.267, -3.453, -2.958, -2.878, -2.770
-2.705, -3.168, -3.132, -3.388, -6.891, -3.008, -3.566, -3.935, -3.042, -3.012
-3.118, -3.286, -3.066, -3.173, -1.554, -4.117, -3.279, -2.373, -3.404, -3.385
-3.004, -2.873, -3.005, -3.062, -1.179, -3.606, -3.316, -2.835, -2.872, -3.220
-2.688, -3.397, -3.625, -3.644, -2.857, -6.905, -2.616, -2.654, -3.235, -3.118
-3.398, -3.177, -3.314, -3.996, -11.267, -4.061, -2.976, -3.043, -3.817, -3.165
-3.477, -3.170, -4.634, -2.158, -7.430, -1.702, -2.869, -3.103, -2.814, -2.718
-3.125, -3.153, -3.553, -2.907, -11.950, -3.935, -3.183, -3.234, -3.266, -3.180
-3.396, -4.141, -3.259, -2.430, -1.552, -4.747, -3.196, -2.695, -3.215, -3.010
-3.313, -3.317, -2.865, -2.994, -1.561, -4.501, -3.697, -2.492, -2.609, -3.310
-2.407, -2.985, -3.284, -3.186, -5.662, -2.162, -3.470, -3.101, -2.759, -2.814
-3.625, -3.309, -3.379, -2.192, -7.051, -2.257, -3.676, -2.956, -3.195, -3.263
-3.062, -2.975, -3.627, -1.731, -5.166, -2.330, -3.461, -3.236, -2.935, -3.206
-2.687, -3.493, -2.938, -4.291, -8.737, -3.666, -2.710, -2.667, -3.437, -2.881
-3.458, -3.411, -3.346, -2.833, -5.467, -2.663, -3.078, -3.065, -3.034, -2.926
-3.223, -3.679, -3.529, -2.814, -7.406, -2.472, -2.913, -3.585, -3.099, -3.210
-4.033, -2.852, -3.237, -2.670, -6.002, -2.792, -3.328, -2.962, -3.208, -3.013
-3.261, -3.195, -3.298, -3.524, -10.316, -3.836, -3.270, -2.700, -2.970, -3.274
-3.178, -3.224, -3.432, -3.629, -8.678, -2.681, -3.237, -3.182, -3.601, -3.023
-3.408, -3.150, -3.040, -3.075, -7.473, -2.775, -3.091, -3.387, -3.252, -3.261
-3.493, -3.519, -1.938, -3.285, -4.708, -2.815, -2.205, -3.340, -3.178, -3.307
-2.631, -3.345, -3.035, -2.743, -6.406, -2.585, -3.946, -3.224, -3.407, -2.946
-2.571, -4.403, -2.950, -3.284, -0.836, -4.242, -3.393, -3.351, -3.150, -2.998
-3.067, -3.348, -2.948, -4.025, -1.284, -4.085, -3.223, -3.979, -2.936, -3.038
-3.038, -3.387, -3.639, -2.589, -6.572, -3.068, -3.018, -3.031, -3.061, -3.245
-3.724, -3.062, -2.952, -3.467, -4.876, -1.944, -2.947, -3.586, -3.732, -3.060
-3.559, -3.501, -3.205, -4.605, -1.775, -5.001, -2.901, -3.916, -3.093, -3.168
-3.246, -3.048, -3.158, -3.640, -7.062, -3.202, -2.954, -3.149, -3.461, -3.116
-2.996, -2.546, -3.469, -3.121, -7.082, -2.235, -3.311, -3.317, -3.880, -3.125
-3.099, -2.965, -3.025, -3.491, -1.964, -5.238, -3.146, -2.698, -3.299, -3.610
-4.053, -2.862, -2.771, -3.706, -7.057, -2.887, -2.863, -3.141, -4.311, -3.532
-2.929, -3.176, -3.254, -3.554, -1.475, -4.107, -2.941, -3.246, -4.633, -3.576
-3.062, -2.959, -3.554, -3.266, -1.777, -4.583, -3.399, -3.236, -3.345, -3.815
-3.261, -3.392, -3.204, -3.102, -8.701, -4.118, -3.347, -3.277, -3.454, -3.509
-3.491, -3.588, -3.715, -3.697, -1.523, -4.385, -2.933, -2.492, -3.332, -3.474
-3.263, -3.595, -3.661, -4.485, -1.987, -5.625, -3.470, -3.372, -3.538, -3.183
-2.902, -2.847, -3.076, -3.622, -2.137, -4.649, -3.886, -3.032, -3.291, -3.258
-2.243, -3.482, -2.493, -3.670, -6.624, -1.759, -4.222, -2.769, -3.123, -3.272
-3.441, -3.838, -3.012, -2.092, -4.455, -1.577, -3.617, -4.025, -2.668, -3.145
-3.308, -3.444, -3.343, -2.605, -5.814, -2.092, -3.217, -3.129, -3.499, -3.261
-2.973, -3.065, -3.480, -3.783, -6.910, -2.534, -3.252, -3.239, -2.756, -3.072
-3.451, -3.597, -3.066, -2.768, -1.659, -7.014, -3.299, -2.690, -2.417, -3.096
-3.004, -3.389, -3.178, -3.537, -0.889, -3.028, -2.974, -2.872, -3.780, -3.178
-3.253, -2.780, -3.235, -3.731, -1.680, -4.575, -3.313, -3.801, -3.132, -3.350
-3.415, -3.086, -3.110, -2.760, -1.608, -4.294, -3.483, -2.852, -3.016, -3.050
-3.480, -2.841, -3.473, -2.418, -6.058, -2.583, -3.248, -3.493, -3.047, -3.202
-3.454, -3.187, -3.681, -2.355, -13.362, -4.370, -2.878, -3.476, -2.943, -3.354
-3.226, -3.379, -3.021, -3.278, -5.208, -2.081, -3.068, -2.914, -3.752, -3.232
-2.821, -2.976, -2.206, -3.440, -4.507, -2.346, -2.715, -3.215, -2.814, -3.200
-2.960, -2.815, -3.222, -2.289, -2.347, -5.425, -2.838, -2.514, -3.168, -3.221
-2.742, -3.459, -4.463, -3.213, -6.330, -2.983, -2.651, -3.143, -2.839, -3.134
-2.974, -2.666, -2.927, -4.094, -4.944, -2.089, -2.112, -4.295, -2.872, -3.851
-4.048, -3.226, -3.656, -2.246, -5.602, -1.526, -3.351, -3.240, -3.358, -2.836
-2.353, -3.259, -2.773, -3.660, -0.772, -2.611, -3.859, -2.385, -3.090, -2.963
-3.285, -2.797, -2.605, -3.364, -5.678, -2.756, -2.484, -3.543, -3.372, -3.130
-3.618, -3.361, -3.376, -3.565, -7.476, -3.960, -3.122, -2.839, -2.751, -2.670
-3.405, -3.497, -3.219, -2.945, -5.295, -1.984, -3.124, -3.415, -4.009, -2.790
-3.092, -2.834, -3.802, -2.106, -5.668, -2.499, -3.081, -3.782, -3.130, -2.922
-3.040, -3.648, -3.490, -3.255, -7.987, -3.125, -3.513, -2.677, -3.531, -3.358
-2.265, -2.980, -3.707, -4.084, -6.105, -2.074, -2.857, -3.668, -3.773, -3.059
-3.424, -3.000, -3.552, -2.400, -5.841, -1.256, -3.276, -2.856, -3.238, -3.236
-2.682, -2.849, -2.373, -4.156, -6.112, -2.244, -4.539, -2.917, -3.042, -2.957
-3.441, -2.493, -3.809, -3.503, -2.485, -5.813, -3.865, -3.071, -3.330, -3.010
-3.187, -3.587, -3.145, -4.914, -1.279, -3.802, -3.063, -3.166, -3.451, -3.266
-3.567, -2.932, -3.323, -3.581, -8.097, -2.848, -3.251, -2.859, -3.221, -3.259
-3.029, -3.809, -3.018, -4.179, -0.423, -2.813, -3.091, -3.210, -3.606, -3.064
-2.777, -2.509, -3.092, -3.827, -7.580, -3.243, -3.686, -3.162, -3.323, -2.924
-3.306, -4.478, -3.967, -3.254, -1.205, -4.155, -3.688, -2.941, -2.936, -3.251
-3.632, -3.118, -4.002, -3.582, -9.075, -4.157, -3.189, -3.097, -3.055, -3.491
-2.041, -3.180, -3.609, -2.909, -1.971, -4.417, -3.029, -3.673, -2.213, -2.547
-4.059, -3.932, -2.735, -2.883, -4.016, -2.170, -3.130, -3.767, -2.501, -3.218
-3.110, -3.100, -3.103, -3.941, -1.466, -4.053, -3.003, -2.973, -2.554, -2.538
-2.826, -3.018, -3.535, -2.556, -5.272, -2.227, -3.387, -3.623, -2.585, -3.894
-3.002, -3.382, -3.394, -3.043, -5.880, -2.242, -3.237, -2.790, -3.258, -2.590
-3.448, -3.720, -3.305, -3.363, -1.555, -4.746, -3.270, -2.742, -2.867, -3.183
-3.160, -2.061, -3.396, -6.287, -7.253, -2.093, -2.839, -2.592, -2.648, -3.003
-3.735, -3.734, -3.630, -2.976, -6.156, -2.858, -3.596, -3.133, -3.629, -3.529
-3.033, -4.679, -3.637, -3.607, -1.430, -4.831, -3.238, -3.782, -3.210, -3.271
-3.320, -3.646, -3.311, -3.149, -1.562, -6.135, -2.685, -2.668, -3.100, -3.028
-3.678, -2.941, -3.110, -3.125, -5.251, -1.705, -3.404, -4.176, -3.768, -3.870
-3.660, -3.427, -2.506, -2.568, -7.741, -3.266, -2.656, -3.201, -3.140, -3.426
-3.320, -3.197, -3.263, -3.531, -2.146, -5.253, -2.932, -2.944, -3.025, -3.335
-3.568, -2.904, -4.133, -5.257, -5.488, -1.434, -2.659, -1.710, -3.849, -3.325
-3.104, -3.505, -3.075, -3.669, -2.427, -5.756, -2.870, -3.470, -3.684, -3.027
-4.128, -3.184, -3.562, -2.898, -5.382, -1.927, -2.626, -2.484, -3.706, -4.375
-3.326, -2.971, -3.438, -2.719, -7.793, -3.691, -3.298, -3.261, -3.347, -3.226
-2.425, -2.920, -3.234, -4.871, -5.253, -1.846, -2.838, -2.639, -2.891, -2.416
-2.019, -3.723, -3.197, -3.328, -9.044, -3.034, -3.733, -2.736, -3.172, -2.701
-3.234, -3.465, -3.393, -3.079, -1.636, -4.080, -3.301, -2.662, -3.518, -3.253
-3.678, -2.535, -3.652, -3.644, -6.096, -2.636, -3.150, -3.197, -3.484, -3.217
-3.387, -2.320, -3.344, -3.155, -2.313, -5.321, -3.001, -2.727, -3.674, -2.759
-3.869, -2.668, -3.313, -4.468, -5.223, -1.886, -2.924, -3.152, -3.371, -3.332
-3.130, -3.004, -3.105, -3.043, -1.880, -5.091, -3.345, -2.675, -3.563, -3.316
-3.134, -2.892, -2.728, -3.460, -7.433, -2.866, -4.036, -2.563, -3.060, -3.682
-3.145, -2.702, -3.231, -4.642, -5.066, -1.783, -2.657, -2.599, -3.556, -3.853
-2.897, -3.630, -3.225, -2.737, -5.939, -2.730, -3.157, -2.877, -3.625, -3.072
-3.258, -3.984, -4.100, -3.975, -1.442, -5.395, -2.456, -2.744, -3.303, -3.322
-4.151, -3.478, -2.607, -3.041, -4.578, -1.762, -2.992, -3.753, -2.835, -3.352
-3.248, -2.884, -3.621, -3.350, -7.135, -3.326, -3.171, -3.716, -3.462, -3.379
-3.082, -2.873, -3.498, -3.168, -6.505, -2.364, -3.499, -3.614, -2.968, -3.985
-3.455, -3.569, -3.620, -3.277, -1.589, -6.168, -3.013, -4.119, -3.619, -3.145
-2.987, -2.968, -2.985, -3.941, -5.348, -2.060, -4.234, -2.558, -3.231, -3.849
-3.627, -3.562, -3.845, -3.600, -2.303, -5.288, -4.050, -3.091, -2.748, -3.254
-2.873, -2.899, -3.135, -2.781, -5.967, -2.285, -2.871, -3.475, -2.751, -2.262
-3.149, -3.613, -3.045, -2.801, -3.374, -1.223, -2.753, -2.943, -3.162, -3.247
-3.309, -3.398, -3.011, -3.182, -1.537, -5.558, -3.475, -3.190, -3.334, -3.551
-3.679, -3.310, -3.618, -5.008, -1.121, -4.722, -2.136, -2.740, -3.288, -3.063
-3.236, -3.414, -3.544, -3.747, -1.568, -4.342, -3.349, -3.286, -3.142, -3.303
-3.915, -3.637, -2.795, -4.022, -2.188, -6.680, -3.105, -2.808, -3.032, -2.890
-3.608, -3.816, -3.090, -3.561, -2.576, -9.089, -3.120, -2.240, -2.654, -3.455
-3.545, -2.558, -3.127, -3.367, -6.348, -2.809, -3.015, -3.492, -3.473, -3.183
-3.557, -2.857, -3.113, -3.771, -1.002, -3.955, -3.131, -3.300, -3.267, -3.576
-2.855, -3.101, -3.538, -4.169, -6.040, -2.566, -3.147, -3.064, -2.905, -3.545
-3.071, -3.122, -3.611, -3.103, -9.658, -2.980, -3.338, -2.966, -3.385, -2.824
-3.133, -3.412, -2.602, -3.431, -7.000, -2.675, -2.970, -3.215, -3.123, -3.654
-3.160, -2.892, -3.157, -3.370, -6.806, -2.706, -3.343, -3.158, -3.158, -3.178
-3.238, -4.394, -3.461, -3.413, -1.267, -3.942, -3.054, -3.527, -3.488, -3.277
-2.876, -3.695, -3.161, -3.615, -1.029, -4.733, -3.028, -3.334, -3.467, -2.450
-2.587, -4.472, -2.936, -3.282, -1.523, -4.538, -3.547, -2.677, -3.413, -2.209
-2.681, -3.506, -3.679, -3.080, -1.864, -5.105, -2.975, -3.379, -3.887, -2.899
-3.228, -3.399, -2.437, -4.502, -7.197, -2.655, -4.175, -3.596, -2.566, -2.976
-3.076, -3.292, -1.978, -4.362, -5.051, -2.007, -4.015, -2.370, -2.952, -3.937
-4.155, -3.600, -3.403, -2.335, -1.769, -6.687, -3.060, -2.908, -2.663, -3.882
-2.902, -2.768, -3.347, -3.562, -6.367, -3.345, -2.780, -3.787, -3.078, -3.232
-3.141, -3.728, -3.006, -2.909, -7.084, -2.307, -2.771, -2.607, -4.007, -3.074
-3.244, -2.836, -3.264, -3.514, -7.766, -3.515, -3.015, -3.406, -3.630, -3.061
-3.578, -3.322, -3.591, -2.564, -2.286, -5.585, -2.808, -2.429, -3.104, -3.762
-3.404, -3.621, -3.524, -4.046, -1.828, -4.561, -3.719, -2.788, -2.831, -3.279
-3.554, -2.666, -3.030, -3.336, -2.398, -6.368, -3.266, -3.061, -3.041, -3.274
-3.943, -3.637, -3.362, -3.498, -6.112, -2.506, -2.841, -3.046, -2.903, -3.391
-3.208, -2.982, -3.071, -3.333, -4.808, -2.223, -2.944, -3.481, -3.637, -3.264
-3.472, -2.999, -3.432, -2.379, -5.028, -1.711, -2.972, -3.146, -3.036, -3.101
-3.378, -2.859, -3.739, -2.386, -17.018, -3.273, -3.463, -3.172, -3.168, -2.890
-3.279, -2.578, -3.832, -3.297, -5.415, -1.415, -3.530, -3.796, -3.455, -3.248
-3.565, -3.438, -3.289, -2.563, -9.676, -3.576, -3.349, -2.722, -2.898, -3.495
-2.634, -2.856, -3.960, -3.562, -6.008, -2.403, -2.983, -3.216, -2.698, -3.157
-3.309, -3.124, -2.938, -3.022, -5.918, -2.734, -3.291, -2.650, -3.489, -3.519
-3.164, -2.956, -3.105, -2.991, -5.166, -2.322, -3.249, -3.447, -3.103, -3.178
-2.881, -3.758, -2.754, -2.972, -6.027, -2.070, -3.660, -3.227, -2.912, -3.114
-3.131, -3.489, -3.535, -2.705, -6.125, -2.384, -3.196, -3.154, -3.228, -2.913
-3.681, -2.997, -3.761, -2.809, -6.216, -2.021, -2.662, -3.132, -3.328, -3.245
-3.474, -2.462, -3.733, -2.447, -4.623, -1.894, -3.561, -3.534, -3.159, -3.153
-3.448, -3.582, -3.279, -5.085, -0.916, -3.916, -2.566, -3.684, -3.715, -3.467
-3.651, -3.230, -3.657, -2.770, -6.179, -2.465, -2.931, -2.887, -3.202, -3.601
-2.751, -2.876, -2.464, -3.654, -7.604, -2.712, -3.396, -3.855, -2.859, -2.641
-3.362, -3.388, -3.724, -3.068, -1.573, -5.141, -3.256, -3.396, -2.496, -3.077
-3.183, -3.317, -3.037, -3.977, -1.076, -4.081, -3.297, -3.099, -2.814, -3.158
-3.681, -3.325, -2.899, -2.974, -1.690, -6.275, -3.756, -3.546, -3.223, -3.521
-3.024, -2.414, -3.182, -3.415, -6.124, -2.909, -3.367, -3.228, -4.086, -3.782
-3.223, -3.547, -2.829, -4.879, -1.053, -4.151, -3.167, -3.090, -3.287, -3.402
-3.517, -2.872, -3.198, -2.782, -5.439, -2.527, -2.752, -2.693, -3.041, -3.290
-3.739, -2.911, -2.763, -3.205, -2.671, -6.303, -3.393, -2.846, -2.821, -2.754
-3.843, -2.727, -3.844, -2.964, -5.637, -1.729, -2.946, -3.016, -3.811, -3.301
-2.149, -3.252, -3.428, -2.378, -0.969, -2.854, -3.334, -2.786, -3.612, -2.920
-2.598, -3.545, -2.864, -3.265, -4.902, -2.042, -3.751, -3.713, -2.671, -2.663
-3.390, -3.058, -3.268, -3.167, -1.292, -4.888, -2.784, -3.679, -3.242, -3.178
-3.397, -2.932, -3.125, -3.982, -2.057, -5.740, -2.891, -3.432, -2.790, -3.302
-3.372, -3.344, -3.131, -2.872, -7.469, -3.280, -3.369, -3.657, -2.679, -3.483
-3.206, -2.918, -2.243, -2.722, -5.806, -2.392, -2.290, -2.929, -3.099, -3.346
-2.972, -2.625, -3.324, -2.665, -2.242, -6.051, -3.105, -3.143, -3.638, -3.491
-3.761, -3.093, -3.417, -2.713, -1.727, -4.757, -3.087, -2.502, -3.004, -3.579
-3.059, -3.053, -3.829, -3.116, -6.270, -2.217, -3.665, -3.343, -3.243, -2.899
-2.639, -3.339, -3.186, -3.205, -1.273, -4.751, -2.933, -3.457, -2.966, -2.549
-3.188, -3.832, -3.368, -2.503, -1.153, -3.923, -3.933, -2.841, -4.555, -3.361
-2.692, -2.687, -3.056, -3.901, -1.556, -4.600, -3.463, -3.886, -3.234, -3.259
-3.298, -3.384, -1.892, -2.379, -5.292, -3.137, -1.944, -3.027, -3.360, -3.137
-2.818, -2.103, -2.859, -3.744, -2.565, -5.685, -3.192, -2.915, -3.491, -3.291
-3.255, -3.041, -2.954, -2.351, -6.787, -1.771, -3.812, -3.164, -2.979, -3.412
-3.587, -3.426, -2.912, -2.793, -5.815, -1.317, -3.393, -2.959, -2.951, -3.483
-3.489, -3.827, -3.187, -3.725, -8.213, -3.518, -3.536, -3.261, -3.425, -3.211
-3.184, -3.391, -2.923, -3.211, -1.871, -6.041, -3.380, -2.790, -3.237, -3.118
-3.003, -3.701, -3.558, -3.769, -2.155, -5.228, -3.036, -2.705, -3.190, -3.275
-3.541, -2.769, -3.233, -3.912, -5.100, -2.271, -2.582, -1.768, -2.885, -3.630
-3.187, -3.611, -3.800, -2.708, -2.365, -6.279, -3.311, -2.567, -2.769, -2.846
-3.521, -3.626, -3.192, -3.450, -7.442, -2.505, -3.230, -2.862, -3.151, -2.997
-3.287, -3.264, -3.640, -4.410, -1.205, -3.663, -3.148, -2.935, -2.896, -3.475
-2.663, -4.253, -2.950, -2.966, -6.934, -2.286, -4.537, -2.485, -3.460, -3.113
-3.296, -3.799, -3.174, -2.918, -0.889, -3.651, -3.206, -4.246, -3.408, -3.212
-3.362, -2.591, -2.226, -4.521, -4.610, -1.776, -2.899, -3.006, -3.393, -4.010
-3.343, -2.910, -3.267, -3.196, -7.095, -3.804, -3.049, -2.832, -2.801, -3.373
-3.174, -3.592, -3.214, -3.379, -8.135, -3.790, -3.295, -3.212, -3.457, -3.102
-3.127, -3.875, -3.638, -3.717, -4.286, -1.013, -2.876, -4.075, -3.683, -3.686
-2.678, -3.679, -3.130, -4.130, -1.779, -4.557, -2.866, -3.335, -3.455, -3.642
-3.188, -2.626, -3.478, -2.784, -2.422, -5.837, -2.995, -3.107, -2.510, -3.580
-2.497, -3.698, -4.061, -3.608, -1.282, -3.678, -2.409, -2.906, -3.696, -2.675
-3.640, -4.056, -4.292, -2.844, -5.316, -2.194, -2.846, -3.061, -3.731, -2.962
-3.558, -3.489, -3.490, -4.544, -1.055, -3.794, -2.953, -2.976, -3.592, -3.238
-3.428, -3.503, -3.211, -3.120, -6.868, -2.652, -2.791, -3.220, -3.224, -3.061
-3.118, -4.451, -3.156, -2.359, -4.809, -1.935, -3.540, -4.676, -2.773, -3.333
-3.115, -3.444, -2.957, -2.943, -6.286, -3.145, -3.329, -3.243, -3.554, -3.697
-3.080, -3.224, -3.047, -2.554, -2.745, -6.524, -3.480, -3.303, -2.321, -3.358
-3.597, -4.224, -3.292, -3.279, -0.787, -4.347, -2.905, -3.315, -3.062, -3.285
-3.604, -2.849, -3.865, -2.042, -4.740, -1.914, -3.371, -2.576, -3.171, -4.133
-3.717, -3.094, -2.878, -3.387, -6.267, -3.350, -2.840, -2.878, -2.763, -3.297
-2.838, -3.936, -3.019, -3.451, -2.115, -6.558, -3.288, -3.220, -3.285, -3.308
-3.179, -3.441, -2.927, -2.794, -5.431, -2.526, -2.619, -2.968, -3.438, -3.147
-3.199, -3.303, -3.430, -3.507, -2.400, -5.491, -3.329, -3.196, -3.034, -3.144
-3.167, -4.414, -3.425, -3.583, -0.573, -3.078, -3.218, -2.539, -3.572, -3.170
-3.146, -3.058, -3.366, -3.904, -2.477, -5.493, -3.344, -3.125, -3.251, -3.486
-2.479, -4.086, -2.712, -3.921, -0.844, -3.283, -3.175, -3.589, -3.957, -3.188
-3.382, -3.007, -3.209, -4.893, -1.714, -5.116, -2.441, -2.840, -3.086, -3.252
-3.444, -4.103, -3.370, -3.585, -0.689, -3.455, -2.812, -2.775, -3.142, -2.944
-3.669, -3.364, -3.576, -3.819, -7.026, -2.367, -2.960, -2.607, -3.001, -3.432
-3.313, -3.319, -2.619, -3.046, -5.699, -3.194, -2.966, -3.522, -3.303, -3.525
-3.744, -3.347, -3.127, -2.948, -4.969, -2.191, -3.153, -2.897, -3.240, -3.710
-3.008, -2.973, -2.503, -2.735, -4.264, -1.756, -2.631, -3.128, -3.949, -3.333
-2.976, -3.298, -3.100, -2.965, -9.934, -3.963, -3.765, -3.149, -3.223, -3.332
-3.535, -3.318, -3.529, -2.576, -7.368, -4.190, -3.207, -4.000, -3.047, -3.140
-3.333, -3.748, -3.514, -1.823, -6.846, -1.768, -3.898, -2.802, -3.221, -3.468
-3.669, -3.253, -3.317, -2.471, -6.985, -2.310, -3.152, -3.251, -3.482, -3.165
-3.198, -3.504, -2.637, -2.694, -1.963, -5.160, -4.303, -2.572, -2.670, -3.532
-3.309, -3.340, -3.122, -3.223, -4.908, -1.806, -3.164, -3.701, -3.105, -3.055
-3.326, -3.028, -3.727, -2.697, -11.093, -3.528, -3.536, -3.019, -3.392, -2.961
-3.422, -3.130, -3.170, -3.324, -1.786, -5.098, -3.482, -2.530, -2.524, -3.276
-2.818, -2.993, -3.144, -3.656, -2.274, -5.889, -3.368, -3.148, -4.181, -3.222
-3.558, -3.628, -3.280, -3.858, -0.859, -4.001, -2.821, -3.311, -3.015, -3.030
-3.108, -2.804, -3.316, -3.094, -6.442, -1.871, -3.642, -3.009, -3.106, -3.227
-3.571, -3.761, -3.202, -3.060, -1.213, -5.435, -3.320, -3.490, -2.732, -3.051
-3.076, -3.144, -3.246, -3.400, -2.586, -5.690, -3.324, -2.804, -3.146, -3.591
-2.909, -3.011, -2.927, -2.705, -3.796, -1.118, -3.882, -3.037, -3.006, -3.197
-3.328, -2.755, -2.976, -2.872, -1.516, -4.922, -3.340, -2.873, -2.903, -3.357
-3.579, -2.811, -2.670, -3.307, -7.197, -3.385, -4.317, -2.967, -3.047, -3.854
-3.546, -3.144, -3.911, -3.161, -9.120, -3.052, -3.335, -3.421, -3.381, -3.022
-3.323, -3.960, -3.596, -3.882, -1.877, -5.641, -2.611, -3.427, -3.208, -3.015
-3.352, -3.364, -3.659, -2.239, -5.042, -1.855, -3.014, -2.867, -3.074, -3.180
-3.235, -3.632, -2.780, -2.758, -6.478, -3.062, -3.625, -2.920, -2.935, -3.100
-3.754, -3.659, -3.673, -2.455, -5.763, -1.705, -3.619, -3.511, -2.909, -3.285
-3.321, -3.411, -2.715, -2.110, -5.015, -2.874, -2.927, -3.616, -2.887, -3.287
-3.274, -3.516, -3.200, -3.200, -5.379, -1.686, -3.580, -2.716, -3.171, -3.087
-3.369, -3.068, -2.860, -2.926, -1.591, -6.215, -3.782, -3.357, -3.118, -3.508
-3.268, -3.715, -2.440, -4.249, -1.512, -5.817, -3.841, -3.328, -3.325, -3.194
-2.978, -3.240, -3.045, -3.344, -5.512, -2.363, -3.491, -3.318, -3.287, -3.611
-3.386, -3.175, -3.540, -3.630, -2.078, -5.410, -2.654, -3.150, -3.372, -3.274
-3.494, -3.047, -3.029, -3.257, -9.007, -3.029, -3.932, -2.905, -2.632, -4.318
-4.105, -3.584, -3.802, -2.624, -8.530, -3.244, -2.705, -3.758, -3.728, -3.344
-2.782, -2.522, -4.423, -3.290, -2.404, -5.843, -4.219, -2.792, -2.942, -3.260
-3.392, -3.167, -3.281, -2.509, -7.271, -2.268, -3.296, -3.716, -2.993, -3.246
-3.660, -3.573, -2.664, -2.824, -4.959, -1.685, -3.043, -4.248, -2.710, -3.561
-3.408, -3.472, -2.358, -3.771, -4.567, -2.166, -3.386, -3.439, -3.442, -3.302
-3.195, -3.130, -3.268, -3.140, -7.320, -2.473, -3.258, -2.629, -3.051, -3.006
-3.159, -3.106, -2.936, -2.260, -4.634, -1.698, -2.971, -3.027, -3.108, -3.110
-3.695, -3.030, -3.687, -2.961, -5.742, -2.579, -3.080, -3.514, -2.877, -3.429
-2.844, -3.556, -3.295, -2.093, -6.104, -1.915, -3.395, -2.651, -4.074, -3.686
-2.890, -2.848, -3.541, -3.144, -10.035, -2.928, -3.525, -3.066, -3.642, -3.101
-3.136, -3.213, -3.297, -3.434, -1.992, -5.633, -3.296, -2.826, -2.891, -3.504
-3.322, -3.259, -3.015, -5.090, -2.211, -5.201, -3.353, -3.047, -3.029, -3.026
-3.178, -3.772, -3.008, -4.348, -1.085, -4.773, -3.052, -2.831, -2.973, -2.980
-2.687, -4.063, -3.195, -3.222, -0.877, -4.288, -3.105, -3.548, -3.704, -2.783
-3.177, -3.039, -4.105, -2.800, -2.015, -4.612, -3.471, -2.827, -3.277, -3.091
-3.421, -3.206, -3.159, -3.452, -1.750, -5.090, -3.077, -3.186, -3.291, -2.792
-3.541, -2.764, -3.882, -2.907, -6.053, -2.445, -2.754, -2.986, -2.560, -2.911
-2.540, -3.443, -2.356, -5.452, -0.917, -4.302, -3.705, -3.706, -3.367, -3.050
-3.326, -3.153, -3.030, -2.961, -9.225, -4.035, -3.291, -2.880, -3.239, -3.530
-3.032, -3.029, -3.649, -3.300, -5.399, -2.259, -3.761, -3.430, -3.176, -3.201
-3.263, -3.529, -2.955, -4.416, -1.700, -5.363, -3.091, -2.846, -3.503, -2.964
-3.377, -3.588, -3.006, -2.794, -6.769, -3.091, -3.083, -3.278, -3.301, -3.104
-3.426, -4.051, -2.919, -3.428, -6.210, -2.030, -2.948, -2.641, -3.534, -3.609
-2.893, -3.511, -3.308, -3.392, -1.396, -4.510, -2.569, -3.747, -3.212, -3.153
-3.110, -3.160, -2.739, -3.312, -5.668, -2.211, -2.402, -3.504, -3.272, -2.958
-3.631, -3.390, -3.103, -3.206, -1.438, -6.094, -2.991, -2.628, -2.431, -3.113
-2.966, -2.492, -3.062, -3.493, -7.025, -3.093, -3.781, -2.623, -3.414, -3.577
-3.391, -3.234, -3.294, -3.453, -1.151, -4.729, -2.726, -3.004, -3.183, -3.161
-3.135, -3.159, -3.288, -2.965, -2.108, -5.505, -3.305, -2.772, -3.536, -2.761
-3.189, -4.148, -3.106, -3.379, -0.962, -4.578, -3.569, -3.642, -3.355, -3.821
-3.146, -3.609, -2.469, -2.512, -4.636, -1.960, -2.207, -3.714, -2.818, -3.123
-3.244, -3.077, -3.700, -3.942, -1.874, -5.120, -2.704, -3.197, -3.584, -3.234
-3.626, -2.396, -3.228, -2.131, -3.202, -7.213, -3.710, -3.108, -3.412, -3.033
-2.893, -3.724, -3.169, -3.261, -2.411, -6.912, -2.927, -3.224, -3.367, -3.320
-2.391, -3.607, -4.554, -2.326, -1.570, -3.450, -3.879, -3.323, -3.767, -2.640
-2.878, -2.508, -3.167, -3.084, -2.161, -5.461, -3.115, -2.722, -3.545, -3.549
-4.667, -3.427, -4.508, -1.994, -6.768, -1.956, -3.155, -3.606, -3.115, -3.619
-3.342, -2.951, -3.005, -3.029, -7.897, -3.628, -3.339, -3.244, -3.133, -3.399
-2.743, -3.115, -3.449, -1.876, -1.625, -4.713, -3.009, -2.481, -2.403, -2.983
-3.117, -2.833, -3.534, -3.483, -1.822, -5.176, -3.045, -3.077, -3.375, -3.107
-3.200, -3.676, -2.731, -3.947, -0.550, -2.610, -3.448, -2.609, -3.286, -3.205
-2.948, -2.938, -4.082, -2.225, -2.681, -5.935, -2.527, -3.075, -3.027, -3.205
-3.372, -3.716, -3.617, -3.018, -8.994, -4.605, -3.009, -3.360, -2.772, -3.180
-3.965, -2.753, -3.440, -3.073, -5.148, -2.418, -2.558, -4.215, -3.004, -3.273
-2.900, -2.963, -3.145, -2.975, -5.481, -2.421, -3.274, -3.489, -3.126, -2.957
-3.407, -3.007, -3.256, -3.417, -6.876, -2.632, -3.491, -2.692, -3.619, -3.793
-3.435, -3.394, -3.194, -3.448, -6.231, -3.039, -3.386, -3.557, -3.081, -2.997
-3.615, -3.486, -3.224, -4.458, -0.859, -3.661, -2.686, -3.792, -3.751, -3.179
-2.906, -2.842, -3.680, -3.315, -7.227, -2.405, -3.585, -2.673, -3.421, -2.941
-3.594, -3.279, -3.557, -2.782, -9.108, -4.116, -3.498, -3.329, -2.867, -3.536
-3.006, -3.629, -3.132, -3.654, -4.057, -1.582, -2.172, -3.373, -3.245, -3.651
-3.128, -3.502, -3.171, -2.644, -4.245, -1.960, -3.029, -3.868, -3.119, -3.415
-4.006, -3.086, -3.290, -2.620, -5.720, -3.286, -2.495, -3.434, -3.445, -3.895
-3.506, -2.578, -3.548, -2.589, -7.723, -2.149, -3.386, -3.012, -2.697, -3.273
-3.120, -2.899, -2.860, -3.961, -8.341, -3.004, -2.947, -2.985, -3.543, -3.362
-3.066, -2.919, -3.071, -4.217, -7.654, -3.331, -3.274, -2.195, -3.440, -3.131
-3.458, -2.989, -3.216, -3.014, -6.625, -3.249, -3.208, -3.067, -2.868, -3.002
-3.339, -3.290, -3.650, -3.621, -2.229, -5.868, -3.454, -3.387, -3.096, -3.164
-3.752, -3.184, -4.083, -2.632, -9.631, -3.353, -3.270, -3.235, -3.729, -3.618
-3.134, -3.048, -3.684, -5.309, -6.263, -1.552, -2.884, -2.963, -3.921, -3.005
-3.267, -2.786, -3.238, -2.885, -2.779, -7.003, -3.306, -3.426, -3.056, -3.572
-2.758, -3.598, -3.112, -3.027, -6.709, -2.360, -3.698, -3.020, -3.254, -3.658
-3.383, -3.366, -3.097, -3.255, -5.540, -2.837, -2.996, -3.310, -2.970, -3.465
-3.807, -4.701, -3.472, -2.509, -0.644, -3.364, -3.014, -2.768, -2.997, -3.278
-3.270, -3.470, -3.047, -2.756, -7.306, -3.115, -3.792, -3.012, -3.035, -3.423
-3.683, -3.654, -3.010, -3.396, -5.377, -1.959, -2.874, -3.815, -2.849, -2.878
-4.244, -2.968, -3.688, -4.337, -6.267, -2.508, -2.742, -2.595, -4.118, -3.370
-3.016, -4.147, -2.897, -2.637, -0.658, -3.022, -3.914, -2.591, -3.739, -3.952
-3.960, -3.816, -3.052, -3.434, -8.088, -3.570, -2.710, -3.473, -2.640, -3.568
-2.733, -2.830, -3.306, -2.406, -2.480, -5.492, -3.678, -3.536, -3.816, -3.506
-3.361, -3.451, -2.498, -2.396, -5.383, -2.433, -3.438, -3.072, -3.162, -3.043
-3.714, -2.770, -3.343, -3.399, -2.262, -6.203, -2.698, -2.373, -3.072, -2.808
-2.362, -3.726, -3.452, -4.730, -0.889, -3.588, -2.594, -3.514, -4.058, -3.158
-3.109, -3.943, -3.359, -4.071, -1.712, -4.318, -3.396, -3.173, -3.641, -3.210
-1.984, -3.062, -2.809, -2.171, -6.008, -2.262, -4.748, -2.999, -2.853, -3.159
-3.062, -3.726, -3.741, -3.155, -5.448, -1.176, -2.894, -2.956, -3.200, -3.239
-3.026, -3.688, -2.996, -4.898, -1.308, -5.957, -2.830, -3.012, -3.355, -3.180
-3.717, -3.242, -3.107, -3.518, -5.218, -2.610, -2.756, -3.690, -3.113, -2.927
-3.123, -4.000, -2.988, -3.729, -1.088, -4.665, -3.292, -3.045, -3.174, -3.311
-2.947, -3.091, -3.198, -3.447, -7.808, -3.792, -2.719, -2.323, -3.041, -2.941
-3.128, -2.620, -3.657, -4.275, -5.780, -1.244, -2.915, -2.188, -3.789, -3.255
-2.886, -3.127, -3.405, -2.510, -4.323, -1.153, -3.697, -3.003, -2.997, -3.250
-3.114, -3.795, -3.106, -3.317, -5.698, -2.122, -2.838, -2.905, -3.192, -3.019
-3.134, -2.688, -3.419, -4.020, -5.815, -2.477, -3.344, -3.503, -2.687, -3.078
-3.323, -3.895, -3.281, -2.586, -0.802, -3.155, -3.246, -2.705, -4.133, -3.482
-3.377, -3.319, -2.923, -2.930, -5.982, -1.480, -3.136, -3.422, -3.130, -3.363
-3.571, -3.505, -3.208, -3.841, -5.282, -1.778, -3.608, -3.083, -3.407, -3.186
-3.243, -3.883, -2.931, -3.803, -2.180, -5.992, -3.444, -2.850, -3.853, -3.525
-2.551, -3.380, -2.223, -1.967, -5.612, -1.958, -4.649, -3.769, -2.666, -2.603
-3.745, -3.897, -3.410, -2.455, -5.713, -1.865, -3.540, -2.954, -3.483, -3.042
-3.091, -3.476, -2.895, -3.197, -8.517, -3.573, -4.054, -2.958, -3.146, -3.096
-3.396, -4.330, -3.476, -3.246, -1.202, -5.755, -2.798, -3.191, -3.228, -2.903
-3.168, -3.341, -3.147, -3.578, -16.800, -4.041, -3.732, -3.505, -3.419, -3.824
-3.584, -3.062, -3.350, -2.224, -10.303, -3.307, -3.736, -3.072, -3.206, -3.425
-2.947, -3.333, -3.256, -3.882, -6.235, -2.323, -2.990, -2.860, -3.417, -2.571
-3.608, -3.706, -4.035, -3.664, -1.610, -4.407, -3.383, -3.183, -3.345, -3.159
-3.269, -3.345, -2.954, -2.632, -1.632, -5.805, -3.138, -2.697, -2.906, -3.210
-3.282, -3.232, -3.131, -2.807, -7.886, -3.387, -3.425, -3.162, -3.516, -3.354
-3.711, -3.364, -3.013, -3.418, -1.581, -5.749, -3.055, -3.139, -2.734, -3.344
-3.230, -3.293, -3.774, -2.358, -6.670, -3.121, -3.026, -3.124, -3.078, -3.750
-3.672, -3.292, -3.264, -4.158, -4.042, -0.704, -3.023, -2.407, -3.523, -3.270
-3.586, -2.835, -2.289, -3.903, -7.221, -2.843, -4.906, -3.006, -3.120, -4.328
-3.240, -4.600, -4.326, -4.401, -1.187, -4.354, -3.269, -2.751, -4.028, -3.135
-3.284, -3.299, -3.675, -2.545, -10.634, -4.364, -3.948, -3.437, -2.924, -3.331
-3.418, -3.355, -2.100, -3.235, -5.018, -2.761, -2.856, -2.752, -3.245, -3.001
-2.866, -3.572, -2.669, -2.758, -5.438, -2.146, -2.764, -3.233, -3.048, -3.606
-3.317, -3.452, -3.411, -3.846, -1.072, -4.728, -3.207, -3.361, -3.111, -3.147
-3.287, -3.166, -2.878, -3.579, -1.073, -3.908, -3.361, -2.959, -3.732, -3.360
-3.278, -3.048, -3.503, -2.524, -5.607, -1.888, -3.307, -3.124, -3.540, -2.991
-3.397, -3.918, -2.524, -3.273, -5.709, -2.797, -3.526, -3.402, -3.116, -3.344
-2.979, -3.117, -3.698, -3.156, -7.578, -3.180, -2.963, -3.192, -3.006, -2.578
-3.124, -2.878, -2.985, -5.667, -1.329, -4.626, -2.787, -4.850, -3.423, -2.783
-3.413, -3.219, -3.855, -2.125, -8.562, -4.544, -3.100, -3.717, -2.991, -3.281
-3.721, -3.050, -2.679, -2.435, -4.487, -1.530, -3.031, -3.184, -3.643, -3.334
-3.168, -3.814, -2.280, -2.875, -4.142, -1.569, -2.799, -3.567, -2.888, -3.583
-3.192, -3.308, -3.534, -2.428, -2.418, -5.502, -3.654, -3.281, -3.050, -3.113
-3.077, -3.019, -3.505, -3.196, -1.501, -4.705, -2.753, -3.053, -2.917, -3.220
-3.360, -2.924, -3.813, -4.054, -1.121, -3.745, -3.628, -3.237, -2.806, -3.095
-3.312, -3.404, -3.325, -4.586, -1.908, -4.834, -3.221, -3.094, -3.201, -3.255
-2.709, -3.010, -2.297, -3.086, -5.601, -2.404, -4.143, -2.421, -2.505, -2.992
-2.361, -3.336, -3.408, -4.162, -4.197, -1.383, -2.574, -3.598, -2.773, -3.269
-2.608, -4.034, -3.223, -4.499, -1.568, -4.191, -4.372, -3.208, -3.660, -3.173
-3.441, -3.269, -3.010, -2.944, -7.083, -3.339, -3.003, -3.448, -3.061, -3.539
-3.490, -4.130, -3.197, -3.096, -4.243, -1.939, -3.191, -3.961, -3.179, -3.329
-2.907, -3.296, -3.554, -3.185, -10.483, -3.705, -3.215, -3.487, -3.021, -3.383
-3.567, -2.882, -2.928, -3.334, -9.806, -3.817, -3.932, -3.358, -3.003, -3.473
-3.476, -2.961, -3.511, -2.766, -9.056, -3.042, -4.088, -2.745, -2.861, -3.173
-3.551, -3.232, -3.102, -3.103, -1.304, -4.316, -3.149, -2.801, -2.442, -3.156
-3.003, -3.576, -3.124, -4.318, -1.098, -4.118, -2.838, -3.352, -3.833, -3.504
-2.962, -2.856, -3.120, -4.170, -1.496, -4.259, -3.357, -3.312, -3.175, -2.772
-3.305, -4.600, -3.632, -3.616, -1.307, -4.328, -3.192, -2.561, -3.481, -2.985
-2.966, -3.313, -2.726, -4.431, -0.738, -3.676, -3.449, -3.411, -2.981, -3.328
-3.046, -3.078, -4.024, -3.423, -8.121, -3.313, -2.816, -3.140, -2.784, -2.830
-3.295, -3.111, -2.990, -2.788, -4.468, -2.062, -2.912, -3.629, -3.338, -3.084
-3.349, -3.997, -2.108, -3.894, -6.629, -2.664, -4.068, -3.241, -3.861, -3.478
-3.411, -3.098, -2.170, -2.613, -6.577, -2.120, -2.408, -3.693, -3.247, -3.128
-2.570, -2.668, -3.157, -2.560, -5.472, -2.112, -3.266, -2.639, -3.221, -2.977
-3.244, -3.474, -2.988, -2.865, -2.580, -5.903, -3.593, -3.134, -3.819, -3.025
-2.867, -2.986, -3.606, -2.581, -2.144, -4.995, -3.055, -2.868, -3.585, -3.113
-3.451, -3.710, -2.883, -3.599, -1.327, -6.866, -3.091, -3.446, -2.509, -3.249
-3.134, -3.242, -2.699, -3.148, -6.851, -3.352, -4.337, -3.094, -3.256, -2.990
-3.590, -3.320, -3.974, -2.825, -11.658, -3.391, -3.447, -3.078, -3.803, -3.623
-3.364, -3.339, -3.307, -3.340, -1.956, -5.022, -3.520, -2.886, -3.595, -2.827
-3.553, -3.188, -2.839, -2.667, -2.028, -6.253, -3.651, -2.833, -3.251, -3.432
-2.614, -2.768, -3.863, -2.343, -2.838, -7.077, -3.151, -2.877, -3.367, -3.107
-3.443, -2.968, -3.705, -2.797, -14.781, -4.150, -3.075, -4.012, -3.039, -3.242
-3.399, -3.562, -3.397, -2.981, -4.751, -1.984, -2.894, -3.801, -3.268, -2.955
-3.610, -2.628, -2.663, -3.382, -2.312, -5.773, -4.119, -3.317, -3.629, -3.252
-2.762, -3.257, -2.987, -3.032, -5.858, -3.023, -2.801, -3.292, -3.394, -3.957
-2.900, -3.393, -3.304, -2.733, -6.091, -1.620, -3.707, -3.867, -3.263, -3.410
-2.807, -3.379, -2.744, -1.912, -1.813, -4.631, -3.318, -2.819, -3.708, -2.830
-3.004, -2.720, -3.379, -3.199, -2.666, -6.238, -3.167, -2.970, -3.825, -3.210
-3.123, -3.106, -2.774, -5.327, -0.607, -3.114, -2.926, -3.747, -3.379, -3.279
-3.319, -2.909, -3.271, -2.806, -1.904, -6.746, -3.380, -2.681, -2.837, -3.243
-3.453, -3.089, -2.603, -2.321, -5.987, -3.454, -2.487, -3.729, -2.750, -2.985
-3.506, -3.201, -2.580, -3.288, -4.726, -2.541, -2.270, -3.124, -3.056, -3.240
-3.346, -2.706, -2.846, -5.283, -1.273, -4.738, -2.848, -3.438, -2.829, -3.317
-3.549, -3.573, -3.067, -3.389, -2.224, -5.745, -3.251, -2.488, -2.950, -3.535
-3.549, -2.851, -3.250, -2.882, -2.442, -6.776, -3.233, -2.938, -2.899, -3.422
-3.430, -3.419, -3.410, -3.434, -1.416, -4.423, -3.313, -2.939, -2.679, -3.281
-3.174, -3.430, -2.583, -2.379, -3.925, -1.050, -3.491, -3.532, -2.748, -2.935
-3.323, -3.016, -3.633, -2.794, -6.847, -2.420, -3.056, -3.245, -3.275, -3.338
-2.849, -3.010, -3.171, -3.312, -9.416, -2.834, -3.744, -2.205, -3.059, -2.860
-3.423, -2.700, -2.678, -2.755, -2.421, -5.927, -3.233, -2.861, -3.365, -3.404
-3.480, -2.940, -2.938, -3.756, -9.838, -3.176, -3.519, -2.179, -3.295, -3.484
-4.235, -3.312, -3.035, -3.124, -5.143, -1.571, -2.432, -2.707, -3.082, -3.612
-3.570, -3.458, -2.939, -4.874, -0.851, -3.625, -2.893, -4.265, -3.325, -3.223
-3.026, -3.223, -3.105, -3.804, -6.583, -2.822, -2.740, -3.679, -3.217, -2.943
-2.675, -3.994, -3.411, -1.916, -0.953, -3.418, -2.851, -3.573, -3.649, -2.687
-3.303, -3.127, -2.933, -3.157, -7.169, -3.198, -3.047, -2.680, -3.693, -2.920
-3.444, -3.922, -3.859, -4.159, -1.810, -5.133, -2.909, -3.181, -3.027, -3.402
-3.223, -3.291, -2.976, -2.892, -2.069, -6.260, -2.982, -2.373, -3.090, -3.364
-3.195, -3.394, -3.284, -2.378, -5.733, -2.414, -3.314, -3.612, -3.166, -3.295
-3.130, -3.219, -3.210, -2.865, -6.589, -3.041, -3.214, -3.400, -3.120, -3.245
-3.113, -3.776, -2.739, -3.276, -0.786, -3.998, -3.480, -5.139, -2.633, -3.293
-3.496, -3.433, -3.105, -3.359, -6.065, -3.148, -3.103, -3.899, -3.232, -3.089
-2.778, -3.682, -2.881, -3.579, -1.114, -4.802, -3.141, -3.818, -3.260, -3.127
-3.302, -3.297, -2.894, -3.124, -6.358, -3.279, -3.044, -3.115, -3.259, -3.300
-3.521, -4.472, -3.239, -3.875, -1.228, -5.234, -2.887, -3.817, -3.201, -3.108
-3.028, -3.408, -2.928, -4.589, -1.394, -3.919, -3.604, -3.706, -3.498, -3.276
-3.218, -3.036, -3.108, -2.907, -5.147, -2.443, -3.106, -3.024, -3.071, -3.317
-3.333, -3.497, -3.468, -3.396, -5.947, -2.880, -2.995, -2.560, -2.974, -3.014
-3.575, -3.225, -3.059, -3.573, -1.642, -6.055, -2.867, -2.473, -2.549, -3.200
-3.334, -3.181, -3.130, -2.960, -5.577, -2.808, -2.918, -3.404, -3.090, -3.310
-3.075, -3.216, -3.233, -3.233, -5.741, -2.099, -3.209, -3.177, -3.425, -3.444
-3.392, -3.143, -3.084, -2.693, -4.271, -2.139, -2.595, -3.459, -3.079, -3.138
-3.062, -3.031, -3.586, -3.373, -8.090, -2.454, -3.184, -3.329, -3.163, -3.042
-4.065, -2.941, -3.542, -2.976, -4.990, -2.120, -2.992, -3.346, -3.442, -3.758
-3.847, -3.385, -2.968, -3.128, -6.484, -3.251, -4.167, -3.749, -2.827, -3.949
-2.998, -3.486, -2.662, -5.015, -1.106, -4.295, -3.097, -3.573, -3.603, -3.425
-3.902, -2.844, -3.197, -5.012, -5.344, -2.300, -3.361, -2.762, -3.701, -3.656
-3.269, -3.157, -3.071, -2.813, -8.044, -3.145, -4.283, -3.155, -2.911, -3.402
-3.164, -3.365, -3.598, -3.095, -6.430, -2.987, -3.153, -3.504, -3.174, -3.125
-3.311, -3.274, -3.152, -3.176, -6.728, -2.288, -3.978, -3.241, -3.574, -3.020
-3.755, -3.177, -3.179, -4.256, -0.711, -3.545, -2.654, -3.162, -2.657, -3.146
-3.425, -3.832, -4.042, -2.184, -6.774, -2.821, -3.609, -2.602, -3.178, -2.785
-2.901, -3.413, -2.624, -3.572, -0.626, -2.823, -3.902, -2.954, -3.256, -3.579
-2.795, -3.270, -2.803, -2.569, -5.756, -2.287, -2.912, -3.341, -3.132, -3.125
-3.400, -3.317, -3.344, -2.699, -7.047, -3.331, -3.253, -3.340, -2.897, -3.173
-3.459, -3.304, -3.632, -3.531, -1.782, -5.324, -3.263, -2.510, -2.985, -3.347
-3.159, -3.272, -2.742, -2.513, -5.729, -2.071, -3.917, -3.013, -3.153, -4.099
-3.672, -3.363, -2.617, -2.477, -3.804, -1.001, -4.023, -3.777, -3.605, -3.121
-2.839, -3.722, -3.004, -3.746, -1.952, -7.590, -3.158, -3.015, -3.504, -3.242
-3.067, -4.104, -3.218, -2.953, -1.096, -3.532, -3.754, -2.469, -2.960, -3.409
-3.270, -3.052, -3.049, -3.099, -6.530, -2.277, -3.276, -3.952, -2.974, -3.362
-3.232, -3.073, -3.141, -1.946, -6.816, -2.168, -3.588, -3.262, -3.228, -3.608
-3.267, -3.341, -3.210, -3.065, -5.710, -2.702, -2.574, -3.220, -3.456, -3.900
-2.820, -3.285, -4.114, -3.769, -1.283, -3.730, -2.639, -2.817, -3.133, -2.962
-2.926, -2.870, -2.916, -3.160, -6.272, -2.393, -2.816, -2.543, -3.558, -3.784
-5.049, -3.284, -3.874, -3.208, -4.903, -2.323, -2.912, -3.090, -3.803, -3.527
-3.157, -3.306, -3.677, -3.044, -2.126, -4.973, -3.178, -2.503, -2.603, -3.252
-2.492, -3.591, -2.441, -3.687, -5.290, -1.848, -4.242, -2.194, -2.806, -3.147
-3.374, -2.865, -2.863, -2.283, -2.526, -6.386, -3.422, -2.791, -3.202, -2.867
-2.593, -2.673, -3.107, -2.627, -5.546, -2.129, -3.325, -2.755, -3.041, -2.931
-3.794, -2.910, -2.828, -2.678, -2.179, -6.225, -3.951, -3.959, -3.386, -3.841
-3.549, -2.811, -4.492, -3.784, -1.619, -4.150, -4.119, -2.906, -2.688, -3.343
-3.305, -3.152, -3.238, -2.904, -8.996, -3.100, -3.493, -3.159, -3.657, -3.233
-3.622, -3.403, -3.266, -2.996, -4.990, -1.997, -2.533, -2.665, -3.127, -3.419
-3.373, -3.684, -3.318, -3.732, -1.995, -5.014, -3.002, -2.720, -3.082, -3.020
-3.316, -3.673, -3.368, -2.859, -2.440, -6.350, -2.791, -2.628, -2.985, -2.859
-3.724, -3.429, -3.306, -2.254, -8.675, -3.210, -3.428, -3.341, -2.964, -3.444
-3.571, -3.415, -2.959, -2.702, -7.277, -3.545, -3.670, -4.247, -2.810, -3.445
-3.639, -3.544, -2.784, -2.525, -7.837, -4.450, -3.300, -3.459, -2.848, -3.152
-3.369, -3.422, -3.402, -3.787, -1.261, -3.804, -3.022, -3.152, -3.128, -3.156
-3.833, -3.306, -2.782, -3.563, -4.572, -2.093, -3.490, -3.392, -3.631, -3.659
-3.276, -4.625, -3.920, -3.712, -2.218, -5.288, -3.522, -3.182, -3.147, -3.135
-2.992, -3.278, -4.294, -3.139, -7.950, -3.818, -2.637, -3.845, -3.103, -2.744
-3.238, -2.561, -3.333, -4.565, -6.001, -2.455, -3.253, -2.658, -3.133, -3.152
-3.270, -2.812, -4.251, -4.013, -1.628, -3.689, -3.740, -2.997, -3.489, -2.850
-3.101, -3.353, -3.695, -3.843, -3.091, -6.566, -3.089, -3.274, -3.277, -2.925
-3.067, -2.932, -2.960, -3.419, -5.717, -2.708, -3.248, -2.892, -3.298, -3.599
-3.366, -2.870, -3.243, -2.599, -2.053, -5.643, -3.460, -2.426, -3.233, -3.447
-3.372, -3.654, -3.560, -2.970, -6.461, -3.339, -2.841, -3.459, -3.473, -3.125
-3.427, -3.339, -3.360, -3.970, -1.071, -3.895, -2.721, -3.265, -2.956, -3.236
-3.572, -3.228, -3.090, -2.491, -6.242, -3.112, -3.566, -3.132, -3.145, -2.978
-3.232, -2.890, -3.066, -3.876, -2.108, -5.693, -2.857, -2.803, -2.627, -2.927
-2.943, -3.206, -2.932, -2.373, -5.188, -1.944, -3.461, -3.210, -3.269, -3.033
-3.914, -3.093, -2.520, -2.911, -7.949, -2.813, -3.123, -2.790, -3.629, -3.983
-2.676, -3.823, -3.841, -2.217, -6.956, -2.248, -3.389, -3.052, -3.131, -2.914
-3.160, -3.476, -3.343, -2.799, -5.459, -2.085, -3.430, -2.850, -3.408, -3.015
-3.381, -3.556, -3.277, -3.399, -6.430, -2.460, -2.861, -3.427, -3.450, -3.296
-3.457, -3.917, -3.368, -3.266, -6.310, -2.098, -3.166, -3.600, -3.141, -2.983
-3.702, -3.386, -3.531, -4.232, -1.551, -4.166, -2.580, -2.413, -3.045, -3.014
-3.481, -3.399, -2.352, -2.841, -5.909, -2.604, -4.647, -3.615, -2.689, -3.462
-3.754, -2.995, -4.266, -3.300, -12.146, -3.583, -3.422, -2.988, -3.513, -3.307
-2.618, -3.039, -2.852, -3.529, -1.400, -4.142, -3.419, -3.837, -3.742, -3.496
-3.285, -3.198, -3.517, -3.302, -20.388, -4.594, -3.651, -3.115, -3.276, -3.435
-3.125, -3.750, -3.262, -3.085, -2.106, -6.141, -3.177, -2.873, -3.181, -3.313
-2.373, -3.641, -2.920, -2.729, -1.270, -3.898, -3.034, -3.226, -3.855, -2.997
-3.007, -2.711, -2.949, -2.968, -2.761, -6.544, -2.998, -2.820, -4.271, -3.277
-2.642, -3.241, -2.217, -3.661, -1.999, -4.581, -4.353, -2.200, -3.134, -3.106
-3.179, -2.842, -3.430, -2.061, -2.357, -5.835, -2.791, -3.209, -3.335, -3.337
-3.362, -3.428, -3.154, -2.804, -6.889, -3.552, -3.612, -2.832, -2.459, -3.401
-3.866, -3.164, -3.053, -2.410, -2.158, -5.947, -3.542, -3.156, -3.486, -3.422
-3.206, -2.947, -3.076, -2.604, -1.726, -4.484, -3.158, -2.547, -2.614, -3.251
-3.524, -2.730, -3.494, -2.926, -7.591, -2.187, -3.065, -3.087, -3.191, -4.613
-3.888, -3.132, -3.632, -5.952, -6.049, -2.296, -2.919, -3.002, -3.992, -3.651
-3.519, -3.177, -3.117, -3.494, -1.413, -4.439, -3.131, -2.772, -3.416, -3.328
-2.975, -2.754, -2.549, -3.482, -6.986, -1.787, -3.689, -2.417, -3.115, -3.549
-3.308, -2.767, -3.398, -3.134, -8.860, -3.274, -3.715, -3.326, -3.480, -3.263
-3.017, -3.074, -3.034, -2.866, -4.980, -2.118, -3.270, -3.136, -3.188, -3.426
-3.242, -2.723, -2.649, -3.394, -6.096, -3.296, -2.842, -3.023, -2.898, -3.282
-3.793, -3.238, -3.101, -2.193, -5.492, -2.728, -3.795, -3.373, -3.870, -3.233
-2.743, -3.407, -3.765, -2.723, -5.514, -1.954, -3.392, -2.550, -3.094, -3.104
-3.230, -3.327, -3.382, -3.312, -9.618, -3.547, -3.666, -3.141, -3.397, -3.330
-3.495, -4.266, -3.698, -3.126, -1.200, -3.779, -3.492, -2.311, -3.372, -3.151
-3.266, -2.227, -3.003, -3.812, -6.144, -2.720, -3.362, -3.572, -3.458, -3.428
-3.535, -2.870, -2.983, -3.072, -5.897, -2.841, -3.428, -3.061, -3.582, -3.077
-2.963, -3.501, -2.556, -3.537, -0.869, -3.924, -3.731, -3.621, -3.095, -3.674
-3.625, -3.745, -2.347, -2.977, -3.755, -1.408, -2.572, -2.804, -2.799, -3.578
-3.419, -3.627, -3.296, -4.267, -0.772, -3.362, -2.649, -3.222, -3.556, -3.093
-3.000, -4.263, -3.096, -4.393, -0.663, -3.603, -3.252, -2.902, -3.908, -3.323
-1.562, -3.822, -3.459, -2.582, -1.707, -3.585, -3.216, -3.299, -3.339, -2.059
-3.143, -3.212, -3.356, -3.725, -1.837, -5.544, -3.298, -3.247, -3.298, -3.628
-2.372, -3.171, -3.045, -3.790, -0.890, -3.317, -3.343, -3.575, -3.682, -3.267
-2.934, -4.372, -2.967, -2.960, -0.815, -3.578, -3.454, -2.705, -4.192, -3.647
-3.549, -2.686, -3.253, -4.491, -1.797, -4.714, -3.362, -3.479, -3.072, -3.490
-3.428, -3.566, -2.982, -4.404, -0.741, -3.958, -2.838, -3.328, -2.771, -3.097
-3.434, -3.508, -3.159, -2.848, -6.335, -2.892, -3.052, -3.386, -3.147, -3.119
-2.677, -3.775, -3.470, -2.130, -1.069, -3.348, -3.386, -2.441, -3.846, -3.273
-3.384, -3.472, -3.759, -4.483, -6.380, -2.916, -3.033, -2.911, -3.209, -3.322
-3.043, -3.489, -3.411, -2.921, -8.977, -4.568, -3.515, -3.040, -3.039, -3.232
-3.592, -3.294, -3.017, -2.421, -1.831, -4.870, -3.663, -2.622, -3.867, -3.643
-3.390, -2.835, -3.965, -2.454, -5.303, -2.400, -3.179, -3.360, -3.115, -2.908
-3.866, -3.293, -2.336, -4.546, -5.028, -2.171, -4.514, -2.835, -3.714, -4.363
-3.289, -3.332, -3.913, -3.736, -2.297, -5.389, -2.548, -3.382, -3.328, -2.903
-2.635, -3.045, -2.968, -3.367, -1.687, -4.436, -3.485, -3.632, -3.777, -3.506
-2.871, -3.643, -3.137, -3.455, -0.772, -3.609, -3.089, -3.258, -3.886, -3.263
-2.474, -3.275, -3.780, -3.836, -0.650, -2.446, -2.898, -3.036, -3.202, -2.707
-2.636, -3.696, -2.863, -2.480, -0.970, -3.535, -3.709, -3.020, -4.013, -3.063
-3.610, -3.662, -2.954, -3.442, -5.143, -1.863, -2.882, -3.406, -3.203, -3.802
-3.451, -3.445, -3.717, -3.152, -7.493, -4.011, -3.014, -3.202, -3.085, -3.160
-3.126, -3.135, -2.610, -2.930, -6.576, -3.748, -2.853, -3.285, -3.065, -3.150
-3.029, -2.949, -3.262, -2.832, -6.054, -2.469, -2.773, -3.341, -2.991, -3.176
-3.219, -3.373, -3.106, -4.429, -2.068, -5.237, -3.304, -2.921, -3.899, -3.289
-3.588, -3.714, -2.760, -4.921, -0.904, -4.307, -2.696, -3.343, -3.117, -3.192
-2.796, -2.827, -3.247, -3.417, -1.076, -3.526, -2.974, -3.965, -4.158, -3.131
-3.610, -3.698, -4.101, -3.677, -6.260, -3.253, -2.420, -3.329, -3.240, -3.145
-3.536, -2.971, -2.715, -3.200, -4.981, -2.144, -3.239, -3.617, -3.059, -3.283
-3.018, -3.321, -2.761, -2.973, -5.995, -2.763, -3.193, -2.934, -3.328, -3.671
-3.506, -3.335, -4.189, -3.199, -6.618, -3.068, -2.648, -3.111, -3.244, -3.491
-3.480, -3.048, -3.640, -2.913, -6.890, -2.154, -3.339, -3.640, -3.492, -3.309
-2.660, -3.662, -3.065, -2.924, -8.238, -2.871, -3.842, -2.714, -3.894, -3.877
-3.349, -3.306, -3.551, -3.497, -1.954, -6.248, -3.320, -2.726, -2.778, -3.313
-3.823, -3.568, -3.426, -2.628, -1.105, -3.447, -3.863, -2.448, -3.913, -3.754
-2.975, -3.288, -3.033, -2.748, -1.803, -4.908, -3.196, -2.793, -3.578, -3.265
-4.304, -3.347, -3.274, -3.930, -1.288, -5.025, -3.080, -3.685, -2.984, -4.023
-3.259, -3.356, -3.691, -2.330, -7.576, -3.167, -4.102, -3.200, -2.948, -3.381
-3.517, -3.054, -2.669, -3.340, -6.236, -2.605, -3.356, -3.217, -3.365, -3.727
-3.351, -3.116, -3.470, -3.527, -8.630, -4.355, -3.367, -3.122, -3.262, -3.009
-3.531, -2.934, -4.902, -3.747, -6.866, -2.403, -2.790, -3.011, -3.320, -3.467
-3.339, -3.257, -3.127, -4.520, -2.512, -6.080, -3.366, -3.605, -3.201, -3.388
-2.928, -3.303, -2.907, -4.025, -6.913, -2.823, -3.522, -3.369, -3.348, -2.895
-3.242, -3.463, -3.796, -2.323, -10.428, -3.793, -3.650, -3.374, -3.195, -3.336
-3.065, -3.324, -4.021, -3.491, -2.946, -5.987, -3.204, -2.490, -2.707, -3.565
-2.676, -3.929, -3.732, -1.910, -1.161, -4.165, -3.283, -2.452, -3.213, -2.767
-3.290, -3.324, -2.846, -2.919, -5.219, -2.626, -2.988, -3.757, -3.176, -3.379
-4.059, -3.411, -2.623, -3.140, -2.059, -6.156, -3.182, -3.701, -3.102, -3.478
-2.754, -2.951, -2.572, -3.210, -6.169, -2.972, -3.786, -2.926, -3.369, -3.432
-3.097, -2.513, -2.859, -3.751, -7.940, -3.749, -3.657, -2.464, -3.534, -3.124
-2.953, -2.943, -3.092, -4.242, -2.190, -6.008, -3.520, -3.353, -3.698, -3.475
-3.165, -4.071, -3.356, -3.277, -1.388, -4.443, -3.382, -3.347, -2.537, -3.144
-3.559, -3.710, -2.738, -2.576, -5.929, -2.728, -3.629, -3.992, -2.958, -4.076
-3.550, -3.889, -3.244, -4.152, -0.703, -3.671, -2.796, -3.493, -3.304, -3.051
-3.268, -3.081, -2.972, -2.558, -4.759, -2.042, -2.805, -2.932, -3.224, -3.069
-3.180, -3.336, -3.256, -3.575, -2.642, -7.025, -3.460, -3.249, -3.334, -3.152
-3.169, -3.380, -3.244, -2.700, -6.299, -2.922, -3.259, -3.189, -3.218, -3.373
-3.439, -2.749, -3.518, -4.272, -0.920, -3.707, -2.611, -3.414, -2.961, -3.173
-3.406, -2.683, -3.798, -3.743, -9.739, -2.975, -3.034, -3.371, -3.624, -3.308
-2.972, -3.302, -3.406, -3.053, -2.286, -5.755, -2.394, -3.768, -3.429, -2.919
-3.418, -3.275, -2.968, -2.812, -6.692, -3.491, -3.081, -3.393, -3.128, -3.250
-2.670, -3.996, -2.935, -3.467, -1.407, -4.066, -3.680, -2.586, -3.869, -3.250
-3.363, -2.935, -2.959, -2.883, -6.152, -2.143, -3.228, -3.683, -2.955, -3.353
-3.655, -3.196, -3.858, -2.301, -6.080, -1.615, -3.972, -3.278, -3.232, -3.447
-3.315, -2.940, -3.366, -2.869, -6.834, -3.173, -3.554, -2.860, -3.017, -3.279
-3.098, -4.239, -3.296, -3.800, -1.010, -3.825, -2.764, -3.192, -3.990, -3.468
-4.052, -3.519, -2.604, -3.309, -4.140, -1.756, -2.990, -3.658, -2.837, -3.317
-3.646, -2.776, -3.215, -2.946, -5.993, -2.662, -4.059, -3.225, -3.597, -3.218
-3.118, -3.877, -3.191, -4.695, -0.948, -3.944, -2.993, -2.923, -3.906, -3.226
-3.447, -3.312, -3.500, -3.329, -1.803, -5.250, -3.346, -2.608, -2.751, -3.316
-2.940, -3.461, -3.086, -3.690, -1.357, -4.131, -3.191, -3.924, -3.243, -3.170
-3.175, -2.745, -3.140, -3.949, -0.970, -3.953, -3.109, -3.759, -3.829, -3.305
-3.133, -3.109, -3.911, -3.525, -5.903, -1.999, -3.355, -3.120, -3.615, -3.616
-3.146, -3.761, -3.241, -3.170, -1.781, -5.504, -2.939, -2.729, -3.870, -3.550
-3.758, -3.260, -2.395, -3.828, -5.719, -2.679, -4.288, -2.829, -2.880, -3.425
-3.177, -3.173, -3.360, -2.339, -5.691, -2.504, -3.642, -3.336, -2.931, -3.284
-3.274, -3.773, -3.184, -3.398, -5.775, -1.912, -2.968, -3.432, -3.345, -3.266
-3.165, -3.010, -2.922, -5.475, -1.710, -5.217, -2.964, -3.161, -3.545, -2.878
-3.344, -3.254, -2.778, -4.876, -1.082, -4.571, -3.134, -3.233, -3.010, -3.303
-3.587, -3.565, -2.351, -1.974, -4.956, -1.909, -2.896, -2.849, -3.664, -3.020
-2.946, -3.410, -2.946, -3.522, -1.202, -3.940, -3.162, -3.668, -3.272, -2.631
-4.423, -2.747, -3.577, -3.176, -6.981, -3.558, -3.419, -3.332, -3.749, -3.044
-2.654, -3.484, -3.730, -4.036, -2.163, -5.133, -2.497, -2.711, -3.530, -3.132
-3.201, -3.087, -3.227, -3.726, -8.471, -2.868, -3.150, -3.008, -2.828, -3.216
-3.247, -3.465, -3.788, -3.008, -7.061, -3.163, -3.518, -3.485, -3.019, -3.371
-2.887, -3.313, -2.822, -2.950, -1.666, -4.837, -3.989, -3.493, -3.240, -3.590
-3.238, -2.950, -3.515, -3.448, -6.333, -2.735, -3.147, -2.695, -3.313, -3.170
-3.453, -3.131, -2.891, -3.847, -4.537, -1.373, -3.484, -3.448, -3.410, -3.655
-3.181, -3.096, -3.454, -3.263, -1.220, -4.072, -2.920, -3.106, -3.563, -3.167
-3.319, -3.075, -4.476, -4.566, -1.521, -3.912, -4.657, -3.569, -2.908, -3.250
-3.079, -3.802, -3.893, -2.377, -7.236, -2.771, -3.011, -3.161, -3.276, -2.215
-3.667, -3.539, -3.185, -2.644, -6.134, -2.007, -3.610, -2.943, -3.173, -3.251
-4.427, -3.460, -3.182, -2.918, -5.136, -2.355, -2.590, -3.508, -3.589, -3.548
-3.341, -3.237, -3.250, -2.763, -4.872, -1.898, -3.313, -3.100, -3.105, -3.283
-3.394, -3.408, -4.099, -3.779, -1.532, -4.546, -3.103, -4.308, -2.997, -3.435
-3.105, -3.458, -3.319, -4.413, -1.721, -5.095, -2.763, -3.751, -3.835, -3.296
-3.648, -2.758, -3.291, -3.617, -5.631, -1.927, -3.320, -2.720, -3.633, -3.471
-3.514, -3.164, -3.651, -2.787, -7.005, -3.022, -3.112, -3.311, -2.974, -3.266
-1.835, -3.055, -3.534, -1.540, -1.655, -3.830, -3.646, -3.807, -3.286, -2.613
-3.346, -3.656, -2.925, -4.277, -5.338, -2.109, -3.476, -3.559, -4.054, -3.402
-3.072, -4.109, -2.904, -4.164, -0.982, -4.791, -3.020, -2.770, -3.502, -3.500
-3.150, -4.091, -3.420, -4.096, -1.959, -4.968, -3.303, -3.347, -3.409, -3.363
-3.393, -3.072, -3.031, -5.059, -1.716, -4.906, -2.913, -3.524, -3.177, -3.278
-3.005, -3.216, -3.348, -3.366, -9.269, -2.895, -2.979, -3.399, -4.013, -3.029
-3.407, -3.568, -4.196, -1.535, -6.899, -2.705, -3.459, -2.613, -3.195, -3.447
-4.074, -2.340, -3.971, -3.928, -8.110, -2.709, -2.626, -3.502, -2.918, -2.723
-2.764, -2.885, -4.166, -3.052, -2.227, -6.918, -2.473, -3.231, -3.306, -2.742
-3.046, -3.203, -3.118, -4.813, -1.844, -5.072, -2.889, -3.307, -3.005, -3.323
-3.251, -3.041, -3.054, -2.991, -5.561, -2.471, -3.537, -3.150, -3.186, -3.245
-3.351, -3.615, -2.013, -2.875, -6.140, -3.700, -3.673, -3.516, -2.852, -3.512
-2.807, -2.721, -3.725, -2.835, -2.426, -6.530, -3.484, -3.272, -3.260, -2.889
-3.256, -3.295, -2.963, -2.954, -1.102, -3.264, -3.707, -2.267, -2.713, -2.473
-3.735, -4.439, -2.390, -3.545, -4.924, -2.934, -2.595, -4.234, -2.717, -3.314
-4.116, -3.698, -2.947, -4.135, -4.392, -1.609, -3.747, -2.558, -3.581, -3.183
-3.621, -3.225, -3.683, -4.363, -1.908, -4.688, -2.572, -3.162, -3.696, -2.717
-2.986, -3.558, -3.802, -3.277, -1.970, -6.860, -2.319, -2.600, -2.636, -2.862
-3.874, -2.844, -3.310, -2.808, -4.694, -2.028, -3.538, -3.198, -3.347, -3.409
-3.259, -3.805, -3.049, -3.376, -0.782, -3.532, -3.228, -2.788, -3.758, -3.252
-3.534, -3.678, -3.344, -3.364, -5.908, -2.737, -3.548, -3.647, -3.111, -3.050
-3.909, -2.923, -2.604, -3.053, -4.338, -1.437, -4.318, -3.563, -3.471, -3.651
-3.150, -3.341, -3.664, -2.798, -7.550, -3.035, -3.196, -2.826, -3.437, -3.043
-3.836, -3.121, -3.261, -4.389, -0.688, -3.457, -2.538, -3.199, -2.710, -3.099
-3.445, -2.807, -3.075, -2.604, -2.259, -6.216, -3.302, -3.089, -2.999, -3.361
-3.163, -3.206, -2.867, -2.284, -7.104, -3.858, -2.666, -3.737, -3.135, -3.334
-3.381, -3.688, -2.700, -3.296, -6.918, -3.413, -3.138, -3.755, -3.210, -3.528
-3.019, -2.643, -3.022, -3.163, -6.594, -2.287, -3.818, -3.112, -2.837, -3.121
-2.654, -2.691, -4.014, -4.275, -5.685, -2.096, -2.204, -2.962, -3.291, -2.831
-2.826, -2.741, -3.883, -2.324, -2.867, -6.688, -2.752, -2.997, -3.551, -3.189
-3.166, -3.332, -3.150, -2.504, -2.324, -6.524, -3.050, -2.901, -2.957, -3.338
-3.131, -3.033, -3.134, -4.169, -9.402, -4.156, -3.327, -2.700, -3.258, -3.362
-2.906, -3.249, -3.480, -3.471, -2.583, -5.859, -3.167, -2.549, -3.091, -3.517
-3.228, -3.785, -3.642, -2.858, -2.175, -5.034, -3.150, -2.475, -2.835, -3.028
-3.414, -3.225, -2.716, -2.938, -6.937, -3.815, -3.229, -3.609, -2.829, -3.225
-3.227, -3.060, -4.323, -3.161, -4.984, -1.429, -3.552, -3.674, -3.330, -3.053
-3.318, -3.476, -4.416, -4.526, -1.892, -4.407, -4.300, -3.170, -3.161, -3.247
-3.397, -3.044, -3.076, -2.797, -5.785, -2.583, -2.926, -3.148, -3.182, -2.909
-2.974, -2.781, -3.800, -3.477, -8.652, -2.519, -3.245, -2.771, -3.598, -3.437
-3.399, -3.752, -3.514, -3.197, -1.979, -5.729, -3.093, -2.736, -2.907, -3.286
-3.629, -4.118, -3.692, -4.394, -2.189, -5.780, -3.049, -3.688, -3.525, -3.341
-3.923, -3.235, -2.823, -2.261, -4.948, -2.579, -3.614, -4.000, -3.514, -3.311
-3.241, -3.223, -3.096, -2.512, -5.609, -2.351, -2.736, -3.327, -3.518, -3.032
-3.191, -3.392, -3.029, -3.277, -6.273, -2.921, -3.213, -3.374, -3.261, -2.925
-3.137, -3.206, -3.214, -2.869, -1.704, -5.253, -3.389, -2.411, -3.005, -3.354
-2.807, -4.249, -2.930, -3.249, -0.568, -3.102, -3.552, -3.237, -3.923, -3.220
-2.913, -3.309, -3.174, -3.902, -1.538, -6.082, -2.804, -3.460, -3.203, -3.287
-3.450, -3.074, -3.189, -2.550, -5.871, -2.433, -3.294, -3.019, -3.036, -3.370
-3.065, -2.836, -3.417, -2.864, -2.745, -6.680, -3.986, -3.128, -3.296, -3.271
-3.605, -3.922, -3.435, -2.774, -4.748, -1.562, -3.180, -2.612, -3.686, -3.578
-3.899, -2.584, -3.423, -3.146, -7.213, -2.424, -3.896, -2.526, -2.757, -3.696
-2.955, -3.570, -3.244, -5.442, -1.202, -3.991, -2.654, -3.726, -3.681, -3.589
-3.551, -3.206, -3.033, -3.828, -6.089, -2.093, -3.692, -2.822, -2.987, -3.365
-3.515, -3.218, -4.161, -2.036, -6.652, -1.461, -3.735, -2.926, -3.207, -3.340
-3.476, -3.533, -3.214, -2.414, -9.299, -3.429, -3.503, -3.528, -3.125, -3.546
-3.032, -3.495, -3.348, -3.724, -1.512, -4.757, -2.891, -2.653, -3.539, -3.376
-3.102, -2.990, -3.008, -3.048, -6.327, -3.095, -3.304, -2.681, -3.098, -3.058
-2.612, -2.553, -2.843, -3.787, -1.662, -4.521, -3.430, -3.924, -3.378, -3.228
-3.364, -3.700, -3.265, -4.223, -4.467, -0.993, -3.491, -1.692, -3.272, -3.628
-3.729, -3.089, -4.087, -3.324, -7.635, -3.159, -3.194, -2.499, -3.426, -2.973
-3.591, -3.750, -2.489, -3.390, -4.716, -2.488, -2.658, -3.542, -2.964, -3.093
-3.618, -3.395, -3.083, -2.285, -1.797, -5.205, -4.228, -2.800, -3.022, -3.268
-3.342, -2.987, -2.805, -3.966, -8.321, -3.774, -2.819, -2.877, -2.772, -3.331
-3.698, -2.533, -2.886, -2.955, -5.928, -1.648, -3.186, -3.441, -2.651, -3.263
-3.375, -3.404, -3.234, -2.694, -7.780, -3.648, -3.230, -3.596, -3.255, -3.291
-3.226, -3.937, -2.887, -2.772, -1.226, -5.452, -3.327, -3.242, -2.873, -3.690
-3.592, -3.022, -3.126, -2.322, -6.774, -3.248, -3.529, -3.338, -3.155, -3.133
-3.563, -3.795, -2.971, -2.895, -2.377, -6.579, -3.784, -3.319, -2.925, -3.492
-3.363, -3.115, -3.997, -3.021, -2.111, -5.777, -2.759, -3.071, -3.318, -3.551
-3.255, -3.263, -3.272, -2.632, -5.238, -2.179, -3.208, -3.458, -2.971, -2.919
-3.531, -3.655, -2.833, -3.947, -6.239, -2.558, -2.943, -3.758, -3.067, -3.226
-2.962, -3.034, -2.972, -3.171, -10.662, -3.979, -4.226, -2.708, -2.964, -3.593
-3.155, -3.561, -2.781, -2.534, -5.690, -2.663, -2.554, -3.145, -3.160, -3.408
-2.876, -3.518, -3.792, -3.797, -9.070, -4.133, -3.448, -2.921, -3.005, -3.221
-3.219, -3.832, -3.566, -3.338, -1.354, -3.663, -3.370, -2.577, -3.356, -3.292
-3.128, -2.810, -2.901, -3.734, -1.206, -3.933, -3.427, -3.603, -3.801, -3.417
-3.184, -3.093, -3.328, -3.068, -2.000, -5.504, -2.954, -2.762, -3.205, -3.008
-3.106, -3.002, -3.326, -2.784, -2.219, -6.099, -3.104, -3.113, -3.162, -3.597
-2.795, -3.491, -3.108, -3.402, -1.469, -4.421, -3.597, -4.261, -2.893, -2.799
-3.741, -4.096, -4.077, -3.665, -1.891, -4.573, -3.075, -2.934, -3.155, -2.595
-3.462, -3.436, -3.231, -3.001, -7.106, -3.884, -3.143, -3.108, -3.065, -3.213
-3.084, -3.581, -3.095, -4.758, -1.261, -5.061, -3.171, -3.695, -3.603, -3.181
-3.088, -3.185, -2.855, -4.491, -6.225, -2.754, -3.629, -2.830, -3.644, -2.980
-3.251, -3.045, -3.480, -3.530, -10.113, -3.390, -3.264, -2.713, -3.299, -3.318
-3.134, -2.854, -3.093, -3.864, -5.059, -1.967, -3.195, -2.375, -3.650, -2.666
-2.646, -3.913, -3.287, -2.816, -0.994, -3.039, -3.323, -2.845, -4.032, -2.811
-3.695, -2.807, -3.740, -3.128, -1.888, -5.443, -2.609, -3.344, -3.833, -3.459
-3.518, -3.194, -3.620, -3.067, -7.126, -3.605, -2.886, -3.151, -3.180, -2.984
-3.147, -3.832, -2.888, -3.965, -1.039, -3.516, -3.418, -3.559, -4.299, -3.707
-3.479, -2.923, -2.781, -2.973, -2.423, -6.582, -3.135, -2.705, -2.952, -3.257
-4.161, -3.000, -2.975, -3.051, -2.022, -5.941, -3.559, -3.369, -3.202, -3.320
-3.139, -3.748, -3.156, -3.875, -1.752, -5.990, -2.971, -2.893, -3.644, -3.095
-3.629, -3.176, -2.974, -5.497, -0.835, -4.181, -2.891, -3.550, -3.306, -3.913
-3.263, -2.757, -2.613, -2.914, -6.706, -2.617, -2.928, -2.545, -3.534, -2.941
-2.743, -3.111, -2.699, -2.561, -6.017, -2.554, -3.512, -3.306, -3.225, -4.130
-2.932, -3.575, -3.097, -2.236, -2.143, -4.364, -4.815, -2.685, -3.989, -3.083
-3.312, -3.332, -3.643, -2.838, -12.789, -4.542, -3.548, -3.336, -2.921, -3.153
-3.331, -3.268, -3.033, -2.469, -6.363, -2.505, -2.533, -3.233, -3.495, -2.860
-2.147, -4.543, -3.530, -2.304, -1.144, -3.644, -3.260, -2.948, -3.734, -2.685
-3.678, -4.141, -4.003, -3.478, -1.365, -4.858, -2.487, -3.908, -3.994, -3.181
-2.934, -3.062, -3.660, -5.449, -1.717, -3.960, -3.614, -3.479, -3.924, -3.021
-3.209, -3.408, -3.055, -3.224, -7.937, -3.301, -2.853, -2.652, -3.324, -3.360
-3.696, -2.843, -3.414, -2.531, -5.469, -1.992, -2.709, -2.151, -3.257, -3.999
-3.601, -3.035, -4.093, -4.758, -5.255, -1.987, -2.367, -2.791, -3.299, -3.195
-3.314, -3.235, -3.714, -3.228, -2.341, -6.020, -3.249, -2.932, -3.473, -3.319
-2.665, -3.048, -2.623, -3.451, -5.225, -1.828, -4.201, -3.117, -2.830, -3.230
-2.991, -3.179, -2.631, -3.855, -6.060, -2.788, -2.867, -3.135, -3.246, -2.686
-3.367, -3.185, -3.302, -3.010, -1.868, -4.870, -3.452, -2.429, -3.205, -3.163
-3.013, -2.930, -3.465, -3.387, -5.012, -1.709, -3.601, -2.759, -3.005, -3.054
-3.946, -3.288, -3.586, -2.986, -7.824, -3.830, -3.458, -3.394, -3.275, -3.383
-3.105, -2.829, -3.289, -3.953, -8.181, -2.882, -3.211, -2.612, -3.398, -3.537
-3.391, -3.205, -3.014, -1.990, -2.072, -5.547, -2.802, -2.872, -3.380, -3.375
-3.810, -3.159, -4.103, -2.529, -6.501, -2.054, -3.075, -2.988, -3.616, -4.178
-3.612, -3.091, -3.469, -3.195, -1.645, -4.905, -2.772, -3.557, -2.907, -3.587
-3.281, -3.376, -4.339, -2.915, -1.747, -5.123, -2.390, -3.234, -3.291, -3.602
-3.615, -2.915, -3.633, -3.184, -2.830, -6.628, -2.793, -3.067, -3.015, -3.326
-2.815, -2.828, -3.519, -3.021, -1.765, -5.308, -3.302, -3.494, -2.267, -3.051
-2.861, -3.350, -3.094, -3.570, -1.265, -4.231, -3.025, -3.353, -3.745, -3.085
-3.311, -4.147, -3.772, -3.378, -1.068, -3.189, -3.409, -2.516, -3.019, -3.123
-2.641, -3.423, -3.609, -3.957, -8.148, -3.855, -2.806, -2.937, -3.445, -2.878
-3.154, -3.041, -2.806, -4.091, -1.498, -4.759, -3.389, -3.133, -4.229, -3.692
-3.602, -3.814, -3.069, -3.313, -6.701, -2.893, -3.038, -4.048, -3.062, -3.629
-2.595, -3.452, -3.497, -3.409, -0.504, -2.335, -2.769, -3.051, -2.986, -2.516
-3.185, -3.867, -2.949, -2.227, -6.762, -2.331, -3.777, -3.289, -3.674, -2.873
-3.418, -3.930, -3.381, -4.134, -1.470, -5.666, -2.851, -2.916, -4.355, -3.827
-3.306, -3.444, -3.276, -3.431, -10.252, -2.880, -3.814, -2.347, -3.462, -3.808
-2.963, -2.968, -2.830, -2.431, -2.273, -6.488, -3.760, -2.860, -3.486, -3.209
-4.288, -3.481, -4.028, -2.583, -6.993, -2.223, -2.837, -3.138, -3.189, -3.840
-3.152, -3.570, -3.350, -2.826, -8.219, -4.369, -3.427, -3.109, -2.919, -3.936
-2.409, -2.650, -2.149, -3.119, -5.771, -2.735, -3.295, -3.612, -3.600, -2.571
-3.159, -3.276, -3.285, -2.516, -5.578, -2.809, -2.870, -3.116, -3.360, -3.174
-2.802, -3.201, -2.941, -3.626, -1.427, -4.300, -3.379, -3.799, -3.328, -3.317
-4.551, -2.339, -3.406, -4.469, -6.464, -2.972, -2.769, -2.673, -3.775, -3.069
-3.300, -2.912, -3.980, -2.715, -4.937, -1.460, -3.360, -3.672, -3.914, -3.275
-3.083, -3.898, -3.017, -4.169, -2.373, -5.774, -3.206, -3.179, -3.493, -3.641
-3.122, -2.895, -3.578, -2.430, -6.181, -2.896, -3.626, -3.621, -3.565, -3.417
-3.372, -3.676, -3.095, -3.211, -2.132, -5.921, -3.376, -2.704, -3.411, -3.213
-3.315, -4.093, -3.444, -3.579, -1.987, -5.321, -3.783, -2.824, -3.004, -3.253
-3.194, -3.221, -2.940, -3.732, -1.861, -4.788, -3.308, -3.334, -3.548, -3.108
-3.348, -3.430, -2.775, -2.891, -7.541, -3.067, -2.891, -2.830, -2.944, -3.223
-3.620, -3.390, -3.509, -3.087, -2.555, -8.108, -3.599, -2.650, -2.692, -3.221
-3.417, -3.107, -3.684, -3.501, -2.067, -6.096, -3.150, -3.012, -2.802, -3.442
-3.122, -3.601, -3.963, -3.039, -8.151, -2.346, -3.481, -3.277, -3.314, -3.181
-2.913, -3.204, -2.910, -3.247, -4.388, -1.453, -3.511, -2.657, -3.354, -3.389
-3.440, -3.654, -3.186, -2.809, -5.556, -2.531, -3.477, -3.467, -3.218, -3.369
-3.067, -2.727, -2.728, -2.496, -4.799, -2.214, -2.757, -3.249, -3.214, -3.174
-2.714, -2.857, -2.876, -3.689, -1.548, -4.446, -3.419, -3.762, -3.386, -3.325
-3.005, -3.952, -3.450, -2.737, -5.450, -2.386, -3.553, -3.061, -3.922, -3.886
-2.188, -3.321, -2.812, -3.832, -6.480, -2.402, -3.064, -2.363, -3.348, -2.852
-2.804, -3.853, -3.101, -4.297, -1.429, -4.143, -4.001, -3.399, -3.148, -3.013
-2.864, -3.008, -3.061, -3.042, -8.967, -2.649, -3.444, -2.874, -3.125, -3.336
-3.169, -3.722, -3.146, -4.223, -1.260, -4.439, -3.155, -3.156, -3.284, -3.590
-3.377, -4.021, -3.554, -3.537, -1.560, -4.876, -3.495, -2.434, -3.506, -3.006
-3.059, -3.190, -2.633, -3.795, -4.825, -2.061, -2.999, -3.995, -3.265, -3.162
-3.391, -3.369, -3.154, -2.570, -1.824, -5.313, -3.043, -2.479, -2.902, -3.229
-2.899, -3.165, -3.125, -3.087, -6.417, -2.946, -3.240, -3.855, -3.071, -2.990
-2.905, -3.874, -2.974, -4.137, -1.855, -7.230, -3.138, -3.286, -3.671, -3.385
-3.283, -3.499, -3.124, -3.608, -1.540, -4.675, -2.936, -3.018, -2.883, -3.250
-3.576, -3.577, -4.540, -4.603, -1.702, -4.114, -3.745, -3.140, -3.358, -3.076
-3.268, -4.316, -3.209, -4.475, -1.346, -5.354, -2.975, -3.598, -3.110, -3.518
-3.607, -3.244, -3.077, -4.132, -0.786, -3.683, -2.825, -2.877, -2.681, -3.258
-3.622, -3.654, -3.503, -2.532, -4.913, -1.497, -3.182, -3.289, -3.159, -3.319
-3.401, -3.259, -3.471, -3.019, -8.943, -3.901, -3.026, -3.352, -3.179, -2.955
-3.221, -4.279, -3.568, -4.153, -2.795, -7.410, -3.393, -3.054, -3.101, -3.239
-3.059, -3.363, -3.491, -4.104, -9.073, -4.233, -3.187, -2.650, -3.277, -3.201
-3.047, -3.371, -3.656, -2.346, -6.917, -2.101, -3.328, -2.534, -3.335, -3.037
-3.141, -3.296, -3.691, -3.635, -1.894, -4.295, -3.384, -2.632, -3.102, -3.245
-2.975, -2.889, -3.816, -3.146, -6.691, -3.092, -3.297, -3.869, -3.365, -3.530
-3.365, -3.457, -2.503, -3.148, -4.020, -1.770, -3.154, -3.173, -3.495, -3.256
-2.425, -3.076, -3.581, -2.735, -2.344, -5.577, -2.984, -3.124, -3.530, -4.202
-3.090, -3.505, -2.862, -3.756, -10.751, -3.950, -3.585, -2.499, -3.273, -3.941
-3.195, -3.680, -3.493, -2.330, -5.030, -1.423, -3.402, -3.336, -3.596, -2.789
-3.025, -3.743, -3.080, -3.056, -1.403, -4.996, -3.139, -3.372, -3.234, -3.146
-3.816, -3.862, -3.533, -3.363, -4.511, -1.890, -3.126, -4.074, -3.109, -3.185
-3.964, -2.824, -3.282, -3.258, -5.448, -2.546, -3.431, -3.736, -2.972, -3.183
-3.248, -3.340, -2.478, -3.830, -2.288, -5.754, -3.912, -3.902, -3.644, -3.455
-3.331, -3.800, -3.638, -3.288, -1.284, -4.957, -2.641, -2.571, -2.644, -3.203
-3.289, -3.510, -4.410, -2.914, -10.080, -4.739, -2.939, -3.475, -2.524, -2.875
-4.124, -3.829, -3.747, -2.524, -5.657, -2.316, -2.793, -3.712, -2.884, -2.951
-2.909, -3.290, -2.828, -2.984, -6.973, -2.938, -3.518, -3.185, -3.057, -3.325
-3.063, -2.936, -3.500, -2.902, -5.256, -2.340, -3.001, -3.086, -3.493, -3.123
-3.326, -2.479, -2.571, -4.153, -1.565, -4.402, -3.167, -3.567, -3.162, -2.933
-2.776, -4.312, -3.413, -2.358, -1.477, -4.341, -3.318, -3.133, -3.415, -2.443
-2.912, -3.936, -2.658, -4.040, -1.565, -6.318, -3.768, -3.519, -2.936, -3.034
-2.783, -3.725, -2.880, -3.815, -7.359, -3.460, -3.722, -2.673, -2.895, -3.490
-3.775, -3.116, -2.939, -3.784, -8.874, -4.140, -3.317, -2.260, -3.329, -2.870
-3.554, -3.894, -3.278, -3.729, -7.107, -3.077, -3.888, -3.501, -3.066, -3.678
-3.153, -3.182, -4.343, -4.593, -1.813, -4.387, -4.203, -2.980, -2.857, -3.492
-3.656, -3.294, -3.067, -5.089, -1.160, -5.648, -3.147, -3.991, -3.331, -3.280
-3.019, -3.581, -3.213, -3.701, -2.169, -5.520, -3.107, -3.143, -4.013, -3.931
-3.388, -3.513, -2.718, -2.334, -4.988, -2.137, -3.584, -3.540, -3.120, -3.269
-3.152, -3.252, -3.266, -3.249, -6.684, -3.025, -3.111, -3.540, -3.040, -3.293
-3.148, -3.140, -3.474, -3.865, -2.636, -5.706, -3.529, -3.007, -3.275, -3.336
-3.262, -3.381, -3.828, -2.384, -6.211, -2.148, -3.194, -3.680, -2.918, -3.199
-2.302, -3.194, -2.643, -3.748, -8.016, -2.621, -3.808, -2.806, -3.296, -2.916
-3.315, -3.215, -3.375, -3.165, -6.310, -2.949, -2.826, -3.290, -3.087, -2.835
-3.267, -3.165, -3.488, -3.009, -8.101, -4.198, -3.510, -3.253, -3.712, -3.466
-3.888, -3.921, -2.733, -3.577, -1.811, -6.258, -3.791, -3.125, -3.162, -3.103
-2.822, -3.411, -2.160, -4.122, -4.799, -1.964, -3.798, -2.797, -3.433, -2.987
-4.278, -2.911, -3.915, -2.867, -6.553, -2.775, -3.043, -3.200, -2.905, -2.856
-3.473, -3.746, -3.338, -2.925, -7.764, -2.434, -2.966, -2.864, -3.226, -3.162
-2.931, -3.659, -2.924, -3.015, -1.514, -4.789, -3.260, -2.591, -3.294, -3.243
-3.272, -2.782, -3.475, -2.094, -2.822, -6.106, -3.831, -3.046, -3.697, -2.968
-2.677, -3.058, -3.043, -4.150, -1.662, -4.372, -3.536, -3.290, -2.862, -2.841
-3.201, -3.116, -3.516, -3.160, -6.446, -3.187, -2.978, -3.191, -3.384, -3.090
-3.168, -3.192, -3.152, -2.998, -5.200, -2.700, -2.265, -2.924, -3.262, -3.185
-2.648, -2.293, -3.402, -4.094, -7.832, -2.346, -4.143, -2.518, -3.979, -3.685
-3.762, -3.417, -3.520, -3.251, -6.167, -2.933, -3.515, -2.866, -3.736, -3.786
-2.678, -2.797, -4.134, -3.331, -7.433, -3.163, -3.829, -2.873, -2.921, -2.476
-3.750, -3.266, -2.780, -2.607, -6.524, -3.878, -2.886, -2.838, -3.315, -3.298
-2.897, -4.474, -4.155, -2.828, -1.411, -3.967, -2.563, -2.182, -3.576, -3.530
-3.556, -3.524, -3.412, -3.239, -1.588, -4.708, -2.707, -2.818, -2.791, -3.183
-3.278, -3.525, -3.472, -3.114, -1.325, -4.503, -3.036, -2.682, -3.329, -3.486
-3.578, -2.485, -3.205, -4.203, -1.427, -4.321, -2.739, -3.558, -3.561, -3.161
-3.120, -3.352, -3.022, -2.526, -5.695, -2.790, -2.866, -3.172, -3.288, -3.109
-3.145, -4.290, -3.273, -3.850, -0.957, -4.248, -2.828, -3.232, -3.898, -3.050
-3.242, -3.398, -2.297, -2.712, -6.049, -3.283, -2.634, -3.290, -3.324, -3.685
-3.433, -2.772, -3.442, -3.128, -1.770, -4.922, -3.069, -2.385, -2.833, -3.589
-3.403, -3.589, -2.585, -2.673, -6.643, -2.254, -4.836, -3.477, -3.545, -3.486
-4.179, -3.464, -4.188, -3.414, -1.723, -4.850, -3.655, -2.851, -3.006, -3.790
-3.080, -2.931, -3.567, -3.047, -7.511, -3.322, -3.480, -3.119, -3.269, -3.206
-3.698, -3.362, -3.248, -2.920, -8.869, -3.805, -3.774, -3.239, -2.906, -3.329
-3.121, -3.125, -2.946, -2.054, -4.500, -2.185, -2.470, -3.555, -3.189, -3.392
-2.977, -3.211, -3.186, -3.277, -5.409, -1.895, -2.694, -2.739, -3.108, -3.340
-3.276, -3.152, -3.567, -2.231, -5.566, -1.713, -3.571, -2.993, -3.247, -3.120
-3.351, -3.936, -3.173, -3.811, -1.506, -4.454, -3.235, -3.337, -3.060, -3.348
-3.216, -3.282, -2.689, -3.727, -7.575, -3.523, -3.876, -3.171, -3.045, -3.833
-3.178, -2.875, -3.132, -3.445, -7.281, -3.208, -3.848, -3.225, -3.094, -3.284
-3.600, -3.046, -3.126, -3.691, -1.569, -4.894, -4.094, -2.622, -3.112, -3.537
-2.664, -4.088, -3.189, -3.135, -0.710, -3.217, -3.078, -2.649, -3.457, -2.664
-4.332, -2.637, -2.479, -4.319, -5.239, -2.457, -3.929, -2.564, -3.099, -3.522
-3.055, -3.335, -2.723, -3.466, -1.295, -4.800, -3.412, -4.019, -3.652, -3.683
-3.380, -2.880, -3.324, -2.900, -6.349, -2.837, -3.522, -3.221, -2.988, -3.237
-2.940, -3.500, -2.537, -4.244, -4.298, -1.544, -3.511, -3.010, -3.094, -2.898
-3.877, -4.698, -3.846, -3.619, -1.334, -5.343, -2.432, -3.092, -3.398, -3.556
-3.399, -3.092, -3.241, -3.340, -1.478, -4.873, -3.510, -3.701, -3.364, -3.641
-2.757, -2.786, -3.011, -3.187, -2.214, -5.271, -3.305, -3.040, -3.520, -3.180
-2.949, -3.434, -3.092, -2.689, -6.460, -2.637, -3.563, -3.721, -3.118, -2.771
-3.669, -2.605, -3.508, -3.086, -5.545, -2.489, -3.147, -3.388, -3.349, -3.010
-3.135, -4.211, -3.208, -3.297, -2.194, -6.301, -3.560, -2.928, -2.752, -3.623
-3.360, -3.770, -2.640, -3.911, -6.914, -3.373, -3.638, -3.006, -3.332, -3.861
-3.093, -2.645, -3.113, -2.702, -8.038, -2.543, -3.344, -3.371, -2.888, -3.417
-2.881, -3.940, -2.986, -4.128, -0.716, -3.491, -3.126, -3.464, -3.690, -3.095
-3.469, -2.904, -3.142, -2.773, -1.522, -4.332, -3.331, -2.347, -2.571, -3.301
-3.112, -3.752, -3.204, -3.400, -3.067, -0.725, -4.076, -4.442, -3.053, -3.654
-3.174, -3.357, -3.113, -2.834, -5.141, -1.865, -2.920, -3.967, -3.548, -3.218
-3.058, -2.774, -3.586, -3.196, -7.851, -3.297, -3.019, -3.140, -3.037, -3.183
-3.294, -3.255, -3.650, -2.365, -2.941, -6.349, -3.699, -3.288, -3.037, -3.060
-3.083, -3.950, -2.777, -3.884, -5.910, -1.955, -4.214, -2.373, -2.916, -2.659
-3.306, -4.055, -3.289, -2.989, -1.414, -6.443, -2.906, -3.120, -2.992, -3.004
-2.480, -5.137, -2.878, -3.996, -0.785, -4.236, -3.196, -2.805, -4.764, -3.198
-3.641, -3.412, -3.537, -3.752, -5.345, -2.779, -1.993, -2.915, -3.301, -3.446
-2.843, -3.022, -3.097, -2.734, -6.464, -3.163, -3.678, -3.021, -2.900, -2.973
-3.376, -3.263, -3.688, -3.173, -7.265, -3.478, -3.431, -2.975, -3.217, -3.217
-3.162, -3.139, -4.045, -3.381, -6.627, -2.789, -3.664, -3.571, -3.532, -2.982
-3.253, -3.413, -3.097, -2.428, -9.218, -4.142, -3.299, -3.486, -2.908, -2.963
-3.336, -2.901, -3.423, -2.453, -2.299, -5.187, -3.525, -2.708, -3.353, -3.294
-3.474, -4.534, -4.146, -3.785, -1.356, -4.722, -2.696, -3.212, -3.300, -3.142
-3.234, -3.114, -3.686, -2.347, -6.181, -2.411, -3.506, -3.054, -2.976, -2.896
-3.234, -3.444, -3.121, -2.609, -5.456, -2.826, -2.981, -3.737, -3.358, -3.165
-3.678, -2.724, -3.040, -2.164, -2.523, -6.246, -3.352, -2.599, -3.225, -3.395
-3.242, -3.301, -3.800, -4.967, -1.566, -4.676, -4.200, -3.562, -3.062, -3.540
-3.084, -2.404, -3.587, -3.692, -1.555, -4.413, -2.785, -3.670, -3.491, -3.196
-3.419, -3.572, -3.176, -3.630, -1.834, -5.060, -3.134, -3.091, -3.613, -3.450
-2.990, -2.726, -3.651, -3.622, -2.484, -5.552, -2.457, -2.979, -3.184, -3.263
-3.251, -3.227, -3.328, -3.618, -5.619, -1.822, -3.546, -2.445, -3.159, -3.806
-2.815, -3.102, -3.319, -2.581, -2.373, -5.804, -3.479, -2.808, -3.226, -3.532
-3.711, -3.407, -3.375, -4.708, -0.823, -4.166, -2.668, -3.112, -3.425, -3.350
-2.889, -3.457, -3.094, -3.016, -4.091, -1.586, -2.781, -3.985, -3.199, -3.414
-3.357, -3.234, -3.421, -3.679, -10.472, -3.780, -3.600, -3.212, -3.494, -3.602
-3.273, -3.106, -3.671, -2.853, -6.047, -2.225, -3.241, -3.140, -3.370, -3.251
-3.826, -3.003, -2.874, -4.010, -4.733, -1.565, -2.586, -2.120, -3.721, -3.942
-2.904, -3.315, -3.661, -3.989, -1.355, -3.452, -4.234, -3.228, -2.856, -3.440
-3.639, -3.730, -3.250, -2.745, -3.865, -1.581, -3.294, -3.621, -3.539, -3.345
-2.567, -3.053, -3.830, -2.218, -1.785, -4.458, -2.832, -2.242, -3.782, -2.494
-2.655, -3.503, -3.396, -3.361, -5.414, -2.195, -3.100, -2.545, -2.868, -3.302
-3.519, -3.450, -3.012, -3.443, -1.599, -5.961, -3.539, -2.956, -3.038, -3.568
-3.115, -2.685, -3.475, -2.727, -16.834, -3.220, -3.528, -3.207, -3.352, -3.084
-2.926, -3.831, -3.708, -2.419, -8.772, -2.783, -3.721, -2.825, -3.363, -3.579
-3.329, -3.461, -3.561, -3.509, -5.594, -2.225, -3.164, -3.568, -3.104, -3.165
-3.400, -3.386, -3.047, -3.369, -1.566, -6.937, -2.958, -3.069, -2.781, -3.059
-3.140, -2.800, -2.990, -2.637, -5.829, -2.732, -2.860, -3.105, -3.365, -3.783
-3.367, -3.058, -3.837, -4.113, -6.624, -2.648, -2.678, -2.424, -2.965, -2.810
-3.083, -2.844, -3.284, -3.106, -3.327, -7.006, -3.573, -2.977, -4.069, -3.304
-3.033, -3.342, -3.315, -3.391, -5.719, -2.523, -3.243, -3.719, -3.081, -3.427
-3.246, -3.679, -3.482, -2.374, -0.997, -3.900, -3.389, -3.672, -3.776, -4.037
-3.540, -3.754, -3.946, -2.967, -8.488, -3.356, -3.125, -3.138, -3.061, -3.370
-3.360, -5.204, -3.414, -3.059, -0.714, -3.131, -3.414, -2.466, -3.222, -3.228
-2.915, -3.069, -2.770, -3.940, -1.255, -4.274, -3.277, -3.924, -3.005, -3.127
-3.317, -3.559, -3.235, -3.241, -1.273, -4.438, -3.014, -2.742, -2.910, -3.194
-2.967, -3.340, -2.592, -3.803, -4.856, -1.928, -3.553, -3.010, -3.114, -3.160
-3.597, -2.553, -3.297, -3.008, -5.288, -1.827, -3.030, -3.214, -2.941, -3.435
-3.295, -3.230, -2.911, -2.786, -6.147, -2.520, -4.581, -3.667, -3.483, -2.690
-3.882, -3.839, -2.938, -3.353, -5.996, -2.574, -3.809, -3.605, -3.110, -3.198
-3.047, -3.982, -2.856, -3.535, -1.312, -3.720, -3.815, -2.657, -4.232, -2.786
-3.183, -3.050, -3.200, -2.848, -8.983, -3.589, -3.291, -3.474, -3.042, -3.371
-2.202, -3.820, -3.681, -3.749, -1.757, -4.458, -2.757, -3.650, -3.755, -3.102
-3.065, -3.192, -2.734, -3.218, -5.403, -2.216, -3.335, -2.859, -3.330, -3.423
-3.251, -3.325, -3.420, -2.700, -7.205, -2.974, -3.812, -3.392, -3.458, -3.707
-2.346, -3.022, -2.862, -4.688, -8.125, -2.877, -3.753, -2.418, -2.963, -3.270
-3.551, -2.814, -3.250, -4.220, -7.327, -2.416, -3.120, -3.463, -3.852, -3.045
-2.824, -4.192, -2.979, -4.871, -2.122, -5.284, -3.417, -3.595, -3.104, -3.850
-3.091, -2.933, -3.318, -2.658, -7.550, -2.455, -3.324, -3.049, -3.263, -3.444
-3.347, -3.942, -2.951, -3.245, -0.947, -3.292, -3.521, -2.709, -3.004, -3.159
-3.272, -3.553, -3.363, -2.254, -1.463, -4.213, -2.798, -2.745, -3.535, -3.430
-3.777, -4.355, -2.807, -3.271, -4.386, -1.932, -3.194, -4.243, -2.684, -2.986
-3.648, -3.202, -3.597, -2.362, -8.448, -2.906, -3.129, -3.496, -2.723, -3.265
-2.655, -2.764, -2.909, -3.439, -5.614, -2.226, -3.956, -2.431, -3.530, -3.882
-2.558, -4.389, -3.296, -3.029, -0.681, -2.908, -3.325, -2.544, -3.474, -3.094
-3.154, -3.202, -3.273, -2.942, -8.138, -3.914, -3.497, -3.025, -3.162, -3.098
-3.623, -3.294, -3.817, -2.660, -14.992, -4.198, -3.668, -2.968, -3.104, -3.554
-3.465, -3.048, -3.321, -2.588, -1.920, -5.072, -3.486, -2.806, -2.885, -3.108
-3.263, -2.929, -3.486, -2.524, -7.756, -2.534, -3.438, -3.646, -3.209, -3.177
-3.665, -3.961, -3.447, -3.977, -6.148, -2.089, -3.453, -2.877, -3.572, -2.958
-3.428, -2.945, -2.958, -2.536, -4.287, -1.719, -3.383, -2.621, -3.095, -2.991
-2.691, -3.251, -2.929, -3.344, -2.448, -6.447, -3.839, -3.629, -2.844, -3.234
-2.609, -3.195, -3.362, -3.491, -10.603, -3.962, -3.352, -2.858, -3.188, -3.246
-3.625, -3.307, -2.808, -2.437, -6.086, -3.273, -4.157, -3.541, -2.944, -3.203
-3.536, -4.283, -3.627, -2.857, -1.677, -4.477, -2.888, -2.859, -3.376, -2.955
-3.378, -2.668, -3.967, -3.249, -5.961, -2.663, -2.967, -3.384, -2.862, -2.729
-2.981, -3.083, -3.465, -3.037, -1.280, -3.945, -2.867, -3.449, -3.958, -3.211
-3.314, -3.350, -2.924, -3.089, -6.780, -3.259, -2.627, -2.919, -3.372, -3.155
-3.545, -2.757, -3.334, -2.996, -6.486, -1.989, -3.274, -3.354, -3.163, -3.348
-3.187, -3.347, -3.388, -2.948, -8.139, -3.561, -3.293, -3.251, -3.142, -3.516
-2.838, -3.682, -3.188, -3.931, -2.194, -5.566, -3.667, -3.120, -3.037, -2.835
-3.358, -2.444, -3.184, -3.222, -1.969, -5.683, -3.132, -2.839, -3.189, -3.240
-2.924, -4.048, -3.571, -2.193, -5.920, -2.564, -3.740, -2.630, -3.573, -3.302
-3.062, -3.835, -3.385, -4.219, -1.909, -6.361, -2.669, -3.353, -3.237, -3.443
-3.048, -3.634, -3.570, -3.492, -1.996, -7.949, -2.652, -3.333, -3.568, -3.764
-3.147, -2.349, -2.973, -3.102, -3.495, -1.125, -3.820, -3.947, -3.132, -3.336
-2.239, -3.705, -2.536, -2.754, -1.025, -3.644, -3.570, -3.284, -3.127, -2.302
-3.312, -3.343, -3.626, -3.861, -1.825, -5.102, -3.303, -3.092, -3.408, -3.433
-3.759, -2.658, -3.983, -2.659, -8.989, -2.441, -2.821, -3.294, -3.320, -3.142
-3.796, -3.182, -3.915, -2.610, -4.947, -1.683, -3.314, -3.161, -3.143, -2.677
-3.211, -3.601, -2.909, -3.511, -1.782, -4.628, -3.482, -2.862, -3.067, -3.237
-3.447, -3.595, -3.121, -3.316, -7.426, -3.264, -3.534, -2.934, -3.114, -3.441
-3.502, -3.416, -3.309, -4.102, -2.039, -5.383, -3.238, -3.302, -3.391, -3.484
-3.425, -3.534, -3.344, -3.979, -1.680, -4.621, -3.352, -2.741, -3.100, -3.130
-3.344, -3.334, -3.471, -3.490, -6.733, -2.892, -3.154, -3.502, -3.304, -3.147
-3.475, -3.385, -3.135, -2.526, -2.041, -6.625, -3.179, -2.858, -2.693, -3.601
-3.441, -3.473, -3.812, -2.478, -5.369, -2.106, -3.563, -2.926, -3.153, -3.369
-3.149, -3.093, -2.908, -3.740, -8.983, -3.386, -3.296, -2.566, -3.104, -3.569
-3.270, -3.617, -3.725, -3.315, -1.473, -4.066, -2.641, -2.603, -2.999, -2.920
-3.094, -4.248, -2.888, -2.438, -1.559, -4.493, -3.698, -2.209, -4.238, -3.313
-3.862, -3.391, -2.305, -2.682, -6.005, -3.362, -2.992, -3.738, -3.272, -2.916
-3.345, -3.488, -3.411, -3.860, -2.688, -6.506, -2.949, -3.252, -2.841, -3.187
-2.993, -2.992, -2.506, -2.792, -5.285, -2.074, -2.682, -2.968, -3.092, -3.338
-3.185, -3.218, -2.884, -3.506, -3.978, -1.703, -2.703, -3.684, -3.538, -3.186
-3.337, -4.704, -3.168, -3.234, -0.985, -3.844, -3.236, -2.832, -3.251, -2.631
-3.402, -2.775, -4.253, -2.486, -2.279, -4.926, -4.409, -3.118, -2.673, -3.112
-3.442, -3.768, -2.525, -3.520, -5.837, -2.653, -2.144, -3.622, -3.699, -3.499
-3.260, -2.998, -3.549, -2.610, -2.169, -5.656, -2.608, -3.218, -3.088, -3.236
-3.268, -2.986, -3.610, -3.225, -5.097, -2.134, -3.497, -3.588, -2.886, -3.448
-2.946, -3.101, -2.958, -2.835, -7.446, -2.712, -3.527, -3.491, -3.201, -2.769
-3.091, -3.633, -3.103, -3.554, -5.524, -1.748, -2.984, -2.913, -2.435, -2.741
-3.255, -3.750, -2.986, -3.533, -1.448, -6.084, -2.821, -2.791, -2.772, -3.109
-3.149, -3.397, -3.028, -4.698, -1.140, -3.559, -3.239, -3.209, -3.521, -3.539
-3.056, -2.135, -3.439, -4.773, -6.474, -2.043, -3.400, -2.362, -3.452, -2.992
-3.135, -3.449, -3.392, -2.953, -6.956, -3.166, -3.609, -3.369, -3.215, -3.273
-3.613, -3.036, -3.185, -2.551, -4.469, -1.837, -2.917, -3.471, -3.048, -3.453
-2.838, -3.685, -3.139, -4.708, -0.935, -4.367, -3.336, -2.964, -3.528, -3.048
-3.048, -3.131, -4.194, -2.238, -2.111, -4.994, -3.044, -3.085, -2.865, -2.881
-2.630, -3.313, -2.978, -2.974, -5.415, -2.117, -3.916, -3.216, -3.038, -3.104
-3.111, -3.287, -3.354, -4.116, -6.629, -1.977, -3.541, -2.988, -4.123, -3.231
-3.360, -3.307, -3.726, -2.790, -7.010, -2.764, -2.878, -3.345, -3.220, -3.456
-2.957, -2.731, -3.074, -4.237, -2.780, -6.482, -3.387, -2.708, -3.951, -3.153
-3.430, -2.849, -3.194, -3.926, -10.251, -4.057, -3.778, -2.953, -3.462, -3.367
-3.285, -3.708, -3.092, -3.799, -4.382, -1.450, -3.224, -3.872, -3.165, -3.294
-3.734, -3.803, -3.466, -3.013, -1.228, -4.874, -2.733, -2.969, -2.688, -3.071
-3.927, -2.350, -2.626, -3.273, -5.563, -3.099, -3.697, -3.542, -3.079, -3.998
-3.679, -3.527, -2.737, -3.658, -6.008, -3.119, -3.728, -3.298, -2.760, -3.671
-2.868, -2.880, -3.203, -2.934, -2.556, -6.681, -2.778, -2.547, -2.913, -3.745
-3.293, -3.450, -3.328, -3.762, -1.907, -5.531, -3.071, -3.042, -3.048, -3.324
-2.932, -3.314, -3.419, -2.469, -1.309, -4.351, -3.508, -3.165, -3.688, -2.586
-3.159, -3.456, -2.812, -2.998, -7.140, -3.980, -2.663, -3.717, -3.048, -3.089
-2.985, -3.466, -3.792, -2.697, -8.725, -4.116, -3.627, -3.207, -3.006, -3.339
-3.001, -3.068, -2.789, -3.271, -5.754, -1.992, -3.641, -3.466, -3.328, -3.488
-2.894, -3.162, -2.474, -3.599, -6.186, -2.719, -2.991, -2.449, -3.096, -3.614
-3.355, -3.316, -3.566, -2.885, -7.021, -3.528, -3.322, -3.279, -3.155, -3.430
-2.842, -2.933, -3.707, -2.939, -1.627, -4.312, -2.926, -2.734, -3.111, -2.983
-3.550, -2.747, -3.039, -2.498, -9.053, -3.667, -2.906, -3.255, -2.846, -3.290
-3.769, -3.704, -3.769, -4.055, -11.263, -4.246, -3.017, -3.621, -3.508, -2.983
-3.455, -3.681, -2.997, -2.213, -1.400, -4.091, -3.692, -2.633, -2.471, -3.436
-3.236, -3.985, -2.887, -4.107, -1.315, -4.986, -3.416, -2.893, -2.894, -3.032
-2.990, -4.065, -3.720, -3.197, -1.481, -4.608, -3.518, -3.143, -3.529, -2.990
-3.036, -3.122, -3.406, -3.973, -6.010, -2.585, -3.147, -2.228, -3.335, -3.511
-3.371, -3.723, -3.080, -2.896, -1.345, -5.054, -3.413, -3.149, -3.073, -3.134
-3.010, -2.765, -3.450, -3.585, -1.874, -4.585, -3.884, -3.486, -3.413, -3.449
-3.459, -3.932, -3.261, -3.728, -2.143, -5.619, -4.173, -3.711, -2.438, -4.026
-3.570, -3.607, -3.845, -2.686, -6.732, -3.432, -3.338, -4.277, -2.865, -3.183
-3.243, -2.948, -3.614, -3.207, -7.259, -3.246, -3.281, -3.087, -3.375, -3.016
-3.235, -3.206, -2.238, -3.250, -6.567, -3.525, -3.917, -3.591, -3.330, -2.800
-3.163, -2.960, -2.922, -3.232, -7.093, -3.250, -4.003, -3.540, -3.566, -3.852
-3.561, -3.011, -2.786, -2.953, -5.164, -2.279, -2.901, -3.796, -2.733, -3.236
-2.444, -3.173, -3.465, -2.372, -1.517, -3.722, -3.530, -3.613, -4.653, -3.090
-2.715, -2.906, -3.786, -4.765, -7.166, -3.547, -2.574, -3.471, -2.744, -3.131
-2.891, -2.936, -2.993, -3.256, -3.956, -1.415, -2.648, -3.681, -3.408, -3.387
-3.144, -3.637, -2.222, -2.652, -5.946, -3.010, -3.352, -2.970, -3.261, -2.871
-3.455, -2.948, -3.350, -2.649, -7.276, -1.698, -3.588, -2.700, -3.393, -3.622
-3.389, -2.687, -3.475, -2.975, -4.425, -1.853, -3.031, -3.463, -3.273, -3.169
-2.547, -3.127, -3.091, -3.310, -1.668, -4.425, -3.366, -3.699, -3.761, -3.680
-3.427, -3.413, -2.804, -5.239, -0.954, -4.017, -3.446, -4.201, -3.172, -3.246
-3.359, -3.571, -2.743, -3.138, -2.402, -6.976, -3.027, -2.589, -3.014, -2.822
-2.358, -3.546, -2.975, -3.921, -9.450, -3.381, -4.136, -2.666, -3.522, -3.478
-3.444, -3.592, -3.067, -3.618, -1.213, -4.153, -2.966, -3.450, -3.682, -2.727
-3.661, -3.026, -3.275, -3.591, -6.820, -3.136, -3.543, -3.402, -2.807, -3.264
-4.003, -3.980, -3.761, -3.365, -3.834, -1.661, -2.874, -4.004, -2.460, -3.465
-2.689, -3.150, -3.342, -4.266, -8.366, -2.738, -3.350, -1.795, -3.640, -2.971
-3.249, -3.844, -2.858, -3.305, -0.650, -3.549, -3.428, -3.298, -2.756, -3.565
-3.288, -3.258, -3.408, -3.468, -8.636, -3.535, -2.950, -3.006, -3.091, -2.929
-2.699, -3.032, -2.944, -3.555, -1.548, -4.420, -3.399, -3.723, -3.523, -3.408
-3.189, -3.187, -3.583, -3.372, -7.546, -3.050, -2.564, -2.557, -3.130, -3.354
-3.312, -2.954, -2.993, -3.092, -4.996, -2.434, -2.693, -3.283, -2.748, -3.199
-3.452, -2.487, -3.665, -2.895, -6.460, -3.036, -3.417, -3.019, -3.039, -2.834
-4.334, -2.902, -2.277, -4.330, -6.669, -3.285, -4.346, -2.963, -3.138, -3.413
-4.347, -2.902, -3.326, -2.844, -4.689, -2.510, -2.883, -3.409, -3.078, -3.890
-3.077, -3.936, -3.022, -3.047, -0.923, -4.137, -2.812, -3.121, -3.419, -3.082
-3.175, -3.628, -3.198, -3.784, -4.611, -1.732, -2.726, -3.918, -2.648, -3.169
-3.267, -3.357, -3.427, -3.448, -7.758, -3.109, -3.061, -3.008, -3.629, -3.022
-3.548, -3.488, -3.653, -2.633, -5.452, -2.364, -3.417, -3.474, -2.807, -3.394
-2.704, -2.550, -2.594, -4.366, -6.684, -2.315, -3.577, -2.534, -3.948, -2.933
-3.200, -3.112, -3.579, -2.883, -1.792, -6.058, -2.961, -3.471, -3.645, -3.093
-3.213, -3.170, -2.519, -4.485, -1.789, -4.774, -3.380, -2.249, -3.566, -3.411
-3.216, -3.360, -2.665, -3.108, -1.523, -4.081, -5.067, -3.538, -3.211, -3.576
-3.557, -3.266, -3.224, -4.214, -1.665, -5.275, -3.034, -4.440, -3.140, -3.107
-2.890, -3.493, -2.879, -3.858, -1.897, -5.216, -3.544, -3.668, -3.035, -3.361
-3.142, -2.657, -3.374, -3.254, -7.861, -3.550, -3.011, -2.660, -3.514, -2.946
-3.172, -3.044, -4.498, -3.978, -7.398, -2.616, -2.260, -2.204, -3.152, -3.322
-3.759, -4.063, -3.556, -2.563, -5.273, -2.166, -3.507, -2.953, -3.830, -3.719
-3.098, -2.845, -2.559, -3.444, -5.601, -2.176, -3.213, -2.433, -3.772, -2.754
-3.466, -3.408, -3.115, -3.427, -0.832, -3.716, -3.039, -4.521, -2.952, -3.187
-3.053, -3.001, -3.568, -3.691, -6.923, -3.336, -2.614, -3.422, -3.335, -2.876
-3.676, -3.235, -2.961, -3.075, -7.486, -3.059, -3.843, -2.532, -3.292, -3.664
-2.924, -4.298, -3.375, -3.384, -1.847, -5.282, -3.733, -2.984, -3.021, -3.212
-3.538, -2.453, -3.142, -2.724, -2.452, -7.569, -3.004, -3.023, -3.338, -2.761
-3.074, -2.992, -2.842, -2.767, -2.617, -6.229, -3.319, -2.616, -2.825, -3.184
-3.339, -3.046, -3.107, -3.700, -5.135, -2.465, -3.044, -3.419, -3.276, -3.167
-3.176, -3.124, -3.544, -3.259, -9.314, -3.679, -3.561, -2.625, -3.266, -3.325
-3.065, -4.686, -3.559, -3.419, -1.609, -4.659, -3.199, -2.726, -3.266, -3.404
-2.793, -3.998, -3.465, -2.288, -5.538, -1.737, -3.755, -2.410, -3.897, -3.137
-3.355, -3.608, -2.992, -3.594, -5.756, -3.014, -2.754, -2.727, -2.888, -3.329
-3.135, -3.464, -3.242, -2.468, -5.528, -2.849, -3.033, -3.297, -3.136, -3.367
-3.133, -3.524, -3.501, -2.946, -1.638, -4.171, -3.385, -2.823, -3.239, -3.084
-3.424, -2.865, -2.374, -2.760, -1.967, -5.098, -3.994, -3.197, -3.692, -3.835
-3.262, -3.393, -3.067, -2.426, -5.364, -2.735, -3.584, -3.569, -3.087, -3.286
-3.376, -3.307, -3.374, -2.898, -6.439, -2.362, -3.494, -3.226, -2.785, -3.152
-3.666, -3.216, -3.914, -2.846, -10.235, -3.945, -2.956, -3.506, -3.051, -3.096
-3.205, -3.517, -3.213, -4.709, -8.746, -3.594, -3.093, -2.673, -3.617, -3.189
-2.348, -3.731, -4.223, -4.315, -1.715, -4.267, -2.216, -2.951, -4.631, -3.503
-3.559, -3.460, -3.398, -2.729, -8.021, -3.914, -3.868, -3.378, -3.358, -3.386
-3.499, -3.567, -3.962, -2.476, -5.631, -1.780, -3.028, -2.737, -3.588, -3.361
-3.754, -4.503, -3.300, -3.476, -1.383, -4.743, -3.013, -2.912, -3.764, -3.575
-3.434, -3.407, -3.819, -2.908, -5.687, -2.050, -3.189, -3.621, -3.326, -3.040
-2.508, -3.438, -2.956, -2.599, -6.943, -2.443, -4.042, -3.105, -3.379, -2.848
-3.523, -3.355, -3.289, -2.673, -1.217, -3.803, -3.282, -3.921, -4.695, -2.776
-3.243, -2.691, -3.001, -3.801, -4.406, -1.719, -3.599, -3.709, -3.217, -3.382
-3.433, -4.002, -3.751, -2.086, -1.247, -3.668, -3.985, -2.601, -4.479, -3.329
-3.120, -3.494, -2.971, -4.029, -1.190, -4.014, -3.016, -2.678, -3.046, -3.188
-3.106, -4.126, -2.731, -3.686, -1.809, -5.594, -3.129, -2.726, -3.259, -3.223
-2.729, -3.004, -2.917, -3.145, -1.622, -5.142, -2.663, -3.597, -3.295, -2.798
-3.403, -3.546, -2.402, -2.947, -7.186, -4.541, -2.407, -3.455, -2.830, -3.216
-3.291, -3.120, -3.847, -2.782, -4.450, -1.422, -4.035, -4.078, -2.739, -3.342
-3.756, -4.240, -3.177, -3.502, -5.735, -3.181, -2.860, -3.634, -3.394, -3.317
-3.302, -3.441, -3.917, -3.824, -1.643, -3.923, -3.855, -3.146, -3.301, -3.086
-3.715, -2.342, -3.542, -3.783, -2.021, -5.348, -2.662, -3.278, -3.075, -2.643
-3.599, -3.885, -3.814, -3.292, -1.483, -4.768, -4.786, -3.312, -2.851, -3.685
-3.415, -3.126, -3.857, -4.153, -1.938, -5.025, -3.886, -3.188, -3.756, -2.771
-3.135, -3.320, -3.267, -5.263, -1.893, -4.985, -2.977, -3.871, -3.419, -3.219
-3.339, -3.021, -2.092, -3.445, -5.570, -3.117, -2.525, -2.533, -3.147, -3.446
-3.710, -3.903, -3.046, -2.730, -5.324, -2.291, -3.336, -3.901, -3.478, -3.499
-3.338, -3.067, -3.162, -2.583, -5.945, -1.800, -3.646, -3.323, -3.009, -3.359
-3.563, -2.539, -3.357, -3.044, -5.536, -1.478, -3.213, -4.042, -3.242, -3.155
-2.446, -3.038, -2.787, -4.977, -2.230, -4.589, -4.362, -3.761, -2.931, -2.705
-2.916, -3.163, -2.229, -3.145, -7.355, -3.587, -3.373, -3.073, -3.124, -3.492
-3.328, -3.298, -3.601, -2.371, -5.711, -2.628, -2.930, -3.608, -3.347, -3.668
-3.000, -2.536, -2.925, -4.661, -1.941, -4.717, -3.109, -3.279, -3.387, -3.095
-3.656, -3.745, -3.089, -3.706, -0.948, -3.267, -3.232, -2.201, -3.848, -3.400
-3.362, -3.554, -3.645, -2.919, -1.875, -5.348, -3.398, -3.154, -3.451, -3.706
-3.124, -3.479, -2.843, -3.295, -1.675, -4.445, -3.368, -2.297, -3.639, -3.212
-3.327, -3.656, -3.164, -3.252, -7.029, -2.923, -3.074, -3.143, -3.350, -2.994
-3.529, -3.899, -3.590, -3.005, -1.285, -4.545, -3.188, -2.993, -3.138, -3.215
-3.238, -3.437, -2.848, -5.285, -1.476, -4.711, -3.024, -3.435, -3.262, -3.590
-4.085, -3.047, -3.674, -2.707, -6.375, -3.193, -3.075, -4.404, -3.276, -3.321
-3.352, -3.507, -3.431, -2.975, -1.958, -4.852, -3.613, -2.568, -2.470, -3.453
-3.189, -3.465, -3.435, -3.008, -1.893, -5.473, -3.108, -2.412, -3.006, -3.564
-3.697, -3.316, -3.144, -2.627, -4.908, -2.817, -2.347, -3.695, -3.359, -3.522
-3.499, -2.654, -3.246, -4.240, -8.520, -2.980, -3.561, -2.644, -3.132, -3.598
-3.024, -4.330, -2.904, -2.355, -1.356, -4.516, -3.341, -3.100, -2.990, -3.279
-3.437, -3.412, -3.017, -3.180, -6.583, -2.561, -3.815, -3.528, -2.919, -3.325
-2.967, -3.696, -2.409, -3.065, -5.755, -2.393, -5.302, -3.161, -2.703, -2.879
-3.230, -3.018, -3.840, -6.321, -1.472, -3.658, -4.084, -3.522, -3.141, -3.198
-3.830, -4.145, -3.973, -4.071, -8.205, -4.145, -2.850, -2.345, -2.981, -2.697
-3.222, -3.724, -3.073, -2.511, -6.150, -2.077, -2.940, -2.957, -3.077, -3.300
-3.692, -3.870, -3.566, -4.536, -4.527, -2.075, -2.349, -3.100, -3.147, -3.288
-3.354, -3.346, -3.729, -3.210, -6.805, -1.753, -2.940, -3.819, -3.744, -3.192
-3.560, -3.345, -2.966, -3.210, -1.572, -4.972, -3.448, -2.437, -3.507, -3.563
-3.511, -3.008, -3.615, -3.387, -4.485, -1.590, -2.859, -2.897, -3.353, -3.508
-4.357, -3.259, -4.186, -3.121, -6.673, -2.630, -2.137, -2.876, -3.158, -3.285
-3.256, -3.844, -2.947, -3.894, -0.851, -4.010, -2.997, -3.418, -3.361, -3.374
-3.477, -2.228, -3.614, -3.787, -1.550, -4.838, -2.392, -3.944, -3.255, -3.092
-4.453, -3.266, -3.470, -3.639, -7.610, -2.496, -2.723, -2.636, -3.634, -3.591
-3.287, -2.733, -2.763, -2.804, -1.889, -5.330, -3.550, -3.354, -3.681, -3.311
-2.426, -2.922, -3.721, -2.394, -2.048, -4.444, -3.170, -3.678, -3.484, -2.487
-3.085, -3.106, -3.054, -3.011, -2.719, -5.981, -3.353, -2.841, -3.661, -3.456
-3.079, -4.279, -2.924, -2.877, -0.880, -3.683, -3.621, -2.971, -3.016, -3.647
-3.385, -2.844, -3.770, -4.115, -6.181, -1.949, -2.112, -3.168, -2.418, -2.517
-3.459, -3.760, -2.899, -2.466, -5.180, -2.445, -3.989, -3.756, -3.440, -3.165
-3.003, -2.580, -3.587, -2.168, -3.165, -6.827, -3.334, -3.631, -3.156, -3.371
-3.468, -3.747, -3.027, -2.502, -3.736, -1.629, -3.514, -3.813, -2.952, -3.464
-3.307, -3.179, -3.134, -2.750, -5.683, -2.425, -4.106, -3.287, -4.039, -3.218
-3.142, -2.958, -3.025, -2.943, -2.038, -5.873, -3.049, -2.507, -2.838, -3.087
-3.504, -3.300, -3.487, -4.518, -3.645, -1.399, -2.576, -4.590, -3.606, -3.682
-3.355, -3.821, -3.330, -5.028, -6.242, -2.431, -2.698, -2.050, -3.470, -3.114
-3.143, -2.792, -3.371, -3.719, -5.749, -2.750, -2.751, -3.439, -2.950, -2.874
-3.127, -3.011, -2.579, -3.196, -7.628, -3.583, -3.537, -2.963, -2.952, -2.854
-3.173, -3.080, -2.812, -3.414, -6.478, -3.186, -3.026, -2.441, -3.222, -3.207
-3.325, -3.107, -3.763, -2.444, -17.310, -3.485, -3.453, -3.330, -3.386, -2.874
-3.051, -3.335, -2.332, -3.610, -1.876, -5.370, -2.657, -3.496, -3.090, -3.237
-3.106, -2.838, -3.444, -3.943, -8.374, -3.165, -3.097, -2.680, -3.242, -2.735
-4.446, -4.237, -3.337, -2.783, -5.641, -2.635, -2.908, -2.410, -3.572, -3.239
-3.469, -2.698, -4.365, -2.491, -5.467, -2.449, -3.329, -3.462, -2.888, -2.836
-3.620, -3.546, -3.855, -2.874, -0.990, -4.000, -3.084, -3.638, -3.046, -3.041
-2.566, -3.087, -4.405, -2.923, -2.577, -6.387, -2.678, -3.776, -3.188, -3.286
-3.232, -3.448, -3.670, -3.285, -8.770, -3.518, -2.582, -3.181, -3.160, -2.795
-3.438, -3.083, -3.929, -2.801, -7.760, -3.669, -3.757, -3.082, -2.984, -3.397
-2.353, -3.878, -3.636, -1.926, -1.125, -3.790, -3.415, -3.495, -3.330, -2.619
-3.671, -2.491, -3.999, -3.821, -5.798, -2.617, -2.521, -3.244, -3.324, -3.631
-3.030, -2.956, -2.862, -3.617, -2.005, -5.832, -3.601, -3.447, -3.629, -3.255
-3.392, -3.125, -3.122, -2.799, -7.936, -3.383, -3.009, -3.610, -3.345, -3.191
-3.382, -3.536, -4.805, -3.929, -1.725, -3.611, -4.926, -3.062, -2.968, -3.312
-3.607, -3.960, -3.314, -3.757, -2.023, -5.595, -2.829, -3.407, -3.453, -3.247
-4.303, -3.173, -2.830, -3.831, -7.274, -3.556, -3.119, -1.905, -3.779, -3.355
-3.572, -2.749, -3.522, -2.873, -1.736, -5.592, -2.727, -4.171, -3.009, -3.476
-4.029, -2.849, -2.758, -3.847, -5.139, -2.349, -3.274, -2.553, -3.296, -2.600
-3.138, -3.187, -3.423, -2.951, -1.740, -5.743, -3.021, -2.710, -3.300, -2.901
-2.929, -3.271, -3.306, -2.660, -1.152, -4.045, -2.923, -3.515, -2.665, -2.868
-3.230, -2.853, -3.031, -3.877, -9.376, -3.269, -2.958, -2.864, -2.818, -2.994
-2.615, -3.368, -4.325, -3.294, -2.142, -6.355, -2.079, -3.539, -2.923, -2.664
-3.617, -3.498, -3.307, -2.860, -1.793, -5.849, -2.848, -3.079, -2.888, -3.240
-2.731, -3.134, -3.057, -3.679, -1.389, -4.409, -3.439, -3.765, -3.468, -3.360
-3.642, -3.321, -3.796, -3.515, -2.713, -6.363, -3.609, -2.966, -2.534, -3.342
-3.311, -2.983, -2.667, -3.029, -6.674, -2.855, -3.467, -3.291, -3.091, -2.939
-3.123, -3.117, -3.484, -2.505, -6.669, -3.020, -3.658, -3.405, -2.934, -3.438
-3.214, -3.788, -2.817, -3.799, -9.905, -3.864, -3.897, -3.096, -3.007, -2.942
-3.470, -2.458, -3.133, -4.595, -1.404, -4.808, -2.628, -3.340, -2.613, -2.975
-3.965, -3.405, -3.424, -2.667, -5.032, -1.611, -3.708, -4.069, -3.583, -2.849
-3.339, -4.848, -3.986, -2.260, -0.943, -3.302, -2.635, -2.388, -3.396, -2.721
-3.235, -4.337, -2.660, -3.848, -1.034, -5.083, -2.980, -2.989, -3.404, -3.757
-3.291, -3.315, -3.502, -2.763, -7.684, -4.156, -3.563, -3.565, -3.142, -3.377
-3.475, -3.653, -3.135, -4.709, -1.057, -4.329, -3.066, -4.117, -3.084, -3.020
-3.451, -3.295, -4.165, -2.681, -7.741, -2.888, -2.998, -3.829, -3.497, -2.788
-2.368, -3.460, -2.505, -2.733, -1.779, -4.780, -2.891, -3.778, -3.771, -3.254
-3.336, -3.759, -2.879, -3.090, -5.040, -2.315, -3.058, -3.262, -3.057, -3.309
-3.000, -3.215, -4.018, -2.953, -1.929, -6.425, -2.546, -2.241, -2.869, -2.851
-3.426, -3.616, -2.776, -4.600, -1.760, -5.479, -2.862, -3.656, -3.138, -3.903
-3.092, -2.951, -3.220, -3.766, -7.752, -2.887, -3.175, -2.570, -3.200, -3.089
-3.419, -3.644, -3.050, -3.275, -1.534, -4.883, -3.030, -2.387, -2.659, -3.403
-3.830, -3.677, -3.698, -1.775, -5.900, -2.345, -3.806, -3.414, -3.223, -3.502
-3.536, -3.309, -3.070, -3.183, -2.084, -6.205, -3.135, -3.155, -3.475, -3.269
-3.387, -3.096, -3.168, -2.673, -6.850, -3.292, -3.605, -2.974, -3.229, -3.587
-3.277, -3.670, -3.346, -2.774, -6.111, -3.166, -2.826, -3.212, -3.022, -3.536
-3.006, -3.459, -3.595, -4.234, -1.433, -3.557, -3.640, -3.447, -3.357, -2.727
-3.658, -4.746, -3.952, -3.502, -1.107, -4.272, -2.543, -3.088, -3.382, -2.923
-3.432, -3.174, -3.044, -3.184, -5.522, -1.906, -3.460, -3.590, -3.364, -3.351
-3.553, -4.023, -3.638, -4.568, -1.248, -4.234, -3.190, -3.477, -3.600, -3.026
-3.513, -2.499, -2.904, -3.494, -6.310, -2.761, -2.434, -3.637, -3.268, -2.915
-3.259, -2.957, -3.404, -4.019, -9.354, -3.201, -3.190, -2.457, -3.261, -3.045
-3.517, -3.690, -3.487, -4.911, -1.052, -4.702, -2.884, -3.264, -3.486, -3.194
-3.184, -3.318, -3.611, -3.236, -5.169, -2.168, -3.366, -3.194, -3.232, -3.236
-3.869, -3.182, -3.847, -3.051, -4.979, -2.124, -3.384, -3.317, -3.363, -3.980
-3.366, -3.290, -3.894, -2.745, -0.910, -3.533, -2.718, -3.757, -3.830, -2.817
-3.448, -3.906, -3.205, -2.886, -4.345, -1.797, -3.325, -3.409, -3.034, -3.089
-3.329, -3.069, -3.430, -2.859, -9.994, -3.096, -3.427, -3.132, -2.900, -2.791
-2.969, -3.413, -4.086, -3.042, -5.277, -1.893, -3.788, -3.293, -3.371, -2.818
-3.161, -2.808, -3.112, -3.457, -2.777, -6.610, -3.291, -3.072, -3.702, -3.372
-3.178, -3.323, -2.693, -3.342, -7.228, -3.140, -3.339, -3.512, -3.928, -4.237
-3.619, -5.490, -3.280, -2.189, -4.461, -1.694, -4.265, -4.081, -3.115, -3.905
-3.750, -3.058, -5.058, -4.177, -6.768, -2.427, -2.221, -2.658, -3.350, -3.014
-3.498, -3.349, -3.828, -3.914, -1.406, -4.175, -3.020, -3.606, -2.892, -3.316
-3.212, -3.534, -2.839, -3.861, -6.396, -2.358, -3.182, -2.679, -4.172, -2.951
-3.232, -3.266, -3.330, -3.118, -7.029, -3.365, -3.539, -3.129, -3.220, -3.235
-3.355, -3.877, -3.363, -4.085, -1.011, -4.194, -3.476, -3.865, -3.074, -3.377
-3.105, -2.778, -3.419, -4.411, -1.781, -4.606, -4.252, -3.005, -3.336, -3.154
-3.560, -4.160, -3.731, -3.732, -1.550, -4.882, -2.894, -2.761, -2.943, -3.477
-2.730, -3.781, -3.225, -2.139, -0.752, -3.090, -3.152, -3.017, -2.995, -2.860
-2.912, -3.800, -3.589, -2.571, -1.166, -3.878, -2.877, -2.685, -3.408, -3.158
-3.181, -3.236, -3.733, -3.309, -7.097, -3.227, -3.287, -3.369, -3.575, -3.679
-3.254, -3.368, -2.931, -2.634, -7.029, -3.196, -3.556, -2.555, -3.013, -3.056
-3.418, -3.554, -4.122, -3.495, -6.132, -2.446, -2.638, -2.557, -3.197, -3.423
-3.619, -3.570, -3.790, -3.854, -7.364, -3.270, -3.091, -2.145, -3.827, -3.253
-3.625, -3.259, -2.443, -4.524, -5.423, -2.965, -2.617, -3.676, -2.522, -3.180
-2.936, -3.645, -3.190, -4.102, -1.965, -4.788, -4.066, -3.088, -3.537, -3.482
-3.550, -2.830, -3.710, -2.981, -7.518, -3.347, -2.753, -2.855, -3.351, -3.286
-2.956, -3.205, -2.469, -3.121, -4.433, -2.089, -3.090, -3.185, -3.217, -3.272
-3.719, -3.349, -2.861, -3.363, -4.031, -1.942, -2.789, -4.384, -3.297, -3.204
-2.588, -4.035, -3.759, -1.696, -0.963, -3.527, -3.421, -2.615, -2.858, -2.384
-3.371, -2.875, -2.309, -2.276, -6.198, -2.588, -3.338, -3.074, -3.620, -3.662
-3.113, -3.102, -3.003, -3.615, -7.357, -3.613, -3.456, -3.348, -3.449, -3.607
-3.180, -4.006, -2.386, -3.413, -1.903, -5.326, -2.942, -2.407, -2.955, -2.649
-2.849, -3.272, -3.271, -2.192, -1.039, -3.662, -3.638, -4.741, -2.954, -3.225
-3.085, -2.744, -2.958, -2.879, -1.893, -4.878, -4.876, -2.891, -3.900, -3.308
-2.971, -1.883, -2.588, -4.485, -6.279, -2.095, -2.989, -4.343, -3.957, -3.589
-2.532, -3.348, -3.384, -2.638, -0.571, -2.365, -3.125, -2.849, -3.320, -2.975
-3.520, -3.445, -3.509, -3.026, -9.903, -4.396, -3.621, -3.084, -2.995, -3.565
-2.789, -3.088, -2.959, -2.635, -1.875, -5.002, -3.532, -3.333, -3.140, -3.610
-3.464, -3.085, -3.129, -2.992, -6.733, -3.396, -3.337, -3.015, -3.039, -3.354
-3.525, -2.755, -3.473, -4.327, -2.087, -4.693, -3.952, -3.335, -3.723, -3.131
-3.524, -3.472, -3.089, -3.053, -1.119, -3.859, -3.297, -3.355, -4.483, -3.511
-4.543, -3.044, -2.926, -3.149, -4.495, -1.211, -4.065, -2.890, -3.279, -4.025
-3.242, -3.883, -2.615, -4.302, -5.406, -2.111, -2.938, -3.552, -3.068, -3.449
-2.818, -3.543, -3.264, -3.425, -5.644, -2.219, -3.409, -2.548, -3.462, -3.171
-3.421, -3.736, -3.364, -2.320, -6.266, -3.448, -2.815, -3.509, -3.241, -3.158
-3.105, -4.334, -3.013, -3.721, -1.216, -5.086, -3.556, -2.896, -3.050, -3.390
-2.897, -2.695, -3.191, -3.828, -7.411, -2.538, -3.340, -3.097, -3.537, -3.232
-3.353, -3.248, -3.314, -2.941, -11.443, -4.301, -3.928, -3.422, -3.041, -3.794
-3.352, -3.349, -2.422, -3.680, -5.376, -2.732, -2.968, -3.183, -3.379, -2.936
-3.412, -3.207, -2.498, -2.522, -1.942, -4.894, -3.330, -2.619, -3.608, -2.847
-3.388, -2.994, -4.359, -3.772, -2.175, -4.768, -4.408, -2.902, -2.747, -3.209
-3.294, -3.658, -2.631, -2.505, -1.035, -3.613, -4.057, -2.575, -3.435, -3.780
-3.357, -3.376, -3.344, -3.053, -7.776, -4.008, -3.271, -3.277, -3.038, -3.350
-3.079, -3.387, -3.349, -2.899, -6.211, -2.348, -3.877, -2.570, -3.702, -3.262
-2.594, -3.278, -4.668, -4.429, -1.834, -4.237, -2.131, -2.679, -3.835, -3.267
-3.541, -3.228, -3.744, -2.965, -1.840, -5.272, -2.973, -2.578, -2.976, -3.693
-3.237, -3.343, -3.742, -2.644, -7.652, -2.619, -3.506, -2.594, -3.161, -3.382
-3.136, -3.174, -3.377, -2.827, -5.513, -2.452, -3.588, -3.066, -2.924, -3.193
-2.850, -4.007, -2.996, -2.173, -6.507, -3.107, -3.667, -3.064, -3.595, -3.142
-3.028, -3.537, -3.379, -3.937, -6.402, -2.408, -3.078, -2.730, -2.886, -3.620
-2.465, -3.269, -3.541, -3.022, -2.216, -5.344, -2.645, -2.645, -2.816, -3.643
-3.285, -3.269, -2.923, -3.208, -3.494, -1.408, -2.874, -3.719, -3.253, -3.073
-3.126, -2.901, -3.208, -3.798, -2.128, -5.663, -2.339, -3.023, -3.244, -3.288
-3.374, -2.965, -3.328, -3.387, -6.825, -2.099, -3.196, -2.428, -3.332, -3.146
-3.332, -3.698, -3.152, -3.479, -1.942, -5.894, -3.598, -2.577, -3.081, -3.446
-2.796, -2.952, -3.184, -2.489, -2.362, -5.342, -3.519, -2.936, -3.582, -3.552
-2.991, -2.528, -2.988, -3.254, -3.923, -1.107, -3.630, -2.711, -3.883, -3.063
-2.739, -3.515, -2.695, -4.342, -1.433, -4.496, -3.434, -3.645, -3.655, -3.041
-3.037, -3.950, -3.048, -2.754, -7.466, -3.945, -2.865, -3.427, -3.045, -3.259
-3.271, -3.109, -3.417, -2.908, -7.813, -3.749, -3.343, -3.154, -3.025, -3.225
-2.880, -3.286, -3.247, -2.760, -7.782, -3.978, -3.229, -3.254, -3.023, -3.561
-2.700, -3.514, -2.527, -2.059, -6.881, -3.795, -3.118, -3.820, -3.037, -3.148
-2.378, -4.525, -4.376, -4.248, -2.166, -4.363, -2.583, -3.044, -4.621, -2.757
-3.324, -2.692, -3.413, -2.692, -2.302, -5.353, -3.170, -3.145, -3.408, -3.254
-3.128, -2.780, -2.520, -4.133, -2.318, -5.519, -3.871, -3.048, -3.761, -4.005
-3.239, -3.154, -3.374, -2.816, -4.997, -1.253, -3.785, -3.271, -2.799, -3.762
-2.987, -2.750, -3.786, -2.767, -5.184, -2.221, -3.283, -3.171, -3.334, -3.498
-3.406, -3.363, -3.425, -3.458, -0.947, -3.883, -2.868, -3.646, -3.299, -3.081
-3.042, -4.703, -3.145, -2.575, -0.766, -3.393, -3.431, -2.869, -3.678, -3.267
-3.311, -3.471, -3.364, -3.755, -1.435, -4.950, -3.406, -3.608, -2.572, -2.979
-2.885, -3.218, -3.457, -2.197, -5.462, -2.419, -3.263, -3.214, -3.011, -3.465
-3.065, -3.416, -3.184, -4.196, -1.798, -4.740, -3.360, -3.476, -3.319, -3.356
-3.318, -3.443, -2.528, -2.792, -5.477, -2.516, -3.198, -3.384, -3.177, -3.092
-3.428, -3.592, -3.163, -3.237, -4.455, -1.731, -3.775, -3.972, -2.897, -3.343
-3.359, -3.173, -3.046, -2.391, -5.345, -1.223, -3.838, -3.672, -2.822, -3.210
-2.594, -3.497, -2.579, -2.412, -7.762, -2.816, -4.148, -3.085, -3.039, -3.139
-3.198, -3.160, -3.260, -2.774, -1.980, -5.579, -2.843, -3.424, -3.143, -3.625
-3.081, -3.169, -3.773, -3.790, -4.726, -0.986, -3.334, -2.551, -3.520, -3.176
-3.343, -3.133, -3.148, -4.651, -1.425, -4.405, -3.212, -3.439, -3.755, -3.592
-3.399, -3.589, -2.947, -2.610, -6.857, -4.091, -3.064, -3.501, -2.787, -3.257
-2.673, -3.317, -3.573, -2.609, -1.803, -4.426, -2.998, -3.502, -3.325, -2.772
-3.115, -2.264, -4.345, -3.250, -2.352, -6.553, -2.536, -3.129, -3.025, -2.924
-3.115, -3.671, -2.990, -2.581, -6.949, -2.750, -2.944, -4.122, -2.854, -3.382
-3.192, -2.884, -3.335, -3.051, -7.710, -3.569, -3.493, -3.070, -3.434, -3.571
-3.343, -3.264, -2.970, -4.147, -4.753, -2.165, -3.442, -4.022, -3.364, -3.436
-3.353, -3.233, -3.490, -2.405, -5.287, -1.953, -3.529, -3.411, -3.146, -3.229
-3.557, -3.182, -3.296, -2.454, -4.931, -1.919, -3.607, -3.408, -2.996, -3.023
-3.268, -3.511, -3.622, -3.379, -5.756, -2.307, -3.371, -3.072, -3.257, -3.094
-2.469, -2.768, -4.148, -2.164, -4.303, -1.435, -2.363, -3.874, -2.644, -3.343
-2.767, -3.879, -2.748, -4.742, -1.124, -5.328, -3.119, -3.020, -3.709, -3.410
-3.305, -2.922, -3.397, -3.611, -1.108, -4.097, -2.836, -3.327, -3.373, -3.154
-3.164, -3.803, -2.913, -2.826, -1.115, -4.120, -3.271, -4.295, -3.194, -3.381
-3.120, -3.886, -3.582, -3.871, -5.404, -2.198, -3.492, -3.394, -3.184, -3.327
-3.382, -3.286, -3.540, -3.107, -5.275, -2.428, -3.306, -3.869, -3.347, -3.665
-3.337, -3.008, -2.735, -2.824, -1.494, -4.203, -3.719, -3.708, -4.665, -3.210
-3.658, -3.162, -4.295, -2.357, -6.642, -2.806, -3.010, -3.190, -3.185, -2.897
-2.965, -3.754, -3.592, -3.577, -1.682, -4.065, -3.793, -2.741, -2.931, -3.067
-2.536, -2.343, -3.137, -3.688, -1.967, -5.215, -3.535, -4.030, -3.598, -3.202
-3.126, -3.887, -2.654, -3.458, -4.257, -2.182, -2.436, -3.766, -2.587, -2.935
-3.353, -3.591, -3.774, -4.049, -1.364, -4.720, -3.666, -2.765, -2.952, -3.202
-3.242, -4.683, -3.854, -3.102, -0.865, -3.084, -3.527, -3.087, -3.514, -3.188
-3.320, -2.924, -3.305, -2.549, -5.931, -3.072, -3.240, -3.013, -2.909, -3.495
-2.976, -2.494, -4.090, -2.269, -5.057, -1.321, -2.604, -3.111, -3.125, -4.178
-3.552, -3.415, -3.054, -4.092, -2.339, -5.754, -3.490, -3.586, -3.178, -3.144
-3.009, -3.251, -3.401, -3.851, -5.966, -2.814, -2.965, -3.165, -3.944, -3.824
-3.556, -4.168, -3.108, -4.007, -6.373, -2.351, -3.541, -2.356, -2.983, -3.421
-3.086, -3.531, -2.850, -3.268, -5.937, -2.430, -3.177, -2.298, -3.871, -3.540
-3.152, -3.462, -3.406, -3.035, -8.531, -4.021, -3.588, -2.946, -3.146, -3.438
-3.034, -3.228, -3.072, -2.583, -7.078, -3.793, -3.268, -3.456, -3.080, -3.591
-2.444, -3.586, -4.252, -2.712, -1.743, -3.929, -3.284, -3.370, -4.511, -2.915
-3.483, -3.473, -3.738, -3.825, -5.118, -1.470, -2.916, -3.031, -3.810, -2.914
-4.242, -2.944, -4.251, -2.931, -7.025, -2.324, -2.891, -2.733, -3.198, -4.592
-3.166, -3.171, -3.509, -3.306, -11.611, -3.950, -3.463, -3.010, -3.408, -3.052
-2.830, -3.012, -2.889, -3.473, -6.428, -3.012, -3.855, -3.724, -2.704, -3.677
-3.353, -4.550, -3.183, -2.636, -1.085, -3.584, -3.418, -2.735, -4.660, -3.263
-3.326, -2.867, -3.169, -3.402, -1.234, -3.948, -3.310, -2.994, -3.108, -3.575
-3.670, -3.088, -3.275, -2.648, -7.234, -3.119, -3.382, -3.247, -3.174, -3.428
-2.859, -3.279, -2.747, -3.706, -5.402, -2.555, -2.986, -2.776, -3.403, -3.667
-2.860, -4.305, -3.432, -2.009, -0.901, -3.228, -2.720, -2.267, -3.339, -2.875
-2.975, -3.316, -2.984, -4.004, -1.426, -4.242, -3.015, -2.600, -3.252, -3.106
-3.794, -3.423, -2.881, -2.927, -5.127, -2.848, -3.277, -4.084, -2.023, -4.064
-3.290, -3.478, -3.396, -3.822, -0.725, -3.095, -3.249, -3.333, -3.676, -3.315
-2.792, -3.036, -3.197, -4.140, -1.616, -5.014, -3.004, -2.876, -3.226, -3.384
-3.245, -3.778, -2.667, -4.276, -1.225, -4.331, -3.220, -2.927, -3.411, -3.233
-3.393, -3.062, -3.068, -3.280, -5.328, -2.335, -3.315, -3.011, -3.270, -3.711
-3.714, -3.386, -2.757, -3.017, -6.359, -3.341, -2.591, -3.431, -3.305, -3.659
-3.436, -3.036, -3.591, -3.007, -8.495, -3.426, -2.819, -3.122, -3.243, -3.020
-3.223, -3.078, -3.375, -3.225, -2.168, -5.410, -2.835, -3.117, -3.137, -3.047
-3.529, -3.584, -3.317, -2.611, -1.484, -4.348, -3.239, -3.446, -4.162, -3.521
-2.702, -3.362, -3.470, -2.946, -0.671, -2.697, -2.920, -2.626, -3.751, -3.005
-3.411, -2.595, -3.876, -4.193, -2.267, -4.657, -4.466, -3.051, -3.140, -3.187
-3.449, -3.289, -2.946, -3.194, -9.064, -4.166, -3.544, -3.477, -3.447, -3.689
-3.029, -3.156, -3.854, -3.704, -7.932, -3.230, -2.768, -2.866, -3.117, -3.164
-3.366, -3.018, -3.747, -3.152, -7.102, -3.201, -3.646, -3.647, -3.089, -3.219
-3.244, -3.400, -2.760, -4.333, -0.833, -3.817, -3.261, -3.194, -3.219, -3.455
-3.243, -3.965, -2.247, -2.749, -6.053, -2.961, -2.495, -3.236, -3.298, -2.980
-3.405, -3.052, -3.033, -2.689, -1.936, -5.292, -3.256, -2.515, -3.158, -3.562
-3.354, -3.381, -3.462, -2.357, -1.038, -3.226, -3.342, -2.136, -3.079, -3.353
-3.639, -3.751, -3.180, -4.687, -1.533, -5.313, -3.893, -3.092, -2.751, -3.377
-2.849, -3.121, -3.386, -3.421, -2.757, -5.568, -3.422, -3.168, -3.208, -2.687
-2.519, -3.695, -2.850, -4.697, -7.095, -2.843, -3.347, -2.821, -3.434, -3.482
-3.557, -3.562, -3.132, -3.699, -5.118, -1.804, -3.354, -3.095, -3.391, -3.067
-2.710, -5.092, -2.826, -2.943, -4.315, -1.761, -3.853, -3.225, -2.845, -3.902
-4.080, -4.174, -2.710, -2.778, -5.180, -2.190, -3.706, -2.893, -3.644, -3.985
-2.824, -2.606, -2.270, -5.731, -5.301, -2.059, -4.433, -3.968, -3.031, -3.284
-3.526, -3.084, -3.613, -4.088, -1.967, -5.452, -5.139, -2.884, -3.071, -3.202
-3.387, -2.813, -3.414, -3.255, -6.959, -2.778, -3.063, -2.672, -3.231, -3.089
-3.424, -3.901, -3.203, -4.546, -1.230, -6.224, -2.623, -3.261, -3.415, -3.056
-3.343, -3.008, -6.036, -2.239, -1.788, -4.171, -2.639, -3.304, -3.287, -2.697
-3.146, -3.667, -3.428, -2.937, -6.740, -3.091, -3.138, -3.320, -3.086, -2.955
-4.383, -2.741, -4.404, -2.035, -5.548, -2.910, -2.852, -3.370, -3.333, -3.949
-3.458, -3.164, -3.393, -2.935, -5.925, -1.763, -3.299, -3.384, -3.313, -3.318
-3.820, -2.841, -2.589, -6.007, -5.160, -1.909, -3.964, -2.672, -3.381, -3.241
-3.686, -3.773, -3.510, -2.368, -5.567, -2.197, -2.557, -3.629, -3.490, -3.663
-3.191, -3.062, -3.200, -4.460, -1.979, -4.742, -3.224, -3.146, -3.297, -3.232
-3.420, -3.866, -3.307, -4.179, -0.701, -4.444, -2.996, -4.029, -3.102, -2.828
-3.666, -3.796, -3.582, -3.505, -1.984, -5.737, -3.429, -3.702, -3.204, -2.966
-4.017, -3.426, -4.156, -4.033, -2.442, -6.119, -2.775, -3.347, -2.754, -3.340
-3.082, -3.102, -3.122, -3.241, -1.715, -4.083, -3.296, -2.408, -3.541, -3.260
-3.003, -3.697, -2.761, -2.412, -7.652, -3.002, -4.958, -3.148, -3.204, -3.334
-3.597, -3.421, -3.193, -3.576, -5.776, -2.831, -2.637, -3.626, -3.443, -2.742
-3.797, -3.515, -2.938, -3.076, -5.366, -2.293, -3.297, -3.538, -2.930, -3.204
-3.036, -2.960, -2.280, -2.786, -4.422, -2.240, -3.394, -3.555, -3.022, -3.651
-3.042, -3.372, -2.801, -2.645, -9.112, -2.848, -3.571, -3.462, -3.206, -3.050
-3.677, -3.756, -3.444, -3.909, -6.268, -2.654, -3.544, -3.876, -3.489, -3.216
-3.172, -3.848, -2.336, -3.076, -6.248, -2.890, -2.296, -3.927, -3.217, -3.930
-3.414, -3.173, -3.455, -2.565, -10.134, -3.108, -3.379, -2.898, -3.107, -3.522
-3.327, -3.589, -3.243, -2.540, -6.882, -3.732, -2.883, -3.411, -3.312, -3.227
-3.195, -3.145, -2.577, -3.578, -1.585, -4.681, -2.502, -2.770, -2.874, -3.149
-2.633, -3.805, -2.969, -4.599, -0.785, -3.109, -3.190, -3.422, -3.602, -3.427
-3.249, -3.342, -3.291, -3.011, -6.577, -2.536, -3.247, -3.110, -3.372, -3.187
-3.949, -2.821, -4.330, -2.841, -7.433, -2.257, -2.821, -3.045, -3.334, -3.804
-3.525, -3.324, -2.945, -4.227, -0.731, -3.684, -2.936, -2.978, -2.687, -3.194
-3.342, -3.405, -2.878, -5.883, -7.535, -3.555, -3.034, -3.090, -2.668, -3.122
-3.376, -3.428, -3.890, -2.498, -8.692, -3.313, -3.457, -3.148, -3.328, -3.011
-3.038, -2.877, -2.561, -3.306, -2.352, -5.586, -6.345, -3.215, -3.230, -4.525
-3.167, -2.794, -3.222, -2.783, -6.190, -2.263, -3.725, -3.414, -3.771, -3.723
-3.472, -3.270, -2.514, -2.986, -4.630, -2.416, -3.237, -3.189, -2.716, -3.489
-3.086, -3.514, -3.512, -2.550, -8.900, -3.712, -3.033, -2.935, -2.775, -3.367
-3.268, -3.536, -2.641, -2.906, -6.458, -3.213, -2.394, -2.825, -3.123, -3.255
-2.944, -2.795, -3.104, -4.015, -5.754, -2.460, -3.522, -2.903, -3.544, -3.645
-3.318, -3.129, -2.777, -3.499, -7.384, -2.974, -2.909, -3.169, -3.101, -3.182
-2.981, -2.937, -2.351, -3.084, -7.260, -2.961, -3.228, -3.269, -2.949, -3.082
-3.504, -4.444, -3.391, -3.578, -3.911, -1.482, -2.893, -4.408, -2.808, -2.985
-2.707, -3.210, -2.753, -3.597, -4.154, -1.167, -3.771, -2.340, -3.441, -2.951
-3.726, -3.688, -2.701, -4.105, -5.521, -1.999, -3.743, -3.257, -3.557, -3.406
-3.414, -3.490, -2.790, -5.365, -1.201, -4.841, -2.940, -3.158, -2.898, -3.322
-3.418, -2.812, -3.581, -3.272, -8.976, -2.808, -3.483, -3.265, -3.252, -3.103
-3.409, -3.223, -3.258, -4.482, -1.300, -5.210, -2.839, -2.939, -3.549, -3.713
-3.446, -3.644, -3.499, -2.599, -1.801, -4.847, -3.071, -2.373, -2.850, -3.082
-2.602, -3.438, -3.241, -2.286, -4.516, -1.212, -3.950, -2.724, -3.029, -2.868
-3.409, -3.353, -3.572, -2.201, -8.490, -4.134, -3.959, -3.497, -3.063, -3.401
-3.384, -3.184, -4.268, -2.573, -6.323, -3.044, -3.153, -2.839, -3.025, -3.409
-2.706, -3.283, -3.009, -3.666, -6.452, -2.927, -3.517, -2.916, -3.513, -3.480
-3.491, -4.139, -3.349, -3.620, -1.293, -3.880, -3.500, -2.984, -2.773, -3.061
-3.496, -2.940, -3.610, -2.704, -8.296, -4.014, -3.049, -3.376, -3.116, -3.475
-3.298, -3.211, -2.653, -3.610, -1.417, -4.307, -3.719, -3.364, -3.794, -3.818
-2.932, -3.454, -4.440, -3.618, -2.524, -5.815, -3.929, -2.970, -4.562, -2.809
-3.190, -2.880, -3.883, -3.047, -18.521, -4.300, -3.378, -3.184, -2.894, -3.141
-3.321, -2.817, -2.940, -2.486, -2.586, -6.702, -3.499, -2.397, -2.992, -3.080
-3.103, -3.566, -4.179, -3.789, -1.689, -3.807, -3.957, -3.099, -3.497, -3.288
-3.530, -3.052, -3.586, -2.950, -5.815, -1.501, -3.160, -3.546, -2.526, -2.920
-3.150, -3.013, -3.186, -2.620, -1.986, -6.174, -3.216, -2.308, -2.824, -3.103
-3.025, -2.757, -2.671, -3.968, -5.000, -1.474, -3.895, -2.974, -3.216, -3.382
-2.714, -2.824, -3.540, -3.468, -7.619, -3.360, -3.275, -2.491, -3.325, -3.413
-3.585, -3.031, -3.315, -1.842, -5.256, -2.713, -3.259, -4.691, -2.894, -3.891
-3.193, -3.079, -3.119, -3.160, -5.441, -2.275, -3.476, -3.259, -3.452, -3.275
-4.693, -2.771, -4.965, -3.421, -5.464, -2.220, -2.296, -3.442, -3.431, -4.327
-3.566, -3.674, -2.951, -4.416, -7.243, -3.320, -3.315, -2.622, -3.678, -3.318
-3.232, -3.769, -2.986, -2.468, -2.263, -6.671, -3.966, -3.086, -3.242, -3.775
-3.193, -2.927, -3.208, -3.927, -4.863, -1.807, -2.987, -2.283, -3.645, -2.805
-3.075, -3.211, -3.525, -2.776, -4.631, -1.738, -3.319, -2.919, -3.109, -3.330
-2.779, -2.857, -3.061, -3.243, -2.130, -5.296, -3.081, -3.281, -3.744, -3.234
-3.272, -3.641, -3.904, -3.405, -1.494, -3.928, -3.780, -3.185, -3.590, -3.017
-3.015, -3.090, -3.139, -3.228, -13.735, -3.736, -4.013, -3.411, -2.539, -3.373
-4.148, -3.422, -2.673, -3.327, -6.612, -2.753, -3.190, -2.881, -3.373, -3.073
-3.427, -3.300, -3.404, -3.101, -1.837, -6.508, -2.945, -2.914, -3.203, -3.119
-3.213, -3.641, -3.160, -3.085, -6.050, -2.541, -3.465, -3.296, -3.382, -3.424
-2.675, -4.154, -3.590, -2.766, -1.243, -4.505, -3.612, -3.568, -3.840, -2.923
-3.361, -3.400, -3.208, -3.083, -5.840, -2.743, -3.183, -3.140, -3.108, -3.354
-3.299, -3.276, -3.325, -2.752, -5.066, -2.258, -3.716, -3.572, -3.412, -3.134
-3.469, -3.399, -2.713, -6.244, -1.366, -5.190, -2.791, -3.992, -3.504, -3.115
-3.202, -3.150, -3.038, -2.615, -5.228, -2.222, -2.642, -4.580, -2.773, -3.912
-3.443, -3.442, -4.143, -2.788, -5.203, -2.262, -2.854, -3.046, -3.844, -3.314
-2.552, -3.609, -3.046, -2.760, -1.944, -5.245, -2.884, -3.286, -3.241, -3.188
-3.372, -4.018, -3.070, -3.755, -0.423, -2.905, -3.045, -2.929, -3.096, -3.363
-3.141, -3.622, -3.632, -3.223, -5.565, -2.291, -2.684, -2.954, -3.144, -3.036
-2.786, -3.685, -2.475, -3.612, -4.099, -1.259, -4.088, -4.012, -3.231, -3.149
-3.381, -3.526, -2.956, -3.687, -1.326, -5.443, -2.807, -2.688, -2.928, -3.395
-2.751, -2.788, -3.180, -2.208, -1.572, -4.123, -3.579, -3.503, -2.802, -3.165
-3.158, -3.746, -3.711, -3.458, -7.564, -3.592, -2.940, -3.494, -2.920, -2.834
-3.235, -3.310, -3.945, -2.538, -4.404, -1.537, -3.319, -3.229, -3.676, -3.505
-3.117, -3.192, -3.130, -4.123, -2.372, -6.282, -3.178, -3.426, -3.204, -3.433
-3.001, -3.327, -2.955, -3.721, -6.265, -3.088, -2.473, -2.946, -3.390, -2.854
-3.158, -4.441, -2.984, -3.259, -0.885, -4.719, -3.203, -3.418, -3.321, -3.541
-3.446, -3.557, -3.057, -2.737, -4.659, -2.386, -3.054, -3.945, -3.480, -3.698
-3.881, -2.940, -3.340, -2.106, -8.651, -3.509, -3.791, -3.291, -3.080, -2.958
-3.447, -3.497, -2.767, -2.976, -5.659, -2.456, -2.923, -3.699, -3.812, -3.169
-3.215, -3.784, -2.932, -4.051, -1.237, -4.932, -3.231, -3.262, -3.360, -3.681
-3.939, -3.162, -4.352, -2.480, -6.431, -2.796, -3.763, -2.851, -3.190, -3.305
-3.395, -3.439, -3.421, -2.621, -7.405, -3.067, -3.365, -2.990, -3.389, -3.397
-3.225, -3.593, -3.346, -4.300, -6.015, -1.819, -3.288, -2.840, -3.541, -2.930
-2.411, -3.965, -3.803, -1.711, -1.474, -4.132, -3.321, -2.556, -3.655, -3.007
-2.868, -3.924, -4.121, -4.304, -2.097, -5.697, -2.123, -3.214, -3.173, -3.624
-3.438, -3.313, -3.210, -3.912, -1.785, -5.447, -2.888, -3.256, -3.427, -2.680
-2.534, -2.746, -2.900, -3.719, -1.669, -4.389, -3.445, -4.305, -3.489, -3.361
-2.990, -3.076, -3.009, -3.639, -5.023, -2.175, -3.322, -2.667, -2.987, -3.295
-3.382, -3.275, -3.263, -2.990, -6.823, -2.631, -3.234, -3.396, -3.041, -3.356
-3.345, -3.560, -2.888, -3.988, -1.226, -4.383, -3.259, -3.586, -3.243, -4.014
-2.945, -3.378, -3.288, -3.115, -6.162, -2.548, -3.263, -3.359, -3.267, -3.593
-3.358, -3.089, -2.345, -2.824, -5.095, -2.408, -2.782, -3.333, -3.101, -3.322
-3.028, -3.543, -3.087, -2.455, -5.571, -2.030, -3.927, -4.003, -3.312, -3.826
-3.033, -3.094, -2.753, -3.897, -5.662, -2.179, -2.882, -2.538, -3.624, -3.074
-3.190, -2.860, -3.382, -3.040, -6.993, -2.262, -4.066, -2.977, -3.284, -3.303
-3.130, -3.539, -3.845, -3.043, -8.865, -3.813, -3.435, -3.296, -3.334, -3.192
-3.970, -3.256, -3.386, -3.596, -6.570, -3.506, -3.216, -3.461, -3.652, -3.239
-3.359, -3.923, -3.186, -3.704, -1.673, -6.197, -3.174, -4.068, -3.476, -3.797
-2.812, -3.342, -3.005, -3.529, -1.446, -4.306, -3.358, -3.950, -3.353, -3.326
-3.132, -4.490, -2.969, -3.968, -0.601, -3.320, -3.089, -3.208, -3.953, -3.507
-3.298, -3.495, -2.932, -2.722, -5.299, -2.826, -2.539, -3.502, -3.376, -3.011
-3.406, -3.471, -3.770, -3.297, -9.570, -3.731, -3.410, -2.913, -3.152, -3.461
-3.204, -3.637, -3.172, -3.946, -2.687, -7.346, -3.477, -3.285, -3.259, -2.822
-3.486, -3.313, -3.437, -1.961, -2.053, -4.967, -3.781, -2.953, -4.395, -3.613
-3.214, -3.000, -3.297, -2.669, -2.024, -5.449, -3.114, -2.780, -2.828, -3.534
-3.088, -3.387, -2.578, -3.099, -5.633, -2.086, -2.734, -3.734, -3.091, -3.604
-2.939, -4.234, -2.978, -3.064, -1.459, -5.258, -3.430, -2.604, -3.168, -2.815
-3.066, -3.417, -3.267, -3.291, -4.600, -1.803, -3.538, -3.323, -3.342, -3.353
-3.350, -2.752, -3.316, -3.250, -1.672, -4.965, -3.569, -3.912, -2.830, -3.524
-2.479, -3.443, -3.770, -1.783, -1.097, -3.000, -3.152, -2.394, -3.581, -3.046
-3.310, -3.416, -3.444, -3.133, -5.572, -2.067, -2.988, -3.191, -3.369, -2.221
-3.904, -4.485, -3.355, -3.445, -4.480, -1.966, -2.282, -4.836, -2.983, -3.510
-2.980, -3.495, -3.428, -3.211, -1.563, -4.529, -3.438, -3.093, -2.947, -3.043
-3.307, -3.458, -3.555, -3.281, -7.345, -2.356, -3.438, -3.678, -3.177, -3.232
-3.081, -2.996, -2.169, -2.857, -6.464, -3.520, -3.867, -3.761, -3.520, -3.754
-3.088, -4.020, -3.610, -4.166, -1.749, -4.886, -3.363, -2.908, -3.419, -3.296
-3.858, -3.390, -3.739, -2.122, -7.122, -3.913, -2.876, -3.145, -3.070, -2.932
-3.374, -3.469, -3.325, -4.215, -2.267, -5.991, -3.952, -3.546, -3.058, -3.021
-2.957, -3.795, -2.596, -4.570, -1.295, -4.027, -3.797, -4.034, -3.195, -3.182
-2.972, -4.860, -3.136, -2.620, -1.036, -4.250, -3.514, -3.266, -3.111, -3.249
-3.071, -2.918, -3.461, -2.479, -1.982, -4.901, -3.229, -2.380, -3.183, -3.143
-3.180, -3.463, -3.162, -2.326, -6.970, -3.687, -3.392, -3.555, -3.488, -3.699
-3.454, -3.214, -2.865, -4.250, -2.212, -5.837, -3.195, -3.543, -3.296, -3.262
-3.617, -3.228, -3.414, -2.975, -1.541, -5.678, -3.802, -3.002, -2.325, -3.167
-3.120, -3.350, -3.060, -2.598, -1.465, -5.003, -3.125, -2.523, -2.974, -3.220
-3.160, -3.743, -2.853, -2.999, -1.489, -4.446, -3.416, -3.239, -3.458, -3.252
-3.049, -3.555, -3.797, -2.978, -1.419, -3.566, -3.785, -2.870, -3.812, -3.254
-2.925, -3.653, -3.692, -3.362, -7.274, -3.566, -2.624, -2.509, -3.228, -2.701
-2.873, -4.155, -3.639, -3.410, -1.536, -5.199, -2.797, -2.643, -3.396, -3.316
-3.704, -3.624, -3.728, -3.116, -1.792, -4.830, -2.957, -2.212, -2.828, -3.263
-3.786, -2.914, -3.311, -2.804, -5.995, -2.530, -3.632, -4.300, -2.788, -3.053
-2.825, -3.611, -3.654, -3.119, -5.935, -2.482, -2.863, -3.231, -3.275, -2.884
-3.736, -2.612, -3.853, -3.081, -7.350, -2.785, -3.053, -3.188, -2.907, -2.997
-3.289, -3.657, -3.040, -3.641, -8.459, -3.317, -3.447, -2.851, -3.594, -3.695
-3.643, -3.124, -3.067, -3.418, -2.795, -6.366, -3.350, -2.644, -3.711, -2.584
-3.226, -3.390, -3.385, -3.032, -9.033, -3.894, -3.017, -2.997, -3.063, -3.221
-3.258, -3.725, -3.445, -2.609, -1.577, -4.191, -3.121, -2.525, -3.159, -3.225
-3.348, -3.662, -3.298, -3.355, -1.893, -4.488, -4.023, -2.476, -3.234, -3.026
-3.247, -3.021, -2.855, -3.247, -2.054, -5.435, -3.074, -2.563, -2.932, -3.388
-3.444, -3.542, -3.681, -4.032, -6.854, -3.117, -3.186, -2.435, -3.414, -3.138
-2.920, -3.085, -3.162, -3.675, -8.315, -3.646, -3.739, -2.466, -3.104, -3.632
-2.954, -2.922, -3.607, -3.283, -1.557, -4.804, -3.144, -4.294, -4.001, -3.068
-2.808, -3.183, -3.716, -2.413, -5.660, -2.477, -2.978, -3.926, -3.001, -3.834
-4.053, -3.146, -3.391, -4.066, -8.057, -3.598, -3.492, -3.422, -3.591, -3.373
-3.017, -3.674, -2.751, -3.870, -5.582, -2.327, -3.251, -3.129, -3.303, -3.784
-2.973, -3.065, -2.441, -3.260, -1.380, -4.646, -3.966, -3.612, -3.249, -3.280
-3.666, -3.423, -3.907, -2.115, -6.443, -3.066, -3.111, -3.484, -3.642, -4.110
-3.042, -3.542, -4.136, -3.370, -5.302, -2.038, -3.181, -2.779, -3.622, -3.405
-3.487, -3.839, -2.831, -3.331, -6.307, -2.543, -3.062, -3.526, -2.859, -3.347
-3.083, -2.572, -3.237, -2.997, -2.639, -6.657, -3.134, -3.091, -4.087, -2.910
-3.289, -3.118, -3.072, -2.603, -8.260, -2.397, -3.233, -3.667, -3.392, -3.227
-3.478, -3.368, -2.757, -2.619, -5.500, -3.067, -2.828, -3.509, -3.008, -3.130
-3.221, -2.829, -3.128, -2.846, -2.112, -4.975, -3.184, -2.518, -3.367, -3.636
-3.482, -3.155, -3.428, -2.920, -4.745, -2.232, -3.406, -3.916, -2.983, -3.424
-3.322, -3.401, -3.817, -3.510, -9.543, -4.159, -3.316, -2.558, -3.343, -3.242
-2.689, -2.882, -3.444, -4.219, -10.052, -3.879, -3.341, -2.144, -3.239, -2.925
-3.119, -3.020, -4.019, -3.202, -5.692, -1.860, -2.981, -3.259, -3.489, -3.178
-3.477, -3.908, -3.297, -2.605, -1.822, -5.944, -3.447, -4.201, -2.822, -3.927
-3.309, -3.591, -3.426, -3.204, -11.908, -4.359, -3.710, -2.893, -3.077, -3.075
-3.126, -3.193, -3.367, -3.760, -9.765, -3.428, -3.050, -3.330, -3.437, -3.674
-3.416, -3.173, -3.402, -2.838, -10.777, -3.384, -3.676, -3.194, -2.986, -2.931
-3.237, -4.801, -2.790, -3.607, -5.962, -2.901, -3.290, -3.157, -2.961, -2.550
-3.431, -3.194, -4.158, -3.073, -9.327, -3.493, -2.748, -3.153, -3.342, -3.263
-2.575, -3.073, -4.591, -3.075, -2.390, -5.058, -2.907, -2.656, -3.911, -3.174
-3.130, -2.825, -3.016, -2.855, -2.440, -5.719, -3.291, -2.714, -3.394, -3.263
-3.170, -2.956, -3.720, -5.529, -6.165, -2.319, -2.847, -1.609, -3.096, -3.048
-4.041, -3.118, -3.407, -3.320, -6.066, -2.774, -2.555, -3.868, -3.220, -3.283
-3.167, -3.520, -2.876, -3.839, -1.454, -5.465, -2.906, -2.697, -2.970, -3.323
-3.591, -3.527, -3.258, -4.335, -0.843, -3.958, -2.795, -3.260, -3.110, -3.130
-3.368, -3.148, -2.745, -3.184, -1.907, -5.458, -3.056, -3.125, -2.843, -3.225
-2.867, -3.508, -3.239, -3.926, -5.714, -2.407, -2.604, -2.367, -3.133, -2.243
-3.448, -3.167, -3.244, -3.910, -8.725, -3.301, -3.777, -2.578, -3.870, -3.159
-3.509, -3.715, -2.398, -4.250, -5.386, -2.957, -2.781, -3.313, -3.384, -3.091
-3.014, -3.713, -4.420, -3.560, -4.805, -1.830, -2.712, -4.096, -3.395, -2.380
-3.177, -2.747, -3.629, -2.873, -2.449, -5.490, -3.381, -2.878, -3.480, -3.195
-3.023, -4.074, -2.998, -2.201, -0.997, -3.700, -3.861, -2.336, -3.852, -3.934
-3.236, -2.932, -3.345, -2.975, -1.181, -3.987, -3.270, -2.710, -2.811, -3.264
-3.580, -3.048, -3.329, -3.114, -1.624, -4.716, -3.440, -2.733, -3.057, -3.229
-2.652, -4.132, -3.618, -2.618, -1.070, -4.016, -2.890, -3.853, -3.642, -2.584
-3.356, -3.252, -3.565, -3.843, -1.888, -6.022, -3.257, -3.907, -3.107, -3.119
-3.187, -3.442, -3.245, -2.908, -5.276, -2.243, -2.904, -3.204, -3.805, -3.199
-3.902, -3.310, -3.474, -3.546, -5.302, -2.166, -2.974, -3.138, -3.464, -3.129
-3.261, -3.800, -2.957, -2.897, -9.116, -3.988, -4.390, -2.887, -2.934, -3.362
-3.212, -3.734, -3.766, -3.287, -7.654, -2.882, -3.745, -3.685, -3.141, -3.199
-3.587, -3.565, -3.522, -4.005, -2.196, -5.074, -3.136, -2.048, -2.726, -3.228
-3.120, -3.193, -3.758, -2.950, -7.125, -3.360, -3.278, -2.934, -3.246, -3.136
-3.148, -4.457, -3.246, -4.172, -1.622, -5.872, -3.805, -3.271, -2.873, -3.774
-2.760, -3.061, -2.833, -3.545, -1.478, -4.241, -3.517, -3.789, -3.639, -3.329
-3.370, -3.345, -3.089, -3.856, -4.942, -1.344, -2.908, -4.281, -3.320, -2.926
-3.128, -3.900, -3.100, -4.184, -1.899, -5.657, -2.536, -2.926, -3.661, -3.369
-3.653, -2.373, -2.906, -3.893, -0.781, -3.451, -3.326, -3.872, -2.769, -3.733
-3.134, -3.730, -3.073, -4.382, -1.293, -5.928, -2.739, -4.175, -3.512, -3.374
-3.137, -3.585, -2.974, -4.006, -1.724, -5.703, -3.257, -2.943, -3.268, -3.429
-3.092, -3.372, -2.869, -3.409, -6.068, -3.351, -2.539, -3.539, -3.066, -3.472
-3.214, -3.074, -3.226, -4.003, -1.021, -3.652, -3.108, -4.576, -3.748, -3.188
-2.894, -2.326, -2.906, -3.607, -9.125, -3.260, -3.786, -3.444, -3.110, -3.686
-3.069, -3.704, -3.226, -2.815, -5.976, -2.612, -3.595, -3.241, -2.994, -3.114
-2.580, -3.187, -2.670, -3.997, -7.821, -3.985, -3.092, -2.543, -2.961, -3.121
-3.683, -3.087, -3.794, -4.001, -0.839, -3.401, -2.357, -3.706, -2.988, -2.572
-3.424, -3.260, -3.441, -2.295, -8.170, -3.746, -3.402, -3.387, -2.963, -3.216
-2.987, -2.857, -3.153, -3.761, -2.274, -5.535, -2.971, -3.012, -3.517, -3.494
-3.328, -3.135, -3.156, -2.916, -4.042, -1.570, -3.607, -3.689, -3.381, -3.237
-3.400, -2.761, -3.640, -4.010, -9.387, -3.591, -3.271, -3.055, -3.484, -2.997
-2.907, -3.889, -2.975, -3.699, -5.704, -2.446, -3.722, -3.830, -3.463, -3.260
-3.062, -3.368, -3.081, -3.581, -5.241, -2.323, -3.099, -3.065, -3.430, -3.300
-2.599, -2.788, -3.287, -2.706, -5.037, -1.831, -4.480, -3.469, -2.973, -3.363
-3.237, -2.737, -2.717, -3.185, -2.257, -6.023, -3.583, -3.263, -3.284, -3.570
-3.412, -3.961, -3.282, -2.912, -4.471, -1.718, -3.584, -3.463, -3.403, -3.573
-3.059, -4.103, -2.788, -3.680, -4.217, -1.642, -2.776, -4.182, -2.869, -2.880
-3.090, -2.804, -3.008, -2.501, -2.166, -5.988, -2.822, -3.430, -3.348, -3.240
-2.904, -3.438, -3.105, -3.723, -5.203, -2.249, -3.234, -2.809, -2.983, -3.009
-3.725, -3.840, -3.598, -3.115, -1.873, -4.794, -3.206, -2.952, -3.136, -3.202
-2.938, -2.681, -2.508, -3.352, -7.327, -3.039, -2.939, -2.941, -2.688, -3.295
-3.083, -3.369, -3.389, -3.809, -2.028, -5.388, -3.421, -3.104, -3.496, -3.064
-1.980, -3.136, -2.727, -3.982, -5.928, -2.288, -4.102, -3.654, -3.149, -2.998
-3.478, -3.089, -3.748, -2.512, -1.759, -5.447, -2.769, -3.043, -3.147, -3.499
-3.069, -3.681, -3.532, -3.501, -6.813, -2.591, -3.199, -3.358, -2.827, -2.741
-3.337, -3.420, -3.721, -2.756, -13.701, -3.856, -3.314, -3.556, -3.348, -3.130
-3.196, -2.898, -3.869, -3.298, -7.343, -2.902, -2.987, -2.865, -2.806, -2.828
-3.217, -3.090, -3.301, -3.832, -7.875, -3.245, -2.896, -1.793, -3.497, -3.116
-3.956, -3.743, -3.495, -3.861, -2.466, -6.274, -2.794, -2.924, -3.010, -3.172
-3.389, -3.536, -2.853, -3.579, -5.544, -2.700, -3.318, -2.819, -3.530, -3.554
-3.180, -2.934, -2.786, -3.179, -4.080, -1.534, -3.646, -3.419, -3.246, -3.326
-2.816, -3.442, -3.786, -3.184, -10.656, -4.217, -3.139, -3.036, -2.559, -3.101
-3.607, -2.858, -4.000, -3.369, -5.794, -2.034, -3.323, -2.583, -3.638, -2.958
-3.185, -3.577, -3.428, -2.393, -5.800, -2.735, -3.212, -3.297, -3.272, -3.105
-2.815, -3.796, -2.342, -2.674, -1.248, -4.649, -3.995, -3.535, -3.321, -3.314
-3.138, -3.022, -3.237, -3.446, -2.272, -7.355, -2.933, -3.201, -3.225, -3.500
-3.454, -3.419, -3.237, -2.767, -8.830, -4.234, -3.306, -3.407, -3.051, -3.254
-3.251, -3.540, -3.035, -3.703, -6.283, -3.066, -3.148, -3.445, -3.215, -3.533
-2.913, -3.006, -3.670, -3.632, -5.170, -2.181, -2.442, -3.968, -3.213, -2.659
-3.051, -3.654, -3.177, -3.462, -7.870, -3.535, -3.520, -2.676, -3.079, -3.601
-2.725, -3.357, -4.088, -2.030, -1.300, -3.349, -3.012, -2.160, -3.049, -3.358
-3.064, -4.000, -3.277, -3.687, -4.358, -1.827, -3.361, -3.953, -3.069, -3.282
-3.055, -3.760, -3.090, -3.054, -1.461, -4.632, -3.470, -3.007, -3.505, -3.223
-2.882, -3.797, -3.007, -2.671, -0.452, -2.491, -3.446, -2.575, -2.912, -3.071
-2.819, -3.901, -2.939, -3.195, -0.883, -4.055, -3.337, -3.118, -2.983, -2.845
-3.086, -2.339, -2.866, -3.259, -2.233, -5.331, -3.160, -2.215, -3.889, -3.760
-3.162, -2.744, -3.246, -2.500, -6.183, -2.122, -3.162, -2.794, -2.733, -3.605
-3.222, -2.623, -3.564, -2.683, -16.319, -3.121, -3.442, -3.126, -3.287, -2.953
-2.953, -3.157, -3.558, -2.841, -2.553, -6.012, -3.207, -2.502, -3.300, -2.539
-3.514, -3.283, -2.774, -2.752, -4.032, -1.814, -3.423, -4.421, -3.301, -3.278
-3.564, -3.057, -3.598, -2.578, -2.231, -7.415, -3.076, -3.511, -2.920, -3.076
-3.421, -4.172, -3.002, -3.718, -5.963, -3.265, -2.979, -3.498, -2.941, -3.336
-3.312, -3.201, -2.474, -2.901, -5.680, -2.518, -3.455, -3.521, -3.370, -2.814
-4.215, -3.124, -3.715, -4.627, -7.483, -3.031, -2.862, -2.745, -3.213, -3.084
-2.987, -3.762, -3.365, -3.727, -1.362, -4.449, -3.221, -3.417, -3.567, -3.271
-3.178, -3.575, -3.607, -3.294, -2.162, -5.290, -2.817, -3.392, -3.233, -2.942
-3.607, -3.185, -2.794, -3.309, -5.469, -2.405, -3.065, -3.046, -3.343, -3.007
-3.879, -3.455, -4.318, -3.259, -6.274, -3.087, -2.519, -3.144, -3.270, -3.341
-2.802, -2.699, -2.882, -3.963, -1.462, -4.397, -3.298, -4.028, -2.934, -3.068
-3.590, -3.286, -3.740, -3.910, -2.329, -5.385, -3.344, -2.973, -3.022, -3.310
-3.142, -3.439, -3.482, -4.556, -1.563, -5.064, -3.261, -3.590, -3.328, -3.089
-3.320, -2.563, -3.485, -3.335, -5.986, -1.742, -3.308, -2.122, -3.836, -3.513
-2.753, -3.181, -3.277, -3.732, -5.902, -2.493, -3.145, -3.328, -3.146, -2.897
-2.834, -4.293, -3.310, -3.901, -2.135, -4.827, -4.367, -3.271, -3.006, -3.396
-3.537, -2.476, -3.865, -2.685, -4.403, -1.086, -3.384, -3.326, -3.096, -3.481
-3.283, -2.982, -2.811, -3.483, -5.658, -2.044, -2.682, -2.508, -3.663, -2.653
-3.192, -3.107, -3.560, -3.323, -1.112, -4.199, -2.854, -3.252, -3.614, -3.178
-3.460, -3.287, -2.852, -3.251, -1.539, -6.500, -3.645, -3.389, -2.840, -3.846
-3.224, -3.016, -3.071, -2.620, -6.216, -1.828, -3.484, -3.429, -2.929, -3.287
-2.875, -3.488, -3.211, -3.654, -9.004, -4.186, -3.857, -2.893, -3.206, -3.518
-3.563, -3.139, -3.194, -3.368, -6.521, -2.820, -3.167, -3.712, -3.208, -3.223
-3.488, -2.891, -3.705, -2.964, -5.711, -2.337, -3.558, -3.008, -3.449, -3.573
-3.245, -3.670, -2.977, -2.822, -1.672, -5.162, -2.808, -2.718, -2.562, -3.254
-3.295, -3.576, -2.894, -2.722, -2.034, -6.543, -3.259, -2.587, -2.952, -3.878
-3.502, -3.420, -3.417, -3.118, -7.054, -3.526, -3.240, -3.024, -2.757, -4.031
-2.835, -4.289, -2.936, -2.378, -4.010, -1.273, -2.957, -3.330, -3.323, -3.578
-4.226, -2.924, -3.333, -2.148, -4.290, -2.243, -2.059, -3.944, -3.038, -2.773
-4.009, -3.795, -3.205, -2.848, -6.637, -2.997, -3.366, -3.908, -3.178, -3.029
-3.326, -3.417, -3.565, -4.367, -7.528, -3.546, -3.125, -2.840, -3.492, -3.021
-3.561, -3.573, -2.395, -2.778, -6.349, -3.454, -3.163, -3.767, -3.039, -3.426
-2.808, -3.884, -3.690, -2.741, -0.842, -3.457, -2.791, -3.242, -4.360, -3.049
-3.172, -3.383, -3.955, -2.925, -6.789, -3.105, -3.426, -3.044, -3.231, -3.153
-3.134, -3.322, -3.690, -2.474, -8.909, -2.970, -3.525, -2.990, -3.243, -3.321
-3.349, -2.970, -2.945, -3.049, -4.926, -2.023, -3.207, -3.611, -3.028, -3.353
-3.088, -3.152, -3.318, -3.579, -1.919, -5.397, -3.139, -3.364, -3.397, -3.291
-3.101, -3.074, -3.357, -2.823, -8.018, -2.773, -3.115, -3.664, -3.131, -3.709
-3.651, -3.509, -3.343, -3.618, -1.268, -4.145, -3.283, -3.159, -2.941, -3.283
-3.121, -4.935, -3.053, -2.537, -1.147, -4.506, -3.413, -2.860, -3.325, -3.270
-3.341, -3.320, -3.339, -2.926, -7.245, -3.808, -3.044, -3.156, -2.963, -3.477
-3.108, -3.675, -3.754, -2.276, -6.282, -2.340, -3.658, -2.765, -3.510, -3.315
-2.897, -4.108, -3.656, -4.313, -1.940, -4.482, -3.403, -3.175, -3.407, -3.145
-3.186, -2.969, -3.351, -2.827, -9.335, -3.595, -3.440, -3.596, -3.338, -3.318
-2.654, -3.462, -3.776, -3.679, -1.602, -4.581, -3.442, -3.024, -2.867, -3.066
-3.234, -3.586, -3.694, -4.645, -1.926, -4.938, -3.719, -3.114, -3.276, -3.352
-2.836, -3.346, -2.971, -2.232, -4.947, -1.627, -4.124, -3.072, -2.874, -3.376
-3.329, -3.575, -4.731, -4.493, -7.620, -3.479, -1.843, -3.379, -2.887, -2.352
-2.890, -4.108, -2.529, -3.358, -5.287, -2.125, -3.497, -2.835, -3.616, -3.413
-3.287, -3.905, -3.309, -3.470, -1.625, -5.720, -2.913, -2.622, -2.728, -3.176
-3.650, -3.676, -3.551, -2.937, -4.741, -2.299, -2.556, -3.873, -3.485, -3.736
-3.442, -2.401, -3.100, -3.312, -6.220, -3.148, -3.432, -3.901, -2.458, -3.255
-3.421, -3.480, -3.638, -3.109, -10.648, -3.388, -3.569, -2.709, -3.627, -3.214
-3.300, -2.887, -3.198, -2.699, -7.019, -3.259, -3.015, -3.514, -2.448, -3.206
-3.183, -3.494, -3.551, -2.909, -12.266, -3.666, -3.579, -2.881, -3.296, -3.379
-3.052, -4.015, -3.281, -2.848, -1.219, -4.995, -2.881, -3.079, -3.895, -3.476
-3.481, -4.096, -4.136, -3.065, -1.329, -3.671, -4.222, -3.572, -2.751, -3.240
-3.572, -3.654, -3.011, -3.754, -1.590, -5.212, -3.019, -3.379, -2.947, -3.270
-2.959, -3.923, -2.904, -4.714, -0.907, -4.124, -3.035, -3.312, -3.708, -3.176
-3.196, -3.099, -4.128, -2.706, -5.437, -2.172, -3.037, -2.767, -3.617, -3.557
-3.495, -3.507, -3.185, -2.894, -6.663, -3.282, -3.258, -2.793, -3.121, -3.043
-3.527, -3.358, -3.263, -3.478, -7.340, -3.238, -3.546, -2.651, -3.490, -3.011
-3.228, -3.966, -3.144, -3.865, -5.390, -2.504, -3.423, -3.410, -3.491, -3.372
-3.949, -3.762, -3.284, -3.260, -2.182, -6.937, -3.425, -2.376, -3.435, -3.165
-3.001, -2.886, -4.032, -2.404, -2.324, -5.261, -3.359, -3.140, -3.604, -3.052
-3.645, -3.399, -3.111, -2.931, -6.862, -2.860, -3.249, -3.550, -3.020, -3.131
-3.151, -3.672, -3.215, -2.610, -5.674, -2.299, -3.466, -3.024, -3.588, -3.388
-2.823, -2.776, -3.199, -2.934, -6.846, -2.982, -3.463, -3.492, -3.267, -3.358
-3.653, -4.350, -2.679, -3.308, -6.056, -2.383, -3.723, -2.492, -3.674, -3.819
-2.862, -3.367, -3.573, -3.041, -10.833, -3.346, -3.480, -3.442, -3.916, -2.953
-3.192, -3.211, -2.919, -2.900, -6.153, -3.375, -2.703, -3.092, -3.002, -3.294
-3.477, -3.800, -4.000, -3.893, -1.739, -5.447, -2.681, -2.667, -2.935, -3.055
-3.632, -3.088, -3.370, -2.514, -8.662, -3.339, -3.439, -3.251, -3.107, -3.487
-3.072, -2.900, -3.480, -3.465, -9.220, -3.414, -3.420, -2.858, -2.559, -2.803
-3.450, -3.623, -3.398, -2.723, -5.786, -2.959, -3.057, -3.290, -2.867, -2.971
-2.607, -3.016, -4.008, -2.870, -2.023, -4.418, -2.939, -3.226, -3.534, -2.930
-2.733, -3.961, -3.326, -3.703, -9.520, -4.098, -3.377, -3.132, -3.307, -2.972
-3.203, -3.322, -3.584, -3.211, -7.125, -3.556, -3.315, -3.358, -3.195, -3.485
-2.826, -2.833, -3.904, -2.677, -7.059, -3.472, -2.970, -2.830, -3.089, -3.175
-3.144, -2.967, -3.639, -2.948, -7.181, -2.605, -2.632, -2.723, -3.174, -3.744
-4.139, -3.485, -3.179, -3.018, -5.162, -1.662, -3.152, -3.169, -3.670, -3.293
-3.459, -3.415, -3.492, -4.010, -1.529, -3.921, -3.660, -2.630, -3.117, -3.204
-3.560, -3.468, -4.200, -2.292, -5.645, -2.516, -3.024, -3.599, -3.556, -3.054
-3.107, -2.947, -3.435, -3.571, -1.972, -4.861, -3.346, -3.051, -3.331, -3.289
-3.154, -3.657, -3.732, -5.142, -1.181, -4.201, -3.661, -3.410, -3.502, -3.261
-3.377, -3.270, -3.420, -2.591, -7.788, -4.229, -3.441, -3.301, -3.040, -3.347
-3.130, -3.270, -3.559, -3.551, -2.404, -5.635, -2.795, -2.836, -3.572, -3.003
-3.435, -3.534, -3.476, -3.271, -1.554, -4.326, -2.900, -2.650, -4.137, -3.530
-3.186, -3.163, -3.533, -2.984, -8.055, -3.571, -3.284, -3.408, -2.958, -3.232
-3.131, -3.876, -3.339, -4.144, -1.560, -5.264, -3.175, -2.886, -3.442, -3.269
-3.150, -3.365, -3.066, -3.276, -9.607, -3.454, -4.060, -3.132, -3.345, -3.618
-2.885, -3.765, -3.991, -4.484, -0.894, -3.271, -2.179, -3.108, -3.745, -2.430
-3.006, -3.331, -3.196, -4.179, -4.463, -1.762, -3.082, -2.716, -3.133, -3.665
-3.382, -3.106, -4.034, -4.195, -1.927, -5.695, -2.671, -3.425, -3.040, -3.086
-2.748, -2.653, -2.921, -3.895, -1.696, -4.608, -3.311, -3.672, -3.258, -3.278
-3.562, -3.593, -2.750, -2.695, -5.188, -2.151, -4.057, -2.407, -3.224, -3.776
-2.818, -2.868, -3.124, -3.866, -6.821, -2.653, -3.409, -2.268, -3.639, -3.632
-3.621, -3.097, -3.086, -7.096, -6.442, -2.294, -3.567, -2.452, -2.833, -3.176
-3.403, -3.369, -3.370, -3.680, -7.020, -3.231, -3.297, -2.289, -3.710, -3.543
-3.288, -3.508, -2.433, -3.161, -6.682, -2.872, -3.406, -3.575, -3.037, -3.304
-2.931, -4.659, -2.889, -2.648, -1.184, -3.965, -3.453, -2.971, -3.149, -3.181
-3.169, -3.880, -2.685, -4.334, -1.321, -4.510, -3.197, -3.863, -3.771, -3.167
-2.961, -3.813, -3.040, -3.536, -1.674, -5.166, -3.197, -2.766, -3.007, -3.374
-3.226, -3.254, -3.064, -3.028, -10.236, -3.705, -3.428, -3.650, -3.408, -3.069
-3.346, -3.303, -3.243, -2.873, -7.517, -2.822, -3.445, -3.182, -2.889, -3.329
-2.574, -4.055, -3.399, -2.835, -0.669, -3.166, -3.085, -3.745, -3.361, -2.531
-3.971, -3.716, -4.369, -2.088, -6.413, -1.603, -3.017, -2.757, -3.848, -3.960
-3.580, -3.216, -3.307, -3.163, -7.609, -3.824, -3.104, -3.476, -3.352, -3.228
-3.235, -3.341, -2.618, -4.350, -8.931, -3.971, -3.497, -2.759, -3.835, -4.122
-3.817, -3.088, -3.285, -3.078, -6.864, -3.560, -3.724, -3.796, -3.187, -3.669
-2.606, -3.899, -3.214, -2.212, -1.157, -3.765, -2.913, -3.846, -3.991, -3.152
-3.560, -3.450, -3.352, -3.062, -5.980, -2.862, -3.646, -3.197, -3.409, -3.194
-3.940, -2.883, -2.905, -4.173, -6.262, -2.517, -3.692, -3.552, -2.832, -3.249
-3.175, -3.190, -2.790, -3.562, -6.881, -3.371, -2.983, -2.709, -3.533, -3.186
-2.698, -3.764, -2.645, -2.841, -5.399, -2.101, -4.560, -2.907, -3.030, -3.194
-2.844, -3.200, -3.537, -2.903, -2.549, -6.188, -3.089, -3.067, -3.499, -3.644
-3.187, -3.701, -3.011, -4.023, -1.375, -5.019, -2.985, -3.040, -2.788, -3.384
-2.719, -3.161, -2.950, -3.507, -1.470, -4.297, -3.431, -3.809, -3.552, -3.423
-2.623, -4.226, -3.601, -2.962, -0.936, -3.113, -3.563, -2.581, -4.338, -3.156
-4.637, -3.056, -2.442, -2.310, -4.578, -1.822, -4.577, -3.510, -3.763, -3.305
-3.162, -2.963, -3.236, -3.444, -6.176, -3.086, -2.576, -3.244, -3.444, -3.286
-3.203, -3.363, -3.257, -2.788, -5.409, -2.724, -2.891, -3.427, -3.111, -3.415
-3.352, -3.250, -3.804, -2.988, -7.805, -3.204, -3.710, -3.061, -2.834, -3.236
-2.890, -4.140, -3.062, -3.786, -1.436, -5.921, -2.629, -3.050, -3.523, -3.059
-3.634, -3.196, -2.541, -2.958, -6.672, -3.135, -3.099, -3.470, -3.464, -3.034
-3.300, -3.037, -3.135, -3.036, -6.915, -3.491, -3.305, -3.263, -3.337, -3.349
-3.542, -2.862, -2.932, -2.505, -2.046, -5.824, -3.136, -3.202, -3.230, -3.230
-3.087, -3.484, -3.075, -4.300, -1.590, -4.365, -3.106, -2.674, -3.190, -3.357
-3.129, -3.805, -3.034, -3.114, -6.675, -2.677, -3.768, -3.055, -3.390, -2.944
-3.436, -3.107, -3.240, -2.799, -5.336, -1.932, -3.276, -3.952, -3.693, -3.510
-3.009, -3.825, -3.804, -3.368, -6.131, -2.551, -2.913, -3.697, -2.819, -3.327
-3.058, -3.474, -3.217, -3.269, -6.265, -2.908, -3.538, -3.071, -3.233, -3.620
-2.848, -3.548, -2.577, -4.116, -6.145, -2.638, -4.019, -3.613, -3.036, -3.343
-3.367, -3.151, -3.072, -2.707, -6.034, -3.207, -2.984, -3.080, -3.061, -3.184
-3.604, -3.200, -3.218, -2.758, -5.754, -2.608, -3.598, -3.133, -2.782, -3.319
-3.621, -3.048, -3.097, -3.367, -7.690, -2.699, -3.870, -3.707, -3.498, -3.132
-2.853, -2.986, -2.965, -3.111, -2.311, -5.581, -3.825, -3.286, -3.061, -3.443
-2.572, -4.176, -3.798, -3.794, -0.655, -2.777, -2.448, -3.080, -3.704, -2.203
-3.227, -3.324, -3.122, -2.978, -7.034, -3.167, -3.292, -3.336, -3.676, -3.377
-3.278, -3.116, -3.301, -2.881, -1.784, -4.684, -3.306, -2.152, -3.378, -3.268
-3.439, -3.264, -3.671, -3.311, -7.509, -2.606, -3.455, -3.164, -3.314, -3.056
-2.802, -2.635, -3.700, -2.977, -1.965, -4.486, -2.596, -2.399, -2.972, -3.233
-3.019, -3.355, -3.275, -3.101, -10.204, -3.572, -4.242, -3.895, -2.932, -3.362
-2.800, -3.628, -2.706, -3.968, -5.228, -2.032, -2.707, -3.904, -3.474, -3.159
-3.225, -3.474, -3.299, -2.676, -4.662, -1.468, -3.071, -3.107, -2.914, -3.342
-3.376, -3.010, -3.327, -2.281, -5.959, -1.757, -3.294, -3.089, -3.161, -3.206
-3.276, -2.658, -3.351, -3.573, -8.050, -2.701, -3.320, -3.384, -3.126, -3.494
-3.298, -2.542, -2.985, -3.818, -2.007, -5.423, -2.717, -2.688, -3.199, -3.200
-2.923, -2.825, -3.020, -2.660, -2.160, -6.373, -3.221, -3.011, -3.152, -2.849
-2.916, -3.332, -3.392, -2.781, -9.668, -3.250, -3.741, -2.910, -3.159, -3.085
-3.238, -3.069, -2.802, -3.417, -1.147, -4.691, -3.340, -3.682, -2.581, -3.299
-3.093, -3.120, -3.224, -2.937, -5.722, -2.726, -2.980, -3.164, -3.456, -3.271
-3.884, -2.576, -3.789, -3.314, -5.799, -2.071, -2.838, -3.092, -2.952, -2.838
-3.406, -3.090, -2.428, -3.562, -2.118, -6.391, -3.933, -2.700, -3.290, -3.446
-3.091, -2.870, -3.501, -3.135, -7.458, -3.002, -3.096, -2.342, -2.804, -3.128
-3.724, -3.335, -3.704, -1.857, -4.558, -2.048, -3.322, -3.526, -3.232, -3.351
-3.312, -3.049, -3.279, -3.128, -1.474, -4.623, -3.131, -3.548, -3.882, -3.331
-3.149, -3.617, -3.640, -2.376, -2.320, -5.455, -3.429, -2.420, -3.194, -2.998
-3.603, -3.407, -3.446, -3.416, -1.304, -5.215, -2.665, -2.670, -3.043, -2.905
-3.153, -2.986, -3.269, -3.391, -5.570, -2.245, -3.062, -3.590, -3.175, -3.031
-3.294, -3.502, -2.952, -4.234, -0.785, -3.271, -3.058, -3.628, -3.063, -3.283
-3.422, -3.607, -2.946, -2.192, -6.482, -3.400, -3.458, -3.368, -3.252, -3.571
-3.796, -4.185, -2.946, -2.661, -5.016, -2.389, -4.226, -4.004, -2.340, -3.452
-2.221, -2.940, -2.694, -2.796, -4.672, -1.799, -4.160, -3.982, -3.007, -3.266
-2.982, -3.190, -3.511, -3.576, -8.612, -3.438, -2.560, -3.751, -3.947, -2.875
-3.476, -3.838, -3.801, -2.450, -5.711, -1.785, -3.431, -3.001, -3.180, -3.311
-3.802, -3.844, -3.034, -2.902, -6.318, -2.419, -3.239, -3.190, -3.347, -3.187
-3.570, -2.728, -3.005, -2.849, -6.867, -2.706, -3.262, -3.049, -3.172, -2.991
-3.459, -3.208, -3.717, -3.108, -5.552, -1.940, -3.163, -2.363, -3.444, -3.085
-3.163, -2.768, -3.584, -2.777, -2.112, -5.348, -2.514, -2.810, -3.122, -3.269
-3.287, -2.902, -4.284, -2.481, -6.192, -2.971, -3.122, -3.823, -3.275, -3.095
-3.465, -3.144, -3.510, -2.395, -8.570, -3.434, -3.560, -3.526, -3.007, -3.115
-3.122, -3.757, -3.325, -2.536, -1.445, -4.288, -3.236, -3.350, -3.444, -3.161
-3.204, -3.943, -2.867, -4.727, -0.853, -4.645, -2.949, -3.202, -3.344, -3.369
-3.286, -3.229, -3.465, -2.620, -6.902, -3.107, -3.143, -3.550, -4.108, -2.740
-3.116, -3.431, -2.979, -3.420, -5.148, -2.456, -3.353, -3.772, -2.843, -3.199
-2.808, -3.010, -4.028, -2.302, -5.821, -2.203, -2.893, -3.387, -4.003, -3.520
-3.229, -3.462, -3.737, -4.175, -1.321, -3.747, -3.691, -3.202, -3.069, -3.287
-3.287, -3.644, -3.345, -3.177, -4.398, -1.929, -2.533, -3.322, -3.837, -3.664
-3.358, -2.916, -3.625, -3.133, -7.216, -3.284, -3.344, -2.987, -3.126, -3.371
-3.665, -3.356, -3.742, -3.654, -6.736, -2.543, -3.064, -2.444, -3.581, -3.874
-3.034, -3.313, -2.893, -4.688, -1.335, -4.075, -2.956, -3.544, -3.669, -3.303
-3.406, -3.453, -3.439, -1.947, -7.968, -3.150, -3.471, -3.380, -3.112, -3.261
-2.577, -4.159, -3.163, -1.862, -0.979, -3.322, -3.169, -2.603, -3.606, -3.056
-3.399, -3.299, -2.920, -3.057, -6.517, -3.503, -3.159, -3.287, -3.148, -3.224
-2.830, -4.722, -3.183, -2.852, -6.650, -2.522, -2.994, -2.421, -3.922, -2.777
-3.310, -3.706, -3.855, -2.524, -5.722, -2.361, -2.649, -2.883, -3.211, -3.343
-3.622, -3.851, -3.044, -3.158, -8.346, -4.342, -3.323, -2.489, -2.965, -3.311
-2.964, -3.822, -3.183, -4.109, -2.189, -5.067, -3.768, -3.893, -3.513, -3.237
-3.348, -3.382, -2.791, -3.167, -5.593, -2.540, -4.007, -3.498, -2.912, -3.566
-3.651, -3.507, -3.349, -4.156, -0.755, -3.733, -2.726, -3.505, -3.163, -3.078
-3.329, -3.787, -3.468, -2.733, -4.455, -1.639, -3.499, -2.846, -2.717, -3.307
-3.328, -2.906, -3.294, -2.864, -7.130, -2.592, -3.363, -3.332, -3.218, -2.994
-3.350, -3.592, -3.118, -3.780, -5.177, -2.429, -3.046, -3.745, -3.486, -3.218
-3.426, -3.364, -4.037, -2.152, -8.990, -2.366, -3.597, -2.952, -3.229, -3.260
-3.331, -3.244, -3.909, -2.150, -6.227, -1.468, -3.845, -2.899, -3.168, -3.301
-3.341, -3.243, -3.281, -2.951, -8.014, -3.666, -3.364, -3.406, -3.068, -3.297
-3.123, -3.416, -3.222, -2.778, -6.156, -3.165, -3.596, -3.477, -3.012, -3.463
-3.218, -2.720, -3.050, -3.307, -4.770, -2.035, -3.186, -2.581, -3.052, -3.300
-3.430, -3.970, -3.698, -4.631, -1.241, -4.675, -3.417, -3.332, -3.749, -3.663
-3.326, -3.462, -3.270, -2.790, -1.035, -3.677, -2.734, -2.498, -2.711, -3.266
-3.630, -3.405, -2.818, -4.372, -2.475, -6.120, -3.573, -3.341, -3.681, -3.106
-2.352, -3.559, -3.219, -2.820, -0.917, -3.440, -3.218, -3.620, -3.910, -2.887
-3.270, -3.169, -3.355, -2.664, -3.686, -1.757, -1.781, -3.041, -3.419, -3.915
-3.424, -3.027, -3.500, -3.066, -1.096, -3.791, -2.719, -3.170, -3.241, -3.638
-3.143, -3.085, -3.087, -3.164, -7.318, -3.120, -3.388, -3.225, -3.773, -3.386
-3.108, -3.795, -3.391, -3.126, -5.321, -2.227, -3.236, -2.556, -3.805, -3.681
-3.259, -3.502, -3.554, -4.945, -1.873, -5.778, -3.223, -3.186, -3.100, -2.918
-3.577, -3.607, -3.706, -3.331, -2.045, -5.259, -3.893, -2.722, -2.664, -3.322
-3.470, -3.527, -2.907, -2.128, -6.022, -2.673, -3.008, -3.078, -2.935, -3.463
-3.003, -3.425, -3.198, -4.425, -6.641, -3.031, -3.223, -2.334, -3.191, -2.975
-3.546, -4.063, -3.348, -3.342, -1.946, -5.907, -2.802, -2.912, -3.317, -3.285
-2.968, -3.562, -2.855, -2.246, -5.751, -3.213, -2.877, -3.515, -2.707, -3.486
-3.451, -3.762, -2.461, -4.446, -1.471, -5.506, -3.355, -3.450, -2.605, -3.748
-3.556, -3.203, -3.455, -3.488, -5.977, -1.775, -3.062, -2.923, -3.062, -3.129
-3.185, -3.448, -2.866, -3.387, -1.404, -4.596, -3.286, -3.520, -3.326, -3.665
-2.951, -3.413, -3.311, -2.645, -7.109, -2.876, -3.561, -3.219, -3.703, -3.122
-3.332, -3.264, -3.254, -3.738, -8.225, -3.014, -3.398, -2.880, -3.676, -3.396
-2.928, -3.115, -3.187, -2.893, -7.013, -3.069, -3.451, -3.142, -2.935, -3.125
-2.660, -3.234, -3.989, -3.614, -1.496, -4.816, -2.373, -2.803, -3.750, -2.814
-3.639, -3.215, -3.497, -3.319, -6.381, -1.816, -2.993, -2.420, -3.651, -3.604
-3.669, -2.820, -3.270, -2.509, -5.786, -1.754, -3.405, -3.009, -2.754, -2.874
-2.923, -3.494, -3.918, -2.541, -1.778, -4.271, -3.176, -2.526, -3.886, -3.867
-2.945, -2.944, -3.450, -2.078, -2.217, -4.766, -3.573, -2.549, -3.116, -2.786
-3.230, -3.350, -2.882, -3.422, -5.410, -2.500, -2.911, -3.148, -2.985, -3.465
-3.403, -3.584, -3.362, -2.226, -5.813, -3.107, -3.090, -3.187, -3.179, -3.399
-4.028, -3.713, -3.695, -2.612, -7.980, -3.130, -3.057, -3.005, -3.463, -3.215
-4.316, -3.044, -3.944, -3.491, -6.455, -2.847, -2.910, -2.607, -3.606, -3.061
-3.221, -3.610, -3.257, -2.774, -8.644, -3.238, -2.939, -3.251, -3.195, -3.026
-3.120, -3.877, -3.421, -2.166, -5.349, -2.363, -2.905, -3.331, -3.528, -3.055
-3.279, -3.394, -3.486, -4.050, -1.244, -4.876, -3.462, -2.742, -3.072, -3.151
-3.429, -3.368, -3.150, -4.383, -8.070, -4.311, -2.978, -3.669, -2.973, -3.375
-3.349, -3.279, -3.995, -2.802, -1.594, -4.642, -2.985, -3.750, -2.350, -2.560
-3.622, -3.089, -3.574, -3.210, -7.968, -2.156, -3.399, -2.450, -3.917, -3.162
-3.101, -3.178, -2.887, -3.431, -6.508, -1.551, -3.723, -2.643, -3.847, -3.177
-3.701, -2.876, -3.834, -2.449, -2.345, -5.598, -2.969, -3.255, -3.948, -3.328
-3.661, -4.220, -3.685, -2.690, -0.842, -3.465, -2.941, -2.495, -4.080, -3.328
-3.208, -2.880, -3.087, -2.917, -2.315, -5.397, -4.047, -3.522, -3.456, -3.509
-3.600, -3.440, -3.405, -3.268, -1.399, -4.128, -3.761, -3.716, -2.589, -3.294
-3.099, -3.580, -2.919, -4.813, -1.262, -4.768, -2.980, -2.791, -3.242, -3.038
-2.934, -3.936, -4.078, -2.593, -5.099, -1.493, -2.712, -3.237, -3.346, -3.155
-3.285, -3.546, -3.573, -3.334, -5.802, -2.646, -3.152, -3.652, -3.060, -3.348
-3.101, -3.859, -3.066, -3.324, -1.298, -3.920, -3.674, -3.009, -3.126, -3.516
-4.164, -3.030, -3.302, -4.131, -5.283, -2.191, -3.049, -2.584, -3.075, -3.326
-3.164, -2.872, -3.127, -3.172, -14.365, -4.215, -3.575, -3.352, -3.152, -3.508
-3.103, -3.300, -3.482, -3.937, -2.007, -6.469, -2.854, -2.399, -3.273, -3.096
-3.397, -3.678, -3.308, -3.489, -1.643, -5.723, -2.905, -2.750, -3.350, -3.645
-3.823, -3.380, -3.638, -3.020, -7.798, -3.921, -3.607, -2.797, -3.366, -3.064
-3.511, -3.137, -3.020, -3.417, -8.083, -3.057, -3.617, -3.004, -2.688, -3.338
-2.921, -3.374, -2.837, -3.206, -6.521, -2.718, -2.956, -2.769, -3.451, -3.162
-3.151, -3.579, -3.232, -2.571, -8.122, -3.164, -4.706, -3.712, -2.678, -2.966
-2.698, -2.993, -3.398, -3.299, -6.867, -2.554, -2.273, -3.117, -3.044, -2.792
-3.488, -2.694, -3.364, -4.480, -6.390, -2.569, -2.617, -2.903, -3.927, -2.929
-3.307, -3.227, -3.165, -3.246, -6.808, -3.365, -3.530, -3.106, -3.102, -3.098
-3.291, -3.820, -2.722, -3.430, -8.066, -3.555, -3.059, -3.516, -2.406, -2.988
-3.518, -3.827, -2.815, -3.421, -2.000, -7.809, -3.302, -2.778, -2.866, -3.621
-3.475, -3.162, -2.592, -2.423, -6.520, -3.271, -2.769, -3.430, -3.175, -3.057
-3.483, -3.349, -3.400, -2.963, -1.746, -5.597, -2.917, -2.893, -2.940, -3.400
-3.092, -3.149, -3.784, -2.215, -11.268, -2.659, -3.850, -2.929, -3.655, -3.393
-3.448, -4.016, -3.035, -3.879, -5.190, -2.275, -3.272, -2.971, -3.073, -3.163
-2.945, -3.245, -2.812, -4.296, -1.368, -5.096, -3.270, -3.205, -2.849, -2.864
-3.652, -3.258, -3.428, -2.133, -5.910, -1.378, -2.942, -2.961, -3.513, -3.380
-3.448, -3.096, -3.016, -2.645, -4.835, -2.492, -2.187, -3.057, -3.456, -3.347
-2.867, -3.505, -4.740, -3.115, -2.310, -4.329, -5.094, -3.626, -2.748, -2.629
-3.122, -2.873, -2.330, -3.308, -5.448, -2.661, -3.433, -3.864, -2.479, -3.532
-3.578, -3.333, -2.853, -3.810, -5.606, -2.380, -3.032, -3.067, -3.511, -3.105
-3.000, -2.963, -3.340, -3.365, -7.452, -3.066, -3.559, -3.325, -2.895, -2.957
-2.402, -3.898, -2.785, -3.237, -0.632, -2.807, -3.735, -2.993, -3.156, -2.939
-3.503, -3.076, -3.330, -2.905, -5.914, -2.884, -3.351, -3.533, -3.267, -3.159
-3.540, -3.273, -3.061, -3.616, -1.401, -4.064, -3.178, -2.658, -2.784, -3.378
-3.473, -2.315, -3.132, -3.026, -7.483, -2.732, -3.572, -2.903, -1.874, -3.409
-3.270, -3.031, -3.445, -2.519, -5.294, -1.766, -3.425, -3.206, -3.274, -3.170
-2.985, -3.784, -2.366, -3.181, -0.864, -3.679, -4.445, -2.484, -2.663, -3.564
-3.747, -2.921, -2.951, -3.243, -4.221, -1.681, -3.641, -3.645, -3.170, -3.014
-3.198, -3.057, -3.193, -3.159, -2.303, -5.799, -3.134, -2.890, -2.889, -3.079
-3.218, -3.111, -3.532, -3.226, -7.733, -3.746, -2.775, -3.123, -3.261, -3.562
-2.948, -2.513, -3.764, -3.109, -6.252, -3.113, -2.739, -3.576, -2.777, -2.736
-3.161, -3.811, -2.872, -3.228, -5.502, -2.081, -3.201, -4.820, -3.051, -3.238
-4.146, -3.333, -3.308, -2.273, -3.431, -1.773, -3.038, -4.983, -2.392, -3.027
-3.085, -3.474, -2.556, -3.270, -5.184, -2.792, -3.305, -3.926, -2.814, -3.537
-3.503, -3.253, -3.819, -4.512, -6.046, -2.161, -2.767, -1.355, -3.036, -3.375
-3.152, -3.745, -4.313, -3.947, -5.626, -2.240, -2.749, -3.681, -3.306, -3.223
-3.244, -3.091, -3.385, -3.129, -1.334, -4.652, -2.922, -3.279, -3.426, -3.148
-3.208, -3.488, -3.369, -3.021, -1.253, -4.013, -3.273, -3.400, -3.286, -3.159
-3.330, -3.209, -3.456, -3.328, -1.228, -4.019, -2.847, -2.824, -3.292, -3.185
-2.690, -3.118, -2.608, -3.777, -5.659, -2.247, -3.902, -2.580, -3.181, -3.503
-2.753, -3.554, -2.894, -3.596, -1.087, -3.561, -3.234, -3.658, -4.118, -3.493
-2.816, -2.899, -3.657, -3.102, -2.693, -5.659, -2.829, -3.072, -4.054, -3.312
-3.694, -3.551, -3.326, -2.642, -5.003, -1.825, -2.863, -3.619, -3.612, -3.347
-3.519, -3.549, -3.518, -4.371, -6.554, -2.907, -3.190, -3.066, -3.032, -3.263
-3.355, -3.263, -3.034, -2.776, -6.597, -3.040, -2.928, -3.492, -3.067, -3.409
-3.356, -3.946, -3.294, -3.978, -3.814, -1.214, -3.512, -4.559, -3.571, -3.625
-3.205, -3.045, -3.280, -2.462, -6.011, -2.436, -3.472, -3.197, -2.716, -2.866
-3.210, -3.425, -3.492, -3.723, -5.496, -2.316, -3.321, -3.113, -3.194, -3.509
-3.055, -3.536, -3.090, -3.869, -1.300, -3.972, -3.148, -3.801, -3.181, -3.062
-3.439, -2.980, -3.856, -2.418, -15.670, -3.297, -3.324, -3.364, -3.273, -2.740
-3.613, -3.149, -3.658, -3.286, -7.341, -3.068, -3.042, -3.606, -3.574, -3.671
-3.157, -2.953, -3.572, -3.836, -2.314, -6.286, -3.970, -3.178, -3.036, -3.261
-3.421, -3.065, -3.213, -4.027, -1.781, -4.529, -3.257, -2.582, -3.392, -3.394
-3.552, -3.243, -3.444, -3.208, -5.634, -2.656, -3.418, -3.365, -3.182, -3.124
-3.267, -3.563, -3.025, -3.376, -5.146, -1.605, -3.040, -3.582, -3.379, -3.229
-3.346, -3.148, -2.930, -2.805, -8.311, -3.722, -3.275, -2.856, -2.343, -3.042
-3.061, -3.578, -3.889, -1.402, -1.455, -4.738, -3.142, -3.696, -3.815, -3.212
-2.758, -3.448, -1.424, -2.566, -4.376, -2.388, -2.993, -3.647, -2.932, -2.837
-4.176, -3.657, -3.259, -2.084, -4.339, -1.936, -3.362, -2.575, -3.265, -3.176
-2.535, -2.921, -2.880, -3.669, -7.799, -2.910, -4.428, -3.075, -2.993, -3.245
-3.064, -3.119, -3.584, -2.988, -1.986, -5.382, -2.539, -3.697, -3.261, -3.107
-3.280, -3.612, -3.634, -3.230, -5.136, -1.932, -3.313, -2.595, -3.705, -3.633
-3.087, -2.968, -2.984, -3.254, -6.970, -3.397, -2.918, -2.782, -3.384, -3.229
-2.950, -3.552, -3.613, -2.661, -6.959, -2.082, -3.114, -3.813, -3.035, -2.883
-3.150, -3.785, -3.048, -2.616, -5.878, -2.543, -3.302, -4.184, -2.891, -3.440
-2.814, -3.951, -3.115, -2.976, -0.845, -3.371, -3.270, -2.532, -3.278, -3.764
-3.160, -2.918, -3.276, -2.605, -1.790, -4.789, -3.184, -3.678, -2.858, -3.268
-3.154, -3.530, -3.042, -3.542, -1.341, -4.095, -3.195, -3.572, -2.821, -2.985
-2.723, -2.443, -3.220, -2.348, -2.819, -6.273, -2.981, -3.049, -2.880, -3.232
-3.350, -3.033, -3.024, -2.802, -8.002, -3.734, -3.042, -3.339, -3.403, -3.351
-3.386, -3.658, -3.246, -2.432, -1.543, -3.906, -3.712, -3.020, -4.664, -2.645
-3.281, -3.340, -3.186, -2.867, -7.465, -3.755, -3.158, -3.200, -3.158, -3.205
-3.414, -3.493, -3.318, -2.428, -6.298, -3.115, -3.096, -3.425, -3.305, -3.445
-3.434, -2.957, -3.520, -2.918, -9.190, -3.818, -3.336, -2.687, -2.731, -3.067
-4.103, -3.714, -3.789, -3.828, -7.289, -3.286, -3.145, -2.901, -3.226, -3.787
-3.375, -3.582, -2.844, -4.279, -4.602, -2.022, -3.144, -3.466, -3.221, -3.388
-2.771, -3.117, -3.941, -1.965, -1.162, -3.272, -3.486, -3.712, -4.143, -3.090
-3.411, -3.511, -4.014, -3.708, -2.202, -5.244, -3.321, -2.860, -2.867, -3.296
-2.945, -4.158, -2.839, -4.428, -0.925, -4.737, -3.085, -3.469, -3.898, -3.300
-1.889, -3.418, -3.656, -2.879, -1.794, -4.159, -3.200, -4.248, -4.962, -2.666
-3.760, -3.139, -3.557, -3.345, -5.733, -2.268, -3.209, -2.713, -3.556, -4.336
-2.887, -4.032, -3.249, -2.266, -0.833, -3.234, -3.376, -3.534, -3.828, -3.429
-3.313, -3.679, -3.919, -3.806, -1.211, -3.461, -3.751, -3.674, -3.550, -3.443
-3.421, -3.186, -3.029, -2.897, -6.833, -3.707, -3.912, -3.891, -3.137, -3.567
-3.491, -4.119, -3.830, -3.399, -1.227, -4.602, -2.609, -2.967, -3.598, -3.334
-3.496, -3.178, -2.017, -2.983, -3.734, -1.948, -2.778, -2.836, -3.131, -3.702
-4.434, -3.885, -3.301, -2.790, -5.585, -2.537, -2.996, -2.484, -3.376, -3.139
-3.166, -3.128, -2.832, -2.929, -6.650, -3.237, -2.681, -3.155, -3.322, -3.070
-3.217, -3.173, -3.667, -2.557, -8.013, -3.198, -3.695, -3.177, -2.935, -3.208
-2.912, -3.170, -2.848, -4.253, -4.340, -1.304, -3.723, -2.732, -3.645, -3.310
-3.246, -2.561, -3.746, -3.227, -2.458, -5.257, -3.285, -2.883, -3.592, -3.452
-3.330, -3.061, -3.050, -2.978, -2.453, -6.308, -3.310, -2.671, -3.383, -3.273
-3.514, -3.254, -3.858, -2.611, -4.887, -2.008, -3.650, -3.055, -3.341, -3.446
-3.096, -3.310, -3.194, -3.584, -5.262, -2.424, -3.084, -3.000, -2.940, -3.507
-3.130, -2.993, -3.762, -2.321, -10.671, -2.749, -3.780, -3.102, -3.121, -3.484
-3.080, -4.295, -3.050, -2.700, -1.229, -5.977, -3.552, -3.546, -2.851, -2.819
-3.272, -3.226, -3.223, -4.093, -1.366, -4.219, -2.940, -3.558, -3.361, -3.070
-3.339, -2.690, -3.028, -3.265, -1.588, -5.466, -2.744, -3.108, -2.509, -2.991
-3.284, -3.264, -3.192, -2.781, -9.369, -4.440, -3.474, -3.074, -3.053, -3.220
-3.407, -3.147, -2.785, -3.254, -5.591, -1.967, -3.078, -2.961, -3.305, -3.879
-3.573, -3.107, -3.232, -2.983, -5.376, -2.936, -2.762, -3.771, -3.454, -3.449
-3.417, -3.510, -3.422, -3.148, -1.162, -4.664, -2.804, -3.422, -3.072, -3.280
-3.155, -3.232, -2.958, -4.210, -1.145, -4.239, -3.062, -4.175, -2.899, -2.872
-3.679, -3.536, -4.139, -2.495, -1.822, -5.260, -2.713, -3.073, -3.548, -3.613
-3.261, -3.474, -3.219, -4.665, -1.160, -4.580, -2.551, -2.615, -3.429, -3.273
-3.203, -3.275, -3.213, -2.214, -4.333, -1.799, -3.316, -3.005, -3.121, -3.244
-3.613, -3.065, -3.771, -2.616, -5.520, -2.951, -3.050, -3.771, -2.974, -3.573
-3.207, -2.967, -2.898, -2.830, -5.114, -1.947, -3.548, -3.682, -3.219, -3.152
-2.494, -3.858, -3.543, -3.003, -1.446, -4.162, -2.914, -3.406, -3.113, -2.593
-3.623, -3.503, -2.542, -3.245, -5.408, -2.875, -3.361, -3.479, -3.313, -3.653
-3.394, -2.873, -3.073, -5.536, -7.443, -2.924, -3.080, -2.798, -3.451, -3.175
-3.384, -3.141, -3.023, -2.942, -2.856, -7.370, -2.935, -2.602, -3.174, -2.859
-3.233, -2.793, -3.333, -2.491, -11.885, -2.591, -3.533, -3.011, -3.153, -3.404
-3.141, -3.323, -3.142, -2.870, -7.560, -3.671, -3.576, -3.622, -3.154, -3.499
-3.082, -3.490, -3.351, -1.857, -2.060, -4.908, -3.504, -2.278, -3.222, -3.614
-3.751, -3.039, -4.393, -3.072, -6.173, -2.583, -2.711, -2.468, -3.301, -3.613
-2.624, -2.746, -3.197, -3.898, -7.940, -2.416, -3.145, -2.209, -3.382, -3.023
-3.491, -3.327, -3.372, -2.878, -5.962, -3.036, -3.080, -3.813, -3.089, -3.053
-3.516, -3.265, -3.096, -3.730, -1.691, -5.774, -3.123, -3.309, -3.067, -3.844
-2.970, -3.511, -3.856, -2.658, -5.570, -2.348, -3.451, -3.297, -3.051, -3.137
-3.029, -5.117, -3.556, -2.754, -0.495, -3.087, -3.155, -2.870, -3.782, -3.256
-3.331, -3.397, -2.806, -3.646, -0.816, -3.542, -3.410, -3.482, -3.292, -3.483
-3.292, -3.638, -3.772, -2.749, -5.319, -1.586, -3.733, -2.808, -3.529, -2.844
-3.586, -3.815, -2.556, -2.846, -4.383, -2.755, -2.043, -3.376, -2.617, -4.398
-3.495, -2.533, -3.076, -2.615, -5.460, -2.622, -3.397, -3.562, -3.321, -3.575
-3.236, -3.888, -3.423, -3.367, -4.915, -2.034, -3.225, -2.467, -3.538, -3.592
-2.955, -3.250, -3.022, -3.405, -6.362, -2.609, -4.250, -2.048, -3.123, -3.425
-3.492, -3.687, -3.325, -3.758, -0.846, -3.911, -2.801, -3.274, -3.254, -3.076
-2.658, -3.491, -2.633, -4.338, -6.976, -2.122, -3.822, -2.449, -3.093, -3.024
-3.105, -3.678, -3.032, -2.801, -7.051, -3.503, -3.084, -2.605, -3.167, -3.124
-3.316, -3.342, -3.335, -2.690, -10.017, -3.862, -3.380, -3.510, -3.070, -3.362
-2.526, -3.927, -2.516, -3.281, -0.835, -3.222, -3.854, -3.116, -3.457, -2.924
-3.084, -2.620, -3.636, -2.494, -2.375, -6.298, -3.068, -3.127, -3.266, -2.909
-2.889, -4.084, -3.444, -1.886, -1.202, -3.791, -3.384, -2.994, -4.182, -3.443
-3.512, -3.033, -2.791, -3.508, -7.053, -2.689, -4.283, -2.570, -2.888, -3.308
-2.949, -3.573, -3.741, -3.494, -1.672, -6.578, -2.916, -3.115, -2.752, -3.085
-3.327, -3.550, -3.042, -4.304, -0.867, -3.783, -3.199, -3.754, -2.827, -3.171
-3.285, -3.546, -3.786, -2.474, -1.716, -5.108, -3.053, -2.510, -3.228, -3.334
-3.503, -3.141, -3.384, -2.459, -1.989, -5.203, -3.351, -2.896, -3.571, -2.731
-3.461, -2.740, -3.233, -3.463, -2.808, -5.968, -4.175, -3.126, -3.384, -3.192
-2.786, -3.592, -2.825, -3.382, -5.294, -1.526, -2.752, -4.587, -3.508, -3.248
-2.987, -2.974, -2.979, -2.561, -1.629, -4.226, -3.521, -3.384, -3.243, -2.062
-2.784, -3.079, -3.531, -2.569, -2.110, -5.473, -3.033, -2.330, -3.240, -2.961
-4.057, -3.315, -4.846, -3.127, -5.512, -2.050, -2.352, -2.893, -3.360, -2.810
-3.426, -3.068, -3.730, -2.677, -9.483, -4.030, -3.316, -3.309, -3.248, -2.869
-2.888, -4.259, -3.159, -2.217, -6.277, -2.272, -4.259, -2.775, -3.249, -3.794
-3.299, -3.056, -3.024, -2.842, -1.694, -5.467, -3.279, -3.064, -3.468, -3.060
-3.211, -3.632, -3.120, -2.434, -5.284, -1.830, -3.104, -2.555, -3.278, -2.988
-3.291, -3.062, -2.998, -1.781, -2.247, -5.949, -3.957, -4.067, -3.240, -3.223
-2.900, -3.489, -3.275, -2.992, -5.380, -1.822, -3.703, -4.001, -2.657, -3.490
-3.853, -3.988, -3.533, -4.056, -1.869, -6.036, -3.283, -3.118, -3.046, -3.048
-3.190, -3.229, -3.327, -3.386, -5.715, -2.895, -2.975, -3.681, -3.358, -3.386
-3.018, -3.496, -3.218, -2.268, -7.409, -2.910, -3.308, -3.110, -4.073, -3.074
-3.023, -2.749, -3.414, -3.982, -5.993, -2.173, -4.243, -2.327, -3.279, -3.359
-3.130, -4.242, -2.783, -2.758, -1.103, -4.126, -3.286, -2.652, -2.936, -3.103
-3.349, -3.095, -3.284, -3.610, -0.982, -3.992, -2.929, -3.435, -3.291, -3.106
-3.386, -3.835, -3.353, -3.052, -1.821, -5.054, -3.920, -4.504, -3.255, -3.229
-3.386, -3.536, -3.461, -2.691, -6.038, -2.677, -2.800, -3.846, -3.084, -3.436
-4.228, -3.335, -2.835, -3.105, -6.320, -3.419, -3.665, -2.920, -2.666, -3.569
-3.240, -3.197, -3.872, -5.185, -1.947, -4.094, -4.897, -3.812, -3.262, -3.124
-2.855, -3.242, -3.542, -3.273, -2.336, -5.643, -3.138, -4.155, -3.264, -3.326
-3.176, -3.335, -2.991, -2.463, -1.919, -4.977, -3.484, -2.821, -3.576, -3.106
-3.234, -3.044, -3.456, -2.380, -7.549, -1.959, -3.317, -3.017, -3.278, -3.444
-2.732, -2.766, -2.765, -3.823, -1.416, -4.451, -3.318, -4.001, -3.245, -3.209
-3.725, -3.658, -2.778, -2.914, -6.261, -3.156, -3.932, -3.603, -2.935, -3.501
-3.382, -3.055, -3.367, -3.560, -7.612, -2.975, -2.817, -1.841, -2.873, -3.230
-3.383, -3.078, -2.769, -2.876, -2.023, -6.229, -3.110, -2.681, -3.023, -3.794
-3.467, -3.481, -2.257, -2.571, -5.443, -3.463, -2.176, -3.021, -3.348, -3.442
-3.219, -3.583, -3.748, -3.157, -7.231, -3.481, -3.399, -3.500, -3.370, -3.027
-3.105, -3.696, -3.106, -3.634, -7.761, -3.665, -3.575, -2.603, -3.151, -3.640
-2.564, -3.291, -3.134, -4.505, -0.850, -3.184, -3.066, -3.379, -3.500, -3.185
-3.645, -2.733, -3.586, -3.383, -6.274, -2.454, -3.133, -3.058, -3.195, -2.912
-2.961, -2.927, -3.850, -2.714, -4.514, -0.872, -3.707, -3.163, -3.535, -2.873
-3.337, -3.245, -3.005, -2.849, -4.482, -1.903, -3.223, -3.168, -3.432, -3.307
-4.167, -3.272, -4.239, -2.121, -6.608, -2.065, -2.659, -2.957, -3.599, -3.258
-2.973, -3.263, -3.264, -3.431, -7.510, -3.016, -3.658, -2.613, -2.716, -3.002
-3.423, -3.211, -3.440, -3.728, -6.193, -3.120, -2.641, -3.000, -3.049, -2.891
-3.332, -3.541, -2.890, -4.568, -2.049, -5.235, -3.029, -3.598, -3.114, -3.011
-3.249, -3.036, -3.597, -3.009, -4.648, -1.776, -3.202, -2.786, -3.142, -3.237
-3.040, -3.348, -2.915, -3.764, -7.034, -3.145, -3.105, -2.948, -2.894, -3.343
-4.262, -3.030, -3.142, -2.339, -3.674, -1.686, -3.956, -3.810, -2.732, -3.897
-3.009, -3.151, -3.434, -3.419, -1.974, -5.301, -3.017, -2.985, -3.201, -3.035
-3.565, -3.353, -3.693, -3.609, -6.130, -2.680, -2.363, -2.847, -3.153, -2.898
-3.575, -3.279, -3.664, -2.595, -5.503, -2.247, -3.037, -3.075, -3.273, -3.777
-3.120, -3.181, -3.164, -3.552, -8.458, -4.185, -3.553, -2.545, -3.456, -3.452
-2.752, -2.763, -3.242, -3.814, -6.700, -3.050, -2.828, -2.432, -2.937, -2.585
-3.400, -3.995, -4.542, -3.404, -2.188, -4.830, -3.833, -3.096, -2.601, -2.842
-3.497, -3.341, -3.079, -4.402, -2.791, -7.014, -2.997, -2.655, -3.423, -2.939
-3.295, -2.665, -4.475, -3.445, -2.776, -5.554, -3.791, -3.045, -3.307, -3.220
-3.040, -3.534, -2.989, -4.069, -1.274, -4.178, -3.231, -3.010, -3.148, -2.979
-3.657, -3.361, -3.453, -2.540, -7.115, -2.910, -2.777, -2.517, -3.160, -3.036
-4.101, -2.654, -3.798, -3.628, -5.827, -2.589, -2.648, -3.279, -3.369, -2.954
-3.206, -2.401, -3.356, -2.800, -2.736, -6.268, -3.215, -3.039, -2.832, -3.284
-3.079, -3.305, -3.030, -2.737, -8.756, -3.413, -3.532, -3.354, -3.169, -3.328
-3.096, -4.306, -3.209, -2.493, -3.775, -1.259, -2.660, -3.726, -3.126, -3.482
-3.635, -3.064, -2.796, -3.230, -7.363, -3.246, -4.550, -3.813, -3.131, -3.375
-3.036, -4.083, -3.095, -4.519, -6.348, -2.738, -3.314, -3.009, -3.549, -3.339
-3.806, -2.683, -3.037, -3.985, -0.921, -3.609, -2.923, -2.778, -2.571, -3.270
-2.894, -2.540, -2.853, -3.743, -6.443, -2.698, -3.585, -2.986, -3.010, -3.526
-3.513, -3.674, -3.245, -3.868, -0.746, -3.940, -2.745, -3.327, -3.255, -3.082
-3.614, -3.220, -3.271, -2.936, -6.504, -3.132, -2.880, -3.062, -3.273, -3.331
-3.093, -2.800, -3.611, -2.980, -2.374, -6.225, -3.024, -2.619, -3.222, -3.357
-2.869, -3.978, -3.032, -4.066, -0.873, -3.589, -3.474, -2.745, -3.469, -3.222
-3.398, -3.437, -2.914, -3.798, -2.212, -5.398, -3.395, -2.665, -3.501, -3.485
-3.374, -4.523, -3.198, -3.116, -1.061, -4.042, -3.179, -2.671, -3.465, -3.100
-3.334, -3.715, -3.263, -4.139, -1.325, -4.501, -2.873, -2.790, -2.937, -3.223
-3.355, -3.038, -3.426, -3.456, -9.547, -2.997, -2.984, -2.442, -3.130, -2.930
-3.336, -3.787, -3.047, -3.791, -1.900, -6.359, -2.856, -2.595, -3.242, -3.353
-3.399, -3.501, -2.836, -3.308, -4.774, -2.408, -2.952, -3.601, -3.285, -3.199
-3.166, -3.304, -3.616, -2.658, -5.895, -2.092, -3.151, -2.857, -3.153, -2.935
-4.313, -2.665, -3.441, -2.573, -6.015, -2.326, -3.129, -2.303, -3.624, -3.802
-3.217, -2.955, -3.499, -3.308, -4.972, -2.044, -3.382, -3.512, -3.895, -3.052
-3.177, -3.079, -3.693, -1.949, -1.818, -4.971, -3.073, -2.759, -3.441, -3.125
-3.374, -2.849, -2.939, -2.411, -1.518, -4.436, -3.394, -3.149, -3.539, -3.399
-4.107, -2.512, -2.626, -2.257, -3.971, -1.344, -4.259, -3.510, -3.325, -3.030
-3.404, -3.554, -3.291, -3.690, -1.695, -5.019, -3.191, -3.044, -3.444, -2.860
-3.260, -3.898, -3.698, -3.067, -0.805, -3.007, -3.111, -2.201, -3.250, -2.940
-3.689, -3.638, -3.110, -3.905, -0.918, -4.310, -2.897, -3.833, -3.395, -3.087
-3.751, -3.507, -3.672, -4.020, -7.608, -2.272, -3.016, -4.117, -3.505, -3.103
-2.918, -3.049, -3.268, -3.552, -7.707, -3.626, -3.223, -3.632, -3.274, -3.006
-2.710, -4.083, -3.618, -2.343, -5.791, -2.488, -3.254, -3.933, -3.379, -2.874
-3.758, -2.352, -3.509, -4.208, -6.896, -2.833, -2.338, -2.916, -3.920, -3.161
-3.452, -3.199, -3.532, -2.930, -8.522, -2.706, -3.103, -2.713, -3.253, -3.149
-2.997, -3.955, -2.857, -4.452, -6.678, -3.289, -3.591, -3.278, -3.515, -3.425
-3.441, -3.040, -3.040, -2.675, -2.673, -0.810, -3.173, -3.988, -2.858, -3.468
-3.302, -3.509, -3.050, -2.931, -7.045, -2.524, -3.282, -3.511, -3.273, -3.489
-3.320, -3.758, -3.127, -3.487, -1.327, -5.140, -2.790, -3.083, -2.877, -2.960
-3.855, -3.022, -4.120, -5.363, -2.227, -5.540, -2.915, -3.975, -3.979, -3.119
-3.018, -3.098, -4.451, -1.655, -5.124, -2.188, -3.193, -3.406, -3.083, -3.797
-2.321, -2.658, -3.539, -2.190, -1.218, -3.423, -3.199, -3.347, -3.484, -3.293
-3.243, -3.017, -3.031, -2.763, -2.850, -6.599, -3.675, -3.396, -3.484, -3.563
-3.392, -2.963, -3.829, -2.627, -7.395, -2.622, -3.464, -2.622, -3.156, -3.266
-3.422, -3.467, -3.749, -3.814, -1.694, -4.700, -3.674, -2.947, -2.812, -3.234
-3.238, -3.677, -2.788, -2.944, -4.187, -1.647, -4.059, -2.949, -3.388, -3.880
-4.137, -4.290, -3.773, -2.852, -4.092, -1.540, -3.122, -3.179, -3.052, -3.212
-3.336, -3.863, -3.191, -3.670, -5.575, -1.674, -3.448, -3.381, -3.510, -3.535
-3.118, -3.606, -2.810, -4.452, -0.825, -3.521, -2.978, -3.569, -3.432, -2.865
-3.321, -4.320, -3.131, -3.683, -6.381, -3.182, -2.875, -2.847, -3.010, -3.360
-3.548, -3.192, -2.671, -3.388, -0.849, -3.618, -2.934, -2.734, -2.508, -3.531
-3.128, -2.760, -3.259, -3.708, -7.024, -1.525, -3.324, -2.091, -3.548, -2.749
-3.384, -3.218, -2.807, -3.288, -1.878, -5.071, -2.836, -2.908, -2.957, -3.249
-2.811, -3.512, -3.816, -3.092, -7.694, -3.385, -2.600, -3.496, -3.139, -3.041
-3.119, -4.708, -2.942, -3.509, -1.045, -4.560, -3.662, -2.469, -3.312, -3.188
-3.330, -2.768, -3.852, -3.458, -10.662, -3.450, -2.934, -2.717, -3.394, -2.695
-3.200, -2.694, -2.919, -4.235, -1.199, -4.324, -2.865, -3.654, -3.248, -3.048
-3.621, -3.213, -2.953, -4.058, -2.167, -5.617, -3.994, -2.939, -3.174, -3.874
-2.854, -3.344, -3.300, -3.324, -2.127, -5.193, -2.831, -2.385, -3.320, -3.741
-3.237, -2.859, -3.481, -2.777, -8.087, -2.772, -3.511, -3.542, -3.007, -2.957
-2.861, -2.988, -3.504, -2.996, -2.242, -4.750, -3.505, -3.083, -3.892, -3.015
-2.501, -2.888, -3.579, -3.663, -1.993, -6.052, -2.723, -3.671, -3.595, -3.169
-2.852, -3.813, -4.222, -2.031, -1.354, -3.399, -3.673, -1.935, -3.637, -2.800
-2.656, -3.771, -3.553, -2.576, -0.771, -2.957, -3.113, -2.560, -3.557, -3.116
-3.161, -2.934, -5.124, -3.200, -2.672, -5.507, -3.935, -3.124, -2.975, -3.366
-2.785, -2.979, -3.575, -2.794, -4.581, -1.178, -3.633, -3.590, -2.963, -3.136
-3.811, -3.038, -2.019, -3.635, -6.258, -3.233, -5.310, -3.131, -2.965, -3.972
-3.024, -2.752, -3.048, -4.603, -8.495, -3.438, -3.675, -2.879, -2.626, -3.277
-3.316, -2.598, -3.310, -3.741, -2.190, -5.504, -2.811, -3.125, -2.757, -3.189
-3.629, -3.275, -3.452, -2.965, -8.984, -4.132, -3.318, -3.580, -3.150, -3.253
-2.817, -2.873, -3.055, -3.059, -1.405, -4.252, -3.116, -3.912, -3.991, -2.836
-2.869, -3.345, -3.135, -3.868, -6.830, -2.353, -3.706, -3.297, -3.260, -2.828
-3.338, -3.470, -3.082, -2.817, -1.851, -4.785, -3.227, -2.816, -3.949, -2.830
-3.929, -2.894, -3.475, -2.604, -4.946, -2.120, -2.597, -2.636, -3.045, -3.442
-3.094, -3.028, -3.699, -2.822, -8.307, -4.008, -3.289, -3.409, -3.265, -3.319
-3.221, -3.685, -3.264, -3.777, -2.485, -6.026, -3.550, -3.031, -3.138, -3.687
-3.488, -2.386, -3.228, -3.760, -8.214, -2.917, -2.963, -2.886, -2.170, -3.652
-3.627, -3.500, -2.823, -2.684, -1.994, -6.062, -3.218, -2.398, -3.028, -3.631
-3.223, -3.746, -3.081, -2.883, -1.151, -4.547, -2.941, -3.181, -3.517, -3.534
-3.645, -3.185, -2.956, -3.502, -6.802, -3.360, -2.895, -3.725, -2.675, -3.196
-3.210, -3.426, -2.744, -3.980, -6.730, -2.559, -3.582, -2.220, -3.116, -3.189
-2.961, -2.841, -3.350, -3.910, -5.527, -1.829, -3.465, -3.707, -3.523, -3.726
-3.770, -3.571, -2.803, -2.873, -2.297, -6.607, -2.944, -2.342, -3.175, -3.021
-3.167, -4.510, -3.137, -3.056, -1.531, -4.824, -3.701, -3.051, -3.120, -3.315
-3.200, -4.229, -3.257, -3.018, -9.593, -3.473, -3.976, -3.207, -3.363, -3.539
-3.116, -3.400, -3.583, -3.065, -5.101, -2.210, -2.962, -3.112, -3.637, -3.231
-2.916, -3.273, -3.713, -3.242, -2.152, -4.651, -3.280, -2.165, -4.060, -3.164
-2.718, -4.708, -3.087, -3.618, -1.078, -4.339, -3.790, -3.210, -3.519, -3.610
-3.349, -2.808, -3.371, -2.477, -5.004, -2.397, -3.237, -3.571, -3.294, -3.510
-3.809, -4.094, -3.693, -3.878, -1.295, -4.893, -2.651, -3.521, -3.675, -3.014
-3.177, -3.483, -3.721, -2.611, -4.272, -1.391, -3.122, -2.972, -3.529, -3.387
-3.247, -3.602, -3.137, -3.027, -5.691, -2.258, -3.321, -2.733, -2.661, -3.529
-3.101, -3.500, -2.508, -3.112, -7.648, -3.045, -4.817, -3.223, -2.702, -2.902
-4.287, -2.508, -2.636, -2.776, -3.978, -1.142, -3.909, -3.129, -3.083, -3.743
-2.626, -2.508, -3.925, -3.734, -4.984, -1.336, -2.570, -3.130, -3.289, -3.232
-3.402, -3.312, -2.838, -3.479, -5.621, -3.114, -2.898, -3.912, -2.950, -3.157
-3.258, -3.014, -3.463, -3.841, -7.008, -2.553, -2.468, -2.743, -3.289, -2.710
-2.997, -3.739, -3.466, -2.731, -4.342, -1.221, -2.580, -2.628, -3.232, -3.016
-3.256, -3.400, -3.478, -3.141, -5.090, -1.954, -3.715, -3.682, -3.365, -3.403
-3.221, -2.554, -3.376, -2.827, -2.522, -5.890, -3.177, -2.905, -3.607, -2.739
-3.007, -3.842, -3.024, -3.486, -6.017, -2.804, -3.546, -2.981, -3.067, -3.213
-3.498, -3.724, -3.148, -4.110, -0.504, -3.007, -2.967, -3.128, -4.136, -4.056
-3.305, -2.692, -3.372, -4.744, -4.625, -1.538, -2.765, -2.216, -3.568, -2.826
-3.202, -3.108, -3.019, -3.999, -1.577, -4.297, -2.843, -2.883, -2.989, -2.949
-3.607, -4.092, -2.879, -4.169, -1.198, -6.226, -2.940, -3.798, -3.346, -3.859
-3.340, -2.843, -3.218, -3.066, -4.798, -1.668, -2.465, -3.009, -2.939, -2.757
-2.934, -3.045, -3.598, -3.518, -1.177, -3.279, -4.031, -3.007, -2.510, -3.464
-2.642, -3.642, -3.616, -4.983, -1.423, -4.257, -2.321, -2.969, -4.235, -3.409
-3.300, -3.317, -3.003, -4.007, -2.349, -5.438, -3.293, -2.819, -3.174, -3.505
-2.999, -3.530, -2.634, -3.207, -6.663, -3.350, -3.195, -3.115, -3.622, -3.452
-2.777, -3.819, -3.743, -3.960, -8.178, -3.665, -3.191, -3.253, -3.851, -2.424
-3.253, -2.844, -2.917, -2.617, -4.434, -2.301, -2.908, -4.148, -2.736, -2.961
-3.263, -2.897, -2.992, -2.471, -2.293, -5.450, -3.098, -2.501, -3.208, -3.387
-3.034, -3.473, -2.998, -3.159, -0.898, -3.877, -3.370, -3.551, -3.476, -2.863
-3.273, -2.905, -4.504, -2.587, -5.837, -2.607, -3.088, -3.263, -2.833, -3.312
-3.328, -3.374, -3.063, -3.133, -6.535, -2.402, -4.060, -3.431, -3.608, -3.565
-3.352, -3.074, -3.049, -2.903, -6.919, -2.925, -3.267, -2.695, -3.460, -3.494
-3.075, -3.040, -2.639, -3.537, -2.178, -6.221, -3.260, -2.999, -3.900, -3.312
-3.564, -2.924, -4.031, -3.040, -5.906, -2.890, -2.700, -3.178, -3.210, -3.281
-3.019, -3.519, -3.235, -4.024, -1.494, -4.679, -2.770, -2.927, -3.020, -3.232
-3.891, -3.789, -3.598, -3.450, -5.600, -2.498, -3.011, -2.438, -3.787, -3.174
-4.116, -3.506, -4.586, -4.096, -5.733, -2.484, -2.173, -2.470, -3.855, -3.561
-3.779, -3.777, -2.727, -3.765, -3.565, -0.926, -4.776, -3.178, -3.524, -3.376
-3.249, -3.049, -3.166, -3.321, -0.982, -3.425, -3.141, -3.109, -3.921, -3.317
-3.104, -2.546, -3.329, -2.754, -2.913, -6.334, -3.219, -2.707, -3.273, -3.242
-3.147, -3.362, -3.093, -2.983, -7.379, -2.861, -3.466, -3.098, -3.290, -3.287
-3.181, -3.626, -3.770, -3.089, -6.948, -2.481, -3.546, -3.192, -3.444, -3.204
-3.461, -3.275, -3.087, -2.894, -9.487, -3.711, -3.087, -2.680, -3.392, -3.407
-3.672, -3.441, -3.323, -3.066, -10.043, -3.414, -3.331, -3.133, -3.114, -3.743
-3.003, -2.838, -2.715, -3.314, -9.078, -3.369, -3.694, -3.237, -3.300, -4.071
-2.775, -3.554, -2.954, -3.016, -5.783, -2.429, -3.612, -3.338, -3.987, -3.759
-2.981, -3.472, -3.670, -3.950, -10.305, -4.752, -3.154, -2.740, -3.188, -3.192
-3.529, -3.500, -3.374, -2.364, -4.673, -1.623, -3.599, -2.568, -3.369, -2.566
-3.076, -3.725, -2.515, -3.019, -5.350, -2.111, -3.337, -3.043, -2.918, -3.509
-3.225, -3.009, -3.647, -3.280, -6.540, -1.818, -2.895, -3.278, -3.383, -3.582
-2.729, -4.465, -3.888, -1.888, -1.201, -4.199, -3.113, -2.379, -3.438, -2.869
-3.690, -3.747, -3.762, -2.546, -5.436, -2.430, -3.547, -3.582, -2.533, -3.805
-3.137, -2.621, -4.233, -4.014, -1.683, -3.753, -4.124, -2.993, -3.215, -3.089
-3.526, -4.137, -3.162, -1.799, -1.036, -4.012, -3.550, -3.311, -3.606, -3.752
-2.989, -3.159, -3.441, -2.841, -6.044, -2.630, -3.432, -3.389, -3.172, -3.167
-3.742, -3.187, -3.784, -3.407, -4.745, -2.120, -2.541, -3.139, -3.160, -2.544
-3.392, -3.681, -3.607, -2.479, -5.192, -1.607, -3.772, -3.021, -3.455, -3.024
-2.926, -3.994, -3.302, -3.250, -0.736, -3.130, -3.048, -3.831, -4.360, -2.824
-3.254, -2.948, -4.043, -2.453, -5.087, -2.015, -2.676, -3.367, -3.657, -3.622
-3.166, -3.331, -2.742, -3.178, -4.438, -2.148, -2.908, -3.669, -3.393, -3.235
-3.401, -3.267, -3.400, -3.213, -6.445, -2.599, -3.289, -2.832, -3.286, -3.075
-3.382, -3.193, -3.042, -3.165, -6.912, -1.844, -3.419, -4.050, -3.636, -3.331
-3.560, -2.722, -4.859, -3.119, -5.880, -2.963, -2.174, -3.132, -3.165, -4.150
-3.265, -3.941, -3.191, -2.759, -1.788, -5.311, -3.119, -2.473, -2.859, -3.433
-2.797, -2.830, -2.882, -3.051, -11.027, -3.253, -3.837, -3.353, -3.062, -3.239
-2.833, -4.027, -2.698, -3.331, -1.576, -5.181, -3.757, -3.370, -3.315, -3.145
-3.520, -3.712, -4.162, -1.964, -8.997, -2.169, -3.564, -2.506, -4.157, -3.468
-3.361, -5.077, -3.758, -3.479, -2.009, -5.817, -3.806, -2.820, -3.306, -4.091
-3.046, -4.387, -4.137, -2.051, -5.753, -2.012, -3.617, -2.310, -3.928, -3.260
-3.514, -3.531, -3.979, -3.820, -2.235, -5.132, -3.783, -2.879, -2.743, -3.284
-4.975, -2.853, -2.719, -2.013, -3.285, -0.951, -5.142, -2.757, -2.934, -2.899
-3.238, -3.460, -3.197, -3.899, -2.112, -6.188, -3.280, -3.059, -3.406, -3.340
-3.375, -3.697, -2.934, -3.230, -1.078, -4.236, -3.318, -2.746, -3.015, -3.250
-2.813, -2.418, -2.809, -4.929, -1.719, -4.618, -2.804, -3.038, -4.008, -3.418
-3.153, -3.337, -2.933, -3.967, -1.453, -4.402, -3.203, -2.945, -3.101, -3.323
-3.179, -3.264, -2.917, -3.858, -2.259, -6.713, -3.277, -4.193, -4.100, -3.203
-4.437, -3.430, -3.055, -2.844, -4.819, -2.022, -2.684, -2.523, -3.177, -3.065
-3.456, -3.435, -3.827, -3.096, -6.661, -3.343, -3.160, -3.112, -3.042, -3.168
-2.708, -3.444, -3.130, -3.620, -7.574, -2.207, -3.229, -3.387, -3.741, -2.903
-2.871, -3.768, -3.352, -3.258, -5.519, -2.371, -3.278, -3.211, -3.395, -3.793
-3.289, -2.785, -3.165, -3.668, -6.870, -3.112, -3.155, -2.801, -3.350, -3.142
-3.525, -3.965, -3.604, -2.613, -1.529, -3.972, -3.625, -2.522, -3.346, -3.072
-2.892, -3.849, -3.914, -3.444, -1.519, -3.770, -2.919, -3.164, -2.967, -2.549
-3.327, -3.375, -3.519, -3.090, -6.142, -2.656, -3.412, -3.853, -2.734, -3.204
-3.416, -3.864, -2.418, -2.580, -6.737, -3.347, -4.059, -3.546, -3.075, -3.379
-3.182, -3.343, -3.029, -2.598, -1.845, -5.430, -3.543, -3.094, -3.378, -3.005
-2.811, -3.356, -3.289, -2.753, -5.127, -1.745, -3.050, -2.862, -3.583, -2.597
-3.232, -3.102, -3.646, -3.444, -4.526, -1.655, -3.237, -3.390, -3.640, -3.308
-3.941, -4.846, -3.629, -3.335, -0.967, -4.764, -2.805, -3.379, -3.074, -2.974
-3.615, -2.810, -2.860, -2.562, -5.257, -2.434, -3.001, -3.173, -3.207, -3.322
-3.461, -3.011, -3.613, -2.774, -5.340, -0.826, -3.411, -4.118, -3.199, -2.862
-3.037, -3.243, -3.122, -3.168, -7.016, -2.562, -2.929, -3.432, -3.153, -3.235
-3.037, -3.264, -3.084, -3.878, -1.540, -4.626, -2.932, -3.100, -3.065, -2.852
-3.050, -3.607, -3.163, -3.798, -5.904, -2.943, -2.835, -3.126, -2.914, -3.364
-3.091, -2.966, -3.489, -2.906, -6.854, -3.279, -3.446, -3.078, -2.710, -3.593
-3.164, -3.540, -3.034, -4.900, -1.923, -6.038, -2.772, -2.891, -3.392, -3.108
-3.310, -3.331, -3.643, -3.635, -1.792, -4.555, -3.768, -3.308, -3.131, -3.261
-3.324, -3.289, -2.764, -2.402, -7.404, -4.166, -3.732, -3.382, -2.664, -3.083
-3.330, -2.939, -3.559, -2.773, -5.401, -2.361, -3.351, -3.472, -3.170, -3.219
-3.364, -3.353, -3.210, -2.728, -8.209, -4.009, -3.346, -3.147, -2.909, -3.315
-3.843, -3.113, -4.701, -2.677, -6.966, -2.421, -2.115, -3.535, -3.409, -3.409
-3.038, -3.319, -3.294, -4.117, -1.202, -4.219, -2.938, -3.963, -3.778, -3.091
-3.368, -3.118, -3.783, -2.496, -2.890, -7.194, -3.598, -2.945, -2.967, -3.244
-3.154, -3.830, -2.828, -4.408, -0.941, -4.370, -2.637, -3.015, -3.477, -3.204
-3.627, -3.438, -3.395, -3.930, -1.662, -5.418, -3.509, -3.806, -2.446, -3.155
-2.847, -3.725, -3.045, -3.026, -1.503, -4.533, -3.682, -2.959, -3.160, -3.913
-3.860, -3.414, -3.285, -3.829, -1.098, -5.243, -2.792, -3.383, -2.938, -3.482
-3.239, -4.123, -3.087, -3.718, -1.482, -7.046, -2.741, -2.590, -2.934, -2.838
-3.142, -3.291, -3.117, -5.712, -1.214, -3.724, -3.336, -3.763, -3.458, -3.115
-3.326, -3.699, -3.197, -3.341, -1.130, -4.079, -3.508, -2.373, -2.803, -3.285
-3.933, -2.888, -2.573, -3.354, -5.747, -3.035, -3.368, -3.378, -3.194, -3.972
-3.039, -4.297, -3.006, -2.972, -1.145, -3.762, -3.257, -2.832, -3.252, -3.165
-3.141, -2.781, -2.698, -3.929, -1.571, -4.809, -3.179, -3.477, -3.255, -3.005
-3.364, -3.372, -3.194, -2.658, -2.539, -6.212, -3.079, -2.746, -2.796, -3.128
-3.261, -3.521, -3.320, -2.737, -1.962, -5.021, -3.459, -2.983, -2.928, -3.411
-3.202, -3.074, -3.143, -3.895, -8.516, -3.151, -3.102, -1.878, -3.622, -3.122
-3.461, -3.225, -3.598, -2.834, -12.835, -4.492, -3.482, -3.165, -2.993, -3.114
-2.931, -3.899, -3.632, -3.092, -6.659, -2.731, -3.741, -2.825, -4.090, -3.293
-2.964, -3.123, -3.425, -2.425, -1.753, -4.928, -3.213, -3.925, -3.662, -2.708
-3.189, -2.970, -2.915, -3.521, -7.422, -3.454, -2.703, -2.101, -3.403, -3.484
-3.293, -3.904, -3.169, -4.121, -1.931, -5.426, -3.122, -2.946, -2.749, -3.432
-4.717, -2.899, -3.695, -3.654, -5.732, -2.307, -3.247, -3.766, -4.137, -3.195
-3.235, -3.191, -3.452, -2.815, -5.597, -2.517, -3.047, -3.083, -3.204, -3.385
-3.417, -3.451, -3.023, -2.627, -6.865, -1.745, -3.665, -3.191, -3.270, -3.301
-3.728, -3.162, -3.333, -2.981, -5.983, -3.203, -2.706, -3.503, -3.106, -3.250
-3.336, -3.348, -4.144, -4.378, -1.928, -4.565, -4.023, -3.156, -3.223, -3.141
-3.056, -3.164, -3.452, -2.433, -7.178, -3.628, -3.279, -3.460, -3.091, -3.534
-3.420, -3.250, -3.869, -2.119, -8.040, -3.988, -2.904, -3.480, -3.195, -4.268
-3.901, -2.972, -3.920, -3.324, -8.513, -3.435, -2.733, -2.447, -3.100, -2.776
-2.770, -3.391, -2.922, -4.027, -7.076, -3.102, -3.841, -3.159, -3.651, -4.593
-2.868, -2.598, -3.751, -3.878, -5.802, -2.144, -3.005, -2.582, -3.418, -3.038
-3.376, -2.735, -2.420, -4.436, -1.489, -4.706, -2.849, -3.246, -2.816, -3.278
-3.262, -3.895, -3.151, -2.932, -1.816, -4.417, -3.189, -2.856, -3.782, -2.490
-3.016, -3.288, -2.970, -3.118, -1.346, -4.257, -3.341, -4.027, -3.065, -3.264
-3.359, -2.368, -3.247, -4.726, -4.919, -1.504, -3.465, -2.389, -3.545, -3.747
-3.196, -3.924, -3.436, -3.594, -7.443, -3.563, -3.500, -2.917, -3.574, -3.415
-3.910, -3.502, -3.315, -4.137, -5.161, -2.751, -2.594, -3.850, -2.972, -3.715
-3.582, -2.857, -3.092, -4.420, -7.274, -2.732, -3.055, -3.291, -3.455, -3.127
-3.387, -2.972, -3.023, -3.245, -1.805, -5.584, -3.484, -2.710, -3.106, -3.073
-2.735, -2.848, -2.158, -3.492, -0.985, -3.356, -4.382, -3.329, -4.011, -3.498
-3.390, -4.009, -3.820, -3.519, -2.252, -5.266, -3.424, -3.171, -3.057, -3.311
-3.498, -4.267, -3.147, -3.941, -1.852, -5.950, -2.888, -3.719, -3.176, -2.975
-3.150, -3.052, -3.585, -3.105, -5.746, -2.187, -3.509, -3.234, -3.494, -3.487
-2.704, -2.896, -3.023, -4.232, -7.393, -3.365, -2.512, -2.811, -3.077, -2.709
-3.195, -3.861, -3.529, -4.091, -1.159, -4.548, -3.497, -3.121, -3.067, -3.120
-2.843, -2.756, -3.168, -3.493, -2.148, -5.875, -2.761, -3.270, -3.198, -2.991
-3.053, -3.842, -2.442, -2.518, -7.921, -3.557, -4.488, -3.912, -3.189, -3.616
-3.459, -3.921, -3.106, -4.106, -0.682, -3.945, -2.860, -3.503, -3.238, -3.063
-3.423, -3.742, -2.786, -4.136, -1.406, -5.889, -3.239, -3.602, -3.037, -3.353
-2.751, -3.176, -3.907, -2.368, -6.956, -2.064, -3.865, -3.372, -3.441, -3.232
-3.549, -3.163, -2.416, -3.965, -1.308, -4.173, -4.134, -3.205, -4.486, -3.648
-3.118, -3.242, -2.899, -2.704, -6.221, -3.067, -2.754, -3.109, -3.202, -3.374
-3.449, -3.099, -3.225, -4.047, -9.852, -3.695, -3.275, -2.951, -3.121, -3.454
-2.671, -2.628, -3.923, -3.349, -5.507, -1.978, -2.757, -2.535, -2.942, -3.410
-3.765, -3.670, -2.776, -4.540, -2.486, -5.923, -3.581, -3.026, -3.714, -2.840
-2.977, -3.196, -3.217, -3.038, -1.748, -4.852, -3.502, -2.856, -3.058, -3.036
-3.361, -2.634, -3.413, -4.098, -1.480, -4.117, -3.558, -2.486, -2.396, -3.026
-3.006, -2.892, -2.972, -3.393, -1.499, -4.089, -3.205, -3.582, -4.426, -2.322
-2.702, -2.862, -3.359, -3.189, -2.973, -6.345, -3.168, -3.052, -2.951, -3.278
-2.833, -3.267, -3.038, -2.542, -4.485, -1.539, -3.498, -3.635, -3.130, -3.397
-3.054, -2.686, -2.111, -3.088, -4.968, -2.638, -2.959, -2.803, -2.910, -3.600
-3.975, -3.027, -3.466, -5.698, -6.276, -2.632, -3.016, -2.336, -3.594, -2.919
-3.542, -2.997, -2.861, -3.508, -5.676, -1.761, -3.596, -3.258, -3.205, -3.321
-3.297, -3.565, -3.245, -5.255, -1.157, -4.339, -3.125, -3.358, -3.560, -3.133
-2.736, -3.096, -2.828, -2.326, -6.936, -2.481, -2.764, -3.353, -2.591, -3.022
-3.451, -3.094, -2.916, -3.719, -4.578, -1.946, -2.910, -3.539, -3.725, -3.348
-3.073, -3.108, -3.017, -4.401, -7.252, -3.096, -3.120, -3.339, -3.933, -3.573
-3.010, -2.994, -3.110, -3.458, -7.475, -3.415, -2.726, -3.190, -3.492, -3.301
-3.466, -2.774, -1.980, -3.425, -4.821, -2.282, -3.903, -2.553, -3.315, -3.969
-2.712, -3.381, -3.658, -2.423, -5.289, -2.120, -2.897, -2.771, -2.879, -3.235
-3.725, -2.974, -3.208, -4.005, -1.192, -5.345, -2.593, -3.554, -2.557, -3.001
-3.387, -3.199, -3.627, -1.922, -4.902, -1.606, -3.374, -2.649, -3.023, -3.316
-3.388, -3.274, -3.812, -2.822, -6.150, -2.821, -3.684, -3.620, -2.985, -3.167
-3.401, -3.314, -3.073, -2.886, -6.512, -3.440, -3.068, -3.384, -3.096, -3.016
-3.450, -3.384, -2.848, -2.880, -6.992, -3.339, -3.366, -3.363, -3.310, -3.457
-3.732, -3.059, -4.366, -2.570, -10.533, -2.565, -2.998, -2.847, -3.830, -3.118
-3.179, -2.906, -3.383, -2.358, -8.118, -1.700, -3.517, -3.480, -3.155, -3.023
-4.050, -3.403, -2.555, -3.937, -5.908, -1.983, -3.975, -2.892, -3.765, -3.831
-3.459, -2.845, -4.081, -3.423, -6.514, -2.487, -3.257, -2.944, -3.803, -2.970
-3.872, -3.290, -3.027, -3.947, -7.351, -3.248, -3.670, -2.542, -3.614, -4.094
-3.599, -3.276, -3.219, -3.452, -7.496, -3.064, -2.926, -2.697, -3.496, -3.207
-2.836, -3.018, -3.557, -3.140, -6.556, -3.176, -2.655, -3.964, -2.816, -3.368
-3.103, -3.900, -3.596, -3.420, -7.795, -3.290, -3.677, -2.504, -3.461, -3.350
-3.308, -3.255, -2.970, -2.796, -7.650, -4.072, -2.940, -2.955, -3.061, -3.295
-3.415, -3.346, -2.935, -3.400, -6.512, -3.127, -3.503, -3.017, -3.475, -3.288
-3.434, -3.354, -3.273, -3.950, -6.383, -2.314, -3.066, -3.761, -3.459, -2.968
-3.612, -3.332, -2.890, -3.626, -5.470, -2.807, -2.622, -3.520, -2.905, -3.444
-3.291, -3.238, -3.027, -2.840, -5.674, -2.454, -2.914, -3.496, -3.362, -3.261
-3.027, -3.661, -3.701, -2.533, -8.468, -2.935, -3.556, -2.982, -3.460, -3.210
-3.416, -3.196, -3.271, -2.265, -10.765, -3.645, -3.211, -3.415, -3.225, -3.036
-3.098, -3.197, -3.642, -3.011, -5.619, -2.247, -3.316, -3.253, -3.269, -3.089
-4.069, -3.527, -3.415, -2.435, -4.191, -1.648, -3.545, -2.379, -3.727, -3.706
-2.990, -3.217, -3.168, -3.961, -1.623, -4.165, -3.189, -2.879, -3.274, -3.146
-2.653, -3.469, -3.639, -2.794, -1.272, -3.907, -2.856, -3.848, -3.250, -2.954
-3.027, -2.958, -2.946, -4.446, -1.469, -4.179, -3.157, -2.880, -3.023, -3.040
-3.543, -3.870, -3.014, -3.494, -2.732, -7.084, -3.413, -3.047, -3.195, -3.186
-2.965, -3.493, -2.841, -2.675, -6.943, -3.697, -2.998, -3.409, -3.750, -3.476
-3.150, -3.949, -3.393, -3.201, -11.502, -3.559, -3.710, -3.185, -3.383, -3.432
-3.145, -3.410, -3.620, -2.790, -8.967, -3.798, -3.249, -3.623, -3.210, -3.191
-2.297, -3.262, -3.288, -3.115, -1.040, -3.581, -3.403, -3.443, -4.105, -2.848
-2.644, -3.830, -4.333, -1.574, -1.218, -3.214, -2.974, -2.567, -3.254, -2.816
-2.976, -2.814, -3.144, -3.616, -5.450, -2.048, -2.906, -2.802, -3.264, -2.757
-3.335, -3.129, -3.437, -2.525, -7.793, -3.146, -3.609, -2.759, -3.489, -3.324
-3.877, -3.040, -3.746, -3.838, -5.917, -2.934, -2.766, -3.383, -3.706, -2.796
-3.501, -3.798, -3.279, -1.985, -6.493, -2.007, -3.244, -2.847, -3.367, -3.304
-3.151, -3.549, -3.048, -3.631, -1.261, -4.395, -3.112, -2.381, -3.103, -3.190
-3.309, -4.066, -3.832, -3.840, -7.833, -3.684, -2.650, -2.605, -3.147, -2.729
-3.278, -3.336, -3.481, -3.307, -8.190, -3.515, -3.255, -3.204, -3.286, -3.417
-2.988, -3.232, -2.838, -4.482, -5.028, -2.023, -2.949, -1.713, -3.113, -3.304
-2.884, -3.378, -3.439, -3.585, -2.165, -5.879, -2.707, -2.341, -3.221, -3.347
-3.375, -4.053, -4.298, -2.394, -1.219, -4.256, -2.811, -2.099, -3.025, -3.097
-3.146, -2.824, -3.203, -2.769, -6.405, -2.327, -3.540, -3.408, -2.899, -3.281
-3.218, -3.617, -3.752, -4.008, -2.875, -6.587, -2.752, -3.610, -3.703, -3.485
-3.426, -2.940, -4.085, -4.488, -6.882, -3.145, -2.428, -3.449, -3.204, -3.389
-3.196, -3.308, -2.759, -3.039, -7.153, -3.274, -3.480, -3.300, -3.199, -3.459
-3.313, -3.113, -3.296, -2.616, -8.308, -2.832, -3.539, -3.364, -3.113, -3.215
-3.242, -3.784, -3.506, -3.504, -1.795, -7.615, -3.241, -2.359, -2.995, -3.319
-3.261, -3.231, -3.346, -3.113, -4.832, -2.339, -3.056, -4.017, -2.908, -3.244
-3.065, -3.610, -3.178, -3.506, -2.599, -6.807, -3.508, -2.877, -2.923, -3.185
-2.809, -3.474, -3.174, -3.233, -0.639, -2.667, -3.969, -3.353, -3.431, -3.396
-3.211, -3.815, -3.054, -3.645, -2.290, -5.777, -3.389, -3.231, -3.231, -3.405
-3.221, -3.407, -4.037, -1.903, -7.371, -3.586, -3.812, -3.187, -2.933, -3.307
-3.583, -3.197, -3.396, -2.921, -7.027, -3.616, -3.191, -3.480, -3.242, -3.424
-3.253, -2.849, -3.690, -3.966, -5.779, -2.312, -3.041, -2.554, -3.573, -2.593
-3.861, -3.239, -3.562, -2.787, -4.434, -1.834, -3.498, -5.207, -2.913, -2.344
-3.655, -2.930, -3.016, -2.445, -1.768, -5.104, -4.100, -3.230, -3.136, -3.630
-3.333, -3.019, -3.223, -2.510, -2.218, -6.022, -3.558, -3.239, -3.611, -2.344
-3.731, -3.941, -3.036, -3.140, -5.551, -2.423, -3.072, -3.824, -2.645, -3.186
-3.161, -3.368, -3.000, -3.705, -1.653, -4.192, -3.124, -2.770, -3.565, -2.613
-3.186, -3.226, -3.429, -2.870, -4.802, -1.529, -3.714, -2.704, -3.202, -3.526
-3.818, -2.598, -3.136, -3.750, -5.700, -2.742, -3.322, -3.219, -3.327, -2.988
-3.385, -2.997, -3.930, -2.609, -10.905, -3.160, -3.677, -3.160, -3.161, -3.001
-3.089, -4.001, -3.854, -4.310, -1.992, -4.411, -4.459, -3.228, -3.364, -3.380
-3.023, -3.488, -2.937, -2.861, -6.228, -2.672, -4.195, -3.261, -3.173, -3.155
-3.412, -3.759, -3.240, -3.813, -4.871, -1.785, -3.310, -2.643, -3.045, -3.365
-3.372, -3.747, -3.049, -3.579, -1.435, -4.930, -3.168, -2.810, -2.798, -3.172
-3.543, -4.331, -3.249, -2.626, -1.394, -4.701, -4.345, -2.996, -2.754, -4.034
-3.411, -3.246, -3.191, -2.707, -5.725, -2.384, -3.048, -3.073, -3.519, -3.036
-3.062, -3.235, -3.029, -4.005, -10.726, -3.700, -3.223, -3.231, -3.679, -3.699
-3.136, -3.772, -3.000, -3.946, -6.093, -2.112, -3.670, -3.129, -3.642, -3.637
-3.304, -2.978, -3.132, -3.423, -2.276, -6.256, -2.949, -3.140, -3.517, -3.388
-3.448, -3.407, -3.467, -3.481, -1.474, -4.775, -2.815, -3.294, -2.977, -3.211
-3.587, -3.571, -2.468, -4.030, -1.903, -6.940, -3.418, -2.898, -3.183, -3.306
-3.713, -3.057, -3.501, -3.783, -7.291, -2.729, -2.787, -2.146, -3.218, -3.178
-2.885, -3.030, -3.168, -2.997, -2.616, -5.525, -3.582, -3.108, -3.525, -2.823
-3.066, -3.188, -3.177, -2.414, -1.380, -4.154, -3.384, -2.555, -2.667, -3.360
-3.345, -3.643, -3.346, -3.742, -5.031, -2.363, -3.022, -3.712, -3.181, -3.414
-3.304, -3.641, -3.160, -3.542, -1.647, -5.147, -3.534, -3.740, -2.713, -3.202
-3.261, -3.206, -3.795, -3.055, -6.874, -3.008, -3.444, -3.612, -3.032, -3.153
-3.343, -3.323, -3.406, -3.188, -9.966, -4.465, -3.332, -2.923, -3.238, -2.952
-3.132, -2.518, -3.150, -3.336, -5.034, -1.978, -3.172, -3.145, -3.429, -2.971
-2.894, -3.144, -3.589, -3.242, -1.843, -5.707, -2.960, -3.058, -3.617, -3.428
-3.792, -2.991, -3.486, -3.001, -5.947, -1.846, -3.259, -3.176, -3.221, -3.582
-3.675, -3.265, -3.243, -3.286, -5.381, -2.634, -3.151, -3.774, -3.222, -3.795
-2.945, -3.553, -2.931, -3.198, -1.660, -4.361, -4.403, -3.733, -2.665, -3.397
-3.176, -3.022, -3.439, -3.414, -6.790, -3.176, -2.685, -2.622, -3.033, -2.808
-3.323, -3.095, -3.696, -4.099, -1.556, -4.574, -3.090, -2.375, -2.748, -3.018
-3.169, -3.075, -3.447, -2.940, -6.079, -2.471, -3.731, -3.062, -2.651, -2.387
-2.932, -2.671, -2.994, -3.964, -2.678, -7.180, -2.614, -2.743, -3.630, -3.237
-2.806, -3.358, -2.490, -3.570, -0.932, -3.225, -4.166, -3.182, -2.719, -3.768
-2.957, -3.435, -3.407, -2.569, -2.580, -8.651, -3.129, -4.101, -3.391, -3.012
-3.195, -3.259, -3.859, -4.207, -1.705, -4.132, -3.739, -3.119, -3.193, -3.207
-3.059, -3.198, -2.414, -2.978, -1.165, -4.399, -3.513, -3.560, -3.020, -3.550
-3.286, -3.229, -2.848, -2.914, -6.478, -2.888, -3.154, -3.116, -3.200, -3.535
-3.320, -3.077, -3.101, -3.177, -5.786, -2.773, -3.061, -3.021, -3.312, -2.967
-3.570, -3.609, -3.191, -3.392, -7.397, -3.738, -3.521, -2.243, -2.675, -3.238
-3.128, -2.998, -2.952, -3.518, -0.476, -2.678, -3.178, -3.700, -3.201, -3.001
-3.498, -3.795, -2.775, -3.506, -5.502, -2.523, -2.819, -3.587, -2.775, -3.017
-3.174, -3.236, -3.045, -2.765, -13.882, -3.917, -3.643, -3.087, -2.952, -3.481
-3.647, -3.138, -3.395, -3.426, -7.232, -3.191, -3.008, -3.173, -3.062, -2.797
-3.197, -3.114, -2.426, -2.735, -6.693, -3.449, -4.820, -3.146, -2.980, -3.589
-3.233, -3.649, -3.234, -2.325, -5.343, -2.324, -3.281, -3.307, -3.051, -3.314
-2.764, -3.040, -3.859, -2.888, -2.420, -5.705, -3.418, -3.881, -3.069, -3.321
-3.960, -2.955, -4.234, -3.166, -6.936, -1.921, -3.126, -2.970, -2.666, -3.276
-3.596, -3.820, -2.929, -3.389, -7.083, -3.746, -2.802, -3.274, -3.464, -3.073
-3.395, -2.603, -3.235, -2.317, -4.914, -0.370, -4.235, -3.259, -3.038, -3.531
-3.440, -3.722, -2.985, -3.181, -5.972, -2.127, -2.881, -4.032, -3.114, -3.114
-3.183, -3.524, -3.637, -3.469, -2.117, -5.142, -4.095, -3.402, -2.956, -3.030
-3.122, -2.298, -2.525, -4.455, -1.211, -4.001, -3.333, -3.595, -2.981, -3.174
-3.300, -2.948, -4.562, -3.623, -1.387, -3.501, -3.702, -2.967, -2.978, -3.423
-3.454, -4.022, -2.874, -3.647, -3.333, -1.283, -2.606, -4.050, -2.932, -3.020
-3.359, -3.855, -2.042, -5.639, -6.974, -3.192, -3.480, -3.922, -2.946, -3.302
-3.106, -3.058, -4.067, -3.600, -5.473, -2.739, -2.133, -3.187, -3.095, -3.592
-3.135, -3.237, -3.126, -3.329, -1.970, -5.261, -3.207, -2.674, -3.323, -3.254
-3.128, -3.560, -3.974, -3.353, -2.017, -4.971, -2.842, -3.279, -3.100, -2.928
-3.562, -3.611, -3.445, -3.518, -1.271, -4.019, -2.921, -2.475, -2.723, -3.092
-4.498, -3.342, -4.308, -4.413, -4.457, -1.747, -2.596, -2.729, -3.818, -3.173
-3.710, -3.768, -2.812, -4.012, -5.433, -2.584, -2.795, -3.343, -3.257, -3.118
-3.283, -2.585, -3.168, -4.094, -2.184, -5.204, -3.287, -3.185, -3.875, -3.692
-3.079, -3.265, -3.813, -3.626, -7.108, -3.321, -3.260, -3.502, -3.589, -3.001
-3.632, -3.460, -3.885, -3.308, -7.032, -3.242, -3.453, -3.069, -3.456, -3.454
-3.220, -3.423, -2.808, -3.412, -6.868, -3.106, -2.782, -2.574, -3.272, -3.166
-3.600, -3.947, -3.040, -3.503, -6.051, -2.872, -3.132, -4.333, -3.119, -2.979
-2.960, -2.515, -2.871, -2.505, -2.496, -6.152, -3.100, -3.006, -3.175, -3.362
-2.943, -3.075, -3.769, -3.910, -1.892, -4.548, -3.127, -3.337, -3.082, -3.497
-3.116, -3.287, -3.211, -2.649, -7.514, -3.885, -3.375, -3.064, -3.208, -3.047
-3.271, -4.605, -2.734, -3.564, -0.700, -3.158, -3.954, -2.885, -3.880, -3.594
-3.788, -3.356, -3.290, -2.663, -4.739, -2.425, -3.214, -4.114, -3.047, -3.547
-3.181, -3.498, -2.490, -4.141, -1.849, -5.222, -3.546, -3.344, -3.257, -3.665
-3.416, -2.238, -3.239, -4.041, -5.228, -2.571, -2.694, -3.270, -3.788, -4.372
-3.232, -2.860, -3.629, -2.879, -2.219, -5.428, -2.831, -3.347, -3.030, -3.272
-2.981, -4.222, -3.566, -2.908, -0.848, -3.616, -2.902, -2.939, -4.502, -3.454
-3.243, -2.777, -3.031, -4.859, -5.473, -2.312, -3.109, -2.720, -3.671, -3.039
-3.216, -3.134, -3.393, -3.254, -6.040, -2.437, -3.355, -2.926, -3.268, -3.528
-2.627, -3.238, -3.172, -2.726, -4.966, -1.583, -3.555, -2.864, -3.642, -3.511
-3.034, -2.881, -2.461, -2.566, -4.278, -2.031, -2.256, -3.683, -3.229, -3.724
-3.236, -2.693, -2.716, -3.757, -1.604, -5.658, -3.241, -3.227, -2.933, -3.229
-2.812, -3.310, -3.078, -3.668, -1.112, -4.165, -3.078, -3.330, -4.105, -3.085
-3.166, -3.752, -4.231, -3.649, -6.483, -2.851, -2.665, -3.059, -3.952, -2.737
-3.440, -4.022, -3.856, -4.541, -1.604, -4.779, -2.527, -3.281, -3.328, -3.567
-2.678, -3.262, -3.066, -4.727, -5.894, -2.227, -4.210, -3.696, -4.048, -3.729
-3.090, -2.820, -3.385, -2.250, -2.048, -5.154, -3.105, -2.045, -2.958, -3.464
-2.535, -2.570, -3.477, -3.753, -2.083, -4.819, -3.897, -4.341, -2.847, -3.822
-2.828, -3.301, -3.192, -3.204, -6.332, -2.515, -3.797, -2.369, -2.976, -3.016
-3.181, -3.250, -3.072, -2.856, -6.549, -2.262, -2.937, -3.443, -3.430, -3.331
-3.129, -3.009, -2.802, -3.766, -5.321, -1.234, -3.504, -2.500, -3.569, -3.339
-3.742, -3.348, -3.182, -2.690, -9.051, -3.958, -3.614, -3.352, -3.234, -3.152
-3.318, -3.274, -3.497, -4.495, -1.831, -5.052, -2.794, -3.392, -3.431, -3.231
-3.202, -3.036, -2.659, -3.289, -7.675, -2.743, -3.348, -2.782, -3.380, -3.036
-3.259, -2.688, -2.749, -3.058, -2.477, -6.514, -3.705, -3.761, -2.861, -3.728
-4.931, -2.707, -3.008, -4.374, -4.907, -1.970, -3.867, -2.547, -4.211, -3.082
-3.122, -3.052, -3.661, -3.538, -8.533, -3.312, -3.323, -2.637, -3.264, -3.067
-2.769, -4.263, -3.589, -2.883, -0.748, -3.470, -3.327, -2.931, -3.279, -2.676
-3.263, -3.336, -3.216, -2.026, -5.533, -2.765, -3.224, -2.934, -2.992, -3.585
-3.739, -3.073, -3.771, -4.069, -9.057, -3.065, -3.146, -2.513, -3.653, -3.301
-3.859, -3.943, -4.339, -3.088, -0.882, -3.816, -2.079, -2.965, -3.452, -2.806
-3.417, -3.352, -2.683, -2.896, -6.747, -3.269, -2.714, -3.275, -3.002, -3.226
-3.920, -3.573, -2.814, -3.932, -6.474, -3.355, -2.241, -2.781, -3.079, -3.321
-3.920, -3.053, -3.510, -2.213, -4.915, -1.821, -3.371, -2.906, -2.931, -3.221
-4.155, -3.121, -2.936, -4.030, -4.261, -1.509, -3.688, -2.982, -3.604, -3.148
-3.084, -4.104, -2.962, -4.747, -0.938, -4.414, -3.007, -3.265, -3.902, -3.095
-3.216, -2.833, -2.748, -2.842, -7.079, -2.518, -3.048, -3.466, -3.430, -3.794
-2.847, -2.665, -2.928, -2.405, -2.396, -6.436, -2.642, -2.892, -3.398, -3.333
-3.294, -2.958, -2.984, -3.723, -2.090, -7.751, -3.079, -2.730, -3.139, -3.426
-3.439, -4.041, -3.252, -2.698, -0.894, -3.401, -2.969, -2.110, -2.792, -3.020
-3.360, -3.255, -2.960, -2.827, -6.724, -3.564, -2.957, -3.092, -3.328, -3.465
-3.608, -2.870, -3.384, -3.776, -5.616, -2.698, -2.427, -4.403, -2.970, -3.258
-3.000, -3.285, -3.117, -3.283, -6.363, -3.017, -3.197, -3.429, -3.186, -3.391
-3.011, -3.489, -3.073, -3.798, -1.342, -4.099, -3.187, -3.936, -3.157, -3.081
-3.586, -2.779, -3.461, -3.320, -1.352, -3.694, -3.921, -2.739, -2.830, -3.668
-3.187, -3.939, -4.127, -4.325, -1.893, -4.734, -4.049, -3.245, -3.430, -3.247
-3.135, -3.579, -3.145, -2.806, -5.798, -2.534, -2.123, -2.996, -2.768, -2.898
-3.326, -3.915, -2.895, -3.610, -5.867, -3.070, -2.808, -3.317, -3.292, -3.405
-3.097, -3.240, -3.139, -3.693, -1.233, -4.718, -2.971, -4.089, -3.019, -3.210
-3.085, -3.272, -2.704, -3.132, -4.150, -1.379, -3.116, -3.269, -3.412, -3.382
-3.225, -3.810, -2.783, -3.322, -5.376, -2.617, -2.965, -3.738, -2.936, -3.459
-3.086, -3.834, -2.647, -4.807, -1.503, -5.827, -3.094, -3.331, -3.446, -3.033
-3.207, -2.969, -2.940, -3.450, -1.470, -3.912, -4.015, -2.629, -2.995, -3.661
-3.612, -3.924, -3.382, -3.289, -0.630, -3.563, -2.893, -3.662, -3.483, -3.201
-3.484, -3.954, -2.375, -3.410, -4.861, -2.888, -2.087, -3.612, -3.394, -2.907
-3.044, -2.818, -3.326, -2.828, -6.590, -1.936, -3.273, -2.096, -2.536, -3.131
-2.851, -4.616, -2.671, -3.845, -0.922, -4.724, -3.422, -3.191, -3.288, -3.639
-3.270, -3.937, -3.339, -3.775, -1.373, -4.940, -3.669, -3.588, -2.951, -3.122
-3.411, -3.886, -4.132, -4.419, -1.987, -5.299, -3.384, -3.441, -2.986, -2.667
-3.194, -3.049, -3.521, -3.271, -6.287, -2.361, -3.721, -3.874, -3.323, -3.214
-2.782, -3.364, -3.870, -3.159, -2.929, -5.461, -3.887, -2.677, -2.844, -2.985
-3.337, -3.440, -2.979, -2.413, -6.873, -2.850, -3.138, -3.376, -2.943, -3.213
-3.293, -3.895, -3.387, -2.314, -1.069, -3.459, -4.242, -2.301, -3.718, -3.607
-3.669, -3.399, -2.225, -2.018, -5.707, -2.825, -3.248, -3.846, -2.832, -2.922
-3.265, -3.228, -3.542, -3.976, -7.786, -3.339, -2.976, -3.174, -3.327, -3.068
-3.094, -3.113, -2.892, -3.384, -5.011, -2.142, -3.298, -3.745, -3.242, -3.004
-2.889, -3.629, -2.696, -2.972, -12.249, -3.711, -4.466, -3.308, -3.182, -3.291
-3.363, -3.079, -3.718, -2.962, -21.489, -4.362, -3.555, -3.199, -3.229, -3.145
-3.217, -3.504, -3.055, -2.815, -7.480, -2.943, -3.575, -2.969, -3.087, -3.360
-3.395, -3.201, -2.993, -2.867, -5.016, -1.571, -2.862, -3.065, -3.262, -3.403
-3.935, -2.654, -3.502, -3.887, -6.101, -2.712, -3.088, -2.899, -3.677, -2.807
-2.505, -4.036, -3.672, -2.036, -1.827, -4.690, -3.408, -3.121, -3.420, -3.076
-3.516, -2.757, -3.676, -3.423, -1.988, -5.151, -3.419, -3.762, -3.784, -3.313
-3.056, -2.844, -3.390, -2.473, -4.290, -1.778, -3.388, -3.739, -3.385, -3.489
-3.483, -3.245, -3.095, -3.452, -5.471, -2.639, -2.541, -3.211, -3.270, -2.660
-3.098, -3.025, -2.930, -4.475, -1.808, -5.457, -2.658, -3.235, -2.860, -3.717
-3.321, -3.305, -3.139, -2.552, -6.074, -3.270, -3.050, -3.606, -2.905, -3.243
-3.140, -3.041, -3.303, -3.081, -7.552, -2.302, -3.204, -2.967, -3.346, -3.219
-3.493, -3.799, -3.657, -2.761, -6.081, -3.101, -2.977, -3.142, -3.051, -3.683
-3.194, -2.985, -2.687, -3.255, -6.296, -2.136, -2.598, -3.421, -3.120, -2.891
-3.056, -3.107, -3.382, -3.533, -1.602, -4.594, -2.632, -2.937, -3.182, -3.261
-3.803, -3.805, -4.109, -2.708, -3.896, -1.591, -3.512, -4.705, -2.846, -3.086
-3.044, -3.232, -2.937, -1.897, -7.039, -3.629, -3.807, -3.828, -2.804, -3.316
-3.329, -3.150, -3.854, -1.839, -6.790, -3.497, -3.710, -3.402, -3.083, -3.158
-3.228, -3.512, -3.115, -3.817, -1.828, -5.391, -2.977, -2.651, -3.004, -3.280
-3.567, -3.316, -3.859, -2.817, -1.029, -4.241, -3.080, -3.686, -3.146, -2.996
-3.297, -3.328, -3.146, -2.980, -1.817, -5.850, -3.280, -2.601, -2.881, -3.500
-3.137, -3.138, -3.418, -3.551, -8.177, -2.841, -3.297, -3.205, -3.702, -2.887
-2.952, -3.513, -2.591, -3.503, -4.725, -1.391, -3.785, -2.742, -3.094, -3.385
-3.330, -3.076, -3.579, -2.660, -12.067, -3.408, -3.291, -3.108, -3.176, -3.078
-3.892, -3.099, -3.683, -2.969, -6.010, -2.507, -3.106, -3.567, -3.142, -3.175
-3.025, -3.477, -3.400, -3.367, -9.479, -3.203, -3.252, -3.324, -3.474, -3.542
-3.635, -3.177, -2.708, -3.608, -6.531, -2.952, -4.156, -2.688, -3.385, -4.602
-2.807, -2.603, -3.364, -3.097, -1.764, -5.289, -2.897, -2.821, -3.101, -3.172
-3.128, -3.859, -3.250, -5.087, -1.183, -4.533, -3.176, -3.500, -3.923, -3.092
-3.490, -2.872, -3.504, -3.320, -17.274, -4.174, -3.518, -3.168, -3.668, -3.311
-3.216, -3.296, -2.955, -2.617, -1.821, -5.785, -3.383, -2.694, -2.992, -3.315
-3.144, -3.350, -4.366, -2.721, -6.253, -2.806, -2.930, -2.979, -3.321, -3.341
-3.477, -3.703, -3.300, -3.297, -0.883, -4.108, -3.277, -2.992, -2.626, -3.010
-2.746, -3.276, -3.663, -3.356, -2.197, -6.721, -3.035, -2.946, -3.472, -3.272
-3.406, -3.039, -2.674, -3.774, -1.475, -5.563, -3.017, -3.157, -3.633, -3.560
-3.348, -3.208, -3.281, -2.883, -5.938, -2.779, -2.801, -3.444, -3.227, -3.254
-3.561, -2.872, -3.789, -3.133, -2.299, -5.208, -2.848, -2.379, -2.980, -3.385
-2.661, -3.029, -2.870, -2.022, -7.449, -3.489, -4.047, -3.465, -2.830, -3.060
-2.876, -2.905, -2.654, -3.819, -5.641, -1.935, -3.583, -1.946, -3.278, -2.605
-3.266, -2.950, -3.243, -3.210, -6.611, -1.892, -3.422, -3.185, -3.476, -3.527
-3.226, -2.784, -3.943, -3.664, -7.341, -2.180, -3.486, -2.113, -3.705, -3.076
-2.588, -3.361, -3.061, -3.455, -9.069, -2.728, -3.305, -2.595, -3.388, -2.756
-3.130, -3.292, -2.839, -2.624, -6.140, -3.187, -3.257, -2.835, -3.102, -3.269
-3.437, -3.315, -3.380, -3.176, -2.565, -8.585, -3.415, -3.219, -2.688, -3.490
-3.425, -3.834, -3.260, -4.249, -1.038, -4.228, -2.953, -2.626, -3.083, -3.176
-3.082, -3.223, -3.509, -3.395, -5.370, -2.297, -3.744, -3.225, -2.935, -3.167
-3.285, -3.852, -3.276, -2.402, -8.373, -3.056, -3.256, -2.659, -3.213, -2.945
-3.243, -3.586, -3.086, -3.041, -7.069, -3.623, -3.327, -3.415, -3.138, -3.577
-3.187, -3.239, -2.519, -2.524, -5.187, -2.560, -2.648, -3.272, -3.263, -3.203
-2.778, -3.044, -3.238, -4.450, -2.479, -6.963, -2.908, -3.469, -3.861, -3.638
-3.309, -3.040, -3.505, -2.954, -2.052, -6.658, -2.946, -3.089, -3.159, -3.139
-3.097, -3.654, -2.872, -3.948, -1.548, -4.410, -3.576, -2.916, -3.130, -3.427
-3.026, -3.472, -3.164, -2.887, -7.033, -3.957, -2.777, -3.287, -3.040, -3.838
-2.813, -3.157, -2.749, -2.710, -6.750, -2.759, -3.905, -3.230, -3.080, -3.205
-3.277, -3.368, -2.571, -2.465, -6.496, -3.215, -2.535, -3.334, -3.174, -3.252
-3.003, -3.451, -2.865, -4.122, -0.693, -3.006, -3.279, -3.508, -3.868, -3.482
-3.115, -3.210, -3.341, -3.334, -1.753, -4.929, -3.322, -2.648, -3.039, -3.238
-3.412, -3.440, -3.199, -3.140, -7.171, -3.170, -3.615, -2.631, -3.271, -3.821
-3.154, -2.542, -3.317, -3.054, -10.280, -2.991, -3.339, -3.196, -2.813, -3.196
-3.336, -3.987, -3.046, -3.695, -4.356, -1.962, -2.964, -3.627, -2.878, -3.176
-3.351, -3.328, -3.630, -4.577, -1.616, -5.079, -3.730, -4.090, -3.177, -3.364
-2.705, -3.042, -3.136, -3.308, -1.206, -4.051, -3.454, -3.794, -3.834, -3.553
-3.660, -3.344, -3.983, -2.560, -9.408, -3.404, -3.162, -2.711, -3.200, -3.194
-3.239, -2.153, -2.670, -6.195, -8.803, -2.165, -4.026, -2.778, -3.628, -4.211
-3.627, -3.190, -4.294, -3.541, -8.064, -3.052, -2.598, -3.288, -3.595, -3.961
-3.375, -3.312, -3.610, -2.487, -6.957, -3.147, -3.752, -3.235, -3.052, -3.161
-3.841, -2.640, -3.268, -3.134, -1.895, -4.996, -3.112, -2.979, -3.354, -3.030
-3.235, -3.269, -3.100, -2.960, -2.032, -5.640, -3.400, -3.572, -3.095, -3.438
-3.227, -3.330, -3.009, -3.472, -4.605, -1.587, -2.947, -3.619, -3.349, -3.030
-2.697, -3.635, -3.049, -4.481, -1.284, -4.150, -3.408, -3.340, -4.053, -2.911
-3.475, -2.971, -2.746, -4.589, -1.619, -6.138, -3.153, -3.515, -3.200, -3.499
-2.909, -3.199, -2.805, -3.404, -7.826, -2.369, -3.296, -2.494, -2.842, -3.005
-3.290, -3.442, -3.824, -2.945, -7.360, -2.643, -2.946, -3.237, -3.093, -2.685
-3.275, -3.738, -3.386, -3.273, -2.004, -4.900, -3.709, -2.849, -3.101, -3.305
-3.023, -3.380, -3.175, -3.639, -7.188, -2.801, -3.546, -3.520, -3.637, -3.495
-3.435, -3.167, -3.409, -2.862, -7.520, -3.365, -3.050, -3.188, -3.461, -3.171
-3.308, -3.782, -2.611, -3.158, -5.797, -3.095, -2.743, -3.820, -3.072, -3.491
-3.121, -3.746, -3.789, -5.118, -1.564, -4.623, -3.569, -3.583, -3.701, -3.314
-3.349, -3.472, -3.169, -3.134, -9.517, -3.588, -3.538, -3.012, -3.180, -3.549
-3.229, -3.546, -2.850, -3.873, -7.287, -3.759, -2.697, -2.561, -3.307, -2.907
-3.502, -3.567, -3.292, -3.260, -5.307, -1.575, -2.905, -3.165, -3.288, -3.324
-3.706, -3.624, -3.640, -3.765, -1.996, -6.606, -3.256, -3.739, -2.645, -3.419
-2.987, -3.452, -2.847, -3.707, -7.306, -2.860, -3.646, -2.742, -3.032, -3.549
-3.536, -3.308, -3.144, -4.605, -0.627, -3.490, -2.752, -3.484, -3.375, -3.325
-3.188, -3.185, -3.334, -2.659, -6.655, -2.884, -3.626, -3.019, -3.309, -2.892
-3.658, -3.159, -3.386, -3.709, -1.815, -5.558, -3.568, -3.369, -2.958, -3.672
-3.342, -4.040, -3.596, -2.317, -4.428, -1.628, -3.441, -2.914, -3.542, -3.267
-3.309, -3.187, -3.150, -2.897, -7.757, -3.106, -3.001, -3.048, -3.381, -3.528
-3.145, -3.122, -3.138, -2.238, -6.538, -1.872, -2.753, -2.386, -3.334, -3.030
-1.720, -2.494, -2.802, -3.984, -5.379, -1.531, -4.265, -2.058, -3.608, -3.438
-4.059, -2.738, -3.523, -3.358, -9.664, -3.659, -3.137, -2.904, -3.445, -2.677
-3.048, -3.511, -3.088, -2.565, -7.616, -3.289, -3.521, -3.247, -3.222, -3.264
-3.055, -4.458, -3.083, -2.925, -1.557, -4.718, -3.471, -3.192, -3.289, -3.436
-3.686, -3.433, -3.003, -2.846, -6.934, -3.169, -3.513, -3.345, -3.179, -3.327
-3.052, -2.871, -2.977, -3.290, -7.375, -3.423, -3.274, -2.819, -3.302, -3.411
-3.243, -3.438, -3.389, -3.038, -8.025, -4.151, -3.655, -3.100, -3.236, -3.462
-3.242, -4.473, -3.745, -3.115, -1.456, -6.242, -3.142, -3.066, -3.261, -2.948
-3.963, -3.261, -3.849, -3.801, -1.406, -4.872, -3.002, -2.752, -3.231, -3.316
-3.206, -3.373, -3.638, -2.571, -7.344, -2.437, -3.638, -2.973, -3.263, -3.335
-3.173, -3.496, -3.029, -4.843, -0.997, -4.124, -3.259, -3.175, -3.152, -3.340
-2.786, -3.058, -2.945, -3.859, -1.570, -4.275, -3.413, -3.987, -3.119, -3.275
-2.970, -3.900, -3.365, -4.361, -2.024, -4.847, -3.717, -3.557, -3.450, -3.288
-3.221, -3.203, -3.009, -2.459, -6.223, -3.130, -3.096, -3.376, -2.621, -3.595
-3.713, -3.509, -2.410, -2.419, -5.392, -3.046, -3.762, -4.311, -3.056, -2.869
-3.897, -3.143, -3.224, -3.341, -1.174, -4.221, -2.659, -3.716, -3.280, -2.999
-2.950, -2.681, -2.760, -3.410, -8.220, -2.758, -3.218, -3.236, -3.206, -3.643
-3.058, -3.002, -3.213, -3.498, -5.504, -2.044, -3.094, -3.480, -3.033, -3.240
-3.579, -3.868, -3.782, -2.752, -4.904, -1.849, -3.447, -3.730, -3.698, -2.980
-3.182, -2.855, -3.507, -3.121, -6.241, -2.296, -3.333, -3.085, -3.339, -3.256
-3.343, -3.418, -4.015, -2.321, -7.333, -3.971, -3.066, -3.848, -2.982, -3.151
-2.967, -3.318, -3.684, -2.748, -1.744, -4.793, -2.802, -2.588, -2.689, -2.975
-3.183, -3.650, -3.057, -4.603, -2.493, -5.745, -3.130, -2.897, -3.690, -3.515
-2.919, -3.458, -3.483, -2.265, -5.948, -1.953, -2.751, -2.874, -3.184, -3.213
-3.245, -2.980, -2.943, -2.498, -6.552, -1.964, -3.232, -3.333, -3.176, -3.707
-3.018, -3.921, -3.922, -4.588, -2.021, -5.518, -3.638, -3.876, -3.149, -4.033
-3.288, -3.038, -2.939, -4.806, -1.376, -4.362, -3.213, -2.947, -3.229, -3.366
-3.091, -3.970, -3.700, -3.055, -1.562, -5.235, -2.841, -2.613, -4.003, -2.885
-2.256, -4.086, -3.645, -3.155, -1.381, -4.044, -3.225, -3.192, -3.501, -2.199
-3.215, -3.623, -2.974, -4.092, -1.252, -3.704, -3.272, -2.928, -3.400, -3.207
-3.406, -3.464, -3.233, -3.560, -0.937, -4.019, -2.943, -3.266, -3.207, -3.091
-3.307, -3.268, -3.126, -3.868, -2.861, -6.934, -3.146, -3.120, -3.967, -2.868
-4.013, -2.856, -4.363, -4.202, -7.059, -2.026, -1.799, -3.386, -3.020, -2.503
-3.472, -3.509, -3.695, -3.311, -3.480, -1.054, -3.419, -3.569, -3.185, -3.087
-3.301, -3.849, -3.784, -2.488, -0.439, -2.456, -3.328, -2.310, -2.725, -3.031
-3.262, -4.260, -3.295, -4.134, -1.491, -5.754, -3.007, -2.800, -3.540, -3.261
-3.269, -3.292, -2.937, -3.485, -5.640, -1.960, -3.099, -3.643, -3.233, -3.064
-3.057, -3.752, -3.121, -3.403, -2.171, -4.982, -3.376, -2.868, -3.078, -2.971
-3.284, -3.392, -3.046, -2.821, -5.574, -2.152, -2.965, -3.402, -3.365, -3.301
-3.307, -2.682, -3.466, -2.752, -1.861, -5.319, -3.054, -2.485, -2.915, -3.227
-3.853, -2.832, -4.187, -4.268, -5.444, -1.541, -2.937, -4.356, -4.047, -3.948
-3.552, -2.964, -3.866, -3.559, -5.328, -2.143, -2.799, -2.518, -3.909, -3.300
-3.459, -4.049, -3.007, -3.341, -2.301, -6.402, -3.441, -2.914, -3.132, -3.461
-3.486, -3.483, -3.585, -3.135, -1.492, -4.274, -2.837, -2.854, -3.141, -3.098
-2.978, -3.669, -3.429, -2.819, -6.247, -2.167, -2.668, -3.183, -4.090, -2.713
-3.069, -3.857, -3.133, -2.961, -4.686, -1.879, -3.019, -3.458, -3.585, -3.144
-3.342, -3.024, -3.248, -3.495, -7.734, -3.615, -2.513, -3.499, -2.713, -2.800
-3.239, -2.701, -3.332, -3.339, -7.414, -3.015, -2.943, -3.179, -3.262, -3.302
-3.221, -3.409, -3.177, -2.676, -6.915, -4.086, -2.657, -3.252, -2.890, -3.198
-3.197, -3.829, -3.153, -2.742, -0.493, -3.081, -3.152, -4.183, -3.486, -3.256
-3.341, -3.485, -3.025, -3.503, -1.265, -3.877, -3.227, -2.988, -2.704, -3.157
-3.550, -3.584, -2.684, -2.765, -4.990, -2.016, -2.937, -3.797, -3.018, -3.104
-3.206, -2.471, -2.926, -3.330, -5.712, -2.608, -2.884, -3.336, -2.921, -3.010
-3.623, -3.080, -3.170, -4.437, -5.075, -1.585, -2.346, -3.195, -3.441, -3.784
-3.731, -3.174, -2.901, -3.269, -4.815, -2.126, -3.327, -3.245, -3.324, -3.752
-2.815, -2.939, -3.436, -3.191, -4.974, -1.915, -2.921, -2.681, -3.296, -3.314
-4.200, -3.619, -3.657, -3.443, -4.426, -2.183, -2.389, -3.377, -3.374, -4.312
-3.467, -2.391, -2.488, -5.647, -5.874, -2.104, -3.987, -2.616, -3.416, -3.484
-3.453, -3.305, -3.454, -2.832, -7.316, -3.756, -3.592, -3.423, -3.085, -3.199
-3.472, -3.051, -4.068, -3.291, -2.864, -5.838, -4.246, -2.931, -3.183, -3.184
-3.927, -3.210, -2.840, -2.836, -4.493, -1.931, -2.792, -2.770, -3.539, -2.429
-3.083, -3.890, -3.185, -2.491, -4.621, -2.037, -3.364, -3.688, -2.858, -3.383
-3.255, -3.212, -3.169, -3.693, -2.233, -8.799, -3.190, -2.721, -3.440, -3.298
-3.126, -3.828, -3.855, -3.722, -1.210, -4.325, -3.015, -2.953, -3.568, -3.501
-3.149, -2.890, -2.652, -2.608, -2.130, -5.012, -3.480, -2.835, -3.501, -3.010
-3.846, -3.101, -3.476, -2.802, -5.230, -2.806, -2.395, -3.397, -3.969, -3.450
-2.994, -2.623, -3.433, -5.976, -5.456, -1.974, -3.561, -3.191, -3.899, -3.604
-3.478, -3.253, -3.694, -3.880, -1.870, -4.847, -3.011, -3.024, -3.335, -3.038
-3.497, -3.374, -3.260, -2.870, -1.989, -4.985, -3.241, -2.410, -2.977, -3.460
-3.233, -2.865, -3.113, -3.218, -1.607, -4.163, -3.586, -3.190, -2.924, -2.943
-3.303, -3.533, -2.951, -3.020, -10.038, -4.185, -3.910, -3.443, -3.133, -3.835
-3.246, -3.229, -3.021, -2.878, -9.159, -3.442, -3.777, -3.572, -3.066, -3.816
-3.295, -3.116, -3.280, -2.664, -6.018, -2.141, -3.334, -3.171, -3.122, -3.275
-2.622, -3.884, -2.949, -3.021, -7.309, -2.516, -4.365, -2.967, -3.967, -3.465
-2.796, -4.188, -3.114, -1.939, -1.015, -3.793, -3.588, -3.495, -3.727, -4.235
-3.153, -3.586, -3.211, -2.990, -5.464, -2.382, -3.624, -3.069, -3.373, -3.481
-2.839, -2.660, -3.282, -3.087, -9.303, -2.660, -3.806, -2.709, -3.373, -3.562
-3.301, -4.037, -4.053, -4.274, -2.063, -5.247, -3.597, -2.809, -2.969, -3.372
-3.461, -3.056, -3.059, -3.097, -4.814, -2.439, -2.774, -3.733, -3.069, -3.138
-3.264, -2.938, -3.741, -2.740, -4.780, -1.825, -3.126, -2.831, -2.882, -2.941
-2.853, -2.935, -3.464, -3.614, -8.854, -3.305, -3.595, -3.157, -3.371, -3.002
-3.311, -2.923, -3.187, -3.321, -5.343, -2.642, -2.665, -3.141, -3.478, -3.490
-3.259, -3.148, -3.538, -3.847, -7.149, -3.096, -2.773, -3.111, -2.984, -3.520
-3.414, -3.218, -2.548, -3.151, -4.491, -1.948, -2.629, -3.362, -3.214, -3.035
-3.343, -3.758, -2.802, -2.847, -6.938, -2.924, -3.120, -3.292, -3.047, -3.280
-3.544, -2.968, -2.944, -3.890, -1.352, -5.095, -2.918, -3.499, -3.423, -3.409
-3.172, -2.949, -3.419, -2.859, -5.756, -2.771, -3.634, -3.463, -2.962, -3.254
-3.295, -3.485, -3.396, -3.107, -6.740, -3.159, -3.009, -3.198, -3.821, -3.252
-3.178, -2.463, -3.716, -4.565, -2.064, -4.556, -3.206, -3.123, -3.311, -3.218
-4.405, -2.900, -2.962, -5.596, -3.612, -0.930, -3.183, -2.763, -4.133, -3.214
-3.078, -2.858, -3.691, -2.883, -5.157, -2.124, -3.198, -3.310, -3.511, -3.441
-3.378, -3.265, -3.930, -2.385, -8.636, -2.918, -3.671, -3.249, -3.039, -3.382
-3.309, -3.167, -3.791, -2.703, -6.442, -2.445, -3.031, -3.001, -2.908, -3.092
-2.835, -3.185, -3.455, -3.347, -9.245, -3.429, -3.606, -2.938, -3.180, -2.626
-3.423, -3.247, -3.218, -2.864, -2.678, -8.127, -3.413, -2.682, -2.844, -3.365
-2.924, -3.773, -2.926, -3.988, -1.403, -4.664, -3.236, -4.144, -3.522, -3.347
-3.262, -3.499, -3.833, -3.662, -7.524, -3.851, -2.812, -3.116, -3.240, -2.579
-3.332, -3.450, -3.272, -2.944, -4.627, -1.671, -3.652, -3.376, -3.155, -3.251
-3.339, -3.189, -3.479, -2.261, -6.770, -3.844, -3.390, -4.354, -3.114, -3.302
-3.064, -3.792, -3.283, -3.389, -3.905, -0.995, -3.118, -4.310, -3.092, -3.338
-3.014, -3.213, -2.987, -2.927, -5.807, -2.300, -3.053, -3.379, -3.384, -3.058
-2.668, -3.503, -2.285, -3.671, -5.007, -1.489, -4.603, -3.243, -2.978, -3.854
-3.488, -3.538, -2.785, -4.182, -0.990, -3.784, -3.280, -3.743, -3.181, -3.388
-2.425, -2.773, -3.687, -2.415, -2.481, -5.489, -2.468, -2.932, -3.271, -2.874
-3.233, -2.814, -2.616, -5.060, -5.680, -2.428, -3.720, -2.289, -3.175, -3.199
-3.231, -3.340, -3.507, -2.452, -6.952, -3.408, -3.131, -3.000, -2.990, -3.116
-3.219, -2.941, -3.622, -3.558, -7.605, -2.290, -3.291, -2.360, -3.472, -3.580
-3.248, -3.991, -3.182, -4.516, -0.886, -3.967, -3.557, -3.106, -3.236, -3.240
-3.258, -4.288, -3.144, -2.429, -0.773, -3.452, -3.346, -2.593, -3.673, -3.612
-2.878, -3.350, -2.829, -2.911, -0.999, -4.273, -3.477, -3.782, -3.189, -3.919
-3.213, -3.407, -3.792, -2.168, -1.535, -4.059, -2.854, -2.081, -3.243, -3.036
-3.189, -3.440, -3.102, -3.685, -1.600, -4.681, -3.050, -3.230, -3.330, -3.141
-3.183, -3.902, -3.659, -2.817, -5.699, -2.648, -3.432, -3.399, -2.827, -3.106
-3.212, -4.086, -3.430, -4.328, -0.913, -4.235, -2.900, -3.285, -3.988, -3.683
-3.074, -2.907, -3.448, -2.866, -5.544, -2.195, -3.308, -2.917, -3.091, -3.316
-3.107, -3.054, -3.219, -3.210, -2.499, -5.733, -3.269, -2.378, -3.427, -3.086
-2.556, -3.437, -2.911, -3.113, -7.674, -2.803, -3.565, -3.255, -3.278, -3.984
-3.007, -2.812, -2.916, -3.958, -6.010, -2.597, -3.495, -2.207, -3.477, -3.182
-2.758, -3.048, -3.380, -2.556, -5.182, -2.545, -2.327, -2.930, -3.234, -3.446
-3.435, -3.240, -3.072, -2.695, -1.653, -5.027, -4.469, -3.655, -3.285, -3.586
-3.813, -3.308, -3.493, -2.919, -7.298, -3.511, -3.690, -3.488, -3.162, -3.576
-3.349, -2.690, -3.028, -3.223, -6.912, -2.820, -3.389, -3.454, -3.227, -3.175
-3.449, -2.998, -2.827, -4.228, -1.322, -5.321, -3.108, -3.334, -2.901, -3.425
-3.298, -3.223, -3.373, -3.005, -8.470, -3.069, -3.604, -3.203, -3.144, -3.247
-3.200, -3.751, -2.598, -3.203, -2.043, -6.895, -3.876, -3.630, -2.921, -3.624
-3.777, -3.196, -2.854, -4.230, -7.429, -3.391, -3.558, -3.577, -3.908, -3.116
-3.023, -3.120, -3.133, -3.320, -8.775, -2.896, -3.819, -2.720, -3.161, -3.532
-2.943, -3.156, -3.407, -3.260, -10.002, -3.308, -3.745, -2.668, -3.331, -4.068
