0.675193,0.699632,0.722787,0.710916,0.646091,0.695261,0.733394,0.662722,0.708367,0.695629
0.669784,0.689632,0.631332,0.650397,0.648884,0.773339,0.768509,0.728847,0.678780,0.679768
0.719777,0.718031,0.661119,0.610595,0.667593,0.716446,0.650088,0.642225,0.663528,0.716780
0.628293,0.728046,0.674053,0.805244,0.713630,0.678003,0.694113,0.715356,0.719332,0.699373
0.730342,0.642505,0.708337,0.596697,0.659379,0.676039,0.698668,0.658889,0.628546,0.676180
0.716805,0.687646,0.704659,0.787446,0.547058,0.600634,0.682400,0.740068,0.714013,0.693034
0.696924,0.690228,0.574161,0.614026,0.664815,0.612067,0.586962,0.732776,0.692089,0.693239
0.701547,0.651870,0.707458,0.701885,0.835129,0.475337,0.701643,0.770454,0.701288,0.702634
0.664940,0.636483,0.705758,0.731918,0.634898,0.622190,0.681868,0.712900,0.689991,0.694298
0.707841,0.658535,0.676579,0.750124,0.606487,0.627898,0.676434,0.652821,0.742209,0.694587
0.695283,0.678326,0.782766,0.731604,0.559301,0.657781,0.802119,0.676206,0.716251,0.715229
0.709280,0.683669,0.706054,0.682686,0.557393,0.766170,0.713874,0.714978,0.679994,0.710331
0.696930,0.688485,0.725095,0.640379,0.732912,0.746897,0.688588,0.707035,0.697964,0.702954
0.715537,0.709696,0.711001,0.700991,0.754245,0.786797,0.735921,0.677962,0.714073,0.679144
0.695745,0.701581,0.683454,0.674406,0.671881,0.651660,0.718123,0.673730,0.694269,0.720680
0.705229,0.682785,0.672446,0.633131,0.634127,0.722162,0.715993,0.707763,0.697840,0.720926
0.708009,0.702734,0.703608,0.689119,0.721608,0.644976,0.675481,0.658744,0.671254,0.624971
0.698940,0.704673,0.632010,0.638783,0.754041,0.696894,0.592014,0.728276,0.711115,0.705707
0.698744,0.697775,0.764371,0.703858,0.667953,0.791042,0.622874,0.704404,0.640020,0.655970
0.735380,0.677535,0.480122,0.794759,0.604257,0.680393,0.820736,0.608180,0.699674,0.643966
0.688149,0.697137,0.710019,0.690261,0.723089,0.709902,0.669789,0.684521,0.709621,0.703264
0.699448,0.682397,0.707901,0.658087,0.779008,0.636807,0.687808,0.683128,0.703550,0.682719
0.693999,0.684078,0.701330,0.633513,0.763931,0.590239,0.693458,0.702864,0.692274,0.697967
0.716073,0.655282,0.733209,0.785904,0.882508,0.695148,0.661994,0.719576,0.686496,0.675383
0.677603,0.703594,0.686220,0.655153,0.695843,0.705383,0.705325,0.710718,0.693933,0.675697
0.697467,0.754864,0.655152,0.599722,0.701579,0.748206,0.683587,0.740637,0.662439,0.707596
0.698384,0.642192,0.778823,0.674680,0.836290,0.540498,0.731974,0.719944,0.699035,0.705494
0.680306,0.689758,0.680198,0.687958,0.519675,0.670929,0.718132,0.668259,0.713005,0.691858
0.705819,0.720844,0.642720,0.678600,0.612275,0.682034,0.712871,0.699375,0.690087,0.746651
0.715849,0.756750,0.750371,0.684128,0.696837,0.717894,0.713146,0.714163,0.679143,0.736038
0.673581,0.716299,0.722969,0.658535,0.846454,0.670214,0.713267,0.644906,0.713540,0.697531
0.701157,0.667494,0.673083,0.685607,0.565033,0.784307,0.675223,0.738623,0.727296,0.706214
0.696239,0.731678,0.712067,0.621050,0.687579,0.741584,0.711709,0.681132,0.647037,0.702253
0.674459,0.713212,0.761060,0.739884,0.711152,0.617920,0.709532,0.699023,0.658055,0.723124
0.723776,0.679385,0.715002,0.690313,0.813751,0.711881,0.674781,0.709306,0.692000,0.665799
0.696432,0.676986,0.726488,0.635353,0.725046,0.684175,0.634911,0.714032,0.662215,0.666016
0.672338,0.664310,0.754342,0.723400,0.785259,0.554633,0.636804,0.676234,0.715760,0.676176
0.658741,0.616043,0.732975,0.701881,0.650327,0.689331,0.646721,0.697083,0.680038,0.714249
0.706679,0.642938,0.661239,0.622793,0.571206,0.563466,0.685951,0.704571,0.696328,0.710344
0.688036,0.754114,0.591227,0.823835,0.739962,0.663923,0.751389,0.689545,0.692665,0.650154
0.693358,0.715658,0.712984,0.707187,0.551871,0.827790,0.699560,0.662951,0.682613,0.678860
0.717224,0.705548,0.671727,0.676752,0.797124,0.590106,0.736481,0.651434,0.642443,0.660299
0.737595,0.746074,0.658743,0.783660,0.876158,0.820722,0.757904,0.706264,0.723602,0.700876
0.713934,0.690591,0.731107,0.687211,0.631715,0.863750,0.643852,0.714211,0.686612,0.683907
0.699108,0.673266,0.703652,0.703645,0.843089,0.525536,0.707261,0.640000,0.758375,0.743540
0.673507,0.699071,0.661263,0.657593,0.663954,0.669197,0.741599,0.677693,0.672745,0.695011
0.675136,0.711584,0.702782,0.728097,0.562378,0.663121,0.685531,0.700573,0.718610,0.682414
0.738415,0.691552,0.728722,0.752444,0.681048,0.646467,0.657331,0.593543,0.769832,0.714845
0.710551,0.724315,0.688801,0.685943,0.727301,0.787990,0.658944,0.672220,0.690225,0.701198
0.700569,0.677688,0.743778,0.694007,0.685416,0.771814,0.634681,0.711599,0.688932,0.637570
0.681568,0.616574,0.643467,0.649732,0.555569,0.709219,0.699997,0.661016,0.637003,0.760282
0.725229,0.643096,0.762773,0.664635,0.440163,0.672012,0.667709,0.747453,0.685712,0.672614
0.697907,0.672695,0.682680,0.727444,0.709661,0.622425,0.678415,0.728675,0.679004,0.714161
0.600625,0.703859,0.696117,0.756186,0.773339,0.727370,0.609298,0.656439,0.621277,0.666014
0.686973,0.650093,0.702864,0.729357,0.614395,0.665323,0.656311,0.739880,0.672097,0.787960
0.677499,0.689289,0.641293,0.726511,0.591763,0.718912,0.692222,0.693453,0.705735,0.712094
0.649491,0.669171,0.721341,0.772553,0.746204,0.573924,0.688175,0.614065,0.726939,0.689128
0.692171,0.731848,0.696116,0.667934,0.714671,0.628166,0.720231,0.716950,0.691906,0.687024
0.642874,0.731096,0.779951,0.731048,0.675309,0.593104,0.667463,0.703460,0.684452,0.774541
0.726292,0.690845,0.664849,0.666334,0.653541,0.731542,0.692878,0.665843,0.650746,0.711662
0.670955,0.618936,0.737927,0.709234,0.669448,0.614077,0.740478,0.658963,0.666739,0.716261
0.650607,0.701191,0.699551,0.800544,0.726999,0.718702,0.733620,0.702780,0.674151,0.676884
0.712814,0.735148,0.699100,0.690474,0.503686,0.756789,0.652782,0.687452,0.741991,0.726067
0.640317,0.658742,0.611349,0.737760,0.825473,0.713129,0.665005,0.654879,0.751307,0.697491
0.765546,0.733521,0.759269,0.787080,0.792055,0.710484,0.680013,0.684075,0.717576,0.747874
0.692244,0.687274,0.602990,0.608515,0.673184,0.672368,0.607361,0.641532,0.684278,0.674170
0.714530,0.769131,0.726250,0.695925,0.840049,0.791235,0.661105,0.696451,0.706493,0.647398
0.692697,0.741166,0.711702,0.772579,0.707512,0.528217,0.716493,0.709761,0.676809,0.749932
0.706850,0.789123,0.710642,0.641779,0.659693,0.625810,0.689092,0.666634,0.655394,0.701405
0.724158,0.721417,0.711207,0.678997,0.627949,0.606212,0.649184,0.702076,0.653133,0.685206
0.699896,0.656905,0.689810,0.715496,0.695116,0.652969,0.666768,0.718233,0.687316,0.693311
0.708790,0.705836,0.680992,0.724506,0.863828,0.658388,0.710746,0.707140,0.683537,0.732586
0.703873,0.677118,0.672492,0.692096,0.416601,0.614465,0.671946,0.729476,0.701382,0.693263
0.769034,0.663698,0.706150,0.786864,0.846622,0.659611,0.718664,0.716556,0.689009,0.729891
0.702745,0.695080,0.709694,0.749814,0.723686,0.583901,0.647714,0.704038,0.694336,0.692347
0.688659,0.722154,0.691943,0.603473,0.851339,0.567550,0.711019,0.674486,0.712574,0.701473
0.685964,0.709765,0.665610,0.701754,0.731566,0.598019,0.679413,0.747596,0.746579,0.708627
0.691555,0.664749,0.703713,0.645376,0.927677,0.717765,0.717845,0.711750,0.684722,0.700635
0.690388,0.610839,0.707824,0.631344,0.581306,0.759009,0.658900,0.638467,0.718701,0.672778
0.794616,0.646172,0.696071,0.796370,0.819179,0.671821,0.735359,0.634116,0.730004,0.662784
0.695909,0.722217,0.717475,0.707222,0.826424,0.726225,0.745381,0.598316,0.691016,0.702989
0.714042,0.723063,0.656562,0.695338,0.706549,0.598132,0.736090,0.717534,0.697916,0.724819
0.739750,0.686363,0.742970,0.654828,0.910870,0.658894,0.686465,0.732943,0.698067,0.712037
0.722439,0.684778,0.676494,0.552531,0.504862,0.676746,0.696778,0.663606,0.659874,0.706726
0.719811,0.644289,0.648599,0.775460,0.587286,0.792123,0.668070,0.659217,0.728451,0.662995
0.643247,0.779783,0.690392,0.663650,0.632849,0.683106,0.704760,0.691539,0.677226,0.726378
0.716272,0.685432,0.633374,0.619565,0.894463,0.794948,0.695913,0.689125,0.721808,0.668615
0.680546,0.704672,0.622163,0.642304,0.905728,0.791103,0.653244,0.708942,0.716852,0.724619
0.692252,0.698085,0.707362,0.690332,0.653430,0.682558,0.701505,0.713811,0.697014,0.694811
0.683100,0.666572,0.669287,0.838577,0.714556,0.662476,0.630615,0.585732,0.608682,0.717355
0.728190,0.665479,0.744695,0.761412,0.828940,0.752799,0.706899,0.656105,0.706972,0.665101
0.742431,0.730836,0.661017,0.601490,0.823492,0.657676,0.754047,0.708762,0.682156,0.687937
0.715964,0.746951,0.673378,0.727818,0.692678,0.686328,0.766005,0.684629,0.697578,0.637912
0.766438,0.663301,0.589438,0.758800,0.768112,0.673584,0.768489,0.780739,0.713018,0.644562
0.691186,0.693395,0.697018,0.579891,0.721121,0.688308,0.758073,0.772122,0.746599,0.690219
0.706852,0.643982,0.645722,0.619631,0.820604,0.601897,0.631392,0.709460,0.683676,0.697188
0.707220,0.691813,0.705370,0.680719,0.620588,0.757078,0.720751,0.743311,0.721821,0.657830
0.697705,0.671019,0.734001,0.749716,0.559463,0.653956,0.693887,0.687803,0.729329,0.713201
0.659770,0.662137,0.690094,0.705559,0.751482,0.516115,0.700579,0.705110,0.693182,0.672472
0.695079,0.753350,0.672871,0.735235,0.727922,0.616920,0.716456,0.763289,0.689706,0.704513
0.682774,0.701689,0.728997,0.724554,0.694737,0.706724,0.686397,0.717349,0.704392,0.678789
0.692533,0.686725,0.616557,0.684376,0.685578,0.684754,0.628219,0.678688,0.711497,0.724460
0.656908,0.703129,0.715043,0.684123,0.766186,0.551513,0.689680,0.723560,0.747431,0.684868
0.676924,0.682028,0.733690,0.638542,0.577199,0.654064,0.650213,0.704244,0.654900,0.685593
0.660388,0.713954,0.735419,0.691135,0.679295,0.720300,0.740123,0.735302,0.674858,0.711024
0.698557,0.628872,0.703427,0.776241,0.854508,0.658107,0.701854,0.723463,0.637463,0.681844
0.691692,0.695053,0.631086,0.637410,0.804808,0.751058,0.638840,0.702648,0.692612,0.705252
0.648828,0.710218,0.675306,0.692550,0.895410,0.768457,0.731989,0.694703,0.724712,0.743323
0.690229,0.733230,0.674394,0.736638,0.729244,0.710483,0.675165,0.714960,0.712751,0.696535
0.681230,0.746573,0.680391,0.706437,0.452723,0.718634,0.704214,0.731427,0.724177,0.676348
0.716307,0.642643,0.690835,0.685115,0.631253,0.653940,0.714521,0.709434,0.642922,0.672248
0.715508,0.753853,0.725197,0.689990,0.594269,0.777699,0.692397,0.697490,0.745260,0.704370
0.679971,0.724422,0.688916,0.735944,0.636615,0.827653,0.696064,0.714461,0.715033,0.715141
0.721176,0.696454,0.706715,0.750346,0.774440,0.653266,0.739629,0.737131,0.706783,0.692617
0.640581,0.734436,0.738548,0.651514,0.719046,0.515868,0.672716,0.711229,0.647205,0.735282
0.738060,0.655181,0.636524,0.767833,0.667311,0.744516,0.687784,0.736996,0.722651,0.658140
0.709377,0.710409,0.709047,0.587762,0.745417,0.773321,0.709313,0.725831,0.745267,0.689826
0.750316,0.752074,0.676884,0.721570,0.709411,0.615875,0.741684,0.740557,0.675829,0.751258
0.712072,0.709739,0.732854,0.702674,0.898748,0.786069,0.714327,0.689163,0.671991,0.697048
0.665163,0.648090,0.750660,0.728049,0.626592,0.740467,0.735118,0.655124,0.748747,0.670627
0.719836,0.731942,0.741289,0.709398,0.696294,0.722307,0.705310,0.689634,0.694254,0.710949
0.694462,0.623827,0.693255,0.673173,0.579682,0.732906,0.666024,0.685740,0.665742,0.621416
0.682553,0.695661,0.711805,0.680562,0.517631,0.753624,0.706346,0.620202,0.696868,0.748210
0.679263,0.734441,0.657201,0.709130,0.670537,0.572402,0.727769,0.666521,0.675103,0.754749
0.694744,0.707242,0.652230,0.740573,0.827924,0.752160,0.684888,0.719404,0.749996,0.710794
0.704148,0.666224,0.693062,0.727953,0.551246,0.727345,0.716375,0.719970,0.673290,0.681523
0.680152,0.704770,0.718816,0.675442,0.673270,0.679784,0.718642,0.724230,0.703936,0.740345
0.742635,0.729358,0.706988,0.535883,0.596754,0.716710,0.687918,0.664806,0.666521,0.694343
0.664997,0.735214,0.660120,0.561283,0.783931,0.677520,0.665433,0.694045,0.692081,0.685893
0.679040,0.749376,0.712314,0.675566,0.891220,0.783265,0.665311,0.704126,0.730386,0.685155
0.743768,0.730329,0.720739,0.664697,0.833666,0.607938,0.678488,0.653356,0.672157,0.684855
0.684973,0.633352,0.722861,0.550715,0.656453,0.660747,0.690667,0.700216,0.741322,0.678252
0.709563,0.664790,0.680224,0.683963,0.553414,0.753286,0.678179,0.719486,0.672530,0.677446
0.727542,0.724107,0.725555,0.693296,0.679275,0.634882,0.692056,0.701464,0.615501,0.773277
0.657674,0.701051,0.713264,0.695766,0.582268,0.734255,0.692402,0.702054,0.704107,0.682701
0.672513,0.745588,0.670986,0.714502,0.601758,0.748736,0.676940,0.729856,0.676234,0.735157
0.678259,0.725206,0.704813,0.718708,0.744263,0.491752,0.688383,0.736190,0.687596,0.748308
0.681010,0.702258,0.676057,0.685990,0.851323,0.765937,0.668957,0.683761,0.726255,0.715999
0.711188,0.691961,0.661817,0.616716,0.708964,0.617969,0.688615,0.636908,0.695443,0.670213
0.678261,0.654739,0.627557,0.779120,0.620137,0.738428,0.705481,0.697374,0.683637,0.622994
0.689432,0.704998,0.598973,0.664519,0.689644,0.713666,0.605515,0.692270,0.705898,0.696741
0.683973,0.757372,0.739524,0.735838,0.700383,0.666068,0.686200,0.662571,0.680094,0.699920
0.690378,0.697604,0.680015,0.785089,0.539625,0.719272,0.678360,0.713108,0.665323,0.685156
0.687644,0.686357,0.722172,0.721735,0.561665,0.651024,0.720576,0.681647,0.703481,0.691176
0.683407,0.679559,0.707461,0.540008,0.551800,0.736749,0.635731,0.678000,0.706727,0.705750
0.712582,0.683202,0.735717,0.730694,0.694081,0.791007,0.728258,0.708650,0.666455,0.654014
0.729778,0.697769,0.709348,0.668557,0.752441,0.700867,0.680977,0.686170,0.640134,0.726830
0.710848,0.738920,0.692438,0.683041,0.561586,0.707177,0.684750,0.688886,0.684225,0.698021
0.662931,0.694818,0.711525,0.760797,0.771476,0.529253,0.649067,0.646664,0.696024,0.673008
0.740513,0.728428,0.672955,0.733980,0.768119,0.682840,0.708373,0.758754,0.682900,0.702471
0.663931,0.724715,0.708768,0.735194,0.618562,0.517146,0.651258,0.699207,0.677761,0.694526
0.692774,0.680654,0.725510,0.673556,0.661653,0.743874,0.766454,0.694903,0.685905,0.675136
0.697742,0.700916,0.710325,0.706778,0.837619,0.748589,0.706198,0.693156,0.675260,0.689700
0.707811,0.687116,0.663353,0.760128,0.601932,0.583344,0.711088,0.698120,0.745510,0.685594
0.702873,0.703536,0.697597,0.722435,0.581528,0.717022,0.677562,0.707434,0.688426,0.668354
0.646252,0.637602,0.703930,0.696277,0.594881,0.598136,0.677637,0.733039,0.747037,0.626285
0.695372,0.687080,0.669520,0.647999,0.822862,0.749032,0.686476,0.696362,0.679216,0.697916
0.679157,0.715166,0.670627,0.667541,0.724608,0.588161,0.745216,0.687681,0.711685,0.720949
0.712325,0.694775,0.668771,0.702748,0.565800,0.717126,0.719647,0.704649,0.689607,0.718430
0.688429,0.695251,0.735451,0.708366,0.656645,0.713050,0.733566,0.699606,0.700306,0.689872
0.686430,0.696141,0.585943,0.600198,0.679815,0.718917,0.599570,0.652762,0.693427,0.707995
0.659871,0.756303,0.654424,0.689646,0.542785,0.753954,0.705875,0.645933,0.699839,0.706286
0.664097,0.701610,0.689437,0.552296,0.633295,0.670848,0.716331,0.666091,0.693458,0.677773
0.684355,0.611290,0.747637,0.714424,0.818489,0.735531,0.678101,0.678069,0.635459,0.661483
0.701380,0.672230,0.671516,0.737366,0.847436,0.811009,0.699739,0.731433,0.699604,0.722931
0.687081,0.698939,0.691519,0.680876,0.552206,0.707060,0.675423,0.679654,0.666241,0.670720
0.666789,0.743607,0.693485,0.650314,0.580797,0.712566,0.733957,0.709845,0.653009,0.754325
0.688718,0.665513,0.700310,0.671800,0.813968,0.641971,0.690742,0.720273,0.726398,0.716902
0.727252,0.642476,0.684691,0.624841,0.643420,0.751109,0.729926,0.681139,0.677978,0.700011
0.688211,0.711621,0.670244,0.693564,0.676413,0.604697,0.683489,0.710714,0.710913,0.680355
0.669442,0.724915,0.679036,0.731842,0.813367,0.726079,0.710576,0.736575,0.739719,0.686300
0.760716,0.693110,0.726780,0.599939,0.495526,0.644218,0.661065,0.649385,0.739263,0.648375
0.683684,0.772029,0.719318,0.692538,0.772981,0.617286,0.670996,0.674562,0.701182,0.686479
0.644142,0.668167,0.690259,0.737695,0.822032,0.673472,0.746321,0.652664,0.710958,0.676857
0.651527,0.650637,0.660178,0.671958,0.834292,0.568946,0.672479,0.725695,0.688110,0.641476
0.663171,0.737149,0.695884,0.713724,0.639697,0.842332,0.677504,0.638281,0.720278,0.713266
0.703148,0.646134,0.728528,0.723608,0.700881,0.829604,0.645555,0.703009,0.680468,0.711024
0.715179,0.689751,0.758565,0.736676,0.732630,0.704625,0.682629,0.652433,0.673212,0.738507
0.740000,0.711722,0.755281,0.596183,0.576051,0.762105,0.737306,0.673442,0.697830,0.706010
0.758877,0.652267,0.670325,0.856238,0.781573,0.628629,0.698602,0.580832,0.648059,0.697546
0.681348,0.714121,0.711651,0.758838,0.718186,0.678911,0.671823,0.706284,0.629366,0.698413
0.728547,0.611075,0.681640,0.633942,0.819308,0.627742,0.626176,0.696829,0.685301,0.713475
0.685494,0.655436,0.721082,0.714792,0.588168,0.757584,0.702241,0.687490,0.731393,0.693475
0.703919,0.748897,0.658061,0.781910,0.566366,0.592002,0.703538,0.628078,0.714931,0.695567
0.740560,0.756266,0.719442,0.730558,0.882581,0.786437,0.674965,0.688995,0.719861,0.689928
0.662351,0.669760,0.683036,0.666443,0.669862,0.663314,0.718602,0.698886,0.731053,0.732846
0.725602,0.715857,0.706035,0.679303,0.799848,0.727155,0.686300,0.636030,0.631343,0.702905
0.684620,0.698584,0.767415,0.723486,0.855933,0.763385,0.713826,0.694781,0.618473,0.739540
0.672569,0.704637,0.747649,0.717745,0.660156,0.723543,0.674049,0.702349,0.690618,0.688735
0.694773,0.646001,0.734086,0.698834,0.684868,0.694548,0.713822,0.706149,0.684798,0.731852
0.768791,0.648649,0.670252,0.701750,0.775607,0.714770,0.675322,0.757561,0.690339,0.736463
0.708975,0.681361,0.675288,0.702732,0.724732,0.785724,0.679173,0.634046,0.683013,0.713971
0.663520,0.648805,0.732465,0.571236,0.698944,0.666551,0.633062,0.644218,0.628501,0.764103
0.707601,0.704314,0.759406,0.710002,0.766678,0.644864,0.646048,0.696523,0.705335,0.707842
0.715726,0.718632,0.668171,0.716595,0.784275,0.672318,0.710135,0.746089,0.724438,0.702613
0.675699,0.700374,0.747951,0.717129,0.659403,0.691639,0.733672,0.680192,0.700896,0.705393
0.690952,0.681263,0.741919,0.741662,0.428358,0.574076,0.692773,0.682314,0.705409,0.692306
0.657042,0.651141,0.693932,0.587594,0.679798,0.565354,0.676131,0.668239,0.686689,0.721146
0.655522,0.696022,0.698014,0.742614,0.736655,0.730792,0.770962,0.717708,0.723731,0.715677
0.695305,0.703778,0.719198,0.786419,0.530105,0.615038,0.635163,0.658051,0.706901,0.704701
0.656832,0.671298,0.719746,0.704981,0.649203,0.615039,0.638882,0.738559,0.542081,0.653253
0.741923,0.727350,0.729641,0.725434,0.665437,0.742648,0.692550,0.712100,0.706394,0.687454
0.674548,0.679091,0.726817,0.679188,0.593800,0.681707,0.716699,0.703000,0.709911,0.693714
0.669231,0.671998,0.694063,0.674297,0.726743,0.546159,0.722934,0.704181,0.723812,0.695300
0.713654,0.684423,0.720517,0.722969,0.564154,0.711837,0.680862,0.604419,0.678913,0.713177
0.694463,0.716466,0.741638,0.708687,0.687442,0.455704,0.681590,0.740809,0.660294,0.727361
0.679500,0.659886,0.717280,0.694233,0.729573,0.768239,0.676504,0.650556,0.712461,0.697384
0.745795,0.716586,0.726749,0.756611,0.748099,0.685116,0.685089,0.665995,0.656505,0.732794
0.765065,0.685169,0.653751,0.674582,0.760603,0.733113,0.761274,0.702386,0.725811,0.656708
0.646633,0.681207,0.667182,0.757965,0.555651,0.779644,0.676311,0.688091,0.737249,0.711864
0.752791,0.758941,0.685108,0.739042,0.750482,0.687287,0.707229,0.717341,0.671093,0.688368
0.691856,0.700599,0.669644,0.766364,0.819700,0.746950,0.653974,0.680157,0.717239,0.678569
0.713979,0.711312,0.696779,0.728134,0.394146,0.623003,0.693430,0.711033,0.718662,0.679175
0.709830,0.687798,0.701967,0.671944,0.573550,0.611980,0.690207,0.665885,0.702073,0.687703
0.698069,0.597823,0.685029,0.653877,0.815193,0.738706,0.707014,0.703290,0.685807,0.663556
0.681955,0.733204,0.661462,0.731156,0.753747,0.574085,0.705755,0.703199,0.647991,0.716812
0.701096,0.702435,0.684331,0.703037,0.687110,0.674437,0.694743,0.697604,0.704158,0.707945
0.667516,0.696690,0.714685,0.735190,0.713249,0.733293,0.702795,0.676026,0.720209,0.681226
0.705931,0.711925,0.730748,0.692686,0.671743,0.718188,0.719128,0.679635,0.725650,0.690642
0.695025,0.665462,0.743751,0.703591,0.554549,0.728675,0.723891,0.685774,0.738787,0.701952
0.681797,0.703449,0.715121,0.684282,0.953109,0.777698,0.691712,0.700188,0.661480,0.680145
0.720657,0.721888,0.725588,0.752034,0.815987,0.748551,0.675525,0.780135,0.706458,0.697073
0.675903,0.711005,0.756168,0.751288,0.569051,0.669745,0.697770,0.704483,0.650602,0.695985
0.760155,0.669870,0.597520,0.756796,0.634558,0.791820,0.709467,0.688548,0.732738,0.654727
0.697723,0.683177,0.631847,0.681838,0.728386,0.690634,0.655787,0.662409,0.732078,0.680634
0.717420,0.728954,0.722392,0.748266,0.562242,0.652994,0.638115,0.643951,0.726526,0.700514
0.669490,0.731925,0.699055,0.670659,0.692814,0.738188,0.693282,0.673470,0.691544,0.711070
0.698101,0.714611,0.664741,0.809006,0.575541,0.688722,0.720000,0.734106,0.668486,0.689800
0.809770,0.695549,0.714552,0.604753,0.660723,0.744920,0.603667,0.690190,0.681299,0.735666
0.648201,0.700710,0.688950,0.677616,0.646444,0.706531,0.789733,0.700909,0.698775,0.696062
0.642525,0.720582,0.660850,0.683768,0.491757,0.713086,0.735947,0.746305,0.726679,0.676757
0.646101,0.689905,0.668174,0.736896,0.642517,0.597922,0.707428,0.648351,0.714482,0.670056
0.682590,0.721327,0.641338,0.660539,0.729082,0.731248,0.640821,0.695061,0.711751,0.703355
0.663375,0.688387,0.619984,0.716009,0.640588,0.766362,0.771657,0.643177,0.676946,0.667036
0.696815,0.699179,0.706555,0.679700,0.771703,0.688613,0.710973,0.698017,0.695865,0.693279
0.706469,0.691481,0.756266,0.658245,0.844138,0.765636,0.729752,0.687574,0.724549,0.694520
0.712544,0.674861,0.674238,0.672389,0.734693,0.649888,0.699548,0.719453,0.689462,0.692475
0.714721,0.705899,0.707597,0.587438,0.642695,0.663198,0.692616,0.677354,0.637357,0.684026
0.674557,0.674599,0.716067,0.650205,0.462276,0.610644,0.692900,0.698560,0.653813,0.670606
0.686408,0.647386,0.682079,0.697854,0.821805,0.786608,0.704802,0.709178,0.711333,0.695314
0.715847,0.710053,0.749250,0.670660,0.699934,0.744728,0.721766,0.734738,0.670315,0.729129
0.692222,0.701027,0.675932,0.726183,0.722770,0.563941,0.704598,0.711065,0.728190,0.685071
0.715859,0.690263,0.689218,0.732849,0.653466,0.618162,0.698034,0.669295,0.622083,0.649742
0.654899,0.666307,0.685505,0.684022,0.820352,0.853711,0.670616,0.739395,0.658636,0.697056
0.682243,0.705854,0.719441,0.762502,0.817306,0.665630,0.672147,0.747497,0.730957,0.668940
0.702046,0.661086,0.678823,0.636023,0.812150,0.581436,0.700668,0.679621,0.673517,0.668476
0.687091,0.703073,0.689780,0.672300,0.888574,0.787158,0.679967,0.722604,0.714638,0.686364
0.687028,0.687625,0.714565,0.729633,0.616729,0.720128,0.718420,0.689163,0.712068,0.710710
0.658935,0.661805,0.691917,0.735068,0.758573,0.530707,0.672532,0.649055,0.725343,0.654492
0.689704,0.816121,0.686555,0.700506,0.840124,0.619732,0.713973,0.718971,0.725712,0.669087
0.692707,0.688169,0.638771,0.777727,0.794828,0.569484,0.684485,0.726953,0.692060,0.714666
0.688683,0.690048,0.694896,0.675559,0.842365,0.759911,0.706387,0.664113,0.696310,0.690497
0.674494,0.683050,0.658548,0.712379,0.765757,0.776897,0.672224,0.691395,0.744903,0.705137
0.745016,0.693504,0.651200,0.789554,0.630776,0.608020,0.705025,0.666194,0.712464,0.605288
0.705743,0.671616,0.703977,0.648146,0.702533,0.637766,0.687231,0.695705,0.689894,0.688564
0.726075,0.719638,0.716762,0.692762,0.719111,0.614798,0.673411,0.639537,0.716899,0.707724
0.678329,0.677923,0.706033,0.687855,0.787178,0.554259,0.690421,0.708397,0.693671,0.683498
0.671951,0.684787,0.683440,0.732224,0.528002,0.702629,0.691504,0.675960,0.724142,0.703739
0.694412,0.679353,0.752920,0.759860,0.556122,0.704827,0.715717,0.688532,0.712178,0.682351
0.732458,0.659614,0.665585,0.635828,0.530851,0.833099,0.721725,0.642363,0.597536,0.712455
0.667706,0.624156,0.642123,0.716564,0.559759,0.779090,0.657752,0.694468,0.666104,0.712713
0.693908,0.692199,0.712731,0.737932,0.581270,0.703940,0.693006,0.711518,0.690685,0.680703
0.699680,0.681805,0.736233,0.697494,0.616861,0.665725,0.678748,0.719976,0.718989,0.671611
0.718721,0.705421,0.631638,0.808148,0.594977,0.627086,0.699399,0.679553,0.704381,0.704195
0.684374,0.695761,0.765976,0.738719,0.654942,0.659346,0.642284,0.656231,0.692793,0.656875
0.671040,0.675326,0.703718,0.614134,0.695351,0.758109,0.707832,0.785568,0.738814,0.671493
0.692500,0.713361,0.646694,0.688645,0.671591,0.811977,0.690850,0.708126,0.702170,0.718989
0.628104,0.694715,0.687198,0.783620,0.642118,0.565728,0.686087,0.722848,0.722106,0.702457
0.667103,0.650939,0.701936,0.636896,0.607324,0.879234,0.649109,0.684343,0.640906,0.694312
0.691317,0.644060,0.719866,0.720372,0.744631,0.600417,0.684577,0.694667,0.679018,0.633729
0.687416,0.708012,0.726580,0.595284,0.842958,0.793984,0.762713,0.706608,0.685704,0.699934
0.707817,0.707193,0.589441,0.639942,0.763676,0.716634,0.533744,0.653738,0.658368,0.715963
0.694957,0.706390,0.722546,0.714949,0.827066,0.566451,0.710491,0.727419,0.742477,0.714297
0.656574,0.710994,0.763115,0.632594,0.446967,0.613875,0.663776,0.763434,0.684330,0.686059
0.697476,0.691808,0.721402,0.692287,0.606113,0.718542,0.709603,0.699954,0.663135,0.684411
0.673453,0.681966,0.700383,0.608836,0.648387,0.785213,0.714736,0.774763,0.702483,0.723040
0.679717,0.700112,0.730752,0.703209,0.756555,0.731267,0.748461,0.713451,0.694492,0.705065
0.711580,0.687154,0.688026,0.748712,0.453223,0.674952,0.687901,0.661316,0.739890,0.701053
0.719136,0.707187,0.717665,0.646094,0.639936,0.709950,0.689921,0.667309,0.658053,0.649102
0.682164,0.681331,0.738426,0.691961,0.772456,0.846222,0.700963,0.698115,0.687797,0.701256
0.716192,0.771594,0.679612,0.751225,0.752719,0.533634,0.700184,0.749853,0.721383,0.683482
0.715311,0.715938,0.593917,0.678465,0.522694,0.748159,0.739728,0.700830,0.637077,0.672552
0.774767,0.718310,0.641409,0.740745,0.597940,0.561586,0.780979,0.665609,0.724483,0.678126
0.692382,0.688557,0.720561,0.685825,0.635943,0.637622,0.667839,0.680796,0.653442,0.675319
0.671445,0.662280,0.746439,0.685584,0.872101,0.659143,0.662472,0.684046,0.636830,0.644060
0.688405,0.728899,0.691531,0.724757,0.817584,0.717029,0.713219,0.709400,0.724949,0.683666
0.735176,0.705667,0.656972,0.705664,0.705940,0.672313,0.708930,0.696670,0.687598,0.699093
0.745096,0.707081,0.714415,0.687517,0.856068,0.665455,0.679006,0.674181,0.624663,0.660912
0.660147,0.733878,0.612312,0.691476,0.518197,0.772963,0.714629,0.652300,0.659985,0.684521
0.698616,0.676416,0.732600,0.714967,0.678868,0.700862,0.710841,0.686001,0.707334,0.685076
0.677054,0.606694,0.689572,0.656247,0.851941,0.534603,0.736363,0.692272,0.654273,0.690371
0.703737,0.712004,0.647656,0.572198,0.855885,0.804265,0.697075,0.737909,0.677793,0.680065
0.672043,0.646832,0.688127,0.672706,0.743309,0.726809,0.599511,0.711278,0.681492,0.686046
0.682782,0.696377,0.682741,0.718862,0.567829,0.691698,0.709992,0.666417,0.728958,0.683598
0.724093,0.718568,0.699175,0.717123,0.777342,0.629651,0.693773,0.670529,0.724259,0.665882
0.726448,0.696195,0.636566,0.784336,0.786803,0.689877,0.712927,0.673977,0.657116,0.737605
0.677972,0.687917,0.668482,0.635456,0.773502,0.814285,0.649322,0.690943,0.694444,0.679591
0.686965,0.625968,0.663841,0.666551,0.730830,0.621485,0.655813,0.711878,0.717980,0.662536
0.665463,0.677807,0.725198,0.668632,0.836287,0.581888,0.660813,0.678539,0.711025,0.675750
0.699175,0.742909,0.732706,0.636570,0.795746,0.619185,0.700817,0.738522,0.688758,0.744299
0.701334,0.744651,0.634574,0.632705,0.695134,0.625391,0.749260,0.668100,0.640550,0.695355
0.703058,0.715965,0.683953,0.722077,0.726488,0.581499,0.687017,0.733559,0.671107,0.688861
0.727169,0.738403,0.621437,0.744925,0.702447,0.548807,0.717758,0.685552,0.717155,0.706693
0.733895,0.701579,0.723900,0.775986,0.677680,0.687618,0.720432,0.707452,0.731402,0.751460
0.687540,0.739368,0.718396,0.704740,0.669442,0.737554,0.651841,0.739665,0.679214,0.670811
0.713905,0.702970,0.704221,0.689896,0.934430,0.765440,0.747674,0.703861,0.729060,0.683623
0.733227,0.743725,0.681701,0.801978,0.858221,0.802118,0.663680,0.627544,0.744996,0.708034
0.756346,0.690256,0.625064,0.657843,0.649846,0.560211,0.728582,0.679235,0.732850,0.688444
0.704461,0.696562,0.672704,0.620949,0.629434,0.618090,0.634352,0.701990,0.691081,0.685918
0.736882,0.704833,0.600186,0.776487,0.787182,0.699207,0.754353,0.736658,0.701852,0.658765
0.716956,0.729372,0.667396,0.586659,0.597970,0.682363,0.739663,0.748125,0.711631,0.734581
0.627909,0.649311,0.704626,0.688584,0.687783,0.678357,0.664024,0.701029,0.657360,0.658118
0.682513,0.681525,0.743107,0.490725,0.723642,0.789913,0.744375,0.732639,0.755454,0.695867
0.723505,0.693793,0.625999,0.685286,0.810655,0.786897,0.635060,0.664859,0.696532,0.695953
0.720796,0.650434,0.731867,0.718958,0.682118,0.709706,0.682525,0.707950,0.735896,0.717813
0.643008,0.719096,0.659164,0.724389,0.518190,0.678436,0.707221,0.662928,0.680208,0.713063
0.684992,0.657327,0.720378,0.731246,0.799747,0.599903,0.605763,0.712672,0.762303,0.693911
0.693431,0.649136,0.689929,0.677450,0.779318,0.495184,0.692426,0.706164,0.709393,0.699904
0.685906,0.697845,0.702880,0.701344,0.770633,0.691745,0.705037,0.689976,0.699675,0.704314
0.714089,0.742186,0.665510,0.741963,0.504729,0.710935,0.720365,0.736782,0.709569,0.688648
0.817051,0.705972,0.736742,0.733237,0.878202,0.746500,0.699445,0.657431,0.755530,0.694968
0.676945,0.680395,0.694535,0.721397,0.572931,0.662084,0.697787,0.707508,0.701895,0.687338
0.637251,0.681176,0.696895,0.685562,0.856080,0.584930,0.759684,0.694984,0.689393,0.682154
0.643029,0.686934,0.706242,0.626138,0.812701,0.707708,0.719540,0.661227,0.559136,0.656607
0.690758,0.696983,0.607520,0.692322,0.675210,0.645344,0.576019,0.695630,0.718057,0.720297
0.677962,0.671798,0.726925,0.720790,0.900842,0.747411,0.708061,0.639931,0.709085,0.685363
0.716130,0.726678,0.637445,0.719067,0.739881,0.743091,0.796287,0.705544,0.727648,0.676054
0.668378,0.578031,0.752513,0.705996,0.916645,0.730875,0.630102,0.759968,0.629154,0.633899
0.711585,0.700686,0.686424,0.750649,0.649432,0.570460,0.751612,0.689151,0.713089,0.696033
0.746863,0.664595,0.705961,0.722825,0.804722,0.631757,0.676462,0.678830,0.620700,0.706870
0.710204,0.654093,0.662734,0.659971,0.750788,0.608121,0.672780,0.746940,0.658718,0.698930
0.658740,0.717511,0.656431,0.754624,0.784930,0.740578,0.669978,0.729856,0.741259,0.683910
0.678969,0.678430,0.720929,0.722125,0.794329,0.700572,0.734102,0.714192,0.649733,0.666576
0.683919,0.691418,0.681472,0.620366,0.681207,0.678820,0.692711,0.710011,0.703314,0.698037
0.631352,0.705874,0.746410,0.731417,0.727838,0.647953,0.658589,0.718658,0.694731,0.733378
0.618974,0.656597,0.723381,0.724840,0.773645,0.757217,0.713327,0.673418,0.690459,0.735306
0.712903,0.714661,0.674109,0.774128,0.827214,0.728598,0.740916,0.664084,0.672489,0.702298
0.684187,0.704080,0.742583,0.644984,0.676065,0.753920,0.727948,0.711074,0.705896,0.716185
0.664897,0.710276,0.634998,0.738155,0.540829,0.641712,0.677445,0.697825,0.673467,0.669789
0.673017,0.703147,0.666656,0.668348,0.754898,0.718924,0.664473,0.710317,0.724519,0.715476
0.687802,0.695379,0.722476,0.748809,0.682413,0.706118,0.701130,0.753350,0.741684,0.684610
0.692577,0.709352,0.751981,0.669537,0.578808,0.702346,0.727871,0.703271,0.704072,0.691718
0.715579,0.776245,0.650744,0.738309,0.747271,0.699323,0.696391,0.759483,0.688882,0.718139
0.615898,0.698342,0.708233,0.732164,0.638780,0.598861,0.666631,0.712743,0.679523,0.707252
0.724349,0.675493,0.673396,0.724671,0.771010,0.717638,0.707350,0.734974,0.574892,0.732997
0.694548,0.692219,0.731204,0.693290,0.854301,0.696135,0.619053,0.706553,0.708970,0.653911
0.669906,0.682681,0.689720,0.666474,0.846205,0.664541,0.726475,0.697025,0.740968,0.692792
0.661987,0.681295,0.667736,0.673480,0.354708,0.646780,0.686589,0.630637,0.713342,0.676025
0.686999,0.671298,0.680572,0.644780,0.887605,0.634036,0.679760,0.726742,0.714727,0.703811
0.705972,0.712117,0.697689,0.715125,0.720563,0.598966,0.700013,0.680286,0.639260,0.702636
0.710434,0.646022,0.675388,0.720193,0.683756,0.694896,0.688807,0.671840,0.654484,0.727061
0.707103,0.653874,0.650801,0.663249,0.547770,0.756149,0.681193,0.716921,0.721748,0.672485
0.721480,0.733346,0.753678,0.749984,0.766253,0.706729,0.649084,0.641970,0.746251,0.626340
0.708520,0.699666,0.747235,0.630609,0.485521,0.635569,0.631373,0.735815,0.692429,0.664046
0.674338,0.798199,0.667911,0.628921,0.631077,0.725800,0.687568,0.731897,0.713790,0.699152
0.713922,0.656864,0.679488,0.624101,0.537958,0.698232,0.744372,0.716911,0.708783,0.733099
0.736018,0.613629,0.637936,0.744447,0.746221,0.788086,0.692035,0.633456,0.741956,0.693039
0.701113,0.670268,0.626427,0.584863,0.723684,0.642732,0.673857,0.671242,0.652852,0.727801
0.689984,0.703979,0.730340,0.721106,0.720346,0.706662,0.742004,0.687744,0.704221,0.672415
0.675776,0.721755,0.692233,0.720632,0.591737,0.716508,0.682623,0.653991,0.686954,0.695724
0.728436,0.713319,0.659036,0.692739,0.674403,0.800419,0.707282,0.626161,0.640711,0.701988
0.672140,0.719349,0.705756,0.748517,0.777572,0.589951,0.690191,0.552104,0.674497,0.688971
0.682076,0.626987,0.690835,0.709902,0.864577,0.652907,0.637959,0.668484,0.726957,0.651720
0.693200,0.663109,0.766086,0.709411,0.695329,0.676305,0.772758,0.686930,0.701317,0.691969
0.723648,0.636865,0.674238,0.758458,0.488915,0.773167,0.680355,0.741764,0.677390,0.671778
0.723646,0.644710,0.688673,0.720583,0.709447,0.582875,0.702465,0.729702,0.717613,0.709044
0.698921,0.683697,0.738012,0.747256,0.642531,0.697931,0.719272,0.700446,0.700426,0.694357
0.694760,0.681083,0.723886,0.693488,0.639794,0.705564,0.687386,0.728590,0.699387,0.706341
0.716798,0.594022,0.712885,0.652007,0.920151,0.638419,0.703682,0.752668,0.658302,0.698494
0.750731,0.717234,0.681713,0.713620,0.688424,0.622667,0.747966,0.709910,0.729111,0.662856
0.623094,0.708556,0.692080,0.646774,0.660049,0.674271,0.682063,0.673922,0.662374,0.776758
0.709850,0.648788,0.678629,0.651799,0.661259,0.569285,0.666274,0.717295,0.677680,0.722523
0.730570,0.678026,0.708924,0.679852,0.659807,0.701084,0.751217,0.683367,0.706822,0.679998
0.692786,0.630941,0.662012,0.641492,0.826786,0.501888,0.752075,0.728313,0.650639,0.711500
0.668274,0.697925,0.736221,0.710261,0.693084,0.589967,0.696937,0.702618,0.710245,0.717666
0.702884,0.607180,0.669096,0.691183,0.639019,0.662045,0.709298,0.713615,0.705150,0.683171
0.606614,0.734701,0.679722,0.705041,0.760023,0.660146,0.745130,0.663674,0.692474,0.678544
0.702304,0.706722,0.629316,0.718080,0.653014,0.697790,0.674862,0.668524,0.689523,0.713032
0.733870,0.623088,0.677159,0.716531,0.526060,0.813011,0.682105,0.682286,0.618640,0.687584
0.674119,0.682831,0.616609,0.713139,0.611600,0.544823,0.746226,0.667909,0.674264,0.683974
0.692378,0.664978,0.760777,0.616669,0.650873,0.736395,0.702338,0.751970,0.711945,0.702880
0.733978,0.699467,0.708993,0.752292,0.710666,0.586605,0.715671,0.640882,0.717078,0.678182
0.705984,0.676545,0.710052,0.686683,0.621159,0.733627,0.706726,0.676417,0.660317,0.681583
0.636602,0.699670,0.708031,0.711818,0.727875,0.721428,0.742895,0.653012,0.685027,0.680415
0.675925,0.707231,0.721261,0.697713,0.743141,0.578956,0.699654,0.735427,0.699782,0.699516
0.685031,0.634748,0.654994,0.721863,0.735062,0.607947,0.659659,0.705063,0.700480,0.709988
0.686091,0.710074,0.676399,0.741271,0.872091,0.744964,0.704757,0.680360,0.701141,0.714751
0.643652,0.683649,0.758423,0.696610,0.754401,0.743064,0.666806,0.700128,0.657350,0.658292
0.725681,0.709874,0.743691,0.797925,0.778423,0.660645,0.672411,0.741054,0.729227,0.699260
0.710921,0.733141,0.674955,0.667907,0.490077,0.670466,0.711712,0.638568,0.723001,0.664954
0.646366,0.724918,0.646692,0.662545,0.825699,0.744280,0.688333,0.672145,0.715988,0.643908
0.674334,0.702209,0.739867,0.720978,0.679032,0.673741,0.706925,0.638568,0.678779,0.662091
0.707022,0.757182,0.619127,0.723017,0.702821,0.577336,0.732393,0.697102,0.682103,0.671726
0.701408,0.673844,0.662416,0.715553,0.504097,0.693200,0.682965,0.736377,0.701088,0.694210
0.701160,0.720060,0.671701,0.624453,0.538118,0.680158,0.708118,0.734087,0.685774,0.695714
0.705951,0.724472,0.712373,0.750007,0.755833,0.651673,0.693547,0.729906,0.708978,0.694843
0.642799,0.760061,0.745299,0.795895,0.685297,0.478752,0.640666,0.708995,0.684098,0.725180
0.707106,0.722476,0.737215,0.756146,0.517671,0.732876,0.613760,0.731342,0.755063,0.749860
0.707031,0.698016,0.721072,0.720636,0.726109,0.766725,0.677969,0.694049,0.698111,0.717071
0.751294,0.661085,0.678778,0.689857,0.748250,0.673157,0.702537,0.688952,0.643392,0.605744
0.696498,0.673903,0.696898,0.769785,0.603607,0.701273,0.675140,0.658994,0.688240,0.706861
0.694026,0.727658,0.743687,0.731566,0.626304,0.659146,0.742779,0.712491,0.695877,0.699332
0.696261,0.683325,0.700446,0.596019,0.762377,0.563396,0.715463,0.702097,0.693155,0.701133
0.620695,0.707179,0.637153,0.828028,0.618559,0.695948,0.712375,0.740085,0.681022,0.698308
0.710096,0.687713,0.715361,0.718429,0.697808,0.646505,0.720592,0.709177,0.652772,0.699895
0.697571,0.704278,0.736031,0.685108,0.514869,0.633643,0.701340,0.675190,0.729135,0.701412
0.704250,0.685864,0.696672,0.705637,0.578130,0.744508,0.717339,0.687239,0.669921,0.696248
0.754447,0.654170,0.717848,0.751934,0.868451,0.680298,0.763066,0.699872,0.658095,0.715735
0.670840,0.700347,0.702477,0.741574,0.676253,0.560978,0.716305,0.695401,0.726077,0.672280
0.700466,0.658144,0.687137,0.648774,0.630863,0.613434,0.641959,0.694758,0.662261,0.680923
0.699800,0.701103,0.745539,0.671626,0.586769,0.717913,0.705682,0.736132,0.698090,0.699085
0.707056,0.704750,0.646460,0.587463,0.549306,0.713487,0.673739,0.696366,0.675087,0.724454
0.648664,0.691171,0.684034,0.705506,0.780883,0.736279,0.671387,0.679160,0.688760,0.715723
0.756544,0.709236,0.558885,0.578195,0.735607,0.665848,0.799132,0.700618,0.709993,0.691277
0.689064,0.666349,0.739168,0.657053,0.630409,0.686294,0.664394,0.720109,0.698165,0.666933
0.722936,0.699732,0.655394,0.801474,0.869188,0.729057,0.638110,0.758862,0.638953,0.685173
0.697525,0.679452,0.701199,0.702124,0.843964,0.561710,0.715718,0.690810,0.747693,0.705348
0.728407,0.659801,0.683146,0.741470,0.843498,0.753504,0.716801,0.733682,0.585500,0.624951
0.686800,0.629949,0.718834,0.597891,0.845494,0.609032,0.719243,0.632367,0.681045,0.713709
0.730431,0.593433,0.663291,0.654062,0.666668,0.597720,0.715034,0.708903,0.708318,0.723559
0.696801,0.720734,0.602590,0.703982,0.718516,0.690685,0.647337,0.663060,0.727970,0.734782
0.730022,0.657631,0.712829,0.657905,0.597549,0.723840,0.677028,0.725579,0.704724,0.685862
0.677601,0.705759,0.773069,0.671414,0.515131,0.704598,0.705922,0.697063,0.721957,0.706160
0.704716,0.722209,0.767263,0.746850,0.669507,0.645661,0.737255,0.656789,0.681873,0.683717
0.701681,0.706530,0.691176,0.685634,0.398285,0.672378,0.655157,0.659254,0.693640,0.689621
0.674771,0.650958,0.714356,0.558208,0.593675,0.742156,0.724358,0.717446,0.735964,0.720392
0.735206,0.619170,0.718813,0.557272,0.571108,0.659552,0.676980,0.659825,0.659564,0.726947
0.663026,0.669582,0.760041,0.708113,0.820911,0.441779,0.656214,0.639905,0.742468,0.641251
0.753705,0.728422,0.714558,0.644694,0.783620,0.611379,0.656609,0.639466,0.666069,0.672309
0.684959,0.688539,0.728363,0.733165,0.494500,0.676401,0.670661,0.699690,0.694771,0.684576
0.715249,0.699510,0.738414,0.668276,0.725966,0.629397,0.660078,0.639534,0.581354,0.623317
0.695166,0.689741,0.740664,0.691899,0.631373,0.724534,0.707128,0.674157,0.675004,0.700422
0.705974,0.678500,0.696282,0.706815,0.741237,0.692822,0.671551,0.655801,0.712493,0.693514
0.680831,0.731144,0.702010,0.728702,0.742171,0.736673,0.708606,0.670974,0.690241,0.688852
0.716524,0.728862,0.701724,0.790772,0.728939,0.552553,0.670416,0.679071,0.672621,0.644088
0.705821,0.700160,0.718635,0.663738,0.854582,0.618340,0.707881,0.705738,0.717359,0.715501
0.658851,0.715142,0.680957,0.629818,0.806842,0.713382,0.704655,0.680633,0.685606,0.696152
0.681647,0.651397,0.661504,0.766713,0.668686,0.786031,0.668548,0.691290,0.702422,0.697673
0.670584,0.633882,0.693610,0.565015,0.565655,0.756043,0.680196,0.701018,0.687292,0.663020
0.700494,0.666178,0.617829,0.732977,0.605015,0.693063,0.782591,0.684203,0.691470,0.669191
0.667561,0.732727,0.715331,0.674533,0.639441,0.634876,0.729081,0.727906,0.703258,0.713625
0.691678,0.692463,0.704818,0.631927,0.553368,0.638848,0.712373,0.694207,0.654265,0.742341
0.708407,0.728150,0.715353,0.726914,0.812444,0.646471,0.641305,0.673331,0.726162,0.682638
0.704275,0.652927,0.658322,0.621141,0.685284,0.798967,0.710306,0.652734,0.687008,0.617051
0.683899,0.711906,0.619911,0.680927,0.801733,0.740375,0.619086,0.673819,0.723497,0.685154
0.708769,0.738942,0.696536,0.677242,0.560605,0.800076,0.658610,0.702487,0.677830,0.703776
0.698745,0.684504,0.740707,0.708368,0.788950,0.816702,0.731923,0.720120,0.704813,0.687835
0.691456,0.704155,0.615123,0.683492,0.628095,0.718663,0.625281,0.685399,0.711418,0.701900
0.671461,0.750386,0.691695,0.621743,0.621195,0.658474,0.653570,0.661480,0.682074,0.640835
0.685465,0.710119,0.641856,0.640145,0.734993,0.754506,0.761312,0.722873,0.712811,0.684979
0.644899,0.675046,0.742882,0.550053,0.653175,0.760231,0.691857,0.792041,0.712297,0.687916
0.677690,0.694105,0.674633,0.695631,0.617585,0.745565,0.660290,0.704684,0.688166,0.686470
0.693725,0.683663,0.672984,0.667816,0.694562,0.724415,0.739717,0.695680,0.716669,0.649409
0.694549,0.696386,0.679917,0.724310,0.706711,0.710928,0.689490,0.717729,0.707099,0.705547
0.685931,0.731264,0.737027,0.609853,0.618969,0.635480,0.723925,0.643021,0.673043,0.719149
0.713513,0.703260,0.711305,0.662239,0.700058,0.772738,0.682150,0.748418,0.654740,0.719623
0.700548,0.652681,0.646641,0.758445,0.541498,0.743612,0.695432,0.684416,0.607720,0.713210
0.697707,0.699967,0.716081,0.588846,0.758779,0.588964,0.714544,0.709664,0.717262,0.688095
0.697365,0.699176,0.716609,0.759389,0.654703,0.721091,0.611623,0.689892,0.619539,0.695085
0.662332,0.720952,0.771178,0.743236,0.524865,0.611632,0.636616,0.661860,0.718041,0.698596
0.721756,0.733371,0.695622,0.616794,0.798319,0.718032,0.663401,0.747038,0.691945,0.699999
0.693396,0.708495,0.659432,0.658590,0.481014,0.735162,0.728861,0.712295,0.677811,0.692584
0.689455,0.730370,0.684103,0.747915,0.768647,0.729782,0.691005,0.705539,0.747727,0.720763
0.692356,0.660302,0.667319,0.705613,0.653648,0.641397,0.669193,0.711907,0.679467,0.671378
0.721853,0.694300,0.735081,0.654575,0.736675,0.737122,0.701130,0.687917,0.714125,0.710115
0.723549,0.676951,0.775419,0.658666,0.896704,0.612447,0.650763,0.688835,0.695749,0.637292
0.676406,0.678051,0.708858,0.712531,0.678460,0.671148,0.668788,0.675444,0.698202,0.700188
0.686239,0.693075,0.658013,0.740340,0.702537,0.696786,0.705244,0.691344,0.708462,0.707691
0.747215,0.707148,0.768751,0.685187,0.833114,0.668357,0.632992,0.732869,0.708201,0.710810
0.661689,0.692887,0.728522,0.696398,0.718174,0.734562,0.671741,0.718019,0.709117,0.736832
0.745488,0.679712,0.593788,0.647797,0.706602,0.643843,0.744408,0.667150,0.704362,0.704334
0.638243,0.757174,0.718548,0.680543,0.772447,0.505171,0.676089,0.707186,0.754551,0.701218
0.731878,0.710630,0.680312,0.773793,0.797633,0.482611,0.755077,0.694866,0.716101,0.715424
0.677610,0.585429,0.728048,0.653429,0.592975,0.686263,0.666923,0.662040,0.739244,0.723716
0.721517,0.648519,0.685278,0.712918,0.861161,0.702996,0.709172,0.778723,0.679650,0.723867
0.702619,0.688560,0.753255,0.746550,0.577653,0.703821,0.718331,0.704044,0.696065,0.693070
0.693032,0.679745,0.610683,0.683479,0.850291,0.748345,0.654788,0.712900,0.714336,0.682096
0.736413,0.696338,0.652889,0.675408,0.664967,0.690991,0.726609,0.700951,0.709828,0.690107
0.700557,0.684539,0.670550,0.685124,0.470733,0.610470,0.660033,0.704658,0.681489,0.675336
0.664008,0.639639,0.698166,0.696537,0.898933,0.661259,0.715099,0.725708,0.659791,0.648745
0.662190,0.709629,0.670393,0.669890,0.415055,0.654472,0.708156,0.719723,0.670828,0.688371
0.741857,0.736709,0.720575,0.592454,0.532094,0.747383,0.674110,0.627878,0.677282,0.657505
0.722078,0.767242,0.691143,0.633071,0.729450,0.621212,0.646891,0.690347,0.687552,0.691418
0.698877,0.733157,0.724543,0.693824,0.682608,0.726206,0.673368,0.685904,0.723340,0.696269
0.692427,0.703928,0.693301,0.698255,0.488286,0.650133,0.695684,0.686684,0.679797,0.693198
0.667599,0.680257,0.675310,0.700558,0.350983,0.646207,0.679971,0.661284,0.696021,0.697085
0.674611,0.729862,0.793282,0.637353,0.612518,0.740254,0.629926,0.715037,0.652717,0.683447
0.708240,0.679154,0.787962,0.625018,0.765345,0.728947,0.642967,0.770232,0.691966,0.685176
0.697738,0.694961,0.712400,0.758636,0.660580,0.729040,0.689140,0.690025,0.724801,0.722870
0.675780,0.714610,0.582285,0.627416,0.732747,0.769062,0.613220,0.644179,0.708510,0.652462
0.702232,0.661253,0.687793,0.758233,0.759981,0.554377,0.722959,0.752916,0.706423,0.682759
0.706792,0.653393,0.637717,0.631660,0.708599,0.682988,0.683236,0.754663,0.673001,0.725897
0.619077,0.719655,0.795398,0.693479,0.710069,0.862383,0.550990,0.738163,0.721569,0.735889
0.729310,0.711193,0.690840,0.674671,0.692908,0.499237,0.710658,0.710343,0.685031,0.679462
0.697220,0.722561,0.735767,0.714924,0.652170,0.737566,0.734938,0.695549,0.677228,0.695893
0.718201,0.691585,0.749335,0.618422,0.665713,0.719793,0.649393,0.786529,0.720644,0.701964
0.711097,0.687612,0.772925,0.660088,0.732851,0.730984,0.763371,0.675330,0.667538,0.649003
0.769226,0.679850,0.718145,0.611276,0.594231,0.738556,0.650387,0.724257,0.682676,0.738658
0.628801,0.665513,0.771631,0.691978,0.741048,0.732215,0.576160,0.717635,0.704333,0.732196
0.702252,0.720859,0.660847,0.708705,0.579719,0.690956,0.688218,0.708696,0.702389,0.699330
0.698725,0.737116,0.752841,0.674883,0.650383,0.643627,0.675701,0.677742,0.697188,0.715747
0.711959,0.662282,0.747493,0.645874,0.703239,0.733899,0.699369,0.698694,0.719444,0.676221
0.710751,0.776983,0.627990,0.550876,0.686664,0.690807,0.685519,0.574495,0.671565,0.706989
0.699381,0.668690,0.684443,0.716842,0.633067,0.762603,0.714618,0.671378,0.700298,0.683367
0.686008,0.717872,0.689742,0.618353,0.738140,0.612016,0.721965,0.692975,0.703229,0.721624
0.711724,0.589693,0.717080,0.735780,0.722901,0.791682,0.627437,0.666588,0.719775,0.666028
0.702781,0.689202,0.597772,0.654808,0.680530,0.806030,0.629370,0.781902,0.650807,0.720468
0.692002,0.721210,0.707595,0.697813,0.783002,0.717455,0.708715,0.633546,0.717203,0.698738
0.681533,0.673099,0.700898,0.749187,0.937239,0.763993,0.672334,0.703290,0.651959,0.667249
0.705775,0.688573,0.721006,0.687284,0.635790,0.737520,0.724060,0.702051,0.717144,0.695913
0.769004,0.762802,0.730931,0.674274,0.762335,0.683452,0.647419,0.753970,0.651189,0.714633
0.666632,0.665340,0.749653,0.675000,0.836474,0.664818,0.654100,0.679756,0.692085,0.641157
0.654506,0.722424,0.687683,0.707524,0.775500,0.551311,0.709220,0.757039,0.729176,0.687013
0.670539,0.699489,0.578967,0.694271,0.775965,0.744828,0.592249,0.708328,0.709798,0.716276
0.743132,0.619747,0.726064,0.648521,0.873157,0.666022,0.714386,0.722374,0.649852,0.684024
0.741852,0.686580,0.746124,0.754456,0.554710,0.777095,0.640738,0.717067,0.704002,0.721010
0.721862,0.720316,0.693735,0.811417,0.648825,0.639417,0.694125,0.700741,0.702476,0.642595
0.700230,0.674180,0.687776,0.690065,0.526808,0.718673,0.707158,0.683051,0.690360,0.709014
0.689851,0.679111,0.657279,0.613320,0.775559,0.675159,0.681224,0.670941,0.692248,0.714359
0.670470,0.718871,0.705013,0.716963,0.729142,0.723992,0.705537,0.741112,0.693711,0.694785
0.670465,0.700860,0.696934,0.729637,0.593320,0.754027,0.699051,0.699374,0.688663,0.687097
0.651649,0.662243,0.733335,0.642514,0.656332,0.831649,0.715580,0.682157,0.783929,0.665984
0.686365,0.670208,0.676112,0.717556,0.666171,0.730876,0.674718,0.745094,0.637808,0.607099
0.660026,0.679235,0.737521,0.655639,0.751673,0.669848,0.759546,0.690141,0.676628,0.676087
0.714032,0.737178,0.721272,0.766717,0.752094,0.653603,0.729526,0.726609,0.646724,0.660586
0.692422,0.695392,0.659230,0.704550,0.740400,0.664834,0.648336,0.729972,0.666489,0.716388
0.681533,0.703608,0.633053,0.710875,0.617994,0.692771,0.638323,0.681631,0.717853,0.693405
0.714124,0.627346,0.663260,0.677952,0.711569,0.686541,0.716735,0.727903,0.684777,0.708022
0.738737,0.701406,0.668923,0.728302,0.602397,0.776884,0.662005,0.671839,0.711179,0.705227
0.686406,0.655329,0.645631,0.654278,0.645659,0.588314,0.650543,0.653829,0.731227,0.675172
0.673603,0.758618,0.731773,0.711998,0.857799,0.662747,0.678353,0.764129,0.709771,0.699030
0.712619,0.662960,0.609361,0.657520,0.637904,0.713698,0.593816,0.689547,0.739987,0.702304
0.727841,0.681560,0.719229,0.661521,0.867169,0.630934,0.710626,0.734273,0.683690,0.710404
0.642613,0.652072,0.744359,0.639914,0.656910,0.728725,0.637259,0.657800,0.708548,0.683739
0.670178,0.725537,0.691168,0.672456,0.655206,0.683805,0.735130,0.727617,0.684053,0.697405
0.705703,0.691457,0.693197,0.706604,0.613474,0.695532,0.709000,0.697043,0.702922,0.700549
0.654319,0.730147,0.737014,0.761583,0.552382,0.620398,0.699337,0.724554,0.672132,0.726243
0.695317,0.670786,0.704676,0.744090,0.872940,0.642777,0.664982,0.736652,0.729986,0.697725
0.691008,0.653342,0.753357,0.650248,0.599661,0.735483,0.721407,0.694327,0.687230,0.647477
0.707882,0.700321,0.711868,0.679051,0.752748,0.510414,0.691352,0.685086,0.664518,0.703257
0.661701,0.717837,0.733105,0.731501,0.793517,0.764442,0.739373,0.678805,0.700010,0.698613
0.718453,0.749966,0.623018,0.666865,0.567220,0.699438,0.742489,0.728846,0.666841,0.727213
0.694472,0.703309,0.722520,0.829184,0.806326,0.717323,0.728898,0.680600,0.664572,0.725623
0.711308,0.701639,0.748468,0.714127,0.732050,0.675179,0.636790,0.644802,0.709756,0.661686
0.665904,0.698665,0.712765,0.735862,0.662121,0.716720,0.672569,0.674841,0.685954,0.673161
0.665156,0.680143,0.660208,0.667276,0.604486,0.786792,0.708388,0.763535,0.638494,0.671268
0.701722,0.682819,0.706480,0.663221,0.616989,0.594481,0.678700,0.732079,0.718639,0.691189
0.671986,0.699992,0.684955,0.645622,0.622244,0.674007,0.725286,0.685690,0.683754,0.694654
0.654251,0.667250,0.712247,0.679482,0.810011,0.598173,0.684215,0.669749,0.698340,0.721380
0.716860,0.717736,0.664976,0.654218,0.554300,0.730058,0.703543,0.796783,0.677297,0.677320
0.726261,0.673815,0.716171,0.775008,0.636719,0.675362,0.747549,0.640911,0.720416,0.721296
0.679051,0.722162,0.695505,0.697767,0.628839,0.770083,0.714064,0.707975,0.699104,0.674335
0.722451,0.706451,0.742990,0.593478,0.402142,0.737571,0.669885,0.757085,0.732905,0.672881
0.728964,0.687110,0.754329,0.684249,0.570875,0.665616,0.717134,0.703685,0.680586,0.693099
0.620840,0.698461,0.675504,0.780818,0.914978,0.775498,0.718895,0.661593,0.647801,0.702271
0.658852,0.682809,0.676029,0.766955,0.591740,0.887933,0.664852,0.768810,0.698414,0.677756
0.688916,0.693341,0.670350,0.717042,0.720095,0.720475,0.685721,0.681672,0.707511,0.679712
0.668252,0.744599,0.727562,0.694594,0.691820,0.572546,0.696157,0.671753,0.681653,0.738235
0.680634,0.649297,0.619656,0.603942,0.808590,0.603398,0.696615,0.687242,0.687548,0.691289
0.678315,0.742727,0.629737,0.721487,0.758974,0.786096,0.577348,0.663146,0.708447,0.701435
0.735347,0.730430,0.622846,0.728385,0.750614,0.690127,0.722852,0.726924,0.707022,0.688528
0.700785,0.693697,0.678201,0.642087,0.769052,0.717197,0.684076,0.698863,0.679924,0.691347
0.702244,0.700927,0.711601,0.738501,0.803548,0.601501,0.669250,0.639204,0.697422,0.731771
0.679822,0.681022,0.684011,0.729713,0.476213,0.690336,0.693654,0.677578,0.720790,0.689135
0.669609,0.712067,0.675642,0.749609,0.595145,0.654385,0.753973,0.667207,0.700936,0.704726
0.686597,0.712152,0.685636,0.734852,0.604488,0.783024,0.676563,0.695445,0.687613,0.677622
0.690916,0.757819,0.699177,0.700792,0.646947,0.608408,0.744232,0.725311,0.665374,0.730059
0.647359,0.704673,0.701155,0.757757,0.767291,0.659448,0.673498,0.612409,0.711620,0.735785
0.726037,0.674770,0.718118,0.676739,0.767302,0.710155,0.729213,0.717558,0.692642,0.695335
0.680373,0.689484,0.712197,0.761055,0.673183,0.636379,0.639441,0.691137,0.648188,0.694015
0.728105,0.693245,0.688700,0.582029,0.599631,0.859035,0.740387,0.725451,0.673629,0.711630
0.663153,0.692298,0.660621,0.660326,0.527927,0.710881,0.746131,0.704015,0.717120,0.706242
0.677568,0.736758,0.650009,0.672772,0.445082,0.768895,0.667479,0.675175,0.656351,0.713093
0.670737,0.700024,0.647015,0.655710,0.911404,0.779722,0.679488,0.690723,0.699294,0.717989
0.663224,0.664146,0.689382,0.731110,0.591983,0.733991,0.731285,0.685793,0.702105,0.673195
0.703615,0.643299,0.687133,0.827345,0.864108,0.705338,0.691068,0.633384,0.637754,0.692794
0.669104,0.610147,0.703175,0.753645,0.806644,0.726430,0.653624,0.786083,0.695819,0.730631
0.706019,0.722745,0.686777,0.672082,0.475577,0.705719,0.572034,0.725460,0.688368,0.762717
0.696131,0.777938,0.733466,0.699342,0.738750,0.626379,0.708746,0.694222,0.700935,0.686975
0.725736,0.676026,0.677958,0.548069,0.487605,0.715856,0.723096,0.717513,0.705085,0.693229
0.682411,0.710141,0.659479,0.711787,0.801834,0.482216,0.693842,0.658486,0.713524,0.722917
0.717235,0.723976,0.698343,0.706211,0.768630,0.617502,0.691659,0.683418,0.718453,0.725906
0.708731,0.654728,0.716982,0.665321,0.783417,0.615270,0.671090,0.719253,0.736359,0.701294
0.735196,0.721208,0.803607,0.692693,0.762701,0.707231,0.584201,0.700092,0.717915,0.685154
0.677315,0.686536,0.687956,0.741567,0.622050,0.638924,0.684836,0.644590,0.724886,0.699088
0.705898,0.695442,0.684008,0.735593,0.869699,0.638780,0.730975,0.751021,0.721696,0.667994
0.780693,0.618573,0.688719,0.622651,0.599817,0.816926,0.682009,0.658680,0.600318,0.717033
0.690965,0.667505,0.729386,0.693626,0.817971,0.610923,0.645167,0.714243,0.727083,0.626693
0.659273,0.641204,0.710426,0.728298,0.708743,0.654012,0.667803,0.708645,0.680197,0.701397
0.732166,0.640988,0.715612,0.614738,0.514199,0.715427,0.670466,0.755921,0.698742,0.704767
0.679205,0.674743,0.689458,0.800154,0.880975,0.771438,0.690343,0.671402,0.706115,0.703189
0.703653,0.733284,0.580641,0.753400,0.581638,0.609121,0.598643,0.679005,0.722816,0.682908
0.711252,0.752730,0.689760,0.701126,0.749598,0.695339,0.730590,0.688277,0.599398,0.698780
0.681159,0.673249,0.718525,0.714511,0.636310,0.648536,0.745521,0.703625,0.679038,0.712853
0.706921,0.694632,0.658598,0.678704,0.548708,0.686779,0.670705,0.665782,0.690755,0.702116
0.696121,0.708864,0.619234,0.690926,0.759124,0.769981,0.674680,0.680573,0.729630,0.697045
0.662873,0.685526,0.695054,0.765719,0.675639,0.683087,0.671741,0.750321,0.696545,0.729488
0.681876,0.695953,0.742233,0.765886,0.715727,0.608203,0.761219,0.711792,0.635976,0.670779
0.718332,0.654563,0.700954,0.708797,0.558692,0.732881,0.641448,0.723051,0.652345,0.708634
0.704728,0.734092,0.678864,0.663249,0.884552,0.708821,0.698696,0.702693,0.763305,0.694135
0.668236,0.676608,0.736719,0.704848,0.641484,0.669584,0.720700,0.670032,0.700548,0.705689
0.546294,0.654144,0.777812,0.726982,0.734186,0.726568,0.596665,0.698210,0.682273,0.732430
0.671409,0.725972,0.581851,0.696771,0.783737,0.741175,0.607779,0.697341,0.713539,0.730744
0.642994,0.673096,0.673307,0.629776,0.603187,0.688975,0.668413,0.646049,0.700928,0.707093
0.653435,0.645416,0.671977,0.660436,0.614062,0.717960,0.734276,0.663657,0.679802,0.783217
0.753647,0.676595,0.744626,0.663589,0.738239,0.806248,0.659292,0.732546,0.696643,0.742943
0.666009,0.745183,0.675030,0.655147,0.686532,0.641884,0.771833,0.766965,0.684405,0.687827
0.683696,0.711116,0.607402,0.701387,0.722557,0.694318,0.602334,0.699556,0.728813,0.687331
0.715109,0.704768,0.663516,0.600331,0.542838,0.704317,0.646512,0.656669,0.690229,0.689432
0.656103,0.711506,0.734270,0.641845,0.798564,0.729409,0.776318,0.597282,0.711518,0.678916
0.613450,0.754116,0.622419,0.723926,0.887299,0.742546,0.770831,0.697265,0.632656,0.686094
0.727147,0.640684,0.743935,0.743406,0.624992,0.687988,0.676657,0.730357,0.725208,0.723732
0.719109,0.718210,0.720182,0.700090,0.629076,0.581175,0.706798,0.710817,0.695409,0.689924
0.721257,0.675846,0.730101,0.605816,0.814046,0.680754,0.705346,0.685083,0.648056,0.711484
0.676888,0.699234,0.680449,0.693900,0.687916,0.779060,0.767808,0.666292,0.720712,0.731234
0.667773,0.686480,0.720892,0.762504,0.784917,0.750350,0.736393,0.690691,0.710532,0.723030
0.731563,0.710301,0.677600,0.643397,0.547056,0.837756,0.724224,0.694844,0.689538,0.729606
0.660036,0.685299,0.639624,0.716152,0.703018,0.729186,0.725539,0.691280,0.747311,0.725667
0.674820,0.730623,0.737069,0.665270,0.724881,0.756923,0.699793,0.657813,0.692524,0.647050
0.658250,0.744762,0.726301,0.607654,0.613466,0.610006,0.653950,0.702357,0.663813,0.713460
0.701025,0.683010,0.681382,0.681453,0.647090,0.732127,0.715195,0.666587,0.681805,0.663818
0.705676,0.590219,0.706022,0.563640,0.683097,0.704228,0.643498,0.689048,0.666271,0.699198
0.701869,0.606494,0.663622,0.662510,0.917116,0.701230,0.687204,0.687446,0.648008,0.692544
0.694605,0.676016,0.768402,0.572178,0.712687,0.763858,0.625348,0.658322,0.649046,0.801650
0.720449,0.673968,0.714350,0.733257,0.748868,0.694864,0.683010,0.659754,0.706816,0.667708
0.672020,0.668667,0.741390,0.596039,0.821631,0.513072,0.712301,0.677380,0.696411,0.700423
0.684599,0.644367,0.678649,0.653287,0.825969,0.659059,0.704680,0.706785,0.690956,0.719146
0.718147,0.742066,0.695787,0.539682,0.499323,0.734861,0.715209,0.751300,0.730087,0.712179
0.699928,0.672870,0.692612,0.664624,0.796232,0.674179,0.681294,0.664904,0.700220,0.701364
0.683301,0.706964,0.685800,0.625405,0.795905,0.691851,0.636869,0.677993,0.689885,0.665513
0.691369,0.735050,0.689910,0.735575,0.771697,0.606948,0.663452,0.729434,0.708894,0.671787
0.705751,0.715523,0.724986,0.671289,0.713002,0.745981,0.678556,0.636858,0.689389,0.640683
0.688227,0.706686,0.622971,0.636494,0.628187,0.739617,0.670401,0.683486,0.701536,0.723112
0.694458,0.658335,0.669224,0.685721,0.536941,0.561896,0.693648,0.702419,0.702246,0.693700
0.675836,0.696090,0.599820,0.631369,0.765644,0.645147,0.625432,0.722120,0.748578,0.698853
0.680162,0.676374,0.653670,0.668928,0.722236,0.693671,0.640765,0.690467,0.657998,0.707130
0.702850,0.719686,0.753859,0.720173,0.841040,0.689604,0.602810,0.653400,0.607964,0.602316
0.718478,0.564086,0.698539,0.652423,0.632528,0.736780,0.693980,0.657728,0.684889,0.708870
0.732592,0.681001,0.696361,0.651932,0.751957,0.593457,0.698955,0.639239,0.667743,0.674037
0.704651,0.690758,0.724720,0.677894,0.659216,0.682681,0.749561,0.677181,0.637316,0.690744
0.681746,0.712771,0.630413,0.740778,0.611712,0.711611,0.712875,0.634446,0.731763,0.686215
0.670045,0.697244,0.638816,0.691018,0.717885,0.717319,0.583295,0.692285,0.685785,0.711655
0.701472,0.703336,0.651228,0.587075,0.645450,0.799957,0.652404,0.747530,0.712282,0.743671
0.678714,0.706550,0.696989,0.728053,0.730322,0.718723,0.702995,0.699254,0.692181,0.680367
0.699537,0.671752,0.594938,0.633980,0.543824,0.676697,0.701129,0.680412,0.664153,0.699728
0.713115,0.663917,0.738792,0.665477,0.629840,0.717981,0.748744,0.689105,0.706658,0.683573
0.690287,0.668009,0.705013,0.670707,0.634653,0.699598,0.704309,0.678370,0.709101,0.669584
0.658414,0.714218,0.618063,0.780901,0.804255,0.748264,0.729320,0.623938,0.707074,0.687268
0.698878,0.673952,0.682362,0.637295,0.576584,0.801606,0.701817,0.714893,0.679075,0.705258
0.694595,0.632321,0.700033,0.615784,0.772017,0.508931,0.722083,0.696386,0.735333,0.657189
0.708454,0.683250,0.688403,0.773594,0.640126,0.808298,0.696772,0.725467,0.689666,0.697470
0.645581,0.735222,0.711802,0.638008,0.792131,0.621265,0.697782,0.698307,0.684159,0.744733
0.748731,0.716045,0.722897,0.650030,0.492458,0.681213,0.657871,0.693735,0.683079,0.617096
0.747018,0.678886,0.675278,0.660538,0.521737,0.712829,0.768781,0.706037,0.717605,0.669265
0.682856,0.727468,0.751506,0.687711,0.684344,0.728281,0.712726,0.605700,0.776866,0.699222
0.677801,0.678458,0.700956,0.723588,0.612119,0.698929,0.724913,0.691086,0.721577,0.690733
0.749255,0.716937,0.678250,0.719248,0.945676,0.820042,0.734042,0.686134,0.740823,0.714761
0.725024,0.684536,0.699427,0.733397,0.708138,0.583499,0.683840,0.642356,0.727941,0.729261
0.701578,0.733610,0.712201,0.749198,0.729843,0.587259,0.669900,0.666530,0.649701,0.705361
0.624485,0.701663,0.655302,0.714107,0.914665,0.776510,0.684427,0.690326,0.713682,0.697823
0.690516,0.691310,0.739492,0.682508,0.729385,0.695194,0.690543,0.682446,0.732933,0.676808
0.672952,0.710342,0.727179,0.708768,0.848292,0.765354,0.712147,0.695895,0.718062,0.689890
0.697416,0.713772,0.729703,0.734962,0.579128,0.791659,0.753520,0.685369,0.684994,0.690286
0.708439,0.644388,0.708484,0.680680,0.889195,0.707177,0.676078,0.721946,0.684545,0.683061
0.698126,0.665689,0.749379,0.734691,0.598464,0.676646,0.705251,0.695187,0.714390,0.691948
0.734506,0.718787,0.694325,0.673090,0.691016,0.721789,0.715212,0.717561,0.688877,0.712664
0.697507,0.716035,0.736357,0.789914,0.847861,0.767314,0.652283,0.621885,0.672044,0.628596
0.705729,0.696966,0.713908,0.654065,0.547762,0.721478,0.684834,0.750562,0.700065,0.674212
0.683124,0.743402,0.691052,0.679458,0.705024,0.601938,0.669400,0.677979,0.696147,0.710147
0.695871,0.666311,0.692139,0.732637,0.494182,0.687291,0.649314,0.683456,0.722475,0.697858
0.642831,0.668782,0.706975,0.684890,0.696987,0.717433,0.722342,0.700938,0.693542,0.731028
0.689416,0.638854,0.697155,0.752904,0.840393,0.620034,0.692081,0.761304,0.724456,0.659622
0.672893,0.665418,0.719728,0.786794,0.603682,0.804570,0.643698,0.639389,0.685664,0.760020
0.701422,0.705386,0.660415,0.727033,0.482245,0.707628,0.705822,0.698247,0.703897,0.673704
0.682241,0.755804,0.728676,0.622455,0.789773,0.692062,0.686615,0.712226,0.736882,0.707176
0.768501,0.722318,0.708804,0.662214,0.633451,0.719527,0.650029,0.672925,0.669410,0.677245
0.701282,0.719050,0.663752,0.677109,0.637421,0.696918,0.693402,0.705379,0.739506,0.668821
0.722385,0.704946,0.762614,0.688285,0.860738,0.625751,0.630990,0.598460,0.691006,0.661925
0.703256,0.676542,0.725044,0.731054,0.602300,0.608124,0.708258,0.622303,0.722983,0.718426
0.651408,0.701363,0.681821,0.633374,0.635552,0.709758,0.736668,0.697715,0.697766,0.668146
0.679935,0.739798,0.763624,0.629206,0.783316,0.623019,0.711342,0.705609,0.725785,0.655850
0.661983,0.714839,0.686831,0.705445,0.471227,0.685251,0.712728,0.682433,0.684092,0.685812
0.767273,0.756425,0.671970,0.754335,0.647417,0.725311,0.716988,0.709857,0.662882,0.669083
0.700587,0.688550,0.719894,0.724748,0.698885,0.700011,0.743972,0.651828,0.697681,0.693966
0.583915,0.681829,0.650318,0.743104,0.697379,0.750008,0.730839,0.634152,0.684032,0.704337
0.654314,0.714556,0.695312,0.604889,0.630116,0.655036,0.694651,0.713523,0.760142,0.725891
0.649852,0.736569,0.720639,0.512513,0.730988,0.805879,0.727423,0.721613,0.690373,0.737300
0.707920,0.674286,0.709240,0.800577,0.770954,0.722177,0.677801,0.626129,0.637898,0.718404
0.681428,0.664947,0.740279,0.694858,0.660144,0.678919,0.727067,0.683510,0.712018,0.707775
0.747356,0.714811,0.698348,0.754862,0.689979,0.548502,0.719607,0.696101,0.658156,0.643420
0.721020,0.715260,0.767351,0.750222,0.627066,0.683308,0.693215,0.662363,0.710529,0.732841
0.645694,0.678225,0.728914,0.750483,0.659218,0.669997,0.796887,0.662730,0.697154,0.663382
0.713773,0.690543,0.736914,0.711142,0.657178,0.700135,0.726720,0.720738,0.685001,0.695803
0.688876,0.646242,0.679600,0.659267,0.730911,0.562180,0.610224,0.701162,0.733063,0.662278
0.656487,0.684238,0.747917,0.757915,0.611792,0.763474,0.717475,0.669759,0.716511,0.705528
0.760315,0.709742,0.670483,0.737645,0.650018,0.656374,0.686212,0.707378,0.760634,0.655480
0.704378,0.676341,0.709101,0.665849,0.646768,0.633671,0.682545,0.685596,0.713019,0.683889
0.692261,0.655065,0.687122,0.701715,0.655406,0.718949,0.701072,0.702196,0.719669,0.688500
0.666542,0.683194,0.725397,0.773913,0.664669,0.588549,0.688687,0.620263,0.683679,0.663910
0.657455,0.716727,0.701578,0.809325,0.593656,0.729780,0.673396,0.680310,0.712133,0.693913
0.683429,0.707656,0.667926,0.669088,0.637993,0.675214,0.710009,0.687254,0.679422,0.753237
0.658891,0.687570,0.678084,0.698302,0.687753,0.714445,0.694593,0.654371,0.715114,0.703536
0.697829,0.659000,0.713148,0.687983,0.862464,0.686496,0.710392,0.656159,0.717475,0.711050
0.592713,0.663614,0.712962,0.775827,0.628706,0.714202,0.724128,0.722160,0.696890,0.677784
0.712641,0.683847,0.691512,0.641637,0.628292,0.645372,0.706999,0.719046,0.715067,0.670985
0.564983,0.690771,0.769573,0.712888,0.687186,0.665043,0.636855,0.714134,0.678403,0.695772
0.707002,0.747588,0.685072,0.677565,0.624101,0.609667,0.647395,0.658854,0.723974,0.704998
0.696042,0.704264,0.666577,0.789726,0.811835,0.564706,0.704270,0.622595,0.713085,0.720666
0.669366,0.647700,0.753303,0.711823,0.585551,0.634485,0.681081,0.736268,0.703465,0.708499
0.723450,0.694364,0.616865,0.748479,0.788005,0.683601,0.764642,0.634432,0.717223,0.701753
0.686109,0.772337,0.724105,0.659206,0.538882,0.696929,0.633865,0.674748,0.703758,0.679190
0.721653,0.696200,0.717585,0.730238,0.566241,0.712949,0.633716,0.665868,0.746946,0.666751
0.682114,0.714457,0.724709,0.756537,0.543723,0.657624,0.628857,0.702671,0.707163,0.711861
0.718206,0.695199,0.671921,0.670365,0.653045,0.667110,0.753558,0.725869,0.710494,0.661109
0.688465,0.701840,0.723743,0.705342,0.624944,0.752970,0.661250,0.680360,0.699576,0.674989
0.725036,0.705147,0.774613,0.751762,0.772165,0.675814,0.657445,0.710508,0.662016,0.698088
0.660249,0.728803,0.732489,0.734098,0.674126,0.607887,0.648877,0.691613,0.662361,0.709468
0.764890,0.712520,0.691590,0.704843,0.704682,0.655047,0.712393,0.693001,0.684873,0.657571
0.692974,0.732493,0.755746,0.701018,0.556996,0.741504,0.735875,0.703801,0.699338,0.679152
0.704860,0.634024,0.650414,0.742224,0.359293,0.744095,0.661625,0.747986,0.633325,0.722366
0.662675,0.665496,0.703667,0.634632,0.682915,0.803911,0.709729,0.638733,0.693117,0.702039
0.697112,0.659915,0.851458,0.754215,0.618196,0.777636,0.738459,0.734129,0.691529,0.674253
0.740732,0.708167,0.618452,0.639515,0.586017,0.627147,0.728486,0.669162,0.687868,0.686942
0.722144,0.680117,0.622107,0.694053,0.712176,0.626766,0.721355,0.717168,0.726171,0.747739
0.689272,0.696123,0.792797,0.709287,0.692620,0.754008,0.772267,0.660003,0.683563,0.672481
0.684180,0.690899,0.717706,0.705222,0.683317,0.720549,0.686476,0.705127,0.700970,0.715968
0.700710,0.687255,0.732086,0.672445,0.688905,0.640412,0.671237,0.647575,0.707907,0.688156
0.695075,0.658249,0.597047,0.673123,0.851089,0.726511,0.649889,0.690613,0.695587,0.703682
0.720595,0.672962,0.781047,0.803201,0.561774,0.665141,0.590174,0.646631,0.726813,0.735957
0.670805,0.738570,0.633676,0.774978,0.741592,0.636332,0.734892,0.683676,0.678641,0.675928
0.722018,0.679923,0.647410,0.637899,0.863649,0.747156,0.659548,0.702990,0.650740,0.716119
0.693104,0.693029,0.759672,0.679698,0.803683,0.829046,0.595949,0.727634,0.692114,0.666280
0.725335,0.711341,0.694470,0.643052,0.334808,0.666079,0.666838,0.742269,0.681772,0.672085
0.713099,0.658979,0.664311,0.752625,0.552392,0.825591,0.694440,0.759502,0.686836,0.742833
0.704650,0.727866,0.677104,0.737389,0.520799,0.818789,0.682994,0.710615,0.690496,0.699314
0.646205,0.732003,0.720591,0.774217,0.622133,0.714135,0.650715,0.696494,0.679357,0.705069
0.701288,0.670697,0.664202,0.640809,0.836006,0.596451,0.722494,0.725308,0.670094,0.694329
0.717950,0.748617,0.722696,0.579717,0.736968,0.710085,0.683372,0.757061,0.677962,0.728361
0.681851,0.708824,0.682867,0.524840,0.739332,0.861397,0.756514,0.763007,0.712780,0.685701
0.651356,0.679989,0.688529,0.814308,0.594390,0.633778,0.640967,0.711318,0.688110,0.703882
0.680358,0.690780,0.737146,0.710656,0.692089,0.708140,0.739353,0.694060,0.712717,0.681840
0.714091,0.738979,0.718744,0.709774,0.648676,0.567572,0.750503,0.720581,0.697733,0.750139
0.707001,0.650421,0.665113,0.668659,0.347888,0.593507,0.702028,0.706571,0.688924,0.726646
0.709286,0.691649,0.694727,0.658569,0.582460,0.787502,0.722852,0.728047,0.695072,0.664580
0.753963,0.720643,0.642033,0.670712,0.650333,0.639159,0.700119,0.634068,0.732378,0.669472
0.687061,0.674768,0.694960,0.601229,0.589656,0.739257,0.723770,0.738325,0.703117,0.739383
0.681513,0.625130,0.731731,0.717314,0.565415,0.735405,0.652085,0.676160,0.724633,0.731269
0.673076,0.695997,0.707701,0.695856,0.749376,0.611005,0.695553,0.702898,0.683729,0.679319
0.675130,0.720366,0.689427,0.711949,0.541531,0.723240,0.756719,0.672092,0.668265,0.683412
0.675557,0.720236,0.689111,0.703932,0.365038,0.665945,0.675495,0.676451,0.696020,0.696845
0.704645,0.700561,0.780597,0.718219,0.681542,0.732569,0.741100,0.681223,0.714846,0.709306
0.693121,0.703378,0.600013,0.676942,0.593120,0.738375,0.573603,0.669072,0.732356,0.687921
0.694640,0.697739,0.720616,0.737587,0.489595,0.653572,0.743069,0.688224,0.709447,0.695528
0.660747,0.647512,0.658899,0.605844,0.623003,0.680303,0.715209,0.699054,0.722077,0.682147
0.667777,0.673792,0.665135,0.699752,0.572025,0.767906,0.711967,0.684993,0.705588,0.742475
0.687872,0.644744,0.695474,0.645280,0.925617,0.672357,0.705710,0.698415,0.710420,0.711594
0.740453,0.638565,0.678676,0.805698,0.574853,0.759973,0.695774,0.579571,0.715924,0.688889
0.664128,0.693451,0.702091,0.683851,0.568737,0.682173,0.717724,0.705960,0.709454,0.694231
0.726352,0.729132,0.694639,0.696584,0.588534,0.794334,0.690693,0.644655,0.706181,0.717324
0.639240,0.660795,0.666806,0.696613,0.852993,0.540632,0.758707,0.653409,0.714313,0.691335
0.713432,0.674417,0.689081,0.702759,0.690730,0.699674,0.684442,0.716457,0.669770,0.692522
0.718597,0.761645,0.665621,0.653619,0.737322,0.610530,0.732693,0.740986,0.634675,0.679982
0.702640,0.713716,0.699698,0.687255,0.613788,0.693807,0.679524,0.705090,0.699665,0.709517
0.693470,0.675589,0.764266,0.667010,0.731660,0.735368,0.747059,0.709725,0.666409,0.676912
0.702733,0.660646,0.720196,0.663654,0.708129,0.761787,0.664442,0.649615,0.636370,0.675645
0.678320,0.708862,0.678167,0.701789,0.622569,0.673562,0.711245,0.682118,0.695582,0.686196
0.669403,0.682024,0.716512,0.648980,0.685058,0.769985,0.706437,0.685808,0.685624,0.706005
0.720426,0.712628,0.667879,0.719203,0.744207,0.717249,0.719516,0.690045,0.671558,0.713216
0.648175,0.695837,0.713809,0.684479,0.815991,0.618297,0.702868,0.727760,0.690515,0.693879
0.642867,0.704835,0.741527,0.644841,0.495165,0.649771,0.675664,0.739962,0.687043,0.645523
0.690226,0.716121,0.646766,0.683251,0.609189,0.679159,0.652582,0.687690,0.694560,0.685522
0.677982,0.699557,0.737357,0.635998,0.571170,0.598679,0.694862,0.720339,0.663289,0.698586
0.698000,0.771683,0.673854,0.647806,0.698895,0.722588,0.669021,0.689038,0.650835,0.697989
0.702244,0.551186,0.735231,0.678693,0.602745,0.699783,0.617669,0.712231,0.633421,0.663166
0.705606,0.665603,0.704751,0.704928,0.665800,0.642525,0.727128,0.646938,0.656124,0.698013
0.711702,0.692681,0.702859,0.646989,0.825303,0.727998,0.725144,0.701918,0.719085,0.642973
0.632416,0.716060,0.682767,0.658665,0.526319,0.699764,0.684150,0.720359,0.669263,0.663680
0.738647,0.669545,0.731230,0.553970,0.895952,0.677162,0.699006,0.688765,0.664755,0.718717
0.668878,0.683994,0.651651,0.578215,0.745616,0.857359,0.749440,0.751789,0.665668,0.646892
0.685289,0.697131,0.708606,0.762484,0.425130,0.635425,0.723510,0.693647,0.714774,0.716413
0.668660,0.701667,0.709446,0.762270,0.595654,0.615621,0.687119,0.696263,0.676576,0.680585
0.678946,0.710655,0.658184,0.702321,0.889871,0.662674,0.751633,0.730430,0.695961,0.751222
0.733326,0.703619,0.727186,0.598059,0.462779,0.754987,0.630887,0.711718,0.689351,0.659419
0.700018,0.684191,0.677556,0.736797,0.656744,0.695972,0.698701,0.705930,0.698626,0.724207
0.681980,0.729455,0.752394,0.713984,0.810299,0.583801,0.709230,0.640553,0.704097,0.718460
0.748332,0.686459,0.767934,0.701655,0.637990,0.689681,0.714204,0.720152,0.734514,0.683450
0.737531,0.683177,0.556224,0.661932,0.797237,0.685231,0.847110,0.699893,0.674116,0.713633
0.717277,0.700075,0.696178,0.575530,0.921578,0.784122,0.622085,0.694092,0.679583,0.724873
0.712512,0.665310,0.649583,0.707255,0.737178,0.747956,0.752360,0.641500,0.739373,0.774571
0.758941,0.642734,0.689651,0.734746,0.869755,0.632677,0.679613,0.646480,0.614631,0.672633
0.671848,0.695816,0.650140,0.735500,0.702976,0.692137,0.639140,0.678158,0.724134,0.671973
0.698946,0.676863,0.725629,0.819980,0.684284,0.698068,0.716727,0.699946,0.620308,0.692973
0.733450,0.668135,0.691653,0.638984,0.589466,0.770773,0.770603,0.629413,0.681028,0.660441
0.722169,0.688395,0.674662,0.749154,0.637353,0.775142,0.743727,0.716587,0.695856,0.690777
0.672858,0.675596,0.664261,0.696747,0.349915,0.666793,0.678504,0.634282,0.654205,0.668892
0.684403,0.654343,0.694809,0.805632,0.789584,0.683793,0.667184,0.722314,0.698983,0.708907
0.676662,0.689697,0.709781,0.701207,0.843779,0.763916,0.678885,0.692927,0.714818,0.676677
0.666250,0.667179,0.706370,0.706563,0.696849,0.758559,0.683131,0.675988,0.711092,0.716052
0.741699,0.733737,0.688765,0.690506,0.712642,0.610291,0.716522,0.718614,0.687434,0.704061
0.699100,0.709094,0.706254,0.791632,0.599316,0.630210,0.621240,0.729584,0.647242,0.754801
0.741967,0.713637,0.685442,0.707787,0.686386,0.587786,0.758065,0.747789,0.707265,0.631136
0.717797,0.710173,0.731229,0.678855,0.781919,0.591001,0.697894,0.603494,0.760474,0.676807
0.702124,0.713929,0.702379,0.700780,0.727494,0.513656,0.708417,0.738037,0.693681,0.697072
0.709504,0.660992,0.744880,0.622919,0.847382,0.667678,0.687718,0.657575,0.634321,0.696442
0.699604,0.695433,0.678662,0.796025,0.516920,0.696572,0.686717,0.639904,0.708626,0.678191
0.669970,0.659775,0.693351,0.627838,0.602155,0.794929,0.681197,0.702486,0.709275,0.705584
0.704538,0.672096,0.591235,0.672086,0.569580,0.653225,0.580328,0.683995,0.678516,0.684247
0.714536,0.657401,0.676190,0.695731,0.348693,0.660926,0.721929,0.690357,0.671654,0.688180
0.725896,0.741460,0.624259,0.554589,0.765477,0.788011,0.810457,0.731546,0.714134,0.687823
0.672751,0.749290,0.729021,0.635483,0.842973,0.604247,0.690444,0.603372,0.725936,0.740389
0.675742,0.665119,0.694103,0.692598,0.654990,0.761037,0.686228,0.713398,0.680217,0.708056
0.624602,0.789250,0.680753,0.787602,0.876784,0.848278,0.697670,0.691394,0.642809,0.755271
0.660333,0.750760,0.679748,0.709337,0.909858,0.753295,0.729143,0.727241,0.705535,0.717310
0.607780,0.704366,0.790187,0.779406,0.541475,0.698982,0.746829,0.665226,0.673765,0.749570
0.741487,0.669945,0.689848,0.699970,0.928176,0.772839,0.712089,0.679812,0.743569,0.697892
0.676110,0.681385,0.721311,0.699014,0.717307,0.720064,0.649864,0.687254,0.700872,0.728078
0.670383,0.784137,0.661852,0.599199,0.750054,0.620843,0.742091,0.720028,0.716377,0.702794
0.675987,0.764191,0.644492,0.682232,0.712293,0.655841,0.664401,0.719987,0.699431,0.693480
0.622616,0.703331,0.710223,0.731172,0.677452,0.603312,0.650315,0.748550,0.628100,0.699070
0.683762,0.778759,0.688987,0.817690,0.672101,0.547036,0.682181,0.735446,0.687799,0.730610
0.726156,0.678627,0.708212,0.706611,0.766459,0.693837,0.670182,0.713300,0.720155,0.695050
0.717239,0.704891,0.630988,0.617582,0.892534,0.789778,0.635522,0.707308,0.660346,0.682333
0.617676,0.733732,0.781508,0.627165,0.682686,0.707407,0.595383,0.794282,0.677334,0.690058
0.692378,0.674939,0.691388,0.700755,0.736321,0.635981,0.681288,0.712578,0.696768,0.686549
0.701457,0.680987,0.674339,0.740476,0.490392,0.761102,0.679765,0.668593,0.675389,0.697569
0.709813,0.646905,0.674879,0.681765,0.636233,0.667989,0.690804,0.723339,0.687729,0.681207
0.653895,0.723246,0.673093,0.732294,0.574682,0.673509,0.733627,0.640659,0.704204,0.715391
0.700766,0.663212,0.646955,0.726904,0.722051,0.682321,0.688204,0.719446,0.652940,0.636479
0.699090,0.665640,0.648384,0.773147,0.747623,0.622929,0.724677,0.722905,0.702597,0.655269
0.755432,0.721579,0.634279,0.804368,0.754323,0.571896,0.728555,0.754256,0.724549,0.675434
0.683140,0.686314,0.715411,0.639642,0.613688,0.627082,0.682261,0.688667,0.661926,0.711826
0.676618,0.699205,0.691349,0.678293,0.659692,0.701376,0.671656,0.688162,0.658887,0.714377
0.700790,0.721302,0.693090,0.649031,0.819728,0.674389,0.685510,0.723517,0.720630,0.686369
0.684987,0.673232,0.627194,0.671053,0.762543,0.674663,0.623719,0.719914,0.708643,0.701487
0.673608,0.668451,0.681688,0.705761,0.571630,0.710521,0.761352,0.695411,0.710040,0.721683
0.659138,0.581671,0.731112,0.767937,0.917306,0.727079,0.678346,0.791986,0.688616,0.711980
0.697528,0.761410,0.703546,0.692648,0.750410,0.643718,0.700868,0.703809,0.681325,0.697959
0.686899,0.708657,0.750190,0.683125,0.700265,0.737236,0.654349,0.710139,0.706741,0.703363
0.653087,0.677076,0.764471,0.747721,0.764709,0.733242,0.668384,0.701597,0.687137,0.664511
0.697933,0.653353,0.711178,0.584324,0.640023,0.555758,0.721828,0.698617,0.717744,0.664206
0.714895,0.654505,0.657213,0.793715,0.758227,0.701068,0.675534,0.696130,0.647614,0.684109
0.644432,0.729838,0.733908,0.701222,0.640505,0.756382,0.658630,0.710697,0.695391,0.672693
0.721614,0.651188,0.706524,0.799934,0.852600,0.683167,0.683393,0.791650,0.623868,0.716857
0.692816,0.741060,0.668499,0.719290,0.542533,0.810206,0.647755,0.681961,0.658319,0.685503
0.644714,0.755165,0.644912,0.642280,0.533298,0.814909,0.735096,0.796649,0.661410,0.701607
0.669281,0.686445,0.716913,0.620133,0.877625,0.671588,0.713800,0.692702,0.710487,0.695093
0.678112,0.704637,0.694640,0.692766,0.649570,0.660119,0.692551,0.693009,0.690893,0.679820
0.677853,0.730354,0.705843,0.608678,0.760950,0.621850,0.692292,0.662620,0.664258,0.715367
0.669565,0.711756,0.682907,0.732829,0.739791,0.781583,0.686026,0.660042,0.680629,0.711778
0.741121,0.714486,0.745800,0.709138,0.725494,0.679623,0.688805,0.591340,0.741561,0.771780
0.681779,0.693946,0.689135,0.701982,0.712685,0.725829,0.737886,0.682908,0.665129,0.708631
0.709360,0.610849,0.686540,0.740253,0.564603,0.711503,0.697918,0.705628,0.653683,0.677025
0.687592,0.757506,0.712403,0.730405,0.886464,0.770385,0.710598,0.746898,0.700815,0.711753
0.678171,0.654017,0.650597,0.610745,0.653770,0.696404,0.770806,0.738169,0.732046,0.647062
0.697925,0.696759,0.609476,0.619882,0.834602,0.798614,0.612355,0.699393,0.668449,0.690763
0.712795,0.694048,0.741318,0.509692,0.729087,0.839981,0.662877,0.684629,0.744726,0.712140
0.748695,0.710837,0.695527,0.553431,0.587049,0.812950,0.681222,0.724044,0.655446,0.712803
0.689038,0.674776,0.709436,0.690524,0.571792,0.785572,0.683052,0.651421,0.687911,0.732653
0.665345,0.745776,0.654967,0.636094,0.699914,0.701027,0.659567,0.686757,0.692249,0.661505
0.725803,0.716905,0.727459,0.750156,0.720861,0.546453,0.747866,0.634615,0.677781,0.685226
0.703235,0.712366,0.761330,0.712583,0.612057,0.685814,0.710132,0.694088,0.726894,0.698977
0.694959,0.734289,0.700003,0.721300,0.633213,0.683506,0.714938,0.696506,0.713099,0.681914
0.662740,0.700207,0.697126,0.745956,0.566115,0.727731,0.694616,0.709711,0.692406,0.714657
0.697204,0.675364,0.746846,0.732785,0.563215,0.706986,0.693744,0.660374,0.692825,0.689566
0.642277,0.733498,0.664704,0.658799,0.682175,0.708843,0.631623,0.716969,0.646575,0.712132
0.746343,0.726274,0.729765,0.714525,0.762529,0.687918,0.805429,0.696125,0.694896,0.668653
0.674067,0.650724,0.608333,0.687156,0.816918,0.599345,0.650640,0.750943,0.696137,0.694484
0.669187,0.639853,0.701965,0.694915,0.593504,0.724811,0.687018,0.715442,0.725247,0.683825
0.737751,0.644601,0.725598,0.660310,0.798055,0.673456,0.719220,0.721188,0.683056,0.719441
0.731838,0.671442,0.728969,0.694379,0.632018,0.680758,0.671685,0.719951,0.680773,0.677858
0.673828,0.690648,0.763839,0.746706,0.589265,0.654844,0.641314,0.653265,0.672346,0.671934
0.702036,0.691620,0.683483,0.719200,0.491912,0.771511,0.687862,0.713861,0.679547,0.756313
0.629916,0.675749,0.695724,0.801085,0.670081,0.709209,0.709892,0.668058,0.666658,0.663869
0.675619,0.686656,0.723671,0.714386,0.720785,0.750357,0.696567,0.705682,0.699449,0.712840
0.670553,0.653841,0.650189,0.696345,0.524894,0.677903,0.693043,0.717600,0.674142,0.699866
0.670736,0.639471,0.679845,0.738612,0.702325,0.799596,0.710172,0.721371,0.691811,0.686663
0.705634,0.725743,0.698718,0.663746,0.499212,0.751181,0.719199,0.709656,0.660193,0.675410
0.694770,0.685721,0.718752,0.744048,0.507642,0.689577,0.691025,0.687108,0.695498,0.703960
0.677689,0.704922,0.703066,0.679662,0.548457,0.695228,0.719802,0.693065,0.711059,0.688449
0.698629,0.693652,0.727168,0.553803,0.679740,0.624593,0.679266,0.668470,0.642589,0.685599
0.690059,0.661428,0.694802,0.718269,0.542166,0.692923,0.722739,0.670095,0.725235,0.692310
0.696694,0.698750,0.609127,0.670736,0.587535,0.766901,0.755804,0.740082,0.682947,0.706553
0.713769,0.686448,0.669426,0.671160,0.658465,0.721552,0.698921,0.718450,0.661835,0.713297
0.734287,0.701306,0.689921,0.699528,0.739036,0.714976,0.721127,0.699852,0.705661,0.675319
0.659731,0.688372,0.652622,0.669707,0.757676,0.813200,0.671322,0.701472,0.711934,0.720724
0.698690,0.685243,0.665289,0.638174,0.804814,0.706623,0.668478,0.703495,0.670885,0.688312
0.732815,0.723876,0.721865,0.727994,0.557905,0.681585,0.624686,0.673301,0.719037,0.702397
0.702860,0.684885,0.660402,0.660500,0.647520,0.672100,0.713296,0.650176,0.668960,0.677751
0.679518,0.674140,0.691555,0.743653,0.486851,0.633188,0.721737,0.683731,0.725524,0.695507
0.685331,0.663815,0.695445,0.802393,0.727983,0.667642,0.722886,0.734988,0.739775,0.697137
0.709373,0.706267,0.722074,0.738454,0.690331,0.648549,0.721393,0.667836,0.688425,0.661193
0.708348,0.706197,0.642884,0.650646,0.861870,0.774177,0.659724,0.701075,0.656859,0.713120
0.699806,0.677485,0.693927,0.695901,0.674735,0.719034,0.717767,0.726936,0.685978,0.705486
0.691228,0.617594,0.638443,0.699427,0.711374,0.677839,0.653079,0.667738,0.689008,0.694386
0.729377,0.704850,0.703884,0.685794,0.651337,0.721524,0.707181,0.666181,0.704883,0.655075
0.689541,0.700813,0.704689,0.580238,0.711956,0.740535,0.694822,0.678998,0.713463,0.695001
0.742512,0.690719,0.754305,0.663824,0.814397,0.664747,0.661921,0.703297,0.698596,0.727751
0.690160,0.730400,0.681536,0.723086,0.715154,0.670031,0.676552,0.689714,0.742099,0.766353
0.656159,0.688936,0.727179,0.733409,0.640175,0.789014,0.750924,0.706807,0.724283,0.674604
0.687076,0.697119,0.675106,0.723769,0.512322,0.682545,0.676253,0.703957,0.705179,0.702939
0.628949,0.659488,0.714234,0.676246,0.694311,0.569416,0.707638,0.662199,0.709751,0.682785
0.679193,0.718657,0.738217,0.707326,0.687747,0.677705,0.707572,0.686999,0.703944,0.699421
0.684879,0.705017,0.636509,0.843167,0.631255,0.722681,0.793043,0.704889,0.637824,0.617669
0.667321,0.748535,0.666238,0.581741,0.796291,0.709516,0.685034,0.692845,0.723986,0.689476
0.703325,0.715199,0.729952,0.715584,0.701705,0.716678,0.715108,0.713085,0.728029,0.706221
0.668212,0.664955,0.699665,0.734329,0.554712,0.617729,0.722984,0.654185,0.706480,0.740075
0.688837,0.643927,0.716643,0.680591,0.639219,0.678359,0.650782,0.687967,0.646334,0.625232
0.716099,0.672059,0.646307,0.751642,0.529260,0.682215,0.692156,0.707520,0.701517,0.683644
0.719698,0.651337,0.723816,0.738463,0.776875,0.635728,0.691918,0.629410,0.704555,0.755052
0.725965,0.688217,0.729516,0.637891,0.640814,0.683149,0.666436,0.680254,0.693460,0.662728
0.745449,0.744743,0.725037,0.659499,0.829224,0.600331,0.683125,0.659754,0.682024,0.689801
0.698731,0.695226,0.697258,0.681874,0.719353,0.723066,0.700973,0.680779,0.703648,0.688998
0.707626,0.669643,0.725100,0.627836,0.827224,0.589112,0.692272,0.728112,0.702191,0.672251
0.699933,0.728142,0.635597,0.741380,0.526324,0.530313,0.696832,0.699849,0.717421,0.706634
0.698250,0.692608,0.666181,0.648683,0.694406,0.646913,0.675882,0.700968,0.683895,0.684011
0.720089,0.725502,0.705024,0.767796,0.679655,0.622027,0.743629,0.731310,0.685490,0.690868
0.692193,0.700478,0.656495,0.706867,0.491488,0.689114,0.745310,0.705327,0.663103,0.690811
0.694019,0.682958,0.682471,0.678504,0.552534,0.701647,0.675609,0.710922,0.705303,0.707257
0.672354,0.698752,0.717486,0.632338,0.753811,0.699286,0.682436,0.676775,0.675718,0.697721
0.652653,0.703809,0.726449,0.650352,0.611522,0.643638,0.677309,0.695406,0.697765,0.706948
0.697706,0.712904,0.650124,0.707983,0.705794,0.599023,0.700421,0.773531,0.707961,0.708011
0.707838,0.701134,0.734750,0.688320,0.625541,0.706302,0.722012,0.700219,0.685295,0.676801
0.704326,0.695191,0.668208,0.684494,0.761172,0.675642,0.774831,0.695383,0.720259,0.663803
0.709121,0.632857,0.722087,0.578505,0.579701,0.599391,0.677395,0.676185,0.676669,0.688376
0.683794,0.700742,0.771118,0.698015,0.618524,0.760996,0.629630,0.735239,0.716296,0.733217
0.671562,0.606451,0.681662,0.743202,0.659630,0.663149,0.715100,0.709550,0.709711,0.679245
0.695557,0.658736,0.675263,0.726702,0.805021,0.596088,0.715713,0.718747,0.713801,0.670805
0.662143,0.659192,0.664797,0.752799,0.870239,0.712178,0.716477,0.639903,0.645025,0.657987
0.680774,0.716354,0.717939,0.734582,0.567205,0.734646,0.615632,0.633230,0.673079,0.703009
0.740823,0.704590,0.659363,0.797590,0.657578,0.554199,0.721330,0.585481,0.767874,0.733230
0.696656,0.688286,0.766170,0.691536,0.724880,0.721027,0.768779,0.689940,0.678984,0.698589
0.662403,0.684414,0.686916,0.673562,0.516691,0.644907,0.753605,0.694043,0.670149,0.709374
0.728901,0.756087,0.705736,0.728918,0.796581,0.770737,0.667942,0.619290,0.678649,0.690909
0.723711,0.719928,0.709488,0.730277,0.767088,0.520237,0.734195,0.678930,0.681883,0.712866
0.674989,0.679980,0.705923,0.660015,0.596245,0.637897,0.717476,0.685629,0.716593,0.693584
0.707690,0.740406,0.736925,0.722554,0.669539,0.631037,0.759511,0.720076,0.692346,0.682932
0.691876,0.750892,0.619210,0.810227,0.774367,0.590887,0.715335,0.642760,0.719910,0.667856
0.751108,0.698332,0.628903,0.746406,0.784940,0.720698,0.684192,0.647193,0.597765,0.702894
0.671135,0.651390,0.737047,0.723439,0.811775,0.707771,0.763109,0.641377,0.694912,0.654988
0.686877,0.692093,0.688224,0.634901,0.810820,0.594945,0.706672,0.691974,0.671554,0.678745
0.729455,0.769428,0.710715,0.724969,0.570718,0.683510,0.701074,0.675096,0.595504,0.688418
0.638034,0.636200,0.733872,0.599217,0.646151,0.665497,0.683834,0.705983,0.745847,0.676257
0.697998,0.688667,0.744305,0.695415,0.820964,0.746362,0.718436,0.693764,0.699607,0.685690
0.698431,0.743313,0.662017,0.673294,0.598558,0.643848,0.648180,0.693665,0.737390,0.683645
0.743729,0.719014,0.683883,0.780400,0.734167,0.629519,0.670996,0.698322,0.645037,0.709496
0.709640,0.714055,0.682502,0.685790,0.613552,0.660950,0.681319,0.660883,0.699937,0.696637
0.677174,0.650601,0.750967,0.743695,0.800594,0.709652,0.725879,0.718302,0.637081,0.706664
0.760736,0.778108,0.706196,0.795367,0.681653,0.722181,0.652840,0.608369,0.664787,0.692847
0.760891,0.681020,0.666139,0.835480,0.765033,0.779539,0.683823,0.675610,0.649159,0.692165
0.773165,0.703443,0.633973,0.603230,0.656883,0.680616,0.689664,0.711084,0.711291,0.621760
0.709004,0.710432,0.693612,0.751657,0.949052,0.798873,0.716893,0.672892,0.780832,0.679802
0.619007,0.701457,0.725418,0.654472,0.782949,0.673869,0.706517,0.714182,0.716496,0.664851
0.703912,0.688775,0.708939,0.664359,0.674454,0.719207,0.694596,0.761576,0.691977,0.693048
0.715779,0.742290,0.771077,0.719505,0.659585,0.807811,0.665903,0.696658,0.731446,0.715912
0.629524,0.720959,0.648286,0.695023,0.625691,0.853207,0.762040,0.708611,0.634009,0.678515
0.687546,0.620699,0.624575,0.651594,0.663761,0.688419,0.736706,0.705079,0.660072,0.682260
0.706872,0.636464,0.664353,0.664709,0.836370,0.708295,0.649746,0.727601,0.687662,0.693764
0.729494,0.710487,0.700224,0.689955,0.762120,0.774585,0.728030,0.658490,0.637922,0.681483
0.674587,0.700311,0.650567,0.713539,0.511982,0.753403,0.717969,0.752487,0.660390,0.640219
0.745667,0.638259,0.679312,0.692580,0.512909,0.668572,0.661764,0.641753,0.739439,0.711031
0.677252,0.605580,0.694749,0.707153,0.628845,0.676721,0.697497,0.658787,0.658869,0.740549
0.671241,0.630084,0.723233,0.666418,0.593250,0.608769,0.747574,0.658130,0.736037,0.705081
0.686964,0.632289,0.674723,0.649845,0.895118,0.637300,0.716053,0.730193,0.672014,0.675364
0.728537,0.629816,0.665262,0.641401,0.720434,0.724456,0.693754,0.690552,0.708902,0.715687
0.690887,0.690242,0.663848,0.722275,0.782557,0.519410,0.690784,0.762542,0.708689,0.692313
0.711809,0.668881,0.696032,0.722028,0.539576,0.759450,0.722721,0.694669,0.680772,0.712015
0.691064,0.687836,0.710091,0.732622,0.614663,0.755945,0.727879,0.638365,0.699428,0.700076
0.688824,0.691347,0.724815,0.739844,0.590069,0.551158,0.674253,0.688093,0.731549,0.712588
0.695932,0.616915,0.600492,0.700265,0.628416,0.684790,0.631068,0.581806,0.682397,0.678854
0.683543,0.696713,0.721505,0.650448,0.630968,0.794074,0.737750,0.665566,0.728611,0.680738
0.698886,0.705864,0.760754,0.637786,0.625490,0.810739,0.681720,0.710879,0.668248,0.624087
0.709242,0.672321,0.667397,0.676861,0.767512,0.676018,0.669618,0.695152,0.695802,0.703399
0.726645,0.689887,0.701046,0.760187,0.652921,0.724710,0.713810,0.702155,0.709382,0.741028
0.652799,0.696068,0.631464,0.649021,0.465025,0.706719,0.758108,0.718799,0.738285,0.765497
0.721513,0.708407,0.709439,0.626155,0.785084,0.757161,0.748661,0.714565,0.685329,0.692420
0.697629,0.623386,0.621866,0.612176,0.766310,0.545408,0.642742,0.700876,0.689859,0.691417
0.681355,0.677297,0.645180,0.719077,0.424833,0.675031,0.700791,0.757752,0.673629,0.706636
0.724045,0.589310,0.736616,0.645167,0.633530,0.685670,0.669533,0.675401,0.771995,0.721444
0.702750,0.705881,0.607427,0.687594,0.436036,0.626874,0.593447,0.650578,0.684883,0.672775
0.726771,0.721148,0.683576,0.729554,0.669399,0.741453,0.711746,0.735231,0.704876,0.667392
0.700738,0.676208,0.733869,0.722758,0.631899,0.745342,0.697929,0.670857,0.719498,0.706425
0.674629,0.686128,0.633006,0.662185,0.823553,0.712452,0.591344,0.707678,0.712247,0.713839
0.668437,0.682199,0.698316,0.811779,0.816691,0.752478,0.668391,0.762488,0.746861,0.707006
0.717432,0.714488,0.644234,0.737313,0.682797,0.672493,0.734164,0.618735,0.706338,0.671792
0.696863,0.676108,0.761523,0.611790,0.680118,0.736994,0.697106,0.704985,0.695424,0.693702
0.693775,0.713592,0.663915,0.565628,0.789584,0.653734,0.644255,0.646247,0.715034,0.704917
0.706273,0.643303,0.688731,0.757664,0.722997,0.715046,0.714165,0.686433,0.659881,0.753472
0.691913,0.704743,0.719670,0.751577,0.590234,0.611437,0.721379,0.709879,0.692024,0.720831
0.693578,0.704658,0.745163,0.783058,0.654430,0.685778,0.728824,0.747976,0.659838,0.756967
0.677660,0.693068,0.693066,0.756633,0.783404,0.528901,0.734862,0.733567,0.735234,0.705888
0.677267,0.653221,0.671681,0.701605,0.850151,0.761006,0.689748,0.764400,0.716479,0.689317
0.713497,0.710001,0.722152,0.753902,0.716252,0.794678,0.637683,0.704181,0.662711,0.754955
0.706559,0.695991,0.753602,0.671551,0.618088,0.733459,0.675760,0.683927,0.671601,0.647447
0.693815,0.723849,0.722235,0.786618,0.750866,0.722748,0.671347,0.728684,0.718224,0.685681
0.669199,0.674331,0.676448,0.692341,0.678909,0.668835,0.625099,0.626512,0.703500,0.702273
0.724901,0.682315,0.648314,0.709593,0.540628,0.771187,0.737718,0.622056,0.709978,0.691126
0.699097,0.689937,0.762072,0.684993,0.786185,0.767564,0.739043,0.684138,0.687781,0.683888
0.708234,0.628811,0.737427,0.661438,0.474699,0.749602,0.687331,0.637195,0.682899,0.735293
0.693167,0.700080,0.749165,0.713460,0.718758,0.723012,0.760649,0.684157,0.728733,0.692739
0.707276,0.695073,0.691221,0.684173,0.664065,0.747503,0.701574,0.690096,0.696400,0.684654
0.663217,0.705899,0.729278,0.684145,0.671348,0.682183,0.713423,0.707629,0.682876,0.706090
0.676442,0.675239,0.695167,0.732235,0.696826,0.695610,0.662678,0.694407,0.697958,0.724233
0.702096,0.684641,0.694593,0.679444,0.620164,0.762235,0.704536,0.683474,0.681134,0.695815
0.704445,0.608233,0.689322,0.707283,0.546000,0.807648,0.683706,0.626953,0.660534,0.682934
0.707805,0.782558,0.699557,0.651427,0.750735,0.658931,0.697589,0.797917,0.659827,0.719860
0.707683,0.725781,0.772732,0.684747,0.656475,0.729479,0.791232,0.668592,0.672510,0.704216
0.747486,0.679718,0.705290,0.730651,0.781252,0.603626,0.735375,0.711740,0.697542,0.758344
0.698056,0.679021,0.687087,0.597713,0.710247,0.696457,0.703856,0.677431,0.727145,0.733559
0.689983,0.699183,0.717045,0.672301,0.665653,0.657958,0.702115,0.697144,0.705930,0.702204
0.715481,0.715467,0.635243,0.616276,0.773232,0.729587,0.664369,0.649166,0.720139,0.698590
0.695587,0.736290,0.714745,0.687833,0.684714,0.486991,0.681485,0.706556,0.669459,0.660425
0.718212,0.666238,0.706408,0.727088,0.793867,0.741050,0.678097,0.731395,0.706171,0.735395
0.677447,0.686455,0.706730,0.698596,0.668622,0.577929,0.760332,0.694533,0.704076,0.663700
0.637670,0.683515,0.663943,0.761055,0.759188,0.576186,0.647626,0.682111,0.690621,0.673325
0.679949,0.675321,0.724058,0.611402,0.718017,0.768998,0.765264,0.722292,0.691215,0.742124
0.681508,0.637644,0.699494,0.590698,0.627862,0.675449,0.735338,0.664832,0.714582,0.727825
0.642540,0.724005,0.692592,0.676478,0.869435,0.689524,0.722973,0.681448,0.704685,0.696219
0.708257,0.680498,0.673653,0.712795,0.428719,0.625707,0.710822,0.674859,0.726443,0.700383
0.707991,0.719204,0.703303,0.686373,0.650339,0.700874,0.668558,0.682491,0.737590,0.707269
0.696578,0.725138,0.712962,0.680078,0.799421,0.762719,0.639712,0.715591,0.669024,0.701195
0.768801,0.703665,0.712155,0.761428,0.747613,0.654288,0.695348,0.727346,0.738831,0.677305
0.685602,0.614920,0.686664,0.823252,0.654497,0.783679,0.646253,0.640935,0.721165,0.678784
0.710651,0.707727,0.678455,0.748330,0.691954,0.782500,0.752681,0.587026,0.709298,0.703567
0.692745,0.700749,0.677877,0.663386,0.747836,0.731654,0.674901,0.686229,0.682606,0.690473
0.681628,0.706175,0.771864,0.712102,0.607633,0.687461,0.759318,0.684609,0.688796,0.706524
0.710881,0.686593,0.651822,0.620340,0.561103,0.604635,0.689547,0.671404,0.656320,0.725815
0.672154,0.676948,0.667862,0.670836,0.782459,0.560328,0.717009,0.656214,0.732172,0.687190
0.717654,0.731262,0.672220,0.752669,0.632304,0.804948,0.708802,0.715383,0.710914,0.715261
0.695315,0.749297,0.636015,0.802586,0.678314,0.893326,0.702940,0.702622,0.721942,0.704712
0.687098,0.699201,0.625190,0.722135,0.598537,0.656493,0.734374,0.702240,0.690383,0.686875
0.775677,0.723969,0.676998,0.674115,0.601646,0.716082,0.710430,0.730047,0.750553,0.690100
0.662301,0.735480,0.729853,0.615020,0.549535,0.668160,0.673253,0.655193,0.665080,0.640927
0.669977,0.746015,0.694992,0.670032,0.911706,0.724654,0.669410,0.699570,0.755387,0.692749
0.654336,0.666613,0.705629,0.723862,0.573467,0.701002,0.741176,0.699428,0.616230,0.706112
0.650923,0.713098,0.709605,0.768958,0.830557,0.675741,0.598747,0.665823,0.732072,0.641764
0.708322,0.743847,0.696233,0.672260,0.561984,0.721043,0.771655,0.786964,0.659235,0.650756
0.706927,0.738165,0.643307,0.753061,0.754417,0.728381,0.745713,0.658722,0.680606,0.661952
0.695590,0.642186,0.630221,0.799270,0.612317,0.773973,0.721088,0.639148,0.692734,0.720779
0.682708,0.674458,0.785070,0.663247,0.679970,0.825783,0.769816,0.633907,0.703775,0.720313
0.624287,0.719676,0.657959,0.789841,0.714809,0.554370,0.681263,0.620044,0.687391,0.663367
0.675716,0.688043,0.674933,0.670963,0.777417,0.700089,0.689883,0.693955,0.717887,0.697634
0.691307,0.674877,0.742995,0.699676,0.594904,0.739272,0.750673,0.668068,0.689505,0.730295
0.671954,0.759029,0.628331,0.581293,0.550908,0.673740,0.728623,0.650267,0.656222,0.711683
0.720618,0.712357,0.651611,0.645468,0.647229,0.574199,0.666506,0.664407,0.682093,0.661185
0.700526,0.698263,0.687357,0.571109,0.778875,0.588658,0.690821,0.658803,0.663839,0.700881
0.722275,0.722275,0.743021,0.689357,0.751704,0.671464,0.688982,0.709950,0.657078,0.707276
0.673597,0.720488,0.722121,0.784332,0.912370,0.779185,0.719274,0.641995,0.686435,0.657402
0.698020,0.683772,0.694670,0.683876,0.801925,0.721317,0.682679,0.713147,0.700548,0.691959
0.775647,0.723203,0.737461,0.650270,0.764441,0.679949,0.687468,0.628807,0.670258,0.721351
0.714109,0.651453,0.736860,0.575455,0.641651,0.621057,0.680033,0.785324,0.684535,0.728740
0.688909,0.694961,0.598568,0.683991,0.761754,0.790565,0.605418,0.695896,0.688241,0.701832
0.692949,0.691015,0.697389,0.678891,0.574386,0.754355,0.704864,0.693257,0.704093,0.656431
0.704989,0.667756,0.750118,0.700635,0.696306,0.705358,0.716469,0.684891,0.755755,0.668008
0.665597,0.672600,0.762134,0.624806,0.878695,0.636682,0.673624,0.660848,0.645696,0.691606
0.738161,0.676343,0.691955,0.698487,0.769042,0.535242,0.680205,0.753805,0.659506,0.666278
0.688663,0.678717,0.711094,0.776021,0.651926,0.796970,0.756840,0.658695,0.685539,0.693380
0.701341,0.727190,0.680886,0.795253,0.696496,0.600889,0.661188,0.729018,0.714280,0.681563
0.682442,0.711809,0.646084,0.724853,0.800292,0.746790,0.636078,0.690377,0.735214,0.685238
0.685157,0.707088,0.795374,0.733556,0.535187,0.733916,0.604504,0.705661,0.692353,0.709809
0.672573,0.654791,0.673673,0.668927,0.591442,0.655195,0.688162,0.668313,0.715709,0.696218
0.652073,0.729031,0.701877,0.615596,0.898338,0.738352,0.715148,0.636244,0.752662,0.735689
0.692980,0.704862,0.692243,0.649377,0.971554,0.817740,0.717022,0.705427,0.693689,0.718591
0.717043,0.634084,0.747422,0.691021,0.880791,0.716265,0.660255,0.705437,0.693836,0.630548
0.671253,0.686781,0.681325,0.732887,0.790343,0.707483,0.675722,0.692012,0.657421,0.696296
0.681966,0.738230,0.690827,0.690477,0.911798,0.821214,0.693504,0.691054,0.726363,0.688055
0.753757,0.740183,0.659385,0.707655,0.736991,0.555848,0.791322,0.694862,0.733526,0.738538
0.657381,0.672741,0.690429,0.739496,0.791206,0.672703,0.702147,0.643879,0.692684,0.652392
0.698382,0.739975,0.674475,0.685829,0.510145,0.714132,0.677736,0.696478,0.717035,0.698711
0.685952,0.726449,0.709600,0.717803,0.742989,0.691727,0.727251,0.730476,0.672170,0.666860
0.699617,0.680298,0.695211,0.697340,0.874842,0.612572,0.657845,0.700486,0.673385,0.687886
0.703557,0.700343,0.714508,0.699336,0.567550,0.634128,0.707768,0.706709,0.708889,0.688841
0.674855,0.800158,0.710354,0.701194,0.718004,0.625472,0.679723,0.662585,0.729182,0.730790
0.711609,0.721654,0.691760,0.607300,0.629292,0.694258,0.699171,0.749197,0.685650,0.701177
0.706794,0.665737,0.696900,0.668884,0.767827,0.635302,0.707883,0.687389,0.686209,0.687154
0.702896,0.688590,0.718381,0.703584,0.568248,0.688817,0.722103,0.700320,0.710750,0.682673
0.688696,0.694374,0.652578,0.681174,0.728196,0.708727,0.657911,0.690542,0.718298,0.692794
0.726105,0.692786,0.694031,0.739346,0.752627,0.706597,0.684922,0.611060,0.664679,0.700422
0.699249,0.744195,0.751644,0.691579,0.832816,0.649254,0.717855,0.723691,0.700686,0.684070
0.670872,0.741563,0.726083,0.581551,0.618725,0.792863,0.691429,0.729087,0.655714,0.635985
0.688507,0.662626,0.678845,0.588662,0.688263,0.648645,0.731095,0.656715,0.675910,0.737448
0.694374,0.759656,0.691825,0.784444,0.879861,0.824862,0.673863,0.776377,0.690730,0.695663
0.713484,0.643674,0.635805,0.715126,0.551862,0.636444,0.596448,0.689846,0.698263,0.685275
0.711120,0.688145,0.679584,0.635746,0.825122,0.765925,0.736638,0.650701,0.668706,0.687474
0.671433,0.710855,0.683163,0.724813,0.681397,0.753159,0.688729,0.662684,0.679195,0.705793
0.635511,0.686953,0.715780,0.697900,0.552424,0.802177,0.801791,0.706474,0.649855,0.659728
0.714118,0.698081,0.693896,0.569609,0.666097,0.665761,0.654006,0.625860,0.617201,0.617393
0.675738,0.710853,0.726303,0.761732,0.801196,0.649984,0.670283,0.724202,0.699788,0.670629
0.699006,0.703529,0.717939,0.719182,0.724316,0.662725,0.736116,0.699429,0.641796,0.709148
0.638787,0.670963,0.669423,0.640903,0.655525,0.714738,0.803256,0.707698,0.724455,0.695068
0.631855,0.740318,0.582376,0.730351,0.754716,0.680134,0.791028,0.628557,0.696590,0.654700
0.681725,0.679102,0.717031,0.677941,0.618398,0.749389,0.667081,0.679111,0.698960,0.704390
0.676496,0.730949,0.628850,0.625958,0.672738,0.811651,0.668847,0.744293,0.688977,0.744615
0.681782,0.723903,0.649911,0.690612,0.898657,0.802707,0.629475,0.701066,0.715661,0.701102
0.676235,0.677262,0.640470,0.778690,0.876749,0.764767,0.704603,0.633686,0.742376,0.716399
0.681860,0.676349,0.682042,0.719758,0.776203,0.725559,0.705050,0.653272,0.717727,0.667674
0.732698,0.681111,0.688317,0.582536,0.814497,0.516998,0.640425,0.668952,0.673887,0.704323
0.676819,0.695333,0.728326,0.670173,0.651289,0.721008,0.714086,0.691550,0.711986,0.700336
0.674204,0.679352,0.729993,0.721488,0.500052,0.634723,0.731656,0.626330,0.779096,0.710147
0.665111,0.730477,0.658358,0.696801,0.785509,0.719025,0.723935,0.672559,0.690693,0.677546
0.666118,0.718320,0.710178,0.741084,0.822908,0.706459,0.696826,0.672278,0.744405,0.681169
0.716447,0.707007,0.682847,0.787646,0.541264,0.597152,0.694198,0.640248,0.725790,0.669730
0.698648,0.695271,0.631279,0.649762,0.434708,0.725763,0.733356,0.793832,0.676702,0.711878
0.701917,0.733453,0.672211,0.716236,0.691946,0.761827,0.714987,0.679242,0.693460,0.714550
0.697893,0.704910,0.680207,0.813421,0.532726,0.610889,0.646417,0.609248,0.710127,0.696457
0.647642,0.670727,0.718763,0.774800,0.729675,0.798189,0.707743,0.707550,0.732139,0.691253
0.716738,0.697698,0.711396,0.720815,0.804146,0.626317,0.618015,0.575887,0.657336,0.692964
0.697546,0.704311,0.619977,0.697287,0.833817,0.762516,0.632251,0.691824,0.717791,0.686651
0.693243,0.685477,0.763040,0.731383,0.586133,0.700024,0.725998,0.698041,0.716417,0.679049
0.632042,0.703346,0.745627,0.696513,0.718721,0.601659,0.641482,0.688324,0.650966,0.694142
0.679543,0.703563,0.602592,0.755162,0.752825,0.714162,0.675754,0.697289,0.717480,0.700409
0.692686,0.696406,0.734471,0.705571,0.580080,0.673068,0.717754,0.696564,0.696730,0.690671
0.715308,0.720174,0.661574,0.685829,0.671823,0.802017,0.640712,0.681700,0.650967,0.685244
0.630727,0.637344,0.628677,0.601515,0.645501,0.687285,0.738776,0.684346,0.724804,0.710994
0.714974,0.687350,0.731983,0.712269,0.604095,0.656599,0.664319,0.659319,0.693560,0.707564
0.692587,0.679767,0.697002,0.706553,0.565935,0.704117,0.674913,0.649512,0.714977,0.696869
0.704176,0.662611,0.686208,0.723763,0.666813,0.590271,0.716001,0.676632,0.658401,0.715394
0.713440,0.668663,0.766666,0.705562,0.688231,0.800355,0.603408,0.650338,0.669714,0.645757
0.677856,0.613685,0.646047,0.765180,0.758278,0.820749,0.708136,0.655032,0.659184,0.676219
0.689225,0.728021,0.722759,0.672125,0.690570,0.709198,0.724670,0.709271,0.690702,0.748643
0.701130,0.658302,0.673681,0.560762,0.905942,0.700942,0.684330,0.717791,0.666788,0.695926
0.680152,0.667248,0.732389,0.638233,0.845091,0.653110,0.765157,0.714957,0.721439,0.694856
0.697098,0.658346,0.721161,0.682780,0.389338,0.617421,0.711909,0.690451,0.678830,0.688291
0.673619,0.675302,0.629738,0.759729,0.502295,0.692626,0.749524,0.701314,0.712029,0.687253
0.711325,0.721944,0.743641,0.708071,0.695509,0.784266,0.705327,0.691147,0.701893,0.691449
0.682222,0.715416,0.744836,0.703167,0.744011,0.700344,0.712985,0.710582,0.699353,0.723110
0.744919,0.750436,0.671892,0.681976,0.759556,0.641866,0.777388,0.801198,0.765359,0.606452
0.700626,0.692016,0.731245,0.747888,0.506485,0.693490,0.754155,0.671293,0.707628,0.667651
0.656860,0.668681,0.687948,0.642338,0.577423,0.701127,0.704288,0.682217,0.732885,0.701592
0.652311,0.695155,0.684800,0.671787,0.709096,0.603970,0.706244,0.651304,0.731741,0.679775
0.649373,0.589857,0.701089,0.571016,0.497863,0.595554,0.694808,0.718024,0.776993,0.694390
0.689593,0.686529,0.698453,0.709163,0.615949,0.749355,0.701280,0.684460,0.684625,0.708758
0.716829,0.674713,0.715011,0.681538,0.524826,0.624098,0.692463,0.691253,0.702764,0.682424
0.713394,0.722923,0.681121,0.686894,0.182984,0.650634,0.688583,0.634520,0.695777,0.717397
0.681929,0.698620,0.724698,0.666498,0.839193,0.790943,0.710600,0.645842,0.714844,0.683861
0.661622,0.755863,0.676168,0.714500,0.672883,0.682213,0.754536,0.691794,0.653395,0.672357
0.711448,0.690775,0.707508,0.693659,0.634317,0.659037,0.696620,0.730488,0.695689,0.674215
0.770400,0.711525,0.721050,0.653155,0.807078,0.672106,0.668402,0.623062,0.689136,0.698477
0.728054,0.679552,0.637272,0.796019,0.646749,0.639528,0.721207,0.720947,0.705829,0.712682
0.745166,0.624357,0.678488,0.776606,0.725250,0.780407,0.711347,0.748539,0.692028,0.686100
0.682379,0.648562,0.701481,0.700650,0.683818,0.703678,0.718137,0.725398,0.716905,0.646669
0.644612,0.650283,0.668425,0.769741,0.725470,0.721189,0.644011,0.610612,0.719730,0.692703
0.762120,0.701575,0.778126,0.606747,0.746377,0.567114,0.631222,0.629997,0.696057,0.709306
0.715917,0.774875,0.704554,0.610639,0.767426,0.622872,0.678300,0.660818,0.689320,0.677862
0.665031,0.684305,0.674132,0.728278,0.688682,0.771305,0.650468,0.679344,0.711079,0.664558
0.706019,0.729216,0.739923,0.682113,0.869437,0.595658,0.657159,0.654809,0.689853,0.689853
0.670796,0.723369,0.717289,0.776383,0.746367,0.586891,0.671706,0.763642,0.699043,0.675554
0.708946,0.661716,0.706151,0.624563,0.725891,0.602642,0.649169,0.660002,0.701786,0.661498
0.704697,0.673760,0.692335,0.790935,0.837348,0.723426,0.698806,0.561177,0.648457,0.706895
0.658016,0.727718,0.726618,0.748928,0.815938,0.608496,0.658264,0.756273,0.750376,0.679266
0.741968,0.637798,0.692420,0.592795,0.606853,0.665642,0.681872,0.692723,0.694107,0.677508
0.694111,0.683442,0.678354,0.679485,0.458527,0.724687,0.671615,0.624071,0.681673,0.700645
0.707182,0.721304,0.770100,0.743880,0.678882,0.709265,0.564087,0.697218,0.717111,0.762758
0.713682,0.744082,0.703721,0.760534,0.674223,0.510205,0.749666,0.646407,0.701630,0.690804
0.693625,0.704610,0.668599,0.643919,0.677059,0.582528,0.671573,0.726192,0.686141,0.703976
0.678624,0.685872,0.683845,0.730566,0.776697,0.679163,0.715835,0.740351,0.722286,0.697554
0.660150,0.731163,0.709397,0.763060,0.791978,0.741574,0.663291,0.688821,0.617636,0.692122
0.717980,0.727338,0.689168,0.740694,0.603228,0.776550,0.674349,0.711604,0.695199,0.624059
0.670628,0.661044,0.707931,0.607675,0.955986,0.726531,0.754096,0.678122,0.671218,0.702633
0.707499,0.595506,0.715562,0.714354,0.861701,0.583998,0.603471,0.695813,0.712875,0.639524
0.700329,0.768671,0.760994,0.720389,0.760597,0.704652,0.651668,0.743752,0.695654,0.709524
0.694619,0.722397,0.664658,0.768344,0.152632,0.677788,0.668322,0.701423,0.703443,0.710990
0.727320,0.677285,0.666459,0.691372,0.716585,0.674404,0.656871,0.657061,0.641557,0.698967
0.722356,0.684093,0.711174,0.682013,0.655630,0.697170,0.665702,0.708987,0.679871,0.568638
0.668623,0.692522,0.720234,0.711872,0.801634,0.755427,0.746270,0.669516,0.702814,0.720620
0.698402,0.714600,0.677241,0.636717,0.685776,0.537176,0.688434,0.683155,0.672474,0.727319
0.670694,0.704122,0.725858,0.756931,0.628209,0.703543,0.750644,0.681306,0.709799,0.714449
0.716405,0.651084,0.718128,0.689040,0.867814,0.709256,0.710471,0.677841,0.693371,0.712962
0.658829,0.683766,0.739553,0.704629,0.543773,0.658236,0.657969,0.780474,0.692282,0.692974
0.767972,0.723486,0.686737,0.584270,0.585534,0.718238,0.680080,0.673225,0.626330,0.699580
0.724068,0.677735,0.784768,0.766037,0.758387,0.605607,0.602266,0.734720,0.718849,0.696237
0.689077,0.680930,0.642190,0.690863,0.448019,0.705091,0.741538,0.611318,0.663514,0.740112
0.699079,0.695707,0.636586,0.633612,0.817639,0.770278,0.626783,0.697726,0.698280,0.688243
0.658564,0.710371,0.718280,0.747063,0.579350,0.675936,0.648619,0.699580,0.696871,0.725942
0.715895,0.719178,0.675787,0.806497,0.802487,0.658483,0.711733,0.682311,0.716939,0.730937
0.690226,0.757558,0.708750,0.584494,0.670752,0.705494,0.697184,0.697709,0.706536,0.672040
0.676972,0.692392,0.674205,0.633964,0.782612,0.527127,0.662206,0.721819,0.715293,0.683505
0.690678,0.686887,0.702965,0.670220,0.642641,0.712194,0.669021,0.639725,0.673351,0.680092
0.718315,0.706507,0.753416,0.797275,0.674832,0.675704,0.683756,0.685343,0.718974,0.718279
0.707920,0.679901,0.723395,0.745514,0.582691,0.585780,0.633770,0.662034,0.772550,0.704598
0.744601,0.722094,0.678807,0.659142,0.568628,0.707986,0.687606,0.683775,0.645106,0.693546
0.703582,0.695513,0.774350,0.706505,0.733654,0.713115,0.788714,0.678296,0.712876,0.723122
0.624920,0.670515,0.672747,0.708740,0.630304,0.657528,0.560990,0.654790,0.646150,0.756625
0.709613,0.709232,0.710398,0.692847,0.655956,0.731902,0.653900,0.742086,0.714529,0.698743
0.624516,0.705820,0.659863,0.650412,0.550785,0.702454,0.668640,0.721845,0.657079,0.640061
0.710794,0.699354,0.742101,0.745833,0.671636,0.694310,0.729341,0.679616,0.705056,0.694773
0.675569,0.649569,0.688348,0.811569,0.621013,0.654671,0.668113,0.711100,0.674770,0.725723
0.695953,0.742043,0.694574,0.691661,0.804251,0.600516,0.698176,0.709223,0.684761,0.681565
0.715730,0.689189,0.708193,0.716306,0.608815,0.767210,0.708655,0.707532,0.712283,0.721240
0.733594,0.658307,0.684307,0.725871,0.680205,0.566422,0.712995,0.711682,0.699612,0.712501
0.716674,0.680034,0.732264,0.682963,0.585225,0.677222,0.695504,0.673164,0.717833,0.653979
0.700262,0.694905,0.612539,0.763415,0.665090,0.705085,0.699202,0.642755,0.664602,0.713262
0.700326,0.654586,0.699080,0.745621,0.652431,0.770294,0.717528,0.703680,0.682482,0.702355
0.710466,0.703191,0.702381,0.677199,0.669884,0.736341,0.720672,0.644333,0.677620,0.692200
0.692734,0.675773,0.760078,0.575376,0.622830,0.686169,0.677270,0.652537,0.658992,0.691717
0.702245,0.643618,0.641919,0.724482,0.744263,0.808052,0.656612,0.713554,0.727163,0.694726
0.706308,0.681567,0.699079,0.631373,0.543334,0.592358,0.691373,0.686319,0.687426,0.691553
0.664586,0.670087,0.664140,0.643363,0.576957,0.609281,0.684411,0.739202,0.723838,0.714325
0.691120,0.672671,0.706625,0.670456,0.615627,0.635350,0.688141,0.696381,0.689679,0.691861
0.683547,0.710606,0.707869,0.745062,0.724853,0.544080,0.570989,0.633608,0.646458,0.649812
0.655789,0.765782,0.704144,0.668469,0.547297,0.667902,0.636877,0.662437,0.678105,0.626610
0.751139,0.692550,0.725136,0.775846,0.790868,0.709608,0.674015,0.666331,0.709379,0.680579
0.682746,0.737699,0.672235,0.626069,0.759655,0.645336,0.750112,0.684944,0.687635,0.702947
0.671035,0.748469,0.664925,0.644914,0.520965,0.707224,0.693241,0.696490,0.675151,0.684925
0.694807,0.682593,0.682548,0.718306,0.536950,0.667148,0.723279,0.683730,0.726462,0.694169
0.719493,0.731488,0.598000,0.705047,0.595305,0.825038,0.697420,0.667658,0.700433,0.683348
0.689564,0.681479,0.719207,0.723413,0.879699,0.763645,0.655492,0.745580,0.662691,0.714965
0.659448,0.705922,0.729145,0.761558,0.753459,0.733584,0.660857,0.649484,0.663579,0.693531
0.734755,0.688903,0.662751,0.747718,0.587914,0.683345,0.652081,0.667012,0.627185,0.697823
0.721251,0.755608,0.692735,0.558424,0.501051,0.751750,0.688538,0.775598,0.661684,0.711306
0.657645,0.758993,0.610427,0.651557,0.821108,0.617361,0.653225,0.707177,0.727472,0.665986
0.700602,0.666115,0.667372,0.705352,0.557996,0.536026,0.706936,0.673508,0.724137,0.704936
0.707578,0.738597,0.697966,0.685417,0.790728,0.567924,0.703424,0.735638,0.692100,0.683852
0.690924,0.718213,0.729189,0.747612,0.830572,0.741353,0.749108,0.656781,0.748867,0.657327
0.665503,0.707989,0.705591,0.728869,0.706136,0.555076,0.730448,0.654155,0.670649,0.689981
0.681400,0.697029,0.723992,0.688462,0.671188,0.693853,0.672425,0.695470,0.687862,0.686962
0.674697,0.700089,0.745361,0.804962,0.810356,0.745095,0.680423,0.659479,0.691882,0.714405
0.724849,0.699426,0.696845,0.688337,0.670354,0.753842,0.669740,0.708025,0.657070,0.685646
0.754215,0.613640,0.653889,0.611216,0.722643,0.625666,0.734868,0.712060,0.672304,0.653418
0.680023,0.602885,0.662920,0.798310,0.633548,0.775550,0.676121,0.732604,0.712266,0.705303
0.709001,0.696780,0.665848,0.712820,0.659881,0.758480,0.692742,0.685634,0.727410,0.677270
0.733617,0.734924,0.664346,0.811189,0.748044,0.562868,0.722735,0.697509,0.712660,0.697058
0.681742,0.688169,0.657737,0.651574,0.764967,0.725753,0.631668,0.688215,0.677417,0.693871
0.663353,0.708463,0.689863,0.659295,0.796157,0.581540,0.729021,0.597223,0.761732,0.670303
0.681102,0.673990,0.619326,0.730140,0.702523,0.589735,0.740448,0.699150,0.697000,0.648483
0.723003,0.717426,0.691326,0.833589,0.767811,0.693014,0.711975,0.643844,0.596057,0.660413
0.666932,0.773342,0.680443,0.740880,0.713285,0.490875,0.734958,0.731101,0.689865,0.747438
0.688284,0.719263,0.701241,0.776243,0.756994,0.524665,0.722239,0.719031,0.671509,0.670622
0.717173,0.671727,0.732809,0.708007,0.590137,0.672870,0.718866,0.671861,0.709009,0.635322
0.712109,0.637618,0.682167,0.662844,0.876132,0.714630,0.675340,0.709955,0.626689,0.705791
0.635845,0.694549,0.702795,0.806737,0.848200,0.776794,0.651139,0.677432,0.683938,0.752037
0.639023,0.640823,0.625958,0.737089,0.553711,0.777370,0.685008,0.707132,0.691418,0.652841
0.737230,0.731616,0.719271,0.644009,0.492986,0.728475,0.715750,0.782720,0.695976,0.639133
0.682792,0.701632,0.723748,0.634989,0.604719,0.687741,0.692800,0.669610,0.698491,0.705678
0.700589,0.684822,0.689454,0.735799,0.649356,0.670905,0.717449,0.680812,0.697438,0.694103
0.710297,0.681811,0.643383,0.646423,0.709084,0.728385,0.642319,0.690801,0.661105,0.712873
0.715344,0.680801,0.680302,0.695111,0.659021,0.605505,0.699493,0.718615,0.695470,0.697365
0.695075,0.714540,0.711334,0.741360,0.661650,0.708271,0.733930,0.658502,0.655555,0.670790
0.630737,0.738706,0.683238,0.576625,0.780299,0.729428,0.737452,0.705573,0.729259,0.676992
0.687389,0.706667,0.686374,0.709584,0.751088,0.751090,0.719599,0.690416,0.715274,0.693472
0.688250,0.724226,0.696055,0.710274,0.592116,0.761115,0.685566,0.662861,0.701255,0.705477
0.684819,0.673574,0.712686,0.700144,0.566199,0.687609,0.655653,0.695334,0.717684,0.711898
0.734657,0.756227,0.717754,0.674864,0.708659,0.659098,0.689613,0.714050,0.704523,0.725681
0.678479,0.735703,0.641001,0.751613,0.588461,0.674603,0.684742,0.664305,0.718148,0.685515
0.668706,0.710739,0.758272,0.782596,0.653957,0.728955,0.712412,0.632522,0.694446,0.682472
0.625418,0.646790,0.685654,0.785650,0.545387,0.665888,0.689643,0.671002,0.692582,0.691119
0.730590,0.653851,0.704137,0.720638,0.542144,0.723490,0.719852,0.706898,0.694853,0.705122
0.691436,0.679694,0.640447,0.676505,0.750474,0.778414,0.635080,0.677214,0.713032,0.690125
0.701256,0.710718,0.708320,0.650267,0.874521,0.721052,0.671905,0.670488,0.719972,0.720838
0.660506,0.624916,0.702746,0.608802,0.543509,0.622589,0.686900,0.695724,0.685780,0.696644
0.667113,0.716057,0.729383,0.714909,0.666695,0.701870,0.705040,0.685299,0.698780,0.708888
0.688053,0.720374,0.631219,0.705529,0.672527,0.591148,0.591569,0.681950,0.710438,0.707499
0.703608,0.694491,0.566283,0.673802,0.606998,0.661535,0.589553,0.700802,0.719652,0.686511
0.701061,0.634524,0.743145,0.665529,0.728153,0.721203,0.676585,0.701196,0.721051,0.721270
0.700011,0.719081,0.680927,0.655580,0.795509,0.720908,0.763028,0.700558,0.701372,0.639120
0.682158,0.718152,0.695128,0.692640,0.835247,0.560998,0.690435,0.767604,0.712796,0.695190
0.703104,0.676964,0.743973,0.775110,0.734960,0.530786,0.659505,0.687325,0.683630,0.676144
0.680547,0.735604,0.618711,0.692434,0.833151,0.770000,0.660430,0.709236,0.708453,0.709500
0.682896,0.678644,0.638853,0.753270,0.491539,0.717259,0.722994,0.710196,0.713007,0.715222
0.710946,0.689923,0.741764,0.690858,0.630097,0.656219,0.648564,0.626742,0.691116,0.707067
0.701746,0.696514,0.737393,0.778968,0.782724,0.727850,0.685869,0.707119,0.692258,0.667074
0.733442,0.686347,0.638058,0.768032,0.827171,0.659250,0.696816,0.693302,0.712827,0.729750
0.703247,0.704060,0.693498,0.766290,0.635040,0.778369,0.699667,0.707150,0.669601,0.674304
0.621081,0.714216,0.640625,0.658194,0.626949,0.841508,0.611490,0.679571,0.673072,0.708049
0.686980,0.703284,0.625058,0.672285,0.791959,0.752442,0.630607,0.696152,0.721919,0.682032
0.691490,0.690580,0.682198,0.688612,0.898741,0.645358,0.728227,0.686166,0.681573,0.705782
0.720465,0.722353,0.715043,0.753522,0.641586,0.713025,0.720899,0.707499,0.679906,0.700744
0.628453,0.678162,0.716446,0.714143,0.829616,0.676724,0.753739,0.711937,0.692194,0.666328
0.665354,0.682261,0.680409,0.570733,0.551366,0.698593,0.742222,0.732964,0.713294,0.701549
0.670289,0.685089,0.752789,0.652538,0.860695,0.643768,0.661778,0.673151,0.604987,0.618374
0.721582,0.698257,0.679109,0.623132,0.637968,0.677410,0.730181,0.700017,0.682400,0.665589
0.689694,0.736903,0.655812,0.767129,0.692636,0.695971,0.698985,0.729110,0.706492,0.711950
0.742673,0.637603,0.597497,0.756355,0.658834,0.754313,0.722550,0.694839,0.654535,0.742844
0.673668,0.715965,0.724173,0.707817,0.795882,0.702180,0.697886,0.631359,0.736269,0.637689
0.667686,0.641306,0.725670,0.584897,0.599707,0.742318,0.704464,0.684729,0.724033,0.710204
0.672289,0.712446,0.637829,0.750175,0.596286,0.742598,0.756505,0.678032,0.683985,0.649760
0.694420,0.671191,0.653897,0.696944,0.163481,0.602409,0.672942,0.668293,0.683618,0.707648
0.697012,0.744138,0.721994,0.695179,0.709454,0.694393,0.715165,0.710134,0.735933,0.677456
0.678397,0.686140,0.682982,0.692226,0.786204,0.646302,0.698287,0.742034,0.684533,0.701107
0.731040,0.691855,0.692258,0.571713,0.581300,0.655470,0.724256,0.697939,0.644942,0.686553
0.728097,0.661113,0.640066,0.691391,0.579185,0.703743,0.723945,0.688891,0.676829,0.692730
0.686600,0.688641,0.695371,0.677006,0.805479,0.616448,0.691601,0.736019,0.707518,0.688962
0.692380,0.747161,0.727787,0.649839,0.539730,0.730049,0.617198,0.630094,0.727013,0.691341
0.719321,0.678277,0.667557,0.703184,0.848813,0.695383,0.667530,0.698043,0.751339,0.664795
0.701512,0.696014,0.678265,0.711311,0.662081,0.724203,0.670522,0.711429,0.684652,0.697950
0.679291,0.730955,0.685012,0.745934,0.874271,0.672082,0.750067,0.572258,0.722281,0.724881
0.668053,0.669700,0.732950,0.711241,0.550334,0.705279,0.687654,0.721008,0.701832,0.672450
0.652232,0.796138,0.653285,0.701944,0.583891,0.665177,0.720946,0.688605,0.652400,0.714419
0.707637,0.686940,0.680219,0.627839,0.644394,0.675895,0.685691,0.683371,0.649428,0.690204
0.686680,0.697486,0.677819,0.637306,0.740696,0.585514,0.687478,0.684021,0.691997,0.690108
0.693355,0.686273,0.717613,0.650177,0.697028,0.685711,0.710904,0.714199,0.723623,0.692442
0.715445,0.686610,0.718645,0.616922,0.741277,0.515510,0.712907,0.665716,0.673154,0.689388
0.771627,0.711494,0.671988,0.798675,0.841067,0.683375,0.700305,0.682035,0.687173,0.711968
0.681654,0.701791,0.679390,0.717440,0.617342,0.722837,0.715950,0.654656,0.681976,0.687099
0.700243,0.726914,0.695923,0.750162,0.768759,0.740208,0.702519,0.708412,0.695235,0.694563
0.686468,0.756411,0.657817,0.701381,0.765378,0.773790,0.673224,0.696238,0.649063,0.722755
0.701937,0.657134,0.682288,0.782114,0.638437,0.688901,0.728070,0.671256,0.693807,0.669390
0.698191,0.676338,0.741630,0.666064,0.662488,0.703617,0.759796,0.696633,0.732927,0.642822
0.723932,0.704302,0.709257,0.703615,0.731096,0.702621,0.670249,0.685535,0.699747,0.696104
0.706579,0.714072,0.723595,0.713904,0.820012,0.708924,0.747747,0.719401,0.704684,0.688112
0.707391,0.687538,0.699570,0.530061,0.666959,0.613550,0.704706,0.718121,0.699887,0.716589
0.677844,0.717307,0.717581,0.688848,0.760267,0.710157,0.681500,0.685472,0.696156,0.665686
0.699511,0.670619,0.679290,0.776622,0.747708,0.672608,0.690548,0.753544,0.673836,0.700555
0.714621,0.686749,0.651964,0.697691,0.656510,0.730478,0.725075,0.700000,0.706846,0.693587
0.683011,0.687798,0.703516,0.743711,0.309131,0.642646,0.695387,0.692765,0.716225,0.688743
0.682120,0.707598,0.699298,0.699725,0.765455,0.756429,0.726947,0.671870,0.719519,0.703107
0.695299,0.721689,0.716311,0.609267,0.483994,0.729496,0.689818,0.707221,0.707570,0.684107
0.720143,0.642897,0.703731,0.742381,0.906852,0.732056,0.694619,0.726452,0.736108,0.723115
0.752858,0.609115,0.762353,0.572426,0.619124,0.790384,0.677285,0.741316,0.717123,0.626962
0.642070,0.735647,0.718977,0.689738,0.887600,0.798386,0.702440,0.650457,0.683951,0.700004
0.672845,0.741443,0.746495,0.636654,0.530352,0.772793,0.671210,0.703795,0.692910,0.687160
0.692332,0.733790,0.662197,0.673189,0.681179,0.687534,0.700626,0.698946,0.585091,0.673093
0.690112,0.738135,0.693836,0.729643,0.764071,0.776753,0.750315,0.746671,0.671906,0.686840
0.771836,0.675487,0.734837,0.679351,0.824088,0.737791,0.694948,0.696636,0.715402,0.646336
0.664673,0.690073,0.692458,0.787878,0.826932,0.668438,0.689325,0.624787,0.710902,0.667070
0.721874,0.622159,0.705976,0.743010,0.748320,0.706843,0.649987,0.731019,0.645828,0.633621
0.716534,0.730178,0.709416,0.771115,0.495856,0.726683,0.715488,0.681677,0.717394,0.697531
0.659828,0.713573,0.697029,0.806062,0.687190,0.706136,0.673514,0.654282,0.727317,0.698102
0.671850,0.633644,0.704926,0.691987,0.676397,0.695060,0.703849,0.710090,0.704534,0.620335
0.709786,0.677505,0.656904,0.736979,0.537709,0.731745,0.660864,0.687991,0.686721,0.712798
0.681067,0.680432,0.753194,0.602513,0.792754,0.618527,0.690518,0.671425,0.699160,0.667840
0.734633,0.737361,0.673534,0.733835,0.729638,0.606841,0.726432,0.647448,0.671493,0.678082
0.658023,0.731309,0.695672,0.619975,0.888599,0.639334,0.742859,0.724629,0.724212,0.663909
0.689502,0.676604,0.736582,0.672495,0.603267,0.603133,0.652188,0.741228,0.679207,0.712853
0.709206,0.688604,0.705092,0.757663,0.770492,0.449449,0.691997,0.730536,0.728751,0.699126
0.656890,0.711210,0.590054,0.669816,0.638604,0.680640,0.651810,0.656948,0.703051,0.702344
0.674363,0.699906,0.720206,0.682694,0.872565,0.710979,0.712389,0.680721,0.743887,0.641990
0.713006,0.655252,0.655417,0.677801,0.850600,0.706084,0.642422,0.710983,0.723790,0.682718
0.700916,0.746342,0.613729,0.773460,0.728885,0.722514,0.660466,0.665219,0.687693,0.718378
0.742646,0.749894,0.710809,0.592983,0.733896,0.720564,0.600546,0.684657,0.683963,0.667950
0.696880,0.640988,0.636611,0.646126,0.767240,0.593708,0.623338,0.679636,0.711590,0.683776
0.749516,0.644296,0.682476,0.749169,0.869564,0.619131,0.699778,0.737392,0.676475,0.717855
0.710341,0.651622,0.693960,0.748657,0.505365,0.730129,0.664849,0.675514,0.659525,0.712657
0.705502,0.659151,0.664122,0.663709,0.713071,0.758079,0.772806,0.723024,0.686173,0.689060
0.690761,0.679950,0.740624,0.704351,0.636322,0.698629,0.726700,0.691489,0.707016,0.697620
0.695107,0.658797,0.714657,0.621698,0.568893,0.714267,0.704547,0.770876,0.632615,0.707704
0.689193,0.699884,0.741021,0.730223,0.673869,0.722368,0.697480,0.701117,0.711750,0.712222
0.664329,0.729126,0.719153,0.522173,0.752748,0.758745,0.707113,0.702278,0.682213,0.692788
0.697280,0.667600,0.673803,0.642704,0.640392,0.688712,0.716254,0.639804,0.659985,0.667665
0.716087,0.689315,0.679689,0.699170,0.546540,0.581975,0.722925,0.729158,0.740487,0.693022
0.664847,0.706084,0.715897,0.757649,0.638182,0.673527,0.759128,0.708782,0.709682,0.663235
0.714969,0.714814,0.657607,0.678152,0.624420,0.776655,0.717506,0.705597,0.709966,0.721761
0.702505,0.709524,0.670598,0.722337,0.710889,0.738337,0.642048,0.664005,0.696403,0.680814
0.690880,0.679453,0.773232,0.689327,0.702096,0.764248,0.702037,0.685486,0.702752,0.676154
0.664368,0.650291,0.733210,0.646666,0.694675,0.516990,0.695322,0.701866,0.732623,0.689281
0.706661,0.658296,0.653736,0.618767,0.516820,0.642269,0.715153,0.629635,0.661456,0.723898
0.692711,0.793284,0.650334,0.649037,0.613852,0.643873,0.638073,0.689654,0.696338,0.682030
0.692164,0.696941,0.763826,0.720125,0.670734,0.723629,0.738218,0.711726,0.690668,0.699954
0.681467,0.669838,0.662913,0.694093,0.662668,0.659397,0.665871,0.676679,0.706807,0.695296
0.711770,0.707090,0.720628,0.676864,0.772650,0.850041,0.689550,0.725703,0.714267,0.709618
0.682629,0.669326,0.707738,0.679879,0.613452,0.684453,0.687080,0.740287,0.695997,0.695258
0.694788,0.738252,0.736247,0.516704,0.705078,0.850717,0.699853,0.684437,0.676515,0.678694
0.764101,0.659209,0.664171,0.703121,0.903678,0.691399,0.704117,0.693342,0.603253,0.690726
0.695760,0.685309,0.681351,0.760219,0.729970,0.563082,0.682541,0.692703,0.713446,0.680254
0.710008,0.679255,0.678309,0.705330,0.684267,0.789204,0.691679,0.608792,0.737498,0.694942
0.708630,0.718917,0.660818,0.613268,0.602318,0.623616,0.718658,0.697056,0.728613,0.679650
0.686165,0.688040,0.706656,0.680009,0.830993,0.779521,0.738572,0.663869,0.684983,0.651234
0.717754,0.704166,0.676166,0.594328,0.535745,0.743902,0.646818,0.712006,0.659815,0.655207
0.672049,0.719321,0.709359,0.734572,0.729299,0.575294,0.695985,0.700527,0.646915,0.704573
0.703975,0.688137,0.747344,0.672496,0.744120,0.760740,0.708792,0.710075,0.687586,0.708200
0.697346,0.669627,0.685346,0.769449,0.709368,0.801767,0.694300,0.654491,0.705626,0.685836
0.625385,0.770078,0.690901,0.597035,0.817914,0.659059,0.755437,0.704181,0.647420,0.674989
0.663806,0.760205,0.708683,0.778558,0.785952,0.673694,0.665521,0.692351,0.718748,0.681066
0.680110,0.674650,0.727941,0.729513,0.681915,0.629012,0.712648,0.693843,0.733944,0.698321
0.685599,0.659909,0.712052,0.748777,0.653178,0.760649,0.703309,0.720629,0.687571,0.689659
0.746365,0.759442,0.726333,0.530625,0.867700,0.719441,0.718161,0.730056,0.670774,0.714573
0.666252,0.685115,0.734994,0.686060,0.454376,0.666765,0.736309,0.747330,0.744625,0.676995
0.738083,0.748736,0.689420,0.706621,0.738301,0.618711,0.697271,0.657741,0.737394,0.681707
0.662280,0.685807,0.673750,0.731127,0.685758,0.589542,0.696603,0.710189,0.698100,0.675541
0.708163,0.682561,0.541170,0.714966,0.722467,0.723001,0.520901,0.661199,0.716545,0.699954
0.693610,0.703362,0.686609,0.708056,0.681855,0.716657,0.699913,0.720771,0.720640,0.692037
0.712603,0.692008,0.770915,0.607266,0.635710,0.623126,0.640009,0.724775,0.745947,0.649840
0.710244,0.702514,0.685857,0.663126,0.829316,0.706774,0.709928,0.646224,0.708706,0.746051
0.693168,0.655360,0.670575,0.710772,0.438020,0.623110,0.643079,0.672417,0.696321,0.722331
0.744865,0.683726,0.724501,0.689999,0.642710,0.655604,0.739591,0.709042,0.710967,0.686060
0.738443,0.671256,0.682609,0.683227,0.673857,0.697103,0.807206,0.662516,0.717042,0.676980
0.696365,0.661558,0.735094,0.736645,0.674753,0.730699,0.636256,0.628089,0.669146,0.691481
0.664124,0.723798,0.685209,0.649816,0.855881,0.753411,0.672061,0.682500,0.686383,0.692758
0.670278,0.709630,0.662440,0.707493,0.729486,0.799413,0.638952,0.697072,0.726111,0.687884
0.689502,0.723306,0.713258,0.695946,0.760572,0.747768,0.710314,0.674262,0.701638,0.701700
0.697468,0.700041,0.713088,0.733932,0.607332,0.689498,0.702782,0.696424,0.723203,0.715732
0.667025,0.700157,0.661198,0.770602,0.776654,0.526607,0.735531,0.730848,0.693558,0.688585
0.696479,0.695089,0.701296,0.586994,0.498707,0.794850,0.707204,0.770855,0.695689,0.681654
0.666366,0.643997,0.651919,0.798873,0.844336,0.603883,0.724431,0.592153,0.745992,0.677854
0.689597,0.704893,0.677184,0.708233,0.747089,0.627954,0.669064,0.725566,0.721853,0.688353
0.686163,0.707370,0.725878,0.687756,0.420190,0.671460,0.633163,0.707499,0.672404,0.698491
0.689084,0.725812,0.714208,0.719843,0.567012,0.661819,0.683005,0.699721,0.690842,0.722464
0.695512,0.658649,0.683317,0.749692,0.623837,0.704016,0.724651,0.743393,0.667702,0.712474
0.652601,0.695058,0.629506,0.703443,0.765547,0.687918,0.668436,0.670254,0.660913,0.697160
0.759085,0.723879,0.716538,0.672400,0.764872,0.703112,0.730250,0.732239,0.650613,0.679125
0.688661,0.648159,0.639698,0.663607,0.685122,0.662699,0.716604,0.755689,0.705285,0.688808
0.675478,0.671355,0.694121,0.714707,0.569054,0.665892,0.734650,0.664369,0.699240,0.697573
0.672684,0.724561,0.725679,0.640000,0.597374,0.657695,0.691361,0.707473,0.654368,0.731386
0.677577,0.702617,0.670692,0.719307,0.864112,0.767255,0.689668,0.751404,0.608778,0.673554
0.741031,0.755558,0.642158,0.695230,0.763275,0.841151,0.758962,0.673462,0.703786,0.686215
0.674767,0.689850,0.731800,0.721493,0.625956,0.752583,0.709686,0.685444,0.691110,0.711490
0.700714,0.707196,0.695308,0.721716,0.575427,0.690621,0.719632,0.723369,0.694559,0.674772
0.767683,0.783351,0.671136,0.638693,0.802572,0.610598,0.759278,0.641649,0.709951,0.691583
0.687204,0.706065,0.691502,0.723098,0.509847,0.671468,0.686068,0.694182,0.725434,0.692434
0.621992,0.697257,0.735984,0.674368,0.689337,0.705533,0.700482,0.713585,0.721578,0.746261
0.667096,0.692344,0.744036,0.711900,0.735308,0.641374,0.679941,0.682460,0.706866,0.709391
0.687853,0.627590,0.687618,0.497802,0.607310,0.730110,0.718643,0.721917,0.658989,0.668305
0.677612,0.677257,0.654836,0.699430,0.824879,0.629333,0.714304,0.770992,0.696250,0.681957
0.653202,0.702332,0.762257,0.655471,0.727314,0.726477,0.694390,0.712840,0.739157,0.678184
0.661543,0.727938,0.699078,0.710822,0.568800,0.651770,0.646660,0.747273,0.659131,0.703636
0.682121,0.700313,0.689433,0.701613,0.645573,0.732861,0.698249,0.677803,0.688525,0.726515
0.698602,0.686088,0.684247,0.711772,0.721808,0.705464,0.682977,0.685171,0.729062,0.690068
0.702281,0.742660,0.686663,0.646379,0.691841,0.691345,0.701605,0.714594,0.714993,0.680678
0.745245,0.679478,0.655046,0.755513,0.540868,0.642312,0.707480,0.755590,0.666010,0.685542
0.754499,0.649016,0.625588,0.861759,0.799428,0.654718,0.714395,0.720410,0.691167,0.673969
0.715867,0.697888,0.772431,0.705058,0.722016,0.712836,0.729379,0.670877,0.722312,0.706698
0.707067,0.652788,0.671638,0.725953,0.590408,0.671296,0.694870,0.682183,0.629091,0.738344
0.736457,0.683663,0.768994,0.650466,0.629153,0.716089,0.617005,0.691320,0.715691,0.702256
0.723480,0.714031,0.740560,0.667756,0.764709,0.619525,0.635261,0.673974,0.725120,0.667822
0.676106,0.679921,0.751103,0.771981,0.541097,0.676238,0.781536,0.692794,0.697380,0.696725
0.777510,0.663372,0.704117,0.653698,0.644374,0.686946,0.683285,0.634535,0.754500,0.721256
0.707766,0.707023,0.683016,0.690658,0.625338,0.765788,0.666650,0.717346,0.663769,0.683017
0.709026,0.712623,0.716441,0.596104,0.590892,0.681317,0.675243,0.642664,0.629332,0.756630
0.686349,0.660585,0.748894,0.670539,0.746121,0.735806,0.678630,0.687973,0.631306,0.709642
0.691675,0.758164,0.665940,0.763600,0.674634,0.641856,0.710849,0.683537,0.642897,0.682809
0.616713,0.709934,0.761657,0.818283,0.742720,0.640364,0.747116,0.723366,0.620789,0.666243
0.679273,0.684079,0.709370,0.675776,0.710270,0.662251,0.689845,0.728044,0.709354,0.658097
0.692356,0.709633,0.647024,0.741176,0.763464,0.753441,0.578836,0.722521,0.722231,0.668534
0.697642,0.691998,0.723780,0.619808,0.664709,0.676735,0.656612,0.683539,0.730620,0.689151
0.690483,0.710315,0.720315,0.621614,0.970870,0.828540,0.718942,0.705274,0.697280,0.698971
0.676228,0.689175,0.704257,0.589735,0.706655,0.676552,0.662290,0.627190,0.674886,0.704825
0.694366,0.649912,0.711753,0.733716,0.677108,0.747382,0.722827,0.709334,0.679657,0.659026
0.730706,0.694386,0.666590,0.688374,0.710732,0.636530,0.792674,0.654187,0.710509,0.684232
0.664259,0.604460,0.619346,0.699032,0.811191,0.544750,0.720824,0.646830,0.743943,0.768275
0.681697,0.687762,0.681200,0.582096,0.504764,0.640820,0.693853,0.718514,0.683053,0.688569
0.622487,0.691193,0.729994,0.677360,0.928481,0.770741,0.701654,0.692197,0.640568,0.637297
0.716550,0.716572,0.667144,0.735419,0.607742,0.634844,0.692096,0.723600,0.691623,0.688539
0.675961,0.705358,0.664133,0.734073,0.589915,0.759142,0.670790,0.721664,0.629053,0.691678
0.704032,0.669128,0.654444,0.594158,0.758600,0.674388,0.733636,0.683717,0.689649,0.735189
0.723350,0.741457,0.742522,0.658196,0.572200,0.762512,0.742228,0.662724,0.726088,0.736294
0.692755,0.684607,0.729183,0.749776,0.514702,0.691519,0.716333,0.682212,0.702166,0.695476
0.701992,0.670168,0.719139,0.741772,0.506459,0.657007,0.719449,0.697180,0.724614,0.698562
0.702483,0.677049,0.688111,0.750158,0.586160,0.790224,0.690933,0.762265,0.719743,0.755521
0.631651,0.755596,0.728038,0.560361,0.715189,0.709238,0.705154,0.765723,0.689860,0.732816
0.698706,0.665490,0.724242,0.715031,0.753902,0.613223,0.699170,0.733453,0.694478,0.669732
0.636824,0.690582,0.679006,0.693139,0.600875,0.704359,0.716638,0.722007,0.682804,0.655947
0.647275,0.722498,0.694406,0.715851,0.955700,0.814993,0.716284,0.687698,0.743529,0.729482
0.699428,0.703337,0.712967,0.782488,0.818017,0.678424,0.589143,0.725476,0.719865,0.709305
0.682144,0.678806,0.581135,0.653854,0.809895,0.788464,0.607256,0.716973,0.716740,0.703828
0.678834,0.712118,0.727671,0.666213,0.768834,0.626725,0.634584,0.665664,0.665254,0.739558
0.686882,0.674615,0.661716,0.748404,0.763941,0.749759,0.690758,0.728464,0.702355,0.705847
0.671959,0.712701,0.675207,0.665796,0.742798,0.724439,0.763874,0.697901,0.694364,0.698366
0.685289,0.668661,0.724377,0.762273,0.532995,0.726744,0.611536,0.680958,0.664902,0.645079
0.703002,0.733022,0.775052,0.706021,0.793831,0.664377,0.750842,0.717429,0.718377,0.724059
0.678293,0.660255,0.734082,0.710188,0.786403,0.722319,0.701083,0.710448,0.730352,0.695172
0.676197,0.709926,0.741820,0.752788,0.730765,0.509545,0.679502,0.753885,0.683281,0.706731
0.669650,0.649234,0.612478,0.690678,0.799336,0.751242,0.699772,0.671617,0.654646,0.702588
0.698630,0.674085,0.663451,0.766450,0.710058,0.580301,0.685457,0.726183,0.689478,0.684135
0.674259,0.696871,0.679296,0.754173,0.699777,0.627307,0.714836,0.697545,0.675674,0.682095
0.699291,0.701974,0.682856,0.724789,0.755807,0.696698,0.727074,0.727586,0.722585,0.692145
0.706098,0.668289,0.676828,0.802771,0.822911,0.772187,0.704257,0.634255,0.703871,0.696662
0.690045,0.718256,0.693407,0.716744,0.679978,0.914893,0.672929,0.710559,0.698015,0.700803
0.642216,0.678514,0.760469,0.677449,0.809579,0.752471,0.576021,0.785691,0.703197,0.718398
0.704187,0.703671,0.640110,0.657157,0.541637,0.711813,0.770867,0.683258,0.660118,0.675202
0.679128,0.724200,0.631538,0.684997,0.764419,0.663328,0.624434,0.716610,0.725700,0.710334
0.695739,0.698376,0.640391,0.671721,0.761282,0.632672,0.637765,0.728808,0.713966,0.668601
0.667046,0.660842,0.744079,0.697482,0.754506,0.656068,0.642196,0.730029,0.635846,0.724647
0.646414,0.692175,0.688962,0.786679,0.763616,0.692902,0.713678,0.737534,0.681925,0.697835
0.672933,0.631417,0.705580,0.763348,0.641647,0.749200,0.641973,0.720194,0.679127,0.699519
0.703885,0.598348,0.759844,0.698510,0.522391,0.628005,0.716505,0.698577,0.667104,0.746562
0.734981,0.771777,0.703540,0.679011,0.631954,0.716551,0.697048,0.667932,0.672204,0.700097
0.714509,0.667592,0.687338,0.798468,0.670852,0.727287,0.758509,0.735091,0.688296,0.713728
0.692692,0.729280,0.745742,0.516311,0.679905,0.723810,0.735912,0.723291,0.648594,0.695747
0.687580,0.667985,0.670995,0.635753,0.926836,0.819466,0.725596,0.706693,0.719313,0.687682
0.634166,0.693574,0.652677,0.770226,0.627243,0.618139,0.677974,0.643487,0.693685,0.657509
0.693098,0.694823,0.690031,0.702149,0.605682,0.696812,0.697660,0.680080,0.697889,0.696487
0.719026,0.700527,0.721429,0.693722,0.595545,0.616771,0.737645,0.665056,0.678109,0.750824
0.672570,0.702941,0.723058,0.748460,0.784373,0.460664,0.738980,0.721125,0.727673,0.689175
0.714080,0.711867,0.715089,0.712783,0.503683,0.728485,0.662953,0.708189,0.705135,0.677397
0.722812,0.649647,0.653416,0.751799,0.479261,0.622099,0.761502,0.660300,0.715170,0.697385
0.690179,0.688469,0.777520,0.690934,0.714353,0.734452,0.778196,0.688022,0.692974,0.696906
0.689930,0.662370,0.717238,0.709442,0.589505,0.662141,0.691718,0.684906,0.653253,0.680874
0.675312,0.645406,0.685780,0.715814,0.578742,0.765402,0.649488,0.688026,0.643001,0.741795
0.699638,0.682865,0.640213,0.694896,0.877202,0.782901,0.696465,0.733704,0.720230,0.729951
0.683543,0.654633,0.676643,0.693748,0.772911,0.538849,0.693108,0.720908,0.690564,0.689375
0.717047,0.691044,0.740986,0.717125,0.670506,0.748317,0.710869,0.701655,0.711794,0.719815
0.691921,0.664933,0.678046,0.709519,0.635601,0.754772,0.691912,0.662531,0.714687,0.711799
0.601957,0.724345,0.681132,0.720622,0.688242,0.801144,0.652187,0.618549,0.665257,0.729639
0.732419,0.691865,0.722620,0.764735,0.675804,0.748162,0.690752,0.694850,0.726761,0.750538
0.728038,0.680948,0.690443,0.814101,0.817088,0.654294,0.690953,0.701385,0.643748,0.692398
0.700444,0.716513,0.686637,0.637823,0.763433,0.687321,0.706478,0.672195,0.709493,0.724079
0.605677,0.606956,0.696941,0.695645,0.622425,0.718564,0.690275,0.651253,0.682769,0.713752
0.716301,0.677259,0.700842,0.636961,0.648337,0.860476,0.640829,0.669159,0.665818,0.706507
0.749419,0.669734,0.686224,0.646217,0.908938,0.667671,0.728418,0.700678,0.698648,0.701390
0.690545,0.705461,0.696874,0.758436,0.806675,0.671570,0.691701,0.635273,0.666012,0.687403
0.701022,0.666571,0.699467,0.741108,0.811598,0.554933,0.702841,0.685566,0.691721,0.695987
0.661803,0.692194,0.714152,0.715391,0.771266,0.660007,0.676399,0.682122,0.681651,0.757204
0.638292,0.740558,0.651775,0.603527,0.876378,0.719664,0.730199,0.708364,0.705625,0.701071
0.692517,0.676624,0.675558,0.740062,0.726814,0.719915,0.705987,0.756708,0.730736,0.716544
0.674319,0.679450,0.719346,0.679083,0.840661,0.610360,0.671219,0.755354,0.706759,0.647540
0.714230,0.784184,0.629701,0.666319,0.778282,0.898539,0.641178,0.653934,0.674954,0.694403
0.676852,0.741219,0.716971,0.762413,0.622101,0.627267,0.715959,0.695048,0.689612,0.681514
0.751148,0.661033,0.738021,0.658834,0.839859,0.572547,0.639370,0.595527,0.714987,0.700597
0.687455,0.648119,0.657335,0.626243,0.592088,0.684571,0.631117,0.697064,0.721212,0.644234
0.637947,0.707676,0.694906,0.765409,0.679048,0.668835,0.697464,0.666806,0.691517,0.702590
0.800038,0.673869,0.662589,0.847632,0.846310,0.691565,0.653432,0.645061,0.713457,0.735865
0.655484,0.684406,0.736043,0.717016,0.787687,0.731072,0.733665,0.699560,0.707328,0.681703
0.598318,0.716912,0.739370,0.782904,0.631221,0.707444,0.677321,0.694252,0.655763,0.741349
0.687152,0.733090,0.702128,0.696213,0.729024,0.567528,0.669999,0.745119,0.706234,0.707417
0.648965,0.696216,0.651655,0.663111,0.705920,0.725836,0.658713,0.655277,0.706983,0.689759
0.713794,0.666335,0.725520,0.651055,0.605104,0.669476,0.769181,0.689768,0.633617,0.674872
0.689207,0.694925,0.736368,0.757297,0.836764,0.757008,0.673073,0.631672,0.563042,0.653215
0.688004,0.658325,0.680536,0.669420,0.812042,0.599393,0.703731,0.679274,0.701523,0.691618
0.669044,0.791001,0.769101,0.723289,0.804273,0.657981,0.626828,0.619937,0.694748,0.659467
0.699621,0.659449,0.625405,0.719950,0.724182,0.571621,0.733675,0.700685,0.649666,0.681329
0.656883,0.690400,0.717263,0.667269,0.635445,0.721575,0.692926,0.725273,0.643929,0.742540
0.699874,0.643018,0.670897,0.562236,0.502720,0.680535,0.713876,0.669426,0.674053,0.676580
0.685768,0.711806,0.683185,0.632299,0.719352,0.701816,0.703782,0.662655,0.696695,0.682323
0.717873,0.686224,0.683481,0.680813,0.699549,0.645427,0.683007,0.693314,0.659018,0.696114
0.678322,0.716336,0.720160,0.683883,0.557795,0.731341,0.749707,0.677774,0.649794,0.698350
0.679197,0.694302,0.711112,0.740671,0.785871,0.519696,0.684557,0.717671,0.733872,0.693270
0.643420,0.736814,0.759318,0.657523,0.791471,0.587733,0.652436,0.687208,0.693362,0.706258
0.719271,0.679531,0.647123,0.617907,0.504591,0.682430,0.748352,0.688753,0.672925,0.701721
0.690128,0.713151,0.706550,0.742199,0.686722,0.680722,0.712347,0.739778,0.708664,0.687397
0.667063,0.731077,0.692202,0.749435,0.760997,0.722668,0.679694,0.672732,0.726054,0.705888
0.724421,0.669531,0.696983,0.759026,0.554363,0.685835,0.648529,0.694452,0.701925,0.726283
0.683946,0.753225,0.697386,0.747045,0.781969,0.730797,0.748885,0.721926,0.676110,0.718742
0.696649,0.646831,0.735806,0.744810,0.513456,0.715868,0.625391,0.732351,0.705600,0.709020
0.644694,0.665196,0.737302,0.694506,0.680580,0.745029,0.684599,0.703908,0.692777,0.735409
0.738433,0.743541,0.728363,0.540645,0.688333,0.800076,0.682692,0.648402,0.666400,0.717477
0.677771,0.648699,0.655052,0.704405,0.879908,0.651818,0.673305,0.684132,0.722669,0.713651
0.688265,0.695648,0.672746,0.734999,0.629319,0.706466,0.719938,0.678412,0.671549,0.666185
0.657578,0.734942,0.654787,0.723751,0.811422,0.773383,0.628812,0.707416,0.738066,0.683743
0.722029,0.771139,0.738158,0.735677,0.717346,0.707608,0.690396,0.644805,0.744012,0.615980
0.711150,0.669329,0.697642,0.788377,0.734692,0.598729,0.671261,0.688618,0.714235,0.697569
0.737925,0.721053,0.719361,0.602862,0.502410,0.769775,0.723763,0.720352,0.670255,0.664486
0.717230,0.694265,0.733824,0.693150,0.782022,0.588306,0.635641,0.719048,0.717470,0.716643
0.764737,0.673037,0.763438,0.519735,0.661890,0.662777,0.663815,0.726692,0.726778,0.635903
0.713113,0.721467,0.627043,0.711704,0.511959,0.713714,0.674485,0.666273,0.696130,0.697172
0.678907,0.687488,0.696252,0.752361,0.747631,0.628807,0.663987,0.712246,0.681321,0.657859
0.582467,0.740572,0.703988,0.671176,0.875972,0.664931,0.741889,0.653761,0.745929,0.719295
0.623445,0.702939,0.760344,0.745760,0.600369,0.659101,0.670170,0.697197,0.688560,0.720296
0.685281,0.657656,0.673928,0.693426,0.623057,0.769663,0.685879,0.685989,0.737719,0.705805
0.727559,0.705650,0.662391,0.696770,0.773831,0.552844,0.691312,0.705921,0.629908,0.634000
0.636433,0.734944,0.754961,0.601345,0.653629,0.627106,0.642238,0.778454,0.670097,0.673028
0.737780,0.669309,0.751825,0.613325,0.615597,0.755415,0.726264,0.664262,0.708157,0.701977
0.747741,0.728959,0.669156,0.714454,0.716168,0.637432,0.694024,0.632327,0.690330,0.712892
0.722667,0.687093,0.691160,0.753237,0.596224,0.688807,0.650967,0.722894,0.689952,0.691845
0.743257,0.743174,0.774983,0.763959,0.801322,0.757343,0.614046,0.658382,0.688650,0.721176
0.698985,0.665837,0.731632,0.628822,0.912436,0.648581,0.697872,0.711605,0.690583,0.679170
0.665597,0.731543,0.736461,0.657646,0.638224,0.738704,0.725989,0.679694,0.682661,0.677610
0.658837,0.708914,0.652974,0.634512,0.650979,0.670528,0.741024,0.735663,0.663678,0.675554
0.689306,0.709379,0.719186,0.698067,0.576958,0.683279,0.734293,0.703452,0.707716,0.719915
0.678876,0.685966,0.638792,0.818024,0.885754,0.750605,0.718280,0.659978,0.737491,0.667642
0.698672,0.641166,0.665415,0.725053,0.639075,0.693004,0.626473,0.686914,0.705819,0.683680
0.682065,0.713639,0.710904,0.656402,0.761508,0.687923,0.667773,0.688145,0.704178,0.710401
0.710685,0.635486,0.690185,0.706164,0.678886,0.675706,0.692914,0.687685,0.685633,0.687156
0.709946,0.649212,0.733539,0.669382,0.664222,0.710159,0.734174,0.693100,0.701327,0.718514
0.665649,0.597739,0.691189,0.711385,0.811830,0.696384,0.703917,0.694712,0.797908,0.710782
0.659740,0.695578,0.736296,0.709342,0.955147,0.804929,0.698392,0.717481,0.706373,0.687011
0.709408,0.721950,0.704913,0.702269,0.512589,0.732592,0.762626,0.744149,0.708315,0.715972
0.660194,0.700019,0.702746,0.703472,0.821361,0.751836,0.675724,0.649650,0.705765,0.672134
0.665167,0.652627,0.687646,0.681470,0.608796,0.602915,0.724952,0.693428,0.746979,0.656925
0.706222,0.657107,0.614091,0.716842,0.586716,0.754977,0.696522,0.696183,0.680623,0.730775
0.710273,0.667553,0.688286,0.636580,0.756927,0.679796,0.718055,0.666541,0.661458,0.701477
0.687812,0.663547,0.687199,0.735723,0.632309,0.664486,0.667054,0.724822,0.717499,0.706964
0.754155,0.694569,0.724959,0.650890,0.651027,0.669818,0.639089,0.699868,0.716745,0.699006
0.747891,0.750613,0.743123,0.715851,0.744907,0.528288,0.701076,0.679943,0.689373,0.668430
0.697067,0.694802,0.722357,0.693870,0.708515,0.715465,0.667037,0.714509,0.655374,0.690104
0.667313,0.708555,0.668044,0.648399,0.802927,0.653139,0.740034,0.742700,0.643594,0.679115
0.682259,0.734615,0.670132,0.752580,0.730232,0.506117,0.689886,0.673923,0.661502,0.640924
0.734699,0.732608,0.731213,0.598876,0.731542,0.776412,0.679503,0.785743,0.683835,0.689973
0.705060,0.716669,0.684240,0.711434,0.625034,0.742900,0.713580,0.672745,0.724486,0.683678
0.753082,0.673245,0.718171,0.722969,0.645365,0.710300,0.651468,0.673006,0.751108,0.694564
0.731570,0.696768,0.674305,0.627543,0.596202,0.650704,0.700874,0.775353,0.737566,0.681896
0.717359,0.815103,0.679577,0.651702,0.780680,0.610571,0.708043,0.676221,0.696107,0.664295
0.692216,0.681563,0.647882,0.689846,0.731505,0.719186,0.676941,0.707830,0.719548,0.698636
0.677607,0.650825,0.701717,0.666326,0.725265,0.655273,0.646723,0.697413,0.724943,0.672535
0.693690,0.715986,0.651719,0.741062,0.726314,0.688385,0.686885,0.711001,0.683765,0.727293
0.669337,0.714591,0.766663,0.658349,0.548332,0.771647,0.647478,0.778300,0.672489,0.645019
0.703350,0.688350,0.692273,0.654938,0.648199,0.686700,0.724812,0.714061,0.713072,0.696294
0.718835,0.714071,0.726733,0.716302,0.707116,0.744775,0.677064,0.726350,0.696685,0.701026
0.685701,0.740159,0.655763,0.718309,0.659189,0.620735,0.689226,0.717523,0.681599,0.699609
0.594643,0.730439,0.676491,0.523203,0.654686,0.725750,0.702987,0.630684,0.647137,0.690687
0.770225,0.640279,0.648839,0.765772,0.666619,0.761974,0.644993,0.672714,0.712939,0.719365
0.729349,0.715459,0.634238,0.691211,0.732971,0.578973,0.749349,0.679566,0.698849,0.728164
0.697431,0.710795,0.749524,0.696692,0.693197,0.674887,0.754944,0.689182,0.700003,0.697702
0.707758,0.704970,0.684746,0.682674,0.805055,0.601567,0.667060,0.720219,0.700978,0.695097
0.672754,0.660462,0.673481,0.604982,0.559552,0.709210,0.695035,0.732556,0.733856,0.689374
0.690222,0.651482,0.634121,0.614125,0.556245,0.710231,0.693655,0.690446,0.726386,0.671994
0.743447,0.675306,0.702719,0.731444,0.798844,0.735956,0.702516,0.618642,0.728730,0.652211
0.592586,0.675742,0.692570,0.726790,0.581795,0.737711,0.706508,0.682718,0.704534,0.630556
0.690284,0.735246,0.693538,0.743136,0.629699,0.662380,0.681867,0.647714,0.671666,0.711623
0.712792,0.644284,0.671359,0.676273,0.673479,0.773597,0.697060,0.750618,0.687491,0.749785
0.657880,0.711942,0.696170,0.757762,0.774749,0.618663,0.676766,0.766925,0.685813,0.723873
0.684258,0.676666,0.673091,0.674836,0.601237,0.641560,0.666496,0.690889,0.712681,0.703404
0.663112,0.634283,0.724180,0.709856,0.599066,0.646467,0.691971,0.695628,0.681588,0.668009
0.722584,0.658023,0.724640,0.658932,0.922163,0.676438,0.680225,0.697107,0.648103,0.697004
0.686069,0.699131,0.671658,0.670785,0.521021,0.766559,0.770325,0.659000,0.658284,0.759751
0.737845,0.706100,0.770972,0.702236,0.878879,0.688007,0.633948,0.645547,0.726526,0.717696
0.698820,0.690243,0.765808,0.695652,0.693407,0.677681,0.761965,0.701258,0.695571,0.704268
0.709481,0.679309,0.718065,0.693886,0.578330,0.688572,0.645277,0.769413,0.742258,0.728590
0.699514,0.670103,0.686968,0.604636,0.810647,0.642541,0.672068,0.711448,0.683073,0.699036
0.656487,0.678796,0.743944,0.710625,0.497488,0.613316,0.626109,0.712179,0.686176,0.725615
0.680793,0.708847,0.733307,0.747897,0.720061,0.584058,0.661701,0.649914,0.688167,0.765602
0.649728,0.735934,0.641590,0.697616,0.788280,0.540482,0.738776,0.667802,0.707008,0.704882
0.709972,0.688392,0.669832,0.670704,0.722939,0.732829,0.627650,0.693074,0.769596,0.713456
0.660030,0.682375,0.673172,0.744456,0.634753,0.682194,0.720241,0.696722,0.705776,0.723606
0.682066,0.693322,0.691954,0.788743,0.741829,0.608237,0.650493,0.703969,0.635261,0.710307
0.666535,0.671682,0.703953,0.725502,0.593318,0.681159,0.717328,0.716961,0.691362,0.711795
0.631834,0.711369,0.771108,0.587076,0.802801,0.784649,0.664469,0.759387,0.683844,0.719453
0.706481,0.699598,0.677507,0.595130,0.790361,0.647698,0.736995,0.712982,0.650320,0.720607
0.707353,0.720810,0.676726,0.642635,0.698979,0.707757,0.720351,0.696654,0.715447,0.624460
0.722813,0.727289,0.656890,0.788510,0.775732,0.843328,0.658235,0.719072,0.726897,0.706220
0.676905,0.674074,0.658086,0.681610,0.801882,0.620526,0.651883,0.700540,0.728036,0.692206
0.608432,0.701881,0.714172,0.754687,0.741449,0.597012,0.749795,0.754227,0.715212,0.665058
0.682293,0.684982,0.726504,0.684802,0.815277,0.638004,0.645811,0.681222,0.721928,0.668792
0.673234,0.678114,0.621640,0.653959,0.724887,0.715390,0.742852,0.670694,0.691767,0.661328
0.688018,0.695487,0.699481,0.724253,0.937903,0.783707,0.669641,0.702176,0.783612,0.689708
0.714714,0.707334,0.681461,0.621563,0.432329,0.659236,0.684681,0.687505,0.653012,0.707311
0.673011,0.690974,0.755493,0.685618,0.514828,0.621321,0.759224,0.677686,0.703305,0.705573
0.675397,0.661910,0.649652,0.722768,0.696360,0.712748,0.653630,0.701786,0.645957,0.695541
0.690229,0.690760,0.693255,0.685343,0.711529,0.724937,0.699094,0.676875,0.700387,0.691398
0.708729,0.662830,0.757941,0.722175,0.622410,0.693127,0.704365,0.698211,0.698606,0.691972
0.653757,0.746547,0.663052,0.633593,0.765842,0.734678,0.679539,0.695644,0.689359,0.642447
0.682353,0.706513,0.714143,0.684483,0.636069,0.644899,0.693443,0.708630,0.665282,0.695079
0.735898,0.733150,0.688108,0.595376,0.818651,0.689755,0.700495,0.713699,0.677530,0.688180
0.679592,0.699346,0.695079,0.732743,0.678370,0.639439,0.683623,0.702085,0.707343,0.703933
0.747618,0.748920,0.718490,0.701885,0.795486,0.653718,0.649879,0.707496,0.636844,0.674028
0.695316,0.697496,0.694448,0.704614,0.851775,0.739045,0.686643,0.689832,0.700888,0.696348
0.677344,0.690150,0.643489,0.722067,0.684366,0.779094,0.669727,0.743017,0.691274,0.647453
0.726285,0.693812,0.646693,0.746289,0.787459,0.607910,0.704661,0.742614,0.649899,0.638397
0.712048,0.697474,0.666145,0.604478,0.835758,0.622374,0.758494,0.728596,0.650255,0.685519
0.678209,0.676270,0.755946,0.670729,0.721843,0.684201,0.679929,0.709636,0.677022,0.684130
0.697107,0.704442,0.713379,0.677790,0.698799,0.693804,0.735433,0.703070,0.712833,0.719028
0.714507,0.670432,0.722174,0.715983,0.672845,0.701772,0.693408,0.680046,0.717341,0.711429
0.732032,0.736332,0.704821,0.615808,0.675563,0.731524,0.722477,0.779110,0.732301,0.707807
0.654967,0.694239,0.710818,0.741930,0.835637,0.712658,0.736363,0.711946,0.763608,0.728749
0.667194,0.639170,0.709027,0.715792,0.887677,0.680785,0.717102,0.761545,0.663618,0.688253
0.617517,0.667959,0.659453,0.805079,0.726981,0.698164,0.686618,0.705450,0.656194,0.703823
0.681358,0.618187,0.766780,0.658525,0.666732,0.785688,0.731293,0.652274,0.750964,0.691378
0.746122,0.731761,0.705306,0.705762,0.956682,0.820104,0.706603,0.683664,0.716142,0.688155
0.686144,0.719509,0.718332,0.711690,0.831719,0.691549,0.702734,0.736865,0.726933,0.676933
0.779405,0.710804,0.737812,0.774837,0.677205,0.670343,0.640074,0.588019,0.752337,0.717428
0.697460,0.705938,0.728063,0.699934,0.670372,0.800026,0.733701,0.739176,0.679618,0.685801
0.675873,0.649162,0.661847,0.756201,0.586580,0.761010,0.705377,0.706162,0.703317,0.691429
0.667934,0.731343,0.739318,0.673524,0.510212,0.629431,0.666323,0.783019,0.752292,0.696644
0.682841,0.657089,0.654434,0.620209,0.621649,0.683743,0.754679,0.658540,0.661961,0.677662
0.674046,0.666648,0.733484,0.662815,0.733921,0.846530,0.625943,0.698876,0.592747,0.703947
0.762528,0.645214,0.731691,0.695736,0.904436,0.755494,0.664406,0.719211,0.657216,0.693923
0.680151,0.665348,0.685485,0.697534,0.643021,0.606613,0.717233,0.709723,0.723341,0.747682
0.705741,0.617060,0.779832,0.588686,0.740448,0.759216,0.638493,0.651270,0.680069,0.707361
0.691715,0.697338,0.753138,0.755229,0.570859,0.613438,0.731097,0.677464,0.675549,0.692894
0.660493,0.750725,0.696637,0.811524,0.861599,0.794078,0.697717,0.709075,0.685233,0.685530
0.666677,0.607391,0.684039,0.665362,0.644761,0.640071,0.694147,0.683377,0.750371,0.704719
0.709515,0.720975,0.649862,0.647567,0.614236,0.717940,0.740875,0.621280,0.620083,0.715885
0.664815,0.714683,0.716140,0.674896,0.708404,0.600565,0.720263,0.637281,0.684370,0.718948
0.695417,0.762940,0.686156,0.780387,0.752755,0.670722,0.700467,0.705271,0.673954,0.696548
0.694870,0.724594,0.584699,0.792051,0.785607,0.829254,0.795034,0.645802,0.619169,0.757590
0.705012,0.681590,0.632420,0.793437,0.472176,0.719500,0.727317,0.649590,0.724892,0.704841
0.708896,0.656303,0.711834,0.698579,0.903186,0.689429,0.675855,0.685603,0.611039,0.704802
0.694773,0.698624,0.592396,0.634292,0.771899,0.752773,0.600078,0.706788,0.706162,0.713093
0.684007,0.766068,0.722640,0.590889,0.708362,0.732253,0.679291,0.677286,0.725729,0.727406
0.688393,0.715102,0.658541,0.726999,0.728628,0.630295,0.758722,0.679831,0.707651,0.678601
0.686598,0.706172,0.688579,0.699265,0.796608,0.583905,0.751968,0.659753,0.680647,0.669727
0.726189,0.725113,0.674671,0.720237,0.719152,0.636015,0.703529,0.678018,0.700911,0.662841
0.702046,0.803901,0.724526,0.763257,0.771354,0.739570,0.600188,0.671591,0.667754,0.692459
0.741017,0.733507,0.653390,0.677208,0.785384,0.768649,0.714283,0.625006,0.701683,0.649379
0.707856,0.769151,0.675119,0.738096,0.748190,0.704705,0.683442,0.778285,0.671826,0.726676
0.677798,0.720078,0.697760,0.744744,0.674583,0.735352,0.689999,0.678749,0.651767,0.665912
0.744253,0.720018,0.675075,0.708939,0.694383,0.562133,0.719644,0.671839,0.711101,0.673589
0.714106,0.706501,0.708124,0.708108,0.447989,0.697505,0.709543,0.688187,0.722296,0.695260
0.762178,0.686754,0.671070,0.861710,0.852820,0.696313,0.707788,0.771274,0.681470,0.715662
0.695757,0.673828,0.750324,0.677307,0.733993,0.751029,0.737752,0.708105,0.684935,0.701252
0.705870,0.704912,0.744069,0.714247,0.753631,0.634049,0.677178,0.715780,0.719070,0.720165
0.717204,0.694446,0.767000,0.690187,0.529406,0.621835,0.699685,0.664514,0.707368,0.668626
0.682589,0.696840,0.711624,0.706054,0.735761,0.763424,0.724017,0.710816,0.711405,0.695563
0.716672,0.704648,0.749725,0.770466,0.711784,0.629728,0.641510,0.700750,0.647201,0.756145
0.707005,0.712932,0.703080,0.717355,0.751608,0.660236,0.727969,0.717203,0.686604,0.695054
0.693289,0.731222,0.722046,0.755846,0.852894,0.815149,0.650331,0.724184,0.717691,0.685602
0.689077,0.702734,0.728131,0.710979,0.701626,0.622785,0.713035,0.719041,0.657802,0.743746
0.639129,0.707289,0.570361,0.681358,0.758888,0.678961,0.665495,0.702450,0.692778,0.648965
0.714458,0.667538,0.690786,0.748971,0.857349,0.780321,0.698952,0.667107,0.713606,0.686185
0.653309,0.760534,0.606214,0.658340,0.632666,0.704033,0.679562,0.697408,0.677639,0.685358
0.660756,0.697942,0.646700,0.629880,0.801819,0.732350,0.704964,0.696738,0.731509,0.668083
0.688288,0.728691,0.672210,0.759428,0.612745,0.747239,0.715767,0.709958,0.699149,0.682382
0.764524,0.682442,0.719153,0.787093,0.917558,0.760104,0.671521,0.642146,0.735196,0.675446
0.693667,0.689980,0.722933,0.645113,0.989671,0.819487,0.699123,0.733957,0.704189,0.672560
0.692850,0.760137,0.668931,0.643595,0.698301,0.670851,0.656536,0.687077,0.721033,0.699886
0.689276,0.660080,0.687657,0.691288,0.714766,0.823253,0.680664,0.692413,0.695910,0.668631
0.658413,0.755477,0.675400,0.758947,0.722379,0.608536,0.721024,0.703445,0.659196,0.765476
0.776025,0.695013,0.650715,0.744798,0.800332,0.753242,0.731750,0.641500,0.656499,0.697183
0.705005,0.680600,0.722683,0.632240,0.659368,0.723309,0.657713,0.751952,0.692892,0.735026
0.679131,0.744231,0.705088,0.647498,0.746821,0.609072,0.694376,0.560518,0.618247,0.710105
0.770536,0.652283,0.697356,0.712240,0.711704,0.627721,0.681827,0.718399,0.701772,0.752546
0.671506,0.682451,0.693329,0.671481,0.764634,0.740597,0.655167,0.716463,0.698940,0.720688
0.648025,0.721253,0.766016,0.634538,0.729039,0.557971,0.664100,0.692039,0.694152,0.752278
0.599284,0.704587,0.771737,0.737107,0.767716,0.610970,0.649336,0.695898,0.675730,0.689200
0.702161,0.675635,0.603281,0.693157,0.799868,0.789420,0.639715,0.711375,0.679338,0.718244
0.684587,0.718201,0.636100,0.652309,0.792794,0.752273,0.702091,0.736939,0.686648,0.702618
0.700410,0.642726,0.697084,0.730888,0.761537,0.780559,0.700402,0.679050,0.694217,0.685029
0.702707,0.677787,0.717842,0.561954,0.652676,0.713181,0.632081,0.685720,0.723690,0.724818
0.707787,0.694923,0.697758,0.668023,0.751977,0.595634,0.705519,0.688346,0.697397,0.691441
0.695416,0.664989,0.705325,0.686302,0.579065,0.679887,0.700717,0.714468,0.761846,0.693863
0.720397,0.627865,0.705235,0.673457,0.829208,0.627530,0.603757,0.679953,0.699084,0.693346
0.712033,0.634706,0.628261,0.717805,0.526534,0.794298,0.728814,0.726997,0.623264,0.716711
0.637279,0.663258,0.735792,0.715276,0.606925,0.632740,0.734386,0.664747,0.703516,0.642598
0.709297,0.738261,0.669368,0.756163,0.665022,0.638327,0.671115,0.766328,0.716352,0.694589
0.680268,0.691297,0.741162,0.736668,0.734999,0.657066,0.672919,0.691326,0.692097,0.682168
0.674882,0.708628,0.683190,0.703573,0.856315,0.815410,0.644771,0.727699,0.730596,0.703108
0.695884,0.681558,0.735276,0.670064,0.863273,0.592966,0.667541,0.624889,0.735809,0.661393
0.701002,0.682211,0.661622,0.708004,0.466356,0.638840,0.755798,0.678711,0.733252,0.695505
0.715040,0.725350,0.718934,0.687921,0.728494,0.784937,0.699588,0.705680,0.692008,0.665330
0.685449,0.677638,0.717039,0.668063,0.617683,0.664233,0.754184,0.669738,0.681708,0.691379
0.677887,0.734741,0.674772,0.651692,0.682465,0.709867,0.715847,0.701420,0.692343,0.646288
0.673640,0.687887,0.677467,0.648261,0.763479,0.614116,0.642072,0.707307,0.692868,0.701543
0.644919,0.702706,0.748317,0.673805,0.672152,0.740594,0.769805,0.732897,0.765516,0.679859
0.715196,0.636791,0.700580,0.592520,0.899359,0.727831,0.717025,0.676957,0.669055,0.699458
0.683143,0.655542,0.750593,0.695885,0.600580,0.694431,0.722107,0.688455,0.691188,0.673558
0.719536,0.697428,0.750110,0.720011,0.735984,0.836794,0.673488,0.660055,0.730568,0.714782
0.668758,0.695621,0.707310,0.716192,0.546818,0.667500,0.714345,0.685910,0.699838,0.712617
0.706206,0.718675,0.579402,0.546341,0.665955,0.619842,0.573266,0.643168,0.684203,0.692110
0.689553,0.693702,0.653092,0.628391,0.540071,0.593884,0.672564,0.650874,0.680683,0.700665
0.669660,0.726987,0.733881,0.666275,0.707137,0.732700,0.697182,0.733622,0.656373,0.722365
0.695071,0.696934,0.713799,0.727884,0.540266,0.710899,0.736589,0.694435,0.726353,0.695392
0.691898,0.760761,0.708362,0.719485,0.682743,0.709010,0.704829,0.732378,0.680985,0.730159
0.706520,0.648405,0.669258,0.709332,0.751675,0.743801,0.690370,0.683511,0.736122,0.706901
0.677880,0.762474,0.666182,0.573699,0.665731,0.626233,0.720470,0.717842,0.683340,0.711207
0.726583,0.736715,0.708433,0.725584,0.652260,0.525996,0.627602,0.654822,0.695910,0.735437
0.685535,0.752749,0.700499,0.693232,0.718133,0.615382,0.708220,0.737166,0.686076,0.696579
0.668646,0.695632,0.707268,0.705994,0.510380,0.645643,0.669884,0.695502,0.704245,0.658122
0.736126,0.691495,0.628830,0.658755,0.719934,0.660543,0.702871,0.683888,0.691606,0.660384
0.693675,0.724950,0.717409,0.731755,0.556309,0.671661,0.728902,0.723145,0.688170,0.693836
0.681356,0.683213,0.688530,0.633292,0.578444,0.828885,0.700754,0.729609,0.684625,0.676921
0.694396,0.678266,0.706460,0.721312,0.489075,0.735125,0.702989,0.696219,0.712759,0.697279
0.688648,0.672370,0.745660,0.702552,0.671443,0.727500,0.745576,0.697033,0.695076,0.690408
0.674736,0.700921,0.693055,0.683699,0.969700,0.808977,0.682846,0.685851,0.735548,0.688900
0.669098,0.721881,0.713859,0.705264,0.877641,0.708936,0.681751,0.711372,0.584365,0.667363
0.689427,0.704379,0.691546,0.670144,0.724060,0.657490,0.680550,0.688016,0.658139,0.711632
0.598404,0.684730,0.647223,0.711081,0.459811,0.750545,0.718774,0.731510,0.702433,0.634812
0.695421,0.664064,0.670092,0.662833,0.750489,0.635585,0.667414,0.706354,0.690552,0.689165
0.636124,0.708840,0.645825,0.819106,0.706477,0.615206,0.658120,0.559991,0.672752,0.687802
0.724817,0.697845,0.690491,0.691696,0.593870,0.679851,0.695415,0.672129,0.669728,0.700261
0.685548,0.712060,0.637110,0.720475,0.589926,0.725982,0.775733,0.710352,0.687965,0.695034
0.710241,0.674079,0.720366,0.732667,0.574172,0.725416,0.723116,0.667167,0.681576,0.694291
0.697404,0.709987,0.727709,0.766446,0.886987,0.725757,0.716103,0.620419,0.719778,0.706081
0.730122,0.742009,0.722956,0.606827,0.561041,0.716728,0.752324,0.658922,0.648987,0.683981
0.694076,0.729741,0.683757,0.752720,0.740630,0.667283,0.716570,0.729100,0.675714,0.682652
0.738022,0.730851,0.680900,0.695390,0.720544,0.650454,0.683877,0.700677,0.680995,0.709396
0.705932,0.632523,0.656031,0.758408,0.925672,0.712773,0.735617,0.712170,0.640528,0.717935
0.699938,0.687837,0.659083,0.637388,0.717558,0.700218,0.726153,0.723864,0.745008,0.681754
0.693466,0.682950,0.694600,0.785276,0.582439,0.639532,0.673764,0.588213,0.699927,0.691008
0.685426,0.662040,0.680903,0.613584,0.602318,0.705422,0.731050,0.720317,0.644731,0.686751
0.677149,0.691369,0.709530,0.611080,0.615184,0.727166,0.716422,0.691314,0.708506,0.669937
0.697216,0.710927,0.656558,0.692473,0.741041,0.702449,0.672125,0.718238,0.709478,0.696712
0.668364,0.714310,0.695514,0.727894,0.566328,0.637539,0.702072,0.711884,0.715954,0.666203
0.658304,0.709395,0.710966,0.663349,0.742100,0.720536,0.752695,0.711517,0.667178,0.704674
0.682079,0.618837,0.678712,0.716806,0.840318,0.668868,0.706683,0.742203,0.751622,0.697982
0.670291,0.705069,0.678698,0.672457,0.632040,0.704042,0.629944,0.715010,0.685250,0.683662
0.724619,0.700326,0.662890,0.725904,0.634292,0.662403,0.756624,0.660226,0.678213,0.705665
0.698524,0.704184,0.701180,0.838218,0.572919,0.689918,0.619219,0.689749,0.680053,0.711487
0.694372,0.680461,0.626123,0.659243,0.896987,0.790720,0.623012,0.692171,0.722659,0.688229
0.704879,0.701175,0.696464,0.749940,0.753003,0.652215,0.684764,0.711496,0.690768,0.705020
0.699304,0.651215,0.714138,0.752065,0.644375,0.829265,0.707574,0.766628,0.683020,0.717197
0.748272,0.732504,0.690341,0.823322,0.737923,0.827613,0.681283,0.718295,0.675217,0.661882
0.662556,0.708528,0.663132,0.766931,0.637452,0.687192,0.739696,0.687828,0.677032,0.655000
0.697496,0.657579,0.752825,0.697675,0.632817,0.827623,0.590168,0.674373,0.686033,0.687141
0.685512,0.695274,0.750182,0.687709,0.742426,0.539427,0.657456,0.706889,0.655549,0.686262
0.662977,0.700885,0.628297,0.707201,0.752518,0.637029,0.811304,0.697471,0.691817,0.714780
0.678704,0.671224,0.724945,0.728238,0.647465,0.665316,0.701861,0.737117,0.679705,0.704837
0.721811,0.791874,0.695351,0.731961,0.700950,0.521149,0.682077,0.735077,0.686724,0.707006
0.714104,0.691364,0.725624,0.670699,0.882309,0.759031,0.709270,0.609014,0.743156,0.715509
0.688150,0.699486,0.700588,0.792988,0.660852,0.564625,0.631988,0.638534,0.717633,0.733804
0.664956,0.740089,0.678748,0.712499,0.571420,0.761003,0.708777,0.690456,0.691214,0.730585
0.705540,0.692229,0.718442,0.695627,0.616287,0.756275,0.687467,0.696557,0.700492,0.687135
0.741763,0.689909,0.711093,0.840636,0.822327,0.696541,0.708218,0.647000,0.727159,0.725727
0.687875,0.656803,0.695264,0.668083,0.687573,0.682589,0.702818,0.644575,0.729115,0.704754
0.726219,0.705922,0.679015,0.736690,0.827756,0.704652,0.658476,0.740442,0.708662,0.700109
0.645871,0.720975,0.645604,0.728133,0.581502,0.652476,0.725023,0.709231,0.644859,0.695792
0.689041,0.706539,0.747567,0.724814,0.702514,0.597497,0.719246,0.722623,0.670485,0.723393
0.667792,0.704494,0.584593,0.732137,0.617804,0.781511,0.630721,0.740235,0.691279,0.680540
0.674201,0.722167,0.658159,0.772254,0.381927,0.610730,0.685863,0.684131,0.705734,0.681959
0.703060,0.660036,0.672101,0.723316,0.549707,0.755541,0.731973,0.687731,0.689499,0.753697
0.637944,0.693194,0.748947,0.717648,0.686976,0.620560,0.636272,0.592723,0.704508,0.699590
0.666074,0.668620,0.688628,0.672161,0.598153,0.664651,0.646783,0.707859,0.637541,0.754666
0.776495,0.704077,0.635777,0.777177,0.729800,0.689439,0.727102,0.740762,0.687809,0.708556
0.686112,0.707630,0.581620,0.723334,0.706602,0.709731,0.620596,0.669931,0.730125,0.718627
0.707707,0.666207,0.702515,0.738670,0.686530,0.669431,0.688663,0.682840,0.675641,0.720774
0.701730,0.659308,0.706451,0.747101,0.672726,0.744137,0.679086,0.657431,0.711259,0.655847
0.705074,0.704007,0.724059,0.769919,0.846887,0.657377,0.738816,0.730165,0.622929,0.633963
0.661650,0.704763,0.678549,0.770024,0.699616,0.695948,0.721725,0.665667,0.676327,0.739777
0.675536,0.623369,0.642045,0.672838,0.738496,0.536483,0.732697,0.694853,0.675036,0.712483
0.649708,0.740061,0.759615,0.700614,0.781172,0.526163,0.652973,0.743046,0.655398,0.637517
0.621206,0.704001,0.769786,0.709138,0.675760,0.617842,0.613315,0.704946,0.705573,0.728027
0.740847,0.705545,0.696655,0.680340,0.495324,0.636410,0.659566,0.669714,0.754404,0.660207
0.680071,0.706959,0.607480,0.744205,0.720859,0.694387,0.593434,0.705370,0.712968,0.685270
0.712796,0.738607,0.740141,0.746219,0.604419,0.762754,0.706806,0.726379,0.640130,0.658033
0.639769,0.677968,0.673688,0.689628,0.723981,0.761604,0.751151,0.673832,0.705583,0.720366
0.697604,0.656436,0.574413,0.596715,0.639955,0.649182,0.579711,0.690808,0.691603,0.676197
0.631976,0.617221,0.768069,0.663681,0.675872,0.643517,0.606119,0.724952,0.649342,0.654935
0.673748,0.657118,0.719308,0.790329,0.620111,0.774559,0.698736,0.750129,0.667470,0.729588
0.697488,0.678459,0.792508,0.762459,0.727593,0.725369,0.738723,0.700840,0.712521,0.719666
0.713269,0.724166,0.668157,0.583851,0.756396,0.759778,0.669025,0.677998,0.701014,0.690653
0.721324,0.704994,0.634753,0.663300,0.696289,0.568443,0.708570,0.715564,0.700245,0.695366
0.710190,0.730676,0.697258,0.759797,0.787103,0.534715,0.702369,0.726169,0.689913,0.663069
0.765310,0.780303,0.648637,0.724036,0.620451,0.616647,0.626363,0.701113,0.676124,0.715102
0.736088,0.647103,0.688814,0.697219,0.731731,0.763660,0.715119,0.684743,0.724230,0.696444
0.721956,0.752866,0.691477,0.569056,0.602259,0.712308,0.617251,0.630976,0.667798,0.701085
0.696814,0.717983,0.582248,0.682198,0.645169,0.649503,0.680075,0.601243,0.667560,0.664412
0.680368,0.739949,0.729960,0.766170,0.773078,0.474964,0.712794,0.723934,0.729742,0.690827
0.710066,0.707001,0.667498,0.666536,0.813458,0.827745,0.660625,0.699054,0.687406,0.697014
0.683896,0.673928,0.709226,0.678801,0.649859,0.694308,0.703956,0.696773,0.702116,0.706260
0.694224,0.702147,0.718475,0.714704,0.540780,0.669302,0.691580,0.701830,0.709319,0.687446
0.615944,0.684770,0.683398,0.702986,0.590193,0.693566,0.724606,0.653793,0.670126,0.684037
0.685998,0.687111,0.685979,0.665856,0.589459,0.734397,0.688739,0.694428,0.701627,0.680844
0.778575,0.727365,0.754126,0.691129,0.785126,0.659657,0.780273,0.610542,0.675968,0.682882
0.654204,0.723153,0.632086,0.666645,0.619194,0.717255,0.749593,0.691963,0.620465,0.733807
0.673880,0.746234,0.745395,0.682554,0.640389,0.727062,0.664576,0.646485,0.685135,0.709107
0.696675,0.731255,0.725535,0.665869,0.920659,0.777250,0.650656,0.650880,0.736653,0.625691
0.636618,0.696501,0.702845,0.764287,0.657868,0.705832,0.705654,0.684434,0.695270,0.674050
0.709596,0.686633,0.717503,0.710422,0.605498,0.744877,0.743511,0.714076,0.663102,0.675777
0.695876,0.711450,0.710045,0.731037,0.629485,0.694126,0.670038,0.678404,0.712498,0.695068
0.684966,0.686950,0.762973,0.568252,0.809209,0.841164,0.656346,0.779613,0.723441,0.685162
0.666843,0.742224,0.662103,0.753283,0.907157,0.833445,0.695072,0.656512,0.636615,0.747223
0.682664,0.659825,0.653634,0.692599,0.428893,0.724828,0.661002,0.664624,0.696913,0.691288
0.681713,0.725828,0.666972,0.604381,0.603094,0.747713,0.736867,0.817421,0.685975,0.679483
0.709916,0.732471,0.701193,0.707279,0.537119,0.748044,0.707835,0.718602,0.701423,0.680780
0.690738,0.709517,0.673579,0.669550,0.435071,0.652745,0.704315,0.712363,0.693926,0.706721
0.715163,0.644517,0.665537,0.675391,0.750140,0.603476,0.657398,0.702684,0.692921,0.712253
0.782904,0.712788,0.661707,0.609662,0.630887,0.658260,0.750244,0.805844,0.664166,0.676449
0.685964,0.688674,0.711371,0.584789,0.590326,0.734480,0.689503,0.633892,0.711267,0.691677
0.709948,0.740393,0.766845,0.743724,0.708945,0.683798,0.642747,0.687822,0.676842,0.716198
0.673634,0.688789,0.734438,0.700327,0.743076,0.674990,0.735290,0.677077,0.719784,0.711546
0.716965,0.698107,0.743794,0.707993,0.643464,0.757838,0.696541,0.719194,0.729794,0.722862
0.730786,0.745532,0.737897,0.679573,0.648823,0.690063,0.671272,0.661195,0.651109,0.709167
0.676820,0.699183,0.697330,0.747504,0.662955,0.769532,0.653944,0.718317,0.676170,0.715489
0.633852,0.662314,0.629319,0.638795,0.679268,0.739442,0.763562,0.727483,0.684608,0.736159
0.723400,0.674595,0.694705,0.747330,0.729807,0.678954,0.693394,0.664669,0.655213,0.685232
0.689866,0.721620,0.700315,0.706033,0.851800,0.590990,0.702172,0.667576,0.700566,0.677483
0.689957,0.699985,0.638096,0.666656,0.746870,0.730035,0.645094,0.694570,0.701027,0.696872
0.684227,0.635746,0.698132,0.738752,0.776550,0.776293,0.675742,0.731074,0.678484,0.682654
0.736385,0.723825,0.687684,0.695934,0.534361,0.725095,0.739422,0.711587,0.727839,0.737436
0.663757,0.738906,0.713284,0.615766,0.705416,0.763867,0.709928,0.617446,0.705865,0.673804
0.703640,0.653581,0.724583,0.656873,0.700954,0.699663,0.698867,0.660390,0.701302,0.718795
0.683603,0.715996,0.713480,0.701764,0.851278,0.704542,0.663462,0.654576,0.706432,0.687709
0.705454,0.673279,0.565322,0.739603,0.568251,0.774758,0.607814,0.689977,0.683087,0.717128
0.737980,0.730831,0.668368,0.525510,0.629725,0.758915,0.707378,0.751069,0.724341,0.725398
0.685030,0.656619,0.742097,0.705404,0.780749,0.617285,0.674438,0.677506,0.656370,0.615387
0.725656,0.710960,0.672673,0.772039,0.653740,0.664425,0.697660,0.722467,0.707534,0.747294
0.689061,0.658038,0.622756,0.631546,0.829253,0.866925,0.639680,0.659753,0.694935,0.703240
0.699033,0.783306,0.693254,0.669641,0.611225,0.765089,0.691058,0.705743,0.692558,0.650307
0.626380,0.667521,0.653319,0.744623,0.524985,0.683568,0.724919,0.689854,0.691860,0.661279
0.704976,0.676977,0.658736,0.698627,0.680591,0.737972,0.633701,0.695107,0.707438,0.672756
0.736096,0.669820,0.705948,0.731745,0.687183,0.749491,0.685240,0.703020,0.693697,0.705525
0.687411,0.590194,0.714507,0.705635,0.689649,0.799192,0.624626,0.726536,0.642242,0.674170
0.718636,0.657974,0.687910,0.719839,0.849172,0.557281,0.702441,0.696663,0.726789,0.747036
0.681316,0.716813,0.708308,0.710064,0.536858,0.585106,0.670772,0.696426,0.715548,0.720054
0.654646,0.668305,0.703862,0.709065,0.545167,0.751071,0.740827,0.627690,0.629947,0.628372
0.671299,0.706769,0.741693,0.664918,0.685581,0.688111,0.700801,0.697187,0.679417,0.686135
0.667990,0.691275,0.659229,0.630227,0.733361,0.621992,0.740443,0.616256,0.725513,0.710213
0.713432,0.719073,0.584836,0.667753,0.841532,0.679177,0.822482,0.733867,0.641650,0.729833
0.710859,0.716829,0.674527,0.661994,0.962282,0.813869,0.746313,0.670818,0.698608,0.721165
0.696261,0.683717,0.766446,0.612454,0.945486,0.780675,0.686165,0.680115,0.657073,0.684854
0.691950,0.704452,0.728242,0.618051,0.514523,0.636835,0.669006,0.715896,0.675985,0.669294
0.689191,0.694867,0.701097,0.751895,0.609160,0.678930,0.694551,0.655253,0.713937,0.700782
0.689612,0.703313,0.721646,0.667831,0.764072,0.734567,0.644099,0.706563,0.710351,0.675939
0.680323,0.697609,0.674257,0.642918,0.825706,0.602444,0.692273,0.687742,0.721236,0.682559
0.725256,0.731099,0.643805,0.612134,0.564571,0.681848,0.654281,0.662179,0.690313,0.685659
0.710939,0.675553,0.684995,0.697848,0.667225,0.559473,0.696472,0.743914,0.699338,0.699446
0.717227,0.716556,0.766814,0.691718,0.595223,0.651850,0.701229,0.713860,0.698600,0.668140
0.697374,0.718288,0.647306,0.606196,0.686090,0.676693,0.655066,0.671204,0.675517,0.697084
0.699785,0.698859,0.672487,0.692345,0.721028,0.707770,0.724127,0.683362,0.622973,0.702800
0.676184,0.709767,0.729001,0.735528,0.920912,0.767705,0.667388,0.716350,0.661874,0.688609
0.685895,0.700878,0.616730,0.704228,0.695909,0.674409,0.639637,0.667699,0.740676,0.695867
0.707185,0.697244,0.616512,0.625240,0.725622,0.690739,0.575756,0.666295,0.712061,0.703795
0.749722,0.700622,0.745288,0.682744,0.757255,0.674933,0.640936,0.651911,0.743647,0.690602
0.723475,0.697751,0.707512,0.711026,0.840980,0.576734,0.720809,0.721052,0.698683,0.724670
0.638623,0.707408,0.632654,0.670161,0.556291,0.632448,0.745526,0.679006,0.706264,0.703778
0.645499,0.674005,0.672376,0.747478,0.856308,0.787874,0.704102,0.762658,0.720129,0.687637
0.665866,0.676487,0.727394,0.697163,0.632145,0.690948,0.777340,0.712577,0.698185,0.710647
0.692261,0.700032,0.669077,0.686380,0.577194,0.624452,0.646096,0.740762,0.695582,0.696064
0.726267,0.717391,0.732049,0.750139,0.566348,0.613722,0.640545,0.625946,0.723663,0.709167
0.678927,0.662777,0.650986,0.687048,0.711068,0.651866,0.710074,0.637827,0.704915,0.695799
0.693487,0.736262,0.701026,0.676893,0.434424,0.700951,0.689248,0.727729,0.684685,0.679163
0.716437,0.719812,0.627764,0.671017,0.483966,0.640820,0.617271,0.689108,0.689532,0.697362
0.693784,0.680463,0.717941,0.700698,0.582294,0.708522,0.727526,0.673934,0.697289,0.699539
0.577235,0.702176,0.651473,0.858131,0.753386,0.748102,0.628086,0.745908,0.630468,0.680406
0.690880,0.685287,0.728416,0.678570,0.840146,0.539012,0.699271,0.722049,0.707092,0.692584
0.683723,0.669127,0.822857,0.655652,0.581024,0.698463,0.673967,0.714122,0.692621,0.684476
0.630490,0.720926,0.648272,0.752307,0.658363,0.723532,0.710427,0.695534,0.666737,0.679874
0.716257,0.771098,0.698485,0.613068,0.415213,0.670569,0.682786,0.692817,0.622916,0.656700
0.688087,0.721602,0.709861,0.691201,0.767449,0.373558,0.716668,0.731492,0.714311,0.686780
0.658628,0.694317,0.754496,0.672212,0.643341,0.782114,0.699521,0.776152,0.694564,0.704880
0.717481,0.656799,0.707612,0.657345,0.677958,0.687887,0.727101,0.729339,0.711824,0.681231
0.708480,0.695903,0.707027,0.689333,0.574101,0.685820,0.721892,0.705638,0.699069,0.709047
0.673987,0.707339,0.725596,0.653755,0.838419,0.786270,0.654914,0.687396,0.692465,0.678647
0.692892,0.715702,0.689449,0.681091,0.678975,0.667580,0.696002,0.720209,0.687281,0.700271
0.676846,0.673303,0.678376,0.833498,0.911389,0.748989,0.667617,0.756583,0.703959,0.686007
0.690152,0.687746,0.667345,0.651393,0.738834,0.563916,0.682860,0.683323,0.710438,0.698433
0.702247,0.735545,0.673430,0.627546,0.694597,0.616171,0.664136,0.690246,0.708115,0.700588
0.690164,0.733581,0.726190,0.626508,0.610094,0.706650,0.729439,0.711458,0.699070,0.706464
0.649412,0.679097,0.670800,0.675032,0.656906,0.656788,0.714803,0.702073,0.718279,0.680947
0.701597,0.693759,0.686573,0.621864,0.748069,0.580006,0.724495,0.717773,0.700549,0.686763
0.649986,0.665984,0.706229,0.572077,0.703052,0.700646,0.707047,0.703667,0.654788,0.718990
0.741155,0.725502,0.593332,0.662820,0.682444,0.706126,0.792120,0.707926,0.667674,0.685365
0.687278,0.689229,0.736761,0.663802,0.643583,0.721901,0.697003,0.737949,0.692575,0.683289
0.695730,0.680604,0.663064,0.733065,0.468668,0.653362,0.684595,0.679099,0.660515,0.685938
0.658371,0.695977,0.636550,0.670925,0.476618,0.753884,0.738119,0.714393,0.699328,0.702561
0.715000,0.714356,0.760003,0.768583,0.664996,0.632631,0.791341,0.630841,0.701142,0.694267
0.713404,0.685017,0.717022,0.753088,0.528539,0.651830,0.716102,0.754179,0.703960,0.654732
0.693752,0.697877,0.676564,0.723945,0.547239,0.675999,0.717465,0.694630,0.704577,0.674490
0.571195,0.681748,0.746333,0.704611,0.704303,0.592394,0.635549,0.710026,0.662716,0.743793
0.672140,0.689911,0.693963,0.688335,0.498288,0.784203,0.722556,0.691588,0.682072,0.713153
0.667288,0.684142,0.605580,0.667419,0.465534,0.645176,0.772641,0.706222,0.733094,0.741554
0.689920,0.700823,0.755077,0.754896,0.563507,0.772896,0.648555,0.716957,0.649000,0.671653
0.705148,0.655437,0.684083,0.740805,0.733054,0.580968,0.713291,0.715734,0.717638,0.700139
0.726847,0.704408,0.706955,0.757422,0.592687,0.541858,0.720492,0.713407,0.681965,0.674584
0.705651,0.734478,0.716857,0.593401,0.758989,0.779736,0.615228,0.761149,0.777470,0.651566
0.716708,0.680581,0.666591,0.686753,0.833812,0.615092,0.782641,0.596863,0.693577,0.725727
0.713430,0.732292,0.717077,0.631893,0.867242,0.772153,0.697229,0.671847,0.706610,0.693253
0.703758,0.706477,0.729784,0.759806,0.705015,0.672360,0.641237,0.680425,0.665768,0.697991
0.724018,0.704725,0.722465,0.805304,0.796547,0.665955,0.641478,0.762539,0.687927,0.729080
0.742882,0.681019,0.743693,0.770354,0.634883,0.620096,0.646758,0.672689,0.748749,0.706403
0.784685,0.681358,0.601204,0.787566,0.694883,0.702299,0.731167,0.720732,0.699443,0.676162
0.696290,0.651269,0.660083,0.746279,0.617223,0.735136,0.701075,0.723324,0.682402,0.690967
0.695431,0.674566,0.737968,0.822856,0.637905,0.780739,0.703077,0.727693,0.718496,0.666319
0.663720,0.684637,0.686721,0.741578,0.818292,0.801461,0.700370,0.687659,0.703004,0.631340
0.693858,0.703403,0.746398,0.702120,0.823384,0.730738,0.718543,0.650705,0.742382,0.716486
0.697144,0.740689,0.629471,0.707914,0.461670,0.753297,0.605802,0.640507,0.680993,0.680576
0.675525,0.764748,0.670789,0.709051,0.653087,0.619579,0.716000,0.690470,0.656274,0.723242
0.702692,0.716154,0.685168,0.726040,0.593331,0.570380,0.694515,0.692230,0.677490,0.702164
0.661203,0.749451,0.706841,0.749444,0.805369,0.716624,0.755708,0.696467,0.649392,0.675087
0.703765,0.740937,0.715892,0.781752,0.600909,0.629186,0.716133,0.736538,0.697833,0.700918
0.670478,0.691636,0.667831,0.685604,0.619602,0.753585,0.717858,0.727237,0.693282,0.694452
0.703579,0.686160,0.631307,0.740452,0.716575,0.718807,0.761141,0.722282,0.665338,0.660652
0.703200,0.673589,0.709385,0.722967,0.558225,0.867922,0.708646,0.743319,0.695231,0.694499
0.669267,0.667166,0.686192,0.793346,0.934578,0.753176,0.673627,0.796858,0.743273,0.687098
0.705849,0.699957,0.669016,0.593056,0.619258,0.856054,0.707485,0.664618,0.733117,0.745971
0.699115,0.694762,0.725780,0.678077,0.429599,0.687891,0.632390,0.699865,0.705643,0.709912
0.700894,0.724156,0.618341,0.650084,0.598956,0.817483,0.593542,0.675792,0.687747,0.699467
0.698457,0.743173,0.693791,0.625539,0.727659,0.681288,0.667004,0.699433,0.691800,0.702203
0.686591,0.706705,0.686930,0.668449,0.847812,0.765359,0.722359,0.699845,0.689809,0.730440
0.712375,0.721440,0.656671,0.650017,0.838105,0.767643,0.643736,0.704431,0.666778,0.684519
0.696712,0.701623,0.693686,0.698991,0.601348,0.700951,0.695533,0.682120,0.699636,0.698467
0.742279,0.678164,0.703625,0.667772,0.697694,0.536833,0.682804,0.725192,0.630765,0.678697
0.750674,0.691667,0.680151,0.780067,0.666294,0.773361,0.728011,0.660020,0.678245,0.653182
0.691938,0.674963,0.670331,0.713362,0.635958,0.642949,0.671467,0.703146,0.705576,0.680955
0.656746,0.736127,0.656308,0.728892,0.529918,0.737038,0.738907,0.666335,0.715166,0.738060
0.701446,0.651612,0.626807,0.671715,0.663024,0.640834,0.611580,0.739893,0.725955,0.677901
0.733071,0.706579,0.836190,0.728920,0.785652,0.754669,0.541868,0.695445,0.670279,0.709516
0.670041,0.716017,0.701650,0.684986,0.599937,0.725501,0.701108,0.713311,0.660117,0.707755
0.713751,0.705319,0.759215,0.686982,0.586641,0.709853,0.708677,0.676699,0.680666,0.714285
0.721108,0.622548,0.615937,0.705071,0.799536,0.740453,0.650411,0.744827,0.687896,0.701136
0.711697,0.645839,0.677412,0.810058,0.630828,0.725084,0.684088,0.666289,0.672178,0.722733
0.684970,0.693400,0.697263,0.715853,0.771474,0.760800,0.714356,0.699769,0.688674,0.686094
0.681593,0.697221,0.697154,0.769012,0.828554,0.555852,0.684189,0.728403,0.734190,0.687400
0.717829,0.679618,0.695400,0.759427,0.577860,0.684134,0.700582,0.698846,0.703904,0.702188
0.695543,0.653428,0.628818,0.646702,0.832373,0.734823,0.594144,0.722146,0.716085,0.702304
0.688687,0.652196,0.742603,0.652328,0.865340,0.594126,0.699526,0.700072,0.718192,0.735650
0.688446,0.655465,0.708816,0.728738,0.582067,0.651719,0.665642,0.665034,0.739806,0.695392
0.707031,0.659582,0.691699,0.628816,0.665569,0.783716,0.676228,0.739946,0.673521,0.689667
0.693406,0.596803,0.704739,0.769280,0.602069,0.691011,0.645579,0.683194,0.663519,0.685122
0.686640,0.668140,0.719410,0.656432,0.666083,0.719888,0.775268,0.688170,0.681132,0.691872
0.687958,0.724459,0.735610,0.741567,0.886274,0.731419,0.661908,0.712509,0.720250,0.660313
0.701399,0.684577,0.727913,0.736990,0.708922,0.772765,0.631352,0.708060,0.683917,0.682191
0.718104,0.681444,0.754110,0.641318,0.662880,0.776053,0.657753,0.761170,0.710918,0.731719
0.693744,0.684294,0.672777,0.625454,0.716185,0.750711,0.767423,0.637063,0.643412,0.732462
0.702850,0.703357,0.681034,0.802131,0.582063,0.687351,0.673866,0.699122,0.693737,0.697036
0.696579,0.689793,0.686945,0.686762,0.642344,0.647838,0.698321,0.685446,0.665462,0.715333
0.588264,0.659414,0.715570,0.626719,0.789404,0.799758,0.684259,0.641893,0.712524,0.737475
0.698113,0.731596,0.667658,0.768640,0.735802,0.803867,0.660321,0.741332,0.603655,0.736548
0.664145,0.683635,0.732013,0.706629,0.703950,0.727717,0.719082,0.726065,0.689504,0.719187
0.722942,0.702982,0.688675,0.726430,0.719220,0.693462,0.680408,0.656283,0.735980,0.698808
0.692760,0.688407,0.675637,0.655528,0.609511,0.662580,0.688647,0.686186,0.717469,0.686889
0.579597,0.726192,0.704796,0.774917,0.838530,0.767031,0.694767,0.613324,0.668967,0.680327
0.692358,0.666406,0.729962,0.595918,0.908008,0.656914,0.700485,0.716441,0.694859,0.680588
0.578507,0.734900,0.695796,0.808562,0.867334,0.776360,0.692628,0.761724,0.647798,0.695941
0.706512,0.694966,0.677840,0.710692,0.760415,0.541021,0.691420,0.727889,0.749375,0.709927
0.694375,0.648201,0.734068,0.674456,0.826821,0.462363,0.701481,0.725903,0.684666,0.661382
0.695103,0.692990,0.673791,0.664549,0.754315,0.742668,0.631801,0.714870,0.708998,0.694143
0.711720,0.633076,0.723940,0.638530,0.884234,0.575883,0.713844,0.677828,0.687050,0.693981
0.718032,0.713095,0.687343,0.760691,0.625572,0.551416,0.757379,0.674286,0.689112,0.683448
0.707225,0.649674,0.726267,0.669755,0.680593,0.604519,0.668009,0.681911,0.684571,0.632676
0.702970,0.654880,0.736389,0.649101,0.619240,0.718238,0.696568,0.669267,0.709010,0.663355
0.671681,0.724374,0.687843,0.716890,0.697759,0.620220,0.687397,0.668510,0.677636,0.707577
0.670375,0.701244,0.650055,0.663710,0.941992,0.802592,0.674312,0.674861,0.707189,0.722143
0.737686,0.688728,0.709298,0.708574,0.808530,0.596131,0.681444,0.633753,0.690350,0.711292
0.658991,0.698785,0.766032,0.567980,0.685541,0.683846,0.645140,0.648442,0.708858,0.658766
0.691325,0.696110,0.724420,0.748375,0.505720,0.737942,0.643520,0.716255,0.737367,0.688624
0.703468,0.652948,0.722923,0.758063,0.816291,0.757840,0.725949,0.688351,0.624482,0.733038
0.701864,0.735555,0.717621,0.743487,0.711314,0.617639,0.720185,0.696212,0.708159,0.686907
0.702859,0.708485,0.692668,0.716682,0.594221,0.758869,0.732092,0.689303,0.676097,0.680520
0.686792,0.704810,0.672050,0.537506,0.620871,0.694751,0.655293,0.756315,0.740714,0.669553
0.723717,0.755806,0.691693,0.742135,0.761797,0.731578,0.621759,0.716712,0.731569,0.691686
0.675394,0.698716,0.578985,0.774252,0.537248,0.732075,0.745283,0.643660,0.681407,0.653730
0.682827,0.675817,0.671182,0.734429,0.688121,0.804837,0.707980,0.741421,0.650563,0.654029
0.693910,0.684770,0.695212,0.744487,0.687016,0.697794,0.754835,0.669539,0.685708,0.700104
0.728880,0.718298,0.749013,0.677219,0.752689,0.593670,0.656114,0.733175,0.692148,0.704548
0.675031,0.732111,0.673321,0.759712,0.910387,0.815311,0.685919,0.709537,0.762043,0.683505
0.676156,0.665989,0.713914,0.641694,0.827388,0.483559,0.731796,0.688098,0.735671,0.704607
0.678226,0.653585,0.695997,0.649733,0.735293,0.645613,0.714797,0.729694,0.743883,0.699365
0.712360,0.683887,0.733042,0.649797,0.546110,0.770399,0.633395,0.688801,0.654894,0.636954
0.710564,0.608613,0.708863,0.664916,0.958002,0.762241,0.702373,0.715065,0.699041,0.715495
0.675861,0.646664,0.611828,0.695269,0.676452,0.671482,0.660385,0.683723,0.701738,0.644277
0.684296,0.600262,0.652990,0.717420,0.462564,0.754719,0.721334,0.750794,0.734682,0.726764
0.717925,0.679058,0.684868,0.725108,0.814182,0.560396,0.748226,0.641879,0.688642,0.713205
0.681952,0.708803,0.669657,0.722034,0.631030,0.597342,0.663393,0.692144,0.702117,0.683690
0.768210,0.711786,0.786258,0.625979,0.679715,0.805399,0.615872,0.700572,0.705541,0.652591
0.663162,0.726125,0.605589,0.661057,0.621526,0.625819,0.629578,0.699122,0.693440,0.705014
0.716330,0.789147,0.639254,0.715398,0.720098,0.640170,0.669116,0.684186,0.647496,0.693214
0.684450,0.737023,0.711471,0.730758,0.697848,0.560093,0.691787,0.732383,0.703560,0.690300
0.679810,0.705244,0.752705,0.680610,0.697563,0.700948,0.758515,0.667390,0.709572,0.690866
0.724312,0.764225,0.668022,0.728286,0.668108,0.685081,0.689206,0.730473,0.628702,0.714331
0.690067,0.718301,0.710691,0.697464,0.718951,0.745758,0.708153,0.695518,0.691708,0.697564
0.678691,0.720870,0.681236,0.674571,0.823903,0.747677,0.711063,0.742502,0.716178,0.722154
0.692156,0.715497,0.656562,0.617423,0.711612,0.685305,0.677882,0.685095,0.703911,0.668910
0.723998,0.685369,0.753836,0.748315,0.707397,0.558039,0.692042,0.669467,0.671594,0.723470
0.690376,0.724846,0.696575,0.733233,0.660321,0.765775,0.729065,0.693141,0.674475,0.682023
0.676911,0.649117,0.694577,0.566486,0.640495,0.764068,0.726273,0.705394,0.709870,0.702994
0.680051,0.682858,0.720299,0.700959,0.615069,0.708505,0.719622,0.686234,0.715029,0.699821
0.674902,0.669438,0.662544,0.646867,0.839374,0.580939,0.663936,0.673271,0.737255,0.699251
0.631538,0.686059,0.711777,0.692964,0.551046,0.754842,0.699327,0.711237,0.642273,0.689320
0.712309,0.674505,0.713034,0.611833,0.824692,0.561494,0.706965,0.666153,0.648077,0.673098
0.694838,0.688773,0.732452,0.703920,0.658450,0.763520,0.743653,0.700098,0.661382,0.713542
0.707608,0.816905,0.701313,0.677510,0.666903,0.696623,0.718514,0.648356,0.719049,0.688571
0.647343,0.692343,0.675097,0.713723,0.668410,0.861323,0.708054,0.717405,0.701938,0.692676
0.744335,0.716539,0.752390,0.759237,0.608787,0.785680,0.641927,0.704598,0.670427,0.649764
0.710514,0.766144,0.694516,0.725062,0.746831,0.708392,0.702582,0.549206,0.721517,0.690002
0.696120,0.695315,0.731654,0.722311,0.622290,0.703129,0.730972,0.694345,0.699378,0.699304
0.709594,0.662303,0.695558,0.737077,0.640260,0.638825,0.674391,0.733519,0.709203,0.794712
0.726286,0.682512,0.705210,0.739128,0.758766,0.586417,0.667292,0.744324,0.669519,0.649798
0.717871,0.675520,0.778390,0.665216,0.688117,0.708737,0.705065,0.728937,0.663281,0.689476
0.718945,0.672248,0.658671,0.701438,0.570511,0.662722,0.773212,0.670457,0.705081,0.652760
0.709850,0.670078,0.730042,0.681225,0.534655,0.728011,0.642699,0.732624,0.684308,0.671243
0.676174,0.712291,0.689283,0.596578,0.594671,0.640786,0.672621,0.681597,0.656523,0.698064
0.692904,0.678211,0.721542,0.652080,0.904747,0.650310,0.696113,0.716123,0.687421,0.677916
0.668834,0.703612,0.702274,0.734445,0.701707,0.650088,0.673215,0.736205,0.727605,0.712689
0.672354,0.727990,0.629069,0.717754,0.869856,0.787752,0.595502,0.696323,0.755412,0.704225
0.662906,0.667009,0.655936,0.760606,0.770801,0.613914,0.723897,0.758606,0.737362,0.688262
0.710384,0.665692,0.721017,0.734626,0.752519,0.663334,0.673861,0.688578,0.727532,0.744020
0.689268,0.718976,0.703117,0.730540,0.683776,0.675787,0.735521,0.682855,0.725238,0.704113
0.702021,0.728711,0.632809,0.635430,0.774452,0.677542,0.658127,0.707440,0.705458,0.691697
0.691252,0.706927,0.725522,0.689776,0.587672,0.738253,0.705627,0.697356,0.689833,0.680319
0.688988,0.673665,0.701169,0.639119,0.773722,0.701944,0.748485,0.708474,0.653579,0.666342
0.696326,0.684281,0.754070,0.701701,0.669014,0.831614,0.659229,0.710689,0.698107,0.695455
0.665336,0.674869,0.751064,0.644764,0.627834,0.660982,0.629937,0.630876,0.702894,0.711094
0.710440,0.721996,0.689661,0.721236,0.759803,0.531330,0.739274,0.728024,0.731897,0.733929
0.691604,0.687980,0.743823,0.764823,0.765284,0.709333,0.675698,0.760287,0.713738,0.696197
0.675422,0.715761,0.679005,0.742861,0.588250,0.769561,0.726965,0.685082,0.653440,0.696509
0.738940,0.677168,0.668006,0.702707,0.723578,0.598958,0.738335,0.712598,0.703018,0.663052
0.760438,0.719152,0.725124,0.746530,0.709497,0.725438,0.652978,0.737949,0.594154,0.693026
0.775388,0.722150,0.641464,0.738279,0.635669,0.485290,0.760718,0.714512,0.713927,0.716864
0.682585,0.682264,0.691594,0.702021,0.892687,0.769865,0.696096,0.718447,0.711070,0.689850
0.657665,0.741143,0.673077,0.597820,0.674714,0.624397,0.667904,0.645727,0.681689,0.740735
0.770863,0.676136,0.727706,0.792024,0.602235,0.635785,0.665300,0.670102,0.754661,0.677951
0.643729,0.697991,0.682837,0.688100,0.756339,0.629915,0.761004,0.671573,0.646051,0.695571
0.702208,0.741926,0.770072,0.767963,0.665245,0.638654,0.708843,0.730320,0.695944,0.707432
0.681327,0.685296,0.717877,0.706849,0.711720,0.710195,0.729043,0.664641,0.710691,0.681163
0.674851,0.659831,0.673714,0.694461,0.608226,0.710918,0.688159,0.644707,0.726918,0.703452
0.649457,0.672814,0.719280,0.660857,0.686512,0.627587,0.654544,0.715554,0.725281,0.772574
0.676883,0.735220,0.706570,0.726239,0.840526,0.616766,0.724761,0.761719,0.741844,0.700356
0.697344,0.731936,0.670823,0.740122,0.543039,0.788896,0.666828,0.705619,0.703499,0.689616
0.682613,0.690483,0.700439,0.691413,0.915773,0.794271,0.716575,0.686992,0.702994,0.708122
0.728464,0.678040,0.706047,0.676871,0.822843,0.637620,0.697250,0.724903,0.725390,0.757499
0.703885,0.706019,0.612043,0.653464,0.821839,0.713664,0.820475,0.745031,0.660063,0.724046
0.707799,0.700711,0.665734,0.733450,0.303145,0.636496,0.670934,0.663357,0.731568,0.688594
0.635565,0.633853,0.688991,0.716562,0.718149,0.698266,0.726751,0.749720,0.730273,0.670682
0.682914,0.695025,0.628504,0.735808,0.571477,0.721569,0.684514,0.664254,0.684129,0.706418
0.693285,0.705252,0.641405,0.644724,0.778227,0.678521,0.639714,0.637999,0.731653,0.690658
0.690244,0.693882,0.708271,0.743878,0.695981,0.719104,0.747955,0.697353,0.709861,0.704060
0.670727,0.685870,0.717268,0.697690,0.800433,0.538867,0.710948,0.723804,0.710650,0.696371
0.619214,0.688980,0.709017,0.595967,0.586496,0.739043,0.638299,0.640352,0.653469,0.655591
0.661170,0.693471,0.682145,0.659960,0.525772,0.698507,0.747831,0.656328,0.693873,0.743015
0.755617,0.656639,0.668274,0.720748,0.929836,0.779021,0.752344,0.665348,0.730650,0.757314
0.684762,0.697713,0.711954,0.583805,0.874637,0.830437,0.691463,0.711626,0.670840,0.696893
0.680905,0.617298,0.681761,0.710977,0.880170,0.729443,0.708832,0.742628,0.715721,0.685988
0.700318,0.697478,0.727799,0.701203,0.588558,0.715145,0.704907,0.715261,0.707457,0.693000
0.679428,0.707310,0.657430,0.671946,0.741186,0.617331,0.700474,0.655895,0.705346,0.695353
0.689955,0.707523,0.692626,0.677678,0.759175,0.691343,0.695490,0.710207,0.704260,0.687066
0.686342,0.710259,0.740727,0.699933,0.601624,0.704856,0.692965,0.686995,0.677154,0.711373
0.742440,0.695936,0.712615,0.666319,0.443965,0.753115,0.650826,0.625325,0.618256,0.636647
0.674581,0.677252,0.667217,0.697663,0.799977,0.758045,0.680212,0.733834,0.701566,0.687989
0.669303,0.676958,0.681949,0.785619,0.736570,0.788757,0.706377,0.803187,0.701084,0.683458
0.716901,0.628401,0.695579,0.710905,0.708887,0.673569,0.688344,0.704628,0.717451,0.712997
0.703517,0.724931,0.570977,0.599612,0.674986,0.651509,0.643652,0.687896,0.694252,0.706068
0.697919,0.733353,0.667226,0.744772,0.820001,0.750239,0.657021,0.688779,0.738996,0.689271
0.684611,0.690619,0.631003,0.648578,0.892711,0.777693,0.636431,0.696897,0.714488,0.690706
0.691151,0.729105,0.735629,0.772520,0.780986,0.717562,0.673403,0.679451,0.713887,0.632949
0.697642,0.704640,0.648081,0.755856,0.424060,0.715006,0.680308,0.675070,0.710510,0.688330
0.676433,0.683558,0.603412,0.661365,0.694054,0.645569,0.630831,0.689180,0.699910,0.704341
0.717005,0.697648,0.658763,0.695279,0.662082,0.704325,0.777724,0.678987,0.692220,0.698333
0.689101,0.667501,0.780091,0.693487,0.698064,0.546918,0.742338,0.713261,0.703059,0.677847
0.675153,0.660201,0.746136,0.794103,0.772994,0.783040,0.729657,0.693645,0.780702,0.682793
0.669864,0.696185,0.610599,0.664282,0.661074,0.633994,0.629806,0.668377,0.708325,0.692935
0.708015,0.647730,0.736373,0.625791,0.728727,0.741715,0.731277,0.686234,0.677990,0.699741
0.611639,0.689199,0.704308,0.776889,0.619717,0.690628,0.687110,0.665252,0.651251,0.671515
0.680742,0.686574,0.690324,0.755908,0.731326,0.762650,0.708756,0.631070,0.721449,0.685601
0.752612,0.702581,0.749775,0.543464,0.708776,0.761683,0.691475,0.733647,0.768407,0.653768
0.686913,0.736028,0.691254,0.593231,0.851170,0.690740,0.715573,0.711844,0.683997,0.689624
0.698369,0.693478,0.721178,0.657198,0.774249,0.636578,0.670901,0.727521,0.668604,0.671610
0.704210,0.713117,0.675848,0.807019,0.811461,0.645100,0.746988,0.729218,0.679713,0.692623
0.681139,0.669880,0.719218,0.679568,0.681116,0.693572,0.722141,0.687200,0.687229,0.686093
0.685357,0.711126,0.679262,0.616585,0.789046,0.630833,0.672504,0.635068,0.710850,0.695143
0.669752,0.604352,0.723692,0.725243,0.682204,0.744730,0.671453,0.712956,0.651088,0.705867
0.701220,0.661444,0.689094,0.671334,0.761451,0.644959,0.610118,0.696617,0.708238,0.689418
0.624972,0.700503,0.737429,0.694078,0.810161,0.845210,0.657360,0.735223,0.725721,0.702536
0.716456,0.753561,0.706744,0.775949,0.599378,0.550880,0.701852,0.708455,0.662771,0.704677
0.654345,0.708815,0.721926,0.656757,0.453887,0.698345,0.653397,0.751104,0.680170,0.622971
0.634497,0.658667,0.701794,0.776723,0.674341,0.692623,0.721342,0.645911,0.686528,0.676019
0.681949,0.710820,0.687582,0.683327,0.487130,0.683008,0.717154,0.746934,0.699188,0.690374
0.734496,0.625649,0.712791,0.642040,0.427097,0.715435,0.661527,0.670459,0.616158,0.699124
0.636393,0.664021,0.666454,0.613177,0.634533,0.718343,0.717987,0.717485,0.697312,0.715271
0.751514,0.701530,0.703684,0.694620,0.823174,0.725855,0.743393,0.665813,0.657606,0.685987
0.704532,0.703678,0.736113,0.717530,0.476947,0.636090,0.723614,0.762918,0.719781,0.698191
0.729285,0.746755,0.667060,0.647173,0.717264,0.736706,0.689755,0.694044,0.721005,0.699712
0.697361,0.700634,0.665917,0.678540,0.729484,0.728905,0.619110,0.700348,0.702444,0.682016
0.711090,0.664181,0.666233,0.733173,0.684075,0.756187,0.731502,0.678946,0.721954,0.716514
0.695228,0.720757,0.710584,0.690992,0.817820,0.780808,0.718162,0.680620,0.713941,0.686878
0.730681,0.701188,0.708087,0.712777,0.636991,0.641217,0.647588,0.723662,0.598897,0.654325
0.673424,0.676603,0.712046,0.783991,0.735950,0.774794,0.622883,0.629718,0.701993,0.627872
0.791484,0.624611,0.769279,0.699338,0.659097,0.732940,0.662139,0.738669,0.751430,0.688924
0.664104,0.682267,0.709166,0.640567,0.688296,0.596172,0.649426,0.720840,0.685703,0.692943
0.690765,0.673723,0.694019,0.697936,0.584874,0.737960,0.717827,0.638882,0.701952,0.721224
0.671428,0.663330,0.703105,0.725618,0.794130,0.797181,0.676008,0.719419,0.713896,0.694990
0.694626,0.667301,0.613147,0.771908,0.508187,0.785362,0.728767,0.681760,0.724697,0.744249
0.713788,0.709257,0.703879,0.626114,0.723700,0.753708,0.741361,0.726334,0.686614,0.696425
0.664917,0.609447,0.737779,0.681822,0.833439,0.567737,0.712627,0.668227,0.664709,0.670354
0.661468,0.688108,0.707149,0.721745,0.927149,0.791786,0.716111,0.708760,0.743840,0.665323
0.712574,0.710696,0.646683,0.613413,0.648355,0.772332,0.772820,0.679248,0.665252,0.697439
0.695941,0.655970,0.649883,0.725145,0.778456,0.684391,0.674594,0.714255,0.677511,0.675624
0.714183,0.684183,0.752491,0.749465,0.676674,0.727506,0.641428,0.684141,0.701264,0.698093
0.698154,0.687156,0.680787,0.569644,0.818200,0.611687,0.677261,0.647901,0.680698,0.691900
0.706625,0.654753,0.681889,0.690718,0.447333,0.701897,0.683867,0.741275,0.744201,0.707571
0.695231,0.691442,0.671184,0.686007,0.566895,0.654728,0.656771,0.695286,0.690832,0.694908
0.660308,0.664260,0.660624,0.683250,0.890888,0.679806,0.747418,0.696657,0.629581,0.666500
0.698125,0.739117,0.682711,0.701291,0.909827,0.731252,0.693444,0.738840,0.732477,0.702918
0.728487,0.599785,0.695647,0.691777,0.621011,0.674451,0.684269,0.710536,0.673939,0.733828
0.685500,0.680121,0.653776,0.637479,0.651715,0.749034,0.709542,0.686545,0.704451,0.720869
0.680274,0.699196,0.805282,0.693479,0.599120,0.649288,0.738663,0.713821,0.672028,0.708320
0.692888,0.753103,0.706380,0.722659,0.736568,0.687274,0.706066,0.697825,0.699353,0.706829
0.718206,0.669883,0.672872,0.631087,0.394183,0.650493,0.714361,0.650748,0.668296,0.698967
0.696507,0.697750,0.559112,0.576409,0.549121,0.726194,0.684864,0.718615,0.677382,0.659491
0.715560,0.708824,0.699414,0.695898,0.747089,0.771803,0.677038,0.680165,0.717052,0.672763
0.678170,0.707236,0.710016,0.730947,0.771721,0.605741,0.619443,0.688036,0.678846,0.731219
0.666628,0.675008,0.647332,0.608790,0.649138,0.650317,0.659719,0.698167,0.680120,0.709556
0.712029,0.715094,0.738918,0.666089,0.468266,0.695370,0.668696,0.712736,0.691675,0.703031
0.742707,0.644860,0.810487,0.682363,0.551226,0.767545,0.679505,0.735116,0.723337,0.729797
0.700226,0.751460,0.712279,0.728892,0.638597,0.721770,0.672803,0.701153,0.647535,0.701494
0.655822,0.679626,0.680852,0.717974,0.537832,0.691651,0.683420,0.708248,0.673089,0.703930
0.660832,0.780533,0.731160,0.724051,0.846893,0.677481,0.742532,0.698892,0.733008,0.721292
0.611496,0.701038,0.675859,0.677803,0.629017,0.726767,0.735333,0.726947,0.684979,0.682406
0.691333,0.723548,0.707879,0.675684,0.685081,0.693426,0.720623,0.664274,0.706870,0.705225
0.711298,0.691590,0.728855,0.689150,0.730511,0.725117,0.675502,0.720782,0.684199,0.667366
0.714670,0.771049,0.650378,0.725395,0.778193,0.702443,0.705772,0.709336,0.710111,0.674085
0.676586,0.729753,0.748068,0.764073,0.737073,0.804272,0.755478,0.711168,0.683811,0.677513
0.639144,0.705159,0.685419,0.623308,0.631377,0.762384,0.735462,0.795454,0.661389,0.733497
0.674996,0.679261,0.717100,0.715214,0.554763,0.698239,0.707595,0.709651,0.728415,0.693223
0.703060,0.689647,0.693504,0.638703,0.836619,0.641265,0.636618,0.680243,0.739429,0.666280
0.681755,0.682037,0.655256,0.721352,0.664382,0.655958,0.698181,0.660107,0.717254,0.690878
0.704306,0.697612,0.680725,0.757404,0.146468,0.633435,0.653718,0.656376,0.712600,0.695159
0.735255,0.732490,0.708684,0.728197,0.837532,0.702428,0.699989,0.740923,0.689666,0.685345
0.675110,0.698711,0.764865,0.707515,0.624686,0.717776,0.806808,0.716018,0.669978,0.707139
0.670392,0.666034,0.755702,0.661342,0.632089,0.667024,0.730468,0.699054,0.723616,0.702689
0.676952,0.716108,0.704995,0.634710,0.806090,0.621425,0.665794,0.689240,0.699316,0.682956
0.733256,0.646911,0.686520,0.641890,0.729006,0.549807,0.683947,0.679000,0.653476,0.640710
0.695754,0.685368,0.699094,0.653259,0.516792,0.757225,0.715944,0.671436,0.644869,0.723013
0.675724,0.718388,0.698840,0.709287,0.820565,0.766784,0.657491,0.700455,0.724333,0.661325
0.619758,0.710432,0.749294,0.760134,0.627033,0.746144,0.660070,0.707371,0.668913,0.652458
0.698163,0.713274,0.697311,0.792503,0.645139,0.691025,0.735015,0.693086,0.627476,0.676183
0.741358,0.632478,0.611724,0.815474,0.787659,0.574181,0.745450,0.753475,0.690488,0.665557
0.706591,0.565102,0.693732,0.754589,0.950885,0.723231,0.687357,0.704902,0.699343,0.697540
0.702271,0.652799,0.692110,0.692351,0.628816,0.787083,0.696779,0.715716,0.700712,0.681201
0.682809,0.721820,0.738325,0.658363,0.729080,0.640625,0.685761,0.655839,0.671589,0.690740
0.695992,0.723593,0.711962,0.736636,0.681143,0.817718,0.672162,0.689809,0.687379,0.707362
0.637683,0.724138,0.693972,0.695346,0.769076,0.780370,0.676264,0.723073,0.659307,0.656144
0.698723,0.638584,0.728562,0.642284,0.791405,0.625582,0.655696,0.723422,0.676519,0.683326
0.633687,0.654485,0.742285,0.705738,0.661120,0.641548,0.633046,0.690023,0.617907,0.678680
0.744839,0.634431,0.740998,0.540944,0.604454,0.724351,0.652903,0.601239,0.709267,0.693215
0.705228,0.719233,0.680094,0.735187,0.607415,0.666044,0.682621,0.693131,0.700882,0.690980
0.671501,0.694826,0.716625,0.733313,0.671254,0.637513,0.696039,0.691937,0.699947,0.669908
0.726179,0.706047,0.685177,0.581817,0.726847,0.617397,0.734388,0.644187,0.689941,0.710205
0.700215,0.689772,0.697521,0.763466,0.580012,0.777222,0.700652,0.732469,0.675248,0.687687
0.745231,0.651156,0.594582,0.795226,0.817262,0.574108,0.764370,0.592560,0.725312,0.748786
0.710738,0.625974,0.636969,0.705026,0.675192,0.770250,0.678956,0.680918,0.661554,0.670371
0.643820,0.702981,0.648506,0.694623,0.561358,0.682243,0.730628,0.702919,0.659378,0.691066
0.681976,0.658754,0.713447,0.644028,0.609198,0.779518,0.683793,0.640709,0.728290,0.665153
0.693880,0.699221,0.658095,0.712787,0.636150,0.644582,0.645689,0.651310,0.709830,0.712111
0.701481,0.686079,0.706675,0.718119,0.435353,0.639871,0.694830,0.693420,0.689092,0.663566
0.704470,0.701279,0.709867,0.698450,0.660257,0.759310,0.679078,0.701135,0.714264,0.673802
0.686466,0.751126,0.637948,0.658384,0.535048,0.710449,0.643984,0.665462,0.712293,0.696424
0.725112,0.651326,0.679586,0.668680,0.781020,0.537819,0.597309,0.721863,0.752800,0.680013
0.674605,0.704874,0.703921,0.734369,0.624208,0.751630,0.706202,0.669778,0.687346,0.701759
0.720253,0.669962,0.728838,0.717201,0.632523,0.675430,0.769707,0.677265,0.674653,0.709701
0.743778,0.808551,0.669400,0.583408,0.756304,0.599674,0.663665,0.722667,0.690917,0.727757
0.705977,0.655156,0.710512,0.685439,0.586297,0.657063,0.699348,0.666669,0.751486,0.681008
0.682366,0.708564,0.751568,0.698682,0.631788,0.657340,0.730716,0.698229,0.729311,0.714212
0.670838,0.709598,0.708483,0.644051,0.713678,0.663887,0.727345,0.679263,0.700296,0.678503
0.688207,0.690097,0.725789,0.737962,0.778529,0.637130,0.710075,0.646080,0.730713,0.697031
0.716144,0.702363,0.699700,0.783157,0.536683,0.594213,0.650411,0.705237,0.697536,0.702033
0.690145,0.664980,0.682552,0.711591,0.725625,0.566485,0.675828,0.736721,0.729196,0.689620
0.725958,0.690434,0.712996,0.748453,0.776324,0.796542,0.693691,0.665229,0.694830,0.702154
0.670374,0.670324,0.655080,0.740904,0.554196,0.814848,0.704133,0.669526,0.706711,0.708539
0.673288,0.706670,0.709630,0.679329,0.796529,0.665858,0.719673,0.701398,0.710721,0.686031
0.669256,0.631761,0.744709,0.742003,0.666874,0.702148,0.701367,0.677022,0.699963,0.703738
0.754439,0.755129,0.626671,0.839598,0.765951,0.709417,0.703568,0.720047,0.730798,0.712559
0.667431,0.742639,0.759399,0.740510,0.632544,0.630815,0.665743,0.696596,0.700512,0.700224
0.700442,0.688205,0.581642,0.770754,0.719323,0.838233,0.675238,0.729902,0.644799,0.689730
0.739406,0.713953,0.667582,0.800501,0.784222,0.775308,0.617132,0.753856,0.636669,0.670746
0.631113,0.693074,0.683919,0.793512,0.824793,0.611053,0.729347,0.604260,0.710574,0.616438
0.750364,0.743555,0.673268,0.723211,0.611912,0.744310,0.697771,0.778652,0.719426,0.671973
0.693040,0.725140,0.719582,0.716130,0.760388,0.661581,0.655067,0.715149,0.648381,0.733332
0.634303,0.673315,0.694695,0.725592,0.714170,0.767608,0.727511,0.643008,0.660658,0.670591
0.703974,0.664575,0.709954,0.686840,0.866397,0.757214,0.684976,0.713004,0.679867,0.700480
0.696613,0.690501,0.737770,0.665252,0.772095,0.731147,0.712936,0.691470,0.693417,0.718798
0.695110,0.676615,0.681317,0.693107,0.370282,0.638346,0.652971,0.697345,0.696267,0.709283
0.671577,0.663401,0.672233,0.648722,0.636945,0.644090,0.669981,0.710621,0.694380,0.704299
0.724816,0.668712,0.739429,0.543636,0.714240,0.733459,0.672280,0.671130,0.692057,0.717948
0.688346,0.683857,0.716500,0.739195,0.680377,0.718852,0.694481,0.666581,0.688172,0.661416
0.698745,0.729202,0.717073,0.748422,0.679570,0.672974,0.696342,0.700548,0.710946,0.694273
0.671600,0.764260,0.581692,0.607957,0.638947,0.723255,0.707616,0.643168,0.718395,0.710625
0.742029,0.568459,0.665449,0.749585,0.847037,0.686294,0.670264,0.742232,0.623037,0.700817
0.680798,0.729098,0.735108,0.729177,0.924365,0.800853,0.658040,0.721386,0.727911,0.678323
0.635899,0.725399,0.638748,0.586454,0.813099,0.682316,0.744558,0.676075,0.685981,0.705151
0.725447,0.672653,0.681264,0.772205,0.715397,0.726128,0.653650,0.698142,0.695112,0.724456
0.704872,0.674460,0.726222,0.686029,0.560763,0.679540,0.729406,0.663548,0.714227,0.710890
0.670924,0.723590,0.617190,0.752392,0.567568,0.700192,0.722743,0.731535,0.690921,0.686058
0.722027,0.671424,0.699113,0.730081,0.594995,0.737719,0.715353,0.715158,0.754295,0.709092
0.793632,0.758965,0.688462,0.669843,0.687726,0.814754,0.687494,0.603686,0.677082,0.694083
0.717887,0.681448,0.718243,0.662092,0.486607,0.621771,0.703842,0.698420,0.684173,0.656401
0.682618,0.687768,0.634818,0.686529,0.870873,0.787861,0.636903,0.724628,0.731727,0.699425
0.755696,0.707940,0.753604,0.768135,0.714998,0.750243,0.682370,0.736513,0.686742,0.715774
0.701615,0.762537,0.689247,0.590606,0.486545,0.760652,0.698435,0.682541,0.762130,0.691528
0.678117,0.672662,0.637302,0.683125,0.725209,0.908676,0.643135,0.679731,0.694463,0.716325
0.673889,0.682040,0.723963,0.736094,0.827645,0.514601,0.684220,0.750402,0.700318,0.684377
0.667342,0.718566,0.707966,0.743588,0.807105,0.568264,0.725439,0.673616,0.726795,0.684018
0.724264,0.689340,0.737431,0.710559,0.598723,0.712157,0.765791,0.720072,0.688695,0.672629
0.712779,0.766188,0.813535,0.743146,0.695348,0.674144,0.605752,0.641244,0.708237,0.681808
0.697480,0.687135,0.696574,0.751790,0.565202,0.738127,0.698291,0.727556,0.710684,0.701641
0.669326,0.721464,0.750578,0.763888,0.663120,0.584619,0.665635,0.713441,0.671952,0.752659
0.736252,0.705957,0.773398,0.717080,0.584403,0.741337,0.662236,0.699439,0.700108,0.682513
0.696298,0.665365,0.695372,0.701361,0.630085,0.739432,0.758795,0.666812,0.728436,0.653897
0.665660,0.647244,0.702515,0.631403,0.690906,0.784553,0.759121,0.727946,0.690933,0.688538
0.676477,0.700522,0.640608,0.738587,0.758556,0.739416,0.685465,0.736734,0.738538,0.706347
0.661790,0.723824,0.684591,0.729291,0.768600,0.632448,0.692066,0.673294,0.682232,0.676375
0.703361,0.662034,0.686337,0.664645,0.737855,0.725839,0.719983,0.724479,0.729344,0.686263
0.691335,0.816671,0.690775,0.615947,0.696359,0.644191,0.669311,0.748602,0.722530,0.638695
0.700542,0.643501,0.644530,0.665059,0.745188,0.640317,0.625210,0.684759,0.712373,0.690560
0.667954,0.735332,0.678967,0.690008,0.737688,0.641960,0.732228,0.682082,0.713428,0.685201
0.705038,0.684400,0.655067,0.619393,0.674067,0.644808,0.708241,0.684050,0.698513,0.722236
0.694956,0.677402,0.578953,0.624912,0.655355,0.621806,0.564106,0.686142,0.690844,0.718565
0.719643,0.718871,0.704356,0.701217,0.512952,0.721116,0.705171,0.768201,0.697995,0.682764
0.695494,0.758700,0.625051,0.656531,0.658235,0.650944,0.681158,0.680371,0.773845,0.677609
0.682874,0.694360,0.608641,0.748929,0.588833,0.649106,0.633299,0.684369,0.733499,0.680582
0.673725,0.626724,0.745404,0.650031,0.702322,0.647184,0.691979,0.686497,0.718793,0.727291
0.680243,0.641278,0.693487,0.716361,0.691209,0.723098,0.739729,0.705727,0.732380,0.698747
0.721783,0.711438,0.661832,0.767987,0.764083,0.701297,0.728965,0.758191,0.738869,0.683855
0.693430,0.677886,0.678293,0.650825,0.773860,0.646998,0.715557,0.684310,0.614863,0.697250
0.708395,0.706682,0.705974,0.741555,0.634455,0.587412,0.657839,0.688781,0.686341,0.665614
0.715545,0.709144,0.730632,0.734787,0.695728,0.593293,0.677481,0.686528,0.669677,0.678331
0.689844,0.710964,0.679860,0.684866,0.738157,0.713069,0.702555,0.701127,0.707755,0.699699
0.628259,0.685156,0.654274,0.713536,0.502573,0.775245,0.662439,0.683575,0.673877,0.670045
0.709925,0.710433,0.709769,0.786427,0.528454,0.681133,0.685029,0.679238,0.692912,0.706086
0.683525,0.641986,0.686908,0.730810,0.704639,0.708415,0.712890,0.743914,0.688414,0.692766
0.707674,0.643839,0.659204,0.734832,0.608126,0.771426,0.683850,0.761685,0.728863,0.651107
0.659166,0.673098,0.642911,0.744078,0.809143,0.675181,0.770781,0.628287,0.716811,0.675585
0.719007,0.666294,0.748288,0.574172,0.836442,0.608730,0.720801,0.662359,0.658998,0.704089
0.680117,0.683515,0.695625,0.680077,0.886619,0.767987,0.693534,0.721408,0.724688,0.701449
0.729867,0.719151,0.693108,0.707643,0.624733,0.685005,0.681554,0.700410,0.650461,0.685013
0.668917,0.712101,0.670307,0.701401,0.876448,0.755487,0.693555,0.688476,0.734089,0.696717
0.680971,0.718504,0.736340,0.691586,0.707009,0.685833,0.735518,0.672520,0.704641,0.706442
0.675552,0.637623,0.737394,0.761969,0.660951,0.738656,0.687763,0.641819,0.698298,0.714308
0.730067,0.707112,0.640955,0.725406,0.688335,0.687231,0.718864,0.649241,0.665028,0.670521
0.687611,0.607911,0.723360,0.688747,0.739223,0.615962,0.738858,0.636287,0.731530,0.707146
0.690677,0.684885,0.700253,0.711417,0.685137,0.699077,0.716484,0.689495,0.694555,0.701947
0.713618,0.709054,0.724592,0.717477,0.585444,0.734245,0.680872,0.727384,0.704204,0.713174
0.687831,0.653649,0.652354,0.660886,0.785282,0.608022,0.771032,0.736161,0.670590,0.701791
0.704405,0.747302,0.693985,0.677329,0.726588,0.771603,0.671273,0.720225,0.696876,0.696908
0.664374,0.685528,0.701102,0.721844,0.598477,0.650818,0.711468,0.707329,0.672132,0.671424
0.694386,0.674440,0.645992,0.679815,0.655030,0.753935,0.657759,0.717152,0.702975,0.702276
0.718913,0.752183,0.635108,0.789755,0.641739,0.733671,0.733735,0.686197,0.742705,0.730558
0.701427,0.728522,0.712462,0.680387,0.783007,0.752975,0.686047,0.653902,0.659703,0.693352
0.712989,0.683921,0.683342,0.736551,0.646029,0.673412,0.741126,0.734480,0.651102,0.694033
0.708564,0.669023,0.687779,0.643144,0.712550,0.661921,0.682984,0.689228,0.637456,0.724472
0.751818,0.712733,0.723144,0.646592,0.799634,0.631491,0.666062,0.609521,0.697444,0.677453
0.707100,0.686966,0.698433,0.722124,0.602761,0.720425,0.790328,0.663960,0.680523,0.645541
0.717608,0.676191,0.732759,0.650411,0.591694,0.669869,0.770665,0.709353,0.624509,0.678365
0.683810,0.695861,0.681939,0.767945,0.732682,0.542497,0.630601,0.740869,0.690637,0.684229
0.675885,0.720618,0.699678,0.590699,0.757921,0.606978,0.707348,0.647087,0.713553,0.711962
0.684441,0.645146,0.691886,0.742195,0.828986,0.698972,0.681055,0.725257,0.624191,0.686457
0.678437,0.716492,0.739353,0.660338,0.734926,0.722289,0.723914,0.671678,0.710307,0.700485
0.635237,0.678496,0.710004,0.702011,0.679628,0.469206,0.622759,0.736305,0.684867,0.730473
0.737460,0.715963,0.643282,0.721345,0.764262,0.584787,0.769975,0.729810,0.724224,0.711462
0.689090,0.732679,0.690342,0.783321,0.699806,0.748018,0.713663,0.708460,0.699836,0.697013
0.694997,0.691726,0.656167,0.675070,0.753185,0.727719,0.675463,0.703622,0.712088,0.703310
0.668833,0.685877,0.721070,0.583297,0.736685,0.705784,0.695869,0.758228,0.707167,0.663953
0.685219,0.667223,0.647894,0.708307,0.517168,0.627169,0.681614,0.708996,0.736050,0.685239
0.691220,0.640467,0.674513,0.646631,0.763478,0.482556,0.688488,0.729117,0.737728,0.696611
0.709771,0.647421,0.676583,0.672454,0.849398,0.739882,0.666769,0.683527,0.660595,0.696879
0.741266,0.699330,0.702461,0.628749,0.562496,0.763992,0.668850,0.724462,0.701569,0.732204
0.735307,0.781697,0.651005,0.707180,0.625577,0.720107,0.754420,0.670416,0.719743,0.697313
0.682836,0.646175,0.590852,0.630273,0.657604,0.665028,0.626794,0.683539,0.681718,0.703189
0.647987,0.696236,0.667636,0.771339,0.799686,0.650299,0.696614,0.674336,0.679119,0.681142
0.675722,0.737264,0.664132,0.790834,0.744014,0.778906,0.711157,0.690184,0.696951,0.699448
0.708583,0.729107,0.686709,0.577158,0.505097,0.733043,0.747161,0.759346,0.718115,0.710808
0.736864,0.655343,0.672629,0.736281,0.775504,0.610722,0.724938,0.724575,0.669603,0.715598
0.700498,0.689782,0.686692,0.734527,0.747869,0.657865,0.686732,0.741433,0.694761,0.700293
0.680449,0.678229,0.670836,0.728817,0.666265,0.762240,0.705543,0.679504,0.721243,0.693148
0.740605,0.725693,0.717067,0.687049,0.847256,0.619370,0.683496,0.654734,0.671057,0.687618
0.716747,0.640285,0.653426,0.708146,0.572919,0.700048,0.711987,0.712016,0.719176,0.653750
0.721284,0.724968,0.703583,0.681252,0.658508,0.656892,0.670088,0.659330,0.665531,0.687457
0.692690,0.745881,0.690247,0.648109,0.772831,0.581032,0.619838,0.711190,0.725576,0.686161
0.703778,0.708675,0.696618,0.697341,0.775990,0.631936,0.625211,0.696451,0.664390,0.652566
0.658080,0.661474,0.686596,0.673366,0.706137,0.612973,0.692373,0.721721,0.700970,0.688798
0.708041,0.697729,0.677393,0.748453,0.499598,0.639380,0.723150,0.732114,0.697299,0.695170
0.690367,0.701033,0.715414,0.667682,0.667862,0.685397,0.713052,0.686344,0.720463,0.708376
0.640749,0.715461,0.676613,0.808541,0.714616,0.760338,0.688963,0.698588,0.697681,0.726369
0.661476,0.753860,0.653667,0.709341,0.591031,0.749009,0.768043,0.729394,0.616243,0.666508
0.692425,0.596384,0.704295,0.640767,0.646212,0.669678,0.723815,0.684120,0.740303,0.772935
0.677995,0.689582,0.727427,0.702343,0.760425,0.747046,0.765745,0.697874,0.718009,0.717944
0.675952,0.742158,0.707682,0.665295,0.789799,0.729017,0.682419,0.641856,0.708969,0.704036
0.703794,0.683357,0.755288,0.668720,0.655164,0.584772,0.693533,0.774020,0.680443,0.673597
0.712102,0.647630,0.684984,0.618501,0.621522,0.819650,0.698739,0.679715,0.673007,0.661793
0.693058,0.697530,0.676547,0.673559,0.865379,0.689628,0.632995,0.743695,0.707181,0.677871
0.696819,0.676713,0.707042,0.730578,0.916054,0.759362,0.696819,0.651268,0.714506,0.686140
0.705359,0.586358,0.740936,0.633696,0.803723,0.482345,0.741858,0.603605,0.698455,0.712333
0.695570,0.685470,0.634641,0.685640,0.516072,0.705169,0.762788,0.702855,0.717964,0.715016
0.710427,0.755706,0.656632,0.663115,0.462049,0.725120,0.696483,0.701794,0.673081,0.694275
0.674109,0.680570,0.691390,0.696572,0.509662,0.685721,0.743776,0.674667,0.716881,0.670855
0.734021,0.695969,0.648450,0.656404,0.896068,0.824742,0.759352,0.696604,0.660022,0.720529
0.622791,0.658193,0.714556,0.767745,0.848902,0.688438,0.644256,0.762202,0.697887,0.737027
0.730473,0.677466,0.739040,0.763842,0.600089,0.753422,0.674469,0.621915,0.710452,0.737562
0.727770,0.723947,0.671424,0.653262,0.539704,0.713773,0.695929,0.615360,0.644609,0.718310
0.679817,0.638056,0.666696,0.637412,0.744512,0.582069,0.687307,0.691147,0.666995,0.671230
0.643917,0.720309,0.661266,0.781378,0.791359,0.770289,0.601904,0.694523,0.753292,0.716298
0.663012,0.699183,0.789525,0.713354,0.720316,0.708112,0.640985,0.701339,0.710798,0.701829
0.674980,0.672057,0.686522,0.702903,0.520050,0.640083,0.667476,0.690515,0.708986,0.693129
0.683384,0.704265,0.736443,0.720970,0.731973,0.456042,0.695281,0.745536,0.695671,0.684552
0.679513,0.701581,0.701089,0.720254,0.540128,0.828264,0.687963,0.644832,0.672786,0.731743
0.692363,0.705288,0.661541,0.672456,0.762848,0.742668,0.644521,0.705335,0.722181,0.686636
0.680234,0.694196,0.778284,0.682459,0.668492,0.702240,0.630934,0.712070,0.703125,0.711067
0.626670,0.730228,0.689964,0.788484,0.760496,0.837154,0.674716,0.652001,0.755733,0.705085
0.676372,0.681016,0.673482,0.734729,0.847772,0.730076,0.700096,0.741921,0.692048,0.719054
0.672739,0.704383,0.727963,0.706340,0.664850,0.713438,0.697448,0.708874,0.709544,0.745573
0.693811,0.720285,0.713340,0.637285,0.661718,0.657537,0.687182,0.658737,0.701712,0.686844
0.686611,0.720303,0.666716,0.698274,0.590830,0.685833,0.794262,0.727492,0.687123,0.728562
0.681257,0.732133,0.682949,0.666771,0.515833,0.718533,0.689660,0.664889,0.701413,0.713105
0.730703,0.693685,0.674735,0.698576,0.607357,0.687387,0.728258,0.694191,0.722885,0.671372
0.736770,0.735761,0.671588,0.737893,0.725647,0.575315,0.703117,0.722605,0.684923,0.742553
0.709609,0.699592,0.702498,0.762987,0.668107,0.603432,0.677537,0.738114,0.673297,0.749913
0.692977,0.704912,0.739874,0.701153,0.809597,0.699934,0.654698,0.752385,0.709450,0.675572
0.671151,0.736390,0.641590,0.705158,0.738435,0.741052,0.656048,0.623081,0.716964,0.689986
0.654419,0.687381,0.671440,0.639161,0.655632,0.631384,0.630647,0.653892,0.637930,0.716498
0.619239,0.667750,0.703483,0.688930,0.831922,0.696811,0.705375,0.705591,0.541179,0.681130
0.682468,0.667276,0.694755,0.627133,0.874829,0.715146,0.724180,0.689386,0.686754,0.692490
0.677291,0.708364,0.687355,0.613514,0.905434,0.799104,0.681690,0.671539,0.720410,0.680387
0.686039,0.668560,0.696151,0.654423,0.860154,0.631123,0.757928,0.729854,0.707178,0.705122
0.634656,0.736387,0.773201,0.694910,0.730359,0.784289,0.648582,0.686514,0.697845,0.765095
0.692713,0.694905,0.686362,0.715656,0.548733,0.731658,0.681702,0.684088,0.701476,0.698634
0.636121,0.681361,0.627612,0.786034,0.588932,0.707242,0.685966,0.643464,0.668575,0.659231
0.714519,0.655253,0.718812,0.717801,0.818187,0.611427,0.664799,0.668648,0.624768,0.665811
0.732951,0.760355,0.715656,0.629112,0.663837,0.648049,0.700144,0.662525,0.693151,0.690885
0.690991,0.739164,0.818549,0.623253,0.811032,0.557473,0.646566,0.730346,0.666393,0.634371
0.702196,0.704671,0.686014,0.670332,0.504746,0.653430,0.706784,0.696678,0.705247,0.714730
0.666562,0.706810,0.706697,0.679434,0.774228,0.687044,0.715600,0.684031,0.660498,0.612669
0.712276,0.709310,0.722843,0.747853,0.432567,0.675782,0.712761,0.686955,0.715957,0.670675
0.690572,0.676323,0.755857,0.666720,0.662296,0.695648,0.683296,0.715988,0.710654,0.724350
0.699897,0.588757,0.758936,0.701291,0.667002,0.745143,0.678043,0.721383,0.697778,0.617780
0.656835,0.721389,0.717364,0.709864,0.651363,0.498191,0.617074,0.725058,0.710183,0.705649
0.666468,0.669024,0.725036,0.609222,0.662334,0.790985,0.697090,0.697403,0.684303,0.677177
0.740955,0.665678,0.767085,0.719271,0.581383,0.699233,0.686542,0.674222,0.718007,0.712597
0.672946,0.670513,0.666252,0.706155,0.782792,0.610173,0.733396,0.728981,0.703858,0.706161
0.676951,0.629471,0.737856,0.628625,0.657026,0.684157,0.713654,0.666496,0.727106,0.685308
0.705738,0.676161,0.730948,0.722825,0.683037,0.704906,0.720318,0.658411,0.720624,0.700524
0.642467,0.731695,0.748297,0.705112,0.558057,0.584596,0.717284,0.713464,0.694787,0.712623
0.690229,0.753052,0.654143,0.682272,0.615671,0.616621,0.702706,0.716999,0.658033,0.704539
0.571887,0.654555,0.729140,0.784899,0.788638,0.636389,0.657427,0.700907,0.688430,0.671727
0.675184,0.713295,0.676097,0.686745,0.589000,0.680835,0.727800,0.719381,0.682200,0.689740
0.666651,0.671111,0.644610,0.722611,0.567896,0.744740,0.664164,0.681975,0.719528,0.702432
0.729014,0.651876,0.707294,0.652658,0.626317,0.728730,0.616803,0.714137,0.727326,0.735306
0.719796,0.678711,0.689400,0.748666,0.584856,0.657800,0.654676,0.684584,0.705650,0.688738
0.686026,0.657338,0.689295,0.724339,0.762292,0.744463,0.678376,0.694458,0.642976,0.731145
0.684510,0.684707,0.712431,0.537257,0.805794,0.565552,0.802844,0.709517,0.679959,0.691281
0.666570,0.679968,0.729994,0.742068,0.588946,0.699993,0.672849,0.682755,0.684266,0.686395
0.684193,0.732284,0.744336,0.777148,0.785799,0.758486,0.633233,0.722060,0.720074,0.757100
0.711593,0.691626,0.764361,0.654629,0.734718,0.681922,0.720507,0.694145,0.712204,0.709358
0.701393,0.723150,0.699530,0.745901,0.679432,0.716434,0.677613,0.691748,0.721010,0.687825
0.645423,0.666101,0.678431,0.748029,0.624624,0.639523,0.681550,0.648388,0.680458,0.711108
0.725777,0.678749,0.664198,0.674997,0.629382,0.782327,0.719229,0.624142,0.724936,0.699554
0.712802,0.615880,0.710883,0.720700,0.840289,0.739241,0.653900,0.729800,0.671258,0.653956
0.710553,0.716194,0.672725,0.717639,0.816092,0.697138,0.709561,0.677888,0.608360,0.676035
0.705067,0.693202,0.752229,0.741897,0.566299,0.681903,0.717139,0.697110,0.709293,0.700488
0.807076,0.678108,0.640024,0.709135,0.847265,0.664740,0.724373,0.690570,0.682564,0.783420
0.751403,0.664214,0.729008,0.694190,0.573606,0.697551,0.643833,0.789983,0.732778,0.645099
0.708585,0.692539,0.767911,0.731893,0.655844,0.726441,0.771900,0.708409,0.710746,0.694535
0.710078,0.633461,0.654145,0.673902,0.521018,0.766779,0.711874,0.732554,0.660080,0.708592
0.714622,0.590015,0.701829,0.712936,0.755559,0.602300,0.662410,0.726692,0.694359,0.699305
0.711136,0.694235,0.726722,0.641183,0.779118,0.745360,0.674881,0.683274,0.670915,0.677201
0.720861,0.653244,0.724991,0.679048,0.922776,0.640762,0.680358,0.647809,0.733540,0.730316
0.682552,0.625345,0.713906,0.728145,0.681326,0.721831,0.656769,0.747687,0.702733,0.769690
0.692293,0.723022,0.737795,0.722097,0.746176,0.563118,0.678635,0.752130,0.680309,0.693267
0.670979,0.685519,0.726570,0.687246,0.735520,0.780798,0.683743,0.710849,0.684671,0.698855
0.681676,0.710007,0.697744,0.707047,0.593724,0.639726,0.703311,0.720660,0.690124,0.715869
0.685512,0.691053,0.717759,0.720717,0.622521,0.671946,0.690433,0.722496,0.677592,0.722333
0.667658,0.671786,0.750624,0.717717,0.621425,0.647942,0.764149,0.675269,0.726424,0.667782
0.681556,0.660985,0.720746,0.569095,0.734794,0.574890,0.736684,0.681450,0.629166,0.705400
0.719714,0.659842,0.716979,0.690432,0.657130,0.806906,0.651089,0.749214,0.658909,0.642996
0.690531,0.779728,0.674579,0.711982,0.763544,0.649346,0.676587,0.766490,0.680399,0.708361
0.688868,0.677022,0.712345,0.736829,0.795383,0.737245,0.648493,0.641080,0.819651,0.683016
0.722659,0.692763,0.636915,0.737798,0.701880,0.780967,0.681935,0.733878,0.720732,0.664173
0.700067,0.713065,0.697339,0.456054,0.630305,0.718694,0.731458,0.750248,0.727436,0.717892
0.705017,0.712420,0.729177,0.656632,0.683554,0.720969,0.715105,0.681273,0.695637,0.709831
0.770995,0.609785,0.682801,0.672526,0.643693,0.779383,0.681431,0.742736,0.646625,0.761961
0.662431,0.710027,0.694394,0.703945,0.744722,0.738613,0.722156,0.715201,0.693974,0.706978
0.678892,0.699613,0.656274,0.744738,0.589071,0.837532,0.670570,0.737746,0.683098,0.667838
0.693890,0.647646,0.680257,0.641391,0.532273,0.720471,0.700616,0.591988,0.657085,0.719513
0.711630,0.723355,0.692961,0.706216,0.484073,0.708701,0.735382,0.679247,0.710386,0.720509
0.593324,0.701174,0.748958,0.789507,0.754901,0.725443,0.638766,0.710590,0.702589,0.746480
0.710859,0.678473,0.714799,0.687671,0.822751,0.591818,0.630504,0.695177,0.724733,0.723227
0.696567,0.706758,0.697837,0.712386,0.639218,0.775848,0.679827,0.750356,0.734314,0.713991
0.675080,0.717336,0.698417,0.728241,0.731253,0.724906,0.715055,0.711338,0.721774,0.684501
0.692017,0.682905,0.740769,0.721986,0.621340,0.660552,0.750432,0.698975,0.689031,0.703574
0.731690,0.726807,0.767263,0.685552,0.621802,0.703508,0.590071,0.677301,0.711802,0.693051
0.709740,0.751988,0.663126,0.685663,0.641154,0.619510,0.667812,0.698895,0.672925,0.716018
0.679357,0.789610,0.634662,0.758671,0.843560,0.777634,0.741931,0.732676,0.705194,0.733912
0.704896,0.680928,0.710155,0.675260,0.674549,0.694148,0.720140,0.692060,0.704213,0.687481
0.684739,0.672907,0.733843,0.767779,0.641587,0.680749,0.720216,0.662654,0.706362,0.674671
0.667938,0.642137,0.715879,0.706801,0.738354,0.606414,0.706467,0.680022,0.660688,0.720561
0.703176,0.757656,0.715883,0.776939,0.731713,0.545678,0.694415,0.748537,0.685614,0.685424
0.688913,0.681391,0.693698,0.726029,0.626511,0.727834,0.714404,0.685814,0.677226,0.707340
0.722749,0.689960,0.688269,0.774502,0.675885,0.713253,0.683608,0.687007,0.742385,0.712236
0.690746,0.703344,0.705979,0.658018,0.693536,0.717462,0.714236,0.675617,0.687980,0.696121
0.690022,0.705935,0.641064,0.682389,0.754815,0.741651,0.653669,0.684311,0.710329,0.703114
0.672833,0.695763,0.670115,0.657625,0.361872,0.692614,0.662293,0.633206,0.691633,0.702362
0.663283,0.684715,0.689616,0.716489,0.475652,0.684070,0.683085,0.699198,0.706223,0.695337
0.747566,0.707948,0.771811,0.588498,0.695477,0.775642,0.641730,0.635638,0.677664,0.681480
0.693357,0.691700,0.718036,0.704084,0.525093,0.689482,0.732214,0.677985,0.715432,0.689529
0.683533,0.710152,0.705285,0.678539,0.476261,0.736317,0.672677,0.720514,0.669829,0.683238
0.712870,0.674332,0.711321,0.645125,0.907766,0.630417,0.720610,0.703574,0.691010,0.700923
0.699355,0.688380,0.708201,0.584831,0.779600,0.582147,0.709443,0.667106,0.702424,0.711464
0.664157,0.734726,0.629268,0.608720,0.433832,0.635472,0.689061,0.724910,0.644957,0.772910
0.694552,0.714867,0.612525,0.508843,0.636227,0.734083,0.644237,0.631949,0.669068,0.695381
0.691426,0.702696,0.639156,0.720045,0.714376,0.767655,0.640461,0.709736,0.723007,0.697814
0.666407,0.669502,0.755822,0.658833,0.736514,0.585734,0.693705,0.701993,0.675946,0.727658
0.656251,0.675286,0.807618,0.717829,0.712836,0.726492,0.803437,0.697409,0.676384,0.652541
0.733968,0.771733,0.684587,0.610877,0.466704,0.693738,0.682369,0.745927,0.718062,0.741870
0.718010,0.731988,0.647035,0.626713,0.573474,0.737591,0.745967,0.741780,0.730112,0.702132
0.680270,0.668074,0.714984,0.629081,0.616730,0.572455,0.721663,0.690288,0.708611,0.700562
0.732822,0.681993,0.683117,0.635136,0.755080,0.689114,0.715838,0.697840,0.676745,0.780186
0.695999,0.681399,0.734737,0.683690,0.677538,0.739680,0.750134,0.688597,0.672270,0.688812
0.686653,0.697735,0.704781,0.759630,0.719335,0.722689,0.734801,0.692617,0.679487,0.721715
0.688463,0.768932,0.623189,0.684376,0.583909,0.868047,0.666123,0.735411,0.686742,0.662187
0.690631,0.715388,0.707342,0.727322,0.707518,0.730668,0.707383,0.677306,0.686068,0.698314
0.687488,0.734850,0.662587,0.627399,0.795671,0.578340,0.646379,0.711196,0.709839,0.691850
0.690515,0.705811,0.636357,0.589333,0.642612,0.751684,0.673677,0.657191,0.714658,0.706113
0.652465,0.738776,0.651584,0.787789,0.651924,0.548392,0.682758,0.676377,0.709666,0.695144
0.692486,0.706567,0.718144,0.728599,0.557773,0.685972,0.701397,0.707751,0.729489,0.682400
0.687129,0.707182,0.621360,0.737147,0.343875,0.623296,0.736756,0.683064,0.705166,0.673158
0.685748,0.671050,0.645254,0.639045,0.751763,0.753952,0.633464,0.693190,0.715717,0.696414
0.694378,0.685610,0.713809,0.708816,0.599174,0.707221,0.720313,0.706545,0.691954,0.713161
0.705375,0.647915,0.689516,0.704487,0.595924,0.694549,0.670800,0.710202,0.675070,0.662610
0.727792,0.616118,0.628840,0.756535,0.711147,0.804146,0.627074,0.629825,0.650422,0.695874
0.663519,0.724920,0.675963,0.710368,0.711541,0.591743,0.739190,0.689398,0.680863,0.743300
0.704223,0.674447,0.739713,0.704748,0.774751,0.732247,0.752336,0.684653,0.701178,0.698417
0.681580,0.687672,0.693371,0.779019,0.673928,0.830494,0.670163,0.617620,0.675498,0.713364
0.651329,0.689159,0.755596,0.643617,0.686750,0.694826,0.666344,0.688502,0.729441,0.701951
0.602966,0.657173,0.647673,0.751439,0.688383,0.711399,0.715520,0.725182,0.707595,0.728052
0.704985,0.768018,0.716723,0.752728,0.724882,0.565692,0.670584,0.750095,0.681481,0.662290
0.669079,0.716721,0.709909,0.673592,0.604131,0.646092,0.745158,0.694019,0.688387,0.671188
0.680850,0.658760,0.710304,0.638820,0.921776,0.668674,0.712063,0.695829,0.701277,0.680215
0.725214,0.716335,0.679927,0.743100,0.698998,0.712470,0.595475,0.649132,0.756979,0.646470
0.676401,0.737915,0.754193,0.725702,0.742340,0.621774,0.688346,0.704757,0.704916,0.695470
0.715938,0.664682,0.709366,0.724965,0.556493,0.828367,0.690069,0.652341,0.667513,0.681999
0.690312,0.758607,0.644744,0.713752,0.650198,0.697551,0.655163,0.653157,0.703584,0.673934
0.716447,0.772715,0.750167,0.746594,0.654689,0.547718,0.653411,0.621912,0.656459,0.708000
0.692877,0.660511,0.713853,0.678127,0.552739,0.570758,0.677516,0.659455,0.682927,0.673787
0.672698,0.687317,0.662655,0.690782,0.639466,0.640188,0.685460,0.695586,0.687750,0.729550
0.721034,0.677376,0.683373,0.674684,0.689927,0.699078,0.717322,0.689578,0.693882,0.750115
0.698781,0.694769,0.720895,0.657582,0.842581,0.760039,0.736566,0.694549,0.685349,0.697459
0.681523,0.683825,0.726192,0.694369,0.834394,0.659757,0.683250,0.669467,0.712750,0.699214
0.739979,0.693583,0.686156,0.693939,0.823083,0.744798,0.668167,0.703729,0.707017,0.686119
0.670347,0.723668,0.716810,0.735431,0.716075,0.669155,0.675228,0.712071,0.669026,0.692957
0.738200,0.737094,0.729735,0.674759,0.274849,0.725038,0.635229,0.734398,0.710180,0.677733
0.681494,0.656090,0.709869,0.695770,0.683232,0.758488,0.654707,0.697526,0.653527,0.712025
0.677271,0.698701,0.614202,0.683765,0.712333,0.724823,0.620104,0.704368,0.734685,0.695516
0.691658,0.649639,0.676581,0.754302,0.478289,0.790849,0.710014,0.711948,0.684912,0.719918
0.689905,0.695666,0.597392,0.637335,0.771977,0.754760,0.597488,0.697764,0.695363,0.695029
0.697687,0.681484,0.799046,0.679311,0.673340,0.774288,0.770628,0.689758,0.699946,0.685447
0.739937,0.684892,0.705649,0.686838,0.708981,0.654915,0.727552,0.681740,0.706815,0.660076
0.571545,0.670854,0.743048,0.737794,0.700745,0.735992,0.659920,0.768567,0.642181,0.724316
0.657758,0.709795,0.697280,0.749483,0.761281,0.542762,0.698401,0.691593,0.681552,0.744740
0.696790,0.724094,0.747594,0.749461,0.805712,0.709415,0.731305,0.640517,0.660847,0.716355
0.674635,0.637784,0.646217,0.730903,0.583378,0.705994,0.727536,0.636404,0.696562,0.722698
0.684884,0.684257,0.763551,0.633412,0.545984,0.725000,0.614547,0.754002,0.711395,0.706686
0.696900,0.700334,0.717733,0.667925,0.497926,0.603254,0.660114,0.700344,0.659178,0.697327
0.659473,0.692217,0.665657,0.723898,0.485334,0.705415,0.695743,0.704703,0.676649,0.655259
0.675164,0.733582,0.827990,0.683621,0.666912,0.779044,0.479968,0.708642,0.655403,0.697791
0.667367,0.695839,0.721052,0.729544,0.723752,0.605172,0.665556,0.687038,0.656249,0.727172
0.671457,0.713818,0.617788,0.774329,0.697708,0.615863,0.735264,0.647484,0.692887,0.710976
0.666460,0.631195,0.687119,0.715487,0.763963,0.709380,0.715457,0.709154,0.658284,0.673671
0.671947,0.725760,0.654825,0.583805,0.661678,0.697513,0.621934,0.683855,0.696942,0.708074
0.765242,0.664262,0.676810,0.782335,0.677741,0.689754,0.645677,0.699845,0.687915,0.744378
0.686371,0.715064,0.750041,0.742431,0.663141,0.802784,0.634745,0.690731,0.732419,0.690233
0.647795,0.701682,0.709480,0.809682,0.850522,0.736840,0.733381,0.697351,0.639040,0.647260
0.779951,0.627298,0.603208,0.638829,0.697184,0.709717,0.783865,0.747557,0.712152,0.680338
0.702524,0.622127,0.701907,0.652145,0.652023,0.698374,0.656012,0.646978,0.656916,0.650252
0.691380,0.703158,0.728114,0.761924,0.478044,0.656685,0.713101,0.692316,0.719699,0.688185
0.625614,0.666800,0.627013,0.761881,0.827753,0.747490,0.572560,0.732946,0.727624,0.668571
0.681240,0.694570,0.658902,0.705070,0.268101,0.637458,0.689151,0.723898,0.686074,0.718107
0.762270,0.643452,0.684446,0.746714,0.855129,0.619633,0.702180,0.645160,0.695556,0.755901
0.598432,0.672747,0.704919,0.757284,0.847181,0.744386,0.675481,0.660137,0.679781,0.650467
0.717653,0.722700,0.726088,0.657611,0.654619,0.631755,0.657930,0.687910,0.731829,0.666343
0.715786,0.667891,0.688734,0.766880,0.697813,0.643013,0.665418,0.749923,0.688458,0.710661
0.678120,0.718139,0.710245,0.654058,0.717651,0.629203,0.713668,0.685260,0.726030,0.681276
0.689659,0.679168,0.738580,0.712453,0.735186,0.784889,0.712430,0.703736,0.706031,0.698554
0.663006,0.659131,0.776525,0.700819,0.641097,0.770653,0.658730,0.685207,0.708034,0.700972
0.692339,0.694149,0.715833,0.698370,0.640844,0.708778,0.716619,0.682035,0.694871,0.695185
0.722078,0.671087,0.742494,0.563739,0.821361,0.644801,0.631785,0.678168,0.704230,0.710384
0.698621,0.696455,0.675992,0.665771,0.826728,0.634327,0.650740,0.720160,0.699615,0.702923
0.721618,0.740707,0.622749,0.771321,0.747545,0.567012,0.708943,0.721810,0.682568,0.709306
0.708415,0.680060,0.685858,0.682558,0.530404,0.666481,0.668303,0.680614,0.654410,0.714259
0.741923,0.701114,0.714457,0.748947,0.765281,0.749051,0.751319,0.708577,0.658328,0.689578
0.703099,0.661446,0.670765,0.699979,0.501549,0.661250,0.713366,0.703069,0.737097,0.690049
0.776853,0.666706,0.696086,0.792774,0.870061,0.710887,0.702332,0.704719,0.654700,0.716255
0.719806,0.736580,0.703228,0.695470,0.201741,0.651382,0.675573,0.678926,0.693737,0.696577
0.711535,0.685178,0.690632,0.655329,0.732691,0.655715,0.669759,0.677425,0.688418,0.702948
0.649628,0.699296,0.672816,0.590043,0.854024,0.784078,0.725500,0.732150,0.688293,0.650012
0.707116,0.699952,0.663508,0.714912,0.489008,0.775645,0.674303,0.749673,0.675103,0.744647
0.666297,0.684516,0.713000,0.729318,0.648812,0.759163,0.711353,0.752071,0.656185,0.685328
0.675137,0.627978,0.739231,0.695897,0.638280,0.631273,0.679916,0.722373,0.690594,0.602835
0.643391,0.772967,0.598834,0.690933,0.791192,0.781464,0.691169,0.705182,0.670594,0.696731
0.704131,0.728228,0.729554,0.692996,0.708754,0.613255,0.645702,0.567560,0.686847,0.656144
0.743873,0.730221,0.663253,0.634116,0.786260,0.785423,0.651655,0.667274,0.702399,0.723541
0.707592,0.725046,0.741228,0.736505,0.702495,0.711950,0.678345,0.680661,0.663950,0.675641
0.704050,0.653039,0.688141,0.727919,0.911076,0.721840,0.690101,0.641386,0.676163,0.675753
0.672708,0.677125,0.634145,0.708290,0.810999,0.775937,0.694966,0.740363,0.733133,0.698733
0.688545,0.684924,0.733582,0.639039,0.742228,0.701129,0.715616,0.739031,0.678104,0.714458
0.690247,0.697341,0.630830,0.649656,0.639474,0.690460,0.650621,0.724071,0.700222,0.690395
0.664940,0.668236,0.734688,0.691224,0.753559,0.764401,0.721535,0.710745,0.701852,0.689784
0.713745,0.748476,0.710553,0.738720,0.637000,0.627600,0.742876,0.644648,0.690769,0.677283
0.715767,0.591106,0.699656,0.681283,0.750608,0.633065,0.699015,0.684232,0.671617,0.751711
0.742047,0.632489,0.673859,0.654184,0.544852,0.559076,0.710414,0.738142,0.766979,0.649941
0.676303,0.647852,0.769590,0.715344,0.738260,0.790877,0.758814,0.698912,0.717310,0.685752
0.696297,0.745114,0.673979,0.755141,0.598106,0.734307,0.664417,0.689032,0.691292,0.682388
0.675035,0.709839,0.680868,0.799755,0.892674,0.733518,0.721020,0.783391,0.745876,0.666859
0.717266,0.721547,0.616203,0.706705,0.672176,0.633833,0.712962,0.659522,0.707600,0.713347
0.671658,0.667916,0.720916,0.653818,0.817580,0.587715,0.695101,0.715308,0.702804,0.697497
0.702708,0.704676,0.710971,0.783459,0.626060,0.667685,0.653592,0.717049,0.731716,0.709804
0.684094,0.703245,0.697547,0.766398,0.829595,0.644910,0.682804,0.743765,0.682555,0.673436
0.654934,0.632847,0.732608,0.769756,0.915691,0.730833,0.621105,0.719027,0.681637,0.639928
0.685457,0.670219,0.761740,0.651766,0.717767,0.636303,0.646189,0.676929,0.643791,0.656521
0.691771,0.628219,0.726231,0.729672,0.633925,0.727061,0.679287,0.686188,0.658832,0.631813
0.729031,0.719121,0.697695,0.649636,0.777565,0.723767,0.734641,0.702523,0.623731,0.686336
0.723804,0.668856,0.698567,0.525532,0.536008,0.653326,0.681398,0.651176,0.682391,0.694545
0.739492,0.726061,0.707720,0.741742,0.675484,0.733295,0.715743,0.640563,0.728889,0.679996
0.713042,0.682667,0.627870,0.684432,0.684795,0.652948,0.651732,0.686291,0.708909,0.685757
0.713810,0.703420,0.755240,0.658404,0.725528,0.684816,0.712635,0.676065,0.701037,0.729688
0.694763,0.641622,0.689256,0.670971,0.739293,0.549442,0.664883,0.654809,0.716231,0.705420
0.693480,0.672176,0.700810,0.800509,0.899587,0.724912,0.668185,0.779149,0.656855,0.643084
0.682613,0.690064,0.727552,0.695998,0.633941,0.711699,0.738944,0.692739,0.672455,0.670503
0.698616,0.683946,0.684562,0.632777,0.484905,0.702708,0.684240,0.706049,0.649630,0.696646
0.683440,0.740935,0.681318,0.693928,0.679346,0.663213,0.712087,0.693606,0.676169,0.656898
0.700024,0.713809,0.706363,0.657827,0.699431,0.674655,0.699470,0.704318,0.724659,0.716126
0.685638,0.702084,0.738956,0.722167,0.670812,0.711181,0.724443,0.675948,0.704826,0.696635
0.700553,0.659653,0.721376,0.722692,0.603449,0.657213,0.708157,0.688601,0.705617,0.709485
0.700898,0.601605,0.677683,0.656083,0.745665,0.639750,0.721721,0.659368,0.751480,0.684180
0.709997,0.681436,0.732510,0.748933,0.787564,0.727374,0.716224,0.704327,0.733247,0.713281
0.650615,0.693286,0.679513,0.737231,0.496709,0.629488,0.657672,0.706187,0.691959,0.701688
0.671847,0.698246,0.690627,0.748332,0.808562,0.759484,0.718233,0.622970,0.709617,0.721542
0.655252,0.667346,0.551788,0.748331,0.741258,0.733759,0.701133,0.700847,0.606305,0.717987
0.736290,0.715170,0.700241,0.615373,0.827961,0.606370,0.730823,0.723755,0.671380,0.686666
0.661423,0.644343,0.750027,0.584826,0.855481,0.595176,0.691441,0.627709,0.641581,0.709294
0.722117,0.699591,0.674812,0.651536,0.634690,0.699362,0.676888,0.681665,0.707908,0.728165
0.680883,0.665220,0.625756,0.669501,0.726388,0.667134,0.660483,0.715720,0.720641,0.719795
0.688267,0.727000,0.659931,0.632660,0.522000,0.757630,0.737779,0.739765,0.705599,0.673563
0.714630,0.720453,0.690093,0.722115,0.798769,0.678703,0.610351,0.799519,0.727835,0.685615
0.668684,0.700269,0.743263,0.655205,0.943874,0.808300,0.687869,0.608196,0.618903,0.681344
0.716288,0.742749,0.720001,0.683690,0.654058,0.532190,0.681621,0.698300,0.641545,0.665250
0.659021,0.675088,0.732019,0.684955,0.675296,0.726879,0.697393,0.680857,0.712175,0.697651
0.696466,0.664373,0.736190,0.705432,0.637568,0.817058,0.706972,0.672239,0.689494,0.689332
0.668770,0.713888,0.698821,0.739389,0.850072,0.661501,0.728353,0.688820,0.692722,0.668097
0.665915,0.697055,0.638549,0.730193,0.792925,0.757463,0.692398,0.703731,0.720192,0.681641
0.619159,0.651368,0.728957,0.725519,0.716324,0.739948,0.670564,0.724765,0.661374,0.692605
0.697220,0.691329,0.731299,0.623376,0.654932,0.728563,0.677595,0.731316,0.713019,0.699250
0.699680,0.686964,0.687951,0.713271,0.545209,0.793033,0.670334,0.693155,0.695153,0.684729
0.687534,0.710911,0.682430,0.618199,0.543273,0.734316,0.686061,0.672853,0.728094,0.690387
0.701143,0.641435,0.718049,0.725171,0.653357,0.658022,0.655873,0.658107,0.733110,0.681932
0.679146,0.718253,0.729902,0.698765,0.799585,0.707971,0.703285,0.626985,0.660686,0.677095
0.629656,0.707294,0.757086,0.667700,0.741526,0.653434,0.676671,0.711169,0.680383,0.689606
0.692431,0.691488,0.687729,0.641667,0.940852,0.804650,0.730729,0.710435,0.653742,0.700011
0.729882,0.633344,0.691889,0.735692,0.594188,0.720796,0.716106,0.702681,0.702513,0.712990
0.716683,0.672358,0.726536,0.668419,0.777406,0.763849,0.727307,0.707407,0.683720,0.701796
0.742976,0.601694,0.655310,0.680234,0.663826,0.588571,0.751598,0.756914,0.685532,0.703717
0.716426,0.723140,0.669807,0.694234,0.675615,0.666387,0.713940,0.711325,0.719778,0.695331
0.690573,0.695822,0.675727,0.690681,0.573239,0.769975,0.730619,0.730774,0.679346,0.679738
0.726983,0.652792,0.729667,0.713383,0.741666,0.748408,0.628627,0.724362,0.725443,0.635068
0.672827,0.720980,0.695430,0.735492,0.750675,0.753640,0.669346,0.650294,0.735835,0.674879
0.654920,0.659669,0.668764,0.689200,0.716215,0.732212,0.713887,0.663385,0.657874,0.715727
0.669453,0.657438,0.682298,0.724444,0.768973,0.698465,0.704621,0.679628,0.650349,0.719843
0.677297,0.761418,0.664574,0.639491,0.828186,0.804204,0.689475,0.660648,0.751717,0.701016
0.649122,0.767480,0.710132,0.649477,0.305884,0.728895,0.752568,0.666012,0.666390,0.707263
0.683988,0.734675,0.625639,0.725280,0.717917,0.658949,0.610150,0.700203,0.705659,0.673259
0.691076,0.706362,0.658762,0.622591,0.922000,0.795978,0.667141,0.702442,0.702348,0.714903
0.655615,0.704436,0.700703,0.668134,0.713313,0.786807,0.733159,0.658503,0.703316,0.713229
0.688281,0.678077,0.678518,0.739134,0.463356,0.709745,0.691869,0.684629,0.690398,0.688608
0.692919,0.772308,0.732661,0.661825,0.720306,0.625625,0.682810,0.693277,0.651715,0.683871
0.680869,0.691251,0.694831,0.752873,0.749939,0.678281,0.744562,0.672665,0.744268,0.732560
0.717055,0.760322,0.664504,0.692115,0.685347,0.715053,0.643524,0.666388,0.695542,0.701044
0.669361,0.683007,0.750857,0.669207,0.772435,0.598825,0.722419,0.719013,0.744743,0.694020
0.723982,0.664836,0.709457,0.667148,0.673738,0.727433,0.701681,0.665111,0.643443,0.669214
0.686511,0.665064,0.718517,0.649852,0.539344,0.615221,0.725292,0.664420,0.673234,0.729950
0.704299,0.741961,0.747218,0.628643,0.741634,0.620567,0.664107,0.687379,0.691252,0.686903
0.702301,0.681079,0.654276,0.720583,0.638665,0.591597,0.742722,0.668882,0.728830,0.695023
0.722397,0.715089,0.652274,0.747414,0.505115,0.749598,0.718635,0.678599,0.692995,0.695923
0.661458,0.699504,0.738000,0.730674,0.693053,0.765500,0.658676,0.679458,0.733636,0.703499
0.678919,0.687150,0.712119,0.718152,0.823086,0.617495,0.695925,0.728591,0.741187,0.689703
0.718558,0.663908,0.670369,0.722772,0.842634,0.585423,0.670441,0.726237,0.700827,0.709909
0.681284,0.701822,0.674556,0.736176,0.923100,0.802766,0.703519,0.665011,0.695811,0.687155
0.666982,0.640892,0.654761,0.641719,0.684982,0.683776,0.656691,0.682411,0.741933,0.711373
0.690952,0.683501,0.769688,0.749720,0.671996,0.710631,0.769388,0.683207,0.717018,0.707624
0.676252,0.631517,0.746189,0.739621,0.794197,0.766077,0.622684,0.696999,0.723166,0.706673
0.622234,0.689341,0.673906,0.779767,0.748668,0.616732,0.698541,0.716961,0.684837,0.644930
0.701470,0.638303,0.699719,0.683817,0.902623,0.655209,0.671250,0.716667,0.691247,0.688744
0.633316,0.694578,0.664350,0.710157,0.580045,0.785797,0.685264,0.679413,0.646576,0.676070
0.686281,0.785865,0.692627,0.673149,0.709411,0.655787,0.700508,0.660776,0.685371,0.673138
0.660724,0.648685,0.702313,0.727594,0.668399,0.560660,0.671751,0.728729,0.699862,0.727685
0.717467,0.716920,0.692020,0.683129,0.655736,0.782514,0.702569,0.746660,0.709639,0.690630
0.744228,0.664315,0.756060,0.651717,0.600329,0.683531,0.690907,0.728744,0.726406,0.710639
0.636923,0.734972,0.554808,0.632958,0.830454,0.699227,0.634123,0.720508,0.727202,0.693836
0.647868,0.714347,0.632404,0.675573,0.773291,0.698332,0.646310,0.663666,0.757601,0.699501
0.694948,0.650922,0.701668,0.577924,0.519997,0.681574,0.710592,0.656439,0.632605,0.678760
0.683591,0.687235,0.720494,0.776640,0.462071,0.690489,0.685844,0.709160,0.702604,0.680415
0.640469,0.770061,0.772736,0.766722,0.676314,0.762067,0.654177,0.661512,0.688749,0.734101
0.671432,0.680315,0.739162,0.716539,0.560425,0.677349,0.686722,0.695573,0.689248,0.689369
0.635862,0.749463,0.716808,0.764725,0.849035,0.692251,0.679083,0.598205,0.607291,0.596559
0.686326,0.676022,0.724646,0.684073,0.687004,0.571222,0.723315,0.701619,0.692445,0.683713
0.725479,0.658351,0.676470,0.804592,0.750546,0.612353,0.719190,0.774442,0.619682,0.741217
0.693745,0.744576,0.693420,0.708138,0.682269,0.636251,0.698753,0.705336,0.696107,0.717760
0.730793,0.664039,0.719293,0.636810,0.563513,0.640697,0.663534,0.628312,0.624284,0.656218
0.704927,0.685612,0.746165,0.684691,0.840538,0.757519,0.720100,0.688216,0.715063,0.684098
0.704058,0.663070,0.689527,0.808005,0.815608,0.615943,0.680921,0.721299,0.613293,0.702902
0.723498,0.682471,0.702323,0.714016,0.729331,0.611198,0.685368,0.669831,0.592010,0.704036
0.726842,0.667652,0.589990,0.733072,0.608277,0.874376,0.634285,0.784706,0.665090,0.716725
0.683077,0.671149,0.694109,0.664683,0.804283,0.521116,0.715885,0.668809,0.710252,0.705596
0.688808,0.696543,0.706558,0.673187,0.670441,0.756688,0.670743,0.698153,0.701789,0.702114
0.665109,0.715834,0.635616,0.632096,0.622841,0.704367,0.617769,0.688961,0.653587,0.703268
0.719122,0.695626,0.672194,0.710633,0.837132,0.552521,0.690684,0.703646,0.741856,0.744197
0.685648,0.700243,0.622406,0.657766,0.702927,0.718248,0.608954,0.696632,0.705997,0.698375
0.702322,0.714093,0.697141,0.735922,0.713638,0.662109,0.698960,0.726662,0.679877,0.699923
0.682717,0.650692,0.705194,0.673152,0.608139,0.814002,0.743788,0.670698,0.719637,0.717871
0.693924,0.686760,0.690934,0.719530,0.673321,0.730358,0.735113,0.687064,0.696412,0.707798
0.742611,0.756999,0.747537,0.662927,0.735766,0.704282,0.654650,0.704755,0.675413,0.675734
0.728936,0.652430,0.711090,0.667151,0.633045,0.684337,0.673184,0.673723,0.685725,0.712737
0.661406,0.721273,0.744128,0.639343,0.683666,0.721761,0.744911,0.697304,0.706429,0.705381
0.688170,0.720178,0.698355,0.709054,0.628988,0.806667,0.683044,0.712941,0.695380,0.699898
0.687427,0.657533,0.700026,0.740100,0.466688,0.735987,0.686853,0.695226,0.674795,0.707555
0.710560,0.684928,0.664461,0.657028,0.430499,0.643959,0.696889,0.685780,0.717669,0.686942
0.708323,0.661972,0.618640,0.615539,0.651199,0.663922,0.690925,0.684943,0.676393,0.643571
0.708763,0.698216,0.712122,0.762204,0.624466,0.699644,0.716758,0.671058,0.660920,0.700776
0.786382,0.715598,0.644006,0.727854,0.877283,0.731548,0.736457,0.671315,0.608963,0.716272
0.702623,0.747036,0.566118,0.742041,0.662689,0.610190,0.583909,0.689205,0.716203,0.686248
0.757354,0.697661,0.656145,0.685733,0.707029,0.558003,0.717275,0.719061,0.665104,0.706823
0.701273,0.700432,0.743855,0.783539,0.679110,0.595794,0.715545,0.654156,0.736729,0.707680
0.623736,0.712672,0.737266,0.659200,0.739349,0.767210,0.632608,0.697581,0.703275,0.686190
0.699754,0.709757,0.696494,0.680441,0.661121,0.548059,0.686142,0.699349,0.657202,0.721312
0.679620,0.717686,0.678494,0.578482,0.792142,0.624087,0.712222,0.662954,0.692886,0.672508
0.643731,0.710043,0.686881,0.749741,0.915082,0.774669,0.716289,0.696997,0.664682,0.731247
0.684940,0.700541,0.673342,0.718780,0.792964,0.606622,0.675364,0.745445,0.731679,0.714235
0.690221,0.645115,0.770764,0.661677,0.624579,0.787172,0.735328,0.739393,0.707244,0.681183
0.704298,0.692318,0.651160,0.642185,0.644551,0.695631,0.746868,0.714667,0.697569,0.669743
0.700237,0.730135,0.713230,0.767262,0.730811,0.609491,0.694159,0.623517,0.671299,0.694768
0.703985,0.654375,0.691780,0.706048,0.615431,0.779138,0.698000,0.795068,0.728094,0.682166
0.683778,0.717190,0.737685,0.749323,0.602372,0.618276,0.666210,0.698216,0.722931,0.708881
0.742566,0.754815,0.641266,0.859002,0.649567,0.746682,0.697435,0.728241,0.731692,0.711167
0.707009,0.730027,0.689667,0.688405,0.704681,0.787151,0.721187,0.723492,0.663038,0.693641
0.687846,0.722733,0.718437,0.739010,0.796764,0.775598,0.668515,0.550300,0.688450,0.694073
0.618337,0.654391,0.716769,0.697277,0.930823,0.769085,0.713082,0.756225,0.676506,0.690920
0.710680,0.696411,0.713257,0.768025,0.770475,0.621970,0.661729,0.731898,0.672143,0.724208
0.699077,0.648346,0.709007,0.599567,0.700733,0.664760,0.655293,0.705019,0.690492,0.686579
0.741052,0.745352,0.693597,0.743083,0.767105,0.618858,0.696487,0.643628,0.700922,0.690724
0.706287,0.721061,0.702781,0.731788,0.660458,0.561880,0.710691,0.653774,0.698577,0.650467
0.735173,0.646294,0.756175,0.727194,0.568793,0.783976,0.707319,0.687778,0.697741,0.715329
0.684203,0.724825,0.730032,0.737916,0.584187,0.642746,0.731757,0.711726,0.714973,0.696944
0.735954,0.713454,0.601494,0.786908,0.769045,0.634038,0.745699,0.730324,0.698478,0.717521
0.676728,0.740478,0.672852,0.692555,0.875511,0.799108,0.685603,0.679508,0.677539,0.704606
0.704161,0.674622,0.680306,0.753761,0.718252,0.640659,0.696226,0.757061,0.677561,0.692310
0.676171,0.707973,0.731235,0.745346,0.685176,0.770081,0.707832,0.680138,0.714352,0.682649
0.677070,0.680298,0.717762,0.681846,0.720911,0.601727,0.655077,0.626229,0.672060,0.642537
0.695121,0.719058,0.705695,0.743856,0.720609,0.706474,0.659841,0.749812,0.681533,0.716512
0.723767,0.724764,0.673286,0.756326,0.717507,0.664546,0.696395,0.730456,0.669630,0.691686
0.691189,0.665852,0.691048,0.669516,0.686470,0.618107,0.674751,0.691387,0.692722,0.677010
0.641670,0.656705,0.719806,0.757163,0.711463,0.650305,0.739943,0.654725,0.722447,0.703306
0.799706,0.734510,0.698205,0.757656,0.772986,0.767845,0.737974,0.693112,0.749775,0.673170
0.698641,0.710425,0.637541,0.756145,0.895526,0.829878,0.701952,0.680790,0.764112,0.696561
0.681755,0.708104,0.727649,0.696499,0.630785,0.658844,0.710947,0.657319,0.707400,0.699886
0.727514,0.726488,0.714871,0.649832,0.687208,0.597315,0.683976,0.753510,0.695919,0.681734
0.639182,0.721024,0.697484,0.640760,0.559321,0.797025,0.699939,0.808763,0.654507,0.606922
0.680567,0.677045,0.736312,0.561785,0.671745,0.835236,0.671349,0.830350,0.676618,0.663536
0.781916,0.672823,0.606883,0.788169,0.723724,0.727177,0.736796,0.766711,0.705049,0.669914
0.671037,0.727012,0.764397,0.718314,0.678062,0.612304,0.669354,0.695754,0.683932,0.680326
0.725794,0.697473,0.674886,0.715448,0.693442,0.642913,0.713580,0.661443,0.695646,0.665624
0.682228,0.747523,0.669553,0.706336,0.749565,0.592300,0.733836,0.706713,0.680534,0.707091
0.697213,0.705314,0.705689,0.716663,0.632930,0.711878,0.692502,0.701961,0.696692,0.707466
0.722847,0.660755,0.646921,0.725143,0.539177,0.676181,0.716120,0.719794,0.708414,0.679801
0.659288,0.668431,0.778056,0.710801,0.787501,0.593675,0.642398,0.776922,0.663779,0.706199
0.716517,0.728070,0.714940,0.691930,0.699252,0.528832,0.688373,0.737165,0.688128,0.711010
0.693275,0.691258,0.729667,0.606120,0.839788,0.529907,0.695233,0.667550,0.669155,0.710354
0.698953,0.669626,0.680720,0.774088,0.605162,0.740964,0.705444,0.706759,0.677603,0.727485
0.698454,0.693196,0.727087,0.691018,0.708781,0.765528,0.732214,0.717354,0.715755,0.700649
0.725669,0.731263,0.735744,0.608401,0.730652,0.704218,0.651239,0.699528,0.688800,0.675545
0.616438,0.711528,0.675331,0.775714,0.600257,0.851909,0.691501,0.660815,0.664635,0.649212
0.673465,0.801429,0.711537,0.814903,0.880426,0.839245,0.684114,0.677575,0.679783,0.694324
0.716822,0.666928,0.691022,0.590628,0.578284,0.814188,0.676952,0.679850,0.700008,0.714430
0.681338,0.698231,0.709832,0.688709,0.706373,0.696364,0.712038,0.687290,0.687361,0.680160
0.711140,0.722336,0.693042,0.669560,0.894922,0.790462,0.690185,0.689509,0.715469,0.714171
0.712575,0.659155,0.673404,0.693247,0.819925,0.441895,0.712833,0.746236,0.734217,0.722286
0.618765,0.688789,0.660136,0.745968,0.694322,0.671565,0.661542,0.571525,0.734671,0.681829
0.703911,0.659106,0.665872,0.754845,0.827631,0.660512,0.693331,0.648805,0.647523,0.671360
0.662407,0.682096,0.712989,0.796986,0.921199,0.789433,0.660660,0.649989,0.740949,0.695872
0.721094,0.694716,0.730744,0.700146,0.496726,0.752586,0.686029,0.664429,0.691714,0.679015
0.665165,0.735062,0.762554,0.754838,0.674966,0.736642,0.712147,0.644482,0.691424,0.668025
0.683047,0.703397,0.763809,0.653775,0.530174,0.699222,0.609348,0.698081,0.700936,0.646969
0.716323,0.750420,0.757155,0.754551,0.777573,0.755732,0.742549,0.645738,0.720632,0.663071
0.663437,0.677394,0.847552,0.626535,0.664262,0.751988,0.514784,0.760225,0.720233,0.725899
0.661275,0.672780,0.657628,0.743616,0.649283,0.607850,0.653823,0.711800,0.679821,0.676848
0.702474,0.765282,0.670876,0.713241,0.639410,0.614002,0.694324,0.676483,0.672693,0.710479
0.735617,0.645381,0.650937,0.674156,0.771843,0.747141,0.812328,0.663707,0.639028,0.649666
0.643777,0.697106,0.693938,0.721404,0.879783,0.713879,0.745522,0.676503,0.717347,0.708873
0.696454,0.719712,0.637144,0.703674,0.599064,0.658289,0.675041,0.688188,0.691643,0.695149
0.696940,0.650606,0.707906,0.703152,0.603881,0.643047,0.755492,0.676123,0.738030,0.693915
0.679036,0.674556,0.724903,0.651042,0.461690,0.672922,0.667955,0.674333,0.684472,0.679618
0.749301,0.726604,0.666826,0.658487,0.461781,0.745500,0.723803,0.700887,0.713990,0.735460
0.728101,0.673648,0.754092,0.687968,0.805280,0.721488,0.707036,0.705113,0.707355,0.692865
0.715594,0.683148,0.756031,0.687044,0.819960,0.643568,0.747495,0.706390,0.666031,0.671654
0.666687,0.701843,0.698731,0.608782,0.711910,0.671057,0.734550,0.633944,0.642223,0.769283
0.685490,0.630534,0.631369,0.689314,0.638535,0.651141,0.758451,0.671766,0.695020,0.726778
0.695768,0.681398,0.689814,0.636872,0.676935,0.665664,0.706317,0.662748,0.659552,0.701084
0.700999,0.689539,0.723547,0.674454,0.952963,0.814357,0.703952,0.718331,0.688092,0.684870
0.715557,0.744613,0.719326,0.680646,0.872247,0.794196,0.707835,0.687583,0.687734,0.652017
0.679913,0.664375,0.704802,0.714510,0.724713,0.776187,0.693015,0.683281,0.722217,0.674003
0.720408,0.708949,0.672277,0.737142,0.607176,0.629872,0.611653,0.642970,0.699738,0.695948
0.646241,0.700934,0.708656,0.688704,0.630450,0.722450,0.720534,0.701973,0.704294,0.654136
0.713025,0.791991,0.674341,0.722224,0.705045,0.531442,0.713856,0.748988,0.645423,0.698579
0.690000,0.663816,0.704469,0.645661,0.688200,0.541157,0.685384,0.764760,0.678099,0.691054
0.696112,0.735007,0.701215,0.734135,0.521638,0.707232,0.741017,0.706386,0.688287,0.704589
0.717889,0.676119,0.698399,0.714935,0.649731,0.732818,0.673233,0.688778,0.684669,0.694588
0.707813,0.618570,0.713496,0.671544,0.724391,0.844203,0.710774,0.665424,0.632565,0.622053
0.719001,0.590372,0.603324,0.754818,0.610931,0.742379,0.654228,0.745397,0.669828,0.684542
0.706808,0.733753,0.680347,0.742523,0.708354,0.609245,0.738781,0.719313,0.707908,0.739753
0.663922,0.630358,0.680437,0.694863,0.651198,0.734573,0.673016,0.716070,0.691917,0.692579
0.650610,0.721588,0.696310,0.556023,0.738234,0.763907,0.725091,0.775414,0.700654,0.648710
0.664426,0.715201,0.752187,0.751732,0.624425,0.609547,0.642284,0.657862,0.725216,0.710171
0.686644,0.678301,0.737187,0.672059,0.565119,0.666852,0.704685,0.721362,0.723034,0.657867
0.686944,0.711333,0.619602,0.699504,0.778358,0.859928,0.604804,0.668356,0.743651,0.694450
0.689714,0.693064,0.718951,0.677209,0.601860,0.710832,0.696981,0.691644,0.728284,0.695915
0.695943,0.683681,0.697286,0.729451,0.476809,0.705136,0.680405,0.674884,0.741872,0.671563
0.679505,0.648464,0.672957,0.698575,0.806127,0.504045,0.696119,0.738490,0.741601,0.715627
0.633845,0.695078,0.623823,0.721097,0.715710,0.720006,0.788402,0.714505,0.710438,0.666067
0.711605,0.713595,0.671678,0.638284,0.378493,0.772827,0.696570,0.733665,0.652281,0.689435
0.628447,0.698951,0.687847,0.782325,0.830782,0.742967,0.614001,0.667012,0.610519,0.669595
0.685487,0.721897,0.702622,0.642851,0.848190,0.711577,0.695781,0.676392,0.739174,0.700692
0.704807,0.737900,0.657022,0.727321,0.251311,0.660427,0.698189,0.694079,0.708083,0.721378
0.663831,0.729439,0.693630,0.667244,0.717993,0.635882,0.693453,0.714811,0.638513,0.686061
0.675312,0.710407,0.685129,0.684754,0.625520,0.738262,0.708448,0.670945,0.708321,0.701584
0.683098,0.667576,0.704327,0.755553,0.696952,0.801839,0.669542,0.633718,0.749252,0.694995
0.668303,0.707639,0.750430,0.780772,0.767808,0.564483,0.678097,0.700670,0.645802,0.674199
0.692207,0.700407,0.685044,0.679157,0.655412,0.701885,0.688166,0.694680,0.700721,0.689574
0.712030,0.674816,0.658566,0.735704,0.603394,0.610328,0.672738,0.711733,0.685102,0.704659
0.655281,0.739254,0.618479,0.779001,0.787771,0.708669,0.743650,0.635261,0.717398,0.669757
0.653066,0.676150,0.669733,0.701719,0.516815,0.697087,0.724221,0.727662,0.688413,0.671533
0.683020,0.707451,0.719272,0.711753,0.502986,0.671202,0.707629,0.684330,0.671880,0.706797
0.716203,0.674570,0.749291,0.697396,0.628615,0.696136,0.728477,0.729409,0.643194,0.670679
0.637836,0.697409,0.721581,0.732125,0.808334,0.655418,0.669345,0.748994,0.657598,0.724538
0.704980,0.705991,0.606255,0.682905,0.717287,0.684549,0.699756,0.694400,0.706381,0.692365
0.699050,0.625892,0.694029,0.787466,0.689537,0.702150,0.629725,0.760555,0.690823,0.729144
0.617320,0.692635,0.742863,0.747034,0.655180,0.744653,0.627112,0.678529,0.723224,0.725768
0.693655,0.693783,0.641722,0.657607,0.757123,0.743420,0.649539,0.697905,0.704227,0.696454
0.703183,0.705924,0.686000,0.704486,0.812801,0.804432,0.653211,0.680968,0.745084,0.667760
0.719643,0.626478,0.696710,0.720714,0.725827,0.676729,0.678769,0.708306,0.691888,0.736377
0.718940,0.722002,0.684498,0.742148,0.934731,0.812639,0.715065,0.692749,0.746510,0.691649
0.735476,0.688895,0.752888,0.612676,0.678350,0.724261,0.680707,0.763098,0.722410,0.704943
0.726901,0.681901,0.723674,0.653627,0.778523,0.773772,0.680506,0.687232,0.710705,0.659912
0.688017,0.693598,0.710827,0.697760,0.699533,0.708458,0.684425,0.695266,0.711477,0.666669
0.687142,0.786810,0.676426,0.696621,0.813915,0.634493,0.743636,0.738665,0.688529,0.685360
0.682605,0.728757,0.666301,0.641834,0.668259,0.689608,0.691787,0.727935,0.704989,0.685554
0.683807,0.684790,0.608572,0.693802,0.642103,0.623000,0.636220,0.712428,0.721222,0.692320
0.691154,0.681784,0.735454,0.672793,0.627429,0.644265,0.675227,0.709075,0.709043,0.695409
0.706351,0.720419,0.728484,0.692057,0.583009,0.646202,0.677646,0.678011,0.715763,0.691165
0.701126,0.668810,0.663237,0.689397,0.707251,0.691744,0.675452,0.686624,0.678405,0.699975
0.693048,0.685624,0.655192,0.736474,0.501324,0.630111,0.698613,0.665721,0.739238,0.701398
0.688392,0.733679,0.689529,0.698324,0.807521,0.704724,0.691016,0.743334,0.730107,0.680573
0.689893,0.673923,0.771889,0.707982,0.631640,0.684861,0.752436,0.691134,0.685379,0.703140
0.683905,0.652506,0.790906,0.785740,0.706764,0.674028,0.570729,0.629577,0.727394,0.731886
0.675652,0.738226,0.754102,0.768049,0.660968,0.547202,0.644681,0.747247,0.677499,0.691733
0.691034,0.671837,0.746796,0.603914,0.765729,0.693305,0.670706,0.724640,0.670192,0.655294
0.652897,0.673882,0.690585,0.698133,0.743540,0.582811,0.703847,0.709307,0.700822,0.658101
0.692750,0.729657,0.678747,0.729596,0.499538,0.718903,0.680659,0.713001,0.691634,0.699421
0.714802,0.693176,0.702542,0.728168,0.305724,0.691645,0.676046,0.677548,0.696787,0.700120
0.755067,0.774760,0.731930,0.707418,0.518714,0.688802,0.659493,0.701357,0.690391,0.674210
0.674812,0.686235,0.651348,0.696119,0.554631,0.650718,0.626840,0.704506,0.684853,0.720301
0.676696,0.659423,0.746617,0.740410,0.663083,0.676341,0.744302,0.691497,0.725919,0.670489
0.752437,0.721594,0.639665,0.746898,0.742657,0.747460,0.712923,0.698371,0.723159,0.620772
0.716717,0.697236,0.647130,0.719332,0.745768,0.561822,0.750965,0.724962,0.663555,0.723801
0.738060,0.727546,0.650251,0.749840,0.708422,0.594789,0.716993,0.712207,0.642462,0.724280
0.705259,0.699810,0.728807,0.657764,0.653137,0.816084,0.700412,0.695300,0.667791,0.725884
0.686520,0.744074,0.656009,0.680957,0.768800,0.571755,0.678068,0.703843,0.683308,0.688600
0.608341,0.767759,0.639094,0.662757,0.637408,0.683075,0.797424,0.756791,0.631302,0.716432
0.644044,0.717177,0.715981,0.775512,0.680170,0.598590,0.667860,0.692988,0.666612,0.720353
0.702640,0.728887,0.676856,0.664021,0.630044,0.598090,0.675556,0.688656,0.677253,0.712092
0.682062,0.711151,0.618839,0.616587,0.645934,0.813593,0.696982,0.644918,0.766914,0.719885
0.684716,0.657748,0.684172,0.717603,0.850132,0.590017,0.709292,0.680956,0.733840,0.735215
0.622137,0.677973,0.676801,0.590892,0.761057,0.532648,0.751224,0.687764,0.656005,0.704569
0.694697,0.676651,0.692068,0.649251,0.695126,0.620514,0.689494,0.728855,0.707290,0.684527
0.714082,0.727364,0.708526,0.667426,0.549554,0.770742,0.664371,0.699853,0.700138,0.683529
0.704647,0.722168,0.698511,0.683336,0.756670,0.600997,0.694812,0.708406,0.680100,0.688197
0.652783,0.743743,0.719713,0.678324,0.723993,0.690450,0.698992,0.716437,0.680884,0.692737
0.742580,0.727288,0.667707,0.635546,0.572579,0.695641,0.703999,0.681080,0.719151,0.694429
0.679414,0.639810,0.647783,0.731753,0.792780,0.560378,0.654176,0.725537,0.712422,0.698235
0.705783,0.673807,0.670862,0.702167,0.730898,0.657749,0.684803,0.678258,0.699523,0.651163
0.684159,0.688012,0.690242,0.614009,0.652925,0.707421,0.697665,0.639424,0.668599,0.714284
0.693230,0.721882,0.680225,0.751562,0.659083,0.650933,0.721491,0.685478,0.665599,0.704917
0.687257,0.680726,0.716442,0.568248,0.911942,0.660071,0.731526,0.643595,0.653585,0.700108
0.677555,0.762214,0.689834,0.509808,0.561502,0.773223,0.722206,0.754718,0.643681,0.690638
0.691838,0.701024,0.730100,0.700291,0.730433,0.768264,0.736386,0.712314,0.685763,0.693990
0.630538,0.692421,0.688071,0.683604,0.683864,0.645553,0.704235,0.735460,0.686589,0.690117
0.673976,0.737319,0.775170,0.680159,0.566265,0.639469,0.716122,0.687787,0.697824,0.718338
0.701539,0.724566,0.667554,0.697091,0.513775,0.704894,0.778549,0.689245,0.708055,0.728091
0.753409,0.659696,0.660906,0.737637,0.838374,0.695586,0.712360,0.692293,0.701416,0.745498
0.687882,0.728341,0.645730,0.693059,0.800302,0.775543,0.646252,0.730859,0.696421,0.707879
0.683551,0.698600,0.741114,0.715768,0.671564,0.731302,0.750416,0.705883,0.715282,0.691474
0.689273,0.674124,0.704719,0.716753,0.437647,0.727522,0.670326,0.711242,0.681453,0.731287
0.728560,0.694712,0.680458,0.692812,0.966274,0.817661,0.738988,0.721458,0.723671,0.721909
0.655102,0.694714,0.709990,0.756111,0.578707,0.735663,0.681475,0.694436,0.722269,0.694307
0.675494,0.733927,0.693343,0.721151,0.580187,0.694823,0.662737,0.774735,0.712661,0.625688
0.650220,0.720530,0.649826,0.810359,0.728151,0.725136,0.742880,0.628583,0.629314,0.705120
0.698228,0.697594,0.707098,0.733339,0.814581,0.683094,0.709555,0.703649,0.696204,0.704885
0.731004,0.720517,0.699072,0.544649,0.710757,0.726526,0.769066,0.745257,0.722003,0.675346
0.678783,0.705175,0.682305,0.636566,0.721100,0.707177,0.688374,0.706576,0.699692,0.646327
0.729937,0.715783,0.674636,0.755326,0.687655,0.630551,0.697711,0.711132,0.620180,0.675820
0.655008,0.687199,0.717821,0.772076,0.718933,0.671016,0.692135,0.679013,0.697378,0.701349
0.755806,0.743746,0.692176,0.783614,0.827650,0.804841,0.696241,0.667899,0.727645,0.755079
0.702062,0.692619,0.691790,0.752587,0.705031,0.632726,0.710058,0.729598,0.698623,0.730640
0.701506,0.785517,0.667652,0.723250,0.675924,0.635707,0.710430,0.731373,0.665721,0.688742
0.692535,0.722013,0.731196,0.681510,0.697556,0.691585,0.698274,0.695782,0.686906,0.677283
0.703883,0.650545,0.786834,0.689529,0.745506,0.663279,0.762674,0.724690,0.705783,0.718256
0.684599,0.743699,0.760696,0.767963,0.849831,0.766341,0.622600,0.758396,0.750526,0.715926
0.689777,0.692236,0.762944,0.708690,0.556133,0.706151,0.742266,0.683834,0.707829,0.677964
0.702437,0.736502,0.699935,0.745240,0.960464,0.818276,0.723259,0.699241,0.744390,0.707854
0.672959,0.726577,0.688985,0.670016,0.713249,0.734778,0.713629,0.686890,0.707745,0.689508
0.686257,0.655457,0.696936,0.695388,0.828961,0.595567,0.668113,0.726568,0.730613,0.711154
0.713555,0.668327,0.769934,0.707310,0.845588,0.660971,0.687882,0.692755,0.592436,0.690539
0.764316,0.748116,0.719923,0.708747,0.604562,0.621063,0.695375,0.708303,0.731947,0.692790
0.718982,0.705332,0.785393,0.664595,0.740533,0.632199,0.601675,0.713564,0.709310,0.722227
0.687121,0.695196,0.711613,0.732023,0.555890,0.640238,0.698232,0.689895,0.721967,0.689975
0.712996,0.712106,0.751456,0.726734,0.835770,0.712367,0.629958,0.693990,0.745101,0.584686
0.667195,0.685988,0.714031,0.717674,0.779141,0.617014,0.679382,0.750304,0.690902,0.691707
0.697918,0.660893,0.728063,0.621623,0.481658,0.672365,0.707463,0.705413,0.678213,0.689716
0.692624,0.689123,0.638049,0.692850,0.514754,0.687994,0.686390,0.679637,0.703660,0.694151
0.684298,0.700325,0.539330,0.638128,0.635333,0.652197,0.526486,0.668174,0.722650,0.714311
0.704235,0.709065,0.730417,0.700930,0.749912,0.678062,0.823397,0.725600,0.702313,0.668032
0.708631,0.679504,0.665875,0.670617,0.670901,0.611151,0.730653,0.702113,0.735888,0.674470
0.777927,0.684972,0.629290,0.819191,0.779894,0.698236,0.678500,0.717419,0.700944,0.739802
0.662720,0.690902,0.668536,0.716204,0.681092,0.772780,0.779218,0.675098,0.726209,0.661950
0.711159,0.617769,0.678888,0.701339,0.643410,0.792644,0.716792,0.678389,0.636944,0.697689
0.706077,0.656369,0.684732,0.656587,0.686372,0.653312,0.673218,0.676260,0.698483,0.655437
0.684974,0.712397,0.607089,0.699794,0.816737,0.760776,0.623189,0.692586,0.730513,0.698848
0.745241,0.636698,0.637409,0.758630,0.687766,0.712781,0.736403,0.738610,0.723108,0.701279
0.672350,0.682742,0.679548,0.756615,0.840011,0.596106,0.726192,0.652271,0.705322,0.697208
0.693080,0.778485,0.715090,0.764126,0.732614,0.650772,0.685226,0.675281,0.694840,0.689893
0.718339,0.724201,0.731038,0.682992,0.610063,0.827500,0.685873,0.788612,0.733242,0.703555
0.672894,0.707722,0.717133,0.689939,0.655982,0.610880,0.636178,0.713343,0.720556,0.683996
0.655196,0.668286,0.680369,0.731764,0.552790,0.707961,0.736861,0.681359,0.724078,0.739684
0.724525,0.754656,0.730094,0.732573,0.725571,0.699023,0.717875,0.680143,0.632980,0.702305
0.703112,0.653647,0.721043,0.654740,0.773920,0.694727,0.676722,0.683559,0.641674,0.658770
0.699703,0.721053,0.679507,0.721938,0.722626,0.726637,0.698262,0.643246,0.702661,0.712738
0.676225,0.638650,0.675844,0.686023,0.695489,0.630038,0.678628,0.701228,0.705086,0.691427
0.711504,0.697230,0.643404,0.695285,0.745669,0.665977,0.765150,0.696610,0.712496,0.669294
0.715208,0.735244,0.737635,0.737503,0.639350,0.674627,0.685165,0.705517,0.734482,0.678375
0.684220,0.721901,0.703143,0.684160,0.615181,0.545986,0.682561,0.757102,0.725653,0.695159
0.708994,0.704092,0.688159,0.727915,0.491253,0.765919,0.700480,0.658478,0.695109,0.693473
0.685663,0.705957,0.725439,0.740990,0.479802,0.639770,0.710650,0.682867,0.711889,0.686091
0.683961,0.707768,0.641566,0.670987,0.768712,0.748499,0.620757,0.695880,0.722958,0.681710
0.681951,0.703326,0.706017,0.717468,0.724125,0.713674,0.766449,0.713050,0.684521,0.705941
0.692227,0.750023,0.666200,0.754019,0.605727,0.559719,0.692997,0.724204,0.662709,0.710391
0.709251,0.674670,0.689934,0.652947,0.580521,0.718064,0.693645,0.679356,0.712797,0.675994
0.721498,0.708846,0.699090,0.698676,0.863479,0.755673,0.664490,0.709377,0.701270,0.587810
0.700718,0.704926,0.682875,0.685729,0.498899,0.684414,0.679540,0.658177,0.715474,0.694502
0.681530,0.706896,0.645973,0.674312,0.675702,0.673472,0.752436,0.660573,0.683321,0.701964
0.691116,0.713178,0.681630,0.744310,0.412149,0.709694,0.683910,0.703090,0.717808,0.693572
0.671612,0.652973,0.662921,0.659476,0.657827,0.531484,0.681973,0.682424,0.725404,0.709544
0.688495,0.675517,0.689888,0.686381,0.909524,0.653301,0.722333,0.685457,0.693366,0.709548
0.621898,0.734365,0.700977,0.687172,0.691694,0.728245,0.692598,0.684389,0.663258,0.748174
0.661362,0.697294,0.697061,0.699751,0.823911,0.701029,0.699837,0.661136,0.733687,0.674924
0.692948,0.740531,0.678610,0.668495,0.723071,0.646833,0.712018,0.699937,0.709241,0.697906
0.708679,0.657576,0.696796,0.745220,0.835813,0.651116,0.684365,0.726383,0.634386,0.780199
0.639780,0.732872,0.664614,0.678345,0.616420,0.678390,0.762517,0.643382,0.689596,0.701322
0.722766,0.625466,0.696935,0.642069,0.564619,0.699995,0.748793,0.718665,0.703283,0.721961
0.645071,0.678687,0.719209,0.757185,0.629023,0.634984,0.663702,0.589147,0.701328,0.698303
0.710405,0.761022,0.687408,0.679367,0.870116,0.793975,0.741855,0.690028,0.690344,0.687514
0.722446,0.688539,0.727542,0.757109,0.791984,0.670399,0.634414,0.720904,0.678111,0.705649
0.651584,0.658030,0.738585,0.688874,0.471292,0.704389,0.713726,0.747104,0.686971,0.679445
0.684145,0.652723,0.718242,0.752000,0.662545,0.717687,0.708565,0.693679,0.691089,0.691018
0.711369,0.765240,0.708157,0.615847,0.737444,0.809538,0.688600,0.672836,0.696011,0.773072
0.733120,0.737912,0.700900,0.701436,0.554058,0.742002,0.811977,0.723192,0.714315,0.714484
0.659054,0.691706,0.721843,0.691508,0.762966,0.705413,0.753211,0.689921,0.697962,0.705985
0.737504,0.697243,0.744244,0.712046,0.711363,0.634071,0.703470,0.687511,0.708202,0.633140
0.702033,0.686481,0.744207,0.722095,0.646275,0.715943,0.760063,0.693494,0.702722,0.700417
0.694340,0.694063,0.699441,0.719657,0.705089,0.693315,0.675374,0.743921,0.699444,0.685590
0.673838,0.588729,0.692802,0.700727,0.639207,0.664871,0.665814,0.723599,0.674255,0.696719
0.688162,0.679638,0.688898,0.628027,0.544465,0.777742,0.666936,0.677870,0.711574,0.681996
0.682622,0.704690,0.697343,0.753766,0.677985,0.789701,0.711273,0.697096,0.743990,0.700377
0.676844,0.721480,0.646897,0.671635,0.770191,0.693187,0.639104,0.658574,0.770784,0.688212
0.704359,0.640692,0.725143,0.646346,0.758381,0.577539,0.673527,0.670072,0.671945,0.665378
0.730405,0.722027,0.675143,0.662849,0.689252,0.788110,0.721919,0.665709,0.683089,0.681665
0.709611,0.706783,0.695746,0.670874,0.655614,0.771501,0.682125,0.692958,0.679655,0.691359
0.694790,0.697776,0.757352,0.692556,0.667338,0.714884,0.736929,0.688164,0.697656,0.698309
0.699603,0.700369,0.720140,0.698391,0.659882,0.739581,0.690468,0.667420,0.711399,0.683974
0.650781,0.761603,0.716830,0.799712,0.685954,0.658681,0.628741,0.731733,0.655264,0.731055
0.737204,0.664045,0.719981,0.695688,0.813290,0.579455,0.717189,0.775541,0.705004,0.704034
0.676726,0.702426,0.676417,0.718282,0.742566,0.762660,0.665123,0.673787,0.689723,0.698022
0.721254,0.690720,0.689065,0.681638,0.518433,0.561369,0.669987,0.669598,0.674740,0.696420
0.715342,0.723161,0.681870,0.642170,0.688544,0.620422,0.705040,0.630935,0.670590,0.681764
0.711246,0.730270,0.645453,0.753176,0.755685,0.720810,0.748972,0.698419,0.647245,0.700776
0.720376,0.658544,0.681128,0.678457,0.715547,0.671586,0.736603,0.648691,0.731809,0.712996
0.690858,0.702568,0.723886,0.693307,0.657127,0.735180,0.745522,0.732214,0.686375,0.717162
0.697882,0.746804,0.714167,0.736393,0.665890,0.737664,0.748659,0.664431,0.692713,0.720564
0.662927,0.690587,0.757751,0.756223,0.676711,0.527985,0.699750,0.735861,0.700800,0.741720
0.692805,0.718841,0.693133,0.709309,0.584282,0.583680,0.668862,0.668611,0.710195,0.701261
0.688076,0.700314,0.733203,0.699249,0.624990,0.728898,0.733781,0.678103,0.679125,0.684228
0.668802,0.740607,0.672786,0.667235,0.580502,0.793386,0.719728,0.729122,0.725416,0.697455
0.689300,0.707560,0.663240,0.677047,0.825023,0.744743,0.654919,0.715526,0.720346,0.688777
0.724644,0.717148,0.672250,0.757393,0.689864,0.577858,0.696767,0.699440,0.698851,0.699949
0.692285,0.718652,0.670850,0.668656,0.614975,0.640131,0.749529,0.698779,0.704773,0.714264
0.681864,0.701803,0.710150,0.717257,0.360303,0.705228,0.668284,0.692131,0.689666,0.665381
0.704359,0.790462,0.681285,0.698430,0.738090,0.577353,0.677315,0.649029,0.688373,0.720118
0.756104,0.679134,0.690861,0.618270,0.784919,0.571910,0.720566,0.729363,0.673554,0.667700
0.688183,0.691842,0.723786,0.723541,0.662782,0.705642,0.682752,0.699679,0.715612,0.673909
0.723995,0.671381,0.693500,0.617270,0.561343,0.875293,0.652459,0.706737,0.703374,0.706312
0.702465,0.668697,0.697097,0.700797,0.704002,0.734305,0.732424,0.716878,0.712905,0.708453
0.698420,0.700740,0.742511,0.657605,0.622113,0.634107,0.661276,0.707227,0.672342,0.660926
0.691535,0.695723,0.690994,0.646622,0.830273,0.672909,0.692555,0.715191,0.701532,0.692962
0.719301,0.691247,0.659183,0.764066,0.517804,0.753161,0.670481,0.561045,0.705960,0.647461
0.684463,0.678765,0.733142,0.658334,0.897010,0.610749,0.713437,0.732203,0.729211,0.685726
0.680742,0.735943,0.660546,0.636959,0.830760,0.594982,0.721049,0.679462,0.697367,0.692026
0.813893,0.690685,0.768729,0.545588,0.685784,0.712038,0.683835,0.734739,0.746931,0.682808
0.721395,0.712617,0.718433,0.696177,0.455208,0.684240,0.654998,0.693398,0.728297,0.684724
0.651935,0.695606,0.605210,0.715324,0.714551,0.716501,0.638281,0.632543,0.742012,0.717849
0.747381,0.686711,0.808153,0.663311,0.498808,0.813604,0.648804,0.728079,0.704866,0.685017
0.710197,0.634859,0.669892,0.770304,0.637004,0.786709,0.710548,0.710008,0.666420,0.686876
0.710496,0.707248,0.605306,0.709867,0.586240,0.638806,0.712994,0.657384,0.677163,0.752982
0.707772,0.721907,0.677840,0.665561,0.767890,0.647833,0.743252,0.611743,0.701055,0.684143
0.662309,0.724450,0.698763,0.691623,0.758825,0.524441,0.729964,0.636481,0.720686,0.685353
0.650048,0.761536,0.714216,0.642690,0.764396,0.696187,0.737455,0.694709,0.612086,0.655617
0.715135,0.666700,0.689157,0.592267,0.739818,0.795457,0.719761,0.758322,0.734335,0.688031
0.692886,0.763894,0.613478,0.757291,0.723654,0.734609,0.749414,0.624453,0.695126,0.688269
0.731184,0.569017,0.668521,0.606605,0.649527,0.824110,0.724467,0.712085,0.658244,0.689759
0.708400,0.720711,0.702997,0.692618,0.541663,0.689705,0.675917,0.699588,0.700908,0.666749
0.713525,0.668930,0.714118,0.707072,0.648166,0.718466,0.683579,0.651142,0.709198,0.722871
0.681528,0.631420,0.739319,0.756455,0.804206,0.596516,0.755400,0.739831,0.719565,0.686788
0.708889,0.702163,0.730457,0.753704,0.720299,0.720660,0.644442,0.656515,0.686840,0.699205
0.682478,0.679865,0.761861,0.727046,0.677772,0.638613,0.716385,0.709814,0.737376,0.728188
0.766052,0.640822,0.695895,0.664177,0.850482,0.654075,0.659905,0.694512,0.609144,0.676039
0.695119,0.658343,0.721412,0.715132,0.551484,0.781373,0.700221,0.711018,0.654607,0.699407
0.738044,0.684863,0.692590,0.758459,0.830024,0.641043,0.698903,0.719483,0.616849,0.671014
0.647974,0.723427,0.708988,0.671730,0.748984,0.657556,0.684110,0.685344,0.697517,0.649206
0.741053,0.697559,0.648828,0.678437,0.666809,0.726047,0.702332,0.707069,0.678153,0.660699
0.706523,0.702288,0.665867,0.723963,0.623348,0.653075,0.690479,0.639543,0.687916,0.700777
0.696556,0.710018,0.707100,0.730993,0.667747,0.799412,0.681960,0.636167,0.657287,0.671241
0.754384,0.683172,0.669585,0.716719,0.690010,0.636047,0.751142,0.748026,0.717665,0.659191
0.732474,0.674272,0.721899,0.765745,0.691679,0.751864,0.743106,0.734327,0.660456,0.687623
0.676919,0.794097,0.688272,0.778876,0.853299,0.817297,0.660851,0.745732,0.675227,0.700828
0.690458,0.739548,0.693074,0.740074,0.800681,0.874665,0.620674,0.637184,0.677522,0.663163
0.717965,0.696999,0.685165,0.608211,0.562458,0.688328,0.716860,0.619711,0.661215,0.697950
0.731235,0.698475,0.788241,0.693611,0.666302,0.738515,0.779546,0.701671,0.694326,0.716639
0.701299,0.701848,0.692790,0.691122,0.595972,0.794755,0.728189,0.677748,0.667115,0.722594
0.696527,0.702032,0.683021,0.687982,0.766252,0.618042,0.715539,0.618374,0.709050,0.668395
0.698575,0.687630,0.725379,0.721851,0.601248,0.750851,0.692607,0.660448,0.704152,0.687929
0.715581,0.677090,0.693573,0.746485,0.581632,0.652010,0.710263,0.646207,0.718871,0.700936
0.740038,0.679351,0.610521,0.682415,0.617348,0.610360,0.747098,0.669653,0.675116,0.716840
0.711434,0.725945,0.692623,0.795753,0.725074,0.615201,0.632237,0.714418,0.673617,0.734789
0.734797,0.683962,0.699154,0.668709,0.862370,0.620235,0.688480,0.633511,0.680275,0.691132
0.655714,0.717846,0.552403,0.676256,0.661711,0.872648,0.684270,0.679709,0.685413,0.716220
0.764731,0.698403,0.680109,0.769688,0.684375,0.636791,0.716425,0.704241,0.685720,0.659069
0.739495,0.750473,0.655149,0.804228,0.764993,0.573270,0.703676,0.822668,0.753026,0.670301
0.721378,0.689413,0.657907,0.629962,0.635217,0.699807,0.660102,0.750749,0.681285,0.684648
0.681055,0.707818,0.710039,0.640282,0.656519,0.722487,0.687941,0.768873,0.712793,0.688694
0.667554,0.755370,0.665372,0.797618,0.633236,0.619113,0.717236,0.716281,0.713540,0.687570
0.688080,0.698619,0.686829,0.641981,0.549619,0.724323,0.665187,0.648793,0.656159,0.704854
0.701788,0.680487,0.714670,0.733878,0.828611,0.701247,0.710374,0.695337,0.710638,0.669750
0.689271,0.661174,0.738133,0.785615,0.819379,0.658860,0.605875,0.728846,0.624866,0.691913
0.692898,0.669155,0.715003,0.690104,0.499788,0.628593,0.723511,0.707835,0.694615,0.694306
0.706737,0.698259,0.719311,0.708682,0.624351,0.711398,0.745288,0.712460,0.708434,0.685970
0.728450,0.692175,0.686770,0.702591,0.794712,0.665914,0.726584,0.704279,0.710612,0.714775
0.679863,0.691070,0.672233,0.712400,0.721866,0.713683,0.656895,0.662250,0.728842,0.704812
0.680321,0.681770,0.650628,0.708023,0.471361,0.702251,0.739919,0.691417,0.651068,0.724588
0.731458,0.724925,0.687933,0.600482,0.785773,0.712866,0.680476,0.623631,0.682202,0.745030
0.697915,0.706079,0.619913,0.625228,0.680139,0.772755,0.642254,0.636166,0.660222,0.707081
0.685030,0.676947,0.675476,0.703623,0.650762,0.722221,0.723114,0.719400,0.728220,0.753432
0.666145,0.607654,0.704302,0.613261,0.383816,0.624828,0.671499,0.624861,0.736382,0.663929
0.708169,0.699968,0.697239,0.692278,0.698969,0.652984,0.662505,0.724275,0.724497,0.687291
0.670415,0.694462,0.734750,0.636741,0.681854,0.790170,0.683818,0.654790,0.733518,0.710172
0.689150,0.786682,0.697502,0.708151,0.790183,0.623671,0.696905,0.795787,0.659414,0.730387
0.688120,0.698077,0.733469,0.690340,0.648991,0.696912,0.733020,0.694942,0.706156,0.671165
0.687612,0.728767,0.675450,0.710953,0.560266,0.729742,0.670256,0.760816,0.713919,0.651749
0.724141,0.684947,0.702288,0.708624,0.658949,0.818318,0.680702,0.708541,0.674474,0.702012
0.663591,0.709906,0.687943,0.692338,0.613760,0.753111,0.762217,0.696857,0.697386,0.705708
0.644256,0.653050,0.741212,0.773743,0.834856,0.716837,0.647411,0.687784,0.602454,0.675024
0.677093,0.670199,0.674746,0.674526,0.856050,0.705842,0.683972,0.697144,0.726215,0.715469
0.650336,0.699098,0.700262,0.696820,0.687486,0.556540,0.636823,0.670904,0.640909,0.642076
0.710113,0.680063,0.690094,0.755552,0.628868,0.871560,0.654405,0.699778,0.711808,0.696059
0.705684,0.700966,0.697385,0.693345,0.753175,0.772952,0.728785,0.774185,0.758603,0.692963
0.651159,0.782264,0.611550,0.826912,0.825940,0.777837,0.727606,0.679433,0.662087,0.718840
0.660753,0.703807,0.695187,0.715761,0.808793,0.686789,0.680970,0.648073,0.577947,0.646739
0.708350,0.702125,0.682759,0.694811,0.713310,0.649290,0.701482,0.691847,0.681218,0.615452
0.708967,0.659809,0.682584,0.682133,0.596932,0.676329,0.759434,0.699555,0.707700,0.741086
0.713449,0.647274,0.624201,0.686946,0.737495,0.624218,0.641976,0.708925,0.720554,0.651356
0.675143,0.703642,0.506462,0.655761,0.724332,0.731681,0.568960,0.704278,0.705004,0.700186
0.689967,0.670127,0.737591,0.695618,0.757499,0.727687,0.687796,0.712524,0.697356,0.674766
0.617363,0.755002,0.728374,0.789352,0.707098,0.756741,0.667692,0.631324,0.684535,0.700306
0.646098,0.724100,0.739148,0.683750,0.678674,0.554909,0.644960,0.715202,0.641524,0.747415
0.708899,0.679541,0.696316,0.644425,0.769139,0.675346,0.716604,0.732007,0.700951,0.722998
0.679478,0.741298,0.691778,0.727847,0.780318,0.620243,0.734350,0.633126,0.697881,0.691151
0.700795,0.668386,0.709964,0.724575,0.694842,0.787966,0.658341,0.718633,0.722957,0.738050
0.697918,0.666419,0.733059,0.707919,0.675460,0.674560,0.705917,0.704907,0.679278,0.668435
0.716476,0.693214,0.702253,0.733641,0.596993,0.790222,0.694221,0.796171,0.630234,0.698504
0.681486,0.701961,0.683233,0.650470,0.588528,0.666066,0.708603,0.676905,0.663758,0.679310
0.609765,0.694536,0.739083,0.724752,0.846829,0.674455,0.713262,0.618562,0.670428,0.660706
0.703220,0.719396,0.691905,0.756248,0.937503,0.774763,0.703673,0.668606,0.729440,0.717160
0.705913,0.716632,0.710463,0.667537,0.679188,0.678145,0.725714,0.742590,0.696601,0.723215
0.671147,0.679048,0.707004,0.540575,0.797323,0.901995,0.733714,0.756859,0.708813,0.661958
0.741721,0.759771,0.649661,0.664495,0.680031,0.688902,0.765598,0.647650,0.665824,0.655012
0.676906,0.710214,0.679248,0.711385,0.544361,0.708569,0.680019,0.682090,0.693576,0.692519
0.788632,0.730544,0.754503,0.652175,0.620234,0.691011,0.630721,0.598687,0.713134,0.720330
0.691009,0.710901,0.733070,0.591581,0.561137,0.726289,0.645480,0.648676,0.698363,0.668514
0.685824,0.649835,0.694109,0.714095,0.672720,0.707190,0.712731,0.683243,0.642248,0.681887
0.672216,0.690672,0.723717,0.691845,0.590208,0.711028,0.690493,0.702202,0.713019,0.695070
0.706542,0.675716,0.692805,0.637510,0.563450,0.718918,0.696650,0.642667,0.596628,0.724187
0.686249,0.622120,0.650382,0.671263,0.846647,0.605844,0.689100,0.691751,0.726221,0.637952
0.697963,0.678889,0.687281,0.709625,0.653095,0.671666,0.685157,0.638654,0.725460,0.700852
0.710653,0.742345,0.680702,0.679888,0.513263,0.722377,0.671445,0.697327,0.720910,0.708818
0.696873,0.741819,0.708125,0.625670,0.500584,0.710227,0.669684,0.642941,0.687372,0.729348
0.687436,0.726774,0.694641,0.791019,0.681895,0.743100,0.676396,0.626718,0.685366,0.695641
0.716341,0.717399,0.753410,0.665100,0.535449,0.758886,0.707800,0.793483,0.657628,0.705222
0.696108,0.752627,0.713405,0.685652,0.733784,0.552975,0.687158,0.662299,0.669695,0.700101
0.696180,0.680113,0.693430,0.652065,0.713032,0.607144,0.692887,0.688181,0.704574,0.693825
0.659565,0.704703,0.614526,0.609473,0.884421,0.726689,0.686695,0.693732,0.653145,0.662869
0.676937,0.710089,0.693330,0.672483,0.532101,0.642011,0.750301,0.706232,0.718932,0.699032
0.655642,0.686292,0.704002,0.715173,0.705554,0.892270,0.640028,0.680023,0.693138,0.720285
0.711095,0.692303,0.695932,0.725473,0.724648,0.562983,0.676207,0.750379,0.646921,0.757900
0.722245,0.625197,0.673932,0.778260,0.511817,0.799069,0.669121,0.749615,0.653305,0.720641
0.676186,0.696189,0.690459,0.728197,0.589762,0.683523,0.703877,0.718540,0.708780,0.691916
0.706319,0.697433,0.646338,0.791112,0.810206,0.760046,0.791234,0.629327,0.664077,0.723664
0.692841,0.672204,0.694219,0.715869,0.690225,0.695989,0.697897,0.680406,0.699990,0.678694
0.687526,0.683029,0.639766,0.723980,0.482906,0.686704,0.691756,0.705745,0.722850,0.678515
0.718771,0.657604,0.701282,0.745273,0.655866,0.728574,0.595538,0.709251,0.733267,0.692095
0.700497,0.686056,0.684200,0.677384,0.750076,0.547109,0.694619,0.709552,0.655516,0.731510
0.691187,0.673623,0.685006,0.700638,0.692882,0.661604,0.698307,0.699962,0.675508,0.716890
0.679635,0.718352,0.711706,0.660235,0.669995,0.648956,0.687160,0.659794,0.693898,0.650928
0.700885,0.696833,0.689508,0.637298,0.819751,0.751350,0.694931,0.696613,0.687991,0.700004
0.696382,0.734900,0.725740,0.723720,0.578656,0.692245,0.668065,0.691788,0.683861,0.678854
0.692530,0.691025,0.669682,0.711124,0.585460,0.767425,0.700493,0.713019,0.644355,0.636913
0.735425,0.685256,0.744700,0.701547,0.561375,0.677212,0.690815,0.699897,0.697865,0.679855
0.721889,0.786905,0.712834,0.724119,0.955069,0.847565,0.691085,0.641516,0.692624,0.651491
0.682610,0.698426,0.652178,0.677112,0.734310,0.633795,0.720222,0.692218,0.704392,0.721588
0.682696,0.700698,0.722281,0.688712,0.436507,0.699898,0.664509,0.744347,0.724883,0.664143
0.695106,0.737022,0.655259,0.691057,0.574064,0.714087,0.656639,0.721892,0.656269,0.696500
0.702444,0.668270,0.752127,0.640516,0.657173,0.671837,0.725918,0.701906,0.687754,0.684994
0.720866,0.708992,0.693185,0.738199,0.580392,0.757402,0.735625,0.713052,0.646371,0.715412
0.690472,0.680282,0.697181,0.689962,0.899855,0.646365,0.713126,0.688469,0.694592,0.708072
0.783355,0.728978,0.661615,0.687623,0.651513,0.666544,0.772705,0.598261,0.736086,0.682062
0.663098,0.649059,0.667762,0.763561,0.667806,0.713248,0.695389,0.677349,0.681390,0.668852
0.699329,0.653578,0.722108,0.715263,0.892636,0.613212,0.689686,0.596366,0.692217,0.671826
0.715846,0.667940,0.713200,0.604594,0.839390,0.835127,0.740917,0.697661,0.678338,0.693214
0.693129,0.685131,0.712594,0.697452,0.633623,0.714672,0.689789,0.648674,0.709958,0.692895
0.672289,0.682130,0.745654,0.711158,0.704032,0.643304,0.645190,0.688875,0.667844,0.677832
0.701143,0.685152,0.775451,0.698555,0.747453,0.740145,0.774019,0.691305,0.697185,0.693736
0.761736,0.705367,0.760009,0.700005,0.767059,0.600257,0.739634,0.652710,0.652534,0.713331
0.648366,0.700901,0.640651,0.624049,0.651032,0.769101,0.768446,0.705442,0.687379,0.669395
0.688401,0.697745,0.739906,0.689773,0.805163,0.733084,0.671891,0.693160,0.688521,0.690878
0.662955,0.689608,0.745970,0.712414,0.571282,0.676091,0.660170,0.656639,0.699984,0.688109
0.668318,0.682910,0.702748,0.697436,0.541099,0.703171,0.679668,0.714185,0.686828,0.718257
0.646326,0.679790,0.668393,0.702617,0.553275,0.726290,0.720922,0.720490,0.689248,0.659848
0.684523,0.706819,0.687835,0.654221,0.709571,0.557856,0.693547,0.691788,0.712463,0.698135
0.690886,0.667140,0.686118,0.686416,0.668722,0.725715,0.723810,0.737947,0.728346,0.698053
0.702931,0.678920,0.726284,0.745576,0.566466,0.687171,0.766051,0.698453,0.708738,0.699182
0.704071,0.654516,0.766217,0.744793,0.667668,0.663537,0.735549,0.598755,0.721515,0.741434
0.721750,0.688556,0.708310,0.722834,0.689348,0.719720,0.732792,0.700473,0.687180,0.681952
0.694578,0.688223,0.675492,0.673367,0.644868,0.648512,0.707169,0.725389,0.692903,0.719387
0.716547,0.721387,0.683723,0.618869,0.862465,0.748455,0.736540,0.717691,0.702643,0.701686
0.687645,0.689181,0.714483,0.763262,0.808017,0.527454,0.697586,0.775345,0.730668,0.702545
0.616479,0.662733,0.713412,0.730194,0.875908,0.766743,0.679723,0.665988,0.677538,0.702698
0.689948,0.739634,0.688473,0.749472,0.758314,0.633234,0.693496,0.697528,0.726426,0.702510
0.782687,0.679515,0.690485,0.652908,0.669149,0.623124,0.700072,0.700717,0.724069,0.645825
0.684392,0.686798,0.694568,0.690920,0.645491,0.767111,0.676299,0.724212,0.682766,0.677742
0.670489,0.702780,0.696721,0.733147,0.775024,0.753941,0.731392,0.712333,0.686980,0.703426
0.681689,0.709823,0.713503,0.632046,0.621341,0.671955,0.677302,0.658611,0.693996,0.680305
0.724639,0.717755,0.685018,0.767337,0.665173,0.806582,0.677600,0.685365,0.719556,0.642167
0.727697,0.686197,0.742675,0.709528,0.685494,0.857617,0.654915,0.718821,0.691316,0.675618
0.693381,0.713453,0.649503,0.731246,0.614511,0.731944,0.741665,0.734248,0.699875,0.724474
0.648498,0.643467,0.779462,0.654316,0.558781,0.638341,0.772162,0.665697,0.669047,0.735070
0.690599,0.711401,0.532255,0.645319,0.795388,0.735450,0.557651,0.717008,0.710926,0.685323
0.673171,0.703054,0.665337,0.713759,0.817050,0.723318,0.631956,0.717557,0.742199,0.678145
0.701049,0.664469,0.727884,0.613754,0.867921,0.628538,0.696938,0.680566,0.639865,0.700329
0.733236,0.668692,0.679670,0.676257,0.495095,0.676089,0.667632,0.684182,0.717502,0.710659
0.702805,0.695080,0.663879,0.665859,0.669999,0.737469,0.672150,0.676988,0.713966,0.692631
0.695804,0.660331,0.653649,0.686262,0.491301,0.667891,0.730602,0.685029,0.709238,0.661714
0.645703,0.715174,0.665796,0.658848,0.696979,0.677332,0.661353,0.670061,0.724968,0.673835
0.714599,0.730901,0.713897,0.755956,0.733141,0.550779,0.701001,0.701008,0.673266,0.693527
0.731079,0.626639,0.697981,0.702960,0.676950,0.685010,0.711681,0.733278,0.711536,0.727039
0.679128,0.723687,0.686773,0.587207,0.781414,0.681172,0.713860,0.655729,0.685955,0.694172
0.716874,0.655829,0.751391,0.760236,0.666588,0.778518,0.653017,0.548630,0.683411,0.700787
0.691768,0.697168,0.711696,0.668760,0.518115,0.655773,0.728380,0.705023,0.718289,0.681074
0.752065,0.736793,0.693195,0.620501,0.738542,0.679630,0.761972,0.749077,0.691576,0.649487
0.696119,0.650588,0.691412,0.620811,0.597964,0.590294,0.730316,0.694361,0.646660,0.675351
0.745117,0.704109,0.755688,0.731544,0.576981,0.821896,0.783462,0.689794,0.766521,0.714356
0.686976,0.668710,0.686391,0.798877,0.753061,0.735236,0.696326,0.634197,0.698532,0.694788
0.679238,0.697149,0.741379,0.706561,0.555476,0.720332,0.653940,0.680219,0.709932,0.706510
0.700816,0.686097,0.590295,0.686100,0.664661,0.835370,0.642487,0.769468,0.674656,0.665153
0.689547,0.673059,0.675505,0.664654,0.803146,0.529346,0.745353,0.722626,0.674949,0.683983
0.695087,0.647625,0.698166,0.677210,0.640661,0.586289,0.700831,0.686045,0.717759,0.649906
0.696850,0.691948,0.699386,0.651363,0.661899,0.591552,0.681821,0.617781,0.673635,0.661347
0.651806,0.692423,0.687434,0.700243,0.828393,0.766427,0.729426,0.655818,0.731759,0.731376
0.657703,0.697328,0.684984,0.641282,0.594859,0.620213,0.732008,0.633647,0.667568,0.670359
0.716236,0.654776,0.694990,0.742280,0.831642,0.700531,0.684079,0.663297,0.654449,0.695040
0.666991,0.659174,0.695819,0.623781,0.927466,0.659097,0.732574,0.666431,0.699680,0.709810
0.727751,0.720582,0.690866,0.661508,0.600094,0.699528,0.663929,0.645636,0.665762,0.700905
0.630511,0.660745,0.709536,0.786176,0.663452,0.780342,0.712560,0.686196,0.699218,0.705841
0.696836,0.728941,0.700293,0.675169,0.841662,0.635757,0.741537,0.715618,0.651116,0.671534
0.696574,0.681165,0.636454,0.674721,0.550351,0.733002,0.723421,0.773945,0.719969,0.713361
0.698146,0.677584,0.701881,0.718735,0.227313,0.628872,0.660431,0.668455,0.717099,0.680002
0.739263,0.686571,0.700797,0.763289,0.809468,0.602618,0.702951,0.698215,0.690927,0.670479
0.641962,0.711392,0.652515,0.729634,0.682029,0.720208,0.722866,0.721000,0.696938,0.671025
0.659505,0.740174,0.713110,0.595313,0.608124,0.734083,0.788235,0.839846,0.666354,0.719648
0.634962,0.630241,0.739142,0.779270,0.715445,0.708797,0.664419,0.701660,0.624900,0.698840
0.682935,0.685327,0.686877,0.792804,0.637019,0.576510,0.713152,0.709645,0.697001,0.674622
0.717240,0.689010,0.730269,0.680401,0.720386,0.693019,0.710074,0.703927,0.700996,0.683135
0.676874,0.697839,0.681016,0.610870,0.737607,0.716349,0.683732,0.690556,0.683594,0.694813
0.693711,0.658659,0.679057,0.646816,0.753467,0.561379,0.669669,0.680461,0.688712,0.687252
0.706072,0.667459,0.692265,0.691017,0.758764,0.715438,0.666921,0.674132,0.677194,0.691950
0.660938,0.686357,0.727777,0.676824,0.886042,0.661991,0.694733,0.624180,0.729949,0.707596
0.727876,0.730144,0.656250,0.685498,0.681650,0.568965,0.678020,0.661113,0.620398,0.651262
0.680615,0.736369,0.667661,0.622955,0.731129,0.634910,0.700615,0.697355,0.653374,0.732506
0.722041,0.723290,0.648159,0.634473,0.599715,0.731756,0.708954,0.746650,0.722248,0.717128
0.712320,0.743318,0.677529,0.707399,0.726561,0.701800,0.623636,0.680141,0.743476,0.727844
0.731577,0.683736,0.687691,0.758162,0.700160,0.821963,0.689087,0.626553,0.691024,0.689107
0.710757,0.665753,0.743629,0.738469,0.761460,0.710100,0.711518,0.627701,0.720564,0.666824
0.727111,0.731533,0.683401,0.656988,0.729426,0.521269,0.698493,0.671074,0.678356,0.695115
0.714940,0.695773,0.726938,0.656210,0.649861,0.716343,0.696945,0.650933,0.699163,0.700572
0.671736,0.692410,0.646138,0.649273,0.570118,0.721976,0.746592,0.772897,0.713885,0.662330
0.667510,0.690052,0.694653,0.613885,0.732392,0.627716,0.687111,0.672755,0.726918,0.713050
0.689634,0.657190,0.642200,0.777512,0.823894,0.665613,0.676824,0.683249,0.682599,0.695199
0.665480,0.651624,0.679979,0.711593,0.366246,0.576737,0.672261,0.702626,0.737885,0.692434
0.761771,0.688911,0.704051,0.781240,0.738567,0.774034,0.622189,0.723111,0.715028,0.701020
0.729912,0.670161,0.740970,0.629156,0.805091,0.856511,0.696362,0.735263,0.672527,0.689209
0.687758,0.671658,0.638971,0.781490,0.839561,0.746828,0.766314,0.710845,0.715524,0.727503
0.626290,0.671701,0.752222,0.684725,0.731824,0.635456,0.651137,0.717807,0.657268,0.705663
0.675447,0.777855,0.678820,0.597785,0.462099,0.782212,0.705180,0.712860,0.679483,0.686750
0.674376,0.742200,0.561938,0.776296,0.621723,0.706370,0.781144,0.686966,0.685993,0.615979
0.698168,0.623447,0.681552,0.673222,0.634079,0.812470,0.671442,0.657404,0.659422,0.732157
0.709801,0.673497,0.648130,0.694717,0.417143,0.676012,0.644333,0.656338,0.663285,0.698219
0.730108,0.692328,0.679939,0.573137,0.700133,0.760886,0.652576,0.677369,0.723494,0.742895
0.736397,0.748811,0.622339,0.656835,0.574281,0.623033,0.611352,0.723947,0.693233,0.726056
0.698039,0.721823,0.702723,0.617252,0.722730,0.713573,0.655897,0.703356,0.727821,0.708725
0.691262,0.735382,0.725036,0.798049,0.667919,0.709927,0.699667,0.733105,0.530081,0.689038
0.662332,0.674093,0.705992,0.658362,0.675451,0.727437,0.704642,0.712501,0.727171,0.687029
0.721673,0.646824,0.671150,0.637573,0.529516,0.700964,0.710507,0.703750,0.705723,0.723234
0.638639,0.676569,0.661651,0.780634,0.695121,0.685122,0.709380,0.695655,0.687833,0.645115
0.674991,0.694735,0.699159,0.670681,0.610502,0.692835,0.631481,0.666880,0.692160,0.711807
0.715282,0.729664,0.788690,0.650255,0.782722,0.673735,0.773824,0.711105,0.693700,0.700294
0.708533,0.642185,0.720077,0.584615,0.661914,0.699235,0.689261,0.699148,0.676457,0.696388
0.617266,0.761761,0.650063,0.660067,0.816345,0.813578,0.655337,0.668891,0.728668,0.729283
0.689800,0.743155,0.697431,0.622217,0.721056,0.734715,0.724414,0.659526,0.717793,0.669339
0.671646,0.665622,0.697317,0.608442,0.769029,0.655892,0.574900,0.706182,0.688992,0.696933
0.677165,0.681805,0.673175,0.693802,0.674887,0.697204,0.718287,0.686510,0.709269,0.699404
0.678748,0.757049,0.631752,0.758016,0.789654,0.706189,0.733741,0.614197,0.695387,0.692264
0.688692,0.667510,0.692357,0.678256,0.529622,0.713207,0.664638,0.680526,0.692682,0.667926
0.736892,0.719372,0.697823,0.752323,0.679948,0.703440,0.689859,0.696134,0.763594,0.641603
0.710481,0.679703,0.685317,0.735896,0.729745,0.724104,0.687912,0.685013,0.646698,0.737070
0.667936,0.677630,0.692760,0.722544,0.401848,0.575188,0.680475,0.768257,0.752662,0.671384
0.664179,0.709713,0.652322,0.723540,0.731108,0.571923,0.685896,0.664782,0.629455,0.685341
0.776197,0.655859,0.719614,0.616728,0.559389,0.692589,0.669458,0.642751,0.703030,0.627596
0.648746,0.702124,0.658025,0.696213,0.720131,0.760388,0.688244,0.728727,0.659790,0.686489
0.678835,0.762244,0.653228,0.672098,0.679580,0.576200,0.692331,0.705379,0.712604,0.685533
0.756997,0.705827,0.674701,0.739928,0.699197,0.609774,0.700684,0.686198,0.678702,0.737462
0.671248,0.747557,0.711582,0.773972,0.798685,0.652061,0.727036,0.719244,0.778120,0.711721
0.726440,0.715674,0.721462,0.736040,0.745228,0.650886,0.653006,0.693282,0.673624,0.742474
0.680752,0.717871,0.665178,0.690266,0.621720,0.752303,0.699891,0.685317,0.665781,0.662469
0.689460,0.684891,0.743112,0.718250,0.624247,0.690063,0.670571,0.701752,0.688509,0.674061
0.692100,0.681516,0.609136,0.675849,0.842384,0.753612,0.615472,0.696671,0.707221,0.699897
0.671553,0.748794,0.645112,0.634233,0.511599,0.779545,0.702121,0.701739,0.695449,0.678127
0.690360,0.686323,0.730700,0.737369,0.532658,0.637543,0.678022,0.636043,0.738335,0.689519
0.704593,0.656697,0.655556,0.711579,0.602466,0.640638,0.721927,0.731379,0.669470,0.693629
0.711621,0.717877,0.708580,0.695162,0.697022,0.743203,0.663924,0.707909,0.674040,0.689955
0.693019,0.727359,0.705618,0.689197,0.651028,0.714886,0.735879,0.660047,0.680505,0.684721
0.667834,0.676504,0.650489,0.741974,0.886440,0.714454,0.670202,0.711810,0.636101,0.703605
0.699264,0.693325,0.667216,0.693261,0.821566,0.566882,0.730032,0.783126,0.713721,0.685913
0.680036,0.687690,0.698647,0.680691,0.724062,0.706181,0.715944,0.703682,0.720862,0.707562
0.672540,0.690631,0.727160,0.692396,0.727403,0.565506,0.691713,0.661897,0.653325,0.684720
0.683704,0.681005,0.771792,0.758390,0.770077,0.728392,0.775765,0.682468,0.701473,0.682480
0.695646,0.737452,0.702101,0.611467,0.741412,0.615505,0.684018,0.678521,0.719996,0.701203
0.662914,0.702334,0.716718,0.626596,0.735181,0.705111,0.718852,0.745005,0.702732,0.715405
0.718534,0.711373,0.705212,0.717951,0.724315,0.659778,0.764555,0.707795,0.720900,0.711670
0.727090,0.718302,0.699832,0.673652,0.685357,0.863867,0.727500,0.694274,0.720593,0.695074
0.683006,0.660949,0.663343,0.725632,0.577889,0.779486,0.713329,0.691703,0.698771,0.705117
0.708776,0.646135,0.640113,0.682249,0.495691,0.634130,0.735415,0.748839,0.771054,0.678018
0.691578,0.657357,0.682811,0.647173,0.605758,0.753246,0.751157,0.713405,0.668110,0.668579
0.713280,0.670794,0.707037,0.649348,0.667418,0.769125,0.736151,0.683353,0.676251,0.711521
0.709511,0.685458,0.670386,0.643673,0.684165,0.692651,0.712611,0.714703,0.718910,0.721125
0.679397,0.695908,0.761292,0.734931,0.872302,0.641835,0.704366,0.698193,0.671589,0.660812
0.689021,0.691856,0.724684,0.657497,0.794308,0.502134,0.712567,0.718573,0.715782,0.689578
0.680070,0.678303,0.669346,0.678963,0.716930,0.724866,0.733575,0.678202,0.746581,0.646347
0.675005,0.722348,0.693284,0.653378,0.627252,0.778046,0.711375,0.684243,0.681171,0.685427
0.705102,0.781822,0.691386,0.698942,0.614863,0.705979,0.675594,0.618708,0.658103,0.695474
0.698718,0.646192,0.710196,0.638491,0.549903,0.637529,0.701112,0.714872,0.683144,0.664210
0.696034,0.700680,0.775643,0.707293,0.747181,0.713253,0.763982,0.673779,0.701484,0.702779
0.736203,0.705245,0.672717,0.563256,0.460323,0.689291,0.718867,0.760768,0.709850,0.773241
0.678888,0.687004,0.648517,0.778675,0.794470,0.730239,0.749541,0.695528,0.737108,0.755817
0.718976,0.578109,0.709791,0.622665,0.728097,0.646866,0.737413,0.694571,0.666739,0.786855
0.697545,0.667665,0.760970,0.703876,0.585215,0.699727,0.742132,0.704989,0.716903,0.683587
0.626795,0.730403,0.678118,0.759887,0.609621,0.616263,0.764722,0.696568,0.709132,0.693748
0.693738,0.733558,0.678770,0.737272,0.736613,0.796050,0.695886,0.683729,0.712469,0.657580
0.699205,0.702363,0.691316,0.670474,0.603840,0.698655,0.687374,0.703152,0.692625,0.694847
0.650005,0.714967,0.662660,0.672746,0.772195,0.761244,0.761744,0.672465,0.758998,0.706208
0.710115,0.598878,0.687274,0.616247,0.653210,0.640193,0.739584,0.724729,0.753990,0.677046
0.736247,0.648934,0.687294,0.682112,0.777085,0.583185,0.749722,0.685572,0.611352,0.648797
0.697606,0.703085,0.731421,0.700514,0.708601,0.719647,0.708033,0.678023,0.705372,0.686228
0.704189,0.727762,0.620917,0.794137,0.825644,0.768982,0.692905,0.774051,0.747467,0.725928
0.687377,0.775553,0.685132,0.699475,0.784244,0.499249,0.739376,0.743939,0.667905,0.712397
0.694159,0.716957,0.659404,0.758424,0.724661,0.545305,0.669747,0.681484,0.659947,0.723044
0.657166,0.717879,0.736265,0.760991,0.653186,0.547575,0.639736,0.665919,0.708481,0.688819
0.691011,0.730380,0.688508,0.553140,0.747297,0.638818,0.703277,0.705397,0.692394,0.683814
0.747164,0.687715,0.652027,0.604914,0.453074,0.706833,0.702273,0.640356,0.676936,0.696465
0.617316,0.705734,0.588093,0.788513,0.823090,0.758960,0.735291,0.643351,0.662211,0.716000
0.664428,0.686197,0.701972,0.704336,0.728008,0.694799,0.763495,0.684155,0.678507,0.669371
0.701061,0.719500,0.717619,0.730106,0.765954,0.489916,0.695844,0.751611,0.711635,0.674318
0.704936,0.693988,0.707149,0.707485,0.787287,0.820657,0.695908,0.702902,0.702209,0.710564
0.715667,0.683961,0.688119,0.681182,0.619767,0.711021,0.699555,0.727172,0.697961,0.717103
0.700344,0.667714,0.693680,0.619981,0.711482,0.557033,0.705666,0.745819,0.705673,0.703623
0.667219,0.716140,0.692122,0.706787,0.625495,0.711123,0.676282,0.689849,0.685358,0.729348
0.687036,0.701884,0.866384,0.728943,0.634074,0.645933,0.846476,0.693796,0.711179,0.703297
0.738828,0.716943,0.676218,0.651541,0.612106,0.724782,0.715003,0.673542,0.659682,0.677041
0.694642,0.711705,0.653411,0.682895,0.694037,0.723672,0.641895,0.687999,0.692796,0.694219
0.685052,0.718556,0.747866,0.690989,0.720160,0.740816,0.737707,0.696007,0.697955,0.692872
0.738419,0.645651,0.678546,0.776676,0.703949,0.691954,0.659789,0.730090,0.703541,0.698259
0.695524,0.629874,0.687293,0.782452,0.887067,0.744280,0.695877,0.652595,0.792958,0.692578
0.610632,0.771338,0.729958,0.723199,0.902114,0.751707,0.686592,0.650508,0.702605,0.663149
0.635121,0.673543,0.699525,0.765352,0.712582,0.578355,0.686848,0.672248,0.713548,0.771268
0.701845,0.725183,0.710538,0.677812,0.745092,0.680962,0.707412,0.702896,0.673225,0.707025
0.696003,0.698599,0.678462,0.740315,0.706871,0.648945,0.659917,0.730098,0.659590,0.741582
0.726134,0.697644,0.725294,0.678325,0.703939,0.644770,0.731152,0.672372,0.718955,0.714519
0.695630,0.703976,0.612209,0.670400,0.670561,0.717101,0.667029,0.690689,0.713965,0.705518
0.663744,0.724791,0.705433,0.743635,0.725748,0.786992,0.658388,0.687879,0.693521,0.673593
0.693256,0.679644,0.619410,0.655969,0.800957,0.783398,0.628077,0.714924,0.700732,0.689236
0.667347,0.689008,0.712425,0.742409,0.657990,0.721558,0.631521,0.673809,0.673246,0.733587
0.680405,0.682116,0.734616,0.749506,0.589201,0.732911,0.685556,0.676271,0.710747,0.704957
0.634956,0.717791,0.809407,0.683026,0.768296,0.712183,0.519551,0.727864,0.680613,0.700387
0.692101,0.700404,0.754728,0.702100,0.621315,0.739807,0.720900,0.695483,0.678020,0.690969
0.696585,0.674854,0.706425,0.710175,0.862111,0.774189,0.664422,0.601708,0.689242,0.615913
0.667046,0.732623,0.690358,0.687701,0.627514,0.674805,0.720696,0.666028,0.658348,0.736263
0.705541,0.704273,0.706110,0.723724,0.789122,0.757142,0.717998,0.689946,0.724314,0.711435
0.696160,0.671892,0.680396,0.729488,0.867413,0.657025,0.670375,0.720386,0.647052,0.663111
0.693457,0.617946,0.730211,0.661347,0.710149,0.810713,0.692869,0.681429,0.768447,0.706429
0.711810,0.650981,0.729543,0.611437,0.706020,0.721193,0.688722,0.701691,0.671493,0.694458
0.766839,0.682910,0.722705,0.730639,0.636180,0.749213,0.711236,0.722156,0.694047,0.712947
0.733450,0.711270,0.647164,0.701252,0.804909,0.733159,0.741485,0.710854,0.735958,0.685519
0.720909,0.706872,0.607648,0.580827,0.590606,0.671045,0.711490,0.629553,0.711811,0.671703
0.688009,0.716004,0.695750,0.716220,0.827261,0.579102,0.769096,0.681916,0.708445,0.674567
0.691708,0.707980,0.709152,0.681479,0.643984,0.662134,0.722167,0.667525,0.711599,0.707089
0.715920,0.617395,0.711086,0.599516,0.638518,0.749023,0.724787,0.700080,0.700859,0.691921
0.662421,0.659985,0.675883,0.767783,0.677810,0.761192,0.696003,0.696422,0.719297,0.658836
0.682562,0.675258,0.723377,0.711445,0.701984,0.756420,0.721061,0.662329,0.743320,0.684812
0.680501,0.666411,0.662246,0.715682,0.606622,0.802677,0.670318,0.725580,0.623686,0.664084
0.671837,0.700618,0.700200,0.698617,0.767430,0.531031,0.649450,0.749326,0.732535,0.672921
0.688415,0.738635,0.683501,0.715311,0.644668,0.509309,0.678132,0.713926,0.644903,0.714841
0.764555,0.670254,0.670808,0.815784,0.801963,0.734895,0.657079,0.687133,0.750438,0.688261
0.685070,0.689160,0.715553,0.750131,0.744614,0.493679,0.648457,0.731722,0.742063,0.692974
0.716125,0.716978,0.632895,0.656990,0.435674,0.701031,0.768968,0.767207,0.708621,0.767338
0.693947,0.689933,0.686932,0.660722,0.514189,0.644180,0.689633,0.722505,0.704031,0.678168
0.713849,0.677516,0.728634,0.612562,0.785443,0.599986,0.678880,0.698705,0.689855,0.681941
0.705817,0.717073,0.609789,0.850264,0.761907,0.759603,0.716553,0.690854,0.643506,0.671656
0.759565,0.724091,0.723187,0.707901,0.584451,0.817010,0.638649,0.748079,0.744623,0.712660
0.688278,0.745909,0.717819,0.680657,0.674372,0.829379,0.724600,0.724897,0.711830,0.714828
0.689639,0.695510,0.714534,0.699945,0.692187,0.721291,0.709089,0.686303,0.703932,0.708120
0.691840,0.706050,0.650392,0.694532,0.563285,0.660877,0.631180,0.690084,0.689138,0.681922
0.695892,0.695810,0.749432,0.672042,0.845666,0.795533,0.756892,0.641606,0.682279,0.689584
0.683373,0.693704,0.578325,0.679653,0.837437,0.767075,0.556782,0.699849,0.723115,0.679723
0.738200,0.580952,0.680279,0.736188,0.579813,0.706224,0.713917,0.716924,0.698492,0.661903
0.652706,0.705422,0.679103,0.671906,0.736050,0.739115,0.626708,0.662273,0.721428,0.700680
0.689783,0.727895,0.724505,0.640643,0.569244,0.667903,0.745138,0.715224,0.714656,0.693331
0.686850,0.669430,0.658811,0.696487,0.633299,0.567627,0.654535,0.717193,0.713143,0.698971
0.643990,0.731298,0.726716,0.687356,0.718564,0.859698,0.697239,0.571255,0.752960,0.674743
0.720253,0.704403,0.694151,0.585725,0.728455,0.563251,0.669586,0.666415,0.688767,0.707410
0.689386,0.749299,0.710675,0.751706,0.591108,0.623589,0.701320,0.707281,0.680030,0.707873
0.683549,0.644638,0.683931,0.757102,0.881972,0.656264,0.686112,0.737207,0.697040,0.704273
0.697854,0.690767,0.705952,0.600019,0.704815,0.549164,0.703209,0.709667,0.716576,0.687030
0.692681,0.708394,0.679292,0.651617,0.598551,0.743925,0.705153,0.734964,0.667194,0.714997
0.686091,0.656254,0.632261,0.669992,0.813414,0.501819,0.757136,0.770024,0.718187,0.728800
0.702428,0.690574,0.656009,0.675699,0.695398,0.704616,0.680164,0.727884,0.704736,0.700288
0.736663,0.714072,0.666628,0.743776,0.919297,0.816261,0.721056,0.690470,0.701740,0.701162
0.672560,0.689991,0.719329,0.685349,0.580258,0.698725,0.705219,0.698013,0.683144,0.691191
0.632490,0.694573,0.674442,0.643032,0.856648,0.656988,0.748693,0.687175,0.698643,0.694820
0.705883,0.655248,0.698909,0.729372,0.757182,0.755202,0.711350,0.693572,0.644387,0.678368
0.721190,0.699143,0.671417,0.750911,0.469603,0.625528,0.741003,0.698974,0.720922,0.705022
0.700163,0.717924,0.724590,0.705895,0.718089,0.706026,0.725538,0.684638,0.698959,0.699426
0.692730,0.680708,0.643004,0.652411,0.811071,0.748868,0.650043,0.694997,0.691812,0.702391
0.681158,0.746824,0.746107,0.667253,0.724173,0.708502,0.744191,0.671676,0.729512,0.686940
0.662222,0.653401,0.784910,0.717947,0.618438,0.663449,0.647987,0.673416,0.704666,0.724337
0.733183,0.731785,0.762630,0.749183,0.617732,0.709595,0.592601,0.726265,0.707571,0.701888
0.715521,0.732860,0.663448,0.603989,0.673028,0.662078,0.633011,0.691665,0.661950,0.670887
0.705278,0.697115,0.714772,0.752282,0.711544,0.721824,0.692515,0.618842,0.701024,0.713091
0.668335,0.705992,0.703529,0.746283,0.622926,0.786443,0.649139,0.671240,0.692205,0.681390
0.695164,0.709001,0.771386,0.684634,0.816392,0.732950,0.643894,0.699395,0.654649,0.684270
0.683427,0.677851,0.679620,0.660339,0.858642,0.596754,0.720416,0.753025,0.661897,0.695320
0.686904,0.699287,0.702882,0.747506,0.857430,0.693973,0.676482,0.758483,0.731931,0.689465
0.721535,0.718949,0.770552,0.686791,0.726378,0.684393,0.689118,0.731477,0.703133,0.704712
0.683162,0.680476,0.688214,0.670600,0.767620,0.773841,0.664397,0.698059,0.701712,0.701255
0.732077,0.668000,0.724153,0.601516,0.685304,0.682005,0.637616,0.669321,0.739310,0.737437
0.675988,0.625193,0.716008,0.636738,0.737679,0.662368,0.658384,0.699653,0.702230,0.727210
0.698205,0.700954,0.729685,0.743136,0.751557,0.630175,0.662923,0.620234,0.713922,0.773398
0.723530,0.754526,0.678868,0.552360,0.741846,0.761958,0.738049,0.722319,0.697438,0.730463
0.687004,0.710664,0.663373,0.617579,0.621372,0.641095,0.718273,0.633437,0.699100,0.682254
0.701995,0.661628,0.733048,0.636797,0.829654,0.611233,0.675058,0.718964,0.643197,0.714100
0.664506,0.677543,0.714971,0.725977,0.633469,0.646795,0.669637,0.671077,0.706900,0.703959
0.732016,0.678063,0.614730,0.714058,0.752536,0.647264,0.646724,0.703622,0.692939,0.672415
0.724097,0.703550,0.707228,0.698178,0.778857,0.638094,0.712102,0.691989,0.698132,0.711286
0.686149,0.702969,0.683135,0.687243,0.613366,0.621054,0.723281,0.698412,0.680019,0.681960
0.666491,0.626179,0.649653,0.601493,0.627701,0.804804,0.752347,0.670665,0.607394,0.764494
0.576197,0.741930,0.629014,0.635293,0.649325,0.744014,0.782599,0.734441,0.666578,0.665620
0.693947,0.699613,0.686279,0.709116,0.540807,0.679206,0.679006,0.693043,0.716835,0.693481
0.692752,0.735183,0.646534,0.593684,0.648276,0.687497,0.647300,0.674694,0.697215,0.698215
0.701127,0.625274,0.695880,0.716841,0.654705,0.761517,0.672534,0.671788,0.673905,0.721091
0.688184,0.649496,0.732854,0.633905,0.589827,0.635274,0.762991,0.698050,0.666072,0.688875
0.715356,0.706785,0.682724,0.708748,0.603114,0.665240,0.750363,0.701612,0.705882,0.697495
0.682247,0.728835,0.688972,0.733492,0.366683,0.708968,0.665960,0.685693,0.678983,0.671555
0.742203,0.721836,0.708842,0.776485,0.882068,0.712464,0.724095,0.713618,0.726043,0.692153
0.701178,0.723656,0.703575,0.768017,0.523734,0.663910,0.669912,0.712794,0.664366,0.689594
0.695347,0.718715,0.726719,0.656164,0.833079,0.668196,0.723102,0.679367,0.635540,0.702600
0.692140,0.663369,0.699857,0.649271,0.719530,0.662707,0.713163,0.696031,0.713635,0.690595
0.688348,0.700895,0.676054,0.681136,0.514698,0.701663,0.671068,0.687805,0.679804,0.710849
0.668933,0.695112,0.745378,0.693221,0.741163,0.715211,0.664803,0.691500,0.723506,0.695119
0.649985,0.688533,0.738633,0.670786,0.547765,0.733958,0.673670,0.720730,0.699058,0.728967
0.694506,0.675627,0.758359,0.638338,0.895381,0.656518,0.736822,0.670865,0.728377,0.700359
0.690255,0.713988,0.632683,0.726478,0.465625,0.684326,0.697958,0.656922,0.724755,0.684758
0.700188,0.744385,0.697525,0.702764,0.614918,0.717929,0.711395,0.664536,0.718395,0.694887
0.599536,0.739113,0.670988,0.682409,0.781144,0.618341,0.641296,0.702027,0.658860,0.689059
0.714499,0.624087,0.653559,0.756999,0.703005,0.701483,0.717754,0.757748,0.691906,0.639533
0.685359,0.654439,0.686582,0.663784,0.835918,0.446463,0.726100,0.727745,0.724922,0.726145
0.729838,0.730946,0.734759,0.712571,0.620827,0.598566,0.727757,0.668939,0.699902,0.693446
0.710038,0.713612,0.713062,0.687687,0.838443,0.692120,0.662660,0.694448,0.740045,0.700445
0.702128,0.660269,0.703880,0.708028,0.812688,0.673328,0.724967,0.780491,0.679065,0.710049
0.689530,0.679453,0.709817,0.737686,0.689617,0.707964,0.718537,0.682097,0.713232,0.701117
0.676614,0.734171,0.694739,0.762073,0.635271,0.653385,0.759608,0.687962,0.705668,0.718732
0.702097,0.631955,0.639539,0.692508,0.829236,0.705558,0.670536,0.741071,0.668030,0.708111
0.719590,0.602026,0.671633,0.689439,0.785661,0.817427,0.686060,0.747486,0.679904,0.746711
0.702656,0.697841,0.692196,0.686633,0.737989,0.698517,0.705069,0.667309,0.694528,0.705111
0.704627,0.723274,0.705277,0.682137,0.769624,0.935867,0.700135,0.682477,0.690877,0.681301
0.753600,0.700642,0.637256,0.718698,0.743246,0.640814,0.678741,0.544248,0.742474,0.680786
0.701975,0.694776,0.658691,0.672180,0.677178,0.585203,0.668903,0.670021,0.689782,0.672586
0.707638,0.730982,0.680833,0.772482,0.772054,0.650369,0.701577,0.736006,0.706477,0.704281
0.698044,0.685898,0.703473,0.653493,0.745544,0.711995,0.670533,0.714014,0.664755,0.683357
0.707058,0.700208,0.666863,0.672431,0.808972,0.767213,0.762423,0.658346,0.722734,0.630539
0.689710,0.745262,0.711853,0.714554,0.691937,0.677903,0.713037,0.684719,0.709696,0.715562
0.689120,0.686479,0.668819,0.729732,0.588451,0.705148,0.688696,0.678732,0.660249,0.683742
0.671059,0.635986,0.670287,0.738717,0.739204,0.566144,0.653687,0.641355,0.766129,0.713092
0.634033,0.649143,0.720936,0.739136,0.652611,0.789476,0.697356,0.679074,0.665630,0.682023
0.714630,0.696508,0.721130,0.693790,0.539185,0.784980,0.731473,0.647133,0.641930,0.668595
0.783535,0.657403,0.672328,0.693036,0.591173,0.673399,0.743177,0.669430,0.740551,0.663564
0.674310,0.660587,0.720299,0.738916,0.717731,0.680746,0.688309,0.640601,0.665920,0.700750
0.742770,0.708963,0.737484,0.750933,0.662458,0.512596,0.725822,0.681659,0.756954,0.670652
0.671693,0.721348,0.726558,0.593788,0.720840,0.648799,0.711711,0.730819,0.729901,0.662170
0.715289,0.728486,0.693490,0.699843,0.827651,0.724685,0.702317,0.645952,0.720416,0.679215
0.707982,0.733840,0.671932,0.660160,0.674012,0.646388,0.683670,0.697306,0.663912,0.697447
0.711019,0.657189,0.680273,0.696092,0.614135,0.755978,0.750805,0.627080,0.743509,0.703426
0.684241,0.721792,0.618955,0.711616,0.884753,0.775778,0.619324,0.700592,0.765220,0.684982
0.681762,0.691539,0.650906,0.745951,0.556526,0.705467,0.731576,0.704541,0.703906,0.682906
0.678946,0.674015,0.617689,0.741435,0.625177,0.693368,0.740240,0.621550,0.661790,0.710229
0.727851,0.702960,0.742413,0.676743,0.640576,0.772527,0.648621,0.736641,0.695244,0.709800
0.638454,0.643490,0.724920,0.750439,0.591248,0.838902,0.606470,0.676116,0.731923,0.696766
0.655018,0.708288,0.685895,0.648338,0.655885,0.760638,0.739152,0.744121,0.678516,0.690857
0.674813,0.709487,0.645773,0.688333,0.788429,0.671608,0.660724,0.707230,0.714315,0.701136
0.694786,0.770718,0.698237,0.766628,0.919659,0.815756,0.709932,0.671172,0.662587,0.678282
0.674531,0.665740,0.675416,0.693543,0.810293,0.654458,0.654416,0.704757,0.731185,0.675710
0.625850,0.697406,0.703883,0.617652,0.674681,0.641756,0.688803,0.697015,0.646496,0.671682
0.694510,0.704322,0.592574,0.634057,0.866553,0.776799,0.618312,0.691666,0.692114,0.717745
0.685083,0.703003,0.672656,0.635257,0.672485,0.612570,0.695459,0.684454,0.743023,0.731433
0.674947,0.667297,0.733438,0.687673,0.691525,0.674498,0.669636,0.693489,0.722726,0.665095
0.691336,0.667492,0.695320,0.688792,0.803013,0.617770,0.718326,0.710099,0.704917,0.700458
0.713954,0.679167,0.653633,0.673169,0.665084,0.733028,0.684784,0.746085,0.666591,0.706664
0.725686,0.760305,0.692992,0.696479,0.750422,0.631170,0.689657,0.715874,0.649614,0.692020
0.731313,0.728226,0.629971,0.737679,0.673960,0.713977,0.587173,0.689086,0.686015,0.743073
0.673617,0.727623,0.660939,0.756547,0.779038,0.742647,0.700451,0.683808,0.707419,0.684199
0.738814,0.697410,0.627425,0.820966,0.681179,0.751127,0.684205,0.732843,0.714820,0.723191
0.777302,0.657688,0.682305,0.623917,0.706427,0.659333,0.686554,0.693336,0.660880,0.807270
0.689512,0.702749,0.599932,0.656330,0.761400,0.739128,0.650018,0.694688,0.702087,0.684890
0.738908,0.667885,0.718233,0.656816,0.660260,0.627552,0.682634,0.745145,0.733824,0.732248
0.701752,0.693858,0.756098,0.707848,0.627442,0.674872,0.701295,0.678139,0.693195,0.684843
0.637520,0.677306,0.709256,0.807389,0.733548,0.747873,0.659241,0.713157,0.727977,0.692964
0.682874,0.702379,0.721166,0.672775,0.812287,0.591553,0.687255,0.616083,0.624255,0.716083
0.706386,0.714668,0.704268,0.735809,0.748409,0.581321,0.689451,0.682220,0.620739,0.736036
0.695197,0.696292,0.730825,0.660822,0.564341,0.650037,0.675979,0.699225,0.716920,0.647214
0.627179,0.726236,0.668858,0.678614,0.709156,0.800642,0.695664,0.671529,0.709138,0.677345
0.725342,0.680106,0.697517,0.647397,0.611377,0.736321,0.659040,0.606273,0.661946,0.660165
0.698425,0.646455,0.678580,0.686547,0.671562,0.760421,0.696631,0.740516,0.713484,0.691086
0.715956,0.668677,0.726554,0.681633,0.662415,0.656355,0.686176,0.665305,0.664386,0.741849
0.679422,0.653460,0.719467,0.661384,0.573906,0.729980,0.742367,0.612666,0.676997,0.688587
0.680516,0.749293,0.671543,0.656375,0.438941,0.763846,0.726359,0.629347,0.689533,0.706628
0.699832,0.651632,0.716645,0.585753,0.580462,0.685058,0.715833,0.701804,0.671429,0.694105
0.693382,0.708349,0.722381,0.609509,0.804796,0.671826,0.719710,0.652454,0.668488,0.698604
0.702702,0.655724,0.703028,0.760143,0.578547,0.715478,0.697774,0.677808,0.710424,0.665291
0.682951,0.755907,0.638425,0.723927,0.799901,0.668900,0.650976,0.659238,0.685545,0.724631
0.687534,0.702345,0.707235,0.640719,0.824837,0.613291,0.713797,0.666952,0.721606,0.686707
0.668008,0.728456,0.644848,0.702773,0.510803,0.692222,0.701466,0.715366,0.676771,0.707544
0.701288,0.735367,0.675886,0.672229,0.540117,0.851801,0.659627,0.726215,0.716426,0.714223
0.685890,0.714944,0.714305,0.675485,0.617217,0.691591,0.726816,0.681044,0.707887,0.735153
0.692212,0.634637,0.654877,0.742438,0.703207,0.615829,0.669394,0.738385,0.716315,0.668701
0.720845,0.680772,0.657711,0.714884,0.625907,0.713048,0.735834,0.691790,0.744948,0.704060
0.719037,0.730099,0.714941,0.687079,0.862535,0.706340,0.729334,0.766261,0.700828,0.679987
0.668817,0.698314,0.750492,0.764203,0.740132,0.625770,0.672943,0.734928,0.654553,0.709821
0.708661,0.712755,0.707239,0.669028,0.723304,0.726981,0.694373,0.719168,0.683303,0.713178
0.664070,0.697682,0.706561,0.688361,0.585827,0.674301,0.727903,0.686501,0.743802,0.709107
0.693710,0.721905,0.694559,0.688255,0.749476,0.637849,0.658599,0.708586,0.725558,0.675110
0.592281,0.713826,0.630773,0.691929,0.786023,0.694498,0.747564,0.674910,0.672705,0.698781
0.630367,0.672800,0.723222,0.727709,0.643105,0.619682,0.745663,0.704571,0.642447,0.635954
0.670250,0.685622,0.707108,0.705847,0.373345,0.590305,0.656382,0.752541,0.740814,0.673948
0.701237,0.705743,0.709522,0.606406,0.546062,0.621225,0.695817,0.767868,0.696223,0.716227
0.702637,0.684568,0.735990,0.722755,0.593072,0.688131,0.723103,0.652136,0.705123,0.717846
0.733401,0.745919,0.640862,0.800747,0.731954,0.607694,0.701282,0.717579,0.667092,0.662285
0.717492,0.769815,0.572782,0.780617,0.752388,0.721261,0.625993,0.720496,0.639701,0.700806
0.678568,0.709884,0.715700,0.718785,0.660058,0.758097,0.729726,0.708465,0.728677,0.706285
0.725621,0.643590,0.698252,0.695677,0.661383,0.653261,0.714970,0.680316,0.752083,0.672238
0.722198,0.656442,0.763081,0.653364,0.543487,0.662172,0.706884,0.676866,0.723252,0.650022
0.674048,0.696096,0.651243,0.750079,0.908047,0.756690,0.662293,0.685259,0.695695,0.680870
0.685465,0.727970,0.592889,0.651500,0.578350,0.718691,0.661985,0.695505,0.695681,0.742688
0.726520,0.681886,0.684474,0.722874,0.649767,0.679166,0.714418,0.666089,0.710577,0.646058
0.708536,0.631446,0.629411,0.606963,0.742114,0.594807,0.683289,0.718539,0.694300,0.692672
0.648217,0.691161,0.726666,0.614025,0.750787,0.672833,0.696635,0.633948,0.706456,0.657814
0.693461,0.685470,0.786635,0.762666,0.622857,0.619450,0.714797,0.650672,0.701107,0.722040
0.698856,0.660473,0.679131,0.655630,0.792905,0.749791,0.699557,0.687553,0.648937,0.700088
0.725773,0.701596,0.639439,0.704834,0.711010,0.691157,0.739547,0.697387,0.790608,0.685610
0.705092,0.683847,0.665563,0.756218,0.549076,0.664771,0.690978,0.702255,0.686277,0.724865
0.662271,0.742525,0.745601,0.731584,0.624858,0.657270,0.663016,0.667538,0.717048,0.733370
0.681870,0.718418,0.630145,0.696105,0.587793,0.691251,0.765380,0.731420,0.690075,0.668836
0.706250,0.679220,0.693848,0.669007,0.539190,0.715465,0.658618,0.612469,0.640157,0.684143
0.732756,0.687906,0.693096,0.666083,0.746429,0.752702,0.687113,0.661771,0.604440,0.675443
0.686734,0.702587,0.680808,0.729472,0.519459,0.687206,0.686349,0.700749,0.710606,0.698503
0.702777,0.662174,0.653495,0.711635,0.472972,0.643365,0.695803,0.703066,0.717551,0.707561
0.721479,0.720676,0.684609,0.736671,0.618977,0.768009,0.691128,0.675667,0.642769,0.698128
0.707369,0.696986,0.707248,0.721804,0.617442,0.696100,0.723582,0.729192,0.739745,0.659900
0.652404,0.711824,0.699157,0.579672,0.677184,0.662437,0.717008,0.639527,0.661326,0.676386
0.675034,0.718927,0.669129,0.719717,0.803299,0.630637,0.718967,0.750853,0.722740,0.670416
0.705136,0.749638,0.717645,0.717831,0.816733,0.743582,0.694762,0.719188,0.731734,0.677348
0.716869,0.658191,0.704716,0.600104,0.604065,0.733334,0.671490,0.685613,0.647958,0.720790
0.684011,0.703748,0.569017,0.695956,0.767236,0.729936,0.721328,0.719842,0.713131,0.685525
0.731887,0.681927,0.664712,0.744906,0.648941,0.715707,0.695138,0.679503,0.654778,0.638725
0.697056,0.670076,0.581852,0.748926,0.586453,0.737211,0.615934,0.677548,0.697744,0.707310
0.679102,0.717792,0.733995,0.722396,0.595946,0.642052,0.732480,0.659668,0.647730,0.664989
0.680555,0.620504,0.688520,0.662316,0.470890,0.652559,0.664317,0.727437,0.638787,0.751645
0.698410,0.695130,0.697910,0.695744,0.753663,0.786793,0.720108,0.675363,0.712579,0.711849
0.758492,0.732489,0.666002,0.803832,0.770529,0.725820,0.682479,0.504313,0.672056,0.702804
0.630701,0.687260,0.726590,0.731770,0.625038,0.683239,0.705594,0.626065,0.648322,0.710103
0.712484,0.728904,0.697742,0.747277,0.511509,0.686761,0.672442,0.683765,0.701180,0.676256
0.695004,0.717632,0.782248,0.696290,0.824939,0.685921,0.742741,0.662864,0.674059,0.740836
0.697139,0.686577,0.629712,0.610812,0.672615,0.805919,0.633307,0.680243,0.693973,0.678540
0.722522,0.726149,0.775620,0.655825,0.838151,0.724150,0.670214,0.693986,0.733458,0.686157
0.728241,0.718668,0.594730,0.633667,0.779219,0.609467,0.686305,0.642775,0.717017,0.686390
0.687877,0.711994,0.733565,0.680541,0.726898,0.787667,0.692224,0.699612,0.653688,0.691327
0.699665,0.715942,0.707296,0.650708,0.748585,0.662259,0.692838,0.678048,0.678474,0.700486
0.710570,0.702628,0.657344,0.632998,0.413613,0.647636,0.685601,0.746288,0.670524,0.711235
0.695231,0.666119,0.695409,0.647544,0.670657,0.785628,0.721394,0.696987,0.672162,0.730162
0.589329,0.702823,0.755990,0.728337,0.665441,0.563725,0.630510,0.661912,0.682402,0.696957
0.677794,0.677151,0.756607,0.691037,0.671759,0.649686,0.741805,0.722713,0.678169,0.739561
0.698235,0.694166,0.708128,0.754107,0.585111,0.688487,0.623282,0.671009,0.725812,0.728141
0.677429,0.690907,0.711947,0.728567,0.818833,0.724422,0.679880,0.728655,0.744627,0.694851
0.670596,0.603989,0.720273,0.647217,0.692255,0.686874,0.698450,0.693530,0.645224,0.719623
0.728356,0.689253,0.741414,0.603575,0.864118,0.770436,0.695789,0.681158,0.687612,0.722217
0.752863,0.641807,0.646825,0.810450,0.861642,0.704711,0.709023,0.740139,0.635402,0.722192
0.688916,0.680137,0.613610,0.591986,0.651370,0.625482,0.670809,0.669110,0.649153,0.691939
0.687249,0.691335,0.701604,0.756761,0.642850,0.670173,0.682362,0.720089,0.657585,0.691207
0.691748,0.767351,0.704893,0.699829,0.755654,0.532970,0.726596,0.727131,0.619072,0.736617
0.638077,0.761354,0.652524,0.717917,0.659629,0.632320,0.710775,0.689757,0.647824,0.800184
0.713142,0.694993,0.678005,0.712601,0.598447,0.728364,0.677481,0.669060,0.672908,0.697712
0.781293,0.775270,0.717930,0.673731,0.566190,0.701671,0.684630,0.617906,0.730311,0.687134
0.689411,0.607888,0.703652,0.726864,0.705486,0.825653,0.700763,0.672013,0.713398,0.703804
0.688802,0.671358,0.756365,0.710807,0.820423,0.714339,0.698903,0.672352,0.598884,0.677982
0.618869,0.648690,0.703718,0.696385,0.731255,0.602952,0.713390,0.684240,0.695743,0.663848
0.719391,0.683390,0.684534,0.661705,0.419477,0.742024,0.675341,0.728530,0.701075,0.764220
0.698315,0.653381,0.752460,0.767018,0.800867,0.826033,0.626641,0.676355,0.722306,0.728324
0.681578,0.705133,0.691624,0.665787,0.802946,0.691878,0.669992,0.702843,0.722616,0.684489
0.689082,0.719114,0.710192,0.694686,0.722036,0.609339,0.653085,0.713799,0.684826,0.708386
0.692242,0.690350,0.657076,0.766207,0.569147,0.695551,0.703001,0.717838,0.691316,0.671748
0.689394,0.671354,0.710254,0.690673,0.735483,0.673924,0.717841,0.714273,0.704421,0.692629
0.712102,0.690021,0.730435,0.657185,0.615222,0.777965,0.627517,0.685296,0.712563,0.682047
0.700254,0.686682,0.659247,0.745821,0.340076,0.635802,0.659961,0.670389,0.700946,0.676030
0.713422,0.674468,0.624733,0.777861,0.801617,0.715341,0.637006,0.683779,0.726225,0.696397
0.638953,0.722582,0.699651,0.729176,0.794892,0.594526,0.649216,0.658228,0.705433,0.701323
0.759273,0.650233,0.670609,0.794307,0.838188,0.726750,0.681900,0.672481,0.631751,0.749629
0.683832,0.707728,0.612007,0.683453,0.658960,0.699008,0.618228,0.689458,0.743509,0.683279
0.705470,0.675974,0.705242,0.716712,0.541507,0.684877,0.668000,0.682735,0.715668,0.689015
0.699145,0.664978,0.698807,0.605639,0.546183,0.588790,0.690180,0.696592,0.717062,0.688361
0.681419,0.692561,0.715278,0.634265,0.736572,0.710022,0.687073,0.699818,0.672484,0.733380
0.720915,0.628772,0.720241,0.688931,0.535542,0.712666,0.686632,0.758730,0.652861,0.715062
0.709201,0.722558,0.635836,0.692717,0.718685,0.701283,0.752983,0.654722,0.717203,0.651885
0.689387,0.704490,0.717336,0.687495,0.601439,0.673619,0.732969,0.700805,0.685115,0.679700
0.718131,0.714381,0.690839,0.670963,0.549486,0.678946,0.682824,0.759329,0.730149,0.690900
0.719863,0.679650,0.657068,0.729447,0.567037,0.774599,0.686840,0.665773,0.684958,0.663961
0.699559,0.725027,0.655663,0.616132,0.644781,0.637012,0.659503,0.650062,0.691104,0.693413
0.672955,0.612154,0.699637,0.656187,0.644584,0.798752,0.665031,0.619317,0.663369,0.673404
0.682494,0.691405,0.725187,0.750452,0.764365,0.563160,0.683319,0.699396,0.703362,0.723785
0.679925,0.741875,0.686171,0.654256,0.719950,0.671794,0.684873,0.669115,0.727685,0.689317
0.710294,0.719997,0.728462,0.731776,0.623080,0.770456,0.754775,0.697779,0.701045,0.664225
0.700248,0.700923,0.658908,0.646934,0.597766,0.789270,0.647676,0.661560,0.681912,0.666928
0.698161,0.697892,0.675219,0.636975,0.755457,0.688219,0.669546,0.693295,0.684622,0.701522
0.689958,0.687167,0.717200,0.693128,0.560373,0.692041,0.727054,0.683767,0.700062,0.708153
0.701253,0.681769,0.618731,0.584791,0.645002,0.689657,0.606773,0.685892,0.663772,0.712498
0.681736,0.682156,0.706913,0.702717,0.851184,0.637028,0.734118,0.725462,0.746925,0.694951
0.657907,0.687291,0.648249,0.682580,0.859459,0.793498,0.659393,0.703863,0.754305,0.714522
0.697297,0.603246,0.694029,0.686967,0.622757,0.714909,0.711229,0.716958,0.718815,0.731672
0.714886,0.699645,0.796696,0.676787,0.828365,0.638470,0.630343,0.696154,0.730132,0.684319
0.723040,0.743121,0.718754,0.666972,0.517523,0.742514,0.689765,0.662874,0.683051,0.709972
0.713286,0.680445,0.714488,0.630612,0.459067,0.636244,0.681855,0.737802,0.723318,0.655627
0.698635,0.711304,0.725637,0.704281,0.397110,0.663425,0.725343,0.705811,0.687523,0.716927
0.667235,0.652380,0.713145,0.781561,0.601481,0.695011,0.706555,0.695282,0.719391,0.656119
0.704906,0.675830,0.721070,0.660489,0.795316,0.601291,0.702929,0.714013,0.690000,0.683673
0.691165,0.733401,0.709634,0.699690,0.699510,0.624825,0.741889,0.693656,0.726497,0.697918
0.704425,0.734103,0.659330,0.587412,0.612559,0.680834,0.725417,0.671442,0.719773,0.662949
0.671568,0.664048,0.680660,0.751917,0.751632,0.682803,0.726995,0.741371,0.661081,0.633692
0.694027,0.688213,0.732066,0.763470,0.729247,0.718195,0.711957,0.638514,0.654590,0.711093
0.692810,0.689743,0.663109,0.729275,0.787440,0.815562,0.707848,0.641750,0.733151,0.691838
0.697462,0.763893,0.700862,0.703586,0.572982,0.696417,0.704148,0.664666,0.636307,0.693668
0.682632,0.704290,0.698066,0.651602,0.791644,0.659234,0.672262,0.697994,0.694795,0.694699
0.635698,0.722114,0.673080,0.770239,0.513021,0.714465,0.676828,0.695015,0.683931,0.647349
0.683470,0.695243,0.711716,0.639149,0.640972,0.686066,0.684555,0.621556,0.733224,0.701776
0.668649,0.664512,0.704484,0.742601,0.949896,0.778859,0.687319,0.779078,0.723060,0.700343
0.686523,0.681465,0.646998,0.686789,0.810734,0.732902,0.656009,0.689562,0.709078,0.695477
0.684962,0.765772,0.713025,0.615208,0.625078,0.712665,0.689246,0.681879,0.673107,0.678659
0.718104,0.742779,0.700971,0.788257,0.728166,0.741533,0.667536,0.751882,0.722737,0.692094
0.702644,0.693910,0.722022,0.749233,0.763217,0.693573,0.649174,0.611892,0.679865,0.697898
0.708347,0.682633,0.737571,0.644687,0.679615,0.747860,0.667436,0.702580,0.706901,0.700258
0.674041,0.758354,0.711955,0.744553,0.687053,0.756429,0.685070,0.705138,0.697925,0.669256
0.712991,0.679951,0.660918,0.688211,0.889718,0.644291,0.753784,0.582431,0.706482,0.773499
0.664524,0.685803,0.726392,0.698042,0.690956,0.691899,0.657984,0.728048,0.716435,0.689898
0.704849,0.690239,0.753828,0.703578,0.333115,0.688972,0.743182,0.657767,0.662788,0.695872
0.677873,0.672818,0.665631,0.709342,0.616002,0.694303,0.719562,0.681306,0.700240,0.758834
0.692295,0.703136,0.705177,0.729106,0.765511,0.708823,0.676210,0.682257,0.712316,0.738486
0.680342,0.706171,0.664271,0.706794,0.620112,0.664782,0.630410,0.676903,0.704974,0.723481
0.701249,0.665433,0.624461,0.627802,0.722497,0.771558,0.623561,0.692601,0.682164,0.702540
0.692472,0.761066,0.655404,0.695129,0.785567,0.693290,0.680528,0.698490,0.771436,0.710981
0.680955,0.689944,0.736581,0.692167,0.727393,0.701152,0.711530,0.702932,0.686081,0.700728
0.696188,0.673422,0.676448,0.720816,0.495193,0.708702,0.660951,0.702713,0.676390,0.691853
0.717931,0.670143,0.624536,0.797480,0.860899,0.607622,0.691148,0.665429,0.655863,0.740117
0.693740,0.699844,0.676095,0.613954,0.596395,0.672212,0.715344,0.776901,0.709027,0.692081
0.693861,0.640674,0.709856,0.615183,0.880848,0.593268,0.725879,0.693124,0.626532,0.677856
0.691318,0.696799,0.665718,0.613268,0.816478,0.687662,0.664037,0.688553,0.696422,0.689106
0.746037,0.726522,0.718245,0.644558,0.535045,0.749480,0.699646,0.736492,0.705399,0.700301
0.725301,0.730901,0.693704,0.685788,0.797905,0.661983,0.669694,0.732816,0.673183,0.677458
0.693022,0.675232,0.700301,0.695622,0.615242,0.573054,0.681939,0.625969,0.701385,0.690090
0.768858,0.736095,0.672873,0.687286,0.587007,0.772258,0.727119,0.724560,0.669060,0.670297
0.682013,0.697729,0.663916,0.725529,0.571522,0.752625,0.765695,0.764082,0.694107,0.677814
0.717281,0.726774,0.723395,0.785054,0.732067,0.771667,0.677208,0.712977,0.656135,0.699666
0.725374,0.696054,0.697670,0.734827,0.811889,0.672976,0.707818,0.662362,0.705895,0.746550
0.676443,0.674809,0.723977,0.736018,0.634104,0.697412,0.725564,0.680325,0.698360,0.689848
0.739954,0.684103,0.646547,0.641743,0.555085,0.713384,0.792454,0.699655,0.684474,0.682239
0.664153,0.683716,0.680158,0.663050,0.667956,0.702378,0.738609,0.744839,0.642613,0.712123
0.694070,0.722201,0.715709,0.646759,0.836033,0.770587,0.691727,0.703501,0.696463,0.692607
0.708516,0.705182,0.637380,0.788637,0.607318,0.634574,0.712459,0.682072,0.696422,0.658341
0.697316,0.733930,0.683207,0.636471,0.768413,0.755524,0.690197,0.728835,0.711895,0.717658
0.670082,0.593329,0.681260,0.621652,0.470686,0.609339,0.683806,0.684423,0.712768,0.736398
0.679519,0.703038,0.733734,0.776100,0.361222,0.614579,0.739334,0.659611,0.704640,0.684744
0.726050,0.630565,0.665594,0.704528,0.706196,0.834057,0.710803,0.667116,0.665284,0.730385
0.748223,0.698481,0.682429,0.742786,0.828526,0.632790,0.733779,0.710344,0.694462,0.754325
0.724706,0.693200,0.673110,0.725522,0.635785,0.612830,0.701115,0.682268,0.715300,0.682233
0.781911,0.676290,0.704346,0.720018,0.817575,0.636264,0.705801,0.638640,0.730300,0.735185
0.705523,0.715383,0.691073,0.681834,0.778738,0.704005,0.670233,0.702640,0.700664,0.695345
0.733681,0.657853,0.688565,0.650497,0.661736,0.669879,0.769228,0.719668,0.726989,0.654261
0.712473,0.751347,0.721104,0.671246,0.672488,0.742684,0.581142,0.698884,0.732067,0.706192
0.689708,0.677210,0.752199,0.692274,0.742171,0.744884,0.739000,0.647976,0.735145,0.668527
0.725704,0.653221,0.710122,0.665067,0.606546,0.683075,0.657421,0.687626,0.727696,0.739982
0.706646,0.690860,0.708469,0.702781,0.666669,0.714668,0.687753,0.689936,0.755976,0.724047
0.667700,0.736610,0.689287,0.701998,0.692662,0.549442,0.683718,0.723046,0.690529,0.722356
0.709750,0.691773,0.603478,0.699145,0.514900,0.690620,0.770401,0.646041,0.723771,0.703009
0.697342,0.674643,0.714267,0.724371,0.915037,0.679404,0.686195,0.660474,0.639622,0.677251
0.658398,0.656700,0.671552,0.706950,0.658610,0.708693,0.707916,0.696409,0.656801,0.628180
0.668082,0.611008,0.693461,0.692978,0.810541,0.709514,0.733920,0.652313,0.688306,0.715847
0.717159,0.686405,0.738273,0.748207,0.521947,0.663223,0.693794,0.691177,0.724791,0.717096
0.618544,0.672406,0.726762,0.683007,0.695238,0.742612,0.653505,0.694029,0.737756,0.710624
0.710741,0.682771,0.726854,0.712282,0.613051,0.634733,0.731790,0.669039,0.661462,0.670468
0.707766,0.692579,0.601548,0.709608,0.602533,0.647385,0.714700,0.730769,0.647855,0.734694
0.677553,0.723639,0.726881,0.707422,0.746920,0.672812,0.710352,0.726112,0.738434,0.749357
0.666633,0.661399,0.718584,0.702131,0.762271,0.706488,0.750896,0.695762,0.689695,0.704618
0.713583,0.605503,0.688928,0.623077,0.650301,0.614177,0.664024,0.740008,0.694197,0.717741
0.683300,0.695486,0.739297,0.743220,0.581904,0.634710,0.673501,0.673317,0.717081,0.705518
0.717907,0.655993,0.695918,0.746472,0.399883,0.689393,0.692282,0.720628,0.640383,0.657742
0.682092,0.723528,0.728198,0.753998,0.660652,0.724938,0.710587,0.666258,0.706752,0.694123
0.707364,0.667855,0.702114,0.710704,0.651084,0.665790,0.725229,0.673548,0.707823,0.714612
0.585435,0.706469,0.685081,0.660793,0.574575,0.803951,0.784632,0.723213,0.699931,0.626102
0.714871,0.736917,0.683607,0.753980,0.544003,0.511606,0.713724,0.701708,0.665493,0.705021
0.694053,0.772999,0.718419,0.725775,0.805077,0.651446,0.638595,0.670401,0.727280,0.717853
0.719082,0.681195,0.697363,0.651146,0.633226,0.639600,0.599132,0.723574,0.654940,0.715582
0.686028,0.702608,0.670313,0.705690,0.827703,0.525267,0.726228,0.749021,0.687265,0.698035
0.686550,0.680289,0.700430,0.734646,0.686677,0.708417,0.737206,0.700538,0.718798,0.695349
0.688986,0.712493,0.680649,0.733586,0.525331,0.718205,0.712443,0.689363,0.688133,0.682332
0.682998,0.660196,0.706992,0.676771,0.587581,0.659744,0.707599,0.704571,0.711012,0.695511
0.691884,0.711249,0.628042,0.666175,0.686416,0.683764,0.625687,0.687024,0.700977,0.693396
0.652544,0.744294,0.667385,0.680475,0.624659,0.658747,0.657085,0.698549,0.621681,0.737835
0.656868,0.680153,0.752164,0.668753,0.663438,0.621715,0.596088,0.692819,0.686005,0.669850
0.722172,0.591475,0.704206,0.712942,0.830195,0.713843,0.653391,0.722441,0.680475,0.696929
0.666316,0.630220,0.614128,0.730867,0.663270,0.791040,0.718211,0.692428,0.681088,0.670757
0.755059,0.699182,0.670751,0.669223,0.649768,0.841850,0.660638,0.733212,0.695596,0.716063
0.718006,0.715527,0.717552,0.683881,0.605262,0.692540,0.660628,0.672410,0.702639,0.683140
0.689479,0.704977,0.558624,0.677350,0.608830,0.677464,0.575893,0.687943,0.703843,0.692783
0.703449,0.706071,0.699807,0.759081,0.638711,0.562546,0.702276,0.713668,0.731746,0.693837
0.705622,0.713201,0.755819,0.715055,0.723068,0.657554,0.652939,0.675567,0.715990,0.724112
0.681311,0.672942,0.709292,0.705900,0.669760,0.746196,0.707606,0.708714,0.708846,0.732075
0.689395,0.667611,0.685551,0.686744,0.666030,0.646821,0.641510,0.664699,0.699866,0.685293
0.710104,0.674191,0.701579,0.705221,0.745567,0.619141,0.682990,0.733288,0.668909,0.701798
0.682544,0.627968,0.640386,0.676266,0.877990,0.644320,0.686821,0.723878,0.680309,0.714185
0.645244,0.718822,0.746975,0.699242,0.680646,0.745553,0.698869,0.708239,0.622931,0.668860
0.626388,0.685868,0.635745,0.738243,0.691834,0.761686,0.730973,0.675467,0.685019,0.700288
0.689559,0.709517,0.694099,0.720081,0.461186,0.699192,0.663663,0.681384,0.682987,0.679374
0.706457,0.658683,0.711092,0.728079,0.705364,0.734968,0.674752,0.702768,0.698656,0.706125
0.681534,0.659300,0.667155,0.600081,0.718159,0.792674,0.747429,0.756957,0.759731,0.679072
0.692838,0.699215,0.745425,0.737946,0.597292,0.730895,0.656392,0.675875,0.695224,0.707844
0.699719,0.695026,0.742273,0.712928,0.595294,0.712234,0.759202,0.693555,0.681989,0.717671
0.711720,0.677884,0.683800,0.730698,0.902276,0.760267,0.689465,0.752967,0.660917,0.703540
0.699244,0.709901,0.706311,0.734241,0.524999,0.705792,0.703151,0.705639,0.719695,0.709219
0.677099,0.714046,0.670792,0.751863,0.692978,0.691129,0.691795,0.646731,0.638157,0.763397
0.702809,0.731612,0.694767,0.699062,0.658849,0.597703,0.669698,0.658098,0.669828,0.705687
0.685194,0.702324,0.716655,0.705196,0.748043,0.705525,0.719770,0.686293,0.690336,0.726246
0.721018,0.739571,0.684353,0.789600,0.775885,0.625855,0.759822,0.763921,0.711253,0.711351
0.701552,0.751901,0.711927,0.660877,0.734508,0.679396,0.679619,0.673744,0.651044,0.724815
0.647231,0.667607,0.639721,0.673004,0.578457,0.610198,0.749427,0.648284,0.666070,0.669320
0.697694,0.726403,0.687954,0.648502,0.687362,0.733689,0.680332,0.642936,0.648884,0.686615
0.701334,0.692333,0.699363,0.628549,0.789775,0.689475,0.711938,0.689913,0.664734,0.677155
0.697931,0.709013,0.701003,0.702007,0.708232,0.682829,0.691614,0.685337,0.697969,0.697707
0.687769,0.638320,0.659824,0.683152,0.783254,0.725292,0.632946,0.714037,0.671891,0.683242
0.705642,0.711137,0.740067,0.718262,0.656696,0.658347,0.673501,0.685893,0.686810,0.743245
0.670146,0.622284,0.635728,0.588872,0.753820,0.868826,0.650364,0.653476,0.714738,0.703189
0.746563,0.700310,0.662866,0.755964,0.699132,0.612302,0.724697,0.720436,0.706297,0.661308
0.647193,0.680420,0.762048,0.598875,0.811800,0.625754,0.669483,0.708848,0.685396,0.725766
0.679163,0.674175,0.678472,0.640086,0.715616,0.855823,0.708415,0.646426,0.701209,0.646720
0.698144,0.699872,0.713394,0.702438,0.641268,0.710055,0.726547,0.676334,0.699466,0.707401
0.725389,0.713382,0.615145,0.780792,0.668165,0.545215,0.705981,0.743221,0.685174,0.675366
0.685179,0.691913,0.687272,0.679653,0.742031,0.798278,0.694295,0.678579,0.664803,0.716746
0.720192,0.699262,0.723577,0.784646,0.767517,0.695681,0.655065,0.636766,0.686049,0.687498
0.688702,0.693695,0.667682,0.713823,0.480972,0.664141,0.664494,0.673655,0.715211,0.691315
0.688777,0.672372,0.694129,0.564892,0.647721,0.718694,0.707028,0.631513,0.635916,0.714752
0.685963,0.664319,0.683689,0.666094,0.647608,0.595484,0.658937,0.704936,0.713208,0.705858
0.684439,0.670502,0.707170,0.685329,0.739886,0.784321,0.683365,0.735685,0.600952,0.705086
0.704072,0.736846,0.767557,0.653128,0.768800,0.759465,0.662660,0.716550,0.656880,0.682188
0.695623,0.668371,0.707840,0.720669,0.647820,0.646380,0.729112,0.704470,0.656026,0.701614
0.643220,0.732793,0.696718,0.698855,0.789748,0.659776,0.681737,0.697478,0.678234,0.703762
0.620693,0.696314,0.781216,0.658900,0.708016,0.625897,0.648946,0.660751,0.619150,0.701556
0.662988,0.680019,0.704615,0.736080,0.590602,0.764988,0.698584,0.659851,0.724160,0.702157
0.681280,0.701876,0.698812,0.663512,0.639027,0.741930,0.651061,0.668245,0.663140,0.723908
0.679764,0.695302,0.696945,0.744141,0.551193,0.690341,0.706874,0.681746,0.683349,0.677348
0.717184,0.708275,0.710153,0.739064,0.611363,0.586258,0.684953,0.709998,0.668219,0.713846
0.695097,0.706514,0.563878,0.751719,0.741004,0.676686,0.740299,0.612220,0.667646,0.706578
0.615143,0.612962,0.713456,0.570726,0.610130,0.777550,0.685332,0.711136,0.699118,0.701258
0.718903,0.686489,0.725753,0.620768,0.529335,0.687869,0.731535,0.652670,0.659083,0.680877
0.689262,0.724126,0.677082,0.783105,0.635364,0.474733,0.681801,0.669514,0.694210,0.693556
0.651063,0.702471,0.700538,0.763665,0.613424,0.804997,0.706585,0.723731,0.695764,0.589945
0.638015,0.632679,0.636160,0.658080,0.662440,0.736017,0.635496,0.709394,0.666482,0.639771
0.705021,0.701783,0.698621,0.630989,0.742641,0.635865,0.674822,0.667828,0.693994,0.704601
0.664940,0.703485,0.700227,0.695289,0.550319,0.759409,0.764312,0.683521,0.689737,0.681078
0.705456,0.705311,0.703918,0.679093,0.604965,0.716254,0.735010,0.693717,0.689808,0.688859
0.718896,0.696170,0.693792,0.579254,0.716803,0.631463,0.659515,0.697693,0.695731,0.699824
0.688565,0.690337,0.634241,0.709820,0.524870,0.679647,0.672785,0.699878,0.696315,0.666322
0.720062,0.731462,0.684779,0.779403,0.483469,0.693809,0.727155,0.678369,0.726697,0.679366
0.671467,0.705508,0.681996,0.663523,0.710175,0.703371,0.741810,0.667462,0.698292,0.683707
0.679192,0.666238,0.714049,0.684267,0.729688,0.765915,0.763102,0.628738,0.722509,0.705307
0.704345,0.698460,0.704625,0.720558,0.703430,0.649253,0.654259,0.673030,0.637341,0.688883
0.745489,0.704778,0.699696,0.528414,0.619047,0.739813,0.747562,0.712883,0.657258,0.697272
0.748276,0.693767,0.711805,0.672336,0.932116,0.816294,0.740008,0.738933,0.717473,0.700126
0.669733,0.715239,0.693320,0.585685,0.574865,0.701327,0.722250,0.686370,0.680784,0.700758
0.709067,0.789864,0.753672,0.701100,0.766617,0.700736,0.648373,0.709788,0.640047,0.692331
0.653047,0.770207,0.681977,0.659627,0.712109,0.636670,0.694388,0.685573,0.678301,0.698835
0.654129,0.724532,0.714386,0.673863,0.557004,0.698416,0.763950,0.692937,0.707167,0.736544
0.693442,0.706519,0.673491,0.635150,0.553855,0.757511,0.746187,0.687321,0.680063,0.737790
0.703830,0.697000,0.797472,0.638376,0.639057,0.721498,0.618321,0.766292,0.700676,0.726025
0.702723,0.643221,0.733126,0.638923,0.760502,0.578148,0.665247,0.720903,0.638673,0.686781
0.689225,0.670379,0.629048,0.790304,0.663300,0.515611,0.695288,0.694878,0.684527,0.679055
0.702864,0.688217,0.692563,0.649341,0.631385,0.645146,0.653192,0.664324,0.696198,0.692362
0.573942,0.694853,0.658619,0.741416,0.672450,0.703055,0.816837,0.612183,0.677169,0.696441
0.744447,0.707539,0.729674,0.670355,0.858240,0.713657,0.718530,0.559089,0.675185,0.674696
0.668390,0.658751,0.706088,0.723096,0.691050,0.695546,0.724957,0.672846,0.766160,0.706950
0.741976,0.714152,0.687130,0.801526,0.713045,0.636322,0.679908,0.708174,0.701283,0.654854
0.719179,0.749384,0.685575,0.756649,0.662212,0.689376,0.723514,0.683656,0.682694,0.681558
0.703980,0.690290,0.690407,0.704633,0.781124,0.683666,0.700348,0.703415,0.681641,0.683301
0.691317,0.721799,0.705421,0.643775,0.867162,0.625605,0.717787,0.734701,0.722007,0.672139
0.702786,0.677708,0.616713,0.687107,0.691386,0.667332,0.678355,0.599106,0.715125,0.702212
0.687859,0.728494,0.673304,0.733396,0.633888,0.739966,0.696056,0.691666,0.692428,0.679023
0.664603,0.701758,0.701653,0.740925,0.726314,0.687687,0.664919,0.660807,0.687532,0.679547
0.719971,0.713415,0.677003,0.678216,0.692155,0.719918,0.724320,0.707677,0.661541,0.704752
0.701237,0.706097,0.756873,0.629789,0.541869,0.634634,0.663031,0.682101,0.685004,0.676207
0.728362,0.642922,0.648430,0.654739,0.635876,0.694345,0.707779,0.679655,0.685275,0.657326
0.585283,0.710454,0.684729,0.729780,0.798624,0.564313,0.736010,0.712720,0.747503,0.689095
0.691866,0.684351,0.777008,0.720923,0.817711,0.741797,0.767378,0.718720,0.685627,0.702046
0.711563,0.728702,0.767150,0.726198,0.491325,0.620939,0.638206,0.687483,0.719188,0.654285
0.719795,0.658232,0.763810,0.712440,0.465580,0.792050,0.760951,0.671301,0.684910,0.691883
0.708209,0.648601,0.692694,0.755454,0.835994,0.747064,0.721022,0.663743,0.740640,0.726607
0.703032,0.732539,0.644338,0.730519,0.701065,0.619734,0.709816,0.676215,0.717180,0.707320
0.690165,0.694340,0.720620,0.681085,0.660534,0.755708,0.678220,0.687004,0.679812,0.692339
0.744623,0.611337,0.731440,0.672243,0.663324,0.808810,0.615776,0.633784,0.706309,0.745261
0.687505,0.692313,0.717546,0.679745,0.733249,0.673283,0.681241,0.687215,0.701653,0.691690
0.712206,0.670003,0.720586,0.741851,0.512907,0.694468,0.735033,0.713765,0.672522,0.698630
0.669755,0.740587,0.720092,0.785816,0.756532,0.592242,0.722199,0.730659,0.741418,0.699324
0.762270,0.704536,0.669790,0.712350,0.813123,0.696236,0.746994,0.766435,0.667049,0.691025
0.687931,0.686149,0.637369,0.662884,0.641598,0.703738,0.640105,0.699174,0.676898,0.675953
0.679176,0.695643,0.723982,0.737040,0.556788,0.696441,0.710120,0.669650,0.699165,0.689023
0.697070,0.692103,0.535555,0.664600,0.624727,0.738260,0.531084,0.687454,0.700219,0.705745
0.714262,0.681321,0.714473,0.743580,0.822328,0.800480,0.658247,0.762195,0.659052,0.693075
0.685892,0.672048,0.641409,0.585487,0.770344,0.748727,0.674642,0.724802,0.671348,0.686780
0.683547,0.701366,0.697332,0.686787,0.633585,0.733178,0.711173,0.661174,0.707442,0.698109
0.685625,0.631659,0.725768,0.753602,0.670240,0.718877,0.660365,0.610291,0.717551,0.693450
0.698050,0.687353,0.737193,0.690093,0.489467,0.784629,0.709908,0.699877,0.671081,0.715209
0.690121,0.677139,0.736503,0.710228,0.553289,0.643806,0.733575,0.699540,0.694586,0.697633
0.674531,0.686108,0.699377,0.691082,0.859852,0.635601,0.706491,0.736885,0.748532,0.697385
0.720068,0.753994,0.697754,0.776577,0.765876,0.615402,0.681799,0.752247,0.758052,0.708402
0.693947,0.694154,0.666499,0.723629,0.633337,0.746430,0.662020,0.700719,0.697412,0.695293
0.668690,0.662712,0.634547,0.661726,0.710930,0.641840,0.686621,0.670672,0.701939,0.715563
0.622591,0.718795,0.765607,0.620640,0.625746,0.618303,0.636139,0.709106,0.665609,0.692338
0.635581,0.697776,0.698737,0.777016,0.684539,0.609765,0.668185,0.685305,0.662024,0.631044
0.694263,0.696921,0.730914,0.698051,0.769875,0.558234,0.675890,0.699825,0.672639,0.708564
0.688822,0.697368,0.690377,0.692526,0.537002,0.778073,0.673976,0.675121,0.692855,0.695155
0.726595,0.774380,0.684024,0.647362,0.524689,0.842572,0.635534,0.730016,0.680118,0.700517
0.723134,0.614165,0.680383,0.724386,0.486706,0.695948,0.669151,0.735518,0.646835,0.682520
0.779514,0.670431,0.762753,0.740751,0.622863,0.797448,0.636008,0.675462,0.741042,0.725413
0.706796,0.728157,0.671336,0.542799,0.702371,0.653738,0.656448,0.674650,0.671967,0.687532
0.690556,0.699075,0.735207,0.696675,0.769071,0.753946,0.738964,0.699778,0.700612,0.694537
0.652223,0.710638,0.775642,0.723144,0.698331,0.557587,0.663929,0.659273,0.684234,0.687658
0.715199,0.741356,0.738883,0.690106,0.428105,0.694344,0.693273,0.685497,0.697163,0.675227
0.668891,0.723865,0.747586,0.704384,0.687293,0.604249,0.643132,0.648778,0.662375,0.737173
0.726269,0.699104,0.633334,0.763500,0.701542,0.709437,0.734152,0.685947,0.776992,0.657843
0.817937,0.670457,0.636341,0.753346,0.780201,0.759704,0.687590,0.685496,0.671003,0.705118
0.725052,0.740728,0.744483,0.681611,0.631392,0.759151,0.736429,0.710185,0.688067,0.671690
0.682517,0.703675,0.626465,0.661602,0.855620,0.772540,0.628935,0.709657,0.723006,0.695589
0.699883,0.708454,0.639599,0.727802,0.547453,0.717984,0.671289,0.761948,0.687639,0.705404
0.662218,0.663943,0.641706,0.812553,0.712936,0.789361,0.680597,0.724721,0.694362,0.684023
0.757255,0.670046,0.728161,0.735298,0.826775,0.724723,0.716521,0.710409,0.706204,0.732763
0.708061,0.758269,0.720604,0.733251,0.736163,0.641488,0.724924,0.682835,0.679174,0.711261
0.645511,0.673080,0.648094,0.741600,0.607229,0.716847,0.732424,0.638366,0.707018,0.687301
0.635764,0.685099,0.726265,0.693503,0.694602,0.559714,0.674461,0.716057,0.694722,0.680674
0.686480,0.668474,0.699426,0.686062,0.701863,0.673767,0.740388,0.722978,0.692531,0.728255
0.701007,0.710117,0.677756,0.721191,0.560308,0.718529,0.697391,0.658184,0.712093,0.698819
0.691623,0.657148,0.677478,0.653149,0.593664,0.760699,0.704969,0.663911,0.641165,0.683754
0.660082,0.692266,0.664911,0.691353,0.853374,0.709193,0.703446,0.736854,0.693570,0.685705
0.689026,0.703220,0.669014,0.553336,0.700095,0.780016,0.650521,0.691155,0.726412,0.691128
0.694927,0.713370,0.640666,0.732555,0.750055,0.672815,0.735553,0.674947,0.635390,0.672301
0.689447,0.677759,0.684023,0.693101,0.738242,0.663945,0.684346,0.698464,0.709520,0.699485
0.709110,0.705043,0.778456,0.634033,0.570383,0.661591,0.686558,0.721992,0.703949,0.673893
0.737928,0.683127,0.704548,0.750943,0.679459,0.714256,0.647304,0.636471,0.722136,0.704812
0.690083,0.709309,0.707225,0.702748,0.611691,0.740987,0.720290,0.676088,0.673505,0.710203
0.735815,0.649596,0.695306,0.650751,0.705303,0.749370,0.668536,0.632425,0.651107,0.688653
0.695495,0.700537,0.667382,0.654175,0.775227,0.716711,0.660006,0.709581,0.698660,0.690809
0.636674,0.637098,0.756357,0.717234,0.818415,0.508620,0.706692,0.700549,0.727603,0.675249
0.718889,0.723081,0.631309,0.790826,0.699298,0.599825,0.671086,0.785567,0.675703,0.713121
0.650578,0.690772,0.610000,0.733638,0.732674,0.750069,0.623594,0.686906,0.707843,0.667430
0.687996,0.683046,0.724064,0.736194,0.520341,0.618521,0.718963,0.693762,0.694430,0.667532
0.730231,0.686524,0.686271,0.713623,0.642369,0.742416,0.662647,0.667307,0.616439,0.698271
0.742362,0.647554,0.716525,0.694012,0.497737,0.632093,0.756574,0.699247,0.722512,0.678547
0.723334,0.652049,0.668111,0.717451,0.669275,0.650485,0.673045,0.718260,0.695077,0.744509
0.644057,0.628007,0.656137,0.634521,0.708911,0.746967,0.781704,0.605778,0.716218,0.720933
0.692593,0.678919,0.674481,0.650051,0.702326,0.572930,0.702545,0.683756,0.696262,0.700088
0.701516,0.641442,0.666378,0.623706,0.454359,0.616227,0.730217,0.696345,0.723890,0.730610
0.625546,0.682133,0.738507,0.755900,0.777042,0.512673,0.623561,0.660621,0.696559,0.693692
0.726470,0.706863,0.710313,0.693437,0.695493,0.757841,0.786865,0.682890,0.715112,0.648118
0.676803,0.662082,0.676373,0.609647,0.672778,0.753468,0.666320,0.732082,0.731976,0.667619
0.685887,0.712199,0.670547,0.775250,0.713761,0.707269,0.598133,0.711027,0.662645,0.711739
0.685936,0.724814,0.705082,0.624646,0.732396,0.715636,0.674383,0.696752,0.719502,0.718201
0.667416,0.706024,0.745416,0.654968,0.717445,0.730348,0.711088,0.716883,0.746896,0.689949
0.686745,0.747616,0.591800,0.721319,0.672818,0.692629,0.714693,0.693108,0.653282,0.660933
0.754838,0.679798,0.653788,0.722294,0.930008,0.772657,0.732765,0.672883,0.718028,0.738253
0.702899,0.778535,0.704348,0.709700,0.879351,0.806932,0.723711,0.644148,0.671782,0.701496
0.694068,0.661157,0.704577,0.709799,0.743361,0.703754,0.562344,0.706883,0.657659,0.641959
0.702591,0.692668,0.748299,0.676149,0.498864,0.694790,0.678216,0.759761,0.683285,0.673502
0.687790,0.714338,0.617281,0.656303,0.685274,0.646713,0.650967,0.700498,0.701328,0.688410
0.704130,0.632924,0.700770,0.735094,0.758753,0.610120,0.708568,0.638036,0.700245,0.737859
0.698603,0.749395,0.696946,0.697435,0.617989,0.662203,0.672914,0.681184,0.680819,0.678334
0.663526,0.642419,0.691835,0.740118,0.566489,0.772193,0.675988,0.701178,0.642585,0.675077
0.671209,0.740551,0.650906,0.589996,0.836590,0.658671,0.699031,0.713634,0.667612,0.711518
0.682435,0.691830,0.769176,0.676213,0.781935,0.743854,0.673989,0.691967,0.686325,0.675142
0.675329,0.690204,0.705307,0.690893,0.665635,0.627545,0.709411,0.695022,0.711488,0.706171
0.669113,0.740052,0.790579,0.730478,0.674308,0.684690,0.642298,0.623437,0.709164,0.718108
0.658414,0.680016,0.721149,0.696154,0.729099,0.696116,0.704465,0.677048,0.689163,0.688504
0.734315,0.667305,0.783092,0.720275,0.688604,0.637462,0.747576,0.690637,0.736529,0.727262
0.704463,0.637861,0.704182,0.731479,0.711370,0.731490,0.696759,0.681302,0.708948,0.731939
0.610049,0.672572,0.753037,0.746335,0.682494,0.682628,0.709783,0.680475,0.667034,0.659392
0.706383,0.681728,0.658936,0.725890,0.678650,0.667550,0.733963,0.698337,0.699640,0.663158
0.733882,0.683242,0.733418,0.661347,0.794031,0.620591,0.742846,0.625588,0.712329,0.742101
0.675638,0.734371,0.731828,0.687645,0.717346,0.727622,0.676110,0.696670,0.687019,0.674983
0.704957,0.719366,0.679150,0.628210,0.782289,0.690255,0.659880,0.690981,0.686968,0.682757
0.701090,0.694075,0.682808,0.742625,0.587241,0.720001,0.701961,0.675916,0.668063,0.681682
0.662507,0.655670,0.744801,0.733064,0.730483,0.833583,0.775721,0.703127,0.703309,0.697465
0.724561,0.692402,0.751595,0.694343,0.578719,0.710198,0.703625,0.742508,0.696051,0.725617
0.728208,0.622652,0.744220,0.680726,0.611275,0.721065,0.655477,0.700013,0.741543,0.640157
0.727777,0.587676,0.687241,0.643159,0.647677,0.755400,0.658009,0.714310,0.631673,0.659715
0.691777,0.697673,0.670112,0.697145,0.711705,0.734101,0.706293,0.680827,0.689760,0.698077
0.708715,0.739035,0.688054,0.669813,0.754114,0.570245,0.658567,0.740834,0.657315,0.723417
0.753021,0.741641,0.641943,0.703055,0.744505,0.565861,0.698730,0.727844,0.682764,0.685866
0.678391,0.650233,0.753007,0.655149,0.745907,0.647941,0.629385,0.683522,0.622021,0.707679
0.700754,0.695591,0.688214,0.689964,0.630347,0.753862,0.690817,0.689476,0.714154,0.694564
0.715761,0.729643,0.712476,0.719951,0.642619,0.681070,0.706026,0.665468,0.717109,0.694547
0.688200,0.690572,0.647323,0.648040,0.726964,0.587849,0.632808,0.687021,0.664399,0.741174
0.661378,0.717092,0.660442,0.649626,0.545793,0.744196,0.685211,0.698280,0.667508,0.699918
0.659398,0.672068,0.623372,0.713888,0.606149,0.768769,0.709576,0.603723,0.696644,0.659806
0.707519,0.721172,0.695520,0.689447,0.722438,0.559970,0.716069,0.715919,0.674237,0.678818
0.720544,0.714233,0.650931,0.731349,0.531635,0.789423,0.707143,0.730865,0.670418,0.686450
0.713005,0.685176,0.725459,0.640293,0.882121,0.670238,0.691467,0.675209,0.697391,0.716788
0.710447,0.674583,0.701398,0.675295,0.953391,0.792507,0.694859,0.682548,0.724020,0.716293
0.708417,0.665705,0.788817,0.717210,0.586682,0.693135,0.768959,0.703224,0.702113,0.677649
0.665806,0.710802,0.678847,0.637939,0.861976,0.713917,0.644762,0.724717,0.703233,0.688684
0.717417,0.744479,0.641933,0.682191,0.690619,0.665843,0.684102,0.631254,0.725725,0.657824
0.727291,0.706860,0.691217,0.732915,0.759300,0.583913,0.747714,0.693860,0.703898,0.686892
0.760508,0.674659,0.733050,0.679183,0.460855,0.638150,0.664781,0.663725,0.648262,0.610330
0.646576,0.689066,0.735979,0.727237,0.779315,0.692900,0.730725,0.694144,0.709811,0.668470
0.691247,0.671808,0.712619,0.725803,0.530645,0.722201,0.707053,0.691191,0.714947,0.697350
0.779273,0.667394,0.710667,0.697101,0.796954,0.574603,0.696480,0.626353,0.703292,0.715555
0.691561,0.721210,0.691910,0.703101,0.565351,0.630159,0.676528,0.694753,0.695420,0.692164
0.737324,0.719199,0.697549,0.511127,0.648108,0.762440,0.688360,0.676794,0.719264,0.714395
0.653777,0.677716,0.603813,0.685485,0.558536,0.754499,0.757046,0.732618,0.662571,0.617268
0.695772,0.653021,0.718975,0.597012,0.805042,0.612542,0.691672,0.691825,0.728900,0.659497
0.686752,0.694155,0.705243,0.718986,0.768308,0.714035,0.698143,0.658521,0.683973,0.703195
0.703992,0.688647,0.679202,0.724784,0.657818,0.804346,0.701055,0.699071,0.747391,0.669137
0.703479,0.649057,0.776057,0.680620,0.720491,0.730334,0.746915,0.685527,0.711753,0.701452
0.693792,0.674998,0.688910,0.648028,0.794676,0.703215,0.705066,0.691064,0.707027,0.701801
0.713651,0.777252,0.714923,0.761428,0.757525,0.661065,0.704972,0.716050,0.680980,0.674445
0.689591,0.722152,0.670780,0.669405,0.680504,0.673239,0.694992,0.657729,0.661758,0.672128
0.682723,0.704163,0.756450,0.618320,0.709332,0.691833,0.599817,0.651978,0.678117,0.642563
0.725500,0.680730,0.679483,0.727375,0.710564,0.615887,0.700299,0.725056,0.702306,0.713518
0.686615,0.681348,0.727530,0.682384,0.762566,0.657431,0.728900,0.719927,0.652196,0.690097
0.746183,0.689124,0.693449,0.697742,0.775168,0.801265,0.666036,0.655442,0.680966,0.776574
0.682337,0.694625,0.681338,0.724416,0.768927,0.716739,0.721949,0.706030,0.728373,0.694618
0.721905,0.707632,0.643225,0.619686,0.649428,0.778943,0.744919,0.714395,0.702276,0.701782
0.647608,0.684284,0.662087,0.689227,0.821149,0.748782,0.648837,0.668662,0.691944,0.701929
0.653133,0.555860,0.645656,0.675107,0.505288,0.652335,0.691930,0.672073,0.690981,0.700219
0.713211,0.727346,0.720206,0.734825,0.684582,0.581298,0.684637,0.655713,0.677997,0.705707
0.697047,0.685752,0.751413,0.660274,0.879420,0.745879,0.723028,0.667054,0.682171,0.680427
0.692759,0.718278,0.651453,0.637636,0.719237,0.692671,0.647069,0.690819,0.705312,0.678588
0.694863,0.705143,0.593413,0.626474,0.862736,0.787942,0.599812,0.702403,0.693971,0.699745
0.696043,0.705740,0.670943,0.674544,0.518192,0.802840,0.705847,0.719361,0.677859,0.745842
0.738301,0.701290,0.712038,0.611559,0.578726,0.681054,0.682590,0.736184,0.766562,0.683354
0.695494,0.661435,0.737929,0.739339,0.661128,0.716131,0.737938,0.695840,0.689597,0.700258
0.689075,0.686925,0.745588,0.705842,0.572500,0.703741,0.717937,0.713494,0.694249,0.683469
0.705423,0.701451,0.695604,0.608677,0.492038,0.699336,0.736699,0.748475,0.669861,0.676992
0.697875,0.758236,0.712232,0.719821,0.771111,0.675179,0.682683,0.725574,0.744185,0.669472
0.694071,0.736111,0.660508,0.730476,0.689971,0.739573,0.684661,0.689892,0.708534,0.692564
0.695546,0.707201,0.753739,0.700295,0.621276,0.677126,0.724889,0.684304,0.715011,0.686946
0.705582,0.754485,0.688743,0.782748,0.751104,0.545984,0.684912,0.644942,0.672706,0.696525
0.671325,0.687602,0.687306,0.642699,0.511414,0.763505,0.704381,0.641812,0.666253,0.680256
0.673369,0.676215,0.729419,0.677489,0.677710,0.698496,0.699151,0.630199,0.704526,0.683853
0.723034,0.736201,0.707506,0.762877,0.703591,0.659083,0.699701,0.692697,0.643051,0.701842
0.678817,0.740057,0.692207,0.679717,0.711978,0.679389,0.694733,0.698909,0.634405,0.705979
0.695836,0.682084,0.769452,0.695952,0.701285,0.796295,0.737409,0.647883,0.711122,0.712861
0.714506,0.703434,0.715312,0.757950,0.639792,0.722407,0.684371,0.665967,0.713771,0.724823
0.698138,0.629705,0.658065,0.667868,0.806897,0.691009,0.681810,0.653976,0.686634,0.765126
0.699853,0.699089,0.692371,0.698086,0.687142,0.830284,0.677912,0.695343,0.716011,0.684591
0.697571,0.651501,0.654716,0.663991,0.842694,0.799012,0.647328,0.755773,0.700563,0.673355
0.716690,0.699742,0.648776,0.767771,0.729937,0.634152,0.705917,0.681986,0.628869,0.795910
0.700011,0.682494,0.724071,0.748192,0.651920,0.658949,0.664278,0.683478,0.687993,0.736849
0.696322,0.721142,0.590876,0.589839,0.520961,0.717381,0.622482,0.616857,0.672993,0.698861
0.639512,0.658264,0.668193,0.767714,0.722180,0.579908,0.699944,0.755990,0.717489,0.657346
0.705737,0.711577,0.708022,0.580631,0.692331,0.662794,0.689453,0.647798,0.660987,0.705696
0.713980,0.755127,0.632515,0.773054,0.688938,0.645352,0.679982,0.718972,0.641533,0.704103
0.719567,0.667769,0.686379,0.780166,0.841392,0.666789,0.692256,0.613428,0.612090,0.705762
0.691244,0.657445,0.660120,0.695665,0.664054,0.679554,0.629188,0.713547,0.723777,0.698347
0.711289,0.646936,0.706762,0.807855,0.533427,0.806483,0.643402,0.759099,0.674767,0.694629
0.683759,0.727302,0.661682,0.713743,0.543933,0.776170,0.719067,0.691280,0.685016,0.684063
0.725459,0.692809,0.707802,0.713573,0.415997,0.705315,0.644824,0.703214,0.755353,0.697224
0.728674,0.698616,0.733434,0.702330,0.946801,0.786602,0.680477,0.746180,0.734865,0.690071
0.695663,0.690202,0.721512,0.715119,0.473543,0.651657,0.707769,0.720634,0.713488,0.696403
0.694057,0.690228,0.610193,0.674981,0.772230,0.760787,0.633231,0.709077,0.718789,0.707421
0.691144,0.686528,0.728497,0.701402,0.604742,0.781718,0.731102,0.661758,0.684824,0.692149
0.686691,0.702626,0.704468,0.659250,0.696776,0.684775,0.694079,0.681929,0.697699,0.702795
0.668337,0.773882,0.677414,0.717382,0.675676,0.724729,0.718692,0.669557,0.725384,0.697147
0.698560,0.700624,0.665323,0.657385,0.762710,0.637529,0.700441,0.655925,0.633164,0.692052
0.687097,0.687679,0.736108,0.711610,0.688553,0.600378,0.711872,0.703456,0.749775,0.756706
0.696844,0.705722,0.751441,0.750076,0.756777,0.740103,0.650517,0.625853,0.712909,0.716126
0.731557,0.732150,0.745783,0.694090,0.594794,0.654003,0.732795,0.670693,0.720239,0.668009
0.701263,0.713588,0.734352,0.722707,0.515951,0.715580,0.746262,0.716477,0.693540,0.719938
0.699309,0.753919,0.692841,0.740606,0.799236,0.559027,0.721542,0.722048,0.689724,0.704213
0.696621,0.712808,0.709814,0.696421,0.756474,0.674917,0.695918,0.671877,0.712582,0.701797
0.688844,0.712649,0.704254,0.691574,0.619010,0.739672,0.660563,0.718551,0.696349,0.672708
0.665840,0.680679,0.605149,0.691353,0.753922,0.633075,0.677534,0.687229,0.728280,0.710338
0.687841,0.722553,0.677940,0.721149,0.609451,0.672735,0.741167,0.729907,0.660396,0.699339
0.699530,0.748671,0.635214,0.700002,0.619781,0.523259,0.759611,0.684126,0.652585,0.727316
0.691688,0.724309,0.748658,0.767463,0.770940,0.734923,0.656114,0.705505,0.732714,0.675371
0.656845,0.707604,0.731832,0.678714,0.961892,0.823869,0.691342,0.670602,0.687727,0.675362
0.647226,0.740054,0.760687,0.522639,0.513944,0.721490,0.607651,0.544230,0.680041,0.725910
0.655793,0.676046,0.751376,0.561941,0.647284,0.645496,0.627946,0.759771,0.745357,0.647967
0.678561,0.708176,0.692497,0.670590,0.481931,0.702851,0.752061,0.717760,0.663994,0.693058
0.698790,0.652013,0.686074,0.713638,0.521434,0.791218,0.707869,0.700421,0.695032,0.716882
0.686091,0.667064,0.705881,0.706959,0.447971,0.626508,0.721010,0.701858,0.703776,0.721703
0.705726,0.616433,0.718042,0.649292,0.900503,0.639033,0.705022,0.715565,0.701329,0.673536
0.678049,0.713696,0.680858,0.664553,0.494503,0.729396,0.706664,0.784987,0.667902,0.653651
0.716073,0.696325,0.647966,0.806309,0.578413,0.740355,0.733345,0.665910,0.734741,0.699425
0.697990,0.674667,0.698355,0.694036,0.664622,0.682189,0.698482,0.693554,0.704010,0.693362
0.690743,0.686369,0.733344,0.737834,0.693490,0.813078,0.652123,0.772989,0.669160,0.665540
0.684710,0.688065,0.748918,0.654881,0.686234,0.775859,0.711853,0.681975,0.705789,0.652625
0.649648,0.640372,0.791786,0.753565,0.692417,0.726404,0.630696,0.624137,0.672896,0.669906
0.714919,0.702500,0.649940,0.834805,0.707939,0.817386,0.693422,0.706594,0.700706,0.693284
0.659860,0.741060,0.657140,0.845433,0.669013,0.670587,0.663945,0.748055,0.718303,0.701622
0.665018,0.611702,0.686827,0.743472,0.707171,0.524532,0.644730,0.764595,0.726582,0.623683
0.674154,0.694312,0.712761,0.723370,0.695376,0.765396,0.707834,0.698068,0.704928,0.645332
0.695675,0.733635,0.699158,0.748809,0.818536,0.581145,0.654177,0.706133,0.704108,0.737015
0.683929,0.663435,0.678264,0.674707,0.667353,0.747880,0.720089,0.622587,0.718294,0.662292
0.624379,0.711273,0.695084,0.676436,0.649349,0.723381,0.670080,0.724127,0.539531,0.679288
0.715089,0.719286,0.711177,0.745995,0.827081,0.573665,0.683678,0.636253,0.702643,0.708914
0.690726,0.665886,0.713681,0.622598,0.476270,0.625308,0.705398,0.738160,0.694471,0.702303
0.719645,0.663941,0.718603,0.810636,0.866345,0.785356,0.642717,0.712746,0.736384,0.624342
0.675338,0.630917,0.673834,0.639258,0.642425,0.799686,0.674583,0.665832,0.724282,0.693964
0.688952,0.723927,0.606531,0.673697,0.505055,0.740063,0.771344,0.667604,0.703525,0.699501
0.683340,0.680850,0.668950,0.692529,0.835499,0.665791,0.694476,0.688512,0.710185,0.705103
0.678288,0.705803,0.681803,0.707675,0.811128,0.736672,0.748700,0.646919,0.700245,0.712610
0.657740,0.740048,0.714092,0.704048,0.718156,0.682005,0.632644,0.748773,0.679430,0.730971
0.673350,0.723546,0.644334,0.671952,0.598295,0.711188,0.758446,0.713782,0.708377,0.729760
0.705640,0.686826,0.660738,0.710112,0.632130,0.611033,0.703375,0.737912,0.697958,0.715519
0.708089,0.709450,0.703714,0.688470,0.702411,0.718544,0.733420,0.700128,0.690752,0.723899
0.714053,0.655606,0.721057,0.706219,0.614410,0.703270,0.689081,0.736947,0.704684,0.721798
0.735457,0.647413,0.717315,0.704563,0.743198,0.689913,0.644027,0.719196,0.608761,0.705506
0.626984,0.703560,0.729522,0.733322,0.661902,0.801605,0.738422,0.675705,0.686197,0.700742
0.697435,0.720650,0.681310,0.625942,0.741155,0.638856,0.668336,0.706797,0.711824,0.682485
0.702334,0.657512,0.714456,0.673201,0.490764,0.820178,0.737873,0.654451,0.655054,0.686285
0.700880,0.694483,0.762305,0.675672,0.734251,0.746108,0.745345,0.692534,0.694209,0.695895
0.705237,0.596586,0.745367,0.633117,0.664980,0.738531,0.714431,0.687491,0.656464,0.706917
0.669903,0.681900,0.733440,0.757548,0.685892,0.609124,0.679139,0.546693,0.696061,0.698735
0.740693,0.677938,0.702775,0.601802,0.746941,0.624790,0.689108,0.669124,0.663150,0.677759
0.699900,0.680237,0.713368,0.729294,0.569223,0.640125,0.707493,0.683447,0.665061,0.671919
0.689233,0.715042,0.704487,0.675592,0.724140,0.693302,0.687882,0.688079,0.696519,0.681514
0.682625,0.688191,0.585612,0.640803,0.832923,0.804193,0.600330,0.714891,0.723197,0.691331
0.683255,0.647895,0.661545,0.743853,0.604449,0.840393,0.720210,0.640416,0.693024,0.712108
0.713809,0.703936,0.731758,0.677690,0.816632,0.567810,0.677518,0.661009,0.697897,0.677694
0.671168,0.728533,0.667171,0.587747,0.850027,0.746755,0.708669,0.683110,0.712837,0.692507
0.653151,0.731696,0.682131,0.711553,0.656114,0.647023,0.681264,0.695782,0.685044,0.687489
0.654073,0.718492,0.725962,0.676636,0.660896,0.592330,0.631910,0.686277,0.660110,0.674939
0.730813,0.670056,0.736810,0.702367,0.602216,0.837810,0.604054,0.709156,0.730392,0.683783
0.702986,0.630085,0.652420,0.708500,0.508688,0.711568,0.704837,0.694515,0.716694,0.703254
0.716974,0.622000,0.718014,0.610545,0.398650,0.633487,0.652832,0.689354,0.664801,0.639480
0.694249,0.693676,0.706714,0.704733,0.634190,0.657176,0.675100,0.697458,0.697736,0.690963
0.713393,0.738334,0.707869,0.692278,0.765039,0.616396,0.663720,0.740034,0.649808,0.634896
0.684407,0.683376,0.667113,0.689177,0.815090,0.778479,0.718388,0.749571,0.672169,0.693471
0.676916,0.689972,0.622802,0.729729,0.715701,0.652477,0.541140,0.689873,0.651235,0.717671
0.657089,0.715854,0.665351,0.704387,0.517145,0.677299,0.718889,0.646241,0.695145,0.707631
0.686943,0.692530,0.704150,0.678048,0.557866,0.666803,0.697769,0.705363,0.675637,0.711439
0.680352,0.704035,0.703808,0.645814,0.617702,0.657372,0.710130,0.686094,0.720109,0.718479
0.747415,0.713713,0.656681,0.566408,0.555812,0.696582,0.755812,0.752425,0.743947,0.655145
0.664658,0.683029,0.740333,0.710892,0.418768,0.707289,0.659327,0.701564,0.682726,0.658312
0.685615,0.701544,0.694585,0.746942,0.496700,0.791030,0.701768,0.660954,0.711067,0.704429
0.700066,0.737831,0.714402,0.680014,0.611494,0.793525,0.689811,0.658915,0.684595,0.711240
0.727170,0.723250,0.706269,0.669198,0.604199,0.763449,0.669433,0.662204,0.675815,0.671624
0.711590,0.659664,0.745532,0.679095,0.799033,0.791099,0.748712,0.677514,0.670475,0.696518
0.693995,0.658029,0.642325,0.701625,0.751489,0.674363,0.633929,0.717964,0.682434,0.672998
0.603661,0.718981,0.690300,0.697913,0.747491,0.577054,0.757687,0.715745,0.747214,0.686472
0.703049,0.700856,0.776676,0.734751,0.672831,0.640636,0.634580,0.726235,0.747470,0.696151
0.683954,0.689585,0.695009,0.708646,0.666293,0.744123,0.699443,0.689562,0.707670,0.668464
0.684705,0.686499,0.618336,0.637029,0.675230,0.754186,0.599780,0.691582,0.698963,0.690335
0.704747,0.623732,0.677760,0.686727,0.733909,0.779887,0.704513,0.728819,0.651394,0.708493
0.670029,0.699645,0.611791,0.663996,0.712003,0.695255,0.806080,0.760465,0.725930,0.717753
0.686571,0.647444,0.760302,0.709419,0.579970,0.660174,0.725077,0.722443,0.669270,0.705976
0.702647,0.685049,0.744557,0.707823,0.347311,0.683802,0.695194,0.673375,0.692492,0.703442
0.688290,0.727733,0.694586,0.684546,0.651805,0.633858,0.712141,0.722059,0.646494,0.652735
0.717735,0.674426,0.715248,0.577825,0.832673,0.584492,0.719226,0.689939,0.673104,0.696127
0.669250,0.643370,0.704145,0.731427,0.704727,0.694681,0.709075,0.688227,0.686807,0.724549
0.691656,0.678715,0.721438,0.706953,0.664252,0.693146,0.687202,0.716686,0.731508,0.697548
0.697803,0.593004,0.689690,0.712137,0.893222,0.576398,0.714023,0.678833,0.664398,0.695682
0.711186,0.706702,0.671511,0.772945,0.693956,0.784488,0.690966,0.666440,0.730936,0.663569
0.696308,0.706408,0.719315,0.732121,0.556643,0.671259,0.677923,0.708055,0.721570,0.707756
0.684161,0.645341,0.667047,0.741671,0.783459,0.604046,0.635401,0.703022,0.743101,0.673651
0.711577,0.706891,0.657830,0.793714,0.561945,0.902549,0.685170,0.747709,0.679403,0.686686
0.723645,0.676349,0.705402,0.660617,0.814102,0.674612,0.699074,0.742802,0.665050,0.687962
0.690240,0.684056,0.715146,0.733192,0.632188,0.749931,0.720076,0.722175,0.691103,0.710919
0.753679,0.669167,0.679084,0.740012,0.701994,0.637197,0.678322,0.654583,0.772405,0.689122
0.687311,0.727799,0.730899,0.712954,0.740994,0.621467,0.751380,0.691327,0.694662,0.701499
0.720269,0.749926,0.690239,0.584094,0.807795,0.636229,0.713248,0.731181,0.691098,0.733000
0.649850,0.743885,0.737815,0.412547,0.583459,0.801300,0.705772,0.735923,0.701667,0.719600
0.662728,0.695438,0.697960,0.716583,0.582008,0.643821,0.730353,0.652743,0.717424,0.680049
0.731367,0.771022,0.636976,0.658180,0.552895,0.728230,0.716553,0.698242,0.732872,0.700833
0.678356,0.721012,0.719120,0.673641,0.893531,0.647223,0.696498,0.662388,0.674224,0.681327
0.748029,0.697163,0.729889,0.650501,0.822419,0.770911,0.724379,0.684490,0.703422,0.661120
0.688071,0.679259,0.662005,0.707069,0.614557,0.721382,0.601976,0.717225,0.742357,0.696761
0.706035,0.648631,0.743993,0.714799,0.739383,0.740397,0.737552,0.695493,0.752551,0.696366
0.683143,0.678877,0.729433,0.732035,0.579370,0.783412,0.741167,0.720693,0.683689,0.670590
0.622815,0.711667,0.706470,0.551978,0.592547,0.731760,0.695669,0.676630,0.648217,0.676479
0.726210,0.738791,0.698979,0.716165,0.535765,0.579861,0.687638,0.688695,0.690961,0.716063
0.672003,0.670330,0.737927,0.750300,0.580504,0.664262,0.632690,0.656152,0.721924,0.681143
0.663523,0.721203,0.742633,0.761280,0.703520,0.682170,0.773301,0.695563,0.681282,0.690204
0.678364,0.701639,0.669153,0.692852,0.654471,0.673241,0.673490,0.683025,0.663560,0.715421
0.686639,0.705841,0.688559,0.750491,0.623533,0.588739,0.695269,0.726519,0.683999,0.704127
0.661416,0.692739,0.656073,0.610492,0.573333,0.700314,0.751880,0.704746,0.698666,0.653963
0.693507,0.683000,0.720212,0.682418,0.766237,0.693738,0.665754,0.721816,0.698408,0.671817
0.695903,0.723662,0.659588,0.594986,0.805173,0.677681,0.671357,0.642451,0.732219,0.712244
0.698920,0.686817,0.685600,0.732394,0.656235,0.609068,0.732040,0.706276,0.648001,0.719215
0.673238,0.795412,0.699897,0.758014,0.948196,0.823262,0.707484,0.679795,0.750404,0.704391
0.676028,0.623411,0.698576,0.771958,0.704163,0.656901,0.745637,0.685307,0.656810,0.709017
0.713431,0.683354,0.667313,0.715604,0.545572,0.752704,0.676631,0.659471,0.683488,0.717709
0.696373,0.714296,0.721693,0.691821,0.538350,0.667925,0.657483,0.724147,0.703984,0.693794
0.657083,0.758558,0.647976,0.747021,0.698666,0.558895,0.740966,0.684107,0.690095,0.691730
0.680127,0.705817,0.702209,0.750288,0.680578,0.723966,0.735095,0.659749,0.704249,0.742415
0.710754,0.656221,0.667331,0.733325,0.497609,0.736912,0.667242,0.671453,0.690716,0.703761
0.701124,0.727426,0.703955,0.747689,0.444194,0.666361,0.715330,0.646045,0.709228,0.670472
0.708887,0.750197,0.662794,0.656523,0.527478,0.758498,0.751867,0.700662,0.798384,0.707748
0.679590,0.691586,0.559671,0.677263,0.696532,0.725137,0.595154,0.693891,0.718736,0.700006
0.697761,0.586179,0.696203,0.671438,0.972975,0.727143,0.717117,0.678845,0.668976,0.721309
0.704334,0.724070,0.731558,0.639437,0.698629,0.725562,0.685076,0.710758,0.683170,0.686746
0.681670,0.715804,0.686230,0.746551,0.651806,0.566777,0.685432,0.721917,0.730116,0.692688
0.720875,0.736775,0.690896,0.767000,0.577069,0.665203,0.664572,0.644800,0.638775,0.703989
0.709612,0.724614,0.693803,0.697543,0.714527,0.645225,0.713493,0.707671,0.716349,0.657897
0.715907,0.713722,0.699459,0.687998,0.891201,0.754716,0.713595,0.675634,0.728036,0.734592
0.760261,0.700382,0.645195,0.741797,0.916764,0.808474,0.768136,0.673855,0.760393,0.740392
0.749879,0.695044,0.703535,0.739284,0.876084,0.718397,0.676610,0.661806,0.620169,0.722947
0.729714,0.691642,0.720584,0.622942,0.808470,0.756309,0.631041,0.664172,0.676833,0.715045
0.700364,0.755344,0.692434,0.675548,0.584839,0.680241,0.675575,0.690348,0.685659,0.676478
0.673080,0.707124,0.591580,0.600592,0.710600,0.658354,0.677666,0.677792,0.731165,0.708209
0.643853,0.754921,0.691783,0.799866,0.679236,0.582353,0.662288,0.696656,0.653452,0.727611
0.679494,0.702433,0.698888,0.682658,0.614506,0.634545,0.679349,0.682302,0.684192,0.679926
0.704869,0.721903,0.754655,0.751271,0.666469,0.747708,0.708694,0.683972,0.716968,0.653132
0.694010,0.699256,0.680210,0.724986,0.261913,0.654816,0.670888,0.720362,0.674170,0.711797
0.686205,0.692298,0.734931,0.694757,0.682830,0.708670,0.746330,0.682561,0.687049,0.702622
0.679217,0.627156,0.717224,0.666294,0.754957,0.880505,0.695361,0.558379,0.745275,0.692776
0.689686,0.689286,0.694764,0.729335,0.608548,0.671313,0.679160,0.699066,0.718312,0.695343
0.706566,0.657622,0.675526,0.713403,0.760446,0.686428,0.663467,0.696204,0.682157,0.700973
0.703501,0.698298,0.695689,0.761463,0.959139,0.792793,0.680899,0.742138,0.750620,0.693037
0.676911,0.696771,0.740298,0.703124,0.688685,0.763695,0.670056,0.680463,0.712544,0.679250
0.648726,0.690486,0.733876,0.650489,0.647134,0.631845,0.652384,0.696938,0.631367,0.772689
0.694852,0.714950,0.690173,0.729589,0.762274,0.540583,0.680830,0.707810,0.677333,0.719806
0.737846,0.699610,0.646424,0.745321,0.751192,0.723509,0.712863,0.651647,0.622602,0.686970
0.723998,0.747955,0.676443,0.690132,0.699930,0.700032,0.659059,0.694032,0.731220,0.625193
0.696844,0.666348,0.684736,0.738593,0.698003,0.687147,0.737440,0.689417,0.708841,0.672008
0.688326,0.701495,0.721235,0.714456,0.584254,0.697067,0.624640,0.678459,0.722589,0.712813
0.712548,0.682018,0.735788,0.746674,0.643813,0.586422,0.636566,0.689288,0.736556,0.725205
0.708732,0.670800,0.670391,0.706174,0.570482,0.590100,0.753319,0.730249,0.715892,0.664390
0.686841,0.690062,0.707808,0.729598,0.695443,0.641318,0.703064,0.738766,0.707164,0.688351
0.708204,0.710299,0.664847,0.636472,0.634264,0.689432,0.670425,0.708183,0.693187,0.678341
0.700930,0.665895,0.685428,0.665903,0.604097,0.710149,0.680772,0.686004,0.664127,0.725079
0.714045,0.696840,0.738992,0.634083,0.753908,0.775339,0.720591,0.705943,0.664501,0.688906
0.644299,0.749913,0.692749,0.783643,0.727850,0.740734,0.676106,0.729720,0.745651,0.715415
0.687315,0.723121,0.669178,0.601428,0.726175,0.643720,0.714753,0.685802,0.694857,0.703211
0.698804,0.675828,0.698563,0.652946,0.760311,0.588216,0.728789,0.709502,0.696446,0.709598
0.645850,0.697238,0.673554,0.697656,0.679943,0.595880,0.641992,0.598480,0.702324,0.681281
0.695332,0.580703,0.682102,0.739024,0.599573,0.745663,0.687804,0.660221,0.676022,0.736949
0.717167,0.697718,0.651455,0.697021,0.813053,0.601401,0.717954,0.705726,0.704485,0.734784
0.701052,0.720317,0.653259,0.708148,0.696759,0.605039,0.699259,0.783582,0.711059,0.700603
0.706439,0.693870,0.650968,0.766010,0.833302,0.739106,0.688077,0.682851,0.759299,0.736959
0.708817,0.676374,0.692032,0.806529,0.676916,0.644445,0.707648,0.711726,0.716122,0.688367
0.711544,0.663592,0.672389,0.729139,0.650322,0.658769,0.716403,0.724201,0.703911,0.725475
0.648951,0.759993,0.682092,0.773527,0.725242,0.467608,0.695743,0.729421,0.721515,0.690842
0.619665,0.702738,0.647793,0.581138,0.636948,0.683268,0.734142,0.699759,0.659296,0.695433
0.709113,0.696778,0.747926,0.695427,0.651428,0.753623,0.673712,0.719666,0.693861,0.659794
0.724616,0.690935,0.652060,0.644572,0.724258,0.685007,0.689227,0.681471,0.670391,0.689994
0.714016,0.758138,0.616844,0.665017,0.768838,0.610208,0.702887,0.718575,0.681793,0.681859
0.745527,0.656493,0.636821,0.712847,0.607788,0.597999,0.736985,0.696829,0.686865,0.600574
0.695265,0.619747,0.666395,0.762950,0.599995,0.676516,0.715773,0.700192,0.675202,0.669289
0.691337,0.684414,0.672138,0.764958,0.934552,0.766338,0.732822,0.695256,0.667807,0.716616
0.755488,0.727445,0.717388,0.665010,0.805380,0.590150,0.669352,0.629282,0.641994,0.679577
0.678091,0.683843,0.674955,0.696120,0.628041,0.739645,0.712738,0.698180,0.696469,0.703869
0.739868,0.682679,0.737878,0.717112,0.935241,0.787764,0.728042,0.730348,0.681163,0.669388
0.686973,0.675627,0.748796,0.707908,0.684623,0.682165,0.719693,0.679030,0.706281,0.687494
0.726171,0.749656,0.656901,0.737563,0.780589,0.609302,0.715421,0.712220,0.648640,0.709576
0.689938,0.716113,0.724563,0.695069,0.819121,0.609108,0.674618,0.720746,0.718187,0.714036
0.637362,0.658907,0.596058,0.538586,0.609167,0.770952,0.825833,0.737494,0.682925,0.687772
0.699391,0.696186,0.734469,0.739574,0.540556,0.715052,0.735678,0.673706,0.708613,0.704500
0.681306,0.747402,0.688989,0.785703,0.611675,0.604682,0.670991,0.704958,0.660489,0.701618
0.693078,0.660109,0.677106,0.659437,0.811074,0.525353,0.704562,0.721172,0.676141,0.680018
0.710727,0.663297,0.698524,0.623364,0.572190,0.803436,0.714657,0.692003,0.690731,0.688273
0.654707,0.738019,0.626977,0.770278,0.715797,0.703144,0.711296,0.691066,0.701251,0.706314
0.665265,0.673313,0.696884,0.649349,0.538712,0.648022,0.657508,0.716104,0.710693,0.681771
0.660494,0.689125,0.699121,0.673819,0.611728,0.692075,0.635523,0.714473,0.680918,0.727091
0.635845,0.599658,0.668649,0.756349,0.650021,0.746766,0.673763,0.705083,0.662303,0.630751
0.675738,0.700957,0.659486,0.636428,0.762598,0.630687,0.661845,0.637994,0.651973,0.697196
0.692857,0.764956,0.640664,0.692527,0.555865,0.640261,0.722481,0.670845,0.677468,0.681677
0.693148,0.697047,0.673533,0.701698,0.761112,0.726831,0.693607,0.690307,0.712308,0.721588
0.653861,0.627229,0.714315,0.612777,0.562387,0.650613,0.671189,0.691489,0.707436,0.635110
0.695139,0.635746,0.729577,0.685581,0.893666,0.781936,0.724600,0.708670,0.669852,0.700447
0.688008,0.701349,0.664433,0.725722,0.566906,0.733139,0.701930,0.679381,0.702418,0.715305
0.691278,0.713660,0.674525,0.717463,0.531312,0.719154,0.694008,0.675239,0.682449,0.701175
0.678452,0.693909,0.723981,0.725395,0.684905,0.688937,0.706287,0.694580,0.702498,0.692311
0.666927,0.708198,0.681557,0.725367,0.614676,0.595373,0.734662,0.702201,0.689558,0.733195
0.719656,0.713484,0.787018,0.651239,0.813396,0.742830,0.663975,0.702884,0.711213,0.696835
0.707676,0.693944,0.699066,0.662239,0.937177,0.798098,0.701190,0.700272,0.718249,0.699566
0.715629,0.679221,0.751049,0.724537,0.637560,0.785664,0.708504,0.702815,0.746702,0.669060
0.664645,0.683399,0.678772,0.795454,0.678669,0.862063,0.662303,0.627122,0.688729,0.717874
0.693142,0.666314,0.664348,0.737385,0.438846,0.731031,0.729451,0.691979,0.700592,0.711283
0.686202,0.760568,0.652091,0.708679,0.680223,0.727379,0.675383,0.743635,0.715798,0.724849
0.703309,0.661215,0.725448,0.645322,0.596463,0.611288,0.678411,0.684016,0.663791,0.697832
0.713144,0.739405,0.726794,0.693795,0.742801,0.680740,0.706327,0.706433,0.719106,0.731093
0.670101,0.717126,0.735997,0.717594,0.416301,0.657825,0.680147,0.700281,0.704354,0.687776
0.724901,0.749890,0.715207,0.783339,0.686145,0.797964,0.625880,0.740414,0.726682,0.662477
0.716322,0.714668,0.732374,0.690878,0.586214,0.657835,0.684007,0.668379,0.733044,0.722893
0.675779,0.701424,0.706985,0.696854,0.573049,0.629938,0.723730,0.662946,0.722280,0.674751
0.670974,0.683844,0.753352,0.762463,0.800845,0.670211,0.747888,0.722890,0.713865,0.703542
0.656205,0.679268,0.677785,0.680690,0.893578,0.755802,0.686297,0.701190,0.708377,0.674562
0.735649,0.700578,0.703995,0.814156,0.720006,0.533795,0.687564,0.727696,0.686946,0.697607
0.665459,0.685699,0.705513,0.627445,0.704767,0.570934,0.673562,0.686972,0.668321,0.703399
0.641512,0.660177,0.645962,0.747749,0.632889,0.810659,0.705805,0.687308,0.721940,0.661336
0.700567,0.671394,0.684616,0.706830,0.776770,0.701444,0.671325,0.709216,0.698814,0.682082
0.717035,0.722896,0.723736,0.672073,0.441424,0.724474,0.667862,0.709955,0.686653,0.754040
0.720092,0.759759,0.717212,0.568770,0.774707,0.670310,0.668973,0.667295,0.677788,0.690029
0.692676,0.699198,0.695832,0.551418,0.691221,0.792821,0.704260,0.787784,0.668475,0.711654
0.699706,0.689159,0.685503,0.672603,0.634051,0.702267,0.704957,0.690211,0.701904,0.680179
0.744814,0.611307,0.664483,0.710793,0.786359,0.632362,0.716976,0.710991,0.725986,0.719477
0.723980,0.709452,0.744481,0.563691,0.764455,0.714606,0.748401,0.721283,0.720440,0.656228
0.676668,0.656533,0.712879,0.736363,0.584972,0.672868,0.708424,0.682758,0.698187,0.703728
0.678228,0.707666,0.714630,0.720969,0.753543,0.746456,0.714244,0.684530,0.720274,0.698001
0.674533,0.702576,0.693233,0.692349,0.803423,0.597590,0.677141,0.675481,0.752355,0.749562
0.731419,0.694676,0.722257,0.584269,0.704116,0.721998,0.699199,0.737701,0.691333,0.642818
0.710405,0.667831,0.726526,0.724774,0.532195,0.829720,0.696602,0.656371,0.700836,0.676185
0.657422,0.668605,0.656407,0.705379,0.569816,0.642166,0.673784,0.719571,0.689595,0.710540
0.672323,0.706824,0.741570,0.675633,0.670118,0.696663,0.730236,0.621482,0.731739,0.655322
0.713453,0.663563,0.709166,0.737862,0.619265,0.631779,0.637573,0.712605,0.684708,0.749565
0.708508,0.678771,0.690089,0.685539,0.643539,0.733023,0.713902,0.731533,0.734754,0.713598
0.702193,0.697782,0.695865,0.694822,0.469968,0.669962,0.727913,0.705584,0.647731,0.696854
0.717682,0.679025,0.706899,0.644433,0.637609,0.797882,0.716777,0.640601,0.697586,0.683334
0.684268,0.693624,0.681077,0.709868,0.431823,0.669127,0.658928,0.701057,0.706615,0.692794
0.602929,0.667587,0.687906,0.778274,0.662856,0.756074,0.685054,0.727636,0.683692,0.718466
0.715088,0.720139,0.619095,0.691098,0.632367,0.493471,0.675489,0.717749,0.707540,0.701127
0.680288,0.662412,0.618985,0.653150,0.344477,0.657703,0.737260,0.736205,0.700504,0.735961
0.770822,0.690870,0.661359,0.669118,0.640533,0.733991,0.775012,0.691183,0.733766,0.711432
0.696333,0.739686,0.680704,0.709817,0.663810,0.705792,0.698855,0.680040,0.686111,0.689274
0.709027,0.717094,0.742155,0.652226,0.717463,0.750376,0.746300,0.712248,0.688706,0.671205
0.691619,0.675379,0.684538,0.689118,0.754054,0.541213,0.716268,0.744379,0.690218,0.678623
0.722276,0.703322,0.714571,0.647275,0.940579,0.766989,0.739394,0.699599,0.666990,0.706636
0.681856,0.704406,0.704961,0.706506,0.643612,0.701544,0.717904,0.705298,0.693409,0.703890
0.687914,0.680263,0.693131,0.739971,0.790102,0.711410,0.739398,0.665939,0.701932,0.697238
0.686134,0.672439,0.737302,0.548927,0.610170,0.777584,0.696567,0.732947,0.709498,0.682267
0.705921,0.660321,0.722533,0.624642,0.514433,0.646916,0.710058,0.685829,0.676514,0.736717
0.699420,0.635761,0.669206,0.618340,0.673502,0.707494,0.683603,0.689403,0.686180,0.694129
0.628710,0.659575,0.645210,0.792744,0.759148,0.784805,0.678765,0.673572,0.705151,0.747137
0.701706,0.686888,0.760333,0.661637,0.664638,0.731432,0.747021,0.688434,0.697975,0.743887
0.703925,0.815544,0.625118,0.548331,0.696832,0.732123,0.689995,0.564777,0.684176,0.705801
0.691024,0.697771,0.615220,0.583387,0.833538,0.652900,0.627194,0.676641,0.694072,0.697533
0.679072,0.675623,0.745986,0.743584,0.714804,0.718218,0.697461,0.684894,0.702812,0.682938
0.702446,0.682036,0.762281,0.748996,0.679559,0.700025,0.603287,0.649577,0.735080,0.628257
0.696959,0.692588,0.659252,0.735655,0.704679,0.679062,0.675981,0.683609,0.726886,0.689346
0.691779,0.599329,0.665072,0.583208,0.673350,0.771992,0.732877,0.655851,0.684887,0.726185
0.716693,0.615737,0.723002,0.630536,0.664536,0.780533,0.638167,0.735919,0.662530,0.685753
0.711535,0.646118,0.717241,0.685754,0.731827,0.577056,0.687065,0.743506,0.667885,0.682144
0.644293,0.682007,0.751325,0.492439,0.829182,0.802670,0.721050,0.748307,0.743537,0.719122
0.771382,0.696122,0.662077,0.745722,0.577904,0.686698,0.717703,0.660169,0.702678,0.661309
0.664640,0.662890,0.679584,0.783362,0.567217,0.788317,0.703940,0.714652,0.728960,0.734538
0.694738,0.708280,0.745356,0.706486,0.751794,0.727852,0.689627,0.656490,0.680768,0.675757
0.688519,0.706951,0.707916,0.724392,0.693407,0.741391,0.739243,0.667220,0.745695,0.711030
0.646663,0.736391,0.669798,0.754138,0.665883,0.758201,0.772922,0.689663,0.746751,0.678922
0.716573,0.696101,0.700697,0.702710,0.735396,0.549592,0.695876,0.729056,0.704515,0.681319
0.689793,0.667112,0.748909,0.681092,0.736899,0.583922,0.708995,0.722254,0.662075,0.707625
0.717410,0.679669,0.721740,0.763720,0.670658,0.817198,0.691077,0.651305,0.694190,0.729819
0.716099,0.681262,0.706514,0.638430,0.425094,0.717540,0.680166,0.673311,0.689449,0.696665
0.691087,0.702280,0.628699,0.645598,0.816357,0.724228,0.639964,0.689502,0.686092,0.699369
0.669037,0.699171,0.732500,0.621175,0.483101,0.669498,0.644264,0.669111,0.656123,0.705429
0.694216,0.654629,0.710365,0.761681,0.682151,0.709797,0.669706,0.723858,0.645116,0.703360
0.696954,0.691039,0.633795,0.619386,0.751663,0.687920,0.613472,0.659147,0.721150,0.701677
0.691191,0.702163,0.685820,0.779893,0.754630,0.805237,0.657231,0.732620,0.683912,0.687330
0.687901,0.691993,0.646870,0.631354,0.575223,0.709901,0.731308,0.740188,0.720692,0.687268
0.674917,0.708731,0.748890,0.742106,0.855468,0.599558,0.656804,0.778946,0.754895,0.655413
0.733613,0.751851,0.634170,0.627622,0.572262,0.727261,0.598601,0.657359,0.708833,0.723198
0.713303,0.671144,0.696045,0.689670,0.598384,0.620533,0.703190,0.672636,0.696629,0.713444
0.687235,0.710664,0.729731,0.755309,0.781942,0.526904,0.706729,0.646832,0.653055,0.684653
0.685610,0.658995,0.712048,0.667524,0.644711,0.736721,0.715896,0.634104,0.738656,0.657471
0.678358,0.698143,0.710856,0.517224,0.694429,0.703635,0.728796,0.632516,0.655302,0.694349
0.694534,0.762523,0.718899,0.707319,0.954887,0.841485,0.704468,0.641273,0.673417,0.696102
0.700517,0.667370,0.674705,0.738207,0.635224,0.713979,0.704670,0.690132,0.664142,0.667695
0.674765,0.733638,0.785804,0.657174,0.829420,0.706787,0.621481,0.604983,0.624650,0.715909
0.731416,0.699868,0.664336,0.676457,0.335382,0.698988,0.677556,0.733923,0.681453,0.703729
0.714226,0.704555,0.673203,0.674797,0.592059,0.682397,0.669447,0.697415,0.676658,0.676874
0.677584,0.632268,0.657765,0.618291,0.699560,0.607197,0.681614,0.700025,0.702984,0.674081
0.660525,0.655001,0.673047,0.731706,0.558993,0.626974,0.674904,0.681055,0.701500,0.671293
0.655582,0.673939,0.672069,0.668057,0.737427,0.661003,0.648266,0.657808,0.764915,0.662156
0.716336,0.761848,0.704201,0.765953,0.797052,0.664701,0.729188,0.758362,0.723734,0.680105
0.690140,0.713423,0.753938,0.725765,0.697165,0.613349,0.626028,0.671753,0.675225,0.740160
0.737586,0.706540,0.689109,0.685068,0.502914,0.775254,0.668552,0.804344,0.668505,0.664869
0.706753,0.664447,0.747539,0.649201,0.815806,0.574627,0.761564,0.699316,0.707292,0.726275
0.667342,0.661394,0.688274,0.688540,0.761158,0.620171,0.695291,0.697716,0.734146,0.702922
0.683202,0.655629,0.685500,0.664450,0.796314,0.553268,0.700989,0.681058,0.717881,0.714308
0.765506,0.661991,0.695345,0.716918,0.679770,0.799040,0.670087,0.736626,0.685594,0.662814
0.676185,0.702070,0.696443,0.612721,0.870892,0.713054,0.712136,0.635089,0.708948,0.704767
0.691621,0.664133,0.700704,0.692522,0.652385,0.712367,0.723994,0.662047,0.701180,0.704097
0.698232,0.696921,0.703153,0.744134,0.639425,0.801440,0.707407,0.676772,0.690958,0.693830
0.706310,0.658680,0.668836,0.656679,0.655712,0.518840,0.740316,0.759683,0.705281,0.674587
0.670557,0.739874,0.641658,0.694798,0.765694,0.744746,0.711213,0.703181,0.708116,0.715361
0.696586,0.679750,0.688503,0.631295,0.817059,0.542736,0.718691,0.695404,0.725052,0.705052
0.710531,0.709753,0.682929,0.722570,0.747978,0.689095,0.674428,0.717442,0.710168,0.704094
0.698787,0.712436,0.716580,0.722673,0.689194,0.641031,0.645507,0.685413,0.655401,0.716114
0.684110,0.712883,0.608452,0.708394,0.555283,0.734120,0.746442,0.710742,0.670920,0.677928
0.695045,0.717177,0.795332,0.646608,0.775992,0.615649,0.586741,0.731280,0.636536,0.655740
0.709253,0.738742,0.693195,0.674972,0.668849,0.597390,0.725496,0.694781,0.708946,0.670887
0.683501,0.678996,0.719449,0.700765,0.675514,0.760548,0.715684,0.665812,0.702469,0.683595
0.678114,0.718171,0.725047,0.739350,0.520283,0.604829,0.702469,0.685749,0.697455,0.710450
0.693815,0.671844,0.678399,0.699385,0.773059,0.627520,0.696991,0.691962,0.708499,0.697302
0.677332,0.693803,0.671277,0.726287,0.704801,0.702727,0.694762,0.709962,0.702181,0.701834
0.647800,0.636276,0.746502,0.813680,0.650010,0.629460,0.683573,0.697173,0.637736,0.671750
0.691984,0.696103,0.719437,0.722820,0.596577,0.804154,0.659850,0.723656,0.679595,0.693748
0.688690,0.684480,0.778407,0.698204,0.689324,0.722882,0.654011,0.715061,0.707253,0.734734
0.712544,0.722714,0.746889,0.582536,0.545589,0.741662,0.693549,0.700454,0.650543,0.637153
0.696010,0.685789,0.687758,0.580316,0.538132,0.651356,0.612307,0.703125,0.670690,0.684159
0.759357,0.703696,0.680278,0.723545,0.774048,0.690783,0.679304,0.682959,0.704834,0.709903
0.687333,0.744197,0.671253,0.579978,0.640570,0.695982,0.701611,0.724813,0.624546,0.707889
0.681921,0.699298,0.715902,0.691817,0.603693,0.726360,0.751426,0.696421,0.679789,0.698161
0.699303,0.655910,0.624280,0.773466,0.754359,0.712325,0.639220,0.763314,0.631223,0.715293
0.694540,0.713754,0.711362,0.660562,0.790133,0.651944,0.720437,0.728098,0.692383,0.702044
0.713222,0.705205,0.738938,0.685538,0.692967,0.741350,0.750060,0.694246,0.701410,0.669650
0.684256,0.674585,0.698125,0.620536,0.847576,0.787008,0.691097,0.632608,0.677577,0.682660
0.663835,0.641562,0.610761,0.714176,0.833020,0.677851,0.706002,0.647454,0.745219,0.718694
0.710855,0.669737,0.633685,0.699776,0.718488,0.613686,0.677185,0.644260,0.718669,0.668370
0.711861,0.675655,0.665651,0.788449,0.675743,0.675505,0.673341,0.681097,0.705166,0.670919
0.723872,0.691319,0.758333,0.734164,0.706629,0.684575,0.710455,0.696380,0.702928,0.711459
0.683385,0.621317,0.653309,0.731251,0.849019,0.656066,0.719785,0.747393,0.610426,0.706947
0.685785,0.659815,0.691296,0.693361,0.183860,0.603650,0.643722,0.648034,0.678543,0.663111
0.701923,0.637426,0.665700,0.633508,0.679822,0.635099,0.711803,0.667206,0.678576,0.703627
0.705752,0.653364,0.717939,0.615049,0.961596,0.723371,0.713784,0.706593,0.664952,0.694721
0.688336,0.719230,0.762302,0.673650,0.697015,0.619398,0.719338,0.721931,0.723763,0.706162
0.700953,0.698850,0.640410,0.675054,0.689752,0.688365,0.736682,0.661506,0.703321,0.715258
0.727227,0.758151,0.646766,0.793640,0.804076,0.818158,0.704737,0.707507,0.619084,0.690583
0.685886,0.724934,0.679418,0.748355,0.686285,0.568591,0.668929,0.694629,0.688820,0.698712
0.716719,0.699654,0.752745,0.767988,0.643831,0.605036,0.652015,0.648335,0.724222,0.705635
0.675460,0.690370,0.628865,0.759477,0.837270,0.732552,0.631474,0.711520,0.740271,0.688220
0.754015,0.675463,0.718767,0.780526,0.865813,0.747885,0.653360,0.693271,0.610909,0.660416
0.723747,0.711189,0.699640,0.700312,0.694813,0.567061,0.690873,0.584432,0.718456,0.703442
0.706524,0.704002,0.782433,0.687232,0.527794,0.700654,0.757868,0.715408,0.698863,0.682376
0.708228,0.759082,0.704153,0.694802,0.715502,0.753937,0.735165,0.593568,0.713105,0.687425
0.746071,0.696444,0.668041,0.741346,0.677794,0.625908,0.748125,0.671663,0.722557,0.695089
0.639194,0.740005,0.690510,0.695367,0.692929,0.712178,0.740540,0.661722,0.677131,0.673273
0.683702,0.716470,0.666548,0.648126,0.898870,0.775482,0.734864,0.685878,0.729717,0.696638
0.685701,0.686441,0.697700,0.655649,0.500411,0.630771,0.688618,0.700041,0.674133,0.675797
0.668959,0.714297,0.706838,0.756059,0.820974,0.720605,0.693603,0.643312,0.728523,0.675702
0.635252,0.668797,0.676481,0.580149,0.652869,0.719816,0.752795,0.745591,0.712712,0.700641
0.673861,0.661065,0.660651,0.835359,0.897003,0.700977,0.700402,0.743046,0.670462,0.704229
0.703017,0.698539,0.737319,0.700501,0.726661,0.709160,0.719280,0.666987,0.705281,0.716980
0.644454,0.706203,0.663380,0.754209,0.472662,0.746149,0.698942,0.745637,0.708588,0.679710
0.736623,0.719415,0.677447,0.683172,0.599847,0.560313,0.780582,0.696206,0.755098,0.662287
0.701654,0.669547,0.655744,0.716683,0.532848,0.747773,0.723268,0.751860,0.703623,0.728888
0.694463,0.655317,0.698677,0.743028,0.763503,0.718692,0.649052,0.745007,0.722893,0.686625
0.687871,0.727609,0.656764,0.756566,0.644633,0.681890,0.702624,0.674102,0.670980,0.713436
0.648557,0.691854,0.702079,0.745996,0.829268,0.737423,0.768700,0.619814,0.676628,0.698514
0.684212,0.607640,0.703691,0.697465,0.938413,0.761619,0.702192,0.706462,0.721141,0.692768
0.712001,0.680751,0.677703,0.671037,0.703027,0.678578,0.668398,0.686045,0.693171,0.676012
0.717288,0.710314,0.733285,0.686255,0.831813,0.740796,0.658904,0.701066,0.680627,0.694530
0.674114,0.739221,0.661998,0.750198,0.796486,0.685188,0.653872,0.762180,0.709210,0.727202
0.705260,0.647494,0.751150,0.622674,0.904366,0.633452,0.689178,0.701337,0.716519,0.689185
0.711759,0.752243,0.735859,0.603564,0.682974,0.611207,0.709717,0.656326,0.680722,0.689447
0.727947,0.674050,0.697408,0.729547,0.617169,0.731750,0.701873,0.747040,0.701290,0.727118
0.685278,0.668158,0.723670,0.647283,0.686989,0.753884,0.682634,0.661091,0.693850,0.730655
0.670623,0.657565,0.695167,0.640938,0.581092,0.715169,0.674170,0.741249,0.683033,0.683623
0.709805,0.743431,0.720323,0.670368,0.726737,0.691883,0.719334,0.683443,0.686780,0.663213
0.686204,0.715889,0.729964,0.666495,0.675969,0.691455,0.696306,0.695102,0.701903,0.661374
0.727382,0.691754,0.698233,0.750556,0.723239,0.703030,0.675910,0.596122,0.676347,0.694244
0.682724,0.692310,0.702510,0.708402,0.541881,0.782575,0.668659,0.650711,0.704730,0.675588
0.700585,0.677970,0.757321,0.679947,0.759400,0.755557,0.760023,0.699695,0.681195,0.693820
0.692952,0.664389,0.689663,0.635861,0.649694,0.643683,0.673969,0.662347,0.668007,0.704504
0.703524,0.682130,0.690531,0.654749,0.781080,0.666363,0.698071,0.673094,0.672429,0.688726
0.744005,0.675299,0.761389,0.667149,0.613613,0.723608,0.620108,0.706868,0.742746,0.676816
0.708151,0.689836,0.664330,0.686142,0.560232,0.773475,0.695774,0.695442,0.686908,0.688608
0.695751,0.671716,0.658933,0.593976,0.749699,0.735130,0.709262,0.694859,0.640723,0.670148
0.691979,0.693315,0.672202,0.678568,0.928256,0.810040,0.703664,0.736423,0.726918,0.697849
0.693752,0.694083,0.690513,0.644268,0.766761,0.747035,0.702938,0.696205,0.689173,0.690427
0.699675,0.707740,0.718181,0.678893,0.662439,0.812453,0.693649,0.613383,0.714357,0.710693
0.682764,0.689593,0.674831,0.682936,0.707591,0.568125,0.695672,0.710480,0.724246,0.709269
0.747415,0.694533,0.742301,0.646759,0.580548,0.750522,0.673796,0.666056,0.697173,0.682686
0.701984,0.696229,0.698558,0.713302,0.622046,0.692048,0.754229,0.688401,0.712488,0.696466
0.727408,0.656099,0.711820,0.692711,0.885844,0.718358,0.666500,0.726295,0.720132,0.698231
0.739319,0.651525,0.686368,0.701020,0.859802,0.545780,0.725591,0.641454,0.644987,0.704530
0.741748,0.694746,0.730595,0.732845,0.746780,0.641080,0.687068,0.743506,0.722038,0.743975
0.736340,0.747898,0.770014,0.613132,0.638383,0.770652,0.679324,0.677835,0.718894,0.680615
0.699189,0.707216,0.610571,0.641717,0.764297,0.686841,0.559512,0.688572,0.740089,0.713164
0.729854,0.663569,0.707712,0.673840,0.598821,0.778063,0.750990,0.690655,0.683963,0.665659
0.721222,0.716474,0.718956,0.677262,0.860965,0.743799,0.699800,0.596984,0.717895,0.684408
0.675931,0.699660,0.741575,0.718140,0.716984,0.707047,0.715905,0.684618,0.710832,0.701128
0.691911,0.683431,0.676440,0.720665,0.579439,0.785880,0.687893,0.684694,0.723529,0.704116
0.689969,0.701265,0.626887,0.693646,0.655384,0.674552,0.634711,0.686935,0.706717,0.695304
0.696135,0.647334,0.719589,0.611526,0.866663,0.580173,0.719398,0.719335,0.678292,0.694999
0.768124,0.665349,0.670887,0.767570,0.899660,0.756779,0.704536,0.683212,0.653722,0.729374
0.709952,0.638319,0.704612,0.695083,0.629943,0.655566,0.680307,0.680557,0.704139,0.687346
0.660963,0.712584,0.685498,0.762251,0.496841,0.780015,0.651566,0.654101,0.715068,0.696880
0.650523,0.689482,0.673903,0.743570,0.463032,0.666262,0.738078,0.678151,0.707342,0.679630
0.737265,0.757403,0.732736,0.676306,0.740858,0.608788,0.683270,0.680702,0.667420,0.723954
0.710240,0.719735,0.718992,0.725199,0.871002,0.650642,0.699702,0.661688,0.647989,0.610494
0.650599,0.753993,0.663075,0.741167,0.550369,0.637959,0.659809,0.706716,0.664941,0.740113
0.710827,0.627610,0.701864,0.653659,0.673751,0.743857,0.688372,0.676091,0.685487,0.703367
0.782774,0.633224,0.703310,0.586572,0.642105,0.703340,0.713885,0.736412,0.673000,0.668394
0.693045,0.697788,0.720615,0.715470,0.370878,0.637807,0.696726,0.737960,0.699902,0.685776
0.709274,0.715451,0.738659,0.697376,0.718791,0.802292,0.672170,0.657009,0.700945,0.718150
0.668115,0.639434,0.677617,0.667374,0.908314,0.690172,0.728500,0.669008,0.703797,0.723403
0.673438,0.685176,0.727118,0.727253,0.698192,0.595259,0.671990,0.701856,0.706343,0.685574
0.726411,0.716799,0.680791,0.776309,0.715714,0.710109,0.728716,0.697573,0.538485,0.697717
0.699242,0.692091,0.699827,0.695032,0.501317,0.677626,0.713609,0.678524,0.680232,0.709236
0.754926,0.769255,0.661539,0.750163,0.708471,0.635791,0.701467,0.705850,0.658391,0.703004
0.686737,0.677840,0.671128,0.705726,0.655370,0.643502,0.685826,0.688541,0.697697,0.688619
0.693351,0.675773,0.716252,0.731897,0.660288,0.606797,0.674729,0.672312,0.653882,0.666240
0.670754,0.602967,0.736956,0.658104,0.741960,0.775513,0.718264,0.706101,0.674783,0.663598
0.684454,0.663120,0.622600,0.657189,0.751043,0.616306,0.630018,0.710071,0.725301,0.685153
0.670362,0.658406,0.661618,0.718172,0.646428,0.815241,0.686439,0.733758,0.692661,0.686836
0.656874,0.735524,0.699073,0.754771,0.605304,0.793218,0.670538,0.691957,0.687620,0.672088
0.658506,0.706196,0.734612,0.713450,0.545159,0.686385,0.637934,0.704012,0.676111,0.724175
0.702699,0.687327,0.755960,0.705542,0.769758,0.749848,0.771854,0.671461,0.703463,0.728280
0.696386,0.739699,0.692282,0.717176,0.730550,0.819949,0.679795,0.674668,0.668991,0.702850
0.668353,0.687438,0.748544,0.657735,0.749895,0.696373,0.634331,0.727234,0.697956,0.710575
0.688193,0.686547,0.676895,0.703736,0.536194,0.661646,0.677513,0.660337,0.712164,0.685875
0.630874,0.682929,0.649316,0.758377,0.710943,0.733977,0.698471,0.725757,0.703251,0.715806
0.708294,0.754968,0.659871,0.781741,0.714054,0.604375,0.709399,0.714548,0.741718,0.727397
0.685433,0.687893,0.622686,0.585163,0.728458,0.733458,0.651512,0.656751,0.697234,0.706016
0.701917,0.667762,0.664911,0.649738,0.557239,0.648442,0.681215,0.692782,0.659354,0.702439
0.697892,0.646081,0.669385,0.775101,0.698212,0.864983,0.661218,0.697058,0.677401,0.694442
0.667615,0.645051,0.755279,0.780828,0.656894,0.687695,0.584798,0.679632,0.637083,0.724188
0.716731,0.727350,0.640317,0.675196,0.682043,0.659323,0.725768,0.657730,0.664039,0.650077
0.675584,0.682969,0.633912,0.731678,0.444150,0.638433,0.700946,0.689120,0.716380,0.705763
0.642507,0.723201,0.710374,0.768345,0.623082,0.643649,0.716983,0.689361,0.622803,0.738385
0.736709,0.729009,0.712264,0.714315,0.681746,0.734113,0.701444,0.634790,0.701372,0.671527
0.730806,0.688130,0.752274,0.680460,0.573185,0.695456,0.657246,0.646321,0.710064,0.686215
0.783798,0.693584,0.642128,0.744154,0.795206,0.703286,0.740619,0.701679,0.687991,0.668333
0.708759,0.704069,0.698898,0.599184,0.808600,0.578635,0.702492,0.636460,0.666721,0.714912
0.726104,0.738145,0.726873,0.679184,0.733748,0.795281,0.752171,0.687708,0.639279,0.685020
0.704635,0.728241,0.731732,0.684579,0.811686,0.649774,0.722930,0.726208,0.685057,0.696813
0.702270,0.694480,0.676679,0.690429,0.887705,0.785774,0.683188,0.695202,0.737785,0.703434
0.639251,0.623017,0.665520,0.735587,0.765578,0.605586,0.723052,0.688806,0.742709,0.653706
0.728966,0.666440,0.669495,0.784726,0.720782,0.707955,0.704169,0.750639,0.682764,0.707010
0.685419,0.715901,0.686900,0.677684,0.511736,0.685580,0.714446,0.699601,0.658147,0.695583
0.664144,0.719836,0.716141,0.630283,0.786438,0.788073,0.703432,0.707396,0.684926,0.694531
0.667207,0.718738,0.706236,0.764839,0.848464,0.842690,0.683553,0.801555,0.747239,0.694922
0.675438,0.682408,0.695476,0.777349,0.500772,0.704288,0.742303,0.697615,0.701361,0.690889
0.697898,0.745778,0.618251,0.649835,0.398472,0.673489,0.735831,0.690667,0.694966,0.751960
0.749843,0.709131,0.661305,0.635938,0.868875,0.673175,0.757803,0.644564,0.663355,0.776767
0.700566,0.699052,0.675662,0.721027,0.631153,0.717816,0.684474,0.750891,0.749648,0.707472
0.695610,0.667753,0.718274,0.579016,0.690560,0.815368,0.677300,0.672364,0.656859,0.739097
0.700447,0.777878,0.694945,0.723405,0.762271,0.614654,0.706216,0.690997,0.659406,0.732353
0.687741,0.701696,0.697394,0.658442,0.851737,0.641477,0.711521,0.740336,0.680127,0.690533
0.711454,0.649139,0.684478,0.778866,0.695286,0.727791,0.692808,0.762217,0.652501,0.724804
0.763977,0.761767,0.659714,0.775863,0.702398,0.582515,0.724349,0.725336,0.697461,0.688194
0.721834,0.730408,0.702322,0.815352,0.800422,0.653496,0.701782,0.668503,0.672318,0.686234
0.705074,0.692736,0.763965,0.687493,0.522414,0.707794,0.703080,0.706474,0.722124,0.663695
0.754402,0.679019,0.670021,0.556169,0.727419,0.730637,0.690782,0.670761,0.702998,0.699968
0.760383,0.755573,0.745801,0.714263,0.561169,0.655873,0.663936,0.698174,0.723615,0.702974
0.733502,0.671181,0.678682,0.697381,0.486880,0.654889,0.701881,0.711873,0.722563,0.659860
0.687185,0.701525,0.706558,0.718975,0.693652,0.755282,0.745706,0.696647,0.711382,0.711964
0.703155,0.689544,0.605900,0.667163,0.675119,0.706430,0.676153,0.690095,0.707970,0.677966
0.701793,0.627757,0.684789,0.661575,0.596162,0.592764,0.675772,0.647425,0.700803,0.692931
0.722445,0.642319,0.634581,0.612988,0.558136,0.658736,0.754994,0.681493,0.711325,0.674202
0.715023,0.717608,0.696542,0.709188,0.432639,0.659208,0.678810,0.723838,0.693069,0.712297
0.697090,0.775238,0.760777,0.641876,0.755601,0.762090,0.674465,0.730818,0.689703,0.734184
0.687241,0.614909,0.687756,0.700276,0.575133,0.790274,0.672165,0.786218,0.668354,0.691496
0.698497,0.699734,0.635471,0.708912,0.340246,0.679214,0.681888,0.723198,0.712066,0.701334
0.693234,0.666981,0.629468,0.724940,0.858937,0.657464,0.784243,0.731753,0.682772,0.696015
0.759875,0.710766,0.692829,0.557418,0.819862,0.794944,0.663923,0.613286,0.710661,0.682126
0.668823,0.679675,0.704099,0.726082,0.764057,0.650890,0.686133,0.651136,0.695533,0.682222
0.620071,0.700803,0.690888,0.615301,0.540200,0.770849,0.655505,0.731457,0.690219,0.697494
0.751051,0.704279,0.617063,0.634842,0.900770,0.770349,0.700423,0.676254,0.716623,0.721599
0.656336,0.611368,0.747557,0.622753,0.692945,0.734350,0.705070,0.684682,0.735958,0.702644
0.723656,0.675971,0.688743,0.810350,0.857861,0.724938,0.666722,0.658463,0.717211,0.711856
0.678979,0.719551,0.740546,0.714387,0.749060,0.676904,0.675886,0.733798,0.663024,0.754326
0.699402,0.667854,0.693902,0.711997,0.583715,0.735860,0.710692,0.682014,0.716517,0.702636
0.693397,0.695816,0.740553,0.704316,0.648922,0.667456,0.723876,0.689010,0.712191,0.693904
0.665642,0.735093,0.675143,0.717509,0.635365,0.799095,0.707118,0.664361,0.683603,0.691963
0.702396,0.720504,0.564394,0.684461,0.879177,0.773980,0.585907,0.705760,0.667216,0.702273
0.670647,0.715971,0.802731,0.711292,0.776461,0.626021,0.679988,0.608458,0.639446,0.662342
0.710259,0.644780,0.681619,0.682162,0.378980,0.701897,0.701764,0.675513,0.651241,0.715426
0.683404,0.694784,0.691772,0.625117,0.621071,0.701604,0.752512,0.713338,0.704247,0.649254
0.749755,0.612802,0.686723,0.797524,0.885013,0.634721,0.717377,0.724309,0.666898,0.731011
0.696365,0.736565,0.727511,0.717820,0.705046,0.717592,0.710447,0.613559,0.745958,0.707096
0.684203,0.680693,0.616114,0.639647,0.846131,0.728161,0.633525,0.675957,0.683996,0.692000
0.748722,0.740673,0.696048,0.645140,0.507592,0.651583,0.631894,0.705172,0.694456,0.645367
0.699227,0.684882,0.784788,0.689668,0.829590,0.784983,0.773973,0.707022,0.695146,0.671096
0.697127,0.669487,0.661373,0.736723,0.752765,0.642191,0.679388,0.740451,0.704454,0.679765
0.680013,0.661882,0.640754,0.724692,0.739973,0.592908,0.713356,0.729644,0.737832,0.708925
0.650336,0.669722,0.622147,0.788174,0.787949,0.767739,0.716529,0.736726,0.670511,0.702236
0.733649,0.608749,0.643038,0.624846,0.662174,0.651392,0.673729,0.701711,0.698779,0.667914
0.692104,0.667927,0.608270,0.610839,0.752818,0.624228,0.645735,0.658223,0.705076,0.687983
0.737179,0.701087,0.709534,0.748418,0.841587,0.569843,0.755376,0.717704,0.718400,0.728409
0.688263,0.704836,0.727482,0.776926,0.780932,0.677081,0.702379,0.656442,0.709822,0.695288
0.760312,0.709492,0.658762,0.718881,0.558424,0.665777,0.712098,0.686800,0.704149,0.704584
0.645571,0.689254,0.728409,0.669603,0.581187,0.842148,0.649018,0.716090,0.678026,0.693505
0.672870,0.716588,0.671307,0.774058,0.544601,0.660875,0.705751,0.652073,0.681292,0.716071
0.696953,0.689745,0.684678,0.698708,0.864261,0.648492,0.703716,0.674462,0.659889,0.693472
0.688477,0.693379,0.613714,0.697968,0.487327,0.560662,0.612487,0.677548,0.690154,0.705313
0.672405,0.706554,0.701094,0.668923,0.437959,0.749816,0.661010,0.704808,0.684824,0.677443
0.680106,0.643259,0.699612,0.700212,0.515411,0.713967,0.697222,0.682811,0.694516,0.703982
0.683695,0.682217,0.636343,0.661966,0.821231,0.723564,0.732770,0.695422,0.646843,0.655509
0.669314,0.698042,0.634616,0.714749,0.635933,0.684210,0.604466,0.693201,0.709709,0.665112
0.681410,0.678089,0.783553,0.633746,0.662642,0.682103,0.807169,0.676314,0.698529,0.762229
0.730923,0.691090,0.710462,0.811634,0.845736,0.772475,0.635949,0.694941,0.709406,0.702855
0.700929,0.739445,0.645087,0.590521,0.604779,0.684029,0.728857,0.675628,0.719358,0.683680
0.634875,0.732787,0.737734,0.697606,0.553278,0.645087,0.602013,0.720721,0.665857,0.711934
0.726152,0.739768,0.665220,0.739110,0.768358,0.650616,0.682194,0.708086,0.648957,0.700629
0.694733,0.694485,0.679150,0.712605,0.574464,0.662326,0.662738,0.675203,0.704722,0.691243
0.704318,0.683046,0.708566,0.683734,0.603778,0.702120,0.738386,0.673228,0.681733,0.704518
0.708744,0.688759,0.699524,0.723511,0.665135,0.735927,0.722842,0.722776,0.665713,0.680172
0.696208,0.684092,0.706418,0.672428,0.736281,0.669769,0.681664,0.711798,0.736969,0.680109
0.671262,0.696485,0.648889,0.697343,0.699586,0.649794,0.704652,0.594416,0.743682,0.750495
0.692928,0.715029,0.696302,0.756783,0.493477,0.604635,0.659608,0.646567,0.697200,0.715836
0.745521,0.729315,0.710798,0.704632,0.769923,0.529392,0.680121,0.678310,0.702723,0.710213
0.729528,0.668941,0.751261,0.694906,0.575842,0.671437,0.694656,0.674872,0.696617,0.691242
0.662976,0.716884,0.637419,0.667065,0.652178,0.754719,0.688666,0.715415,0.710359,0.722724
0.764217,0.783774,0.713220,0.660287,0.743446,0.815696,0.751931,0.705065,0.669120,0.700872
0.709603,0.712095,0.679149,0.585730,0.843238,0.705208,0.647559,0.691735,0.712831,0.693110
0.702773,0.683808,0.606624,0.689604,0.596073,0.585119,0.697958,0.702859,0.749888,0.731742
0.647618,0.725581,0.663299,0.742201,0.702080,0.687041,0.749235,0.662460,0.701905,0.703196
0.711113,0.730033,0.716165,0.731215,0.661593,0.786058,0.745176,0.734988,0.708387,0.697832
0.698365,0.696448,0.738790,0.717797,0.726714,0.727677,0.702591,0.676890,0.716327,0.697780
0.683983,0.701104,0.714120,0.818106,0.904687,0.752269,0.644895,0.797460,0.703308,0.667154
0.724542,0.749810,0.702117,0.740972,0.751926,0.648106,0.756747,0.699229,0.691548,0.687099
0.679692,0.728358,0.707607,0.767364,0.643604,0.618189,0.686673,0.663442,0.692441,0.702750
0.694155,0.676065,0.725317,0.731919,0.632108,0.677277,0.708325,0.678999,0.693356,0.704491
0.698787,0.676775,0.634175,0.671347,0.805491,0.636933,0.700020,0.731839,0.697376,0.711548
0.664770,0.692266,0.671347,0.656977,0.485723,0.731199,0.714056,0.738757,0.652620,0.648846
0.694083,0.704601,0.717869,0.780949,0.702737,0.641382,0.733488,0.685566,0.681486,0.673339
0.726278,0.743971,0.728294,0.685814,0.760827,0.639742,0.655087,0.673395,0.709336,0.685469
0.718518,0.692822,0.750052,0.728003,0.551393,0.709381,0.744923,0.707210,0.698525,0.706716
0.645756,0.695291,0.634776,0.699680,0.778255,0.857620,0.615019,0.687929,0.699635,0.664126
0.710667,0.703717,0.714321,0.721620,0.518537,0.613169,0.666334,0.707040,0.710990,0.723573
0.691329,0.729005,0.648562,0.687576,0.805293,0.623122,0.634292,0.716805,0.665105,0.697262
0.675633,0.689795,0.759867,0.595940,0.658964,0.766626,0.603583,0.727662,0.718797,0.658574
0.658911,0.689421,0.738285,0.751804,0.760545,0.747270,0.741622,0.700806,0.707212,0.705908
0.665855,0.689707,0.586886,0.688291,0.706656,0.686835,0.694737,0.709367,0.693374,0.704811
0.682714,0.626876,0.711837,0.580999,0.634854,0.665909,0.688304,0.727996,0.698424,0.678505
0.728682,0.695039,0.719901,0.758573,0.708853,0.696560,0.797450,0.694247,0.699712,0.690607
0.769639,0.681314,0.718927,0.751940,0.673753,0.777290,0.682110,0.636370,0.739252,0.650851
0.726690,0.730277,0.750155,0.748837,0.749627,0.734303,0.629575,0.713099,0.732603,0.689833
0.701764,0.713180,0.709118,0.701012,0.774399,0.748536,0.742805,0.699107,0.716169,0.728658
0.686027,0.697280,0.703431,0.737433,0.507863,0.733197,0.669635,0.691134,0.746513,0.661152
0.675435,0.709621,0.629607,0.698477,0.561230,0.704224,0.717875,0.686008,0.667690,0.677465
0.766120,0.683919,0.662099,0.708452,0.703029,0.709367,0.742018,0.652787,0.745522,0.705245
0.640640,0.671807,0.728729,0.699820,0.634885,0.663430,0.699008,0.630401,0.695185,0.709144
0.682586,0.708934,0.660292,0.647729,0.784681,0.619437,0.702848,0.688404,0.707924,0.667447
0.699246,0.733942,0.629367,0.697510,0.681949,0.776617,0.732021,0.670426,0.750119,0.727342
0.725867,0.694416,0.733581,0.693999,0.608487,0.836766,0.625834,0.736856,0.702822,0.708700
0.726793,0.674352,0.719320,0.734990,0.826346,0.727205,0.630511,0.757328,0.726400,0.694326
0.662266,0.667145,0.657489,0.737880,0.633477,0.699272,0.799314,0.724231,0.690973,0.707225
0.678826,0.691777,0.722871,0.676073,0.698904,0.708901,0.699686,0.697874,0.696755,0.687469
0.680141,0.653657,0.724919,0.630811,0.852745,0.597600,0.711969,0.706229,0.640790,0.665786
0.735232,0.652410,0.702153,0.709994,0.555582,0.711494,0.651974,0.756438,0.688343,0.718191
0.679218,0.729175,0.641039,0.613814,0.587092,0.662926,0.729518,0.671950,0.636810,0.752952
0.704957,0.681642,0.682257,0.635733,0.724854,0.591302,0.698780,0.722023,0.715406,0.719767
0.707518,0.686804,0.730065,0.724686,0.641130,0.756626,0.745562,0.664033,0.690541,0.704697
0.694364,0.655425,0.656565,0.713712,0.699390,0.617584,0.655766,0.705585,0.670590,0.688459
0.728252,0.741275,0.709267,0.698831,0.957247,0.819682,0.672063,0.682155,0.725200,0.650543
0.650233,0.707733,0.718670,0.650781,0.883975,0.727045,0.746568,0.638024,0.711544,0.703920
0.675307,0.695898,0.742953,0.721266,0.594389,0.703613,0.641481,0.729950,0.668277,0.679032
0.746232,0.696704,0.713001,0.750394,0.654214,0.814524,0.683250,0.734205,0.695498,0.724852
0.720535,0.715172,0.678257,0.685169,0.967906,0.824218,0.753327,0.712765,0.724184,0.732175
0.696049,0.658047,0.739580,0.740429,0.765613,0.658523,0.710643,0.673288,0.681974,0.663753
0.729052,0.692393,0.713859,0.630091,0.787615,0.762199,0.693249,0.726830,0.675448,0.697662
0.703367,0.659492,0.698493,0.687892,0.876001,0.711137,0.781311,0.656470,0.661568,0.766023
0.717847,0.631302,0.717328,0.704528,0.824890,0.613219,0.673949,0.733214,0.702233,0.714292
0.706229,0.627496,0.685159,0.712696,0.907920,0.655347,0.736660,0.745645,0.646123,0.696179
0.695052,0.683919,0.692590,0.716541,0.704777,0.713911,0.762010,0.643411,0.672418,0.693605
0.663742,0.708139,0.717912,0.754894,0.701992,0.690667,0.753537,0.690259,0.752175,0.735481
0.658718,0.776084,0.697761,0.653822,0.573599,0.751146,0.714110,0.667445,0.716016,0.693044
0.729840,0.713276,0.710295,0.687035,0.751460,0.640313,0.689328,0.669610,0.683612,0.689025
0.691065,0.760973,0.693058,0.607025,0.773465,0.636978,0.674748,0.686074,0.688289,0.700132
0.656009,0.676263,0.685504,0.698089,0.586234,0.669471,0.683548,0.610272,0.680304,0.676474
0.703923,0.688787,0.802393,0.678022,0.627077,0.786792,0.591554,0.713028,0.683694,0.714216
0.721464,0.702598,0.736923,0.721008,0.734609,0.718745,0.773580,0.700992,0.724386,0.677246
0.717103,0.683013,0.742211,0.584962,0.586079,0.715798,0.740980,0.759220,0.698942,0.688605
0.683496,0.719649,0.672620,0.706677,0.556660,0.779131,0.699730,0.706352,0.690060,0.677202
0.706960,0.648631,0.669303,0.679864,0.857813,0.749844,0.652814,0.723057,0.703072,0.682749
0.686936,0.668844,0.617858,0.746695,0.621917,0.739678,0.751851,0.646000,0.715530,0.664793
0.681574,0.686366,0.710695,0.727244,0.587188,0.667045,0.724447,0.689138,0.701171,0.697215
0.637405,0.679795,0.846531,0.742713,0.682968,0.702408,0.521697,0.655343,0.711015,0.718339
0.669981,0.725879,0.672514,0.695874,0.787590,0.705132,0.684109,0.710231,0.722143,0.676779
0.632035,0.706057,0.717761,0.593597,0.628843,0.784908,0.687187,0.697042,0.638929,0.701114
0.704589,0.696516,0.712432,0.573150,0.915067,0.821758,0.733404,0.697317,0.685983,0.664774
0.676446,0.690514,0.742288,0.720618,0.673344,0.665450,0.709612,0.696597,0.697727,0.702324
0.719541,0.687200,0.750485,0.661741,0.758632,0.798332,0.713866,0.657159,0.689345,0.695206
0.666682,0.712579,0.762463,0.643706,0.736678,0.806127,0.740826,0.737241,0.687417,0.707199
0.687529,0.693497,0.691191,0.670480,0.765449,0.642632,0.725390,0.660724,0.720058,0.723367
0.682158,0.703373,0.741723,0.637107,0.723332,0.766068,0.726021,0.621048,0.679911,0.732133
0.665309,0.673560,0.711989,0.745843,0.848800,0.726606,0.653431,0.770753,0.716144,0.694725
0.731351,0.670048,0.679295,0.649323,0.532354,0.653306,0.683882,0.661263,0.613563,0.666978
0.650090,0.707111,0.804201,0.643520,0.767187,0.610944,0.616892,0.711685,0.645215,0.732393
0.694454,0.701197,0.715438,0.692681,0.711473,0.745583,0.707814,0.681118,0.684888,0.692169
0.659544,0.732528,0.762965,0.781892,0.769028,0.796691,0.769115,0.621443,0.643978,0.701185
0.723980,0.705115,0.669961,0.721025,0.820873,0.655931,0.714867,0.692332,0.634737,0.695174
0.684306,0.733052,0.642101,0.709207,0.732948,0.579060,0.633799,0.689839,0.708544,0.709047
0.677422,0.657483,0.700549,0.658801,0.738489,0.617719,0.697064,0.690681,0.685932,0.716361
0.701128,0.694093,0.714367,0.684696,0.658604,0.703205,0.724551,0.697068,0.682742,0.695270
0.681906,0.732138,0.661744,0.733236,0.773262,0.733652,0.741668,0.717998,0.670001,0.701476
0.721834,0.724690,0.672529,0.801621,0.719439,0.738513,0.617855,0.759920,0.723417,0.654144
0.704652,0.693011,0.669756,0.646519,0.660053,0.630348,0.657998,0.696754,0.682143,0.672296
0.694698,0.646992,0.725283,0.696993,0.611173,0.687018,0.703209,0.688921,0.695746,0.692471
0.738981,0.708122,0.684943,0.705700,0.460494,0.716014,0.672489,0.738642,0.698503,0.719433
0.741661,0.665892,0.663449,0.779295,0.590126,0.712053,0.761884,0.722208,0.716148,0.698448
0.641940,0.711175,0.730671,0.714936,0.723842,0.561250,0.688408,0.749345,0.705339,0.720804
0.713024,0.723297,0.665566,0.710857,0.000000,0.624900,0.644129,0.690258,0.701948,0.691915
0.676825,0.648109,0.673323,0.592369,0.459911,0.631031,0.717415,0.730983,0.712159,0.710936
0.713817,0.723152,0.705233,0.623074,0.558362,0.654895,0.634730,0.596264,0.658838,0.702165
0.671888,0.705008,0.714867,0.678477,0.696855,0.661083,0.706202,0.735571,0.723940,0.735031
0.704098,0.691296,0.705674,0.718179,0.711627,0.743791,0.643129,0.673139,0.691920,0.693785
0.667795,0.720037,0.678992,0.742046,0.716586,0.796084,0.690177,0.710920,0.676374,0.687471
0.677271,0.685204,0.711687,0.743017,0.269934,0.678556,0.653989,0.683820,0.716038,0.707291
0.676579,0.677427,0.701480,0.712795,0.664615,0.699896,0.738214,0.707540,0.703464,0.682281
0.665322,0.733867,0.678402,0.539843,0.578844,0.804104,0.766338,0.818022,0.683641,0.705916
0.701341,0.735415,0.767521,0.714000,0.628281,0.722490,0.687702,0.730713,0.696416,0.677569
0.682122,0.690750,0.655872,0.592485,0.792406,0.637721,0.686868,0.659811,0.671512,0.678512
0.706146,0.728406,0.677543,0.681653,0.420504,0.662796,0.675691,0.664786,0.660575,0.695022
0.712249,0.650733,0.630404,0.668460,0.722526,0.694471,0.613127,0.704524,0.672504,0.689640
0.713432,0.732716,0.716246,0.666273,0.726900,0.509108,0.667323,0.725030,0.685474,0.704346
0.705684,0.664752,0.661324,0.684685,0.742761,0.691110,0.708105,0.736314,0.611287,0.630802
0.690755,0.722043,0.685272,0.723942,0.646928,0.639021,0.678139,0.713237,0.676169,0.696700
0.576136,0.716840,0.636934,0.648112,0.526407,0.691144,0.719540,0.712082,0.649665,0.681429
0.705219,0.684202,0.759830,0.623571,0.664961,0.810935,0.747970,0.639637,0.694677,0.686205
0.680698,0.717884,0.736346,0.559747,0.886975,0.691899,0.675222,0.649309,0.713659,0.653372
0.702851,0.673105,0.745333,0.666464,0.771172,0.713116,0.714326,0.665059,0.662477,0.697224
0.705727,0.615194,0.698741,0.678511,0.546683,0.718691,0.654075,0.682003,0.723252,0.763360
0.695039,0.672395,0.703140,0.585430,0.694074,0.592324,0.669124,0.711770,0.658012,0.699633
0.719372,0.697007,0.768061,0.706861,0.659459,0.712383,0.670412,0.776551,0.763935,0.648290
0.649365,0.694854,0.623687,0.727555,0.724229,0.688890,0.736625,0.717163,0.672280,0.579581
0.771391,0.735338,0.698249,0.703562,0.649330,0.667006,0.720068,0.628722,0.706602,0.708812
0.639167,0.709713,0.717237,0.602210,0.801277,0.711966,0.735209,0.575827,0.719090,0.651689
0.710086,0.710047,0.718330,0.692251,0.612348,0.682651,0.712865,0.688206,0.743439,0.661344
0.688317,0.670006,0.705880,0.699576,0.375383,0.611315,0.654382,0.720292,0.737297,0.685868
0.707445,0.801322,0.728825,0.652867,0.908798,0.761412,0.731938,0.699673,0.748034,0.693622
0.706210,0.728122,0.552191,0.691803,0.758982,0.681069,0.503392,0.686463,0.700294,0.717420
0.686223,0.675143,0.724619,0.699340,0.745781,0.756154,0.721423,0.716889,0.713122,0.715789
0.692346,0.687834,0.668209,0.696531,0.599005,0.684668,0.710119,0.688755,0.709837,0.687854
0.692854,0.678458,0.677229,0.638357,0.720059,0.654806,0.595396,0.682160,0.729364,0.686014
0.708548,0.716738,0.699168,0.637984,0.661607,0.708357,0.688488,0.711104,0.678862,0.689196
0.711580,0.765954,0.676165,0.708430,0.759002,0.594274,0.719698,0.701313,0.704439,0.684196
0.753826,0.745203,0.650855,0.759502,0.679442,0.744498,0.763659,0.699217,0.742731,0.681899
0.659507,0.668088,0.709428,0.567224,0.682966,0.687283,0.728069,0.659688,0.662478,0.758735
0.722056,0.661107,0.725882,0.722280,0.723993,0.675811,0.687497,0.692459,0.712205,0.696615
0.708124,0.715599,0.753699,0.705179,0.792594,0.684516,0.662370,0.666269,0.735669,0.678085
0.686977,0.679338,0.708087,0.704146,0.545281,0.705460,0.743391,0.717138,0.651029,0.707309
0.611712,0.715529,0.669520,0.624484,0.809456,0.586691,0.774244,0.641956,0.660216,0.715304
0.634741,0.675212,0.719651,0.744232,0.843190,0.608942,0.701478,0.725773,0.691940,0.671841
0.664386,0.712246,0.762101,0.616980,0.519712,0.766360,0.623750,0.740506,0.702464,0.614298
0.665712,0.677986,0.700345,0.641628,0.597137,0.668187,0.728440,0.663877,0.703101,0.703634
0.682496,0.671880,0.718593,0.676863,0.824958,0.740917,0.760106,0.707570,0.715042,0.716804
0.681734,0.741453,0.739460,0.680636,0.740900,0.837023,0.766034,0.755770,0.694046,0.669953
0.728150,0.702366,0.704440,0.759113,0.785173,0.605382,0.675927,0.715241,0.717055,0.693972
0.723360,0.669558,0.731578,0.734267,0.864294,0.731739,0.663157,0.605002,0.713399,0.721480
0.691837,0.685524,0.677508,0.731073,0.663892,0.758833,0.704589,0.650017,0.709867,0.716151
0.655990,0.710346,0.761292,0.706606,0.790475,0.740416,0.707726,0.728381,0.693832,0.719282
0.663927,0.764186,0.711964,0.714246,0.668260,0.683038,0.685812,0.681592,0.666795,0.660325
0.698103,0.686152,0.730749,0.584478,0.621241,0.710119,0.776237,0.660965,0.658843,0.695131
0.673752,0.674004,0.737545,0.621333,0.725439,0.652673,0.671311,0.706098,0.710930,0.678358
0.685406,0.719741,0.706078,0.700059,0.971712,0.823550,0.728659,0.685437,0.705934,0.711422
0.667564,0.689138,0.689237,0.646634,0.789027,0.557416,0.699962,0.651212,0.733209,0.664082
0.704881,0.670078,0.683884,0.736878,0.752297,0.758334,0.700239,0.689341,0.687466,0.692952
0.639787,0.695382,0.718992,0.620574,0.491384,0.707477,0.651638,0.735189,0.728614,0.650509
0.690232,0.734579,0.643443,0.679948,0.720910,0.680278,0.594897,0.684273,0.748115,0.656439
0.697750,0.647127,0.677580,0.678195,0.931391,0.703463,0.740304,0.707034,0.626787,0.697966
0.703205,0.666581,0.672650,0.725003,0.559933,0.766670,0.725354,0.696823,0.692984,0.742483
0.705414,0.734896,0.767045,0.697699,0.672361,0.697187,0.716834,0.656818,0.683202,0.717398
0.687911,0.728290,0.699114,0.727227,0.697625,0.749662,0.682723,0.708787,0.617476,0.676379
0.642112,0.710873,0.716173,0.789748,0.694376,0.739587,0.650135,0.684373,0.682610,0.701614
0.670019,0.729409,0.682298,0.693744,0.775790,0.775496,0.756772,0.729598,0.713400,0.692198
0.691455,0.673857,0.691155,0.626569,0.650831,0.747309,0.712649,0.741991,0.742680,0.683236
0.706406,0.681387,0.691315,0.710383,0.637518,0.640462,0.692476,0.701373,0.648100,0.718806
0.803000,0.703321,0.726909,0.583011,0.722382,0.789829,0.621458,0.732014,0.722213,0.707043
0.708775,0.674966,0.712815,0.686412,0.646757,0.688639,0.680453,0.702202,0.707906,0.690524
0.695578,0.688000,0.645953,0.621730,0.765624,0.626012,0.643211,0.700290,0.693486,0.681536
0.680296,0.626071,0.622807,0.692023,0.471069,0.679324,0.645043,0.674243,0.695184,0.698364
0.663396,0.718128,0.758984,0.664944,0.720846,0.715147,0.659234,0.665058,0.672500,0.698426
0.703403,0.715105,0.696882,0.670417,0.738540,0.689598,0.705980,0.680385,0.672814,0.688008
0.734301,0.693840,0.680595,0.622641,0.795537,0.752508,0.691650,0.674206,0.719728,0.605278
0.680577,0.610562,0.707828,0.711897,0.900631,0.750732,0.700123,0.729707,0.686995,0.698444
0.690471,0.698138,0.674138,0.633140,0.570171,0.760643,0.651965,0.640715,0.635754,0.697668
0.659579,0.715510,0.622482,0.659910,0.818519,0.712965,0.623529,0.665068,0.713167,0.690981
0.705078,0.671710,0.612318,0.758600,0.632603,0.752609,0.808536,0.672222,0.671492,0.593939
0.707038,0.681578,0.737348,0.634819,0.605804,0.721578,0.692235,0.661921,0.668617,0.659117
0.683011,0.670857,0.705263,0.663181,0.639253,0.783339,0.722923,0.651528,0.713027,0.688865
0.707136,0.652652,0.749869,0.665974,0.675264,0.735477,0.747673,0.701404,0.694147,0.676683
0.735883,0.702697,0.701197,0.655610,0.857085,0.642632,0.708193,0.730535,0.712193,0.692808
0.701450,0.682554,0.691013,0.749777,0.624384,0.674447,0.702918,0.726558,0.679691,0.730193
0.724303,0.670150,0.682593,0.808932,0.809406,0.668217,0.684955,0.724332,0.699956,0.713767
0.731548,0.640833,0.696795,0.834091,0.855102,0.647645,0.635345,0.714540,0.651372,0.685377
0.604571,0.692718,0.746278,0.725101,0.717395,0.596451,0.676571,0.718761,0.675964,0.745231
0.637658,0.661839,0.785198,0.680732,0.634457,0.701783,0.583526,0.663415,0.694615,0.741373
0.738042,0.712222,0.762518,0.720055,0.624520,0.719444,0.696097,0.679566,0.717354,0.703238
0.707311,0.667810,0.677739,0.755091,0.816008,0.743466,0.724455,0.655076,0.645424,0.713660
0.712503,0.654431,0.726900,0.667726,0.865793,0.677870,0.676974,0.731369,0.689791,0.701620
0.705682,0.705375,0.726259,0.634207,0.730548,0.595019,0.745098,0.688246,0.677586,0.701794
0.667833,0.692639,0.667817,0.714770,0.470869,0.692834,0.690785,0.677789,0.699982,0.698424
0.750218,0.781063,0.734261,0.700148,0.661778,0.677090,0.650775,0.706567,0.698640,0.666334
0.683547,0.701649,0.649271,0.714429,0.507656,0.762235,0.666211,0.648966,0.674297,0.709683
0.697566,0.738836,0.674591,0.562782,0.691947,0.573645,0.651164,0.681175,0.737220,0.697423
0.700059,0.612230,0.725149,0.642227,0.665338,0.648699,0.653347,0.683810,0.649653,0.646562
0.635508,0.680736,0.708319,0.738480,0.786409,0.695109,0.673731,0.752436,0.674583,0.730064
0.714560,0.730241,0.761268,0.713909,0.599731,0.663429,0.758784,0.704544,0.699181,0.684626
0.762217,0.711221,0.670931,0.607293,0.605137,0.749249,0.725696,0.631525,0.731436,0.640491
0.740996,0.674793,0.724615,0.629538,0.734780,0.695458,0.594707,0.625652,0.724781,0.723113
0.676408,0.713006,0.677044,0.704833,0.403334,0.677004,0.717865,0.712830,0.709413,0.708555
0.690701,0.722122,0.763605,0.686941,0.752146,0.742500,0.676683,0.706728,0.688555,0.692740
0.688941,0.704039,0.678538,0.690768,0.619001,0.608221,0.667028,0.658354,0.643378,0.719056
0.700434,0.703438,0.744612,0.644720,0.758541,0.619117,0.673449,0.736680,0.607620,0.735784
0.670404,0.714207,0.741696,0.643872,0.898564,0.705519,0.722109,0.647050,0.695474,0.686652
0.694933,0.712825,0.667477,0.653821,0.538690,0.659013,0.626285,0.717359,0.711402,0.678947
0.702960,0.650798,0.691024,0.769177,0.547712,0.802245,0.717717,0.724942,0.670810,0.679239
0.720167,0.668654,0.628974,0.671464,0.655945,0.645373,0.619700,0.684512,0.670780,0.696877
0.680368,0.663365,0.678636,0.690366,0.627648,0.681855,0.657769,0.702564,0.702002,0.696239
0.730421,0.692582,0.730557,0.717560,0.759195,0.600129,0.712170,0.642675,0.690043,0.692710
0.661636,0.703651,0.591794,0.690125,0.691053,0.726866,0.651186,0.679481,0.695469,0.702389
0.706073,0.724600,0.763300,0.584989,0.676106,0.746007,0.617045,0.744367,0.651028,0.737290
0.688544,0.673208,0.667343,0.688064,0.824520,0.729773,0.673285,0.731247,0.723632,0.702849
0.669143,0.751472,0.699124,0.706363,0.838074,0.710611,0.738213,0.684501,0.776708,0.688190
0.732433,0.695076,0.697701,0.704476,0.576585,0.535966,0.687571,0.695517,0.669193,0.633763
0.692436,0.707497,0.795015,0.677010,0.741810,0.698026,0.785577,0.696341,0.708368,0.670055
0.702362,0.633315,0.708929,0.743074,0.800371,0.800787,0.655162,0.648603,0.668444,0.667683
0.680351,0.666901,0.729904,0.737650,0.633798,0.722641,0.720447,0.699368,0.684738,0.669904
0.637389,0.714832,0.717938,0.714608,0.926809,0.717372,0.709710,0.585405,0.745339,0.679011
0.692590,0.680100,0.623320,0.614421,0.824203,0.641680,0.634603,0.687718,0.709138,0.696943
0.683648,0.655749,0.592045,0.753230,0.772026,0.630657,0.717296,0.725859,0.682279,0.660610
0.685563,0.700700,0.638830,0.716924,0.584586,0.676368,0.640586,0.676744,0.715903,0.695937
0.693168,0.663839,0.695672,0.658941,0.601877,0.738540,0.660552,0.680273,0.710136,0.673735
0.653327,0.692296,0.748884,0.736675,0.716167,0.721016,0.676845,0.663054,0.687866,0.676716
0.653476,0.635120,0.661002,0.677750,0.636420,0.659137,0.673262,0.686431,0.624316,0.692953
0.725750,0.663103,0.776817,0.729466,0.541059,0.798652,0.628598,0.659409,0.685786,0.646774
0.754718,0.627818,0.714906,0.587767,0.662016,0.718660,0.714701,0.717825,0.689063,0.683038
0.686681,0.704744,0.702696,0.653138,0.829079,0.610474,0.680521,0.592077,0.682556,0.727652
0.678090,0.710283,0.689563,0.667439,0.620577,0.789618,0.716824,0.701984,0.662451,0.710911
0.716306,0.625166,0.698458,0.699316,0.615708,0.782495,0.693936,0.689605,0.638373,0.679729
0.684472,0.564454,0.699813,0.596177,0.481690,0.661630,0.697191,0.698570,0.715888,0.703039
0.693456,0.640779,0.749561,0.652788,0.772240,0.609991,0.731133,0.651945,0.662980,0.720618
0.675302,0.658288,0.656441,0.811446,0.744878,0.586589,0.694879,0.657053,0.671544,0.707662
0.698007,0.646259,0.735902,0.596559,0.672802,0.679545,0.648401,0.721327,0.705507,0.649672
0.703401,0.709175,0.643123,0.710958,0.683945,0.694381,0.649032,0.664311,0.719844,0.701551
0.725082,0.643993,0.697212,0.792906,0.663779,0.777305,0.710065,0.673625,0.695067,0.663339
0.731216,0.750974,0.653155,0.657195,0.677362,0.782362,0.730019,0.603832,0.652135,0.677059
0.719834,0.714381,0.680537,0.730077,0.364635,0.751126,0.702278,0.688713,0.702583,0.672738
0.688532,0.716494,0.716605,0.665365,0.829391,0.602699,0.686531,0.661350,0.700176,0.706095
0.599800,0.677925,0.697004,0.729914,0.656224,0.758983,0.721043,0.606759,0.669049,0.693529
0.724011,0.660814,0.701037,0.609388,0.668920,0.717863,0.683503,0.673276,0.651207,0.729069
0.740655,0.707629,0.694207,0.744063,0.782946,0.655816,0.697226,0.713314,0.585257,0.719348
0.653209,0.669875,0.786980,0.760912,0.653339,0.607070,0.651526,0.701909,0.664556,0.737752
0.700142,0.765692,0.582736,0.594034,0.743982,0.821708,0.742848,0.689469,0.700858,0.642861
0.747678,0.698964,0.710896,0.640711,0.785009,0.708521,0.700413,0.710287,0.677317,0.691393
0.710929,0.747437,0.741441,0.687488,0.795310,0.722183,0.711422,0.670157,0.666639,0.699524
0.678236,0.699202,0.627656,0.816448,0.844383,0.664985,0.785882,0.667724,0.697198,0.645733
0.672435,0.690365,0.682659,0.659301,0.721915,0.515717,0.720171,0.682024,0.707667,0.702522
0.692114,0.701607,0.694535,0.719518,0.655117,0.658689,0.699727,0.651820,0.688244,0.675874
0.697287,0.673362,0.658721,0.591582,0.712343,0.796379,0.744395,0.713056,0.707053,0.680692
0.697419,0.713565,0.712132,0.700543,0.586742,0.589935,0.740767,0.689515,0.724161,0.695721
0.663706,0.690773,0.695262,0.711323,0.356322,0.633165,0.675087,0.658740,0.706763,0.674007
0.701661,0.717253,0.680427,0.724905,0.948505,0.806422,0.734342,0.711558,0.732215,0.723335
0.694673,0.703735,0.729131,0.597976,0.821566,0.705522,0.675903,0.694982,0.716042,0.671772
0.707791,0.724252,0.712939,0.607161,0.616225,0.584615,0.677398,0.688474,0.594905,0.705198
0.711134,0.724405,0.656836,0.742219,0.793265,0.678957,0.745711,0.701386,0.710272,0.654863
0.657216,0.795947,0.768457,0.720858,0.731715,0.553327,0.681451,0.688535,0.672306,0.694653
0.695331,0.672613,0.732396,0.776820,0.643828,0.677023,0.695540,0.710461,0.711227,0.713925
0.695228,0.690546,0.681999,0.725625,0.559695,0.675759,0.676490,0.699455,0.729747,0.691186
0.726966,0.725054,0.703761,0.730018,0.670357,0.678190,0.634292,0.718279,0.699369,0.716905
0.693104,0.718147,0.693282,0.709582,0.734655,0.610977,0.677197,0.704177,0.710365,0.730824
0.715020,0.668262,0.752785,0.671734,0.734212,0.650391,0.698679,0.706374,0.702258,0.687306
0.669406,0.685995,0.659545,0.687933,0.715499,0.704590,0.656871,0.709752,0.715236,0.702200
0.692949,0.634803,0.659392,0.737284,0.722767,0.827702,0.713538,0.701031,0.695538,0.676026
0.698760,0.714630,0.706228,0.748307,0.625435,0.641154,0.745567,0.669995,0.712222,0.691746
0.712778,0.702849,0.701292,0.766930,0.765483,0.599086,0.683292,0.705820,0.676118,0.723926
0.703307,0.723501,0.581504,0.595176,0.682320,0.654630,0.647441,0.680965,0.693570,0.699813
0.688326,0.716074,0.692353,0.716996,0.631722,0.667368,0.750478,0.710384,0.709476,0.696046
0.708232,0.713476,0.644372,0.719766,0.780428,0.696797,0.740347,0.495132,0.709893,0.685462
0.692804,0.703105,0.685999,0.755745,0.618711,0.654438,0.680795,0.680675,0.702989,0.672122
0.646705,0.743201,0.769504,0.727888,0.746666,0.649520,0.680326,0.722857,0.684995,0.746993
0.668783,0.691510,0.710542,0.744546,0.662447,0.747270,0.719359,0.697427,0.700068,0.720900
0.665394,0.715362,0.667586,0.633864,0.275161,0.656874,0.689296,0.722382,0.683157,0.708834
0.681587,0.698750,0.733956,0.713498,0.668325,0.681844,0.693413,0.674631,0.714759,0.707228
0.682016,0.647306,0.709448,0.685461,0.470113,0.666338,0.724785,0.665574,0.711498,0.708794
0.687087,0.643881,0.628456,0.687479,0.416586,0.754541,0.747798,0.679030,0.651147,0.702419
0.648012,0.734427,0.759425,0.737982,0.714412,0.772434,0.697940,0.729114,0.681302,0.693482
0.696179,0.696436,0.686092,0.697606,0.677099,0.703934,0.682414,0.687262,0.706778,0.686469
0.709186,0.660894,0.737119,0.671410,0.652540,0.667420,0.732779,0.694162,0.699962,0.705146
0.704063,0.669366,0.736462,0.656144,0.684739,0.692433,0.718937,0.685080,0.727709,0.691137
0.729911,0.721313,0.665924,0.756025,0.595684,0.609852,0.721356,0.668023,0.682535,0.688880
0.692023,0.688397,0.633899,0.614848,0.828598,0.665748,0.643172,0.699971,0.691419,0.681962
0.718079,0.693447,0.774393,0.732608,0.551023,0.591894,0.668046,0.688741,0.700089,0.684916
0.738442,0.667351,0.680127,0.642021,0.636360,0.678784,0.734522,0.720152,0.680081,0.715210
0.691551,0.688561,0.697720,0.694994,0.868499,0.772806,0.769393,0.693931,0.676828,0.712439
0.627005,0.667762,0.750359,0.665458,0.710509,0.740157,0.636558,0.689092,0.637604,0.704318
0.694892,0.700271,0.732939,0.703608,0.632114,0.718658,0.722842,0.706364,0.708779,0.711108
0.644484,0.722658,0.680926,0.742858,0.695282,0.573174,0.662375,0.620712,0.631072,0.701750
0.650413,0.716996,0.639871,0.535484,0.820654,0.647023,0.675166,0.683893,0.680183,0.680464
0.667913,0.689682,0.739372,0.630878,0.617863,0.672557,0.728456,0.701409,0.669659,0.691972
0.742571,0.656927,0.726388,0.609355,0.912171,0.620979,0.699063,0.682425,0.649090,0.733199
0.692125,0.736460,0.695553,0.689329,0.706303,0.757719,0.675871,0.692857,0.689561,0.751917
0.693410,0.725853,0.695187,0.751210,0.665340,0.546945,0.736291,0.706231,0.724260,0.719248
0.710050,0.667663,0.749429,0.660689,0.751992,0.713125,0.741215,0.729896,0.733393,0.675077
0.695032,0.684483,0.751083,0.655717,0.648703,0.778503,0.650396,0.792588,0.672646,0.608765
0.727464,0.678997,0.734469,0.694032,0.694301,0.703828,0.667714,0.697887,0.694186,0.708095
0.709475,0.723153,0.695428,0.697629,0.814168,0.763202,0.764766,0.687195,0.682608,0.708576
0.664852,0.695729,0.708508,0.673881,0.638637,0.706510,0.706528,0.685754,0.686794,0.704288
0.702763,0.685454,0.688593,0.715209,0.624402,0.663060,0.679806,0.729519,0.685409,0.695906
0.694291,0.692559,0.675555,0.708545,0.572922,0.731844,0.708057,0.655076,0.708540,0.689668
0.709518,0.735432,0.742906,0.748363,0.744914,0.491748,0.687774,0.780052,0.708291,0.679531
0.710248,0.744526,0.662907,0.703167,0.714230,0.621120,0.677414,0.727347,0.651208,0.729543
0.759040,0.744480,0.639463,0.806179,0.756560,0.728845,0.734640,0.711344,0.626661,0.675611
0.707939,0.674950,0.678963,0.718274,0.517309,0.664897,0.698326,0.694238,0.704838,0.694219
0.702242,0.723792,0.709990,0.723358,0.650479,0.604816,0.669205,0.724337,0.652711,0.692203
0.751940,0.671295,0.640002,0.657388,0.648794,0.606859,0.722313,0.701607,0.739034,0.724264
0.602236,0.709202,0.712520,0.583092,0.525908,0.715899,0.679746,0.758166,0.689092,0.656984
0.713340,0.681782,0.679986,0.692017,0.561762,0.734403,0.711226,0.686525,0.691384,0.696564
0.701543,0.672162,0.722983,0.742377,0.822867,0.644329,0.668711,0.687627,0.696884,0.710946
0.684312,0.714382,0.674540,0.738524,0.754757,0.648947,0.688454,0.743134,0.746858,0.677622
0.726666,0.661161,0.764799,0.706404,0.553909,0.670015,0.673651,0.748175,0.717054,0.707308
0.692893,0.747522,0.713689,0.804282,0.681730,0.775702,0.693981,0.710603,0.717119,0.690462
0.702378,0.672881,0.733107,0.679384,0.683870,0.752051,0.718483,0.705149,0.688279,0.679790
0.746619,0.635104,0.704904,0.791206,0.758794,0.637034,0.711177,0.734559,0.590411,0.685696
0.691679,0.686860,0.725335,0.690304,0.650479,0.776733,0.699019,0.692785,0.677342,0.709372
0.700325,0.698764,0.739451,0.658521,0.670235,0.750684,0.661034,0.701641,0.697448,0.690839
0.720713,0.645288,0.668762,0.673117,0.546188,0.624079,0.712781,0.693422,0.694019,0.693738
0.688844,0.656338,0.645012,0.565026,0.679850,0.767446,0.765929,0.764280,0.686160,0.700615
0.673639,0.662481,0.714611,0.724769,0.761021,0.459877,0.687285,0.760277,0.739950,0.678920
0.762923,0.734378,0.764690,0.709228,0.823766,0.636387,0.624775,0.629911,0.772369,0.708321
0.641558,0.671940,0.710662,0.746132,0.678204,0.798432,0.627085,0.725339,0.691097,0.696408
0.725360,0.694244,0.721884,0.761277,0.797679,0.652067,0.672291,0.667538,0.765860,0.721585
0.706370,0.661826,0.712806,0.753960,0.572795,0.690563,0.705101,0.681304,0.710539,0.691929
0.682372,0.669186,0.740484,0.684433,0.659117,0.742073,0.723479,0.703400,0.696177,0.701011
0.682794,0.701457,0.749867,0.709830,0.602498,0.685925,0.709462,0.671240,0.723718,0.685150
0.710999,0.686251,0.661268,0.678525,0.562621,0.669224,0.661394,0.676739,0.718912,0.697730
0.680634,0.704065,0.652012,0.607853,0.482313,0.674302,0.678839,0.801708,0.712280,0.714445
0.681029,0.732142,0.706115,0.608063,0.807719,0.633758,0.713560,0.634404,0.693315,0.693937
0.771833,0.685288,0.756326,0.742268,0.689949,0.765314,0.677956,0.732980,0.712424,0.674482
0.679241,0.679270,0.699063,0.649757,0.783710,0.535364,0.709590,0.727319,0.705110,0.701703
0.685853,0.696027,0.715209,0.714530,0.569005,0.644922,0.659161,0.724143,0.692039,0.676172
0.680756,0.707325,0.689239,0.722948,0.585662,0.781349,0.690891,0.724757,0.639786,0.659880
0.710176,0.686960,0.676387,0.772081,0.469145,0.694589,0.671678,0.643410,0.748445,0.701307
0.695624,0.701064,0.711432,0.688460,0.601954,0.749039,0.707573,0.676028,0.692470,0.702156
0.783594,0.718389,0.677924,0.691263,0.891141,0.705700,0.703974,0.652980,0.685581,0.737275
0.720840,0.707656,0.690544,0.754296,0.573131,0.707211,0.671784,0.683497,0.735505,0.655893
0.726565,0.719519,0.698173,0.702111,0.475143,0.772829,0.625555,0.761742,0.708964,0.771155
0.739218,0.689583,0.685652,0.600107,0.653242,0.674993,0.726970,0.640253,0.687681,0.658183
0.709404,0.637114,0.674192,0.753368,0.630502,0.630577,0.709152,0.689512,0.695696,0.739132
0.712794,0.693267,0.678479,0.721643,0.710376,0.653443,0.730462,0.717712,0.738873,0.684414
0.677247,0.701798,0.736371,0.655411,0.651243,0.675488,0.714380,0.716255,0.696507,0.697409
0.684063,0.652121,0.676471,0.729107,0.889180,0.746766,0.707232,0.739188,0.748543,0.694983
0.710322,0.687189,0.672837,0.707159,0.666238,0.621751,0.661977,0.736760,0.685192,0.709014
0.738206,0.677215,0.676407,0.742839,0.619182,0.734100,0.694845,0.719361,0.742555,0.685887
0.684313,0.713273,0.680317,0.750336,0.529420,0.528181,0.741969,0.674518,0.733474,0.682177
0.708428,0.663982,0.717353,0.651308,0.843154,0.682616,0.697757,0.747542,0.609991,0.663267
0.723496,0.754253,0.643159,0.688072,0.775082,0.599920,0.682712,0.682825,0.686007,0.714850
0.751328,0.618612,0.636267,0.613155,0.637247,0.611690,0.760812,0.700844,0.791261,0.710627
0.729168,0.699907,0.690501,0.680342,0.583241,0.681131,0.727380,0.684684,0.718074,0.658224
0.646446,0.674397,0.687536,0.743872,0.526359,0.800367,0.727014,0.775498,0.712095,0.688627
0.617330,0.603696,0.700021,0.723623,0.917030,0.749816,0.700168,0.786991,0.684100,0.712562
0.735787,0.757870,0.728690,0.628356,0.313394,0.731610,0.660960,0.757565,0.647032,0.642809
0.726682,0.667431,0.716808,0.713282,0.611744,0.797929,0.645017,0.690503,0.676456,0.737738
0.647407,0.669425,0.620183,0.660049,0.812214,0.622902,0.694828,0.717057,0.688312,0.682253
0.626719,0.690184,0.677269,0.672805,0.389364,0.674180,0.670077,0.661936,0.704022,0.693876
0.719693,0.656408,0.690425,0.681348,0.507931,0.701648,0.716025,0.712794,0.695589,0.698933
0.699432,0.723322,0.744540,0.726486,0.783066,0.638018,0.732589,0.715687,0.712549,0.691309
0.669636,0.620222,0.674410,0.718489,0.844387,0.558583,0.702212,0.695810,0.731576,0.717045
0.606353,0.681042,0.722930,0.742527,0.772793,0.816457,0.650673,0.717674,0.700936,0.689528
0.731752,0.670609,0.700418,0.676708,0.844798,0.747697,0.716967,0.681932,0.657227,0.752528
0.727721,0.768409,0.733139,0.645941,0.477665,0.735346,0.643055,0.682962,0.692082,0.712903
0.654350,0.695399,0.743045,0.707697,0.665272,0.638493,0.663684,0.717624,0.555310,0.667999
0.685155,0.703990,0.724517,0.660551,0.725792,0.701088,0.692130,0.714287,0.703903,0.724823
0.697019,0.727781,0.698835,0.713311,0.703128,0.787138,0.706702,0.675032,0.664700,0.691117
0.675338,0.680612,0.644017,0.683844,0.617768,0.660306,0.620725,0.707561,0.674934,0.693256
0.690101,0.727211,0.712536,0.659194,0.701642,0.588118,0.673754,0.697639,0.649413,0.700171
0.759960,0.710850,0.676407,0.736444,0.681187,0.546208,0.732914,0.705705,0.690691,0.644624
0.711913,0.654366,0.670287,0.761951,0.697360,0.765871,0.684602,0.656861,0.716731,0.706668
0.669994,0.602469,0.667184,0.679164,0.885579,0.656134,0.756108,0.706369,0.666728,0.694518
0.671608,0.796760,0.723514,0.808498,0.636573,0.741369,0.640552,0.728230,0.687314,0.701210
0.665843,0.729320,0.727950,0.666685,0.645470,0.716934,0.703170,0.737760,0.677512,0.612743
0.679409,0.736244,0.710616,0.626729,0.843194,0.655825,0.683495,0.694895,0.731083,0.688718
0.680295,0.673681,0.716626,0.605149,0.719448,0.708309,0.696606,0.619976,0.756885,0.694520
0.707722,0.623823,0.702090,0.706816,0.932177,0.662345,0.678751,0.701634,0.718406,0.686687
0.666495,0.741828,0.744200,0.660819,0.709325,0.688005,0.730946,0.703355,0.735334,0.724619
0.699986,0.701686,0.715864,0.691050,0.707955,0.692829,0.710147,0.633714,0.726873,0.707331
0.678356,0.747477,0.658172,0.761297,0.871975,0.800307,0.725036,0.684385,0.736060,0.685228
0.719941,0.685423,0.737010,0.804907,0.865121,0.673265,0.692535,0.671829,0.604699,0.666995
0.703254,0.715035,0.674875,0.791823,0.627001,0.588819,0.697306,0.687814,0.671649,0.686609
0.666542,0.673370,0.704219,0.674465,0.765550,0.548720,0.755788,0.723687,0.677586,0.687042
0.691403,0.681388,0.655368,0.723509,0.341445,0.613035,0.674848,0.672910,0.725438,0.681738
0.697216,0.740426,0.732317,0.712733,0.950045,0.796835,0.683983,0.598499,0.679393,0.643854
0.696617,0.665079,0.734784,0.736661,0.819029,0.674549,0.625865,0.696623,0.567065,0.717324
0.690394,0.709895,0.670990,0.705449,0.169546,0.625247,0.663919,0.679121,0.723247,0.683578
0.712369,0.683269,0.730142,0.653565,0.870497,0.611739,0.694737,0.740731,0.674071,0.699212
0.698320,0.687730,0.719530,0.621255,0.792628,0.618663,0.706115,0.758125,0.738767,0.731066
0.692549,0.710968,0.565944,0.693029,0.797264,0.735209,0.603413,0.684370,0.726829,0.717463
0.660036,0.714707,0.686077,0.754230,0.695724,0.646486,0.677162,0.679408,0.682800,0.683155
0.691706,0.703154,0.696931,0.723458,0.692015,0.724063,0.708318,0.691967,0.716592,0.703162
0.794571,0.748370,0.674525,0.783090,0.636535,0.743695,0.673206,0.825707,0.744419,0.685058
0.685203,0.686950,0.722148,0.635151,0.619534,0.718514,0.718067,0.734062,0.709277,0.690703
0.693611,0.722455,0.656030,0.670757,0.699798,0.664933,0.658753,0.693856,0.705194,0.699690
0.689628,0.723187,0.610842,0.717277,0.773108,0.673591,0.679788,0.691453,0.725382,0.711275
0.713492,0.771177,0.663153,0.627381,0.545352,0.637639,0.685244,0.644443,0.721090,0.704427
0.693327,0.753485,0.689297,0.748837,0.662969,0.811907,0.685002,0.660011,0.672112,0.711963
0.687089,0.687801,0.700490,0.822645,0.821400,0.683804,0.710777,0.685377,0.669340,0.708085
0.727395,0.763228,0.808585,0.732973,0.732301,0.845107,0.501661,0.663909,0.674027,0.662010
0.697603,0.691449,0.679684,0.692302,0.472151,0.744008,0.674658,0.688437,0.697983,0.697752
0.693318,0.708045,0.692938,0.701246,0.521723,0.697901,0.711985,0.691897,0.686525,0.696016
0.700922,0.675999,0.665344,0.633362,0.678062,0.690659,0.665165,0.656502,0.680718,0.649629
0.711952,0.667902,0.715936,0.674593,0.792124,0.536117,0.720010,0.747038,0.650991,0.677097
0.697857,0.661897,0.715482,0.666920,0.556476,0.692418,0.720829,0.693495,0.729232,0.712206
0.655963,0.688771,0.821549,0.709392,0.645133,0.729229,0.517313,0.712831,0.677529,0.727461
0.710506,0.663077,0.664624,0.578220,0.834962,0.668173,0.755505,0.667025,0.703125,0.681401
0.736625,0.720557,0.800055,0.620270,0.802922,0.631897,0.619377,0.722937,0.735524,0.700112
0.668659,0.687817,0.691811,0.643898,0.460605,0.635109,0.701261,0.647786,0.681069,0.714580
0.709074,0.688921,0.724455,0.724823,0.669322,0.732013,0.738189,0.689715,0.697852,0.687706
0.709430,0.680129,0.680512,0.683076,0.790967,0.735769,0.690389,0.704093,0.676571,0.686750
0.685215,0.701017,0.693124,0.686610,0.813790,0.666996,0.699248,0.727925,0.721176,0.686311
0.687738,0.706741,0.677569,0.680073,0.696728,0.751459,0.724993,0.700430,0.677501,0.695135
0.673609,0.680571,0.704165,0.672065,0.822742,0.633442,0.698375,0.731187,0.730610,0.703328
0.690869,0.702498,0.733376,0.710283,0.727849,0.746160,0.725892,0.686253,0.729006,0.674929
0.709400,0.695986,0.734073,0.611041,0.846412,0.576582,0.694890,0.617384,0.697221,0.695241
0.665296,0.699567,0.745327,0.636515,0.777930,0.749125,0.749721,0.693146,0.683611,0.673494
0.711590,0.652746,0.686794,0.633007,0.726904,0.837246,0.702840,0.705621,0.730728,0.695013
0.670177,0.690780,0.696754,0.652491,0.861724,0.612677,0.724625,0.694076,0.690863,0.701748
0.728374,0.701242,0.706256,0.659618,0.542440,0.744440,0.671306,0.748250,0.721931,0.712223
0.675691,0.678977,0.728016,0.692851,0.483282,0.615678,0.654518,0.676980,0.662678,0.706280
0.764939,0.616371,0.698664,0.674240,0.874479,0.705742,0.722285,0.684822,0.642890,0.669448
0.712047,0.707296,0.703055,0.648121,0.748619,0.661190,0.724998,0.718139,0.674976,0.682327
0.661449,0.674094,0.674829,0.789730,0.764161,0.688890,0.728282,0.762110,0.728161,0.690027
0.744381,0.557952,0.673507,0.746697,0.910382,0.680568,0.696236,0.754290,0.662731,0.696431
0.711024,0.703794,0.674825,0.723016,0.745432,0.735797,0.713469,0.662887,0.733524,0.729199
0.687973,0.713291,0.664220,0.710343,0.536567,0.747259,0.707343,0.722535,0.692938,0.677925
0.688838,0.712590,0.674386,0.741877,0.559159,0.621964,0.698814,0.690833,0.665458,0.688621
0.707959,0.701594,0.712433,0.729280,0.694067,0.551708,0.668423,0.709880,0.675024,0.718102
0.696588,0.624726,0.642134,0.688450,0.499583,0.659696,0.741001,0.696786,0.660077,0.703242
0.693578,0.678348,0.743220,0.714810,0.684856,0.751342,0.731852,0.682791,0.679700,0.678264
0.661131,0.745538,0.680206,0.750265,0.845262,0.684180,0.723267,0.657952,0.750018,0.716653
0.674071,0.553709,0.696373,0.616739,0.576036,0.569805,0.658876,0.706330,0.722016,0.706469
0.683968,0.710858,0.709710,0.734585,0.702605,0.476824,0.680620,0.710621,0.711399,0.681947
0.674117,0.776215,0.662176,0.748050,0.841970,0.624050,0.720259,0.617849,0.714456,0.703203
0.665494,0.725361,0.636792,0.661204,0.613649,0.701977,0.620771,0.670619,0.741983,0.693865
0.707619,0.716085,0.643179,0.667257,0.628743,0.556856,0.649240,0.666680,0.724273,0.694230
0.670346,0.663384,0.715415,0.646794,0.544358,0.729097,0.684871,0.685769,0.697231,0.629826
0.695946,0.637474,0.728310,0.739659,0.716278,0.672655,0.759346,0.651197,0.702756,0.692715
0.626623,0.652508,0.752622,0.769967,0.647482,0.767641,0.693798,0.619096,0.712466,0.736543
0.721106,0.717144,0.795104,0.732795,0.694042,0.656570,0.606430,0.626674,0.726161,0.693510
0.705392,0.730476,0.684124,0.639239,0.625000,0.628365,0.610595,0.648893,0.720582,0.692975
0.708457,0.642963,0.679532,0.771750,0.629354,0.759279,0.676161,0.698965,0.700108,0.694712
0.699643,0.686624,0.694973,0.704502,0.678828,0.668753,0.696524,0.707608,0.695949,0.718668
0.693816,0.699512,0.646198,0.688941,0.404913,0.698946,0.721394,0.672471,0.668348,0.761413
0.731845,0.712673,0.675042,0.745611,0.768449,0.633215,0.736889,0.663260,0.679538,0.709311
0.687560,0.726187,0.685645,0.651678,0.796812,0.514042,0.761729,0.615950,0.653571,0.642748
0.736522,0.658421,0.706867,0.572825,0.900492,0.638867,0.712115,0.671170,0.670983,0.703693
0.700137,0.689817,0.722855,0.665841,0.710608,0.735222,0.745713,0.707366,0.657387,0.682576
0.678752,0.708251,0.716576,0.702676,0.517511,0.696216,0.705722,0.709731,0.710055,0.686915
0.750818,0.704526,0.685103,0.647334,0.746321,0.740359,0.770578,0.670248,0.669814,0.694160
0.688546,0.661181,0.597656,0.711634,0.724229,0.815823,0.625830,0.689601,0.688141,0.715755
0.667641,0.722417,0.668109,0.742345,0.690638,0.781716,0.669589,0.712259,0.737396,0.690327
0.722875,0.695274,0.680601,0.698649,0.695752,0.760053,0.729604,0.662437,0.692446,0.687490
0.695181,0.699330,0.668849,0.698490,0.488918,0.704327,0.689588,0.664995,0.696368,0.689323
0.643108,0.715076,0.757842,0.769036,0.743462,0.715566,0.664971,0.758240,0.698986,0.676092
0.692538,0.723980,0.696835,0.653105,0.659032,0.636758,0.709488,0.681001,0.692728,0.700607
0.679754,0.772776,0.747143,0.661327,0.571078,0.740132,0.766444,0.764755,0.724231,0.696252
0.683312,0.694962,0.741049,0.684391,0.670152,0.754892,0.708551,0.697450,0.699478,0.697255
0.762670,0.707952,0.637782,0.717793,0.582175,0.669268,0.735997,0.674880,0.720207,0.671755
0.676579,0.631870,0.680840,0.743454,0.657982,0.726177,0.725759,0.691851,0.686749,0.698504
0.689336,0.675760,0.684724,0.697951,0.807147,0.656266,0.635061,0.724676,0.723017,0.677746
0.641091,0.746901,0.665999,0.778954,0.749665,0.596313,0.732288,0.678220,0.716216,0.681791
0.735352,0.693616,0.747235,0.743596,0.589814,0.658578,0.592761,0.695583,0.735160,0.688354
0.697767,0.681088,0.730076,0.681311,0.697631,0.635134,0.709060,0.643723,0.702107,0.712827
0.693976,0.722769,0.693647,0.735593,0.613714,0.768235,0.688423,0.683110,0.715333,0.680383
0.687421,0.720790,0.727396,0.776995,0.764000,0.671640,0.688843,0.740063,0.743259,0.683883
0.700897,0.683708,0.707020,0.772211,0.626865,0.617493,0.706807,0.668797,0.650605,0.690480
0.671677,0.696949,0.753062,0.739559,0.716348,0.715529,0.701767,0.719287,0.721334,0.685259
0.718117,0.689141,0.741226,0.697244,0.638698,0.737561,0.730998,0.716712,0.690858,0.703259
0.658246,0.687665,0.688584,0.720250,0.575488,0.649404,0.626009,0.680842,0.723906,0.684324
0.703147,0.666528,0.674210,0.686648,0.688826,0.786777,0.732232,0.783383,0.655521,0.690315
0.675528,0.714089,0.703467,0.543003,0.839882,0.657523,0.743162,0.653182,0.668400,0.676362
0.710188,0.671093,0.706202,0.615831,0.696563,0.598472,0.714112,0.743422,0.672816,0.715095
0.689631,0.719526,0.739334,0.716247,0.698849,0.755210,0.747708,0.735813,0.704717,0.709231
0.696934,0.738418,0.672450,0.736716,0.740930,0.600118,0.724466,0.729935,0.659053,0.648615
0.704482,0.665811,0.724046,0.728334,0.562727,0.648347,0.670159,0.622374,0.691065,0.705222
0.725863,0.762937,0.717479,0.717573,0.922836,0.831827,0.681790,0.633908,0.703558,0.696681
0.670687,0.750751,0.730323,0.684671,0.625448,0.746910,0.675729,0.725141,0.688759,0.656301
0.727529,0.695456,0.711090,0.611220,0.638591,0.767573,0.511260,0.684928,0.713862,0.762036
0.689434,0.687957,0.772046,0.692656,0.667003,0.712415,0.760022,0.665834,0.687644,0.697949
0.713252,0.718048,0.673342,0.726901,0.680831,0.723480,0.731669,0.681335,0.705495,0.693147
0.741715,0.692699,0.653096,0.632382,0.677428,0.701230,0.625045,0.635512,0.696350,0.685227
0.761766,0.601943,0.654051,0.469019,0.644061,0.766181,0.764221,0.657906,0.672808,0.731257
0.682599,0.670884,0.651306,0.751355,0.617521,0.711740,0.663341,0.724581,0.684501,0.682878
0.716414,0.640917,0.689048,0.634930,0.719030,0.633542,0.711597,0.671471,0.753024,0.709348
0.760147,0.626338,0.711269,0.750521,0.851273,0.678740,0.661231,0.715488,0.678060,0.762239
0.678446,0.710426,0.683739,0.650412,0.785709,0.486480,0.699511,0.665990,0.707707,0.692708
0.703961,0.665382,0.651985,0.752078,0.764275,0.684118,0.669916,0.707670,0.631286,0.693453
0.707272,0.570119,0.712615,0.659321,0.642061,0.615841,0.681843,0.701487,0.656188,0.704374
0.701621,0.679347,0.653270,0.667964,0.655431,0.620315,0.649757,0.695490,0.692586,0.707277
0.678467,0.702676,0.600596,0.608378,0.650306,0.619312,0.656533,0.681746,0.683536,0.692736
0.687510,0.669035,0.654264,0.633669,0.709150,0.703616,0.810920,0.710042,0.701944,0.744895
0.714745,0.650206,0.667327,0.665345,0.778536,0.729742,0.628488,0.744521,0.711563,0.694329
0.714022,0.684746,0.710865,0.806864,0.608069,0.649962,0.662738,0.691675,0.739983,0.669704
0.706637,0.715974,0.639416,0.689889,0.761767,0.748739,0.692102,0.689407,0.709690,0.708154
0.676401,0.737766,0.669751,0.693531,0.532150,0.629447,0.734292,0.697988,0.687350,0.732586
0.734923,0.735281,0.678495,0.635177,0.554256,0.657922,0.705076,0.779543,0.736399,0.686829
0.664970,0.698115,0.761097,0.711651,0.676019,0.811418,0.628954,0.690145,0.712967,0.646329
0.692554,0.700687,0.700315,0.666222,0.655699,0.737567,0.734683,0.702405,0.694170,0.685224
0.734926,0.744726,0.693983,0.667437,0.789990,0.600772,0.706356,0.662752,0.684869,0.675143
0.675455,0.742385,0.747515,0.736071,0.685984,0.532569,0.583633,0.671899,0.664801,0.639289
0.685356,0.675924,0.690431,0.648657,0.602025,0.733716,0.643772,0.650027,0.720501,0.703545
0.691898,0.670231,0.684318,0.711587,0.652547,0.674273,0.666247,0.652598,0.698173,0.736434
0.675147,0.704215,0.686857,0.695794,0.371346,0.639509,0.738601,0.671541,0.699323,0.724984
0.757503,0.764281,0.687785,0.723748,0.665943,0.680642,0.692802,0.656875,0.740699,0.755329
0.656986,0.674676,0.725630,0.744340,0.750536,0.775738,0.689899,0.642947,0.663476,0.688837
0.732543,0.714850,0.744417,0.812008,0.799388,0.758590,0.700955,0.693714,0.689930,0.740639
0.703705,0.696118,0.696665,0.701718,0.385167,0.689512,0.705413,0.701492,0.697443,0.706779
0.674734,0.686837,0.722774,0.681303,0.768292,0.730201,0.677809,0.678028,0.711997,0.707750
0.666838,0.702281,0.647977,0.716510,0.495640,0.761278,0.747132,0.701165,0.698969,0.698724
0.674941,0.680892,0.789624,0.721780,0.761012,0.656452,0.815623,0.660793,0.675592,0.695793
0.672187,0.692394,0.653334,0.640007,0.666265,0.666594,0.660665,0.647542,0.693467,0.696113
0.702953,0.666015,0.682978,0.644196,0.537015,0.720573,0.675035,0.676141,0.693819,0.745693
0.666901,0.689016,0.674772,0.729748,0.622198,0.779208,0.656115,0.739670,0.661468,0.655120
0.728835,0.692415,0.680359,0.623479,0.595780,0.778492,0.653471,0.729990,0.697473,0.745338
0.668699,0.690100,0.711493,0.706076,0.687793,0.697296,0.724536,0.622956,0.718337,0.688297
0.712971,0.697090,0.675852,0.618034,0.737219,0.695202,0.680752,0.694735,0.649660,0.706166
0.713388,0.732866,0.680279,0.753521,0.825205,0.797346,0.709846,0.704670,0.710447,0.701584
0.703024,0.717432,0.724430,0.601948,0.687301,0.726781,0.698196,0.654899,0.736804,0.691823
0.702752,0.597834,0.702138,0.726025,0.798959,0.712216,0.654575,0.657127,0.696979,0.681069
0.735590,0.655682,0.673414,0.587194,0.736652,0.620183,0.723585,0.622243,0.728410,0.688838
0.682709,0.657510,0.681350,0.832152,0.907879,0.733999,0.662762,0.760104,0.693603,0.686330
0.709173,0.658180,0.824521,0.673853,0.544318,0.627560,0.715900,0.674886,0.664672,0.663599
0.707233,0.674590,0.678557,0.651056,0.616191,0.810205,0.707992,0.681849,0.659047,0.702134
0.678607,0.707322,0.738463,0.689579,0.622168,0.680750,0.655194,0.571411,0.725688,0.683714
0.641685,0.723877,0.688020,0.802974,0.653309,0.670715,0.705549,0.686569,0.644708,0.644272
0.720729,0.677894,0.716659,0.681875,0.958866,0.803665,0.715495,0.696548,0.734704,0.691669
0.662584,0.673419,0.694853,0.678069,0.584344,0.732997,0.723792,0.684397,0.681963,0.709926
0.684183,0.661578,0.696663,0.657137,0.565513,0.690502,0.728064,0.626537,0.653095,0.738932
0.753635,0.652254,0.668729,0.699312,0.532757,0.815996,0.593690,0.700643,0.632426,0.683091
0.662880,0.770256,0.610773,0.631222,0.495062,0.735656,0.717324,0.642415,0.696497,0.729488
0.631824,0.691204,0.716008,0.802444,0.552282,0.681893,0.697032,0.665319,0.682417,0.678269
0.680462,0.761464,0.774033,0.630201,0.598812,0.794541,0.707036,0.747393,0.712170,0.710327
0.636140,0.709185,0.686640,0.677009,0.553238,0.812885,0.736667,0.683337,0.702056,0.697408
0.691659,0.700839,0.741898,0.748812,0.588364,0.677996,0.723697,0.702806,0.721213,0.679160
0.714636,0.729706,0.665325,0.546739,0.633220,0.764016,0.601743,0.803602,0.648606,0.657354
0.695715,0.725255,0.696669,0.662445,0.778493,0.754804,0.674660,0.692133,0.721969,0.717032
0.658403,0.732558,0.676185,0.737727,0.592801,0.575677,0.624997,0.672467,0.684303,0.690377
0.612712,0.623594,0.671403,0.688997,0.786181,0.653706,0.672401,0.717376,0.707975,0.615195
0.676667,0.700754,0.736980,0.665535,0.766611,0.590147,0.597055,0.703277,0.731294,0.643836
0.733091,0.652618,0.649621,0.622727,0.385302,0.658248,0.695521,0.635861,0.708656,0.683095
0.725167,0.623049,0.715356,0.632342,0.748716,0.529243,0.769665,0.722186,0.690858,0.743012
0.588097,0.709267,0.701708,0.663015,0.622189,0.648602,0.684929,0.723012,0.688861,0.726711
0.711733,0.616826,0.726484,0.691162,0.803832,0.717540,0.707974,0.666790,0.693698,0.675226
0.725372,0.727720,0.689267,0.566744,0.743084,0.661779,0.705054,0.662235,0.684832,0.678812
0.693713,0.750533,0.689037,0.753119,0.596683,0.813423,0.678427,0.668117,0.706230,0.694510
0.690212,0.742095,0.687861,0.557087,0.731953,0.574597,0.682578,0.683505,0.695860,0.680650
0.669562,0.636631,0.693648,0.578163,0.716418,0.623219,0.729572,0.731264,0.740260,0.720518
0.708890,0.709172,0.680005,0.759343,0.708995,0.723853,0.696940,0.709335,0.722545,0.685432
0.694822,0.664585,0.704503,0.656261,0.617832,0.734219,0.698184,0.671431,0.716194,0.678566
0.717393,0.708317,0.669422,0.677095,0.529770,0.703602,0.655577,0.654044,0.679629,0.695097
0.680900,0.685335,0.673186,0.677083,0.651191,0.677685,0.728399,0.692498,0.661312,0.718408
0.722502,0.686177,0.716759,0.699809,0.743139,0.728942,0.712789,0.709225,0.698528,0.683963
0.689291,0.728353,0.718975,0.602461,0.657374,0.683148,0.695719,0.747416,0.695033,0.619799
0.662828,0.679134,0.731329,0.661163,0.850051,0.531638,0.700954,0.645404,0.653727,0.711241
0.681820,0.744658,0.773503,0.680261,0.736318,0.746862,0.775654,0.676491,0.696281,0.693546
0.685779,0.691364,0.735222,0.711873,0.671885,0.720721,0.705252,0.695042,0.690597,0.686432
0.649950,0.715161,0.739751,0.691946,0.650829,0.598672,0.626733,0.670628,0.628922,0.683906
0.729316,0.644081,0.675783,0.563566,0.752094,0.669511,0.743225,0.694937,0.688909,0.718016
0.785932,0.684331,0.751307,0.782026,0.839207,0.686279,0.637899,0.661044,0.718598,0.642614
0.728635,0.707584,0.719263,0.752129,0.806217,0.778636,0.678660,0.716951,0.700585,0.672374
0.677764,0.637807,0.723884,0.673187,0.652810,0.784923,0.723427,0.723351,0.703917,0.708280
0.667258,0.680516,0.656309,0.719976,0.681781,0.686391,0.734949,0.680714,0.691993,0.690921
0.698714,0.712973,0.698772,0.703306,0.591929,0.660330,0.690981,0.748046,0.716863,0.711988
0.682452,0.713668,0.657183,0.684395,0.655556,0.693271,0.699577,0.678894,0.696777,0.699772
0.646737,0.674061,0.717310,0.813698,0.660989,0.770735,0.689932,0.724089,0.657172,0.703406
0.697348,0.722688,0.657395,0.637428,0.419454,0.637355,0.712560,0.656942,0.708535,0.695991
0.718482,0.723171,0.576825,0.688058,0.665454,0.610185,0.725658,0.598218,0.722951,0.730520
0.627086,0.697223,0.698968,0.660596,0.909894,0.722650,0.698688,0.682043,0.648087,0.646918
0.710917,0.724237,0.680933,0.708147,0.486470,0.690304,0.735903,0.715064,0.686386,0.707782
0.730093,0.702091,0.764664,0.691758,0.703992,0.655701,0.672566,0.708435,0.726809,0.696560
0.738550,0.704738,0.702625,0.710095,0.587634,0.830990,0.621172,0.663744,0.733307,0.731495
0.784867,0.680214,0.763250,0.726705,0.865936,0.777309,0.731805,0.674352,0.676452,0.674471
0.677926,0.678874,0.680126,0.725756,0.631421,0.571199,0.737076,0.743282,0.714464,0.662012
0.728143,0.677168,0.703027,0.665122,0.685791,0.702821,0.704647,0.672620,0.645074,0.676173
0.699397,0.717031,0.683682,0.656850,0.748215,0.700437,0.714832,0.681205,0.771808,0.649317
0.700600,0.693487,0.724809,0.643174,0.786405,0.605027,0.714010,0.698398,0.687482,0.701210
0.631821,0.731800,0.649417,0.698357,0.756088,0.831042,0.676038,0.711432,0.728414,0.702245
0.694230,0.686204,0.667117,0.670220,0.879210,0.741845,0.685328,0.620813,0.685978,0.693083
0.663556,0.696055,0.707112,0.740032,0.814767,0.791503,0.689069,0.659857,0.726401,0.675646
0.713569,0.777563,0.698541,0.609640,0.547465,0.705207,0.715006,0.736839,0.688636,0.718448
0.759104,0.688874,0.743203,0.690375,0.873135,0.739823,0.603439,0.691648,0.751704,0.702440
0.709280,0.758344,0.717001,0.684325,0.785070,0.612820,0.689605,0.736023,0.728460,0.705750
0.683779,0.664308,0.698548,0.554139,0.587512,0.778077,0.690294,0.840894,0.729260,0.686890
0.695523,0.703451,0.662389,0.723933,0.720555,0.636236,0.660204,0.687294,0.712013,0.706900
0.670992,0.676823,0.629248,0.663433,0.333883,0.621152,0.712350,0.745170,0.729608,0.714862
0.658142,0.675350,0.669214,0.688957,0.580624,0.691797,0.696529,0.636936,0.704262,0.699019
0.690046,0.665251,0.663596,0.707038,0.638563,0.691999,0.723486,0.692181,0.700967,0.696251
0.683071,0.700724,0.655559,0.678248,0.816833,0.664617,0.785435,0.711094,0.686076,0.690456
0.674162,0.646076,0.738850,0.696556,0.657348,0.729171,0.742108,0.642636,0.720209,0.693792
0.735546,0.710941,0.687233,0.718731,0.519396,0.572332,0.705197,0.731859,0.728598,0.663100
0.659734,0.728680,0.725603,0.715333,0.638166,0.663933,0.734780,0.696923,0.674843,0.718431
0.730001,0.692108,0.666226,0.689314,0.588270,0.579258,0.718532,0.700595,0.666600,0.695371
0.672325,0.619610,0.715417,0.666287,0.888090,0.674187,0.687577,0.706827,0.605065,0.647987
0.692674,0.656726,0.693429,0.693559,0.812938,0.707808,0.640659,0.704324,0.685895,0.703074
0.686901,0.659768,0.666973,0.794090,0.939973,0.757785,0.704282,0.798851,0.766553,0.710074
0.702839,0.698990,0.606459,0.701549,0.801251,0.726569,0.623685,0.704783,0.692578,0.720257
0.725983,0.683513,0.697202,0.710124,0.677177,0.760334,0.703864,0.717169,0.696087,0.707547
0.695670,0.676163,0.716314,0.781792,0.570930,0.697866,0.729010,0.682428,0.670752,0.682821
0.669896,0.715050,0.727900,0.729674,0.542952,0.674033,0.718428,0.696805,0.699193,0.688147
0.674854,0.709311,0.693742,0.746811,0.652032,0.679561,0.747657,0.693273,0.705440,0.710771
0.684617,0.698784,0.702144,0.725205,0.603563,0.695194,0.714823,0.684825,0.716641,0.707964
0.718216,0.697339,0.696255,0.651251,0.772662,0.647366,0.612250,0.636496,0.715110,0.679959
0.657926,0.722506,0.640687,0.725006,0.825147,0.638699,0.671979,0.729059,0.735647,0.707731
0.686963,0.709872,0.669583,0.624265,0.804519,0.621604,0.702414,0.645494,0.657345,0.677280
0.647722,0.719535,0.595644,0.808167,0.648407,0.558176,0.701286,0.643272,0.653974,0.659210
0.668566,0.682392,0.759320,0.678504,0.748710,0.750010,0.756957,0.688233,0.701358,0.699852
0.686779,0.743510,0.700209,0.765892,0.727130,0.774079,0.725747,0.741620,0.696207,0.718822
0.697808,0.678906,0.695455,0.718308,0.756656,0.690729,0.677976,0.709420,0.684208,0.679944
0.688002,0.693795,0.732950,0.714461,0.662377,0.723090,0.735284,0.698090,0.706353,0.691498
0.671015,0.640911,0.699040,0.709272,0.598811,0.649075,0.723305,0.683968,0.721780,0.677112
0.662779,0.697588,0.687458,0.791043,0.765691,0.780916,0.703213,0.708265,0.704921,0.695816
0.705729,0.684016,0.649791,0.732455,0.689633,0.558353,0.723447,0.728696,0.711967,0.703854
0.705771,0.687109,0.691269,0.763081,0.540539,0.701309,0.708867,0.709191,0.727557,0.716448
0.683839,0.684956,0.732497,0.689674,0.774226,0.725247,0.761346,0.684011,0.654406,0.717200
0.661203,0.713486,0.697311,0.748145,0.645925,0.795875,0.746271,0.722948,0.714547,0.677426
0.728325,0.709367,0.751394,0.607029,0.574205,0.768810,0.729892,0.695192,0.708577,0.718150
0.646308,0.634707,0.731496,0.682700,0.650771,0.736407,0.653270,0.719067,0.668870,0.743818
0.679727,0.705608,0.612594,0.676130,0.863063,0.767569,0.615399,0.706175,0.736858,0.696353
0.695784,0.712593,0.714597,0.682558,0.744236,0.557896,0.624204,0.721872,0.682356,0.686334
0.682095,0.737580,0.732372,0.705681,0.701652,0.649212,0.713553,0.664939,0.731129,0.707103
0.689885,0.667944,0.710940,0.686588,0.649923,0.659076,0.751892,0.689229,0.701686,0.705619
0.719537,0.671119,0.694840,0.810383,0.794281,0.597870,0.666193,0.772421,0.704840,0.672970
0.712010,0.681748,0.745302,0.700394,0.758462,0.490946,0.635215,0.712208,0.733699,0.624880
0.704493,0.707411,0.694917,0.572114,0.725715,0.638885,0.681407,0.739000,0.679103,0.696430
0.686682,0.685723,0.729913,0.682479,0.430092,0.710463,0.713830,0.633207,0.671496,0.693867
0.719222,0.729322,0.686421,0.640443,0.645592,0.720428,0.734244,0.666410,0.676658,0.693373
0.712253,0.686984,0.693871,0.718660,0.789455,0.765744,0.764474,0.717491,0.658008,0.720060
0.707105,0.662900,0.663822,0.799889,0.666334,0.749902,0.702759,0.699668,0.699122,0.706024
0.667015,0.705049,0.702800,0.854906,0.748868,0.719341,0.656353,0.670973,0.670115,0.700273
0.738591,0.691301,0.700115,0.706670,0.813879,0.763640,0.690713,0.664042,0.692197,0.697574
0.679698,0.680329,0.731895,0.700978,0.799949,0.754666,0.722772,0.695645,0.693862,0.686351
0.703104,0.666487,0.665161,0.628435,0.709010,0.865865,0.711770,0.704174,0.720411,0.697964
0.667205,0.674154,0.711866,0.661778,0.705106,0.757799,0.701675,0.699474,0.716705,0.705399
0.693839,0.699148,0.682709,0.714139,0.693906,0.687710,0.722573,0.681327,0.721453,0.689661
0.694798,0.697758,0.607769,0.705026,0.772634,0.736741,0.794569,0.727731,0.664756,0.678077
0.674427,0.737307,0.667314,0.701709,0.913092,0.821615,0.702190,0.701212,0.698468,0.721178
0.714588,0.707823,0.700220,0.623369,0.739373,0.791789,0.732465,0.696418,0.690612,0.691134
0.686702,0.692078,0.685611,0.660536,0.421239,0.674217,0.677145,0.749829,0.692527,0.685879
0.765859,0.709454,0.774741,0.674972,0.595767,0.781105,0.632590,0.699732,0.723379,0.721432
0.685718,0.745528,0.687520,0.674403,0.583599,0.695470,0.739798,0.730320,0.677602,0.704664
0.659388,0.676814,0.744745,0.681637,0.848412,0.583998,0.720105,0.699034,0.691272,0.642995
0.696709,0.685697,0.714173,0.707839,0.477039,0.689778,0.660844,0.696089,0.719996,0.709487
0.706329,0.732355,0.713746,0.659160,0.695582,0.793662,0.715107,0.638334,0.705387,0.679808
0.699749,0.691772,0.658407,0.666239,0.640059,0.862786,0.713613,0.641820,0.692026,0.688042
0.686626,0.713459,0.676680,0.758527,0.706122,0.776752,0.667985,0.709544,0.699840,0.689724
0.695295,0.707136,0.705539,0.663117,0.668680,0.676600,0.680992,0.685524,0.706742,0.701982
0.695591,0.758473,0.648841,0.742902,0.791367,0.659141,0.709016,0.771997,0.695914,0.726348
0.778946,0.655583,0.687498,0.574806,0.735991,0.839923,0.727655,0.693809,0.745007,0.604374
0.719306,0.731177,0.646704,0.673875,0.656582,0.575328,0.635330,0.689748,0.722827,0.671465
0.688895,0.696958,0.737230,0.651731,0.907609,0.674615,0.721913,0.683685,0.752475,0.699098
0.683574,0.686235,0.661273,0.738724,0.367198,0.676960,0.673717,0.695154,0.690917,0.674339
0.690315,0.609376,0.696704,0.606231,0.609299,0.599377,0.681720,0.664685,0.756498,0.719338
0.651744,0.703708,0.675541,0.739486,0.755368,0.667243,0.701077,0.626217,0.724613,0.730176
0.697111,0.744268,0.710160,0.666301,0.741753,0.648829,0.669794,0.674125,0.665210,0.693045
0.614193,0.678483,0.691538,0.707056,0.672285,0.689200,0.753549,0.647843,0.692076,0.701689
0.703049,0.670220,0.668636,0.702922,0.404338,0.638534,0.678270,0.689696,0.680511,0.706824
0.684196,0.712191,0.695846,0.671771,0.703325,0.773209,0.637798,0.727957,0.685383,0.700494
0.732977,0.727293,0.700236,0.720106,0.944458,0.809761,0.722985,0.727577,0.711666,0.718705
0.738937,0.733770,0.710514,0.630664,0.639112,0.705036,0.671907,0.705232,0.667913,0.735795
0.702509,0.753719,0.713665,0.631206,0.833153,0.646885,0.685149,0.678588,0.670659,0.686164
0.697935,0.679355,0.684504,0.641708,0.498189,0.709233,0.682076,0.658722,0.633669,0.714027
0.665815,0.669471,0.689708,0.781402,0.765917,0.630216,0.631899,0.707229,0.738944,0.659013
0.712655,0.738035,0.729931,0.636996,0.661962,0.777488,0.684378,0.656598,0.705853,0.698021
0.693053,0.678093,0.673113,0.723939,0.858293,0.687827,0.737996,0.715807,0.672032,0.671503
0.691964,0.697348,0.698350,0.721321,0.724733,0.546036,0.715282,0.737873,0.714297,0.690901
0.674414,0.742337,0.652956,0.698210,0.447911,0.734430,0.692953,0.697903,0.660922,0.661445
0.682695,0.708636,0.718968,0.730625,0.701669,0.784984,0.654226,0.683143,0.674724,0.713998
0.700576,0.688926,0.714809,0.598289,0.674522,0.659425,0.692990,0.646246,0.674214,0.674945
0.764955,0.731741,0.690799,0.798943,0.888750,0.794011,0.698221,0.614453,0.690065,0.706969
0.709008,0.699499,0.734945,0.658395,0.656317,0.664056,0.726553,0.687454,0.721819,0.703900
0.722248,0.678888,0.686967,0.721036,0.478498,0.782530,0.663005,0.705306,0.705618,0.717222
0.634588,0.672208,0.714256,0.756876,0.708543,0.632266,0.651928,0.670807,0.672688,0.686693
0.676117,0.699298,0.607465,0.685253,0.785366,0.481460,0.638483,0.729604,0.738277,0.691440
0.711908,0.660892,0.706686,0.747238,0.682766,0.762208,0.689149,0.718437,0.743731,0.695532
0.627894,0.760780,0.705474,0.701869,0.628914,0.698580,0.744576,0.649084,0.686587,0.701536
0.696435,0.720685,0.686409,0.660180,0.600183,0.752664,0.745682,0.742471,0.720284,0.704776
0.730906,0.711529,0.734077,0.793201,0.717544,0.696533,0.712664,0.691053,0.702761,0.690489
0.641933,0.706554,0.667897,0.710167,0.702421,0.810816,0.705078,0.706064,0.690803,0.684074
0.714467,0.693946,0.670231,0.606987,0.663664,0.733110,0.591383,0.654917,0.714752,0.654726
0.658271,0.636170,0.696970,0.696269,0.785644,0.571858,0.697733,0.699157,0.717442,0.737702
0.673532,0.704919,0.623261,0.628975,0.575617,0.715029,0.665316,0.675693,0.662230,0.679712
0.685038,0.703094,0.751237,0.651511,0.652687,0.661587,0.684918,0.689878,0.698479,0.716658
0.686977,0.687417,0.599441,0.739600,0.719314,0.871708,0.618636,0.676564,0.728282,0.712257
0.649828,0.702003,0.641582,0.765339,0.611629,0.817470,0.695271,0.744247,0.691361,0.735636
0.630837,0.702030,0.630092,0.784194,0.834394,0.725275,0.733260,0.747049,0.646828,0.722398
0.647503,0.720940,0.662298,0.703233,0.632291,0.744976,0.633959,0.567771,0.723753,0.708672
0.688142,0.694147,0.625399,0.678290,0.692898,0.670160,0.754439,0.746876,0.719249,0.708390
0.672036,0.693987,0.711179,0.724997,0.728803,0.653748,0.717020,0.675789,0.718417,0.697989
0.711305,0.716830,0.617916,0.698159,0.699668,0.622830,0.649175,0.666430,0.720980,0.667354
0.669201,0.744770,0.692461,0.663543,0.760107,0.716524,0.723935,0.665983,0.673466,0.682368
0.685567,0.674333,0.682750,0.660234,0.579231,0.690672,0.716379,0.708064,0.699324,0.711432
0.697601,0.697137,0.673055,0.605835,0.796562,0.632742,0.676281,0.676589,0.696988,0.680316
0.701647,0.665597,0.777721,0.756902,0.601330,0.761856,0.768762,0.725668,0.693409,0.686833
0.681301,0.704705,0.739431,0.649397,0.879886,0.624935,0.719690,0.707296,0.726586,0.675444
0.678685,0.728259,0.691755,0.656682,0.367603,0.678167,0.682193,0.796783,0.694777,0.657145
0.733035,0.599887,0.730614,0.714092,0.832480,0.694997,0.644049,0.700325,0.666210,0.681232
0.660072,0.715198,0.708753,0.685529,0.633468,0.565340,0.673727,0.694022,0.682071,0.692880
0.698069,0.678236,0.791600,0.660476,0.713885,0.730355,0.742922,0.707271,0.712506,0.665260
0.717804,0.660104,0.638363,0.710606,0.604281,0.704453,0.706579,0.714677,0.734694,0.706289
0.668292,0.698063,0.640830,0.671634,0.607202,0.784061,0.592729,0.691680,0.717893,0.689303
0.708268,0.737696,0.681930,0.684437,0.600556,0.601785,0.683710,0.728861,0.608609,0.662080
0.659134,0.721372,0.771501,0.664998,0.552490,0.732869,0.709775,0.732051,0.669566,0.686031
0.704312,0.751546,0.714148,0.697899,0.669088,0.887147,0.720811,0.665682,0.669828,0.702835
0.686742,0.689926,0.719990,0.715228,0.719222,0.700782,0.718485,0.695953,0.716198,0.690462
0.725867,0.664057,0.759566,0.725644,0.577900,0.652635,0.645286,0.649027,0.724800,0.739049
0.664619,0.724902,0.712943,0.719499,0.817636,0.742146,0.755388,0.699988,0.715834,0.728004
0.694092,0.694143,0.708895,0.659307,0.751343,0.746553,0.685679,0.708296,0.684479,0.687199
0.724283,0.699987,0.674002,0.685241,0.749406,0.640201,0.751763,0.666994,0.705195,0.705865
0.681382,0.715747,0.684438,0.735024,0.785383,0.677112,0.698862,0.728632,0.741709,0.691842
0.677511,0.685236,0.708051,0.737390,0.543066,0.667537,0.708863,0.673564,0.722263,0.693773
0.693991,0.636933,0.708900,0.716499,0.772984,0.687687,0.664821,0.706124,0.694744,0.696151
0.674280,0.640871,0.638875,0.686186,0.790024,0.628485,0.636711,0.710838,0.702177,0.711033
0.672674,0.776885,0.707029,0.577951,0.808612,0.671448,0.704089,0.649702,0.735166,0.709134
0.728968,0.696289,0.675882,0.701472,0.746329,0.807155,0.713606,0.717718,0.704751,0.700340
0.669829,0.690107,0.696218,0.720031,0.564977,0.685478,0.710089,0.691933,0.711377,0.724356
0.686601,0.654433,0.730471,0.615080,0.624921,0.685587,0.650442,0.654866,0.650911,0.702067
0.700863,0.756353,0.702206,0.704930,0.743075,0.576797,0.688590,0.648393,0.716387,0.687872
0.700865,0.694010,0.743292,0.690749,0.434319,0.643891,0.656162,0.691087,0.690608,0.700067
0.678180,0.692345,0.673188,0.747672,0.663928,0.665357,0.743153,0.662943,0.707738,0.696828
0.687006,0.693110,0.706813,0.701654,0.712485,0.683626,0.754785,0.690181,0.714196,0.689160
0.735854,0.690000,0.652454,0.708160,0.677812,0.755007,0.805432,0.747387,0.715199,0.685928
0.662648,0.662706,0.734956,0.706784,0.706346,0.675552,0.741131,0.683846,0.736263,0.708953
0.694942,0.703952,0.691463,0.687644,0.735716,0.713580,0.673594,0.691397,0.731217,0.695265
0.686186,0.671336,0.688944,0.726412,0.515778,0.689301,0.665170,0.740654,0.704073,0.708520
0.692252,0.674581,0.647072,0.759565,0.641219,0.807280,0.678021,0.722917,0.712583,0.703494
0.737658,0.709748,0.572573,0.644459,0.639023,0.608222,0.705122,0.637457,0.654959,0.691573
0.722228,0.671644,0.681332,0.716037,0.782522,0.722695,0.730215,0.704830,0.650084,0.679045
0.648193,0.684541,0.704979,0.593759,0.688258,0.822234,0.644906,0.715914,0.671668,0.710307
0.637782,0.725057,0.668673,0.635404,0.566577,0.701391,0.704626,0.778820,0.707643,0.703902
0.701520,0.732202,0.695803,0.654097,0.462474,0.703837,0.668737,0.729803,0.662609,0.671880
0.675952,0.731993,0.742372,0.721119,0.846270,0.808543,0.734571,0.684572,0.699369,0.714662
0.678607,0.706784,0.721508,0.700341,0.576422,0.605719,0.685608,0.744921,0.675246,0.712099
0.715100,0.671396,0.713117,0.752433,0.625235,0.725152,0.697977,0.742698,0.667568,0.686283
0.697271,0.640806,0.678177,0.687272,0.660810,0.770997,0.711646,0.677500,0.699904,0.689426
0.747901,0.639422,0.682391,0.716361,0.602334,0.902572,0.618596,0.606202,0.644487,0.667566
0.692688,0.674918,0.541708,0.611542,0.738295,0.730182,0.508296,0.680703,0.709078,0.704428
0.715373,0.645125,0.720580,0.727563,0.569604,0.747418,0.729411,0.673337,0.723376,0.692411
0.709226,0.726956,0.717031,0.721834,0.799872,0.713391,0.704674,0.694764,0.756497,0.692315
0.682314,0.688426,0.719284,0.713068,0.745435,0.715090,0.739792,0.671815,0.726130,0.700411
0.618573,0.703513,0.731803,0.733677,0.716434,0.732596,0.653622,0.620019,0.684638,0.682968
0.685463,0.725925,0.711337,0.685347,0.745226,0.680163,0.646605,0.661816,0.643590,0.658015
0.730007,0.697415,0.613925,0.669339,0.729913,0.652601,0.817137,0.674453,0.690446,0.698567
0.664313,0.704923,0.697597,0.720236,0.551667,0.695374,0.688807,0.661067,0.708624,0.693735
0.664960,0.694665,0.726241,0.711324,0.657250,0.707345,0.723374,0.674347,0.712088,0.682082
0.683910,0.691644,0.687177,0.708303,0.336778,0.629026,0.672434,0.661469,0.713783,0.689216
0.693196,0.703362,0.761990,0.679409,0.754679,0.719222,0.756803,0.691213,0.697020,0.690338
0.691832,0.682958,0.604038,0.648202,0.784690,0.710922,0.606472,0.689537,0.691197,0.696723
0.728709,0.668660,0.697600,0.706665,0.664086,0.614874,0.744077,0.707700,0.695619,0.693183
0.705999,0.739786,0.683107,0.633710,0.712506,0.756390,0.775538,0.726940,0.683142,0.671514
0.723229,0.657503,0.616150,0.738000,0.595423,0.708716,0.723687,0.707316,0.709426,0.692249
0.696071,0.705580,0.674429,0.693482,0.595911,0.675202,0.704718,0.677387,0.694484,0.695124
0.681179,0.713754,0.669724,0.723575,0.601076,0.643898,0.672315,0.710633,0.735637,0.688991
0.696026,0.688222,0.686377,0.601553,0.787129,0.702642,0.689373,0.666389,0.694108,0.695367
0.715774,0.711964,0.741940,0.676836,0.573530,0.638252,0.734453,0.744189,0.688758,0.706998
0.713138,0.598970,0.684111,0.574458,0.648046,0.693533,0.731062,0.705624,0.738770,0.644550
0.683656,0.649444,0.727373,0.649769,0.909901,0.657928,0.727109,0.715911,0.681570,0.637944
0.728166,0.681384,0.797728,0.671293,0.748900,0.677930,0.730152,0.668268,0.692388,0.638655
0.746897,0.777617,0.684774,0.775899,0.597820,0.737215,0.673985,0.654857,0.775809,0.732110
0.671302,0.654220,0.664257,0.684012,0.744625,0.594937,0.690008,0.718797,0.705260,0.661575
0.687195,0.687166,0.701580,0.767554,0.881749,0.846498,0.698692,0.567404,0.690673,0.695995
0.691085,0.705835,0.735284,0.693608,0.693762,0.734837,0.693481,0.686958,0.680525,0.680840
0.732035,0.749281,0.689734,0.749408,0.548618,0.728802,0.747923,0.712494,0.721139,0.746775
0.697242,0.756960,0.661932,0.648092,0.767141,0.707409,0.715398,0.737934,0.688466,0.698148
0.670331,0.738893,0.708810,0.758633,0.754833,0.641975,0.685507,0.800214,0.719411,0.703203
0.717374,0.686609,0.710324,0.719407,0.685356,0.634574,0.674425,0.642386,0.681524,0.666801
0.683617,0.693631,0.739314,0.713336,0.614887,0.718858,0.731813,0.693002,0.682807,0.694591
0.678526,0.706525,0.723560,0.720843,0.705818,0.694060,0.743763,0.678340,0.705529,0.713823
0.683587,0.679644,0.682051,0.725587,0.581325,0.677021,0.689589,0.707388,0.715223,0.694244
0.694102,0.713750,0.688588,0.749093,0.670867,0.600733,0.680070,0.691875,0.685036,0.684246
0.699013,0.726924,0.648459,0.704095,0.759686,0.813215,0.698330,0.702522,0.581081,0.719998
0.658628,0.623232,0.700490,0.647015,0.722236,0.544715,0.697440,0.700710,0.699506,0.711735
0.694510,0.655722,0.705863,0.737855,0.531955,0.739616,0.714764,0.737528,0.677684,0.702964
0.705374,0.678983,0.708875,0.739763,0.622183,0.775896,0.655090,0.727100,0.670550,0.698783
0.690651,0.705144,0.688186,0.682882,0.762159,0.506269,0.663510,0.714453,0.710485,0.687649
0.690194,0.702197,0.664449,0.736119,0.467353,0.659404,0.667954,0.673173,0.696033,0.698427
0.717311,0.721638,0.668411,0.640158,0.750316,0.638208,0.704133,0.660896,0.675805,0.691750
0.682050,0.676330,0.667499,0.695692,0.766837,0.639118,0.670615,0.695279,0.700169,0.682316
0.708820,0.684216,0.732088,0.716575,0.713229,0.700001,0.709042,0.701709,0.677823,0.637372
0.682161,0.614950,0.729816,0.648382,0.837586,0.595856,0.720218,0.672983,0.755767,0.709714
0.716817,0.643921,0.646133,0.581657,0.610938,0.707835,0.745321,0.659865,0.764516,0.717451
0.609121,0.623596,0.746594,0.750902,0.695012,0.681792,0.669448,0.675358,0.687811,0.722168
0.752754,0.713196,0.693024,0.727890,0.713913,0.640702,0.678536,0.714635,0.681257,0.651509
0.718225,0.690680,0.731456,0.706788,0.693622,0.750572,0.704550,0.680311,0.674257,0.676748
0.808827,0.735446,0.664419,0.600973,0.555496,0.656819,0.719937,0.666772,0.734807,0.687896
0.705891,0.666936,0.692208,0.662420,0.662783,0.716026,0.614148,0.696375,0.719472,0.657121
0.652296,0.670678,0.752081,0.663232,0.688386,0.668257,0.737928,0.658285,0.675095,0.689005
0.675621,0.673223,0.682886,0.682506,0.645918,0.751391,0.706621,0.705125,0.697365,0.678099
0.729922,0.695016,0.723912,0.729059,0.845077,0.687991,0.749896,0.643027,0.730418,0.657625
0.674524,0.835324,0.710933,0.653852,0.685008,0.702317,0.665599,0.717739,0.682726,0.709408
0.714996,0.684168,0.688823,0.641553,0.564249,0.730502,0.692572,0.690382,0.678664,0.701962
0.636336,0.666819,0.727379,0.681905,0.637545,0.630410,0.687459,0.749403,0.702774,0.698331
0.647182,0.766403,0.596122,0.743870,0.700287,0.732622,0.793326,0.667191,0.689110,0.682039
0.646898,0.680603,0.702084,0.688228,0.704766,0.751166,0.747219,0.685799,0.681313,0.690912
0.668998,0.767586,0.656984,0.659946,0.666089,0.692905,0.694237,0.678885,0.686135,0.672990
0.691755,0.704346,0.703863,0.670874,0.541955,0.672718,0.714629,0.692034,0.696119,0.708415
0.731921,0.697458,0.687803,0.707837,0.585116,0.695789,0.706824,0.689935,0.713582,0.660205
0.681822,0.609286,0.657816,0.639174,0.668102,0.728144,0.730353,0.699362,0.673962,0.718463
0.764057,0.660423,0.697892,0.590200,0.664370,0.714497,0.624462,0.700894,0.734864,0.738698
0.693706,0.659877,0.671792,0.657515,0.828128,0.869605,0.714392,0.665293,0.728431,0.698278
0.702824,0.709617,0.640416,0.677463,0.885442,0.722001,0.689537,0.731055,0.740106,0.699955
0.694193,0.652730,0.684852,0.677687,0.664428,0.677176,0.658681,0.616217,0.644865,0.735497
0.716801,0.669018,0.692707,0.703221,0.563818,0.728529,0.650906,0.680584,0.736093,0.698578
0.716592,0.668822,0.695771,0.685407,0.581459,0.684418,0.701925,0.648999,0.683598,0.689969
0.695012,0.687800,0.622224,0.664527,0.640533,0.723731,0.778651,0.828364,0.714038,0.711996
0.673721,0.692765,0.737262,0.699661,0.899387,0.784101,0.679060,0.709950,0.703156,0.687894
0.698495,0.686386,0.752227,0.623332,0.723436,0.567624,0.725774,0.672448,0.689723,0.695345
0.677172,0.682114,0.735043,0.738918,0.624678,0.735894,0.706602,0.679399,0.704970,0.713894
0.678734,0.661538,0.692126,0.734533,0.764631,0.745038,0.679339,0.719734,0.721683,0.705137
0.754699,0.687090,0.713705,0.750360,0.769476,0.775486,0.679814,0.731564,0.750053,0.670514
0.705558,0.663635,0.715330,0.662689,0.694262,0.782129,0.740456,0.675067,0.695847,0.701243
0.638846,0.659315,0.718873,0.642142,0.746049,0.639115,0.658440,0.719906,0.682631,0.690959
0.624316,0.674243,0.762840,0.738074,0.762350,0.486518,0.664142,0.710567,0.682681,0.658672
0.780992,0.772472,0.745289,0.625937,0.660113,0.616428,0.653165,0.707820,0.676649,0.677918
0.687836,0.737587,0.644376,0.670018,0.739268,0.745046,0.649912,0.701491,0.663096,0.692142
0.712592,0.746976,0.640415,0.715386,0.686512,0.645170,0.717684,0.702222,0.681951,0.704085
0.687374,0.706309,0.738839,0.584239,0.766208,0.833525,0.694124,0.714130,0.690797,0.665823
0.643168,0.686111,0.539633,0.685505,0.659831,0.732419,0.659274,0.713966,0.674261,0.676514
0.676899,0.726160,0.723563,0.795370,0.681798,0.723945,0.720803,0.696346,0.720737,0.713350
0.675194,0.703510,0.731587,0.660673,0.860705,0.822218,0.591901,0.676467,0.683781,0.669538
0.708349,0.693477,0.727579,0.707657,0.711742,0.709900,0.729678,0.686341,0.718400,0.680891
0.734010,0.707085,0.777718,0.680093,0.691361,0.750114,0.669153,0.738303,0.712281,0.683609
0.695939,0.683914,0.769450,0.636420,0.682904,0.665474,0.694805,0.709597,0.719145,0.713800
0.708925,0.707210,0.745876,0.709214,0.558215,0.711351,0.664147,0.654790,0.675671,0.741983
0.685625,0.701365,0.692934,0.718340,0.623423,0.597661,0.687938,0.697481,0.724515,0.689237
0.699794,0.755102,0.653549,0.756610,0.649459,0.556052,0.720482,0.725301,0.714881,0.682763
0.680417,0.707750,0.662001,0.731045,0.692046,0.687446,0.702058,0.692217,0.685370,0.680489
0.677203,0.679145,0.681297,0.744048,0.750757,0.706651,0.688185,0.726496,0.739975,0.684598
0.700781,0.710782,0.665052,0.799594,0.700360,0.798110,0.667899,0.753673,0.650254,0.692582
0.712640,0.707991,0.711457,0.721361,0.640043,0.683786,0.714433,0.675439,0.715893,0.692692
0.690820,0.716112,0.633588,0.709474,0.673370,0.717831,0.655533,0.695443,0.719596,0.713471
0.698384,0.725394,0.701510,0.621657,0.542116,0.745993,0.724388,0.679038,0.673776,0.678810
0.650697,0.764177,0.724543,0.740009,0.659394,0.717437,0.678985,0.790457,0.708950,0.746007
0.671000,0.731881,0.671682,0.763205,0.780218,0.561260,0.709799,0.714836,0.665084,0.661126
0.714863,0.704255,0.671097,0.746934,0.686396,0.715648,0.696074,0.708561,0.691568,0.672099
0.760163,0.684488,0.687137,0.644396,0.758664,0.664898,0.726986,0.659394,0.734961,0.677938
0.643567,0.645159,0.735120,0.701733,0.587039,0.543651,0.684406,0.667591,0.700590,0.704950
0.675923,0.713563,0.671216,0.760975,0.479749,0.758413,0.651875,0.656325,0.724581,0.689398
0.690163,0.689403,0.665838,0.660333,0.796549,0.594891,0.718631,0.676949,0.706827,0.741235
0.682474,0.655618,0.675923,0.753733,0.596483,0.719682,0.677632,0.669840,0.687904,0.703023
0.693779,0.687212,0.754960,0.675072,0.648878,0.793598,0.660806,0.736714,0.724593,0.673559
0.678127,0.633476,0.668073,0.704912,0.614388,0.713470,0.687810,0.631884,0.724339,0.707541
0.681410,0.681378,0.705252,0.748241,0.812772,0.643412,0.661540,0.767091,0.684431,0.690321
0.655385,0.746550,0.663561,0.607452,0.611421,0.634886,0.735416,0.689695,0.655234,0.682210
0.697404,0.745663,0.659850,0.623509,0.779363,0.531656,0.640422,0.709594,0.700891,0.699667
0.717365,0.671969,0.629754,0.629608,0.866099,0.766783,0.648548,0.706516,0.654805,0.692961
0.761669,0.739932,0.669987,0.730813,0.687512,0.642948,0.740166,0.706599,0.700533,0.654409
0.718389,0.716395,0.628329,0.719751,0.623482,0.703687,0.747727,0.688126,0.699561,0.695340
0.678746,0.687461,0.741054,0.859784,0.745283,0.778763,0.676039,0.714624,0.707719,0.659089
0.672758,0.669735,0.659818,0.660326,0.657249,0.729230,0.723571,0.701894,0.687006,0.729517
0.692739,0.699432,0.638450,0.670004,0.726719,0.674005,0.743364,0.690441,0.697986,0.648990
0.708654,0.755681,0.580483,0.754100,0.749960,0.700402,0.740515,0.698595,0.709575,0.645389
0.715031,0.655772,0.702792,0.619123,0.680996,0.750401,0.685014,0.718922,0.680537,0.710082
0.646882,0.632244,0.698903,0.688111,0.611079,0.661091,0.701284,0.753908,0.727568,0.768030
0.686978,0.715167,0.756683,0.726150,0.595714,0.683037,0.650561,0.693915,0.724362,0.682212
0.705110,0.713545,0.706187,0.817168,0.649189,0.712382,0.667665,0.721014,0.712844,0.690900
0.723286,0.777815,0.701462,0.765709,0.772047,0.763668,0.650917,0.734503,0.671111,0.684524
0.681639,0.613265,0.654519,0.682254,0.770449,0.675477,0.754565,0.669015,0.734335,0.710710
0.704111,0.701585,0.645379,0.698614,0.697256,0.738377,0.684216,0.692994,0.710693,0.679156
0.725169,0.742988,0.641064,0.670744,0.535636,0.634788,0.638453,0.723886,0.704379,0.723624
0.682119,0.711563,0.742318,0.732836,0.637969,0.752296,0.729710,0.669554,0.715309,0.696738
0.650665,0.696146,0.697517,0.602391,0.665710,0.636782,0.618861,0.564607,0.729203,0.677710
0.723873,0.762620,0.685658,0.705932,0.689479,0.590950,0.677354,0.739285,0.662373,0.682825
0.679409,0.813519,0.735553,0.592469,0.540610,0.690680,0.664428,0.692969,0.707152,0.724637
0.749994,0.688174,0.739171,0.634105,0.596917,0.764773,0.626091,0.603468,0.694733,0.751515
0.697979,0.690508,0.771325,0.754695,0.884422,0.771765,0.641835,0.689413,0.645968,0.685147
0.695497,0.718247,0.674442,0.634754,0.608974,0.650401,0.722498,0.747746,0.735659,0.705715
0.730546,0.707078,0.701667,0.721992,0.742230,0.657261,0.762912,0.700452,0.713903,0.701312
0.704860,0.707576,0.703770,0.740157,0.530953,0.688336,0.706524,0.702241,0.713853,0.694566
0.735848,0.674480,0.656629,0.708886,0.727325,0.652269,0.732000,0.647722,0.645627,0.707877
0.670911,0.685166,0.647418,0.735626,0.855760,0.764470,0.668482,0.740201,0.760339,0.714789
0.664855,0.706708,0.639710,0.687030,0.673617,0.564787,0.727191,0.731474,0.707480,0.758745
0.705108,0.707615,0.665683,0.657054,0.613054,0.664420,0.718178,0.661523,0.675405,0.691226
0.683338,0.733543,0.666290,0.687330,0.735555,0.642160,0.686375,0.713246,0.720132,0.667984
0.681954,0.676439,0.698890,0.664473,0.769860,0.561937,0.683847,0.673977,0.673161,0.712368
0.671235,0.689000,0.741241,0.666037,0.821282,0.512070,0.706569,0.679291,0.757012,0.709309
0.692878,0.671724,0.688170,0.633673,0.827646,0.663024,0.681013,0.688280,0.688275,0.698151
0.693225,0.690451,0.729651,0.716655,0.564826,0.641617,0.683011,0.700843,0.697063,0.679449
0.706438,0.661663,0.685396,0.710082,0.555063,0.672453,0.727993,0.716802,0.691763,0.698230
0.695719,0.733948,0.685236,0.642892,0.892301,0.711085,0.644918,0.700653,0.747652,0.707712
0.706867,0.719421,0.768485,0.671204,0.685115,0.651784,0.739890,0.757247,0.715178,0.690417
0.718267,0.721717,0.724827,0.643510,0.545079,0.705399,0.680496,0.709887,0.714448,0.687814
0.701597,0.713026,0.770827,0.733075,0.633284,0.697113,0.731201,0.681205,0.709163,0.689575
0.675968,0.744471,0.672679,0.679709,0.525142,0.666514,0.687311,0.691921,0.721038,0.695947
0.710175,0.702309,0.709015,0.638765,0.654499,0.512829,0.707928,0.727836,0.699012,0.677050
0.697381,0.740400,0.646684,0.743428,0.771294,0.538131,0.740506,0.669067,0.662141,0.656460
0.720518,0.729034,0.704152,0.674905,0.665673,0.692511,0.739830,0.708645,0.684827,0.690019
0.672010,0.676136,0.769677,0.669093,0.635112,0.676940,0.690697,0.755777,0.656214,0.666333
0.678747,0.705004,0.660653,0.695820,0.835795,0.750920,0.692142,0.684019,0.728342,0.689822
0.694104,0.714243,0.620556,0.632182,0.811061,0.792080,0.640215,0.720876,0.722466,0.690045
0.722766,0.690345,0.695743,0.646051,0.700907,0.661933,0.729452,0.701614,0.690198,0.726428
0.683287,0.765638,0.698802,0.759350,0.746587,0.681727,0.696977,0.702842,0.660218,0.681983
0.664471,0.641660,0.700594,0.701245,0.697779,0.708052,0.733199,0.691302,0.710567,0.700450
0.670932,0.641203,0.703186,0.731291,0.553522,0.654988,0.680393,0.687631,0.686606,0.714159
0.686841,0.692683,0.733589,0.706159,0.738861,0.743345,0.705685,0.683804,0.703738,0.688257
0.680120,0.638085,0.709210,0.777349,0.661099,0.698620,0.700220,0.745940,0.689575,0.675987
0.734738,0.686655,0.688567,0.680557,0.722343,0.684173,0.693820,0.703463,0.632200,0.723569
0.716601,0.702088,0.721178,0.742378,0.749865,0.607950,0.591980,0.736484,0.674048,0.683298
0.746539,0.814235,0.723303,0.611978,0.605071,0.716869,0.670868,0.734238,0.700056,0.664881
0.702832,0.750241,0.727789,0.711738,0.599979,0.622620,0.762977,0.653720,0.674899,0.700357
0.712357,0.641534,0.674063,0.716713,0.843999,0.724473,0.630856,0.723649,0.677563,0.702038
0.653636,0.635430,0.681451,0.661159,0.571469,0.622379,0.669058,0.632871,0.663867,0.685436
0.686825,0.666370,0.720098,0.693926,0.616258,0.681509,0.707493,0.680752,0.715196,0.685854
0.644440,0.698976,0.730119,0.664287,0.867734,0.660839,0.731820,0.594501,0.727248,0.661701
0.713079,0.686100,0.689406,0.658241,0.658758,0.804011,0.728754,0.728659,0.683598,0.697269
0.713463,0.693143,0.636497,0.665102,0.801030,0.591790,0.606381,0.676044,0.655883,0.654351
0.653243,0.690905,0.652955,0.578366,0.572051,0.782509,0.755118,0.830709,0.667737,0.725161
0.683702,0.692693,0.730084,0.754872,0.646437,0.588547,0.685640,0.680706,0.695748,0.773912
0.692916,0.654947,0.645121,0.688130,0.773806,0.633613,0.658138,0.688228,0.692885,0.694543
0.705381,0.673379,0.780551,0.721904,0.585381,0.695556,0.755465,0.666251,0.715185,0.662607
0.693270,0.732055,0.651549,0.715460,0.716089,0.686268,0.651284,0.711707,0.689999,0.693934
0.704063,0.655905,0.686205,0.628405,0.726580,0.667954,0.673694,0.699651,0.683962,0.691927
0.671500,0.759964,0.689242,0.688879,0.898452,0.802282,0.722284,0.705052,0.762218,0.706128
0.709280,0.699903,0.604362,0.666179,0.719115,0.832941,0.562782,0.675248,0.687837,0.722083
0.696192,0.693500,0.749975,0.700234,0.710545,0.736141,0.751114,0.693825,0.696486,0.698982
0.705266,0.747510,0.682146,0.697517,0.588873,0.742586,0.678639,0.718091,0.683793,0.684337
0.689501,0.703725,0.680586,0.664636,0.621180,0.645323,0.700365,0.646732,0.685461,0.710580
0.668359,0.722362,0.710809,0.721748,0.677776,0.562313,0.596902,0.717405,0.685216,0.693605
0.690373,0.743488,0.667152,0.705721,0.461022,0.663615,0.685768,0.653955,0.710641,0.698017
0.707789,0.605357,0.616800,0.760289,0.582175,0.762475,0.629781,0.686455,0.666783,0.704671
0.681511,0.702965,0.738250,0.654917,0.775764,0.697254,0.721054,0.726138,0.732832,0.646259
0.696195,0.729890,0.615221,0.662178,0.697750,0.640543,0.599253,0.691043,0.698607,0.710703
0.684451,0.683946,0.729876,0.563128,0.883291,0.719034,0.716114,0.716628,0.698639,0.676543
0.718011,0.690167,0.686474,0.702057,0.806599,0.684987,0.717001,0.642024,0.628682,0.667715
0.717291,0.675927,0.683962,0.724353,0.705297,0.750099,0.708072,0.664130,0.722866,0.686670
0.703716,0.716278,0.715035,0.569662,0.561908,0.778032,0.674811,0.767374,0.718143,0.671765
0.676507,0.691753,0.707727,0.720226,0.674461,0.752280,0.722916,0.681016,0.694970,0.703234
0.703356,0.713552,0.715950,0.632219,0.805064,0.693098,0.680120,0.686266,0.618691,0.703970
0.675623,0.703339,0.677033,0.723069,0.794485,0.567632,0.712205,0.634914,0.708814,0.710683
0.677227,0.684061,0.681343,0.682571,0.801070,0.665740,0.677386,0.702603,0.728981,0.701396
0.715503,0.727862,0.693166,0.621500,0.786152,0.796922,0.748466,0.718115,0.635610,0.740152
0.693177,0.671155,0.704254,0.678301,0.703081,0.708732,0.748925,0.679923,0.675412,0.675925
0.703513,0.673659,0.692452,0.773792,0.871103,0.690207,0.666195,0.701006,0.565374,0.725151
0.705308,0.658188,0.769235,0.728980,0.679876,0.683212,0.718013,0.685111,0.639225,0.675248
0.699325,0.675460,0.712300,0.766760,0.790842,0.695773,0.698259,0.707878,0.689401,0.691087
0.658888,0.716046,0.630384,0.665803,0.415716,0.700608,0.737270,0.764168,0.655105,0.688705
0.718735,0.682081,0.674273,0.676843,0.782642,0.453864,0.691530,0.723031,0.648752,0.709896
0.705763,0.708665,0.716830,0.718270,0.623708,0.655268,0.720356,0.698395,0.701280,0.677059
0.698175,0.687952,0.723024,0.707488,0.582526,0.626070,0.715799,0.694784,0.720304,0.689338
0.673592,0.688181,0.675779,0.709118,0.739492,0.697699,0.645132,0.689889,0.713622,0.684247
0.702062,0.744031,0.706510,0.711270,0.764125,0.886415,0.671773,0.716258,0.620691,0.677606
0.684316,0.649928,0.715707,0.743865,0.777651,0.703754,0.645614,0.679412,0.687830,0.697662
0.703224,0.730218,0.661880,0.680748,0.649036,0.615507,0.689611,0.679060,0.672401,0.696098
0.691448,0.673671,0.674525,0.662558,0.752136,0.598481,0.693662,0.696442,0.701654,0.711573
0.708641,0.679301,0.698969,0.663851,0.551358,0.651618,0.715501,0.648508,0.706227,0.693902
0.720434,0.678393,0.604275,0.661741,0.833802,0.786265,0.613505,0.652779,0.716437,0.696241
0.680410,0.688050,0.708375,0.684221,0.844109,0.565586,0.705521,0.692735,0.728725,0.701258
0.678346,0.740544,0.664956,0.767835,0.758712,0.628177,0.683406,0.726074,0.702193,0.706685
0.690307,0.686803,0.702176,0.667787,0.805930,0.489513,0.744343,0.688045,0.720067,0.714363
0.690067,0.713983,0.746575,0.738897,0.626575,0.690371,0.738647,0.685889,0.713483,0.696051
0.717395,0.703358,0.721788,0.704923,0.787718,0.749081,0.700444,0.715808,0.695781,0.715477
0.706974,0.730916,0.708899,0.706463,0.659683,0.709595,0.688130,0.650333,0.727446,0.667821
0.693014,0.706579,0.681594,0.681692,0.633990,0.696015,0.678728,0.689564,0.707049,0.695609
0.759962,0.703619,0.669964,0.604367,0.609109,0.827542,0.634272,0.718040,0.702212,0.700902
0.662519,0.716971,0.705207,0.691146,0.694179,0.639989,0.740926,0.678964,0.709160,0.702095
0.727849,0.697359,0.705656,0.676525,0.815893,0.591220,0.685526,0.706057,0.690216,0.711532
0.656438,0.704114,0.684714,0.749621,0.561788,0.678375,0.673827,0.690392,0.674548,0.641920
0.628115,0.747514,0.651825,0.683763,0.566859,0.617145,0.691148,0.713695,0.660715,0.721258
0.729606,0.689715,0.652246,0.682478,0.578831,0.692361,0.687235,0.664101,0.644859,0.686845
0.697944,0.693098,0.710487,0.690337,0.629714,0.687905,0.647256,0.690694,0.730453,0.681601
0.686719,0.707807,0.689136,0.686947,0.657822,0.570494,0.695578,0.667037,0.677250,0.728940
0.746083,0.640580,0.645238,0.750208,0.659560,0.747464,0.715829,0.702726,0.664491,0.675552
0.707778,0.667212,0.649834,0.699821,0.541360,0.646223,0.680794,0.715249,0.669853,0.733740
0.701540,0.695863,0.727841,0.724822,0.582111,0.692096,0.727338,0.658286,0.706121,0.703276
0.720218,0.695594,0.749252,0.797214,0.804817,0.677229,0.669438,0.670737,0.606901,0.693484
0.661383,0.701462,0.700185,0.701584,0.685930,0.712979,0.757341,0.721233,0.668065,0.659956
0.742590,0.735958,0.773063,0.782011,0.588714,0.640541,0.614744,0.609584,0.715704,0.696153
0.824917,0.694861,0.685254,0.587295,0.608845,0.719929,0.581229,0.685784,0.716479,0.704349
0.691781,0.685498,0.648690,0.684511,0.853214,0.675074,0.617958,0.682990,0.739911,0.697392
0.708885,0.643903,0.694910,0.690458,0.652344,0.712357,0.675347,0.652026,0.736637,0.710624
0.643459,0.651779,0.665543,0.773351,0.800652,0.743208,0.664243,0.715055,0.649356,0.709349
0.643185,0.699154,0.693693,0.788177,0.727578,0.706868,0.591345,0.730713,0.727429,0.686825
0.708497,0.758717,0.642874,0.724458,0.620636,0.774126,0.745376,0.714047,0.719578,0.622461
0.683475,0.716697,0.665689,0.700768,0.828552,0.719283,0.607729,0.693614,0.704073,0.647328
0.692797,0.693208,0.728468,0.701812,0.637709,0.715392,0.708690,0.690958,0.696475,0.694591
0.633636,0.622551,0.699936,0.744180,0.660617,0.771330,0.693543,0.641800,0.706599,0.681484
0.690913,0.703858,0.625878,0.634642,0.798612,0.714956,0.573562,0.682426,0.711955,0.739367
0.671611,0.711536,0.675135,0.592440,0.635277,0.689685,0.769151,0.721811,0.757613,0.652007
0.661430,0.675034,0.734076,0.689415,0.631668,0.695539,0.663447,0.719940,0.668800,0.683365
0.694762,0.663034,0.622166,0.745040,0.513119,0.762954,0.703982,0.653684,0.699495,0.746749
0.716696,0.608269,0.663914,0.629974,0.702336,0.808021,0.638432,0.660846,0.696232,0.694034
0.667637,0.700405,0.700596,0.635187,0.566431,0.736200,0.687306,0.743010,0.696462,0.714921
0.709478,0.686884,0.717182,0.707452,0.468413,0.676782,0.731792,0.684889,0.668898,0.722348
0.713382,0.774691,0.697227,0.698048,0.786938,0.780500,0.653997,0.657929,0.685148,0.653929
0.674533,0.671981,0.728104,0.682366,0.690687,0.776851,0.687075,0.694151,0.713577,0.718230
0.658821,0.669732,0.667103,0.634986,0.760321,0.705346,0.695944,0.708105,0.680167,0.662706
0.723073,0.722226,0.677101,0.683037,0.567946,0.796984,0.741778,0.767005,0.682837,0.636366
0.697037,0.688086,0.671819,0.718385,0.641916,0.690202,0.713000,0.703761,0.718826,0.694362
0.720298,0.687616,0.696259,0.585185,0.750898,0.566359,0.732646,0.699021,0.704837,0.694295
0.676884,0.664452,0.697666,0.736873,0.752693,0.656760,0.702581,0.687132,0.722769,0.713512
0.640681,0.729348,0.687873,0.724362,0.777708,0.708361,0.705718,0.702610,0.725847,0.678401
0.720152,0.707246,0.685302,0.724342,0.644623,0.584618,0.687175,0.626655,0.714850,0.702924
0.665110,0.734785,0.666471,0.783204,0.698549,0.526990,0.706515,0.651649,0.715544,0.708215
0.723896,0.596674,0.698163,0.712189,0.725056,0.840933,0.708504,0.720127,0.678042,0.678387
0.700770,0.682300,0.732375,0.714419,0.581889,0.696504,0.720341,0.679060,0.706523,0.697828
0.698923,0.720650,0.667816,0.659111,0.730662,0.743369,0.690544,0.696469,0.673479,0.704307
0.680737,0.658977,0.722384,0.702042,0.610518,0.651427,0.744380,0.664521,0.680840,0.684208
0.625319,0.692528,0.658790,0.691870,0.458239,0.649909,0.706392,0.698222,0.694946,0.750532
0.712779,0.705605,0.640703,0.756327,0.673303,0.527952,0.729820,0.738645,0.736405,0.673656
0.707011,0.652446,0.708723,0.769315,0.932305,0.740165,0.671780,0.673958,0.663575,0.665870
0.707606,0.746307,0.687154,0.727454,0.835619,0.860365,0.762263,0.666595,0.657211,0.704071
0.664752,0.709886,0.722498,0.734961,0.713937,0.491292,0.668635,0.631784,0.749405,0.685154
0.672306,0.677020,0.689521,0.603488,0.800311,0.613663,0.706407,0.629622,0.677176,0.701267
0.695057,0.723399,0.713210,0.714818,0.714470,0.694620,0.682554,0.683652,0.698196,0.678910
0.654749,0.731035,0.691942,0.728380,0.567912,0.597707,0.672944,0.665424,0.678900,0.703628
0.697124,0.687183,0.709493,0.695439,0.725881,0.595703,0.741919,0.628780,0.683087,0.701971
0.700835,0.689101,0.652024,0.697155,0.746382,0.748239,0.702146,0.707278,0.727609,0.683699
0.688973,0.686784,0.761851,0.694383,0.658039,0.746000,0.768502,0.675462,0.691326,0.709534
0.731954,0.750828,0.636297,0.711617,0.793674,0.853212,0.769144,0.723908,0.747570,0.739967
0.683699,0.719250,0.658138,0.664179,0.687375,0.716430,0.701743,0.677916,0.741294,0.718670
0.675549,0.704854,0.655694,0.743466,0.649832,0.616159,0.681485,0.698606,0.676397,0.683857
0.643917,0.663720,0.681413,0.752244,0.559378,0.583344,0.665523,0.724364,0.735799,0.683311
0.710897,0.702108,0.730803,0.707813,0.715196,0.669185,0.699101,0.699429,0.692424,0.702247
0.705697,0.753817,0.707912,0.716001,0.776380,0.543669,0.635114,0.687938,0.723295,0.663574
0.748237,0.650209,0.671191,0.710780,0.821784,0.579490,0.755014,0.740302,0.674433,0.700557
0.683360,0.688180,0.680923,0.651536,0.478273,0.706550,0.738885,0.718644,0.636573,0.676333
0.666475,0.722535,0.644315,0.689752,0.809079,0.719694,0.660862,0.643015,0.742243,0.693095
0.706502,0.654572,0.677580,0.667717,0.687674,0.663708,0.710573,0.724313,0.739965,0.692210
0.699709,0.691635,0.643156,0.685039,0.638734,0.696662,0.670706,0.708136,0.705575,0.690764
0.664129,0.680873,0.714750,0.691404,0.674984,0.642440,0.645447,0.727536,0.642489,0.738541
0.686076,0.699776,0.720423,0.651986,0.675639,0.647325,0.758860,0.694310,0.703776,0.669134
0.680840,0.662026,0.708188,0.694359,0.744366,0.596396,0.676620,0.728611,0.713977,0.705746
0.744310,0.662945,0.624565,0.562554,0.747763,0.862588,0.784690,0.694913,0.716370,0.626883
0.686152,0.705844,0.682296,0.654860,0.754450,0.676628,0.679373,0.686190,0.754098,0.695677
0.744778,0.692817,0.750233,0.728699,0.749578,0.553666,0.576274,0.683005,0.743578,0.710137
0.690673,0.711677,0.720063,0.735941,0.701634,0.734854,0.729388,0.671050,0.715180,0.661181
0.668546,0.707983,0.680741,0.700959,0.766832,0.728737,0.718933,0.668057,0.696545,0.713694
0.719992,0.724685,0.685111,0.765886,0.669630,0.588070,0.698827,0.642391,0.660093,0.707195
0.697970,0.703875,0.685067,0.708577,0.891741,0.776388,0.667807,0.686190,0.745917,0.693186
0.724328,0.726193,0.674152,0.630854,0.703607,0.638487,0.651966,0.696584,0.664849,0.693907
0.716606,0.698632,0.717446,0.647540,0.739434,0.613471,0.658111,0.688428,0.699376,0.681919
0.646789,0.653450,0.747335,0.734298,0.724113,0.657051,0.613828,0.618233,0.655406,0.725981
0.698361,0.692569,0.713507,0.698242,0.837100,0.599556,0.714547,0.716617,0.718566,0.719232
0.730906,0.572270,0.701896,0.611593,0.579235,0.702732,0.707949,0.671300,0.678023,0.705952
0.701748,0.780818,0.650662,0.715495,0.726517,0.590013,0.712964,0.709503,0.623140,0.741278
0.733660,0.684278,0.715052,0.690171,0.648971,0.766081,0.733425,0.692459,0.696461,0.685631
0.725237,0.727434,0.683479,0.718643,0.796381,0.748129,0.668342,0.675323,0.735569,0.719513
0.665534,0.659600,0.728568,0.631307,0.488832,0.624318,0.643544,0.685484,0.664941,0.725453
0.710545,0.711872,0.713523,0.701746,0.611742,0.736448,0.672197,0.706950,0.719818,0.669966
0.700579,0.614549,0.688587,0.586560,0.739132,0.654686,0.657338,0.620930,0.725711,0.702526
0.713974,0.715353,0.724013,0.780194,0.794461,0.731871,0.666102,0.679035,0.700348,0.664538
0.689021,0.748606,0.720223,0.637237,0.890228,0.696508,0.678422,0.599351,0.631494,0.670709
0.676297,0.637830,0.718943,0.643965,0.678886,0.627302,0.692391,0.685731,0.663884,0.636357
0.701356,0.658081,0.733135,0.702710,0.918910,0.749236,0.681681,0.776430,0.712791,0.684351
0.679225,0.713285,0.772608,0.783114,0.796671,0.705391,0.744530,0.708327,0.747960,0.679459
0.712342,0.692290,0.719307,0.630723,0.723431,0.715135,0.686751,0.676258,0.709555,0.663286
0.586408,0.723522,0.570896,0.761826,0.767552,0.618753,0.795908,0.567921,0.599243,0.762679
0.678668,0.661047,0.691070,0.710088,0.698223,0.710544,0.772917,0.707937,0.701119,0.682375
0.697855,0.726945,0.620997,0.632374,0.770862,0.720463,0.697389,0.687419,0.619333,0.748556
0.675213,0.686523,0.676885,0.706160,0.731604,0.616259,0.732811,0.711556,0.757442,0.669299
0.699198,0.673311,0.723091,0.709706,0.650398,0.744547,0.768438,0.659124,0.719581,0.722828
0.689460,0.691426,0.712913,0.706255,0.660801,0.699275,0.691728,0.690675,0.693497,0.693406
0.712417,0.686699,0.692170,0.670251,0.660361,0.650012,0.699060,0.689344,0.636652,0.718761
0.679417,0.695728,0.665316,0.636872,0.740024,0.605003,0.679729,0.699661,0.705304,0.689403
0.718577,0.715009,0.702980,0.769687,0.620959,0.698196,0.693761,0.700656,0.674892,0.737554
0.667642,0.679123,0.678365,0.751349,0.567248,0.668348,0.681807,0.750765,0.672251,0.680962
0.737415,0.671235,0.669504,0.669647,0.673853,0.593829,0.753830,0.684731,0.702113,0.693795
0.725399,0.668226,0.665975,0.812957,0.793422,0.695689,0.609349,0.752626,0.710006,0.715169
0.751756,0.737311,0.710476,0.667089,0.678783,0.767138,0.719654,0.732189,0.652649,0.678359
0.696535,0.724234,0.677541,0.669717,0.782289,0.715945,0.770497,0.685206,0.676285,0.717368
0.695903,0.692717,0.676286,0.661769,0.823945,0.648196,0.677724,0.735447,0.690519,0.684688
0.680756,0.662398,0.666581,0.738020,0.627064,0.718129,0.683287,0.677733,0.718920,0.706562
0.611168,0.692750,0.746964,0.680348,0.644054,0.818459,0.640058,0.711024,0.619130,0.713504
0.711322,0.715575,0.700645,0.647908,0.647151,0.705775,0.707552,0.665052,0.687599,0.703701
0.658777,0.710588,0.670940,0.767853,0.513514,0.681967,0.694750,0.703192,0.691712,0.705290
0.752831,0.667965,0.713868,0.754712,0.711664,0.583527,0.743254,0.679161,0.670243,0.592167
0.615306,0.722134,0.753655,0.729956,0.660725,0.661870,0.724988,0.665996,0.655484,0.681105
0.695304,0.711940,0.677982,0.714863,0.750593,0.698726,0.684079,0.719894,0.701077,0.699963
0.676372,0.710133,0.742081,0.718621,0.684697,0.662340,0.759217,0.670532,0.747017,0.717829
0.704118,0.661638,0.687852,0.659326,0.523588,0.654542,0.688352,0.685725,0.699529,0.704970
0.693098,0.693007,0.693143,0.675498,0.655467,0.718787,0.675837,0.697044,0.708515,0.700436
0.691695,0.696090,0.678022,0.697606,0.536633,0.659515,0.677385,0.688062,0.713692,0.696439
0.711422,0.719258,0.633070,0.784205,0.724637,0.791763,0.747995,0.700163,0.713568,0.670138
0.693435,0.707411,0.703516,0.739537,0.682512,0.801785,0.699614,0.714424,0.708387,0.658577
0.670356,0.738233,0.733547,0.685002,0.793716,0.560622,0.662855,0.710441,0.697516,0.677251
0.687014,0.711403,0.701705,0.724879,0.602709,0.698307,0.695836,0.675177,0.704018,0.676417
0.686973,0.688855,0.675125,0.749039,0.796595,0.744333,0.738285,0.665958,0.710635,0.689117
0.711064,0.715217,0.667952,0.635333,0.478405,0.715536,0.659636,0.659338,0.680794,0.697638
0.735098,0.651753,0.689169,0.654818,0.693912,0.690600,0.722602,0.697140,0.666339,0.666993
0.701599,0.645347,0.681060,0.646726,0.732776,0.602087,0.622923,0.632728,0.695542,0.690024
0.733037,0.683859,0.681333,0.721017,0.813136,0.853928,0.672337,0.708184,0.697809,0.686727
0.659580,0.762834,0.643641,0.642030,0.803671,0.628011,0.726753,0.620557,0.664749,0.682615
0.650349,0.723949,0.624312,0.723577,0.384525,0.705874,0.721065,0.689630,0.716717,0.719750
0.761857,0.696721,0.678225,0.676952,0.717044,0.663032,0.752443,0.663374,0.707210,0.679428
0.659949,0.679162,0.731534,0.725924,0.640510,0.778872,0.694591,0.664264,0.710206,0.678425
0.662191,0.670020,0.683594,0.791341,0.673105,0.668296,0.803823,0.698147,0.675861,0.748181
0.722272,0.668424,0.724330,0.787801,0.844641,0.686044,0.696854,0.738875,0.663546,0.692285
0.660796,0.683887,0.779196,0.708212,0.543099,0.726707,0.695170,0.682854,0.689241,0.711624
0.701072,0.607276,0.686720,0.770684,0.816953,0.645266,0.667483,0.774637,0.646254,0.718909
0.704933,0.682831,0.781520,0.679932,0.664611,0.684121,0.627937,0.712147,0.733262,0.710991
0.687506,0.694136,0.736368,0.648668,0.803882,0.615624,0.657169,0.652348,0.693372,0.667761
0.718813,0.769985,0.729754,0.787186,0.865315,0.793398,0.651148,0.667797,0.666954,0.646797
0.671171,0.695680,0.687942,0.661942,0.612793,0.752369,0.684149,0.677481,0.723424,0.681689
0.675750,0.708034,0.665599,0.797916,0.740526,0.634768,0.707361,0.649110,0.691311,0.712667
0.756440,0.715261,0.720921,0.530201,0.487483,0.775771,0.658738,0.676090,0.686861,0.662215
0.683960,0.663952,0.757458,0.707631,0.637616,0.800874,0.645133,0.685682,0.689803,0.711216
0.688868,0.670946,0.670602,0.739254,0.554251,0.776648,0.707896,0.700182,0.654479,0.710554
0.694329,0.701625,0.680482,0.694729,0.475947,0.704875,0.686117,0.664691,0.678124,0.702175
0.737255,0.682371,0.639540,0.839063,0.749134,0.565808,0.710984,0.723075,0.687465,0.662095
0.689986,0.669212,0.706358,0.570464,0.754122,0.617612,0.678822,0.684848,0.696717,0.722994
0.694844,0.673933,0.676337,0.681866,0.463916,0.655179,0.671298,0.707592,0.694302,0.667162
0.702819,0.768610,0.661494,0.629975,0.738363,0.698256,0.662727,0.700563,0.677233,0.692841
0.678124,0.697782,0.670897,0.679961,0.666115,0.592265,0.680077,0.722263,0.714326,0.682242
0.714457,0.710464,0.645311,0.660510,0.725332,0.671182,0.747415,0.720720,0.671283,0.674376
0.630108,0.692480,0.657284,0.707357,0.657335,0.650027,0.706223,0.623902,0.649681,0.681321
0.686713,0.675601,0.754301,0.668878,0.819080,0.637486,0.738192,0.722717,0.723366,0.689341
0.677106,0.695744,0.667327,0.660406,0.912357,0.787162,0.694258,0.686255,0.704438,0.721168
0.696492,0.702365,0.713605,0.689114,0.629753,0.683745,0.706730,0.672850,0.714323,0.712815
0.667621,0.699316,0.667054,0.587384,0.661271,0.820952,0.726227,0.684023,0.660774,0.685146
0.683347,0.700760,0.719432,0.694740,0.641099,0.696957,0.660892,0.698572,0.702498,0.697430
0.671199,0.641929,0.729740,0.732305,0.585844,0.725905,0.753244,0.698126,0.708877,0.718839
0.673591,0.649572,0.682090,0.731888,0.754014,0.828068,0.684405,0.706387,0.699647,0.705596
0.696099,0.646305,0.731429,0.620828,0.799903,0.651018,0.703663,0.747732,0.676982,0.694695
0.739271,0.638094,0.647725,0.773718,0.629346,0.617866,0.670032,0.698615,0.677716,0.742443
0.680853,0.594530,0.679991,0.718540,0.595260,0.769860,0.653830,0.676659,0.712211,0.700978
0.695546,0.651524,0.663521,0.751314,0.568404,0.729003,0.732422,0.678272,0.701607,0.665331
0.716435,0.634376,0.684633,0.764384,0.592707,0.766320,0.675089,0.752439,0.712704,0.715653
0.710166,0.719745,0.612504,0.680695,0.879587,0.766217,0.631973,0.691528,0.730304,0.685761
0.707295,0.694262,0.698658,0.681869,0.717777,0.742691,0.703640,0.658007,0.685102,0.674774
0.674091,0.782240,0.676512,0.693773,0.574738,0.712317,0.679945,0.675728,0.695895,0.715374
0.698137,0.692583,0.621398,0.711230,0.630737,0.608732,0.732825,0.664596,0.701588,0.727235
0.695911,0.739701,0.745484,0.797128,0.845422,0.771025,0.604491,0.640148,0.691589,0.679062
0.611042,0.716910,0.777351,0.609143,0.653875,0.631272,0.607607,0.757667,0.666712,0.723496
0.695716,0.702137,0.698978,0.596217,0.708723,0.765549,0.694169,0.721484,0.689391,0.706423
0.747638,0.707090,0.712994,0.777247,0.717945,0.667955,0.647098,0.601843,0.683542,0.671040
0.701486,0.725605,0.699034,0.749500,0.769139,0.534107,0.676962,0.756332,0.673169,0.679048
0.664848,0.705725,0.697344,0.771549,0.841232,0.676666,0.688105,0.700197,0.629482,0.718587
0.697930,0.728512,0.770492,0.647921,0.735661,0.771504,0.738454,0.726835,0.714402,0.696594
0.733932,0.623708,0.715011,0.593196,0.635656,0.614389,0.713789,0.709445,0.680816,0.704327
0.644183,0.708617,0.678234,0.717070,0.616215,0.741385,0.673776,0.640254,0.714649,0.635040
0.597265,0.687730,0.704455,0.688596,0.743122,0.836383,0.631439,0.704764,0.699481,0.700829
0.690826,0.694722,0.715148,0.654571,0.840774,0.548234,0.686212,0.691185,0.714012,0.687173
0.679287,0.668023,0.704298,0.758982,0.582605,0.715660,0.694254,0.734595,0.661655,0.655100
0.741132,0.677417,0.640258,0.704814,0.836321,0.687214,0.751086,0.657972,0.687827,0.760289
0.672890,0.673579,0.719631,0.808298,0.902563,0.764486,0.659874,0.637532,0.641330,0.722864
0.726115,0.693086,0.760953,0.696081,0.593218,0.674004,0.749286,0.723881,0.716772,0.697843
0.692894,0.678409,0.703909,0.659075,0.682082,0.633506,0.708667,0.676675,0.687411,0.696546
0.652983,0.747377,0.720279,0.675809,0.614736,0.697947,0.689254,0.688705,0.722061,0.711262
0.688589,0.651356,0.758863,0.654990,0.572092,0.705898,0.734601,0.689064,0.711519,0.673861
0.727601,0.702978,0.673768,0.710262,0.544007,0.778596,0.685835,0.703451,0.692568,0.695848
0.693973,0.674193,0.641426,0.648825,0.621569,0.670653,0.722447,0.703879,0.679863,0.749514
0.743231,0.659653,0.686680,0.731242,0.836624,0.715710,0.694896,0.653287,0.662230,0.714193
0.698199,0.710978,0.673617,0.645781,0.506398,0.685987,0.640532,0.666736,0.690423,0.713159
0.732302,0.668458,0.697026,0.550052,0.667689,0.756437,0.727521,0.667666,0.673574,0.687742
0.701624,0.698615,0.633803,0.646897,0.542907,0.715229,0.772554,0.698676,0.689545,0.693746
0.678392,0.737357,0.687041,0.735145,0.728956,0.575432,0.657376,0.696290,0.674873,0.631957
0.715399,0.711452,0.688486,0.699025,0.415001,0.737442,0.670780,0.751613,0.689349,0.687214
0.697719,0.757770,0.718267,0.780418,0.737776,0.550384,0.698634,0.716374,0.681019,0.731573
0.707484,0.692236,0.703936,0.671446,0.717442,0.707041,0.694126,0.691761,0.658835,0.709268
0.696481,0.670722,0.741171,0.745769,0.721407,0.814234,0.792768,0.670401,0.738376,0.729211
0.696081,0.651863,0.716736,0.630657,0.709093,0.628017,0.709720,0.689801,0.685842,0.694026
0.720789,0.690326,0.679385,0.654247,0.770284,0.674021,0.746396,0.713123,0.729838,0.690835
0.726629,0.743239,0.690685,0.625686,0.601496,0.727925,0.724109,0.612897,0.695334,0.692763
0.714573,0.687529,0.748298,0.723517,0.660094,0.664604,0.691942,0.797331,0.642860,0.734690
0.705122,0.689031,0.677455,0.718386,0.513299,0.673946,0.695769,0.696705,0.721390,0.702689
0.711324,0.635793,0.669313,0.554234,0.831061,0.609195,0.711948,0.681147,0.696696,0.725354
0.682823,0.656777,0.727990,0.617675,0.532384,0.679539,0.681470,0.726089,0.732056,0.698577
0.674484,0.685094,0.700483,0.657696,0.788994,0.740457,0.665311,0.690832,0.702045,0.697664
0.739315,0.683348,0.718620,0.671462,0.690551,0.738436,0.675388,0.689201,0.706875,0.656641
0.702898,0.671940,0.760239,0.629316,0.619917,0.583165,0.602413,0.718077,0.673327,0.642847
0.619585,0.769944,0.717795,0.683511,0.744518,0.693682,0.643526,0.737804,0.679423,0.722307
0.755468,0.702548,0.770917,0.788540,0.837613,0.722759,0.602551,0.737498,0.639946,0.586515
0.720194,0.681093,0.670754,0.788474,0.728404,0.600761,0.722788,0.712176,0.669925,0.657693
0.714105,0.755710,0.692474,0.644631,0.709415,0.633523,0.680428,0.682130,0.705724,0.696981
0.691620,0.703476,0.738641,0.679804,0.610252,0.706640,0.648121,0.723164,0.714108,0.673400
0.706847,0.711552,0.708969,0.732317,0.834952,0.596718,0.654665,0.662629,0.740304,0.738319
0.675551,0.721041,0.682913,0.754602,0.608470,0.657949,0.714984,0.716632,0.699162,0.694827
0.685469,0.644306,0.703137,0.810059,0.885044,0.711985,0.655994,0.760611,0.628073,0.662489
0.682407,0.739947,0.720297,0.748064,0.759004,0.582098,0.658272,0.641479,0.668637,0.591574
0.683812,0.704373,0.684432,0.738571,0.771779,0.780056,0.760614,0.679786,0.706463,0.630903
0.640753,0.701555,0.709466,0.705178,0.558771,0.666382,0.697187,0.630282,0.640808,0.713008
0.715443,0.706850,0.677208,0.704905,0.883438,0.678827,0.724270,0.716855,0.647640,0.701407
0.718431,0.671905,0.641397,0.718937,0.852499,0.753140,0.735884,0.694719,0.703877,0.716403
0.739223,0.779599,0.726132,0.643504,0.846531,0.602171,0.685143,0.637142,0.706362,0.717666
0.633888,0.650506,0.761492,0.648474,0.736175,0.743803,0.678727,0.630494,0.729976,0.700312
0.698192,0.691458,0.693602,0.657462,0.804807,0.616676,0.687387,0.694606,0.716467,0.670078
0.714764,0.697362,0.654475,0.648337,0.672237,0.638558,0.631652,0.636241,0.712868,0.695902
0.686380,0.705699,0.649107,0.713469,0.616759,0.734557,0.741373,0.703865,0.676628,0.673906
0.692204,0.701392,0.703804,0.783558,0.822274,0.744364,0.684610,0.678499,0.684852,0.699162
0.670573,0.732793,0.804854,0.670779,0.636241,0.740210,0.680378,0.723379,0.714393,0.627791
0.663744,0.655774,0.736550,0.679953,0.713524,0.611433,0.667306,0.681447,0.745872,0.704600
0.680215,0.609466,0.706343,0.604234,0.596447,0.666801,0.717097,0.688751,0.671793,0.661646
0.714317,0.622812,0.640185,0.611569,0.664116,0.631083,0.657228,0.707410,0.703346,0.722112
0.703103,0.699398,0.678657,0.651912,0.642389,0.679620,0.643048,0.680682,0.688868,0.683236
0.661728,0.745113,0.721645,0.766203,0.731387,0.829598,0.691534,0.678635,0.682167,0.697025
0.749398,0.690508,0.742620,0.768272,0.639413,0.703650,0.594868,0.654171,0.712384,0.761346
0.758693,0.696272,0.706632,0.788431,0.774275,0.659958,0.645192,0.695662,0.677414,0.717173
0.699261,0.664222,0.731279,0.641064,0.543942,0.749411,0.726447,0.706026,0.664083,0.641553
0.672921,0.699258,0.673098,0.713223,0.618556,0.706070,0.718865,0.634396,0.715897,0.711624
0.714867,0.672108,0.699897,0.840294,0.820025,0.664482,0.697650,0.720070,0.684672,0.672106
0.709526,0.643491,0.679655,0.682259,0.660252,0.684409,0.678596,0.688710,0.693974,0.729347
0.725589,0.687058,0.675282,0.729353,0.776647,0.803103,0.641486,0.715546,0.742888,0.702416
0.686180,0.708026,0.717893,0.681662,0.799060,0.580634,0.694293,0.643631,0.655214,0.698047
0.690291,0.697563,0.693784,0.720042,0.179388,0.621627,0.669497,0.695899,0.689807,0.692598
0.741906,0.698909,0.690194,0.739784,0.779815,0.587861,0.694415,0.702387,0.700488,0.700372
0.745903,0.667187,0.725876,0.737359,0.580674,0.652433,0.638670,0.680482,0.736617,0.737149
0.646252,0.751859,0.652921,0.659189,0.769478,0.692869,0.669590,0.745073,0.733845,0.647906
0.704080,0.672983,0.717018,0.672325,0.572542,0.653321,0.705443,0.684488,0.701344,0.731975
0.688746,0.713446,0.693682,0.629058,0.681585,0.611604,0.713365,0.710679,0.640369,0.751753
0.709864,0.641048,0.668379,0.691665,0.636854,0.775282,0.700121,0.670111,0.704431,0.695508
0.644900,0.662434,0.694066,0.740303,0.812084,0.679346,0.709802,0.689510,0.658595,0.718134
0.688889,0.692641,0.697948,0.720870,0.608041,0.701780,0.718125,0.686295,0.701868,0.696172
0.716275,0.687936,0.685856,0.644119,0.967720,0.796224,0.731699,0.712556,0.682295,0.729235
0.699492,0.704194,0.742606,0.673970,0.823630,0.690725,0.733777,0.690961,0.706600,0.701494
0.722079,0.630265,0.713029,0.752613,0.859451,0.702711,0.700093,0.698757,0.609495,0.702457
0.663552,0.644743,0.666982,0.680900,0.595421,0.649423,0.722838,0.672380,0.695433,0.724914
0.704461,0.639680,0.678910,0.688859,0.850294,0.687960,0.658577,0.630923,0.699322,0.685865
0.664593,0.670113,0.660601,0.681247,0.811199,0.730013,0.697090,0.697941,0.694012,0.678987
0.697887,0.668024,0.711046,0.792392,0.611850,0.699543,0.629594,0.719867,0.639793,0.724024
0.709670,0.699963,0.766311,0.710466,0.667565,0.715504,0.718352,0.683587,0.736859,0.689069
0.723810,0.682878,0.713595,0.793088,0.790509,0.737242,0.715437,0.607556,0.619337,0.700413
0.696277,0.694484,0.720314,0.728336,0.599320,0.706660,0.720239,0.703761,0.715883,0.707487
0.725536,0.699953,0.737049,0.620529,0.643896,0.646420,0.724392,0.737363,0.698842,0.663274
0.721887,0.669755,0.692900,0.655426,0.584734,0.776994,0.702870,0.698656,0.701703,0.707774
0.685392,0.755728,0.704100,0.672091,0.829475,0.729416,0.728058,0.705985,0.673760,0.729719
0.696713,0.730755,0.684053,0.729375,0.555754,0.679829,0.737695,0.686866,0.696836,0.702047
0.709388,0.585213,0.688522,0.723033,0.640772,0.753603,0.673915,0.731153,0.619837,0.623475
0.690188,0.678320,0.664206,0.671158,0.668450,0.691022,0.701931,0.703984,0.696569,0.693528
0.690736,0.748818,0.675092,0.711986,0.684531,0.711246,0.672129,0.705274,0.717467,0.709015
0.706390,0.699746,0.681997,0.696262,0.698490,0.654530,0.704222,0.677522,0.666221,0.690092
0.681988,0.705430,0.761286,0.669075,0.614095,0.736931,0.623759,0.783808,0.697072,0.724823
0.675189,0.654906,0.684892,0.792639,0.801152,0.805193,0.671724,0.665469,0.734380,0.689993
0.671007,0.719451,0.673812,0.702972,0.638975,0.671129,0.676036,0.711894,0.694211,0.699412
0.710457,0.702995,0.755957,0.740247,0.673450,0.659180,0.736798,0.694561,0.696847,0.681489
0.646950,0.685380,0.750229,0.680733,0.663777,0.656516,0.634206,0.725818,0.686866,0.705453
0.654412,0.715126,0.714210,0.593064,0.738667,0.652276,0.647304,0.665865,0.703002,0.668321
0.649358,0.785703,0.730131,0.699973,0.764746,0.772447,0.740220,0.683374,0.718944,0.664153
0.686492,0.698693,0.677957,0.667462,0.802889,0.811061,0.711293,0.692860,0.700037,0.677726
0.694894,0.696277,0.682535,0.701719,0.504032,0.665093,0.696247,0.676582,0.703901,0.706209
0.695682,0.681069,0.723281,0.635172,0.770789,0.577263,0.684491,0.712877,0.685679,0.692082
0.650279,0.691328,0.651031,0.741414,0.689791,0.731443,0.642184,0.686666,0.707495,0.645831
0.745727,0.704272,0.691582,0.644866,0.845948,0.797393,0.741750,0.716972,0.674108,0.687817
0.672500,0.642967,0.754233,0.670675,0.827525,0.626669,0.697528,0.700402,0.730438,0.714027
0.668156,0.688920,0.678087,0.767677,0.802165,0.618413,0.688835,0.663650,0.727433,0.711669
0.702192,0.647382,0.713563,0.666354,0.623213,0.684516,0.707253,0.721993,0.665635,0.700319
0.655199,0.661511,0.726339,0.657216,0.745115,0.765467,0.688813,0.647040,0.740091,0.728273
0.708723,0.663178,0.643670,0.628798,0.626429,0.662633,0.744928,0.707921,0.676027,0.727641
0.663549,0.606313,0.599730,0.745793,0.842076,0.669452,0.760708,0.726721,0.703657,0.764763
0.740984,0.647220,0.738680,0.661092,0.664475,0.766681,0.632304,0.715577,0.679596,0.639723
0.704393,0.746662,0.726470,0.627794,0.625197,0.571737,0.740096,0.708595,0.678764,0.699144
0.702329,0.672766,0.702284,0.639431,0.978365,0.792683,0.715965,0.724519,0.692282,0.708742
0.683527,0.708056,0.671951,0.759862,0.743461,0.603599,0.666292,0.724595,0.711730,0.699500
0.679675,0.727976,0.632940,0.689062,0.611351,0.763388,0.729872,0.676877,0.693204,0.729691
0.688111,0.612443,0.675431,0.703402,0.518050,0.715766,0.708570,0.689886,0.669448,0.666654
0.645960,0.700780,0.708621,0.688308,0.696437,0.734055,0.683198,0.667497,0.665039,0.742146
0.702719,0.720471,0.772729,0.676536,0.689978,0.662184,0.731692,0.748794,0.708719,0.692019
0.682812,0.684332,0.736486,0.713316,0.547208,0.668124,0.723759,0.655724,0.690829,0.696099
0.709131,0.663193,0.759364,0.702850,0.672668,0.733561,0.634461,0.673966,0.714890,0.646239
0.722190,0.699475,0.672972,0.709619,0.453792,0.619074,0.692762,0.718316,0.642929,0.709933
0.745274,0.731650,0.717490,0.660951,0.835541,0.604635,0.690927,0.636003,0.688001,0.688170
0.672734,0.658888,0.638300,0.583956,0.730335,0.868717,0.723091,0.699852,0.715055,0.686864
0.751083,0.649081,0.696290,0.668146,0.636967,0.734409,0.657385,0.654580,0.674598,0.718282
0.713729,0.682399,0.739535,0.643725,0.855821,0.663065,0.675655,0.743715,0.691594,0.651120
0.740950,0.741652,0.728096,0.655748,0.838536,0.605159,0.682955,0.647794,0.691529,0.696695
0.676326,0.707196,0.684516,0.701860,0.746681,0.633752,0.669605,0.702615,0.700989,0.707491
0.679076,0.622582,0.708547,0.713952,0.683435,0.701228,0.682431,0.699465,0.694100,0.645957
0.698889,0.751601,0.676789,0.665674,0.603694,0.760161,0.643212,0.658799,0.669790,0.695712
0.691563,0.726814,0.675262,0.700733,0.584004,0.612982,0.643706,0.666861,0.705123,0.692866
0.697350,0.687786,0.620011,0.750658,0.543127,0.774716,0.736709,0.721052,0.680078,0.697244
0.709341,0.728067,0.715223,0.627044,0.863650,0.599279,0.702198,0.636259,0.735421,0.715573
0.698916,0.701738,0.741204,0.706158,0.696829,0.705266,0.734188,0.689920,0.695738,0.692839
0.716873,0.680033,0.692641,0.701466,0.913731,0.702747,0.695319,0.680418,0.681936,0.682017
0.726058,0.711678,0.765256,0.726053,0.745961,0.647576,0.731067,0.658115,0.697458,0.692595
0.633954,0.678582,0.680397,0.713760,0.626791,0.720042,0.676758,0.727894,0.648281,0.732923
0.718958,0.665716,0.690942,0.698841,0.501328,0.669826,0.669831,0.685254,0.661427,0.696461
0.686618,0.595001,0.682775,0.644372,0.664104,0.653957,0.727868,0.629966,0.714569,0.669366
0.643159,0.730274,0.731227,0.593908,0.499500,0.696370,0.741154,0.731012,0.632836,0.685118
0.710169,0.714065,0.725638,0.694957,0.681492,0.687559,0.701858,0.696624,0.660916,0.663118
0.663368,0.728858,0.780804,0.748716,0.551470,0.750831,0.665211,0.645738,0.692603,0.666995
0.657872,0.720698,0.777266,0.691658,0.715244,0.775752,0.787697,0.669294,0.668578,0.663299
0.714377,0.654457,0.641334,0.748328,0.709932,0.809366,0.653275,0.682724,0.706219,0.725176
0.724599,0.703585,0.699245,0.635180,0.652444,0.590640,0.650693,0.710054,0.691907,0.682871
0.685335,0.638763,0.700867,0.818944,0.910819,0.695560,0.687441,0.671186,0.666707,0.675524
0.699976,0.691815,0.725409,0.697595,0.638538,0.698730,0.738683,0.670032,0.713316,0.705510
0.716004,0.743757,0.735869,0.694089,0.814590,0.557967,0.683288,0.738775,0.707204,0.679429
0.694113,0.679186,0.744748,0.717638,0.625037,0.711455,0.731606,0.702281,0.685863,0.689074
0.671478,0.698135,0.618495,0.648080,0.738109,0.680514,0.647609,0.710703,0.694856,0.684390
0.706587,0.698618,0.715555,0.638914,0.837280,0.833629,0.707145,0.707537,0.671669,0.688982
0.697404,0.721381,0.723618,0.587617,0.678929,0.660668,0.624954,0.698909,0.675249,0.673372
0.672695,0.661761,0.635552,0.649985,0.827075,0.692928,0.656144,0.697611,0.692886,0.704639
0.721583,0.631789,0.681836,0.696095,0.886777,0.663546,0.686687,0.748529,0.679898,0.695448
0.729677,0.643998,0.728901,0.718703,0.580160,0.807271,0.649980,0.689230,0.728011,0.704716
0.704201,0.701875,0.700861,0.674980,0.401798,0.704796,0.653540,0.753588,0.698516,0.687862
0.665730,0.719881,0.682953,0.701495,0.771297,0.674338,0.638037,0.742489,0.726371,0.691930
0.660625,0.692080,0.657586,0.670295,0.807341,0.787111,0.698710,0.690307,0.693197,0.689239
0.675231,0.623094,0.714105,0.687704,0.579862,0.745320,0.666723,0.669153,0.644340,0.688899
0.637648,0.636692,0.733677,0.606465,0.802118,0.826138,0.698499,0.720106,0.762910,0.717261
0.664808,0.701312,0.583538,0.726179,0.760800,0.641738,0.787961,0.661037,0.663190,0.675362
0.662651,0.668877,0.698222,0.740490,0.762328,0.665645,0.676901,0.636690,0.744561,0.704840
0.660566,0.693779,0.718540,0.743004,0.812845,0.787223,0.690993,0.802928,0.659918,0.730941
0.619533,0.706340,0.723607,0.868993,0.769539,0.764469,0.682998,0.684731,0.580178,0.686681
0.708664,0.657136,0.580123,0.740683,0.648060,0.763592,0.559730,0.675393,0.676713,0.713607
0.672593,0.699799,0.719933,0.714198,0.568382,0.698941,0.711553,0.695492,0.695613,0.721224
0.689108,0.697189,0.612157,0.666165,0.635862,0.723972,0.624631,0.675474,0.713688,0.693259
0.733032,0.684429,0.641323,0.655725,0.800444,0.682470,0.773306,0.657071,0.741868,0.689179
0.687913,0.728819,0.671335,0.734701,0.751915,0.684202,0.647807,0.702240,0.708538,0.700227
0.704696,0.682574,0.623738,0.673194,0.757932,0.762195,0.655215,0.687355,0.697286,0.691759
0.680595,0.664645,0.717797,0.679486,0.665020,0.796903,0.729012,0.681115,0.695877,0.733095
0.600689,0.652863,0.677787,0.712118,0.551080,0.599073,0.658328,0.699491,0.695217,0.724812
0.708284,0.721558,0.706262,0.663804,0.798680,0.792034,0.681717,0.641944,0.726962,0.673461
0.668935,0.626025,0.678323,0.699404,0.668559,0.617526,0.668276,0.689832,0.721033,0.654807
0.713403,0.706178,0.655469,0.752336,0.490328,0.778728,0.728478,0.727896,0.721308,0.667276
0.692016,0.690604,0.714312,0.713745,0.804531,0.801512,0.734544,0.653430,0.694009,0.716077
0.724097,0.660757,0.686057,0.756401,0.684552,0.727653,0.654840,0.693328,0.716324,0.722728
0.650414,0.691922,0.735865,0.719401,0.637790,0.689022,0.719170,0.692663,0.734309,0.727039
0.708684,0.705504,0.667087,0.724619,0.603242,0.744657,0.721025,0.709451,0.696524,0.679878
0.703464,0.684778,0.671672,0.739800,0.745378,0.578445,0.655980,0.639294,0.747270,0.712695
0.714080,0.669456,0.677063,0.762558,0.797524,0.675184,0.734131,0.727944,0.706695,0.659913
0.703713,0.668498,0.690013,0.602513,0.764341,0.837379,0.690714,0.691595,0.682216,0.687964
0.612877,0.692297,0.718890,0.690226,0.639543,0.617429,0.702333,0.724630,0.663385,0.787443
0.686733,0.690698,0.706087,0.725594,0.788983,0.753524,0.712820,0.674296,0.700308,0.684488
0.718186,0.684512,0.703967,0.754849,0.685970,0.650727,0.661847,0.727008,0.618320,0.639464
0.725734,0.664000,0.670017,0.632886,0.567744,0.755604,0.704675,0.646055,0.642382,0.611023
0.686519,0.659246,0.746109,0.681353,0.719727,0.720533,0.711048,0.638769,0.729028,0.712094
0.690262,0.696542,0.685302,0.727320,0.728080,0.706884,0.721260,0.720516,0.732167,0.689794
0.674624,0.734121,0.694499,0.642016,0.347493,0.694913,0.687321,0.711434,0.663648,0.655303
0.657063,0.661846,0.725984,0.769509,0.656280,0.719767,0.670246,0.710422,0.677415,0.713774
0.687016,0.677139,0.745401,0.681257,0.616010,0.674934,0.746004,0.718395,0.681574,0.693921
0.700679,0.716978,0.726273,0.623314,0.848849,0.700448,0.721672,0.648475,0.720333,0.697283
0.686888,0.756074,0.675436,0.687216,0.750825,0.518564,0.627071,0.679747,0.695890,0.680059
0.678428,0.756143,0.699465,0.608820,0.797636,0.546914,0.731482,0.700438,0.672732,0.692279
0.692233,0.704797,0.663024,0.715042,0.405203,0.751906,0.675828,0.675140,0.682790,0.701448
0.651346,0.675694,0.723127,0.655644,0.616319,0.656079,0.695586,0.685463,0.687022,0.701794
0.683825,0.662433,0.690630,0.663708,0.813350,0.718105,0.719375,0.709847,0.679967,0.687764
0.690073,0.708138,0.673062,0.764286,0.810028,0.658344,0.674916,0.762695,0.705584,0.685281
0.580011,0.607541,0.662190,0.732093,0.701789,0.683203,0.683338,0.660754,0.695325,0.674473
0.712499,0.653959,0.769504,0.536129,0.655768,0.691324,0.649712,0.661318,0.694022,0.664505
0.698576,0.712282,0.678725,0.679150,0.568790,0.701647,0.686771,0.696318,0.692890,0.695694
0.648308,0.682797,0.672582,0.719866,0.597470,0.688675,0.741304,0.725967,0.686844,0.712166
0.686165,0.681907,0.727325,0.660527,0.514740,0.649715,0.711140,0.674323,0.714465,0.706159
0.668440,0.675648,0.671629,0.681430,0.762044,0.486078,0.654424,0.700867,0.744637,0.694841
0.680550,0.762097,0.733653,0.587163,0.684568,0.706870,0.676537,0.701336,0.745722,0.674533
0.690570,0.691254,0.689868,0.600749,0.742475,0.625492,0.678558,0.673321,0.678174,0.689179
0.683776,0.676340,0.687146,0.752523,0.874294,0.623411,0.704113,0.706500,0.696839,0.708961
0.676889,0.676624,0.684796,0.635266,0.820219,0.880571,0.694060,0.645758,0.686072,0.723539
0.698868,0.637414,0.694847,0.744441,0.662913,0.688317,0.687511,0.667998,0.708497,0.619942
0.682937,0.676576,0.677299,0.675800,0.606160,0.641119,0.649028,0.708441,0.690554,0.660493
0.696062,0.740619,0.719650,0.709746,0.814389,0.593337,0.703860,0.702779,0.723189,0.698218
0.737270,0.716792,0.685372,0.551878,0.652852,0.630787,0.704658,0.679129,0.682520,0.699307
0.690156,0.685141,0.715651,0.709090,0.622613,0.705486,0.717344,0.685640,0.712153,0.692003
0.683749,0.763174,0.718675,0.596483,0.782068,0.746190,0.684525,0.673429,0.679178,0.714568
0.668630,0.702808,0.763759,0.735602,0.732239,0.775631,0.768080,0.703615,0.793068,0.651853
0.669975,0.674684,0.675276,0.670825,0.541183,0.680930,0.690325,0.743538,0.690036,0.673138
0.737956,0.684592,0.695651,0.667880,0.750869,0.625828,0.676783,0.663753,0.610692,0.676742
0.653151,0.669880,0.698326,0.680089,0.730200,0.773984,0.697695,0.664791,0.694683,0.716833
0.709344,0.640554,0.633060,0.624280,0.687071,0.681579,0.592389,0.712048,0.703359,0.718439
0.684575,0.703816,0.758402,0.775878,0.693295,0.714346,0.682664,0.597701,0.671431,0.688340
0.669404,0.699363,0.755026,0.683377,0.736826,0.729400,0.731327,0.694842,0.704607,0.695456
0.674023,0.642910,0.700730,0.736948,0.927606,0.806918,0.681898,0.716535,0.748749,0.678412
0.686629,0.662316,0.691458,0.628422,0.349602,0.633880,0.682769,0.778184,0.725871,0.692750
0.709430,0.686561,0.775794,0.672555,0.803687,0.740334,0.747711,0.657184,0.648704,0.649266
0.722778,0.774805,0.687425,0.640243,0.622366,0.730731,0.702705,0.730334,0.688171,0.690387
0.696801,0.726864,0.683142,0.713940,0.717627,0.565770,0.691809,0.684154,0.692558,0.676564
0.683559,0.736210,0.721822,0.704687,0.732142,0.591800,0.673780,0.752683,0.719591,0.685167
0.678812,0.638769,0.693934,0.764999,0.702637,0.739487,0.692958,0.694516,0.716468,0.705569
0.689224,0.730064,0.650038,0.665691,0.675916,0.704451,0.644374,0.688841,0.687245,0.695764
0.641338,0.704315,0.745062,0.651169,0.541271,0.577002,0.683964,0.619038,0.682575,0.737157
0.751917,0.729768,0.734376,0.626494,0.589682,0.686645,0.643248,0.726967,0.716750,0.643892
0.710644,0.622626,0.704756,0.626482,0.719768,0.712699,0.734273,0.656319,0.740808,0.641878
0.699436,0.701163,0.722287,0.780348,0.865816,0.756826,0.685497,0.713336,0.691957,0.693498
0.657233,0.710243,0.681996,0.731968,0.696874,0.804477,0.711574,0.662129,0.694732,0.695193
0.704996,0.702239,0.743287,0.675444,0.933901,0.769243,0.699855,0.635682,0.673412,0.688127
0.734382,0.732184,0.661450,0.746042,0.654781,0.602670,0.722210,0.723559,0.713809,0.702754
0.738085,0.715128,0.740793,0.687572,0.858959,0.664193,0.675680,0.723527,0.743022,0.722704
0.689584,0.654296,0.659486,0.635398,0.526347,0.628870,0.689497,0.682584,0.673742,0.684645
0.717763,0.596428,0.695263,0.701886,0.644881,0.654602,0.711457,0.717354,0.698046,0.715341
0.667492,0.679911,0.600327,0.709077,0.711735,0.666459,0.721964,0.660354,0.712537,0.625436
0.637158,0.641746,0.615931,0.695146,0.708215,0.759691,0.755244,0.618173,0.735441,0.730177
0.661686,0.715822,0.721136,0.680158,0.786148,0.754663,0.595757,0.607201,0.697922,0.695284
0.744308,0.635098,0.677604,0.772348,0.633224,0.793422,0.654075,0.725685,0.697624,0.697112
0.699561,0.697070,0.688146,0.644784,0.763084,0.704176,0.714540,0.695471,0.688519,0.709988
0.703625,0.682057,0.681433,0.671381,0.777007,0.623890,0.731000,0.682636,0.672852,0.734135
0.759847,0.673139,0.748032,0.717234,0.642440,0.740163,0.694058,0.666089,0.771329,0.641436
0.718172,0.729625,0.748942,0.685001,0.731625,0.657286,0.665166,0.743398,0.676015,0.717686
0.717791,0.707769,0.763258,0.671702,0.739446,0.660653,0.739125,0.703871,0.714740,0.711843
0.706116,0.785633,0.681114,0.746517,0.645463,0.652198,0.657885,0.740186,0.708777,0.709148
0.688440,0.730279,0.704897,0.583108,0.626117,0.720167,0.729470,0.768241,0.715950,0.702824
0.724512,0.701221,0.730075,0.706955,0.836097,0.683874,0.679615,0.703607,0.695048,0.679948
0.718186,0.710710,0.685440,0.614423,0.791620,0.706663,0.739623,0.734136,0.657264,0.698337
0.673832,0.727452,0.743655,0.644421,0.657254,0.767171,0.654244,0.734365,0.732438,0.665809
0.660784,0.697929,0.735912,0.689723,0.684009,0.680342,0.668905,0.661773,0.667569,0.732284
0.675179,0.691933,0.637779,0.702081,0.719540,0.645890,0.743846,0.651095,0.690755,0.695002
0.678450,0.699001,0.729556,0.691884,0.637850,0.784655,0.665202,0.736317,0.688384,0.679689
0.677557,0.672856,0.629243,0.770723,0.646528,0.597796,0.729296,0.693619,0.629040,0.678134
0.656308,0.682583,0.719282,0.679969,0.904016,0.680922,0.699930,0.608189,0.709366,0.672703
0.693818,0.691615,0.593504,0.681977,0.556138,0.679589,0.609805,0.673647,0.701088,0.687683
0.725064,0.704053,0.664712,0.732480,0.636727,0.528925,0.704664,0.687873,0.748148,0.690544
0.663747,0.699243,0.769924,0.674627,0.753553,0.595173,0.683595,0.674207,0.662897,0.707188
0.609261,0.692564,0.633666,0.620854,0.713856,0.670698,0.746913,0.717290,0.716696,0.689229
0.640119,0.720733,0.664765,0.702941,0.684746,0.743236,0.659823,0.704610,0.700327,0.696038
0.653581,0.689168,0.660988,0.689251,0.760959,0.696079,0.751529,0.705748,0.691501,0.703925
0.705781,0.701878,0.696101,0.643119,0.690411,0.752923,0.710107,0.725678,0.716777,0.675077
0.699069,0.688534,0.682986,0.724668,0.528357,0.749476,0.704877,0.703781,0.709074,0.692333
0.679193,0.744361,0.714509,0.713337,0.818710,0.670328,0.697832,0.691048,0.691286,0.678285
0.602834,0.676288,0.686587,0.684716,0.687920,0.625175,0.755036,0.676909,0.719470,0.633193
0.687162,0.670467,0.680350,0.745710,0.519070,0.724635,0.688139,0.702420,0.673378,0.673093
0.655432,0.691123,0.674768,0.726395,0.856783,0.747856,0.729953,0.614032,0.686728,0.704309
0.718955,0.662644,0.628772,0.759283,0.574035,0.719934,0.598581,0.721680,0.696763,0.724499
0.692011,0.736797,0.682677,0.786180,0.758113,0.584837,0.716786,0.583055,0.659444,0.707431
0.750402,0.682392,0.742526,0.751125,0.784825,0.764162,0.730626,0.698654,0.721850,0.676952
0.715292,0.708231,0.670519,0.673171,0.675874,0.710717,0.722568,0.742589,0.685185,0.665309
0.702867,0.709784,0.693650,0.740035,0.424899,0.700204,0.709356,0.664862,0.719516,0.685640
0.729732,0.720883,0.731709,0.651745,0.710481,0.814886,0.643048,0.753744,0.686263,0.756520
0.704180,0.672257,0.704762,0.678903,0.598483,0.641751,0.695032,0.719222,0.726201,0.718685
0.725794,0.715813,0.718487,0.709550,0.656935,0.682442,0.650988,0.698442,0.674381,0.694332
0.689462,0.679996,0.762611,0.699214,0.668733,0.700464,0.725269,0.674029,0.712942,0.702051
0.637905,0.670088,0.715130,0.723299,0.530357,0.654416,0.709450,0.674123,0.701562,0.684203
0.672727,0.711396,0.661813,0.678426,0.719085,0.633667,0.633539,0.695955,0.744952,0.690294
0.645845,0.676919,0.695638,0.697123,0.792281,0.665304,0.698054,0.659860,0.691883,0.721930
0.744433,0.640208,0.668615,0.616269,0.528658,0.650072,0.704189,0.683245,0.692415,0.680353
0.699108,0.719504,0.633093,0.673383,0.539573,0.634285,0.616851,0.701372,0.709002,0.710510
0.717619,0.735955,0.715625,0.698252,0.790843,0.514218,0.697265,0.728616,0.664333,0.693324
0.666651,0.690744,0.652077,0.631781,0.801617,0.713043,0.631670,0.701293,0.686358,0.656777
0.687163,0.729080,0.690440,0.721196,0.546095,0.736591,0.707768,0.685329,0.704224,0.732083
0.648082,0.684258,0.712791,0.709021,0.862092,0.641416,0.691929,0.688091,0.795298,0.705800
0.714597,0.669467,0.687825,0.627460,0.805746,0.666393,0.676821,0.689966,0.662622,0.701962
0.713298,0.697152,0.705496,0.728662,0.722494,0.707815,0.832269,0.618153,0.715014,0.666622
0.686138,0.707727,0.618443,0.674270,0.639605,0.659888,0.651167,0.688387,0.695958,0.697102
0.688084,0.693074,0.728385,0.699667,0.658078,0.702923,0.747799,0.696563,0.702724,0.682305
0.713868,0.668293,0.667078,0.601901,0.638786,0.699254,0.742124,0.688319,0.706644,0.669746
0.703427,0.661949,0.703527,0.666528,0.897416,0.798915,0.697705,0.702216,0.690519,0.696000
0.622968,0.731901,0.716387,0.712858,0.737446,0.684827,0.688349,0.654362,0.643270,0.689074
0.665579,0.677422,0.628868,0.720134,0.813810,0.634622,0.707881,0.665493,0.703415,0.701026
0.689464,0.679000,0.663878,0.664914,0.484934,0.666332,0.712139,0.723619,0.705947,0.706271
0.704987,0.740841,0.772313,0.650667,0.554321,0.723704,0.669795,0.711818,0.714465,0.716915
0.654084,0.746236,0.698902,0.817582,0.650897,0.829649,0.631196,0.697194,0.696959,0.718625
0.680518,0.685730,0.676407,0.585195,0.783125,0.620652,0.690291,0.703129,0.679577,0.692656
0.670024,0.673572,0.728978,0.648926,0.804794,0.535785,0.661332,0.713820,0.662673,0.693530
0.689832,0.656696,0.662488,0.640053,0.752068,0.739375,0.650674,0.698463,0.706866,0.686104
0.645968,0.703253,0.688407,0.718870,0.673083,0.601695,0.723047,0.738885,0.683085,0.655583
0.737290,0.638729,0.701204,0.611990,0.631025,0.699604,0.733763,0.676014,0.680753,0.697201
0.671358,0.669498,0.689710,0.762817,0.874607,0.648321,0.681100,0.789655,0.703388,0.667557
0.717100,0.684335,0.697380,0.695177,0.569082,0.652246,0.655509,0.680544,0.681221,0.662645
0.691238,0.673446,0.686752,0.693135,0.758401,0.709976,0.683129,0.694583,0.721626,0.689132
0.700046,0.723854,0.729881,0.711779,0.611056,0.679935,0.714063,0.684813,0.671495,0.727457
0.696828,0.669475,0.690585,0.682274,0.617873,0.693189,0.700697,0.716878,0.717948,0.693617
0.697184,0.669102,0.687404,0.729659,0.480356,0.694498,0.651292,0.686340,0.718769,0.691545
0.662242,0.721205,0.626042,0.667906,0.667947,0.703568,0.618722,0.672994,0.713666,0.666521
0.678860,0.757703,0.696196,0.660776,0.641504,0.650733,0.684938,0.704983,0.739507,0.685901
0.699236,0.681221,0.723368,0.670563,0.751902,0.782102,0.714340,0.703100,0.680006,0.690999
0.706428,0.693865,0.714601,0.674918,0.731185,0.624064,0.659645,0.681244,0.718484,0.686633
0.710540,0.637813,0.702610,0.669280,0.497639,0.694508,0.692558,0.710883,0.642222,0.705260
0.696964,0.662314,0.657925,0.640866,0.614226,0.621947,0.719732,0.704460,0.683914,0.767159
0.665788,0.703714,0.718221,0.709972,0.713237,0.754862,0.721140,0.676911,0.713508,0.706466
0.662915,0.623740,0.733872,0.627640,0.761378,0.727429,0.742608,0.634777,0.714690,0.697234
0.717074,0.692577,0.677126,0.763591,0.694125,0.567556,0.668262,0.671910,0.701724,0.720140
0.684789,0.699724,0.689790,0.747643,0.626418,0.718361,0.666803,0.696854,0.728750,0.679237
0.756354,0.688807,0.719687,0.736681,0.816161,0.642154,0.664220,0.666418,0.606228,0.705408
0.682988,0.696701,0.724817,0.728513,0.606630,0.663046,0.739388,0.677465,0.705259,0.693492
0.738009,0.660853,0.741573,0.655062,0.636573,0.830541,0.664752,0.723932,0.676491,0.691549
0.669832,0.698130,0.738988,0.647923,0.589769,0.688963,0.719999,0.663065,0.675139,0.684800
0.696948,0.767689,0.680364,0.763985,0.685476,0.638907,0.700000,0.668111,0.693462,0.683539
0.679328,0.678104,0.725511,0.653340,0.549115,0.644361,0.633967,0.617217,0.699450,0.681570
0.692511,0.674072,0.757173,0.723397,0.654952,0.655940,0.696031,0.682824,0.750140,0.722751
0.725180,0.786637,0.648863,0.761068,0.687251,0.565657,0.734695,0.701851,0.622176,0.687745
0.722119,0.736729,0.695424,0.692588,0.526810,0.792822,0.687959,0.763896,0.679606,0.683114
0.627817,0.684611,0.730860,0.758498,0.696015,0.625461,0.620387,0.744810,0.704594,0.681983
0.707294,0.752894,0.687987,0.669643,0.745051,0.676542,0.754831,0.723560,0.612574,0.739125
0.681807,0.691674,0.728727,0.679061,0.581417,0.785313,0.728371,0.686837,0.704889,0.695917
0.780879,0.679812,0.679745,0.759021,0.885211,0.732515,0.678526,0.708410,0.634259,0.729266
0.743031,0.698904,0.732452,0.567903,0.520345,0.651086,0.690822,0.660376,0.644532,0.660117
0.686422,0.750881,0.731608,0.708600,0.741102,0.682350,0.684868,0.643499,0.681212,0.681432
0.717552,0.653561,0.725987,0.736910,0.576696,0.749162,0.579253,0.681722,0.604970,0.727467
0.701892,0.703881,0.668065,0.663796,0.413401,0.660651,0.710029,0.694703,0.656220,0.710929
0.715646,0.746843,0.745937,0.799107,0.740430,0.591602,0.625005,0.715635,0.647216,0.671523
0.688267,0.700127,0.673805,0.728885,0.418223,0.663339,0.676199,0.682779,0.723380,0.694911
0.691488,0.697600,0.577394,0.663417,0.757949,0.800720,0.579475,0.698842,0.710425,0.684331
0.653380,0.739812,0.668318,0.631421,0.780607,0.681145,0.728122,0.758510,0.717892,0.622860
0.734485,0.723317,0.763246,0.741210,0.801096,0.743941,0.666927,0.664819,0.709467,0.702734
0.703677,0.733234,0.738169,0.668653,0.900601,0.832646,0.703960,0.688650,0.666151,0.672182
0.719898,0.685115,0.674339,0.677149,0.448723,0.683340,0.679072,0.756382,0.687021,0.690038
0.647952,0.758700,0.711551,0.656908,0.698596,0.638774,0.635171,0.687510,0.644741,0.713899
0.672727,0.652352,0.662225,0.712128,0.766734,0.581974,0.697296,0.737266,0.716525,0.693277
0.682422,0.781557,0.738364,0.713581,0.913736,0.813632,0.659954,0.690548,0.661918,0.668152
0.682892,0.685660,0.734951,0.699605,0.718317,0.708972,0.740137,0.694031,0.688851,0.689226
0.693285,0.659262,0.660039,0.703065,0.553569,0.786746,0.658786,0.701914,0.701126,0.705542
0.676803,0.710761,0.723281,0.685474,0.757345,0.769661,0.690029,0.680627,0.713447,0.694676
0.722787,0.642437,0.690161,0.618518,0.773862,0.542436,0.696133,0.708944,0.721613,0.688540
0.708809,0.654975,0.688437,0.731087,0.625261,0.845476,0.651408,0.753545,0.658560,0.644159
0.684802,0.714754,0.737090,0.685939,0.823558,0.788750,0.792827,0.711985,0.700134,0.690319
0.681935,0.678024,0.641962,0.661156,0.796073,0.747847,0.637709,0.715351,0.708962,0.709227
0.656227,0.688838,0.688200,0.700213,0.809852,0.742327,0.684781,0.667058,0.674720,0.716995
0.753879,0.627983,0.711602,0.734736,0.631658,0.746974,0.639368,0.719405,0.696060,0.731366
0.689660,0.649597,0.729986,0.702034,0.660519,0.836686,0.646371,0.701249,0.744762,0.675654
0.681203,0.687831,0.744268,0.719407,0.579771,0.720219,0.723480,0.673925,0.731989,0.683565
0.624896,0.672755,0.684168,0.801127,0.682329,0.587398,0.622063,0.709400,0.643588,0.663774
0.686544,0.657293,0.711833,0.670505,0.566034,0.741943,0.662371,0.651013,0.657487,0.681455
0.750938,0.677813,0.696972,0.686468,0.773791,0.715598,0.691174,0.672420,0.655868,0.701063
0.674421,0.699559,0.753554,0.639944,0.789813,0.796026,0.651861,0.735651,0.724177,0.717105
0.716238,0.736388,0.667330,0.693109,0.912762,0.822831,0.734606,0.662131,0.668322,0.730784
0.668034,0.682715,0.630676,0.748273,0.745554,0.595456,0.723917,0.642114,0.687216,0.736419
0.684969,0.724697,0.720121,0.631728,0.803051,0.531481,0.681226,0.702299,0.686636,0.715303
0.650390,0.769875,0.682289,0.544080,0.731087,0.669814,0.677639,0.668585,0.670969,0.676362
0.600999,0.682005,0.714008,0.706363,0.732591,0.634454,0.700031,0.686635,0.672313,0.675837
0.704613,0.668324,0.755149,0.695209,0.844062,0.583463,0.644103,0.671012,0.726573,0.637381
0.661512,0.682166,0.685758,0.654900,0.611724,0.741711,0.706390,0.674894,0.685353,0.692523
0.675342,0.725770,0.702215,0.758520,0.666865,0.716169,0.680669,0.735428,0.722495,0.730093
0.686103,0.657903,0.693883,0.717676,0.532344,0.643824,0.702608,0.658833,0.723146,0.684227
0.750750,0.760856,0.717818,0.726206,0.760901,0.499246,0.693233,0.702160,0.720758,0.634657
0.705726,0.679532,0.709959,0.636539,0.877466,0.663676,0.718696,0.678841,0.643423,0.708908
0.633705,0.613862,0.715856,0.725198,0.645748,0.729006,0.714078,0.676996,0.644884,0.631772
0.695022,0.665854,0.629939,0.662060,0.915499,0.789905,0.633419,0.753888,0.702269,0.689351
0.696932,0.578795,0.623733,0.715866,0.465658,0.690465,0.700948,0.645571,0.653564,0.741511
0.659865,0.659623,0.739614,0.725148,0.687732,0.706328,0.748518,0.669997,0.715384,0.708263
0.696594,0.687979,0.596897,0.706202,0.725067,0.712867,0.822462,0.699736,0.675002,0.697593
0.678556,0.702566,0.737631,0.679495,0.774924,0.670973,0.728088,0.697639,0.684275,0.692226
0.703368,0.645301,0.508161,0.704395,0.666820,0.715718,0.524226,0.664102,0.755583,0.720474
0.691761,0.681409,0.656300,0.649668,0.842983,0.691632,0.664877,0.657313,0.689479,0.701630
0.697247,0.724744,0.687175,0.737545,0.648220,0.693020,0.676489,0.710135,0.675708,0.694861
0.664229,0.743872,0.765099,0.608298,0.548030,0.672069,0.652946,0.674033,0.720638,0.713089
0.692506,0.685146,0.606776,0.628347,0.670643,0.690031,0.627130,0.670175,0.693988,0.711085
0.758898,0.740226,0.578838,0.773277,0.664687,0.746254,0.753579,0.778244,0.723191,0.651272
0.728142,0.779679,0.698489,0.614269,0.637600,0.802139,0.698874,0.704681,0.647603,0.726729
0.686780,0.671230,0.663786,0.724478,0.586457,0.728239,0.707049,0.687715,0.692803,0.715969
0.683782,0.654596,0.694220,0.709397,0.574195,0.692755,0.696835,0.662459,0.694972,0.682004
0.672855,0.698553,0.759554,0.699497,0.659181,0.733908,0.621899,0.678765,0.691982,0.687003
0.685114,0.728236,0.740321,0.788857,0.705069,0.739331,0.738372,0.706374,0.692276,0.692064
0.678609,0.697344,0.607516,0.640229,0.866538,0.751979,0.642819,0.668469,0.709203,0.707246
0.694863,0.777442,0.660325,0.700333,0.695053,0.710111,0.647433,0.765593,0.734102,0.691942
0.651877,0.614559,0.719600,0.675633,0.727455,0.701508,0.603124,0.708163,0.694631,0.683377
0.662825,0.725671,0.725309,0.662959,0.844462,0.771440,0.699142,0.702017,0.655014,0.737807
0.695595,0.739207,0.683779,0.733596,0.429437,0.741216,0.701810,0.653557,0.700661,0.692518
0.763321,0.635772,0.740652,0.731772,0.705356,0.717927,0.651598,0.710692,0.707797,0.742596
0.660744,0.637673,0.730343,0.656117,0.704160,0.655397,0.632359,0.711572,0.664832,0.611717
0.672160,0.690772,0.669775,0.655633,0.752151,0.581677,0.683725,0.739223,0.727018,0.701629
0.680559,0.693860,0.635175,0.737929,0.451588,0.798409,0.665444,0.639723,0.636016,0.701883
0.699140,0.713090,0.730482,0.688761,0.618840,0.677137,0.684722,0.678440,0.723464,0.699411
0.731569,0.736910,0.716807,0.630729,0.528946,0.823661,0.656475,0.713046,0.735584,0.692302
0.619039,0.648371,0.758938,0.658408,0.692769,0.492233,0.635965,0.702330,0.688190,0.727424
0.703856,0.721440,0.698345,0.715455,0.769688,0.812814,0.749123,0.671150,0.672104,0.698982
0.723403,0.714986,0.604173,0.742716,0.806835,0.835906,0.627432,0.658788,0.742483,0.717077
0.656091,0.714455,0.703413,0.718925,0.751176,0.558910,0.725684,0.655422,0.657414,0.688578
0.709616,0.761863,0.653424,0.693879,0.645375,0.781948,0.706583,0.680451,0.626659,0.716953
0.700943,0.710427,0.728158,0.672495,0.879285,0.769179,0.710265,0.691305,0.683674,0.682154
0.692524,0.697661,0.664557,0.694536,0.632542,0.794400,0.773594,0.764059,0.682809,0.624874
0.654076,0.693209,0.762519,0.707830,0.739058,0.615949,0.734161,0.676224,0.743243,0.686124
0.722729,0.705823,0.708258,0.655541,0.716485,0.652348,0.691133,0.665912,0.667640,0.651839
0.736417,0.679610,0.688042,0.719223,0.731673,0.572350,0.696868,0.701312,0.673252,0.663277
0.698519,0.690674,0.667999,0.674289,0.581137,0.630148,0.727253,0.696436,0.639475,0.701418
0.730692,0.669254,0.655700,0.740342,0.876917,0.771060,0.698776,0.706262,0.686242,0.743007
0.656818,0.710797,0.754205,0.668783,0.788739,0.674579,0.738105,0.678206,0.731036,0.686122
0.668406,0.698394,0.627979,0.696590,0.682989,0.739738,0.633101,0.639394,0.645703,0.659369
0.702849,0.734612,0.637651,0.663166,0.656392,0.792217,0.649721,0.713910,0.696268,0.695720
0.706266,0.716022,0.704684,0.713067,0.546430,0.868361,0.681490,0.681582,0.690802,0.672076
0.706836,0.696699,0.733928,0.697512,0.726058,0.666514,0.699217,0.697821,0.702510,0.703660
0.677125,0.630082,0.688942,0.643991,0.530833,0.588818,0.637778,0.677323,0.725071,0.686252
0.694580,0.572694,0.746970,0.725455,0.913034,0.637954,0.680313,0.696283,0.702400,0.656930
0.721433,0.691882,0.739426,0.643612,0.872819,0.688884,0.670177,0.711726,0.735026,0.711049
0.697472,0.680518,0.774140,0.730163,0.821671,0.504636,0.658333,0.697998,0.700578,0.621306
0.698626,0.742610,0.686814,0.790879,0.772906,0.740572,0.725260,0.720860,0.710920,0.677136
0.690249,0.693465,0.686590,0.739255,0.487601,0.724138,0.706872,0.696301,0.714135,0.693998
0.707262,0.718939,0.687714,0.731933,0.786261,0.521457,0.714372,0.704144,0.690186,0.687432
0.707025,0.680659,0.731177,0.748597,0.737797,0.680823,0.692298,0.663206,0.711657,0.728021
0.693268,0.680200,0.729794,0.695001,0.789667,0.688623,0.738337,0.719037,0.718344,0.688575
0.728712,0.719206,0.743148,0.647911,0.536410,0.703412,0.680591,0.672161,0.662230,0.676866
0.690767,0.718199,0.725195,0.760610,0.633678,0.717097,0.762179,0.671519,0.732757,0.722388
0.696262,0.646686,0.685805,0.712379,0.611171,0.716372,0.659447,0.670403,0.670402,0.735367
0.674727,0.641557,0.733876,0.734926,0.749775,0.750336,0.734573,0.701773,0.695760,0.705043
0.704288,0.673094,0.727918,0.667489,0.724469,0.717190,0.660190,0.638479,0.653348,0.722224
0.665287,0.647079,0.794957,0.653471,0.537047,0.730986,0.733746,0.668161,0.727655,0.696260
0.708359,0.723549,0.722533,0.699553,0.762919,0.561804,0.739987,0.721271,0.688625,0.712895
0.704068,0.662758,0.724577,0.719055,0.495817,0.665366,0.697364,0.691289,0.724826,0.701931
0.718233,0.685866,0.743036,0.670229,0.518903,0.709975,0.634570,0.735908,0.687653,0.674928
0.690096,0.705098,0.692669,0.729629,0.696455,0.685576,0.735490,0.675714,0.692350,0.717063
0.694263,0.647122,0.650974,0.742124,0.730067,0.638887,0.739875,0.662093,0.689382,0.706338
0.693818,0.681653,0.712890,0.735116,0.464419,0.717899,0.724863,0.698120,0.670860,0.719276
0.700487,0.675186,0.604128,0.667713,0.609827,0.784585,0.708911,0.658580,0.703771,0.673582
0.627047,0.708837,0.671266,0.680353,0.720520,0.671258,0.728207,0.742771,0.743678,0.632418
0.658468,0.639611,0.658765,0.560671,0.574946,0.706554,0.755358,0.732510,0.634114,0.716229
0.745914,0.739572,0.719235,0.681428,0.836986,0.616565,0.681338,0.640928,0.673401,0.692650
0.696825,0.647022,0.723378,0.734787,0.531904,0.775047,0.737604,0.735326,0.703907,0.697327
0.706254,0.658547,0.688033,0.750038,0.906316,0.683229,0.664183,0.655433,0.650702,0.676904
0.688703,0.699276,0.705603,0.719622,0.542979,0.646593,0.717964,0.684928,0.712478,0.702392
0.669193,0.667288,0.664913,0.632984,0.676391,0.675132,0.653055,0.683712,0.665812,0.643360
0.692295,0.691550,0.677742,0.675977,0.735332,0.728631,0.676149,0.710536,0.723061,0.693864
0.698545,0.686249,0.642384,0.573762,0.405589,0.673953,0.722632,0.734496,0.682592,0.721091
0.706503,0.738633,0.696100,0.722637,0.666677,0.634552,0.722188,0.694849,0.739764,0.690330
0.679733,0.722582,0.734345,0.708487,0.585472,0.666227,0.607358,0.708618,0.694589,0.667452
0.717789,0.669294,0.798695,0.744281,0.672597,0.643627,0.683545,0.756506,0.689974,0.696466
0.672635,0.715123,0.665268,0.696219,0.721845,0.692698,0.755870,0.701515,0.695481,0.732179
0.674485,0.714465,0.718467,0.655233,0.847128,0.714654,0.764634,0.619332,0.680954,0.679794
0.683952,0.664398,0.626878,0.772891,0.623049,0.781955,0.680281,0.688477,0.689956,0.688179
0.727682,0.691817,0.683027,0.671795,0.707987,0.616256,0.768779,0.668825,0.704633,0.709199
0.708096,0.688034,0.720382,0.697152,0.821415,0.677879,0.691957,0.712665,0.624459,0.661195
0.721763,0.720145,0.685587,0.586320,0.451805,0.753546,0.690805,0.677483,0.641624,0.714069
0.697697,0.675324,0.697566,0.721179,0.540238,0.650645,0.698997,0.671944,0.717728,0.692116
0.666477,0.663058,0.695828,0.640558,0.638870,0.711326,0.723333,0.684232,0.741893,0.687282
0.700697,0.797734,0.725106,0.756370,0.895202,0.855566,0.710315,0.642054,0.642366,0.706050
0.686976,0.705794,0.600722,0.588869,0.741233,0.783319,0.637803,0.656292,0.698352,0.712852
0.713244,0.771304,0.706960,0.642901,0.803475,0.655306,0.706149,0.706772,0.686121,0.679154
0.692602,0.717018,0.705564,0.729766,0.553460,0.775529,0.639058,0.742696,0.629456,0.681031
0.686351,0.702001,0.603289,0.629058,0.639160,0.706555,0.616994,0.657621,0.691607,0.707384
0.697169,0.672631,0.803678,0.702237,0.617998,0.639460,0.792793,0.675931,0.721228,0.684329
0.669878,0.731812,0.751643,0.766616,0.692975,0.694933,0.779041,0.728091,0.728919,0.661263
0.695451,0.723918,0.792803,0.651507,0.745957,0.729344,0.779639,0.701301,0.689446,0.689928
0.706392,0.707436,0.679134,0.694231,0.549438,0.623466,0.682583,0.676699,0.713361,0.727624
0.774392,0.668874,0.660669,0.763062,0.772496,0.657439,0.697471,0.723336,0.695658,0.728771
0.703760,0.647579,0.670477,0.624009,0.576229,0.657871,0.712557,0.681177,0.658405,0.712067
0.726121,0.726263,0.685895,0.673744,0.794705,0.656154,0.736553,0.723558,0.704112,0.689885
0.675657,0.672018,0.681658,0.752533,0.732256,0.740084,0.679930,0.719268,0.675064,0.697467
0.691559,0.675368,0.718010,0.723282,0.708035,0.651650,0.692808,0.699897,0.704089,0.714121
0.755434,0.732834,0.642989,0.683048,0.765312,0.615688,0.713437,0.689279,0.717345,0.669171
0.680882,0.730395,0.686056,0.747566,0.693339,0.839678,0.743316,0.673381,0.684480,0.686801
0.689898,0.677279,0.678206,0.670089,0.782881,0.651899,0.685715,0.720684,0.714129,0.693928
0.655984,0.620929,0.654539,0.631359,0.740752,0.575531,0.739450,0.705425,0.696995,0.751419
0.714774,0.670334,0.673582,0.712182,0.610088,0.775988,0.712881,0.616362,0.690771,0.651660
0.682625,0.686693,0.694584,0.676670,0.422958,0.697131,0.694652,0.684171,0.632184,0.712969
0.678635,0.697708,0.695016,0.730798,0.521285,0.674648,0.706061,0.691791,0.707422,0.702674
0.668675,0.708223,0.732342,0.736780,0.741045,0.580716,0.701783,0.750090,0.683450,0.675645
0.682270,0.744635,0.696603,0.670789,0.624022,0.819746,0.722487,0.679259,0.701763,0.715023
0.668497,0.758704,0.687907,0.700962,0.838340,0.590471,0.668810,0.678772,0.748212,0.689265
0.720699,0.669446,0.816714,0.726308,0.618063,0.649920,0.760119,0.645216,0.774668,0.710083
0.756874,0.795638,0.711728,0.713048,0.687476,0.708002,0.668466,0.730980,0.770675,0.666549
0.707921,0.697964,0.708903,0.699810,0.610578,0.685412,0.704489,0.676655,0.710165,0.693102
0.703137,0.690921,0.737515,0.739752,0.602049,0.677209,0.684376,0.683075,0.717741,0.733461
0.694620,0.707369,0.691617,0.690925,0.620251,0.793259,0.715636,0.709458,0.667481,0.677834
0.678889,0.785070,0.656374,0.673238,0.635745,0.799430,0.681245,0.693185,0.730943,0.674565
0.688363,0.685435,0.716593,0.714887,0.667366,0.705876,0.699455,0.680585,0.703040,0.680025
0.698353,0.689508,0.685934,0.587979,0.675990,0.589974,0.706261,0.726337,0.675228,0.706107
0.705939,0.682410,0.728926,0.706921,0.521384,0.616358,0.715409,0.681710,0.649564,0.700668
0.679354,0.726116,0.662434,0.737572,0.741932,0.617886,0.715441,0.709163,0.730831,0.709827
0.729472,0.698175,0.678383,0.698804,0.902393,0.749073,0.677813,0.700824,0.656053,0.700691
0.696284,0.689634,0.683321,0.665611,0.646185,0.698961,0.676636,0.674855,0.703962,0.690594
0.697052,0.653550,0.695738,0.716415,0.714277,0.680542,0.671974,0.690339,0.725459,0.702529
0.764221,0.719795,0.738049,0.769482,0.765899,0.761343,0.686079,0.743128,0.716163,0.660338
0.685540,0.666933,0.720507,0.733928,0.688304,0.631042,0.683165,0.678640,0.716400,0.744125
0.691125,0.643308,0.662684,0.679011,0.487727,0.726278,0.664881,0.673703,0.714334,0.694019
0.676072,0.689233,0.616435,0.744280,0.756024,0.713311,0.600007,0.696360,0.725715,0.673446
0.703063,0.759236,0.686495,0.685346,0.539994,0.677828,0.716632,0.709986,0.704463,0.657374
0.683738,0.656349,0.627022,0.653343,0.785055,0.660292,0.644278,0.689848,0.682959,0.669894
0.710447,0.717289,0.720215,0.719743,0.793587,0.726192,0.704966,0.703833,0.675677,0.707967
0.715593,0.702741,0.680770,0.660994,0.772791,0.740571,0.678943,0.689984,0.687576,0.691334
0.691652,0.701966,0.500056,0.591335,0.834784,0.749618,0.523759,0.698740,0.700990,0.703250
0.704144,0.675927,0.706011,0.698541,0.762326,0.720434,0.683156,0.681392,0.706057,0.678989
0.681229,0.706535,0.667194,0.680838,0.706932,0.759234,0.601330,0.696060,0.710142,0.676375
0.695757,0.655393,0.730734,0.682287,0.742870,0.722163,0.745873,0.699919,0.709965,0.679976
0.693646,0.691770,0.684164,0.676415,0.685122,0.714751,0.681041,0.697515,0.695923,0.693243
0.689193,0.668834,0.696491,0.721782,0.684952,0.647555,0.677945,0.695418,0.652729,0.689637
0.672635,0.617097,0.700656,0.741786,0.813001,0.687409,0.675940,0.722771,0.740053,0.674712
0.687650,0.670030,0.715781,0.666454,0.813184,0.761939,0.696751,0.691116,0.731664,0.680661
0.699142,0.743771,0.673720,0.701716,0.588131,0.835318,0.647710,0.702503,0.703810,0.698911
0.697818,0.675423,0.683930,0.614918,0.921453,0.735773,0.742547,0.702155,0.660226,0.706610
0.688368,0.712131,0.714311,0.687956,0.672303,0.739555,0.705685,0.686904,0.700129,0.689767
0.670390,0.672613,0.743547,0.740478,0.725873,0.723983,0.732931,0.736957,0.657604,0.720147
0.694370,0.695777,0.673530,0.714024,0.559613,0.658995,0.756748,0.715881,0.690615,0.681636
0.669841,0.723524,0.602062,0.635250,0.690539,0.681326,0.630432,0.667828,0.688765,0.721112
0.722166,0.682221,0.712851,0.692593,0.765630,0.629535,0.674696,0.692132,0.702127,0.695499
0.726157,0.676746,0.707243,0.641022,0.597017,0.825490,0.715521,0.769993,0.724537,0.672719
0.673809,0.690934,0.730018,0.723297,0.624115,0.703200,0.718824,0.679295,0.731224,0.697290
0.693034,0.688229,0.741981,0.698991,0.596091,0.687495,0.725718,0.692310,0.704914,0.690812
0.704190,0.673561,0.728513,0.676320,0.864329,0.690444,0.650472,0.710293,0.750049,0.679742
0.685806,0.761401,0.702383,0.792087,0.679477,0.640620,0.675765,0.722128,0.735995,0.728967
0.692690,0.689620,0.699804,0.708909,0.937566,0.794968,0.624627,0.733896,0.712768,0.669733
0.698625,0.727704,0.717562,0.708020,0.850211,0.779617,0.710644,0.750984,0.676186,0.705216
0.704969,0.716097,0.640153,0.666651,0.754889,0.823155,0.692714,0.724284,0.647605,0.686845
0.688338,0.663548,0.674751,0.719708,0.546321,0.711458,0.737382,0.736832,0.665370,0.703756
0.708490,0.671099,0.647850,0.689263,0.867723,0.729534,0.667571,0.628351,0.706494,0.709280
0.718940,0.711543,0.662447,0.687643,0.602969,0.676979,0.666027,0.703345,0.692705,0.713806
0.661973,0.681151,0.673030,0.613318,0.652219,0.646881,0.639193,0.602359,0.694736,0.675469
0.722209,0.647221,0.705947,0.659547,0.754798,0.785397,0.717694,0.730794,0.701847,0.694401
0.686167,0.758928,0.646421,0.580843,0.834587,0.756258,0.630214,0.659510,0.715037,0.689756
0.645258,0.711390,0.644860,0.634515,0.622698,0.697939,0.761089,0.686333,0.676344,0.711915
0.708828,0.703885,0.750486,0.731954,0.620162,0.663072,0.729167,0.694232,0.689192,0.695596
0.706612,0.718781,0.731769,0.651319,0.635530,0.736643,0.721760,0.681025,0.703033,0.684184
0.692315,0.651633,0.637952,0.749749,0.738729,0.669718,0.704762,0.679204,0.660398,0.680094
0.757832,0.669554,0.792705,0.689232,0.605101,0.668347,0.633397,0.691448,0.696892,0.723612
0.694453,0.700728,0.699247,0.621227,0.718766,0.668655,0.697525,0.649032,0.717997,0.681579
0.693598,0.708086,0.642254,0.719742,0.722315,0.732364,0.706541,0.681502,0.689188,0.712723
0.661231,0.668410,0.726872,0.611511,0.812734,0.473826,0.733589,0.633243,0.746570,0.683841
0.667370,0.789149,0.734983,0.702308,0.641079,0.709136,0.645832,0.658003,0.645222,0.710772
0.731908,0.674753,0.695546,0.727664,0.619892,0.760946,0.754977,0.704662,0.685989,0.668302
0.685738,0.658488,0.757078,0.742545,0.715892,0.637688,0.693844,0.698876,0.759975,0.642092
0.713363,0.692591,0.762540,0.745283,0.753712,0.717730,0.768522,0.680347,0.721513,0.707014
0.754840,0.591032,0.720158,0.616466,0.714211,0.852072,0.746326,0.658804,0.665606,0.698001
0.680142,0.734536,0.680743,0.659191,0.690001,0.593643,0.707904,0.717594,0.723322,0.707882
0.682127,0.705352,0.591292,0.644868,0.802888,0.726099,0.780753,0.719477,0.691310,0.695552
0.703747,0.697359,0.692384,0.578089,0.796439,0.631264,0.727395,0.684948,0.691104,0.693494
0.683226,0.688794,0.690118,0.747765,0.943748,0.779580,0.646249,0.679393,0.705369,0.682534
0.697413,0.712617,0.690389,0.702793,0.390737,0.672048,0.643178,0.743253,0.729755,0.666049
0.736100,0.643176,0.699607,0.688470,0.953614,0.781313,0.714050,0.709221,0.729171,0.727830
0.681511,0.735361,0.692754,0.800132,0.783387,0.694518,0.599035,0.770713,0.738421,0.663315
0.648179,0.759448,0.687101,0.758089,0.601983,0.613366,0.671875,0.694220,0.628213,0.755096
0.731158,0.773725,0.711199,0.718342,0.702743,0.781075,0.666958,0.735379,0.661383,0.713077
0.669077,0.648109,0.646579,0.751675,0.692150,0.655025,0.715738,0.654273,0.679620,0.622346
0.671895,0.703910,0.713923,0.639274,0.544159,0.687891,0.693011,0.672102,0.686751,0.702757
0.625875,0.632775,0.741249,0.738682,0.777163,0.784154,0.693054,0.672009,0.705597,0.723212
0.676303,0.592969,0.672478,0.786454,0.630512,0.717189,0.672143,0.624449,0.674691,0.697289
0.701815,0.677921,0.649047,0.626968,0.901528,0.771253,0.662241,0.698673,0.679708,0.702022
0.702398,0.689274,0.689320,0.669029,0.519889,0.653040,0.727947,0.699962,0.669667,0.714222
0.721933,0.714064,0.710063,0.602620,0.900918,0.853563,0.691933,0.634221,0.653639,0.681204
0.731021,0.696057,0.730811,0.693255,0.840664,0.610439,0.683574,0.733222,0.674168,0.643340
0.700629,0.716336,0.719903,0.740747,0.600710,0.667505,0.693191,0.700025,0.712505,0.693576
0.698537,0.689348,0.660276,0.747271,0.503241,0.759047,0.680204,0.716556,0.662034,0.696354
0.679688,0.624400,0.690331,0.639958,0.884579,0.615838,0.694125,0.671237,0.685587,0.715909
0.666477,0.686395,0.697044,0.673208,0.535325,0.770276,0.666065,0.764370,0.660360,0.685693
0.667068,0.649502,0.656713,0.765974,0.693277,0.734428,0.656500,0.651355,0.692398,0.716047
0.562958,0.759780,0.745760,0.605717,0.675321,0.699607,0.621516,0.668508,0.665759,0.714956
0.727766,0.716339,0.738355,0.671570,0.708831,0.774982,0.691732,0.714343,0.696339,0.670187
0.708133,0.651835,0.725330,0.687188,0.757136,0.557822,0.652901,0.710834,0.704671,0.695593
0.637491,0.706318,0.659581,0.614197,0.529983,0.707557,0.754626,0.647050,0.659155,0.731457
0.615770,0.705346,0.651301,0.726350,0.679597,0.727973,0.710794,0.594982,0.711569,0.629116
0.695690,0.683488,0.665248,0.585947,0.688846,0.783435,0.713529,0.712393,0.674994,0.670455
0.721491,0.645904,0.714059,0.622063,0.567866,0.669074,0.692055,0.712784,0.684717,0.692019
0.700620,0.667310,0.735874,0.803724,0.567163,0.668571,0.708171,0.641702,0.725236,0.727903
0.664798,0.730549,0.731645,0.757286,0.770298,0.745845,0.706321,0.703419,0.709014,0.693225
0.785488,0.692910,0.714886,0.745859,0.709141,0.701681,0.698335,0.629203,0.722601,0.753272
0.671116,0.673902,0.705436,0.558630,0.656776,0.749690,0.722073,0.722404,0.792659,0.694911
0.720650,0.582877,0.716324,0.709935,0.777803,0.740724,0.705395,0.649831,0.756261,0.679850
0.713980,0.699967,0.697616,0.638595,0.709272,0.738336,0.654930,0.712502,0.665129,0.677520
0.690951,0.678475,0.658443,0.711927,0.642024,0.669882,0.704341,0.728023,0.775528,0.681580
0.723181,0.716741,0.685949,0.678359,0.559945,0.685149,0.685614,0.680968,0.646173,0.674879
0.686039,0.711495,0.677048,0.659955,0.667694,0.738101,0.665471,0.690060,0.703855,0.699507
0.704281,0.722054,0.716776,0.628982,0.786867,0.756886,0.624100,0.750162,0.693347,0.678808
0.689505,0.697976,0.626911,0.777105,0.774197,0.653762,0.640819,0.755733,0.731984,0.688762
0.767631,0.774537,0.664315,0.680243,0.494130,0.763147,0.746564,0.732681,0.750523,0.706435
0.692632,0.742245,0.704324,0.777579,0.654666,0.595052,0.665383,0.691218,0.668685,0.702435
0.700106,0.678286,0.694805,0.658016,0.653200,0.783044,0.674143,0.676694,0.663607,0.688053
0.641094,0.694204,0.743031,0.587050,0.710598,0.689333,0.734847,0.788634,0.647145,0.684304
0.714179,0.673702,0.714004,0.679508,0.655638,0.803014,0.646162,0.650462,0.727682,0.678300
0.664888,0.696786,0.718333,0.649852,0.932695,0.780143,0.761327,0.693501,0.703460,0.723502
0.678702,0.656297,0.696063,0.738613,0.405579,0.639169,0.681654,0.717936,0.701462,0.641330
0.659692,0.719502,0.654562,0.673127,0.616645,0.709753,0.700272,0.689615,0.677467,0.701814
0.677759,0.719141,0.704830,0.675817,0.710398,0.706397,0.708922,0.682709,0.698946,0.688505
0.682803,0.684894,0.743845,0.727348,0.728432,0.500316,0.653507,0.695074,0.735924,0.715501
0.726883,0.668461,0.648718,0.654032,0.510905,0.696356,0.752737,0.735174,0.713897,0.699953
0.730290,0.725153,0.625492,0.690479,0.747996,0.565834,0.710994,0.644205,0.690217,0.709549
0.699025,0.673127,0.715758,0.667195,0.790617,0.615013,0.712788,0.661172,0.680324,0.664482
0.683115,0.701924,0.668646,0.681048,0.642715,0.698463,0.737753,0.689624,0.686021,0.702649
0.690428,0.708617,0.669650,0.687438,0.653852,0.705539,0.698864,0.692337,0.685857,0.679844
0.710986,0.718713,0.755309,0.790665,0.672793,0.698517,0.671590,0.693602,0.681027,0.712983
0.677220,0.704490,0.706378,0.636895,0.475746,0.637224,0.704395,0.746000,0.727451,0.697500
0.612012,0.735748,0.672061,0.783357,0.587796,0.660202,0.733568,0.704497,0.704281,0.648750
0.666298,0.718491,0.671760,0.726258,0.771679,0.648075,0.715160,0.623942,0.678687,0.682292
0.721909,0.704596,0.680405,0.726995,0.456887,0.834138,0.664506,0.739863,0.639103,0.673407
0.684229,0.676613,0.705110,0.687585,0.655076,0.760092,0.696355,0.656104,0.725703,0.688763
0.670171,0.659605,0.727100,0.633801,0.768065,0.774937,0.720135,0.675191,0.722923,0.698691
0.743202,0.631895,0.682929,0.707279,0.902661,0.781562,0.723495,0.654793,0.713053,0.657187
0.753879,0.687654,0.701498,0.710870,0.552046,0.590135,0.688900,0.766388,0.714668,0.688791
0.722255,0.707256,0.657083,0.813451,0.795887,0.701981,0.725459,0.690710,0.677637,0.780017
0.697776,0.673620,0.699944,0.714854,0.692692,0.686857,0.674997,0.672929,0.718575,0.678557
0.695593,0.667975,0.684693,0.791124,0.735948,0.693644,0.707794,0.628076,0.722218,0.733357
0.727280,0.580257,0.644898,0.742990,0.658231,0.728605,0.699446,0.751501,0.658603,0.671327
0.677246,0.713890,0.626411,0.619729,0.709005,0.662449,0.638865,0.691075,0.708491,0.683271
0.660240,0.689871,0.766793,0.623512,0.538976,0.627213,0.729604,0.721510,0.757418,0.689195
0.720147,0.803078,0.709890,0.647074,0.679218,0.560216,0.688060,0.727664,0.662966,0.689336
0.723006,0.728490,0.671919,0.743377,0.761598,0.554079,0.701583,0.724975,0.723274,0.700521
0.675676,0.705684,0.641528,0.709341,0.749737,0.734065,0.704764,0.672729,0.712607,0.702818
0.718322,0.681148,0.705107,0.706789,0.887567,0.702406,0.670880,0.699400,0.566962,0.682102
0.691778,0.684496,0.704083,0.664421,0.515445,0.710491,0.667234,0.716286,0.705839,0.719653
0.729086,0.731245,0.687067,0.568583,0.697432,0.697399,0.659987,0.679921,0.717111,0.700030
0.684676,0.702027,0.735210,0.692871,0.796883,0.772492,0.727630,0.694572,0.711295,0.708112
0.675877,0.705786,0.756815,0.728042,0.636964,0.643156,0.654845,0.625600,0.693880,0.676257
0.694366,0.615507,0.715673,0.627348,0.666120,0.611250,0.708685,0.644965,0.705876,0.684109
0.717065,0.677519,0.659172,0.726090,0.709278,0.834296,0.707114,0.710587,0.672692,0.662233
0.717179,0.570132,0.618904,0.658115,0.779392,0.676303,0.610992,0.715978,0.676116,0.717183
0.646127,0.670869,0.727148,0.690815,0.687554,0.814149,0.651887,0.670421,0.748010,0.679505
0.684301,0.678731,0.689309,0.686150,0.892523,0.618584,0.717929,0.693119,0.704497,0.707173
0.705325,0.667688,0.657141,0.643156,0.708214,0.594835,0.683691,0.647892,0.709130,0.682875
0.657926,0.705761,0.738166,0.678819,0.699015,0.672847,0.639920,0.677564,0.698715,0.686216
0.636089,0.720466,0.675371,0.690004,0.481681,0.666165,0.693407,0.716456,0.643680,0.736218
0.701830,0.687681,0.715278,0.718437,0.511033,0.662605,0.706158,0.681002,0.673860,0.709813
0.629004,0.676316,0.733705,0.716740,0.604462,0.548317,0.637138,0.680817,0.648562,0.722841
0.761141,0.650069,0.717796,0.648151,0.660501,0.799783,0.707495,0.703318,0.703296,0.678203
0.791884,0.679840,0.707224,0.731254,0.882556,0.707401,0.671777,0.670123,0.714122,0.718609
0.696648,0.721890,0.665271,0.692186,0.762753,0.587036,0.650390,0.664472,0.726694,0.674367
0.693603,0.659142,0.677071,0.765206,0.744281,0.599408,0.663351,0.755728,0.663550,0.701514
0.670401,0.756647,0.678538,0.656581,0.592983,0.797409,0.690730,0.657456,0.719346,0.758892
0.681891,0.680843,0.709008,0.636506,0.581014,0.768713,0.678984,0.632221,0.716532,0.673832
0.693153,0.692683,0.740940,0.695805,0.855622,0.631867,0.649610,0.719205,0.710896,0.691005
0.680988,0.657378,0.617431,0.585566,0.724593,0.729990,0.747461,0.755526,0.702439,0.662294
0.736062,0.675956,0.628737,0.765810,0.785271,0.675767,0.737071,0.695306,0.735020,0.718150
0.709455,0.697016,0.758177,0.639420,0.789609,0.594005,0.641154,0.718396,0.698292,0.661468
0.686467,0.687965,0.625225,0.683088,0.740651,0.722701,0.641040,0.695573,0.716841,0.701606
0.665444,0.641887,0.685038,0.658622,0.817284,0.879284,0.697206,0.643322,0.714328,0.717177
0.728132,0.603175,0.721912,0.629029,0.491174,0.645103,0.628482,0.669391,0.723446,0.663510
0.673565,0.711180,0.686352,0.727028,0.527821,0.743490,0.700808,0.676818,0.758547,0.702182
0.687088,0.688675,0.722167,0.685093,0.554746,0.684509,0.736900,0.684172,0.686735,0.708996
0.720721,0.683440,0.682072,0.658765,0.627350,0.833748,0.745823,0.697977,0.707266,0.717374
0.724513,0.698023,0.709777,0.700824,0.757534,0.717456,0.675958,0.650409,0.714834,0.668994
0.671790,0.717840,0.630058,0.646711,0.652895,0.714076,0.487290,0.697557,0.709357,0.676030
0.716457,0.701380,0.697838,0.657127,0.772176,0.783706,0.721902,0.750765,0.589548,0.700075
0.697856,0.716491,0.656250,0.715391,0.532560,0.782607,0.710558,0.666227,0.663886,0.657105
0.779644,0.673027,0.715906,0.699198,0.715526,0.603236,0.777236,0.666946,0.720597,0.680309
0.685703,0.702824,0.762552,0.776117,0.675943,0.771226,0.688543,0.725601,0.691371,0.672319
0.686212,0.636145,0.695911,0.703547,0.675782,0.648825,0.724438,0.714313,0.736921,0.735701
0.751601,0.678222,0.707475,0.736435,0.683436,0.702727,0.659346,0.689237,0.726556,0.658138
0.736971,0.685994,0.689630,0.710485,0.480753,0.763006,0.714073,0.756095,0.710068,0.713068
0.727820,0.700640,0.655572,0.670882,0.658017,0.563373,0.678202,0.739512,0.684119,0.740149
0.708290,0.699913,0.766675,0.817387,0.665875,0.565477,0.557614,0.603296,0.697834,0.728296
0.714004,0.693786,0.674681,0.708798,0.653410,0.733370,0.775506,0.715798,0.692044,0.695219
0.692928,0.750498,0.691771,0.649493,0.706524,0.628519,0.691398,0.732249,0.696557,0.698839
0.689832,0.651712,0.663568,0.656192,0.851857,0.689899,0.656629,0.713986,0.711031,0.693932
0.673399,0.673470,0.716908,0.708411,0.653143,0.749733,0.755947,0.662384,0.706830,0.692162
0.674949,0.619312,0.723079,0.697635,0.716186,0.587846,0.661458,0.685222,0.708817,0.684273
0.690036,0.675073,0.652989,0.693519,0.801502,0.685891,0.660987,0.742213,0.728863,0.694064
0.746704,0.754796,0.666856,0.759560,0.649232,0.616221,0.698487,0.678273,0.693781,0.659836
0.680519,0.625759,0.695409,0.688974,0.639725,0.611833,0.702940,0.652587,0.687160,0.684673
0.734014,0.636588,0.722677,0.664662,0.929425,0.667127,0.683518,0.654937,0.672076,0.698988
0.678934,0.755036,0.666111,0.792120,0.788895,0.633712,0.709347,0.691685,0.700535,0.688862
0.710674,0.617348,0.743005,0.702826,0.674164,0.677044,0.661087,0.702502,0.697304,0.707912
0.684924,0.698394,0.770718,0.761971,0.694867,0.565220,0.659119,0.670591,0.758595,0.675874
0.702921,0.717145,0.661723,0.649117,0.311729,0.640488,0.699725,0.764987,0.667089,0.729331
0.704186,0.697550,0.678272,0.607497,0.735532,0.626423,0.667309,0.702179,0.691069,0.700045
0.722869,0.699925,0.704090,0.716581,0.643778,0.665775,0.744126,0.660541,0.651328,0.643359
0.760024,0.665679,0.763595,0.604154,0.717629,0.643155,0.637681,0.664256,0.745386,0.732563
0.671834,0.685766,0.641106,0.616190,0.770567,0.729841,0.623955,0.704646,0.691296,0.690721
0.685523,0.743869,0.699512,0.556403,0.822241,0.713955,0.736942,0.718932,0.697238,0.700560
0.677692,0.749270,0.716197,0.565878,0.734183,0.679436,0.687949,0.686669,0.704477,0.680014
0.697841,0.681193,0.644313,0.655375,0.593089,0.794893,0.732043,0.674859,0.714817,0.681968
0.747490,0.662006,0.644917,0.749384,0.724230,0.681830,0.740996,0.708087,0.661921,0.667189
0.688336,0.683501,0.672733,0.743006,0.590144,0.622525,0.669010,0.692307,0.700377,0.692553
0.710358,0.667956,0.705920,0.612985,0.554622,0.666979,0.697068,0.755538,0.729587,0.682187
0.719198,0.729099,0.680783,0.684500,0.922199,0.801301,0.771358,0.643667,0.715472,0.693387
0.712680,0.679686,0.672614,0.724587,0.865936,0.733248,0.660251,0.683292,0.695634,0.686207
0.697163,0.712210,0.627152,0.639758,0.633017,0.628387,0.657100,0.644898,0.697952,0.690147
0.634037,0.710150,0.724306,0.529305,0.552773,0.715965,0.652999,0.680831,0.627698,0.752034
0.696170,0.696176,0.711615,0.702073,0.632846,0.678960,0.679783,0.664553,0.720331,0.674557
0.690803,0.680166,0.685293,0.521056,0.702581,0.773647,0.758707,0.686027,0.678591,0.700553
0.705202,0.698962,0.714006,0.778271,0.751559,0.629754,0.699928,0.705104,0.627469,0.747793
0.682643,0.658975,0.733464,0.674778,0.744743,0.738191,0.760011,0.717342,0.704819,0.704190
0.565196,0.677429,0.743635,0.767259,0.809118,0.731960,0.629494,0.628955,0.667851,0.637648
0.688924,0.681224,0.738409,0.790933,0.800771,0.699080,0.725010,0.722986,0.606448,0.691695
0.706622,0.696116,0.766700,0.700469,0.734616,0.769960,0.736475,0.730807,0.684036,0.676473
0.701317,0.716480,0.696082,0.693300,0.734151,0.520851,0.727009,0.752323,0.702210,0.711904
0.715816,0.782013,0.688367,0.756384,0.664297,0.588271,0.665304,0.608482,0.638493,0.692510
0.682113,0.720454,0.620221,0.617584,0.791129,0.778300,0.780298,0.731275,0.694548,0.740400
0.675008,0.656894,0.697123,0.705957,0.713078,0.874772,0.672405,0.660401,0.693558,0.704330
0.699040,0.668851,0.717205,0.711411,0.863106,0.748188,0.695176,0.691944,0.692645,0.690049
0.695992,0.617929,0.664795,0.650642,0.547763,0.735516,0.685171,0.679960,0.663272,0.679945
0.686912,0.705946,0.675841,0.681652,0.847073,0.829557,0.674486,0.716107,0.712716,0.700025
0.728400,0.656558,0.671599,0.732722,0.759673,0.467226,0.681579,0.679118,0.764842,0.695290
0.716245,0.710033,0.678264,0.636534,0.677236,0.610081,0.647116,0.711519,0.688845,0.703194
0.716327,0.620694,0.685674,0.645825,0.621616,0.713222,0.725699,0.638477,0.718338,0.668102
0.727031,0.671271,0.722926,0.548814,0.821750,0.644016,0.718375,0.700286,0.672324,0.724679
0.729533,0.712004,0.705175,0.730787,0.723473,0.661680,0.697277,0.678544,0.638250,0.695440
0.707942,0.690915,0.739488,0.693252,0.614562,0.692412,0.721955,0.704209,0.695133,0.731442
0.699827,0.729362,0.733440,0.774784,0.670305,0.721599,0.697787,0.628714,0.641928,0.690810
0.736069,0.782152,0.706310,0.632701,0.759508,0.639653,0.674298,0.738764,0.696967,0.718052
0.703203,0.674194,0.675753,0.711587,0.732854,0.684004,0.662205,0.691199,0.693350,0.715563
0.720968,0.684722,0.715380,0.682706,0.646270,0.766282,0.727537,0.668486,0.711252,0.687767
0.695243,0.722259,0.740570,0.681919,0.723214,0.723592,0.720195,0.751283,0.643851,0.695692
0.718190,0.699397,0.759663,0.639444,0.651359,0.679204,0.633772,0.697804,0.662970,0.658376
0.721751,0.742615,0.723601,0.659537,0.482696,0.691579,0.655307,0.693275,0.687908,0.646569
0.700570,0.680362,0.677770,0.688428,0.635173,0.742366,0.744943,0.723236,0.670770,0.723948
0.655839,0.771616,0.683573,0.734811,0.719036,0.674481,0.730930,0.736813,0.714580,0.663417
0.703447,0.703244,0.723963,0.703905,0.607592,0.728460,0.720604,0.668167,0.675950,0.711926
0.662125,0.671930,0.667824,0.683527,0.416276,0.684167,0.724489,0.768767,0.736005,0.695820
0.690338,0.668885,0.685506,0.711228,0.677864,0.672238,0.703158,0.685121,0.672305,0.682921
0.671426,0.700780,0.676782,0.797548,0.689063,0.587554,0.667739,0.616767,0.675781,0.666299
0.690413,0.706885,0.664835,0.705800,0.689040,0.701696,0.674596,0.732086,0.651668,0.671986
0.754406,0.738865,0.696675,0.853330,0.676853,0.659433,0.623299,0.766647,0.665697,0.728804
0.593272,0.699473,0.607117,0.603825,0.717432,0.736533,0.804046,0.766309,0.721474,0.700497
0.666624,0.680542,0.690961,0.688552,0.945902,0.800550,0.688668,0.716686,0.749887,0.710890
0.699667,0.666819,0.682339,0.692521,0.538277,0.729168,0.707340,0.667785,0.683864,0.705093
0.699740,0.724507,0.685976,0.729879,0.637016,0.747806,0.690776,0.717766,0.687184,0.694444
0.709247,0.734430,0.695292,0.747494,0.804903,0.730304,0.676305,0.574625,0.712485,0.679645
0.768109,0.740536,0.704279,0.686391,0.636059,0.811011,0.719016,0.797754,0.712710,0.701847
0.755918,0.686474,0.618150,0.716182,0.674935,0.724014,0.684010,0.624782,0.670110,0.655421
0.700716,0.667089,0.689562,0.691607,0.498308,0.758796,0.706481,0.714294,0.678049,0.713008
0.696409,0.636613,0.692008,0.689919,0.757190,0.647828,0.708600,0.679912,0.691367,0.756522
0.689401,0.645018,0.678972,0.616386,0.794295,0.586747,0.697123,0.705033,0.663163,0.701713
0.699583,0.679201,0.655246,0.746284,0.647274,0.734371,0.522138,0.732228,0.692321,0.667491
0.725650,0.737740,0.742782,0.716794,0.722856,0.612278,0.742615,0.689163,0.677748,0.687378
0.608442,0.690909,0.714532,0.566657,0.643166,0.734415,0.690208,0.767186,0.690175,0.701008
0.699030,0.664436,0.670265,0.679213,0.737406,0.661467,0.670634,0.689989,0.702364,0.709255
0.688863,0.740108,0.678082,0.773208,0.686226,0.512597,0.690612,0.673323,0.662735,0.690452
0.687518,0.734051,0.682320,0.642187,0.792824,0.802815,0.756924,0.703903,0.636328,0.737466
0.723993,0.688607,0.671859,0.659500,0.731811,0.754051,0.770339,0.772738,0.659091,0.709845
0.789037,0.746038,0.749856,0.729686,0.872459,0.772901,0.710106,0.707344,0.678880,0.688453
0.724617,0.802360,0.636437,0.700897,0.883634,0.759728,0.708034,0.721300,0.730666,0.724831
0.666634,0.639102,0.713075,0.720964,0.765702,0.667844,0.623499,0.638912,0.664836,0.721876
0.658711,0.688544,0.613429,0.766923,0.842264,0.700572,0.651461,0.709750,0.711648,0.694267
0.736962,0.667574,0.803961,0.629417,0.679500,0.736815,0.649139,0.677398,0.735484,0.702265
0.690179,0.688122,0.704946,0.763637,0.546919,0.741434,0.677757,0.689011,0.683122,0.712084
0.749405,0.656282,0.705755,0.683251,0.724578,0.764874,0.723492,0.660822,0.687673,0.715558
0.710617,0.698005,0.602470,0.618882,0.745922,0.759543,0.650875,0.690179,0.681352,0.685658
0.711177,0.621240,0.655301,0.713325,0.556509,0.782804,0.672265,0.669515,0.666060,0.727329
0.713052,0.693947,0.698421,0.690091,0.731199,0.588524,0.730818,0.693496,0.675744,0.731841
0.689566,0.721252,0.663548,0.688658,0.851574,0.659381,0.652517,0.693505,0.705622,0.703185
0.713195,0.716228,0.687781,0.726665,0.810825,0.519616,0.728491,0.749896,0.740528,0.706605
0.684994,0.715560,0.714018,0.613568,0.741982,0.814902,0.674591,0.768262,0.665384,0.697083
0.677383,0.718437,0.665323,0.759271,0.342547,0.713130,0.652495,0.691731,0.743648,0.696674
0.666967,0.661967,0.596111,0.709507,0.596135,0.550305,0.642532,0.663505,0.750813,0.706540
0.705147,0.723629,0.686032,0.744850,0.629209,0.603566,0.746641,0.687838,0.697731,0.729675
0.659296,0.693819,0.701111,0.739525,0.859531,0.661169,0.732942,0.672303,0.733725,0.709127
0.718680,0.714560,0.737881,0.678412,0.789549,0.688416,0.714101,0.658221,0.724775,0.721304
0.695419,0.715438,0.675765,0.730558,0.665279,0.577484,0.715775,0.613441,0.699544,0.730341
0.669712,0.709940,0.678680,0.640038,0.812193,0.611430,0.711552,0.687118,0.719239,0.685038
0.668233,0.641586,0.713458,0.712537,0.778508,0.478186,0.681062,0.731327,0.714511,0.680940
0.739653,0.679003,0.682690,0.660227,0.690553,0.695253,0.700598,0.618179,0.667386,0.659210
0.763394,0.655880,0.666630,0.741328,0.832183,0.604438,0.706413,0.660023,0.694658,0.745651
0.709917,0.726921,0.731641,0.692933,0.411771,0.715338,0.617868,0.685557,0.686836,0.667573
0.709472,0.682977,0.614922,0.690364,0.574678,0.767794,0.791852,0.699201,0.679834,0.624465
0.680857,0.739547,0.622872,0.691179,0.806780,0.722620,0.664153,0.707510,0.715532,0.700260
0.679739,0.731562,0.680412,0.653686,0.864836,0.731438,0.795930,0.720194,0.671689,0.689371
0.698951,0.642943,0.691718,0.689581,0.784374,0.555610,0.683918,0.762421,0.686096,0.695633
0.678036,0.715347,0.691324,0.670554,0.678733,0.773607,0.714918,0.703111,0.697874,0.688034
0.669594,0.734907,0.670122,0.711435,0.611522,0.770428,0.677034,0.657862,0.695603,0.693763
0.734671,0.741624,0.719434,0.713640,0.605658,0.683388,0.693782,0.709826,0.699024,0.657215
0.709454,0.674684,0.701347,0.713437,0.635153,0.719915,0.700163,0.678620,0.707835,0.684544
0.677516,0.668263,0.679519,0.712430,0.296118,0.610655,0.693994,0.693200,0.716307,0.715605
0.747819,0.712480,0.639533,0.614566,0.512858,0.669259,0.738174,0.637093,0.655268,0.644232
0.679636,0.678107,0.657293,0.777837,0.862545,0.777555,0.764583,0.618133,0.653300,0.720978
0.626664,0.756716,0.683269,0.758991,0.715424,0.638589,0.738498,0.688970,0.648493,0.732649
0.653978,0.703396,0.663524,0.671536,0.755079,0.716979,0.645829,0.689112,0.726238,0.697838
0.699741,0.721141,0.589363,0.750719,0.629735,0.544158,0.616100,0.708988,0.737816,0.693037
0.692459,0.645723,0.737889,0.593617,0.717541,0.596135,0.668067,0.679030,0.698003,0.674623
0.676836,0.719292,0.687085,0.725733,0.677721,0.825432,0.691871,0.682594,0.717652,0.695213
0.708285,0.656826,0.737308,0.737960,0.675173,0.729827,0.644610,0.729036,0.703002,0.729680
0.772155,0.734517,0.755116,0.670155,0.556935,0.711231,0.674784,0.653981,0.727725,0.670444
0.723893,0.674635,0.779167,0.708999,0.550394,0.729667,0.763254,0.689292,0.687610,0.671177
0.695087,0.678892,0.557921,0.663583,0.784588,0.843795,0.579792,0.698746,0.713731,0.676265
0.698030,0.710001,0.671416,0.659259,0.855246,0.838564,0.636995,0.706830,0.695087,0.680857
0.674593,0.735388,0.704342,0.651158,0.726607,0.660018,0.679169,0.727022,0.663563,0.724780
0.697296,0.709153,0.739156,0.679709,0.572762,0.713197,0.712964,0.753035,0.694555,0.698138
0.683034,0.755398,0.692566,0.623273,0.650705,0.773478,0.689614,0.693664,0.696194,0.689585
0.662137,0.692084,0.691555,0.755390,0.514472,0.645358,0.688730,0.679107,0.690128,0.681576
0.691427,0.707574,0.696906,0.648610,0.787093,0.701061,0.708852,0.664172,0.689381,0.695878
0.742661,0.702380,0.761375,0.694902,0.759898,0.706150,0.711365,0.653548,0.706707,0.710601
0.627661,0.736991,0.710387,0.767306,0.815158,0.767460,0.651331,0.698303,0.613506,0.694747
0.683343,0.707621,0.666147,0.709061,0.472858,0.694175,0.663607,0.672215,0.706046,0.698638
0.683707,0.704240,0.685830,0.669736,0.753791,0.630239,0.703179,0.700885,0.710279,0.692423
0.656007,0.755543,0.762288,0.776269,0.694533,0.538658,0.674214,0.653213,0.708884,0.724790
0.678271,0.686822,0.645363,0.745650,0.711538,0.646628,0.677742,0.677357,0.694663,0.707952
0.736089,0.628572,0.648048,0.658738,0.787547,0.706794,0.582000,0.709086,0.672208,0.683448
0.728928,0.736057,0.680975,0.694399,0.445353,0.793282,0.651324,0.711966,0.688440,0.685905
0.670299,0.733551,0.738625,0.742368,0.729393,0.583915,0.711827,0.753927,0.722853,0.698559
0.721858,0.721290,0.733654,0.688894,0.601083,0.711734,0.655240,0.647189,0.682067,0.733127
0.689173,0.689211,0.681719,0.702711,0.583890,0.812150,0.704540,0.685540,0.697353,0.709056
0.653784,0.709338,0.734580,0.768562,0.744715,0.582907,0.659485,0.755502,0.692953,0.701828
0.671232,0.683362,0.648759,0.705819,0.524529,0.799631,0.752858,0.673436,0.717346,0.670841
0.702558,0.680425,0.667328,0.696642,0.628735,0.802425,0.652117,0.708106,0.709926,0.683100
0.684765,0.718481,0.706552,0.596794,0.807086,0.685607,0.698117,0.702552,0.698162,0.701593
0.713484,0.645215,0.702348,0.651338,0.683746,0.812522,0.631652,0.715356,0.701732,0.731701
0.674996,0.704594,0.734373,0.680643,0.645798,0.655843,0.662043,0.709795,0.697751,0.657993
0.697815,0.720911,0.681965,0.765235,0.726514,0.477665,0.674938,0.750029,0.693280,0.694079
0.676921,0.721310,0.549152,0.735993,0.718096,0.722338,0.621101,0.699644,0.719559,0.713545
0.714687,0.713096,0.699333,0.647319,0.592535,0.708509,0.693636,0.693862,0.723055,0.708637
0.652202,0.688204,0.768025,0.741537,0.572464,0.617341,0.663501,0.712481,0.705327,0.713493
0.674141,0.706338,0.643256,0.672650,0.746727,0.648558,0.623393,0.724472,0.704955,0.690276
0.689238,0.703253,0.735708,0.643680,0.696646,0.740012,0.762422,0.723450,0.669775,0.705383
0.695341,0.626187,0.698880,0.660358,0.641061,0.680507,0.666118,0.693855,0.680735,0.620966
0.716721,0.648635,0.665285,0.672865,0.694159,0.740991,0.701911,0.666640,0.646348,0.715470
0.678419,0.700252,0.664990,0.635686,0.675127,0.792287,0.682238,0.671372,0.697705,0.697778
0.700103,0.667377,0.609524,0.821823,0.725535,0.708768,0.738347,0.731234,0.599762,0.710989
0.732174,0.646058,0.724858,0.702166,0.608636,0.727623,0.630431,0.664236,0.647517,0.658624
0.695463,0.673380,0.666987,0.736814,0.626163,0.795692,0.691679,0.720368,0.655148,0.698460
0.651161,0.648921,0.594968,0.734357,0.705918,0.658733,0.799915,0.623669,0.698266,0.595276
0.699807,0.736568,0.690246,0.704081,0.733060,0.712779,0.701730,0.728693,0.706923,0.695602
0.664971,0.684566,0.668122,0.731248,0.784195,0.645676,0.731643,0.737392,0.729717,0.716618
0.702649,0.737528,0.652460,0.629963,0.576446,0.646609,0.640821,0.680681,0.672597,0.693408
0.728523,0.733477,0.721958,0.712260,0.483545,0.799315,0.720082,0.676422,0.736188,0.711759
0.678947,0.653887,0.678702,0.700869,0.640803,0.549794,0.699545,0.685393,0.727743,0.662267
0.725277,0.695855,0.713603,0.698882,0.563488,0.624698,0.649356,0.659152,0.718142,0.714683
0.692737,0.638818,0.706394,0.655185,0.641097,0.715952,0.682379,0.697933,0.657949,0.692545
0.727682,0.648154,0.700237,0.729652,0.761652,0.704392,0.680698,0.723222,0.739418,0.730667
0.677102,0.731595,0.680784,0.697609,0.735893,0.615173,0.776932,0.615480,0.686571,0.689827
0.688665,0.677257,0.713754,0.710237,0.793046,0.626251,0.674472,0.714432,0.688377,0.682962
0.695950,0.708208,0.696863,0.636120,0.758766,0.649079,0.680380,0.720437,0.697094,0.710752
0.738388,0.641855,0.672886,0.626768,0.633320,0.719820,0.730980,0.601961,0.692064,0.688469
0.663818,0.651415,0.636179,0.675182,0.758478,0.596973,0.608114,0.704443,0.752490,0.667384
0.722114,0.693766,0.659245,0.676067,0.703888,0.653223,0.700351,0.741199,0.665327,0.671547
0.693457,0.692630,0.708100,0.663823,0.804493,0.692921,0.683809,0.712427,0.700153,0.687894
0.677310,0.646696,0.684911,0.596943,0.725075,0.769397,0.641595,0.631680,0.679758,0.709185
0.690781,0.675751,0.692824,0.695399,0.677899,0.695953,0.741296,0.718242,0.704326,0.699231
0.647195,0.637961,0.753716,0.804161,0.864241,0.652117,0.637271,0.739055,0.609898,0.633066
0.714936,0.730391,0.696898,0.717605,0.724242,0.672282,0.709846,0.663804,0.707151,0.671544
0.678784,0.746167,0.655057,0.720743,0.651595,0.683460,0.762036,0.660672,0.697999,0.726895
0.718778,0.657235,0.695168,0.669203,0.777702,0.627824,0.611562,0.653793,0.703856,0.648217
0.702925,0.732244,0.714070,0.666678,0.719565,0.582822,0.690104,0.701983,0.660240,0.681580
0.700804,0.707705,0.669869,0.687242,0.659771,0.558184,0.680101,0.722404,0.680692,0.691061
0.689940,0.698897,0.731951,0.680983,0.750167,0.715993,0.741802,0.692482,0.690341,0.684642
0.705195,0.734438,0.674663,0.701823,0.229648,0.690172,0.675765,0.681343,0.660579,0.688437
0.704350,0.636823,0.749131,0.676534,0.693052,0.825880,0.748763,0.703752,0.699465,0.673549
0.687065,0.707486,0.726661,0.688451,0.667860,0.724405,0.671675,0.680604,0.695209,0.680775
0.676637,0.668152,0.735709,0.710257,0.718241,0.710444,0.738870,0.643918,0.702979,0.731232
0.686139,0.699883,0.689811,0.673939,0.835274,0.555197,0.752661,0.724746,0.697305,0.716029
0.682069,0.689562,0.702524,0.783873,0.538830,0.702567,0.744804,0.669702,0.730603,0.678523
0.660987,0.669141,0.646364,0.761460,0.715888,0.759638,0.699044,0.706133,0.702114,0.676891
0.683513,0.700381,0.721452,0.714532,0.898271,0.644943,0.683090,0.684239,0.665632,0.656678
0.677421,0.685454,0.652849,0.763736,0.751838,0.581155,0.660597,0.768168,0.706222,0.713660
0.716046,0.687088,0.671363,0.649380,0.626956,0.586675,0.736228,0.704936,0.714479,0.658743
0.698065,0.631954,0.709543,0.652886,0.676811,0.693427,0.702688,0.705111,0.687001,0.680019
0.690418,0.644740,0.709507,0.657263,0.634916,0.778429,0.713891,0.669041,0.706867,0.685111
0.679687,0.703940,0.719908,0.633369,0.980129,0.840515,0.704416,0.681718,0.682875,0.691244
0.811464,0.759867,0.682289,0.785086,0.784462,0.746984,0.697830,0.767906,0.755236,0.694591
0.698423,0.708182,0.713542,0.714098,0.701285,0.647720,0.579339,0.687456,0.658739,0.692424
0.706465,0.683683,0.720488,0.757828,0.667466,0.700049,0.689654,0.700570,0.714236,0.647565
0.690840,0.701393,0.683819,0.699714,0.825021,0.730028,0.732779,0.667532,0.734959,0.699791
0.669926,0.674382,0.728720,0.762138,0.593857,0.682316,0.648521,0.629831,0.719944,0.692591
0.677920,0.662300,0.774865,0.699528,0.742196,0.765612,0.736986,0.690557,0.704048,0.713577
0.689384,0.699230,0.685587,0.683196,0.810505,0.756509,0.680068,0.681196,0.709664,0.696714
0.716761,0.720277,0.679462,0.783136,0.753899,0.733781,0.730028,0.719268,0.708307,0.707175
0.587497,0.688763,0.753468,0.807567,0.693708,0.675887,0.620750,0.687564,0.716882,0.698942
0.696590,0.704833,0.687997,0.761538,0.693862,0.659345,0.712512,0.710525,0.693042,0.674792
0.733831,0.715025,0.673436,0.546152,0.603710,0.711275,0.736363,0.611326,0.630870,0.667425
0.685895,0.754635,0.704821,0.800599,0.710472,0.633297,0.706951,0.719940,0.761931,0.692009
0.701043,0.757473,0.684648,0.780784,0.635803,0.727634,0.678355,0.691171,0.651560,0.677699
0.661567,0.700248,0.655818,0.732811,0.744871,0.673490,0.672851,0.673614,0.735005,0.688368
0.690201,0.641999,0.711331,0.656904,0.507599,0.632397,0.704333,0.697249,0.657559,0.737081
0.712321,0.682374,0.630462,0.688909,0.523217,0.752380,0.740300,0.682224,0.693964,0.729562
0.705898,0.669465,0.738732,0.655787,0.526319,0.688738,0.712532,0.714836,0.724457,0.669004
0.742509,0.706635,0.680091,0.761352,0.690603,0.850653,0.659930,0.711247,0.672896,0.701577
0.691136,0.682550,0.719598,0.742463,0.547349,0.787292,0.657639,0.685959,0.654496,0.705635
0.680847,0.691273,0.681012,0.653161,0.673288,0.722661,0.694155,0.698391,0.685011,0.714978
0.686415,0.682047,0.724851,0.728895,0.808792,0.752167,0.724414,0.682283,0.724508,0.691762
0.700677,0.645720,0.672675,0.666960,0.749924,0.744121,0.661827,0.682899,0.675759,0.677549
0.715464,0.772777,0.696309,0.657994,0.792453,0.596895,0.746336,0.755285,0.712259,0.686625
0.682890,0.620782,0.700179,0.781180,0.664358,0.649336,0.620490,0.735319,0.646939,0.706000
0.715976,0.673431,0.696040,0.658340,0.614102,0.797889,0.790299,0.670982,0.719359,0.731692
0.698096,0.657456,0.697172,0.729395,0.538589,0.695311,0.678274,0.678210,0.730509,0.682656
0.684495,0.603444,0.640386,0.700759,0.730166,0.750657,0.679558,0.693334,0.693868,0.697604
0.686020,0.662766,0.646695,0.787057,0.858256,0.590689,0.737023,0.708068,0.709971,0.685427
0.628694,0.647011,0.669946,0.742053,0.915969,0.737287,0.715909,0.693085,0.693522,0.694984
0.698164,0.702403,0.661542,0.749133,0.830119,0.649087,0.701347,0.786159,0.713363,0.689400
0.710563,0.637016,0.695698,0.647406,0.631254,0.721549,0.706790,0.695535,0.674938,0.689169
0.699950,0.676742,0.706662,0.701097,0.712652,0.592234,0.688912,0.735228,0.730391,0.702515
0.667131,0.696486,0.742613,0.748042,0.605124,0.657757,0.698403,0.645717,0.662505,0.692466
0.672444,0.693083,0.704795,0.785548,0.743883,0.725274,0.685844,0.691005,0.688579,0.684556
0.647779,0.623373,0.750531,0.732236,0.731879,0.673468,0.688605,0.716227,0.667152,0.723872
0.708227,0.744256,0.718325,0.673126,0.615380,0.646115,0.691327,0.710634,0.728809,0.736564
0.732830,0.739858,0.688912,0.702768,0.648096,0.601741,0.717684,0.691199,0.675351,0.678489
0.680242,0.659811,0.697774,0.728811,0.622523,0.741937,0.686698,0.675725,0.725214,0.694989
0.733012,0.680606,0.709359,0.620168,0.313513,0.675304,0.668056,0.762922,0.704872,0.696540
0.712390,0.629594,0.675246,0.698883,0.739853,0.681096,0.651764,0.708613,0.701790,0.698832
0.649604,0.705152,0.732053,0.702214,0.665543,0.704801,0.709556,0.709652,0.660008,0.749764
0.729998,0.689780,0.690927,0.718364,0.808377,0.753606,0.646412,0.705778,0.671284,0.706410
0.706728,0.667155,0.762907,0.718448,0.636124,0.698606,0.732765,0.665940,0.716793,0.723413
0.647446,0.678335,0.729303,0.631096,0.650078,0.762313,0.664640,0.706214,0.654864,0.699411
0.714265,0.715989,0.676644,0.688571,0.762384,0.661998,0.702953,0.702557,0.684319,0.700448
0.700113,0.718188,0.651476,0.616731,0.778974,0.705535,0.666581,0.700818,0.668589,0.680035
0.682643,0.674214,0.631817,0.661036,0.608384,0.761871,0.635258,0.681407,0.708793,0.702008
0.739882,0.665236,0.689556,0.789030,0.673233,0.656122,0.662273,0.732530,0.651016,0.726244
0.666858,0.691200,0.742664,0.660442,0.750298,0.687399,0.809642,0.660599,0.721106,0.686356
0.667352,0.716836,0.636958,0.721729,0.533428,0.607679,0.652153,0.696033,0.707893,0.709096
0.644269,0.777323,0.685014,0.666707,0.589953,0.663236,0.679727,0.660762,0.628755,0.738052
0.719840,0.713644,0.713602,0.712470,0.772022,0.622039,0.729423,0.731358,0.718779,0.677428
0.713364,0.720066,0.762766,0.707545,0.643632,0.703301,0.695417,0.733162,0.697902,0.673599
0.686166,0.677159,0.708075,0.692437,0.564767,0.659566,0.697461,0.681458,0.670980,0.702205
0.676322,0.704285,0.692521,0.618944,0.742553,0.774399,0.635557,0.681453,0.698573,0.670475
0.681504,0.697891,0.682072,0.685797,0.568271,0.685018,0.733748,0.697551,0.701635,0.692198
0.691128,0.691494,0.679858,0.737921,0.864086,0.642672,0.734067,0.635891,0.696789,0.706349
0.708161,0.714598,0.721034,0.713976,0.737571,0.711354,0.737475,0.663441,0.722636,0.684572
0.720558,0.743137,0.664682,0.653740,0.678776,0.752643,0.661916,0.714871,0.644704,0.688276
0.710774,0.668941,0.695360,0.699021,0.667447,0.769655,0.720609,0.702666,0.691329,0.692015
0.715699,0.701749,0.768948,0.721629,0.624249,0.675339,0.752092,0.704219,0.701746,0.685633
0.687900,0.730324,0.704665,0.742929,0.541502,0.845798,0.702905,0.684383,0.696462,0.702360
0.720864,0.732226,0.713747,0.678978,0.660506,0.761759,0.669515,0.765649,0.731027,0.748303
0.751030,0.656286,0.599216,0.694159,0.726530,0.647356,0.781374,0.718013,0.689095,0.645892
0.697598,0.648489,0.671567,0.663088,0.542734,0.651840,0.736629,0.634429,0.695153,0.678842
0.682669,0.669445,0.686564,0.699842,0.645400,0.740134,0.723048,0.700780,0.701858,0.696135
0.699851,0.724138,0.668275,0.644605,0.690653,0.664015,0.655841,0.686766,0.695556,0.693952
0.685056,0.682167,0.647207,0.719474,0.879913,0.788833,0.617346,0.700557,0.734664,0.698896
0.692321,0.722324,0.728871,0.669481,0.605352,0.754546,0.697875,0.772396,0.697733,0.651640
0.740894,0.691273,0.756288,0.671952,0.736649,0.756025,0.657453,0.623239,0.721493,0.685194
0.685296,0.716159,0.710074,0.664647,0.748012,0.746920,0.716244,0.688012,0.715794,0.718918
0.712001,0.705030,0.704715,0.663660,0.555284,0.687281,0.707335,0.684533,0.647078,0.705350
0.713187,0.675802,0.692964,0.705678,0.650947,0.839799,0.697744,0.698696,0.670548,0.653151
0.690102,0.710419,0.713152,0.663752,0.849931,0.623366,0.679532,0.650765,0.656219,0.700669
0.714230,0.609113,0.728364,0.625878,0.580693,0.614208,0.659360,0.679809,0.674452,0.649807
0.703427,0.675725,0.683540,0.726307,0.744830,0.745253,0.720931,0.642313,0.725441,0.696768
0.720978,0.677405,0.695741,0.693074,0.761000,0.754574,0.732451,0.688331,0.685019,0.658391
0.721647,0.743849,0.719168,0.661621,0.761973,0.606819,0.726330,0.730342,0.664289,0.689672
0.728588,0.762160,0.713192,0.657846,0.770624,0.565955,0.684719,0.672687,0.709874,0.677273
0.718634,0.709883,0.668906,0.680254,0.569401,0.728650,0.692002,0.683420,0.692963,0.651647
0.703189,0.677344,0.667708,0.659807,0.648652,0.696859,0.698364,0.678713,0.684913,0.693756
0.697876,0.682523,0.719524,0.688139,0.686844,0.655284,0.733302,0.694660,0.703970,0.679816
0.664784,0.684331,0.671242,0.724235,0.857497,0.700999,0.637346,0.677194,0.677287,0.621415
0.680302,0.711268,0.744398,0.719501,0.685275,0.653950,0.724522,0.679418,0.704016,0.716884
0.642679,0.716876,0.670606,0.700078,0.594939,0.705097,0.722118,0.700456,0.702244,0.708473
0.708135,0.632701,0.681136,0.744213,0.952958,0.747469,0.710866,0.755571,0.704309,0.714263
0.653117,0.676046,0.773028,0.688978,0.609617,0.675555,0.553733,0.713407,0.690359,0.761654
0.702048,0.707382,0.673141,0.725653,0.633155,0.683079,0.691760,0.639024,0.699442,0.685975
0.692977,0.744517,0.715765,0.641633,0.441789,0.786601,0.704138,0.739796,0.681585,0.707904
0.703752,0.682895,0.667536,0.821826,0.690022,0.834356,0.645901,0.663895,0.762797,0.676422
0.688561,0.709499,0.703728,0.608041,0.611335,0.613995,0.712904,0.683561,0.690227,0.640330
0.699636,0.760208,0.659750,0.631509,0.570437,0.928256,0.682191,0.701258,0.645207,0.685931
0.681099,0.704822,0.729259,0.602160,0.776419,0.670620,0.695604,0.640419,0.701314,0.679658
0.683805,0.690990,0.665656,0.691380,0.571702,0.676113,0.665722,0.626296,0.716866,0.679809
0.697569,0.674138,0.663915,0.747350,0.807809,0.682815,0.639196,0.681560,0.578357,0.712471
0.690552,0.625286,0.706924,0.768988,0.930178,0.720681,0.671564,0.737923,0.649391,0.653059
0.700540,0.706427,0.682400,0.660905,0.752522,0.688454,0.689408,0.699477,0.696275,0.680066
0.687240,0.753816,0.639825,0.727865,0.535277,0.676771,0.610155,0.691447,0.651182,0.728712
0.652517,0.701592,0.645305,0.700735,0.764916,0.686719,0.793511,0.707441,0.719338,0.713216
0.748792,0.671431,0.677167,0.605015,0.603270,0.827204,0.687891,0.693584,0.550819,0.692322
0.694842,0.600560,0.722624,0.675667,0.771481,0.586337,0.661768,0.723992,0.685831,0.652382
0.629553,0.670734,0.631493,0.793152,0.580321,0.656525,0.772929,0.651480,0.710779,0.592026
0.704653,0.703895,0.649441,0.699854,0.793273,0.502150,0.713947,0.721056,0.739719,0.707446
0.762959,0.716366,0.745571,0.472971,0.681839,0.746766,0.686213,0.688518,0.732904,0.686388
0.683840,0.653508,0.692333,0.672915,0.653652,0.767035,0.676703,0.674236,0.693641,0.671769
0.740566,0.734083,0.721207,0.622080,0.534590,0.700809,0.669427,0.735191,0.724552,0.688087
0.717946,0.698165,0.711877,0.685421,0.574719,0.636787,0.700804,0.679804,0.653836,0.709924
0.623599,0.694459,0.600875,0.749290,0.651625,0.672917,0.748690,0.682405,0.753285,0.748594
0.637717,0.689462,0.698297,0.741297,0.820206,0.694194,0.665430,0.687203,0.594452,0.651768
0.692853,0.650953,0.657292,0.638762,0.623496,0.724713,0.721938,0.705138,0.703245,0.699149
0.679804,0.687390,0.715469,0.695037,0.828818,0.760538,0.731936,0.694950,0.707143,0.726620
0.701256,0.694761,0.717381,0.682821,0.731440,0.765642,0.704900,0.763538,0.708982,0.678528
0.692037,0.693729,0.665858,0.608251,0.864805,0.794680,0.593511,0.724020,0.695144,0.729852
0.684225,0.662733,0.731158,0.650826,0.679102,0.644133,0.706696,0.696974,0.682687,0.665918
0.646801,0.699903,0.731872,0.680156,0.596463,0.715755,0.690121,0.682690,0.729144,0.718696
0.703401,0.656150,0.658893,0.738815,0.810028,0.556477,0.712008,0.611391,0.678470,0.727121
0.656775,0.718131,0.661654,0.588347,0.893462,0.719197,0.749835,0.653129,0.720079,0.711948
0.685791,0.691345,0.670700,0.791529,0.542663,0.800588,0.752193,0.726529,0.703819,0.692172
0.689853,0.682882,0.707987,0.715086,0.528791,0.661407,0.664555,0.687083,0.683024,0.673906
0.752708,0.716954,0.705064,0.774555,0.749313,0.669038,0.686298,0.718388,0.642270,0.693612
0.702005,0.752850,0.720451,0.682388,0.849191,0.758667,0.731093,0.696807,0.633232,0.715579
0.723916,0.669507,0.611147,0.740013,0.835810,0.714962,0.754893,0.721063,0.687485,0.632497
0.686542,0.710353,0.688961,0.716613,0.837148,0.704780,0.644322,0.717142,0.714231,0.640484
0.719800,0.686236,0.700235,0.587162,0.540592,0.728961,0.700607,0.734937,0.680191,0.691870
0.669891,0.638546,0.719523,0.714529,0.702439,0.638963,0.710464,0.684711,0.716356,0.686265
0.663603,0.693039,0.770781,0.681078,0.719594,0.693314,0.746998,0.753086,0.723835,0.703760
0.695662,0.659622,0.682406,0.730948,0.705863,0.662651,0.698567,0.752873,0.675809,0.699749
0.703413,0.676067,0.667558,0.662146,0.638852,0.506685,0.657125,0.721024,0.679853,0.675737
0.707322,0.706636,0.655940,0.776441,0.707896,0.631277,0.674187,0.743146,0.687151,0.695695
0.700451,0.713640,0.686649,0.621659,0.502961,0.695857,0.714559,0.728387,0.663579,0.684188
0.736099,0.799326,0.633911,0.746761,0.647346,0.582048,0.618519,0.714415,0.702432,0.686944
0.720781,0.624566,0.695135,0.712227,0.703938,0.819961,0.678692,0.627667,0.736357,0.699681
0.697715,0.715262,0.713265,0.700313,0.549457,0.689186,0.678433,0.675945,0.723644,0.637122
0.699069,0.683061,0.741234,0.690436,0.614285,0.719075,0.744465,0.689615,0.677969,0.699848
0.680606,0.703029,0.649006,0.684198,0.814570,0.738966,0.638894,0.673681,0.731953,0.691387
0.728620,0.715262,0.687327,0.682756,0.721795,0.831140,0.713216,0.700108,0.665064,0.707965
0.700371,0.637294,0.678864,0.704217,0.602464,0.728774,0.697621,0.624315,0.661528,0.681466
0.652391,0.683986,0.692353,0.646324,0.586725,0.722733,0.709035,0.696675,0.631204,0.732809
0.689043,0.682905,0.691888,0.715625,0.480550,0.715475,0.697912,0.727273,0.701663,0.701430
0.707852,0.706290,0.690089,0.643659,0.662499,0.659453,0.701141,0.670316,0.668219,0.672171
0.712668,0.687674,0.689975,0.703232,0.468600,0.712899,0.653912,0.712630,0.687930,0.687883
0.638362,0.663093,0.601083,0.663976,0.548335,0.706810,0.794588,0.706568,0.719594,0.723586
0.711325,0.714631,0.843537,0.624515,0.635607,0.701821,0.711519,0.669659,0.691211,0.707137
0.703875,0.636206,0.675105,0.724537,0.650428,0.679850,0.683571,0.721523,0.722649,0.700360
0.707330,0.726196,0.642024,0.754614,0.629119,0.841239,0.683257,0.702210,0.668453,0.683688
0.662573,0.608683,0.725715,0.733306,0.568743,0.757708,0.682576,0.695717,0.708108,0.694079
0.769689,0.731774,0.650789,0.749615,0.732011,0.723191,0.753324,0.676413,0.739296,0.686056
0.676802,0.726996,0.736781,0.692218,0.786145,0.644912,0.651752,0.675054,0.667150,0.625729
0.693975,0.743690,0.687624,0.723674,0.681068,0.585979,0.693897,0.748310,0.712202,0.689691
0.674258,0.676722,0.680194,0.729679,0.586453,0.761298,0.694606,0.683651,0.719463,0.708625
0.680961,0.695493,0.664191,0.695125,0.563814,0.718443,0.685341,0.674204,0.688394,0.686317
0.644485,0.708513,0.605554,0.614764,0.568688,0.719432,0.594141,0.643647,0.786460,0.696715
0.794618,0.738653,0.730855,0.687460,0.586426,0.725925,0.698462,0.742184,0.726400,0.676040
0.696149,0.708360,0.632147,0.676416,0.686927,0.686482,0.672439,0.713373,0.719870,0.705817
0.664250,0.712076,0.795872,0.667482,0.834313,0.535781,0.710586,0.717674,0.715900,0.683990
0.704272,0.671862,0.741594,0.669567,0.386621,0.698017,0.708934,0.677997,0.692367,0.702622
0.750410,0.724334,0.743554,0.701860,0.735447,0.804174,0.637610,0.695820,0.702899,0.719187
0.691386,0.690631,0.689044,0.628676,0.775125,0.638909,0.697006,0.694388,0.682798,0.710358
0.689298,0.686997,0.684454,0.764039,0.896492,0.770294,0.735494,0.643720,0.661914,0.691430
0.690307,0.696913,0.732398,0.697835,0.689174,0.718355,0.732205,0.699718,0.690582,0.705635
0.685331,0.680183,0.720058,0.718821,0.880441,0.716736,0.657697,0.713883,0.668356,0.698176
0.715056,0.700353,0.677525,0.814153,0.726794,0.597024,0.686184,0.698734,0.642322,0.659086
0.688137,0.700232,0.669151,0.671537,0.693797,0.570554,0.643957,0.727229,0.700244,0.698723
0.678311,0.739041,0.682505,0.683035,0.539218,0.724448,0.738246,0.684620,0.713750,0.674244
0.697080,0.737586,0.723866,0.672760,0.364589,0.713955,0.717638,0.667023,0.662063,0.668970
0.678933,0.754857,0.648147,0.631579,0.651307,0.743410,0.628987,0.703405,0.714993,0.694829
0.691741,0.739207,0.773298,0.684624,0.552224,0.668252,0.708310,0.670596,0.694541,0.709113
0.655232,0.699749,0.751035,0.719183,0.802545,0.839612,0.665752,0.678565,0.674991,0.692683
0.651338,0.668519,0.710847,0.726363,0.689889,0.602608,0.714960,0.674826,0.661795,0.680326
0.699266,0.656415,0.685273,0.679237,0.605687,0.761113,0.703444,0.677579,0.671949,0.680817
0.711484,0.725739,0.704926,0.774537,0.705127,0.623315,0.680029,0.645274,0.671953,0.707355
0.684228,0.699473,0.602109,0.680312,0.750401,0.725026,0.607373,0.684258,0.718872,0.693137
0.711263,0.666917,0.656708,0.588638,0.671097,0.592487,0.658257,0.654616,0.668243,0.690784
0.711877,0.724202,0.683080,0.573909,0.668390,0.683708,0.630600,0.661099,0.694066,0.676428
0.691034,0.633549,0.643250,0.767255,0.569504,0.748968,0.660508,0.723438,0.699379,0.689457
0.700581,0.694399,0.733177,0.700514,0.731508,0.704994,0.732686,0.660403,0.705026,0.683390
0.710691,0.650653,0.691838,0.578667,0.608004,0.569484,0.739953,0.716726,0.694428,0.688440
0.679484,0.658788,0.641108,0.735887,0.504673,0.643977,0.713985,0.687941,0.712725,0.698119
0.709343,0.720365,0.790471,0.742579,0.641985,0.696507,0.682132,0.672767,0.739313,0.686632
0.711639,0.716164,0.670766,0.523390,0.675600,0.691173,0.611357,0.645067,0.681711,0.687963
0.681433,0.692960,0.680377,0.753626,0.906904,0.788159,0.710986,0.671538,0.703085,0.660182
0.721497,0.706357,0.719783,0.534799,0.894621,0.649093,0.711285,0.655846,0.684820,0.709435
0.689059,0.688953,0.700801,0.686294,0.700177,0.712344,0.691042,0.695040,0.711372,0.702137
0.738714,0.691821,0.739720,0.744936,0.718616,0.702774,0.671297,0.675753,0.717161,0.694064
0.655460,0.654811,0.676966,0.832958,0.761594,0.646513,0.662763,0.718152,0.569808,0.701033
0.751358,0.747230,0.701524,0.765532,0.743744,0.613478,0.709049,0.702025,0.669106,0.716142
0.733148,0.710413,0.744349,0.750230,0.720730,0.543074,0.728164,0.688795,0.697779,0.687859
0.692495,0.681379,0.676123,0.741410,0.521677,0.716541,0.737167,0.703190,0.695306,0.684196
0.698448,0.658110,0.720962,0.692997,0.662197,0.684186,0.704093,0.714971,0.687392,0.723504
0.702508,0.724191,0.652785,0.748164,0.332790,0.694379,0.671632,0.684556,0.694674,0.718203
0.717176,0.669137,0.690789,0.740032,0.850636,0.693916,0.662202,0.624145,0.682469,0.690617
0.708516,0.678420,0.690627,0.729009,0.541672,0.702316,0.717860,0.709180,0.712506,0.684717
0.695094,0.682997,0.684454,0.698204,0.751512,0.758619,0.729795,0.670518,0.708109,0.694766
0.746656,0.706176,0.635813,0.657889,0.443977,0.719542,0.720039,0.761208,0.712715,0.732049
0.676883,0.690864,0.790424,0.693588,0.568563,0.650015,0.568903,0.669498,0.694579,0.727524
0.669370,0.723927,0.696161,0.663004,0.689228,0.675559,0.665416,0.735698,0.746216,0.685228
0.717860,0.773002,0.676475,0.810484,0.706745,0.719265,0.715099,0.602107,0.616578,0.689900
0.679161,0.712477,0.651940,0.649100,0.743363,0.736953,0.727857,0.731727,0.663377,0.668885
0.764942,0.684678,0.705098,0.630546,0.621222,0.651210,0.654286,0.673084,0.722378,0.673527
0.682382,0.732491,0.690113,0.647314,0.870263,0.733767,0.720167,0.698061,0.725015,0.730318
0.711661,0.701629,0.732678,0.754296,0.712856,0.690429,0.745618,0.677300,0.704467,0.698673
0.686919,0.680465,0.702717,0.718463,0.662363,0.683788,0.755923,0.668153,0.718718,0.718901
0.735114,0.686453,0.699554,0.720294,0.887431,0.817929,0.708403,0.605030,0.639955,0.686534
0.699199,0.641563,0.752714,0.650152,0.510839,0.712401,0.745183,0.630477,0.734150,0.693783
0.679410,0.715595,0.757334,0.653730,0.510806,0.735415,0.784291,0.727215,0.662517,0.683631
0.623683,0.646512,0.733400,0.709390,0.585417,0.598425,0.666861,0.688530,0.720360,0.663097
0.678922,0.692764,0.648207,0.688134,0.651851,0.709077,0.708202,0.729164,0.731056,0.699912
0.653493,0.715653,0.714876,0.660575,0.828633,0.641438,0.685179,0.691289,0.725697,0.694398
0.674404,0.696923,0.767455,0.677249,0.651337,0.728461,0.671751,0.658628,0.691486,0.704160
0.703659,0.725810,0.671436,0.757656,0.149939,0.677859,0.665791,0.702587,0.700865,0.709098
0.711322,0.638277,0.724143,0.689461,0.660990,0.683822,0.742643,0.743184,0.668767,0.723972
0.667485,0.732763,0.708085,0.703247,0.652451,0.720908,0.731961,0.641182,0.747597,0.698165
0.675698,0.688784,0.717452,0.724659,0.626395,0.493840,0.640581,0.749866,0.688351,0.715613
0.681881,0.676477,0.646207,0.802913,0.543654,0.853690,0.673809,0.700788,0.703290,0.674431
0.705390,0.725711,0.710222,0.706171,0.651997,0.710378,0.735090,0.685925,0.682357,0.708873
0.642205,0.761374,0.685445,0.800895,0.794459,0.703012,0.742236,0.542748,0.712510,0.700535
0.698753,0.679450,0.772840,0.706210,0.601498,0.675121,0.762652,0.696451,0.703156,0.692937
0.691828,0.651641,0.700689,0.656191,0.621497,0.714474,0.691491,0.676769,0.717026,0.708818
0.709953,0.703242,0.670553,0.719806,0.818719,0.597970,0.708637,0.731967,0.684043,0.747058
0.681742,0.682308,0.711560,0.678386,0.906847,0.662938,0.716182,0.701207,0.745643,0.648073
0.715730,0.750244,0.694328,0.712077,0.648396,0.787143,0.679482,0.689960,0.691442,0.695415
0.688761,0.690663,0.684753,0.679612,0.790772,0.624796,0.644653,0.646044,0.729643,0.701762
0.729427,0.702283,0.694423,0.599205,0.721943,0.774127,0.744373,0.720294,0.655500,0.638316
0.674990,0.676073,0.692004,0.664357,0.615788,0.815549,0.689365,0.645335,0.691463,0.696469
0.694875,0.669709,0.718298,0.675743,0.646045,0.703279,0.734306,0.677865,0.709123,0.709141
0.676901,0.709563,0.700074,0.755173,0.646825,0.563571,0.654526,0.700391,0.684422,0.701244
0.709699,0.710930,0.691356,0.730323,0.614809,0.696183,0.709651,0.688293,0.720760,0.735942
0.745402,0.723223,0.660526,0.595416,0.561972,0.634370,0.671238,0.661624,0.647152,0.679662
0.694468,0.702669,0.747622,0.692890,0.816101,0.737348,0.724760,0.690503,0.708727,0.677126
0.685800,0.686090,0.672586,0.761528,0.473364,0.765448,0.664469,0.721907,0.717982,0.690475
0.724055,0.750175,0.684376,0.687607,0.605627,0.651994,0.720497,0.682105,0.639693,0.700643
0.669672,0.753886,0.669477,0.696458,0.505518,0.742290,0.739684,0.737668,0.726148,0.684439
0.700941,0.693009,0.681881,0.706908,0.509492,0.728025,0.701574,0.696423,0.681329,0.695307
0.664225,0.623031,0.665645,0.726677,0.487021,0.712047,0.657911,0.714074,0.680310,0.668742
0.696881,0.670989,0.664674,0.738866,0.441808,0.733207,0.728333,0.686767,0.703152,0.709460
0.686791,0.717000,0.714170,0.780169,0.709268,0.661433,0.734196,0.753089,0.687351,0.621923
0.663099,0.682763,0.716692,0.631493,0.808813,0.520606,0.734746,0.718942,0.691067,0.641208
0.707726,0.689802,0.679161,0.711456,0.556303,0.654611,0.664855,0.677674,0.701538,0.699318
0.718565,0.708923,0.601380,0.570123,0.777353,0.828613,0.615091,0.684570,0.669284,0.720358
0.690940,0.709074,0.692525,0.637350,0.682288,0.730473,0.746295,0.693668,0.721852,0.723424
0.698518,0.697140,0.661589,0.660725,0.837372,0.766408,0.666300,0.704650,0.704537,0.698781
0.706859,0.670953,0.697996,0.723174,0.427664,0.754957,0.696123,0.695001,0.657691,0.682235
0.708354,0.702050,0.698924,0.802135,0.817512,0.732593,0.689322,0.744488,0.675336,0.700934
0.691526,0.674692,0.687986,0.705731,0.603655,0.808363,0.747908,0.686165,0.645300,0.668377
0.700697,0.683770,0.681054,0.746618,0.702192,0.598925,0.716476,0.681078,0.580393,0.666071
0.693970,0.615207,0.727773,0.680498,0.757896,0.606635,0.742497,0.693774,0.680431,0.695102
0.686015,0.705267,0.684680,0.624034,0.808965,0.777447,0.723388,0.692143,0.678261,0.707407
0.648762,0.698356,0.656970,0.631388,0.724043,0.783056,0.756196,0.672761,0.689949,0.668531
0.716544,0.702621,0.747868,0.610892,0.740878,0.739209,0.703523,0.755905,0.698118,0.715772
0.723651,0.723497,0.734770,0.677425,0.641352,0.667830,0.737974,0.774241,0.692653,0.663254
0.703442,0.734557,0.708694,0.735456,0.616311,0.605093,0.716674,0.689370,0.699671,0.698406
0.747241,0.701102,0.658754,0.777850,0.684419,0.579266,0.726101,0.707630,0.703883,0.735148
0.667723,0.670783,0.625274,0.744743,0.618450,0.570671,0.619477,0.687076,0.688548,0.703704
0.718274,0.687528,0.682172,0.717035,0.624425,0.619398,0.734696,0.674858,0.735566,0.695378
0.668610,0.677462,0.707778,0.743343,0.758473,0.660208,0.632207,0.740851,0.628713,0.693019
0.681560,0.711174,0.730351,0.683332,0.675810,0.701086,0.723020,0.676281,0.668680,0.705052
0.741955,0.666304,0.772768,0.565921,0.921647,0.638228,0.692814,0.676146,0.674509,0.706260
0.696739,0.654199,0.762374,0.732338,0.652456,0.577035,0.726287,0.715711,0.675422,0.681783
0.628384,0.722992,0.685481,0.669118,0.790936,0.770838,0.716411,0.715866,0.665914,0.652510
0.706179,0.714397,0.715938,0.691739,0.533716,0.676073,0.642425,0.685784,0.686539,0.659434
0.670811,0.678461,0.666531,0.733565,0.666351,0.754199,0.666652,0.723240,0.719608,0.681004
0.668263,0.713935,0.764345,0.687747,0.714232,0.717510,0.657024,0.675171,0.680278,0.708012
0.721080,0.689367,0.714495,0.762315,0.830284,0.594632,0.684683,0.667353,0.682441,0.712849
0.703832,0.637454,0.707194,0.656751,0.594721,0.732591,0.713740,0.690116,0.662872,0.707668
0.659186,0.729511,0.700960,0.493123,0.764897,0.770782,0.729295,0.793224,0.709594,0.694519
0.766333,0.693219,0.543232,0.732500,0.625724,0.627984,0.786201,0.669402,0.736965,0.647505
0.684484,0.654241,0.716035,0.530729,0.503150,0.700496,0.754193,0.774508,0.759605,0.737444
0.674296,0.708532,0.670367,0.739709,0.718545,0.750492,0.679361,0.726499,0.573514,0.686887
0.718337,0.698217,0.685668,0.686429,0.609681,0.772811,0.724547,0.679776,0.692317,0.702633
0.678420,0.686370,0.719965,0.714769,0.610559,0.692880,0.703704,0.696272,0.696667,0.695881
0.703953,0.689574,0.750134,0.704624,0.720921,0.728420,0.755905,0.697399,0.681217,0.693885
0.745682,0.742806,0.726662,0.679089,0.743538,0.723018,0.650685,0.686694,0.565089,0.707386
0.687198,0.706429,0.670187,0.755234,0.332501,0.625776,0.694807,0.701054,0.717496,0.695538
0.681235,0.724793,0.681535,0.718790,0.760519,0.562126,0.689044,0.703300,0.683497,0.718167
0.714968,0.660728,0.665003,0.682803,0.706878,0.714349,0.758406,0.700491,0.699921,0.686884
0.687498,0.715421,0.723563,0.721128,0.520360,0.616948,0.655375,0.694122,0.726547,0.698073
0.683393,0.665130,0.550281,0.702722,0.679950,0.722537,0.841806,0.581959,0.708233,0.646066
0.714063,0.672535,0.761745,0.663961,0.826585,0.804919,0.761330,0.710888,0.666491,0.683937
0.677958,0.690269,0.717789,0.740703,0.524269,0.645537,0.722425,0.693835,0.714373,0.710196
0.635858,0.738279,0.716901,0.756183,0.728718,0.500001,0.669391,0.731663,0.681423,0.740185
0.697781,0.602393,0.675054,0.762115,0.671182,0.752553,0.680507,0.717997,0.682012,0.730587
0.703300,0.643738,0.624344,0.693581,0.521634,0.717225,0.748337,0.694977,0.740415,0.664035
0.698929,0.703720,0.673355,0.677837,0.653676,0.568944,0.632803,0.698668,0.704796,0.689391
0.719659,0.675569,0.765356,0.709248,0.685800,0.773397,0.638880,0.691692,0.699082,0.680876
0.687493,0.716529,0.635544,0.590467,0.659401,0.703799,0.689745,0.683466,0.694968,0.694283
0.750123,0.694864,0.709976,0.691709,0.782764,0.674998,0.688071,0.666098,0.725992,0.719400
0.653228,0.672026,0.733617,0.784568,0.714504,0.593118,0.708051,0.710652,0.713797,0.721821
0.701328,0.702987,0.616327,0.652289,0.608573,0.754211,0.632478,0.706475,0.693122,0.705814
0.682587,0.658375,0.660093,0.701720,0.866126,0.596034,0.751866,0.751651,0.708882,0.737286
0.693110,0.687342,0.690923,0.700603,0.554143,0.680563,0.677074,0.698940,0.704606,0.700200
0.663509,0.653521,0.724763,0.750650,0.932864,0.774414,0.695528,0.778641,0.727712,0.705870
0.688497,0.646795,0.638379,0.730672,0.746353,0.658271,0.681606,0.751346,0.690991,0.705114
0.665387,0.686046,0.730155,0.686649,0.589346,0.666854,0.648543,0.693732,0.710362,0.687849
0.687658,0.695992,0.680272,0.589832,0.555243,0.733637,0.691411,0.787666,0.659666,0.706532
0.739101,0.638250,0.664100,0.740076,0.683973,0.709505,0.704985,0.718401,0.695684,0.719016
0.655605,0.716578,0.689568,0.678185,0.637246,0.747728,0.805877,0.741235,0.677030,0.690074
0.689885,0.698282,0.716050,0.638255,0.534396,0.711444,0.669412,0.690392,0.660850,0.672717
0.706787,0.692907,0.692466,0.668985,0.700155,0.723389,0.686340,0.697969,0.696880,0.694184
0.740422,0.708094,0.763792,0.741772,0.709397,0.674794,0.630489,0.765967,0.684591,0.744781
0.689372,0.698491,0.706440,0.722706,0.716460,0.613656,0.654915,0.753389,0.655031,0.674669
0.666680,0.690552,0.619571,0.620914,0.889575,0.812446,0.783705,0.643766,0.635172,0.723670
0.739345,0.666548,0.700192,0.702457,0.689887,0.729477,0.725989,0.701126,0.688166,0.728310
0.678040,0.713003,0.737875,0.514270,0.883559,0.697667,0.657098,0.622152,0.672550,0.716329
0.677915,0.670812,0.711599,0.678762,0.741894,0.678239,0.675265,0.744754,0.642152,0.668244
0.704705,0.708193,0.711800,0.681382,0.833869,0.627450,0.715647,0.697343,0.717103,0.699437
0.628877,0.693540,0.698904,0.720755,0.816531,0.735260,0.705679,0.695967,0.659022,0.684545
0.707446,0.693645,0.715603,0.792341,0.805425,0.635933,0.694853,0.652576,0.610700,0.644964
0.670837,0.663567,0.719687,0.684206,0.915683,0.744006,0.710528,0.720711,0.737366,0.699364
0.712322,0.676672,0.598887,0.777886,0.643463,0.645413,0.738619,0.643792,0.657942,0.635138
0.699679,0.688381,0.689270,0.617378,0.810574,0.689872,0.651984,0.711311,0.701981,0.673576
0.684858,0.751406,0.732579,0.718001,0.762953,0.577792,0.704892,0.726547,0.705463,0.695369
0.653060,0.681164,0.755202,0.729097,0.600516,0.678449,0.716496,0.662697,0.682829,0.731519
0.706439,0.682632,0.676050,0.735872,0.758666,0.584593,0.705091,0.674369,0.709461,0.703915
0.682968,0.698278,0.720840,0.616482,0.852404,0.599269,0.702593,0.739292,0.706295,0.685598
0.745173,0.717317,0.593358,0.654963,0.668377,0.541200,0.786776,0.641078,0.723392,0.700677
0.649526,0.705540,0.705563,0.626679,0.754817,0.607162,0.736475,0.679082,0.709514,0.681572
0.672415,0.675196,0.734624,0.687531,0.719629,0.761616,0.732141,0.674008,0.713204,0.675964
0.709038,0.712002,0.709806,0.548714,0.565450,0.707175,0.684241,0.721572,0.659498,0.688835
0.701884,0.625790,0.698532,0.710651,0.626384,0.774307,0.657333,0.731915,0.733959,0.756985
0.673485,0.743441,0.658348,0.568358,0.734106,0.700283,0.745791,0.704456,0.690507,0.696610
0.736273,0.684946,0.646349,0.665969,0.569599,0.767884,0.745466,0.747649,0.718307,0.742092
0.720606,0.702910,0.681722,0.772181,0.767010,0.652793,0.700193,0.600741,0.734810,0.679866
0.685105,0.671179,0.666760,0.731227,0.593217,0.817769,0.684402,0.663476,0.655451,0.681122
0.689701,0.665612,0.726840,0.724527,0.707610,0.746711,0.686466,0.660931,0.716247,0.707584
0.733016,0.745589,0.719943,0.674818,0.738855,0.616507,0.679120,0.730634,0.616077,0.637132
0.694951,0.664630,0.708231,0.685278,0.653845,0.706725,0.734702,0.707010,0.708435,0.722203
0.663540,0.752414,0.651464,0.716061,0.640290,0.781001,0.734832,0.734386,0.634312,0.706264
0.700503,0.701998,0.674569,0.693400,0.687264,0.612203,0.712439,0.696279,0.712051,0.682696
0.704240,0.693064,0.707566,0.734125,0.424521,0.665477,0.656529,0.741969,0.679463,0.680765
0.690137,0.669176,0.697594,0.678600,0.679844,0.518006,0.694680,0.688239,0.704995,0.699549
0.659477,0.627667,0.724918,0.703776,0.789428,0.573237,0.660921,0.696107,0.570961,0.692969
0.678851,0.680464,0.712273,0.722566,0.860981,0.801590,0.706032,0.709658,0.734684,0.708272
0.769162,0.703349,0.688885,0.762867,0.865630,0.759709,0.717446,0.712800,0.742709,0.770949
0.719376,0.713459,0.636833,0.683655,0.703254,0.512981,0.738926,0.731191,0.727591,0.674409
0.694107,0.680661,0.758940,0.632404,0.867590,0.710850,0.672574,0.655536,0.689168,0.725826
0.679323,0.689583,0.711570,0.697110,0.619575,0.655657,0.707407,0.716347,0.740248,0.693650
0.693835,0.677493,0.685223,0.708800,0.635343,0.664521,0.708685,0.701133,0.692878,0.700614
0.662247,0.623617,0.652105,0.699025,0.693888,0.589611,0.712344,0.755340,0.719598,0.670887
0.725824,0.722935,0.675740,0.658113,0.681568,0.559670,0.703634,0.702113,0.674807,0.720051
0.681437,0.729130,0.606509,0.663552,0.562258,0.618919,0.664448,0.642093,0.708899,0.643554
0.715711,0.695215,0.784683,0.716617,0.688520,0.797392,0.632752,0.670734,0.689435,0.695619
0.670923,0.693819,0.743992,0.652211,0.626640,0.750623,0.733161,0.682131,0.686229,0.729329
0.719144,0.666810,0.589215,0.715169,0.662566,0.687416,0.775839,0.716152,0.647258,0.719859
0.698772,0.635214,0.626235,0.738174,0.715054,0.599955,0.743864,0.694050,0.678794,0.684289
0.656851,0.703218,0.673516,0.725845,0.884981,0.758419,0.696946,0.729268,0.684882,0.685180
0.667087,0.733700,0.665998,0.696185,0.648214,0.775022,0.727697,0.700305,0.679692,0.676480
0.684334,0.688713,0.747066,0.713722,0.684346,0.722991,0.699854,0.727955,0.716047,0.680424
0.673454,0.710189,0.681990,0.762042,0.866953,0.690830,0.633680,0.733402,0.603097,0.682996
0.728754,0.768932,0.687285,0.710326,0.658528,0.654156,0.689763,0.769659,0.592004,0.691237
0.706633,0.700345,0.716122,0.745206,0.600169,0.656469,0.714062,0.697652,0.681671,0.676596
0.611654,0.663235,0.688236,0.632817,0.681435,0.726693,0.709244,0.696918,0.617009,0.642749
0.665438,0.648579,0.690158,0.713432,0.890693,0.782107,0.643773,0.742469,0.719403,0.679697
0.728067,0.673241,0.801551,0.719727,0.731804,0.673916,0.708151,0.713186,0.714155,0.660128
0.722122,0.661705,0.690889,0.681309,0.686601,0.820143,0.735706,0.788293,0.680142,0.660338
0.710780,0.698836,0.658216,0.775037,0.529715,0.847000,0.684363,0.715649,0.719298,0.728063
0.694449,0.702739,0.730595,0.715857,0.619393,0.624222,0.726961,0.685146,0.663164,0.677403
0.706828,0.679327,0.688271,0.775159,0.479467,0.728503,0.666802,0.690095,0.706724,0.730402
0.693694,0.680372,0.673839,0.684033,0.659996,0.680922,0.709807,0.670580,0.722025,0.674831
0.670339,0.685931,0.642544,0.623777,0.691003,0.684863,0.745926,0.656616,0.648646,0.733158
0.696904,0.685968,0.667888,0.673863,0.438244,0.711462,0.682850,0.698975,0.696710,0.702388
0.632239,0.731607,0.570594,0.635664,0.700094,0.748714,0.695753,0.682502,0.692450,0.654498
0.684083,0.683556,0.671996,0.688851,0.525725,0.680458,0.676746,0.713700,0.722547,0.697964
0.680904,0.646218,0.655786,0.718626,0.546217,0.649257,0.669272,0.704828,0.713839,0.715993
0.714880,0.649731,0.693793,0.635522,0.708290,0.758138,0.634340,0.715802,0.681895,0.702756
0.696324,0.754954,0.730036,0.578889,0.784374,0.810792,0.713415,0.774983,0.684190,0.711441
0.709152,0.649460,0.713003,0.716536,0.677968,0.882359,0.729470,0.722992,0.701317,0.715293
0.689805,0.685042,0.699077,0.714169,0.629277,0.722190,0.714524,0.705058,0.704038,0.694734
0.713443,0.620567,0.729705,0.653282,0.613025,0.823680,0.725823,0.705364,0.709397,0.710571
0.719486,0.704488,0.719324,0.683124,0.648938,0.720951,0.691436,0.679735,0.720782,0.706219
0.711467,0.689671,0.714939,0.688931,0.534923,0.697186,0.673439,0.668044,0.709957,0.711861
0.709266,0.658533,0.675986,0.684259,0.500199,0.639656,0.688662,0.700156,0.721010,0.687156
0.738939,0.737886,0.713048,0.718647,0.670697,0.761045,0.652403,0.662190,0.636671,0.687135
0.709480,0.695261,0.762986,0.701973,0.741233,0.734602,0.738927,0.688657,0.696164,0.707096
0.733253,0.649913,0.701620,0.705674,0.838105,0.752154,0.690648,0.742743,0.658549,0.664551
0.632997,0.661168,0.720838,0.743243,0.754878,0.516111,0.695519,0.640191,0.692388,0.681431
0.725905,0.697978,0.729148,0.696589,0.901307,0.750005,0.658681,0.715516,0.716183,0.648973
0.694352,0.704551,0.681437,0.740371,0.872332,0.691672,0.720336,0.726472,0.747082,0.728745
0.684205,0.714376,0.773846,0.695105,0.523220,0.659382,0.705618,0.692047,0.720283,0.670190
0.686494,0.698606,0.718168,0.623428,0.720984,0.691130,0.701025,0.649146,0.694217,0.695715
0.661143,0.654203,0.708891,0.634807,0.830672,0.852132,0.659266,0.666997,0.734156,0.684075
0.703910,0.735186,0.741937,0.704007,0.651784,0.722346,0.745242,0.713640,0.698442,0.677666
0.690651,0.700168,0.665758,0.681890,0.736474,0.723698,0.605079,0.707238,0.716094,0.670434
0.689597,0.754256,0.636691,0.662572,0.758497,0.601326,0.688966,0.663661,0.662096,0.695072
0.701020,0.665579,0.661020,0.638335,0.834221,0.675246,0.650254,0.708959,0.701506,0.701451
0.664841,0.707644,0.690514,0.667198,0.746097,0.740502,0.710778,0.688432,0.675446,0.664985
0.700966,0.672306,0.620275,0.677438,0.750151,0.606457,0.639287,0.721454,0.721770,0.708292
0.736554,0.726792,0.734090,0.754265,0.589019,0.680996,0.771313,0.698494,0.715132,0.677748
0.749905,0.713581,0.673244,0.811825,0.680686,0.566161,0.684779,0.671494,0.685809,0.708690
0.710382,0.704836,0.646909,0.690296,0.593278,0.754354,0.697955,0.712705,0.690583,0.726519
0.659420,0.697378,0.718438,0.741117,0.703290,0.815191,0.632833,0.681107,0.733132,0.702803
0.709119,0.636298,0.725346,0.662536,0.606544,0.779980,0.714104,0.633106,0.705442,0.695058
0.713226,0.690291,0.685585,0.705506,0.644365,0.683017,0.682021,0.719440,0.711669,0.696602
0.712925,0.756011,0.745842,0.775265,0.836545,0.733934,0.748975,0.735360,0.714784,0.685752
0.731350,0.716066,0.697966,0.692874,0.714772,0.660604,0.700476,0.660244,0.709692,0.743268
0.699133,0.641001,0.785934,0.682530,0.714737,0.652358,0.760514,0.658695,0.734434,0.728904
0.697617,0.704537,0.593125,0.667234,0.637115,0.700486,0.598984,0.690810,0.703993,0.691300
0.688794,0.617575,0.631970,0.687885,0.753385,0.712873,0.649212,0.689735,0.707461,0.701376
0.698806,0.670404,0.667152,0.680429,0.581032,0.787750,0.714367,0.714503,0.663721,0.718620
0.691364,0.706980,0.666940,0.653872,0.876263,0.768780,0.695766,0.710906,0.701272,0.721559
0.689183,0.635111,0.643300,0.683355,0.717952,0.753154,0.664403,0.694651,0.688525,0.713193
0.754069,0.680340,0.696898,0.683139,0.710035,0.613683,0.683147,0.686660,0.665018,0.686279
0.704070,0.698241,0.665191,0.722030,0.707602,0.707232,0.593931,0.684264,0.704713,0.663883
0.714839,0.652732,0.678507,0.705519,0.761778,0.705091,0.664518,0.676293,0.687262,0.687110
0.711451,0.642062,0.672931,0.707025,0.412097,0.711259,0.693835,0.702348,0.642674,0.697748
0.660081,0.763428,0.693942,0.596876,0.595341,0.625965,0.720758,0.747721,0.662236,0.758307
0.668437,0.693290,0.655440,0.700236,0.751988,0.706986,0.633765,0.671308,0.669328,0.673596
0.652137,0.735682,0.747746,0.711113,0.504822,0.694024,0.657476,0.713456,0.674471,0.673973
0.665732,0.594917,0.709705,0.616859,0.684500,0.796417,0.666954,0.633952,0.704263,0.694030
0.684231,0.684314,0.682506,0.761928,0.927042,0.788224,0.680987,0.636923,0.685264,0.723703
0.659240,0.719067,0.696805,0.523430,0.729323,0.707447,0.709535,0.657310,0.702849,0.704539
0.693462,0.682875,0.685918,0.724832,0.484739,0.814146,0.713616,0.620430,0.660485,0.711460
0.636960,0.681750,0.700914,0.724126,0.640466,0.633238,0.730697,0.617558,0.693743,0.699282
0.653455,0.726122,0.605403,0.705489,0.676174,0.644160,0.740954,0.681834,0.758830,0.676537
0.686736,0.628476,0.689870,0.651553,0.515599,0.769221,0.723983,0.752424,0.645849,0.720642
0.738708,0.728020,0.701715,0.736807,0.692399,0.694380,0.708738,0.712854,0.689593,0.710399
0.786174,0.621234,0.698677,0.606992,0.612545,0.635219,0.632632,0.646209,0.695787,0.699509
0.699451,0.755155,0.692622,0.746023,0.808384,0.685510,0.642678,0.675518,0.746281,0.719822
0.730713,0.612470,0.671717,0.745677,0.691741,0.781900,0.673406,0.702579,0.746985,0.724490
0.644379,0.694791,0.682223,0.761715,0.615822,0.739636,0.718606,0.760880,0.634720,0.640689
0.674646,0.701394,0.694685,0.752675,0.597392,0.709952,0.657482,0.685420,0.706587,0.679289
0.688257,0.709890,0.718871,0.544451,0.689011,0.705431,0.710013,0.732120,0.743790,0.682131
0.682373,0.689271,0.621352,0.734666,0.476743,0.751952,0.717939,0.657088,0.666595,0.731082
0.717615,0.756412,0.783729,0.681953,0.655250,0.740504,0.635928,0.813033,0.668926,0.639804
0.711082,0.678513,0.650004,0.703016,0.734932,0.726984,0.650193,0.681671,0.729568,0.665830
0.713313,0.728579,0.683516,0.790899,0.753158,0.551559,0.692586,0.719965,0.683816,0.740918
0.667313,0.678380,0.770320,0.705782,0.698406,0.748776,0.731022,0.702551,0.702685,0.702381
0.710578,0.691510,0.667526,0.744796,0.708649,0.781818,0.606525,0.746269,0.618402,0.694122
0.673657,0.741740,0.614823,0.746061,0.736490,0.615530,0.692353,0.664029,0.726945,0.675818
0.684594,0.674779,0.797024,0.736779,0.589974,0.679333,0.661227,0.654971,0.666392,0.707574
0.688342,0.716028,0.644899,0.619335,0.847021,0.622945,0.677524,0.674655,0.662400,0.706378
0.664588,0.712778,0.608485,0.666289,0.684941,0.654078,0.645655,0.688710,0.707269,0.674831
0.666990,0.670030,0.721447,0.768505,0.845602,0.616234,0.691036,0.782754,0.661088,0.701926
0.673378,0.670281,0.781453,0.729984,0.761180,0.758988,0.535188,0.686293,0.668369,0.675507
0.693090,0.658485,0.674035,0.616653,0.805160,0.562022,0.668357,0.703612,0.704116,0.690074
0.707378,0.658148,0.621000,0.689130,0.750725,0.772967,0.623454,0.698874,0.712423,0.686656
0.657993,0.678646,0.723773,0.707605,0.593635,0.701242,0.703867,0.664498,0.705545,0.697515
0.729546,0.702562,0.646348,0.729939,0.712770,0.591228,0.680202,0.744211,0.682186,0.725284
0.685082,0.795390,0.650619,0.620785,0.533652,0.753617,0.619013,0.736157,0.650168,0.705584
0.707088,0.678805,0.602034,0.697254,0.502838,0.706958,0.725409,0.718167,0.717805,0.650107
0.697732,0.679891,0.709910,0.695918,0.701464,0.688957,0.697064,0.695073,0.706511,0.693013
0.676615,0.688876,0.730104,0.701372,0.767302,0.700256,0.680821,0.674667,0.684106,0.697886
0.684124,0.654798,0.725049,0.664752,0.803806,0.650078,0.678329,0.687860,0.717167,0.676298
0.715643,0.665370,0.690659,0.667738,0.888069,0.711286,0.696532,0.704255,0.623466,0.673792
0.715742,0.671043,0.701122,0.669807,0.752733,0.735266,0.681386,0.677999,0.710306,0.676542
0.713841,0.708011,0.752035,0.755529,0.677202,0.775651,0.645344,0.703448,0.682741,0.659532
0.677641,0.674508,0.702689,0.735032,0.882967,0.761143,0.677566,0.700334,0.543516,0.689044
0.754591,0.713234,0.705702,0.669450,0.585271,0.725417,0.673496,0.652069,0.748031,0.733130
0.808817,0.644058,0.655428,0.767432,0.861230,0.698069,0.694219,0.694702,0.717736,0.772552
0.735191,0.539176,0.661351,0.641406,0.573949,0.814286,0.709259,0.728680,0.664570,0.696183
0.720288,0.670580,0.717042,0.537968,0.620029,0.745240,0.690247,0.603477,0.670047,0.680617
0.689758,0.697497,0.691711,0.690440,0.715705,0.706283,0.715686,0.660098,0.682081,0.709784
0.651020,0.675549,0.707938,0.637669,0.774634,0.768726,0.745549,0.727757,0.696931,0.723598
0.754949,0.724000,0.681874,0.758463,0.745849,0.667358,0.709182,0.735940,0.715672,0.650068
0.695572,0.660026,0.765499,0.705859,0.755368,0.523723,0.604702,0.643379,0.703096,0.678165
0.714839,0.697103,0.755255,0.710027,0.734585,0.588916,0.641516,0.734862,0.721826,0.677146
0.722330,0.668581,0.745272,0.681404,0.776394,0.637708,0.617808,0.689514,0.737479,0.683395
0.699707,0.732940,0.700481,0.682329,0.641562,0.768322,0.700087,0.729194,0.679424,0.687344
0.683070,0.694387,0.670315,0.741977,0.796689,0.607224,0.635772,0.756582,0.710135,0.720201
0.667626,0.692822,0.740799,0.715294,0.808756,0.770008,0.650387,0.630166,0.679590,0.730681
0.667574,0.665613,0.650317,0.640144,0.519936,0.767522,0.715299,0.744396,0.659065,0.671237
0.706196,0.676845,0.706887,0.696643,0.280547,0.671374,0.634541,0.705213,0.720670,0.687028
0.540408,0.728007,0.782921,0.707000,0.663386,0.758473,0.620051,0.598756,0.679508,0.733761
0.664456,0.655901,0.672023,0.710580,0.467195,0.684241,0.682164,0.728605,0.701542,0.709615
0.678312,0.688162,0.647225,0.619444,0.640961,0.799716,0.740391,0.738477,0.690060,0.710374
0.710586,0.672041,0.723064,0.773852,0.888226,0.675946,0.685174,0.713072,0.660901,0.711785
0.694709,0.715976,0.683741,0.671852,0.623619,0.728514,0.594445,0.715069,0.654446,0.708139
0.680819,0.687212,0.695660,0.723603,0.610878,0.688474,0.708002,0.696618,0.679243,0.681935
0.697850,0.695832,0.763392,0.695571,0.663930,0.705943,0.685446,0.646934,0.717476,0.679913
0.709929,0.627323,0.683060,0.666463,0.861975,0.647820,0.701777,0.675132,0.664993,0.693370
0.661954,0.699257,0.663546,0.669212,0.580428,0.708028,0.715832,0.714979,0.676467,0.724486
0.669214,0.706826,0.741483,0.634798,0.631718,0.801796,0.653288,0.681269,0.649119,0.701021
0.723103,0.673992,0.697166,0.704037,0.396165,0.758134,0.689543,0.739199,0.732786,0.733049
0.732878,0.705779,0.737218,0.718769,0.537764,0.646605,0.676165,0.728853,0.744919,0.667411
0.733835,0.730210,0.685019,0.532292,0.832314,0.801698,0.701550,0.744187,0.701371,0.710580
0.713501,0.734256,0.723264,0.752702,0.675285,0.765795,0.664264,0.676244,0.684244,0.682227
0.679462,0.749291,0.763916,0.704429,0.702631,0.708845,0.730407,0.715585,0.656725,0.697362
0.690974,0.661182,0.723984,0.734964,0.568202,0.674241,0.661789,0.749181,0.704779,0.727984
0.690643,0.683433,0.702865,0.692990,0.642770,0.701808,0.689190,0.712730,0.716769,0.678981
0.685522,0.754206,0.653192,0.674347,0.625793,0.642876,0.732045,0.629686,0.655283,0.703231
0.745038,0.679966,0.760874,0.759839,0.783267,0.768756,0.585602,0.745268,0.670634,0.718203
0.694799,0.695627,0.678218,0.686371,0.790859,0.765021,0.747185,0.703487,0.690928,0.731872
0.702317,0.698032,0.661478,0.673071,0.677582,0.691949,0.814645,0.676256,0.716332,0.714354
0.726303,0.716595,0.663201,0.755536,0.560189,0.607177,0.722316,0.663130,0.684268,0.687546
0.645560,0.661402,0.616626,0.658181,0.847562,0.690989,0.670603,0.683639,0.674774,0.681511
0.695522,0.659902,0.737143,0.556059,0.558594,0.715766,0.631374,0.555616,0.674394,0.745001
0.704972,0.598082,0.674106,0.666938,0.686231,0.686032,0.674233,0.677993,0.779774,0.653653
0.705704,0.690694,0.703849,0.660727,0.700929,0.627948,0.734121,0.687489,0.689966,0.714539
0.698631,0.691956,0.672484,0.674163,0.597664,0.774767,0.691651,0.713818,0.671745,0.691028
0.730684,0.683643,0.732402,0.698449,0.644782,0.765677,0.685841,0.702462,0.671262,0.712127
0.688639,0.685490,0.585757,0.622534,0.653202,0.692257,0.711705,0.656919,0.694446,0.721403
0.699675,0.674988,0.677426,0.706888,0.432092,0.716213,0.681030,0.685045,0.694086,0.683460
0.672110,0.739322,0.733830,0.526837,0.729418,0.858732,0.704186,0.761111,0.659405,0.645841
0.585689,0.706006,0.707226,0.589873,0.765995,0.795869,0.688592,0.783079,0.643793,0.735554
0.679217,0.698678,0.757766,0.716936,0.635014,0.727973,0.761653,0.693626,0.717880,0.698778
0.752726,0.707539,0.666022,0.727030,0.800890,0.722391,0.716825,0.736617,0.641921,0.695656
0.685077,0.717731,0.668958,0.677307,0.672317,0.549941,0.669155,0.701046,0.689901,0.706257
0.714652,0.638896,0.737009,0.594877,0.659162,0.793074,0.674272,0.749467,0.698341,0.709722
0.639250,0.705265,0.756600,0.684962,0.847647,0.733189,0.647617,0.693717,0.707625,0.644947
0.728417,0.634355,0.711404,0.625861,0.636976,0.769810,0.724731,0.654056,0.724129,0.667700
0.709087,0.749487,0.722980,0.737982,0.594967,0.745315,0.630291,0.715420,0.712115,0.641559
0.721467,0.699569,0.679090,0.678430,0.302730,0.627545,0.687649,0.740597,0.684324,0.689947
0.699470,0.657675,0.679706,0.698307,0.706742,0.637258,0.672811,0.688159,0.716021,0.691084
0.705951,0.629150,0.636669,0.761641,0.487831,0.851552,0.666868,0.738298,0.655252,0.729651
0.696480,0.694689,0.667540,0.616900,0.768833,0.653708,0.660600,0.705534,0.695665,0.681823
0.646476,0.693986,0.724444,0.668902,0.795084,0.744526,0.710732,0.796017,0.674750,0.649338
0.696768,0.663381,0.719799,0.698224,0.475614,0.707630,0.697642,0.730527,0.685674,0.696039
0.749466,0.775243,0.664366,0.736397,0.698442,0.740880,0.701074,0.685194,0.661658,0.685991
0.701935,0.700817,0.792497,0.719784,0.641746,0.693362,0.711828,0.712361,0.708180,0.671412
0.648053,0.750075,0.745465,0.629411,0.741386,0.676726,0.746400,0.661232,0.708116,0.703889
0.684095,0.684814,0.715002,0.636445,0.881268,0.683533,0.704750,0.718019,0.700833,0.685234
0.722824,0.702420,0.735016,0.675867,0.704388,0.727171,0.781833,0.708626,0.705565,0.675833
0.733910,0.736663,0.726637,0.581402,0.736407,0.695930,0.610521,0.730290,0.744189,0.717888
0.662248,0.619167,0.614759,0.654621,0.480235,0.637958,0.757788,0.722922,0.683862,0.712101
0.693461,0.705807,0.691386,0.673761,0.776089,0.776265,0.708215,0.677631,0.717780,0.721337
0.672946,0.677461,0.668193,0.744009,0.803803,0.629083,0.704053,0.758487,0.736063,0.705902
0.739781,0.679351,0.762819,0.692416,0.586023,0.729782,0.628481,0.656967,0.724204,0.748178
0.657637,0.754097,0.651345,0.670266,0.618150,0.707103,0.751201,0.647510,0.636440,0.704280
0.706598,0.743473,0.734543,0.644878,0.881153,0.795384,0.713889,0.678246,0.647431,0.694021
0.680207,0.723177,0.676168,0.673799,0.760109,0.776088,0.731096,0.715271,0.725364,0.657740
0.677775,0.686161,0.719904,0.734157,0.744406,0.702627,0.692568,0.692891,0.698178,0.709831
0.704547,0.692108,0.728151,0.665627,0.531415,0.743633,0.748052,0.671367,0.673595,0.681794
0.664160,0.641524,0.683936,0.636451,0.713451,0.891906,0.708183,0.696178,0.717730,0.693479
0.690936,0.683243,0.700850,0.630670,0.697287,0.718731,0.748092,0.704448,0.696752,0.704598
0.715409,0.674819,0.738508,0.716533,0.734641,0.691531,0.746134,0.667987,0.738431,0.700217
0.756002,0.672600,0.637302,0.725909,0.638357,0.607867,0.689597,0.716580,0.665076,0.662030
0.657147,0.659261,0.692139,0.725150,0.912872,0.780081,0.691218,0.704453,0.740930,0.673364
0.624978,0.694650,0.621946,0.710683,0.698131,0.719873,0.797270,0.712259,0.670070,0.687594
0.669685,0.714752,0.754795,0.730123,0.633640,0.728330,0.727829,0.689617,0.692298,0.664942
0.701205,0.679946,0.659029,0.599259,0.499473,0.663085,0.728838,0.737525,0.670397,0.722338
0.696432,0.738263,0.581037,0.626655,0.877400,0.777523,0.646171,0.721046,0.690948,0.714665
0.687233,0.644780,0.691101,0.714183,0.770183,0.589797,0.615638,0.682847,0.749616,0.721609
0.651841,0.704803,0.632684,0.593117,0.545825,0.751153,0.719839,0.686905,0.683129,0.671500
0.701753,0.682658,0.680218,0.660683,0.491397,0.748679,0.678132,0.743055,0.713450,0.758226
0.665964,0.670975,0.657324,0.602352,0.590375,0.650702,0.672593,0.657332,0.740470,0.701801
0.692378,0.646542,0.686584,0.655480,0.688809,0.671496,0.726115,0.733779,0.711326,0.718942
0.688315,0.691882,0.722813,0.657384,0.472677,0.713324,0.667158,0.690335,0.708874,0.704710
0.662824,0.735044,0.733274,0.449730,0.767729,0.706438,0.681847,0.686879,0.723349,0.658484
0.693782,0.698486,0.691719,0.838487,0.539589,0.630639,0.686774,0.672930,0.685662,0.690499
0.731784,0.641608,0.724343,0.711367,0.655147,0.603943,0.677264,0.691191,0.677244,0.616345
0.726019,0.707875,0.704083,0.567293,0.809309,0.683661,0.676451,0.697687,0.699996,0.695195
0.705962,0.677536,0.712804,0.669243,0.845395,0.642854,0.734243,0.733000,0.643807,0.679491
0.692993,0.735342,0.593200,0.622278,0.698687,0.750428,0.599723,0.714393,0.700625,0.680454
0.685281,0.701102,0.674002,0.676064,0.791060,0.748796,0.673642,0.697880,0.715766,0.693672
0.661543,0.754981,0.694782,0.676221,0.862549,0.754830,0.715558,0.699778,0.742940,0.688885
0.685275,0.692788,0.728409,0.647005,0.732015,0.627297,0.627172,0.693338,0.662540,0.657589
0.669963,0.721470,0.737179,0.655528,0.724088,0.712751,0.752196,0.702926,0.674341,0.659166
0.688895,0.723850,0.651941,0.817266,0.569943,0.645460,0.661874,0.688915,0.694668,0.699498
0.750094,0.737093,0.745732,0.731988,0.858653,0.711917,0.623360,0.647089,0.671558,0.677646
0.656440,0.715968,0.698810,0.681026,0.767055,0.656443,0.751242,0.697853,0.746005,0.694555
0.690535,0.710584,0.670968,0.718043,0.475351,0.794285,0.669949,0.680557,0.688228,0.698059
0.695374,0.700419,0.728274,0.722637,0.597600,0.653398,0.726297,0.681845,0.708975,0.679676
0.643218,0.686498,0.720910,0.706899,0.623087,0.753220,0.638530,0.646403,0.671177,0.692344
0.726519,0.687717,0.737629,0.735967,0.750735,0.680420,0.671185,0.683799,0.710803,0.674323
0.681382,0.660376,0.686642,0.712227,0.638885,0.597678,0.678272,0.722700,0.716318,0.684879
0.691191,0.708917,0.697508,0.654371,0.678681,0.702426,0.717621,0.701609,0.642623,0.707891
0.694058,0.655869,0.703116,0.737102,0.947431,0.761624,0.699271,0.749780,0.686699,0.687835
0.705918,0.652012,0.724692,0.711511,0.648644,0.753821,0.717839,0.695176,0.711040,0.711647
0.732387,0.738898,0.647937,0.572691,0.780782,0.867701,0.641252,0.639627,0.656648,0.700614
0.704867,0.756754,0.696078,0.615168,0.745615,0.597710,0.713964,0.692531,0.712413,0.699922
0.712166,0.682272,0.674705,0.656764,0.473639,0.608069,0.662800,0.692842,0.703966,0.670518
0.670337,0.685285,0.633742,0.656244,0.775227,0.642930,0.660682,0.677963,0.739613,0.708973
0.705693,0.705581,0.740919,0.725908,0.847190,0.708763,0.636435,0.672186,0.708249,0.685529
0.686878,0.701715,0.696667,0.724634,0.597783,0.710348,0.724778,0.687120,0.703410,0.701769
0.725866,0.715446,0.763231,0.642479,0.586381,0.774675,0.652691,0.654418,0.646001,0.685584
0.711821,0.707626,0.662233,0.785114,0.562556,0.738335,0.738689,0.632825,0.729343,0.669504
0.731109,0.687279,0.668537,0.765359,0.556448,0.716152,0.761571,0.667545,0.717872,0.691639
0.702662,0.664412,0.642832,0.702412,0.656452,0.622632,0.731570,0.627118,0.699653,0.703099
0.712277,0.690960,0.734470,0.615143,0.718452,0.795223,0.677229,0.737777,0.680532,0.703468
0.703548,0.690068,0.740762,0.719809,0.583281,0.688982,0.732006,0.700247,0.701552,0.695307
0.765884,0.714999,0.700971,0.702912,0.696970,0.610394,0.715036,0.660674,0.678241,0.694097
0.687550,0.787580,0.668718,0.661903,0.561406,0.682083,0.694867,0.701705,0.692265,0.722568
0.692803,0.687027,0.770994,0.713608,0.665374,0.713414,0.758867,0.694106,0.695575,0.692038
0.700664,0.730513,0.702897,0.693404,0.712110,0.633704,0.705156,0.749381,0.676163,0.684983
0.722991,0.631440,0.701680,0.709714,0.744125,0.727982,0.713802,0.698196,0.695875,0.709343
0.733535,0.685483,0.707929,0.713184,0.921959,0.788020,0.686729,0.756519,0.720102,0.681844
0.736362,0.624846,0.657503,0.670484,0.951567,0.763569,0.750326,0.763990,0.656442,0.761705
0.631787,0.707215,0.722087,0.763765,0.727146,0.616337,0.697052,0.709366,0.628746,0.663988
0.687497,0.708701,0.697136,0.732791,0.627100,0.791493,0.684146,0.675402,0.717485,0.677426
0.676759,0.708799,0.657725,0.653712,0.542149,0.771525,0.686562,0.688037,0.680889,0.661196
0.730646,0.704619,0.686820,0.666941,0.585395,0.678386,0.664918,0.691838,0.648273,0.686991
0.746843,0.739214,0.700145,0.652636,0.556260,0.625266,0.688560,0.673932,0.697311,0.701804
0.732730,0.705648,0.660963,0.753104,0.740242,0.574763,0.759531,0.681290,0.653102,0.701092
0.696143,0.700726,0.744594,0.615497,0.834527,0.522157,0.722898,0.704953,0.709082,0.704472
0.703263,0.720954,0.671618,0.675108,0.457964,0.692622,0.706044,0.701172,0.654952,0.723176
0.676836,0.562002,0.659606,0.688985,0.837331,0.651637,0.679294,0.679438,0.666254,0.719097
0.706482,0.693153,0.718055,0.733648,0.580764,0.662598,0.694307,0.692074,0.706136,0.681637
0.660157,0.710137,0.608263,0.686980,0.603941,0.730361,0.793921,0.669747,0.702407,0.719346
0.684434,0.643667,0.728328,0.710467,0.574461,0.671481,0.707429,0.675013,0.655703,0.654549
0.664919,0.662440,0.740429,0.730941,0.805482,0.745785,0.724401,0.693715,0.709972,0.692153
0.710931,0.682462,0.685198,0.761111,0.416717,0.755082,0.664310,0.729182,0.681388,0.681164
0.720866,0.637552,0.678193,0.617348,0.764607,0.534806,0.717474,0.697591,0.692036,0.684324
0.676020,0.706113,0.717338,0.665171,0.684648,0.658166,0.726287,0.694648,0.698834,0.723996
0.681446,0.679602,0.727897,0.709633,0.790555,0.622048,0.720779,0.732180,0.738757,0.678965
0.763052,0.670296,0.638025,0.660076,0.684839,0.755611,0.812364,0.679693,0.728209,0.600902
0.657669,0.731437,0.684102,0.573136,0.702345,0.680669,0.732598,0.656031,0.612054,0.716053
0.700813,0.712240,0.704685,0.698194,0.655374,0.715527,0.765316,0.639832,0.707321,0.689919
0.689310,0.699429,0.720072,0.731145,0.562714,0.677418,0.720935,0.686897,0.711564,0.692244
0.672162,0.683994,0.740879,0.786511,0.869438,0.776494,0.667665,0.678996,0.689614,0.699983
0.678808,0.696181,0.686183,0.665842,0.713074,0.739937,0.709846,0.630626,0.697881,0.710464
0.619951,0.688432,0.720050,0.598670,0.856303,0.776885,0.706704,0.697489,0.811500,0.684136
0.732281,0.741643,0.717345,0.679042,0.783503,0.490546,0.672786,0.728099,0.683168,0.639045
0.655444,0.703133,0.700036,0.760457,0.535513,0.639900,0.755344,0.675427,0.700677,0.681630
0.686559,0.730041,0.691938,0.641093,0.870580,0.728610,0.765330,0.695237,0.677078,0.642856
0.753911,0.675414,0.693753,0.799576,0.915077,0.741751,0.653216,0.753782,0.728257,0.703881
0.675992,0.698053,0.577390,0.658206,0.537861,0.887842,0.763637,0.743676,0.633303,0.745467
0.674387,0.684884,0.639257,0.711447,0.719026,0.639835,0.675671,0.681088,0.712943,0.710717
0.705693,0.686943,0.685994,0.693880,0.596997,0.879608,0.673011,0.629495,0.673298,0.663971
0.710943,0.712707,0.721761,0.605309,0.887554,0.766066,0.741450,0.717016,0.677106,0.681293
0.703686,0.766209,0.751212,0.699048,0.845756,0.713755,0.678854,0.671047,0.690122,0.712570
0.688293,0.696976,0.732403,0.672742,0.690017,0.669764,0.724689,0.673064,0.708211,0.713177
0.643003,0.686117,0.723954,0.729426,0.648851,0.638831,0.722426,0.707795,0.715947,0.728220
0.689261,0.709947,0.691365,0.703157,0.652153,0.712898,0.704128,0.687182,0.692590,0.689599
0.706067,0.722715,0.697188,0.544403,0.726597,0.645138,0.699935,0.630359,0.693625,0.720186
0.660996,0.737172,0.668755,0.725364,0.708192,0.695414,0.686290,0.707108,0.696439,0.710910
0.721636,0.675308,0.762484,0.783980,0.769928,0.708070,0.696193,0.710612,0.618139,0.748658
0.679791,0.755759,0.721985,0.689713,0.778813,0.624750,0.691418,0.622679,0.720744,0.675181
0.698073,0.702760,0.717579,0.671483,0.672526,0.708685,0.751391,0.720243,0.703155,0.686007
0.757584,0.651656,0.779191,0.750320,0.653484,0.657963,0.551031,0.594759,0.762378,0.713012
0.659620,0.700199,0.714484,0.632268,0.595938,0.690523,0.759483,0.670511,0.735709,0.708423
0.698412,0.730719,0.739886,0.467882,0.760254,0.602167,0.679366,0.626984,0.682919,0.682460
0.702119,0.693914,0.676493,0.673286,0.577437,0.593567,0.660040,0.683236,0.667904,0.687458
0.727047,0.689104,0.740886,0.672083,0.646058,0.745718,0.722531,0.741335,0.700918,0.686379
0.649392,0.745447,0.634838,0.676978,0.775305,0.778759,0.654580,0.649173,0.734915,0.658451
0.705975,0.624635,0.693925,0.664200,0.658914,0.705976,0.676286,0.714442,0.671942,0.739580
0.726358,0.667390,0.675180,0.643199,0.686343,0.670864,0.761623,0.666526,0.692932,0.641266
0.708731,0.705177,0.654632,0.642521,0.782240,0.697034,0.705301,0.724295,0.683992,0.680822
0.648846,0.636813,0.706233,0.720890,0.625732,0.700184,0.660832,0.649657,0.679451,0.663271
0.678040,0.690047,0.689561,0.677974,0.633626,0.605954,0.722079,0.689043,0.708424,0.630252
0.757875,0.700005,0.766114,0.528066,0.675748,0.781314,0.674142,0.747078,0.702776,0.656656
0.688045,0.685089,0.682117,0.694902,0.607406,0.706195,0.686870,0.664996,0.663931,0.675837
0.697249,0.625022,0.683490,0.693557,0.808906,0.649445,0.692319,0.703295,0.657028,0.694242
0.697244,0.706338,0.658818,0.686030,0.716331,0.721346,0.730166,0.699590,0.716050,0.701823
0.667683,0.666870,0.662888,0.728090,0.669237,0.705975,0.695306,0.690047,0.701819,0.691219
0.675601,0.719795,0.542995,0.690694,0.810321,0.587931,0.830369,0.615810,0.623766,0.656285
0.717629,0.663321,0.702148,0.655774,0.954176,0.739278,0.713786,0.710883,0.679250,0.724045
0.689793,0.700427,0.714236,0.669060,0.556563,0.739477,0.695698,0.698910,0.699134,0.683627
0.720931,0.738358,0.689043,0.515249,0.570627,0.710465,0.695796,0.627429,0.658626,0.691366
0.617923,0.717369,0.663297,0.635185,0.674929,0.664111,0.677507,0.729755,0.711436,0.691393
0.683945,0.704730,0.672601,0.688310,0.839600,0.700265,0.673176,0.721271,0.730653,0.697032
0.717784,0.707933,0.690647,0.686936,0.883010,0.776365,0.725595,0.683740,0.717099,0.701918
0.678647,0.703924,0.686855,0.724417,0.592543,0.756574,0.740145,0.710944,0.715219,0.717422
0.667637,0.676832,0.572094,0.743264,0.770206,0.808084,0.727229,0.674733,0.692676,0.668433
0.690802,0.751973,0.673658,0.705958,0.244313,0.707220,0.666378,0.743102,0.685424,0.670800
0.688664,0.692076,0.646754,0.621812,0.635519,0.703589,0.678678,0.680524,0.669084,0.674711
0.691516,0.756088,0.649351,0.792548,0.768956,0.726364,0.689825,0.728661,0.682599,0.733254
0.676413,0.682424,0.679595,0.729309,0.894656,0.743985,0.733220,0.696940,0.692170,0.672016
0.683662,0.691198,0.660409,0.730714,0.460212,0.559023,0.658469,0.699221,0.719888,0.691853
0.685177,0.642714,0.658684,0.704120,0.787998,0.629217,0.699066,0.740027,0.739435,0.697684
0.668722,0.692253,0.743456,0.571333,0.732072,0.766366,0.683289,0.668328,0.639335,0.746562
0.726392,0.707554,0.690005,0.748147,0.659238,0.570515,0.706698,0.713155,0.683838,0.726420
0.660807,0.716942,0.736715,0.670273,0.779771,0.719659,0.771037,0.695223,0.669929,0.689918
0.693087,0.698075,0.710028,0.654330,0.721116,0.675006,0.695491,0.676712,0.726235,0.686323
0.767112,0.713641,0.696159,0.748197,0.761702,0.679242,0.680191,0.657476,0.678378,0.715093
0.717633,0.664965,0.697557,0.638329,0.746389,0.717690,0.691619,0.734799,0.672235,0.652789
0.685511,0.704705,0.705739,0.624877,0.588746,0.716797,0.673452,0.688334,0.682641,0.714626
0.675643,0.711182,0.665406,0.621144,0.449666,0.717054,0.686412,0.734429,0.683783,0.692176
0.677112,0.674585,0.676888,0.678911,0.651245,0.740291,0.708706,0.707186,0.718276,0.678327
0.652828,0.615780,0.685590,0.591239,0.661426,0.685157,0.715507,0.593131,0.599245,0.674593
0.705137,0.691568,0.658838,0.731533,0.560031,0.724408,0.705623,0.698690,0.715714,0.713751
0.672925,0.645207,0.717865,0.651485,0.681452,0.612912,0.773714,0.711315,0.727091,0.728129
0.739582,0.696945,0.683638,0.723562,0.830623,0.718376,0.701543,0.715516,0.701431,0.699508
0.689835,0.715651,0.637566,0.731634,0.819211,0.674020,0.721702,0.729119,0.651178,0.656597
0.655099,0.728052,0.741409,0.510463,0.569491,0.812337,0.709786,0.737490,0.750328,0.706448
0.697317,0.706989,0.698695,0.705755,0.572700,0.694324,0.725309,0.697888,0.706071,0.699777
0.668386,0.645750,0.695875,0.724511,0.792818,0.620691,0.737059,0.736391,0.724369,0.719964
0.627592,0.714747,0.719866,0.737718,0.693827,0.654696,0.651724,0.709450,0.727558,0.668717
0.705756,0.691991,0.726045,0.688722,0.674152,0.703736,0.715270,0.677762,0.696793,0.709614
0.650587,0.710932,0.702383,0.434735,0.748844,0.767142,0.753593,0.766184,0.705972,0.675211
0.670540,0.704495,0.694824,0.741252,0.425716,0.671835,0.643184,0.657768,0.714351,0.696537
0.689121,0.661516,0.701580,0.730968,0.725834,0.580926,0.704065,0.713747,0.709939,0.682505
0.688244,0.678110,0.701067,0.698512,0.719000,0.681754,0.678295,0.701772,0.741158,0.687977
0.702359,0.753124,0.654880,0.811313,0.625071,0.659659,0.681728,0.666596,0.667804,0.670888
0.695690,0.710659,0.709152,0.720866,0.693214,0.709471,0.690683,0.708609,0.719091,0.679485
0.696286,0.657338,0.650076,0.647598,0.767687,0.700946,0.745034,0.640140,0.686009,0.722556
0.694589,0.725286,0.692622,0.737010,0.618781,0.714706,0.669069,0.662146,0.667722,0.680943
0.694703,0.649866,0.716873,0.561759,0.852501,0.502489,0.681993,0.715701,0.693675,0.696430
0.694702,0.681303,0.688212,0.756232,0.723348,0.725655,0.682132,0.697140,0.683068,0.731679
0.704306,0.724158,0.708021,0.702643,0.720658,0.618748,0.656377,0.698693,0.728191,0.714884
0.713262,0.720924,0.719709,0.719311,0.846525,0.740184,0.668996,0.695040,0.715773,0.732307
0.678802,0.697740,0.752263,0.609130,0.846044,0.693504,0.757755,0.671895,0.698521,0.696398
0.650082,0.726875,0.635257,0.688624,0.630261,0.727498,0.747773,0.676590,0.632673,0.707457
0.715070,0.698294,0.697331,0.782856,0.548479,0.759396,0.680868,0.768477,0.688239,0.704347
0.651116,0.751166,0.746285,0.735845,0.489500,0.650470,0.682050,0.700685,0.676735,0.718629
0.668862,0.735662,0.662282,0.701731,0.604330,0.663677,0.712348,0.730987,0.665486,0.723292
0.666595,0.693783,0.667666,0.667622,0.680589,0.601227,0.715409,0.608561,0.669259,0.734174
0.705658,0.663274,0.688714,0.718032,0.651635,0.768912,0.634980,0.699564,0.684439,0.675962
0.673923,0.742199,0.638841,0.587109,0.903657,0.750846,0.780083,0.699118,0.702951,0.649162
0.747082,0.711595,0.722405,0.712450,0.885370,0.631956,0.673906,0.673047,0.684013,0.667196
0.700896,0.650652,0.715252,0.615236,0.849782,0.656713,0.702709,0.697891,0.646430,0.685104
0.676688,0.683755,0.609459,0.643025,0.662733,0.824704,0.667747,0.697542,0.706629,0.718998
0.694091,0.693900,0.649574,0.731964,0.537694,0.682357,0.671230,0.688154,0.717047,0.697773
0.714864,0.687132,0.669851,0.634602,0.693424,0.777968,0.674227,0.666588,0.663761,0.702838
0.706322,0.650939,0.688681,0.660676,0.628336,0.642627,0.658134,0.677527,0.706946,0.697507
0.699741,0.693851,0.686684,0.709101,0.447309,0.729395,0.725583,0.769265,0.654272,0.688820
0.710470,0.713252,0.628585,0.671798,0.811331,0.645608,0.733712,0.658061,0.672228,0.706674
0.729863,0.635730,0.742021,0.704987,0.663027,0.666987,0.635988,0.660211,0.762535,0.738716
0.696003,0.695385,0.714161,0.610672,0.858850,0.686196,0.701721,0.683986,0.712089,0.708808
0.726392,0.678062,0.660977,0.687813,0.790220,0.572837,0.733324,0.706802,0.691861,0.736278
0.779171,0.642760,0.819198,0.671566,0.476375,0.775965,0.566586,0.711492,0.740768,0.696332
0.701990,0.703327,0.731884,0.705846,0.681662,0.802220,0.705467,0.698156,0.683042,0.688941
0.725705,0.673702,0.724139,0.727478,0.644508,0.645155,0.684421,0.729430,0.722384,0.652197
0.718113,0.734453,0.717723,0.664651,0.668432,0.738446,0.703425,0.710433,0.705572,0.711297
0.704451,0.718204,0.645558,0.690262,0.740183,0.362174,0.693879,0.755592,0.741064,0.688816
0.728866,0.660427,0.702980,0.626682,0.793404,0.655782,0.660076,0.693883,0.662282,0.678368
0.673328,0.744138,0.713180,0.680328,0.615190,0.550632,0.633186,0.761629,0.638096,0.703902
0.694379,0.732558,0.781415,0.656503,0.632578,0.669801,0.673190,0.709122,0.685753,0.688699
0.686868,0.679223,0.745083,0.768703,0.580999,0.724326,0.680352,0.702611,0.704587,0.712239
0.724050,0.746980,0.653257,0.804455,0.619832,0.515395,0.687815,0.638522,0.665796,0.682609
0.729345,0.673492,0.684174,0.682089,0.582415,0.690206,0.677156,0.648130,0.719897,0.677642
0.749698,0.696400,0.657260,0.645068,0.542028,0.658247,0.667534,0.672339,0.701017,0.706641
0.702938,0.660307,0.693671,0.589247,0.646653,0.774012,0.716885,0.651513,0.637318,0.704862
0.662807,0.732115,0.660630,0.582529,0.822016,0.701217,0.681898,0.671302,0.719977,0.678296
0.695775,0.694824,0.613262,0.632952,0.827207,0.794520,0.637564,0.715931,0.684863,0.693421
0.657314,0.663167,0.751226,0.712274,0.673032,0.695546,0.704707,0.696830,0.691644,0.705492
0.688570,0.660942,0.678083,0.561788,0.894222,0.704404,0.707804,0.642902,0.659205,0.696807
0.594495,0.690652,0.639609,0.855749,0.775481,0.693307,0.692644,0.739009,0.601031,0.675925
0.673923,0.695037,0.765803,0.658181,0.848936,0.632542,0.749992,0.751877,0.712992,0.711684
0.732904,0.664835,0.716596,0.709052,0.705837,0.703955,0.737213,0.686314,0.717520,0.683847
0.686898,0.756625,0.713333,0.594711,0.773473,0.707284,0.668662,0.619308,0.664785,0.684040
0.659106,0.769163,0.691209,0.710591,0.678891,0.695329,0.781341,0.670424,0.695230,0.745534
0.664176,0.683093,0.649682,0.663408,0.839296,0.610151,0.702220,0.613031,0.702373,0.731159
0.755602,0.680349,0.693102,0.632585,0.671643,0.699469,0.713215,0.688288,0.657985,0.625189
0.680378,0.702312,0.716541,0.686115,0.638351,0.699763,0.736498,0.701093,0.708787,0.703527
0.716651,0.735540,0.707904,0.753085,0.647390,0.512834,0.706429,0.699925,0.681993,0.654469
0.707253,0.699996,0.678782,0.693618,0.610776,0.772181,0.679613,0.743892,0.670528,0.707587
0.735793,0.690239,0.713781,0.688149,0.653269,0.557658,0.675154,0.713835,0.722750,0.651383
0.666562,0.685574,0.747375,0.637629,0.660906,0.708657,0.666583,0.680673,0.634371,0.708870
0.701059,0.651836,0.754265,0.645496,0.711293,0.788236,0.768742,0.678527,0.725195,0.679970
0.696563,0.685754,0.703628,0.716039,0.461397,0.662420,0.677184,0.699964,0.682812,0.679522
0.734849,0.647139,0.694931,0.768206,0.739864,0.630460,0.705920,0.685413,0.668233,0.680772
0.679066,0.720886,0.671507,0.695336,0.713435,0.647775,0.720982,0.738645,0.703856,0.725533
0.725053,0.661174,0.705650,0.652784,0.773370,0.817990,0.752150,0.687686,0.690904,0.680753
0.674400,0.613949,0.679310,0.728237,0.599236,0.730482,0.669976,0.724453,0.692476,0.686291
0.685937,0.735391,0.708663,0.741055,0.533791,0.740218,0.661294,0.743901,0.693237,0.674892
0.654487,0.720407,0.680263,0.695121,0.614667,0.558081,0.591931,0.676069,0.707979,0.710420
0.691275,0.701377,0.723391,0.694691,0.636343,0.695935,0.707014,0.690950,0.676783,0.708161
0.770195,0.702314,0.655784,0.735765,0.609488,0.568261,0.717128,0.697145,0.692506,0.664103
0.675182,0.677371,0.746196,0.651007,0.861891,0.633983,0.708553,0.743067,0.765770,0.678759
0.694628,0.669424,0.670713,0.531354,0.664164,0.726143,0.707792,0.628748,0.665789,0.732230
0.711540,0.707061,0.681886,0.578282,0.670750,0.604072,0.713335,0.695597,0.689703,0.695045
0.700008,0.686296,0.708685,0.714182,0.562865,0.709098,0.719059,0.704101,0.691273,0.703085
0.662827,0.778980,0.668684,0.639908,0.773508,0.550500,0.722809,0.774464,0.664223,0.660122
0.768550,0.680440,0.684700,0.592414,0.744211,0.672254,0.710988,0.660951,0.714921,0.677820
0.682164,0.714575,0.707279,0.703802,0.823516,0.871080,0.711440,0.680765,0.698863,0.707230
0.749887,0.731420,0.695900,0.801829,0.691240,0.712293,0.725890,0.657192,0.743937,0.710323
0.720997,0.706382,0.728045,0.656190,0.625568,0.701164,0.696978,0.680537,0.702723,0.695171
0.670009,0.737167,0.677126,0.712414,0.555292,0.734550,0.769569,0.659975,0.702284,0.690323
0.708211,0.684037,0.726481,0.578870,0.721174,0.708026,0.721004,0.670495,0.644238,0.669823
0.679126,0.724944,0.662197,0.740436,0.631161,0.712498,0.645655,0.697291,0.700526,0.663682
0.696929,0.709268,0.640409,0.562796,0.571756,0.634785,0.667663,0.682508,0.669334,0.691288
0.694750,0.727297,0.678300,0.637074,0.578500,0.628951,0.688926,0.675178,0.691964,0.682874
0.721817,0.716223,0.675072,0.727831,0.632390,0.813275,0.690984,0.684241,0.720745,0.684580
0.693664,0.668465,0.762488,0.773462,0.739239,0.646411,0.655253,0.594150,0.678869,0.712407
0.703973,0.698287,0.748253,0.637614,0.864748,0.658867,0.708445,0.688133,0.688340,0.689715
0.717098,0.672386,0.741222,0.709642,0.615809,0.699095,0.757043,0.673897,0.678830,0.675548
0.688004,0.693923,0.784939,0.732765,0.719204,0.800445,0.752827,0.684991,0.701038,0.699932
0.653388,0.686442,0.651088,0.684726,0.764074,0.686731,0.681063,0.662513,0.680788,0.680415
0.691035,0.691717,0.738955,0.696406,0.586594,0.679053,0.728103,0.703924,0.707838,0.690496
0.722415,0.727020,0.723746,0.645850,0.528727,0.695193,0.711743,0.725780,0.694499,0.679261
0.729978,0.647048,0.713755,0.764049,0.944156,0.757326,0.704003,0.679401,0.726545,0.740290
0.680450,0.670482,0.689098,0.696498,0.760812,0.638863,0.687821,0.673346,0.660939,0.659684
0.702553,0.698902,0.721660,0.689441,0.756992,0.803085,0.691880,0.691817,0.743238,0.686994
0.705927,0.706657,0.670568,0.775752,0.700146,0.760343,0.708596,0.763126,0.671868,0.696603
0.673056,0.704627,0.680410,0.748411,0.780808,0.752348,0.689590,0.663968,0.781470,0.686914
0.684756,0.651186,0.683654,0.691086,0.727736,0.583242,0.668090,0.703250,0.721985,0.695189
0.692090,0.710416,0.659402,0.735514,0.626840,0.725783,0.701098,0.699072,0.672780,0.711940
0.699322,0.700774,0.732828,0.670633,0.775841,0.671109,0.758824,0.685724,0.668966,0.699634
0.669328,0.633216,0.740800,0.654003,0.769506,0.763901,0.704843,0.697209,0.699825,0.715396
0.641913,0.684113,0.719351,0.687238,0.645836,0.706028,0.659060,0.659337,0.679015,0.732207
0.693914,0.665829,0.650928,0.652192,0.778534,0.631806,0.662095,0.727530,0.721372,0.692548
0.741932,0.708484,0.650538,0.679035,0.648642,0.478698,0.737053,0.711553,0.677711,0.684857
0.658235,0.640544,0.708358,0.755207,0.742614,0.729077,0.730815,0.708050,0.645128,0.681250
0.675039,0.675052,0.646632,0.666962,0.638583,0.734818,0.704604,0.656180,0.676625,0.741160
0.694671,0.751961,0.725650,0.601918,0.699777,0.839557,0.751887,0.787429,0.669139,0.709600
0.752969,0.686444,0.684232,0.639431,0.616893,0.623990,0.657840,0.731096,0.640206,0.677109
0.685062,0.702514,0.736237,0.700992,0.805609,0.794909,0.736915,0.697840,0.674217,0.710164
0.697435,0.706120,0.680253,0.634104,0.252958,0.632480,0.668857,0.628250,0.641807,0.699670
0.675689,0.670140,0.725099,0.723229,0.840361,0.758467,0.735064,0.664164,0.713677,0.715482
0.693373,0.752392,0.651988,0.762340,0.590271,0.624178,0.723447,0.656138,0.700153,0.688468
0.686430,0.650941,0.693283,0.633612,0.825729,0.552809,0.693197,0.722212,0.707106,0.691818
0.667126,0.725198,0.700492,0.700609,0.736246,0.634567,0.607367,0.667373,0.676573,0.684114
0.694314,0.750921,0.682105,0.753912,0.657580,0.616697,0.703178,0.718139,0.688444,0.690515
0.658707,0.689312,0.724409,0.658404,0.367960,0.614112,0.626479,0.678899,0.678011,0.695311
0.714072,0.727255,0.764306,0.730722,0.674482,0.587733,0.620930,0.714008,0.678139,0.688522
0.712182,0.682629,0.761175,0.694748,0.719410,0.720249,0.675592,0.680271,0.721689,0.705668
0.710432,0.693148,0.738194,0.668977,0.642087,0.690187,0.717869,0.696476,0.686303,0.689177
0.683261,0.666029,0.717208,0.669313,0.786842,0.710878,0.713156,0.707623,0.689743,0.683605
0.663840,0.696537,0.715973,0.660676,0.723477,0.732065,0.690496,0.656377,0.712152,0.635630
0.700617,0.701027,0.604766,0.677341,0.811199,0.742395,0.574310,0.688362,0.739805,0.704541
0.537023,0.631118,0.716578,0.710572,0.773294,0.880251,0.621192,0.701244,0.727216,0.741418
0.650157,0.758991,0.712196,0.693756,0.640737,0.696878,0.659085,0.695239,0.674298,0.669065
0.635491,0.699836,0.710140,0.785863,0.718832,0.582147,0.584937,0.735574,0.662621,0.730250
0.690528,0.688474,0.755521,0.666243,0.619618,0.805072,0.609837,0.751078,0.662396,0.649787
0.667927,0.666762,0.751891,0.776744,0.643339,0.738814,0.637042,0.623427,0.726906,0.698082
0.749725,0.677597,0.710593,0.671836,0.652402,0.723656,0.718796,0.644614,0.717232,0.700837
0.706963,0.696534,0.683038,0.704566,0.801979,0.624295,0.656251,0.762765,0.725438,0.709835
0.722902,0.678214,0.687790,0.725631,0.714764,0.700749,0.645743,0.645254,0.633969,0.722238
0.694176,0.670033,0.649414,0.742127,0.610065,0.642812,0.716430,0.719231,0.751207,0.676902
0.653476,0.697618,0.662808,0.674797,0.538177,0.689681,0.720624,0.696005,0.705259,0.664358
0.695179,0.743341,0.704439,0.589737,0.837021,0.560137,0.674287,0.694956,0.714523,0.691370
0.676555,0.702006,0.607950,0.685085,0.753282,0.811990,0.633273,0.695517,0.714965,0.728152
0.721157,0.639075,0.652625,0.824702,0.611472,0.676359,0.662818,0.756589,0.574757,0.715053
0.662836,0.656399,0.673435,0.654554,0.575708,0.666919,0.688912,0.708208,0.671015,0.697427
0.634228,0.737926,0.681958,0.676671,0.677391,0.667710,0.725386,0.763712,0.663596,0.741959
0.679225,0.631783,0.740912,0.660910,0.575149,0.638127,0.649059,0.716121,0.702691,0.638592
0.726675,0.662936,0.693540,0.609437,0.676848,0.593989,0.729125,0.659444,0.734670,0.599968
0.706232,0.678379,0.730810,0.594626,0.885370,0.565583,0.705369,0.632319,0.686107,0.705270
0.725732,0.718305,0.668878,0.646978,0.631329,0.721442,0.779435,0.693202,0.774492,0.624448
0.687935,0.730016,0.718107,0.685039,0.712132,0.623245,0.712981,0.636111,0.703043,0.656912
0.665781,0.663277,0.658988,0.553962,0.736716,0.689473,0.684380,0.626481,0.700454,0.694549
0.696767,0.682983,0.737656,0.712173,0.686209,0.721638,0.723449,0.696232,0.707787,0.684650
0.646676,0.730907,0.689998,0.713496,0.500012,0.786132,0.686523,0.734433,0.686897,0.736080
0.698087,0.664169,0.581226,0.725874,0.628228,0.780661,0.792086,0.636398,0.704545,0.739170
0.695047,0.695054,0.724902,0.719348,0.713109,0.785786,0.727486,0.713585,0.715004,0.686509
0.681870,0.707837,0.687623,0.746759,0.686209,0.728534,0.694392,0.757356,0.729352,0.675119
0.737702,0.769751,0.641057,0.694719,0.827494,0.666271,0.752533,0.702937,0.656414,0.744657
0.709566,0.690525,0.662165,0.635190,0.709812,0.613934,0.753843,0.705595,0.653980,0.675621
0.678502,0.797064,0.694384,0.697074,0.736624,0.528845,0.714747,0.783124,0.724145,0.653554
0.709753,0.637826,0.633677,0.624142,0.614145,0.632923,0.611535,0.660374,0.675984,0.677269
0.673863,0.711713,0.673639,0.681781,0.618722,0.719258,0.658643,0.662223,0.688620,0.702799
0.673103,0.728294,0.715198,0.712651,0.790655,0.573644,0.693379,0.720557,0.672138,0.702661
0.666276,0.673979,0.689437,0.678052,0.785232,0.712254,0.705294,0.676738,0.675153,0.742573
0.720329,0.672598,0.735536,0.683250,0.567741,0.693364,0.664415,0.674401,0.656649,0.731647
0.717956,0.660083,0.694931,0.686912,0.827196,0.551202,0.661549,0.737087,0.717528,0.700098
0.695022,0.710194,0.718600,0.748412,0.646921,0.666808,0.665818,0.711249,0.680971,0.688882
0.652206,0.670673,0.698849,0.728001,0.568632,0.753991,0.658852,0.695920,0.720894,0.715224
0.722571,0.678205,0.699764,0.716777,0.748048,0.748279,0.685926,0.724229,0.691992,0.687011
0.652492,0.707379,0.672320,0.649146,0.904101,0.643030,0.757757,0.688815,0.674945,0.713271
0.707244,0.733705,0.753241,0.597494,0.628221,0.747269,0.703545,0.719170,0.699237,0.631490
0.717017,0.723156,0.679616,0.728756,0.655607,0.668039,0.700752,0.708702,0.671872,0.725410
0.701468,0.710947,0.674313,0.663782,0.645687,0.600777,0.657081,0.728810,0.681275,0.666745
0.692755,0.724053,0.711461,0.645949,0.725813,0.607772,0.715307,0.684996,0.689308,0.678956
0.691994,0.627981,0.669539,0.733750,0.622730,0.728927,0.668218,0.718633,0.661857,0.622956
0.686215,0.689580,0.704859,0.682256,0.638109,0.665753,0.705859,0.687427,0.709238,0.691318
0.656780,0.725700,0.727839,0.697175,0.966035,0.820074,0.695533,0.686432,0.696849,0.695463
0.718516,0.656608,0.705926,0.673880,0.619228,0.734628,0.688064,0.714116,0.649675,0.684481
0.689039,0.678577,0.712818,0.747424,0.505969,0.598106,0.694799,0.687261,0.704405,0.687551
0.586866,0.638102,0.704804,0.738707,0.848797,0.798053,0.670015,0.728252,0.713264,0.723410
0.681521,0.713066,0.694166,0.689619,0.432229,0.691594,0.652152,0.734168,0.701368,0.712633
0.710934,0.632832,0.690559,0.692191,0.754535,0.671203,0.696771,0.723042,0.699049,0.678202
0.685060,0.681707,0.763353,0.696377,0.771751,0.810160,0.673081,0.634864,0.695782,0.684842
0.674598,0.697147,0.733751,0.695589,0.681067,0.696087,0.734581,0.684961,0.688571,0.687057
0.667248,0.648841,0.736877,0.583425,0.655138,0.709347,0.698190,0.677582,0.663651,0.698695
0.686507,0.722735,0.665687,0.676909,0.863769,0.751932,0.640154,0.663640,0.713881,0.687634
0.727877,0.671186,0.692879,0.714278,0.770945,0.636141,0.638686,0.718856,0.747982,0.712390
0.665799,0.631594,0.688456,0.664834,0.614044,0.719807,0.727602,0.692226,0.681048,0.710880
0.736271,0.692635,0.680745,0.723691,0.828126,0.740987,0.704369,0.666789,0.725944,0.695512
0.701388,0.702312,0.696908,0.676758,0.441853,0.707872,0.690960,0.722869,0.683931,0.694413
0.676983,0.738168,0.736928,0.729471,0.745857,0.595574,0.679829,0.710124,0.628469,0.708560
0.671374,0.713100,0.653808,0.721170,0.828844,0.692312,0.653984,0.661762,0.693861,0.657642
0.658724,0.701585,0.642057,0.705546,0.859848,0.769188,0.684220,0.680595,0.733944,0.687526
0.558810,0.657678,0.752825,0.798028,0.770581,0.783812,0.581617,0.690995,0.716394,0.682748
0.702934,0.615665,0.685032,0.811226,0.922374,0.705657,0.716179,0.692164,0.664314,0.712346
0.707733,0.691172,0.717513,0.683241,0.672026,0.630417,0.642115,0.702132,0.694705,0.644649
0.626740,0.692827,0.708204,0.659534,0.838909,0.855036,0.662526,0.709333,0.748770,0.723552
0.663800,0.645576,0.628112,0.721529,0.808304,0.693050,0.713984,0.700392,0.706067,0.666254
0.676906,0.671836,0.729112,0.671648,0.621893,0.684587,0.637128,0.744692,0.702621,0.687479
0.709062,0.697208,0.713035,0.658258,0.390291,0.660503,0.676341,0.702148,0.677391,0.664031
0.630474,0.663489,0.730863,0.694227,0.592208,0.672003,0.671604,0.674247,0.713798,0.659841
0.745228,0.680233,0.721615,0.701192,0.756700,0.803630,0.627999,0.689729,0.718254,0.699035
0.683525,0.692635,0.685470,0.670837,0.732015,0.810123,0.687084,0.709404,0.677328,0.704141
0.694161,0.720601,0.754508,0.661443,0.797024,0.566651,0.728712,0.711486,0.693109,0.711282
0.703200,0.739943,0.690175,0.763060,0.765484,0.570184,0.727896,0.726105,0.718984,0.719788
0.670575,0.719684,0.731511,0.686450,0.541111,0.624431,0.668117,0.672133,0.642303,0.698956
0.705775,0.745522,0.647913,0.565740,0.759191,0.682701,0.661650,0.691050,0.691198,0.707561
0.650763,0.723835,0.716341,0.761978,0.613561,0.622367,0.681504,0.704679,0.722064,0.711848
0.706365,0.702223,0.620096,0.565391,0.616552,0.705516,0.770018,0.700995,0.692795,0.646505
0.690795,0.711729,0.703232,0.774142,0.727281,0.501322,0.660425,0.738197,0.672243,0.771313
0.711271,0.631806,0.710134,0.694385,0.611555,0.730722,0.731108,0.678652,0.692236,0.689407
0.619746,0.656179,0.695823,0.668282,0.414906,0.606140,0.659857,0.670907,0.745064,0.703775
0.679144,0.712200,0.731819,0.750241,0.656642,0.661517,0.749883,0.726031,0.688898,0.699227
0.741299,0.722705,0.723665,0.720266,0.734626,0.625424,0.743010,0.688135,0.670346,0.670731
0.684869,0.723181,0.583627,0.666677,0.771408,0.737914,0.575363,0.680001,0.712150,0.679272
0.574987,0.691273,0.780526,0.738942,0.759672,0.730174,0.686261,0.717058,0.643290,0.692631
0.711788,0.701306,0.643882,0.673245,0.623512,0.701183,0.746988,0.745873,0.702700,0.687048
0.720309,0.721935,0.713604,0.659258,0.573368,0.688920,0.706500,0.677055,0.711276,0.668546
0.738107,0.743144,0.749816,0.693289,0.759836,0.608212,0.689688,0.691404,0.651947,0.658901
0.686998,0.675772,0.600438,0.717519,0.740792,0.835952,0.584354,0.693490,0.699886,0.665673
0.697305,0.692791,0.718852,0.680542,0.580586,0.715692,0.683861,0.708975,0.692728,0.677191
0.590438,0.678187,0.674110,0.643966,0.864513,0.739408,0.728692,0.692597,0.637838,0.728156
0.694766,0.683865,0.589847,0.673182,0.581452,0.676127,0.611209,0.680856,0.690893,0.702193
0.756202,0.705084,0.730945,0.683093,0.763583,0.746349,0.735628,0.686298,0.743510,0.675184
0.661622,0.615463,0.678865,0.761782,0.886830,0.630266,0.702525,0.745176,0.720895,0.707840
0.656320,0.667913,0.678562,0.733646,0.676961,0.756146,0.759875,0.681945,0.685019,0.667634
0.688988,0.608319,0.682456,0.679462,0.774889,0.634406,0.694348,0.666131,0.652510,0.677675
0.683006,0.706339,0.581461,0.719827,0.676421,0.630745,0.701054,0.720791,0.759265,0.677531
0.643136,0.722747,0.697040,0.814540,0.764671,0.657162,0.613951,0.718738,0.567704,0.725364
0.713467,0.733942,0.731286,0.667867,0.471305,0.698367,0.683435,0.734748,0.687617,0.652717
0.716966,0.693152,0.687270,0.601673,0.710640,0.758986,0.708094,0.634583,0.692476,0.690158
0.680578,0.743991,0.705516,0.666968,0.721014,0.540487,0.697669,0.695534,0.695464,0.679881
0.690456,0.685696,0.672362,0.702334,0.534571,0.680560,0.676629,0.691746,0.700400,0.689485
0.705429,0.701687,0.774180,0.663498,0.670603,0.783670,0.732334,0.742916,0.719796,0.725599
0.696961,0.688777,0.741736,0.602232,0.596320,0.672544,0.727562,0.750643,0.670739,0.706859
0.744020,0.711482,0.673467,0.712769,0.741733,0.526634,0.716861,0.744320,0.665450,0.748974
0.706532,0.642754,0.681321,0.678574,0.830503,0.604012,0.671776,0.712742,0.693600,0.721315
0.691308,0.693705,0.750437,0.696403,0.742541,0.737547,0.735302,0.667917,0.716785,0.687926
0.689032,0.604767,0.554139,0.670025,0.600040,0.737791,0.596043,0.664304,0.680008,0.707123
0.701475,0.730051,0.623310,0.668117,0.704268,0.675573,0.641331,0.695507,0.696849,0.691356
0.726596,0.685787,0.671241,0.809850,0.734763,0.707819,0.658755,0.729792,0.720664,0.709936
0.708051,0.661630,0.692135,0.821619,0.790580,0.684243,0.674648,0.752361,0.650299,0.696041
0.695393,0.716989,0.661237,0.679144,0.902377,0.760144,0.661032,0.734059,0.641564,0.705128
0.719488,0.687400,0.661764,0.690346,0.625226,0.622541,0.714410,0.688948,0.750066,0.623502
0.701970,0.694729,0.678702,0.759064,0.676369,0.692793,0.681623,0.655049,0.649174,0.702721
0.693899,0.704582,0.714255,0.702148,0.679154,0.679384,0.690583,0.681873,0.681262,0.699620
0.685361,0.691454,0.689031,0.706767,0.474290,0.742265,0.682480,0.723807,0.694246,0.698273
0.722272,0.657510,0.670679,0.733683,0.762088,0.739592,0.657659,0.623100,0.679862,0.731470
0.731008,0.680708,0.644651,0.646341,0.674066,0.747328,0.721096,0.677848,0.703694,0.663903
0.687735,0.716927,0.640821,0.679737,0.456774,0.689006,0.712048,0.686384,0.676310,0.665581
0.675946,0.674012,0.807817,0.708405,0.623530,0.595913,0.763640,0.704628,0.719562,0.708669
0.712881,0.656005,0.673379,0.768883,0.734153,0.825274,0.669257,0.670106,0.738481,0.670866
0.654920,0.704883,0.669243,0.687169,0.568771,0.735304,0.698960,0.733410,0.672285,0.653416
0.694723,0.652781,0.644867,0.653947,0.559092,0.635894,0.714009,0.720762,0.696272,0.714526
0.697449,0.668354,0.674667,0.818069,0.631346,0.797141,0.687087,0.760564,0.654099,0.687876
0.682031,0.631371,0.619454,0.656362,0.776017,0.587736,0.740431,0.669386,0.715670,0.734601
0.597653,0.654870,0.771935,0.734585,0.725312,0.642552,0.619929,0.602096,0.691050,0.707906
0.688694,0.706469,0.722271,0.745473,0.620183,0.578811,0.709434,0.693719,0.730886,0.680318
0.712281,0.696175,0.723445,0.655581,0.530880,0.681352,0.711420,0.668957,0.696048,0.685579
0.691433,0.676360,0.708336,0.685229,0.575578,0.690773,0.668899,0.724118,0.697803,0.671641
0.783818,0.753568,0.714631,0.740331,0.866350,0.810452,0.687474,0.606997,0.737758,0.676005
0.700498,0.664258,0.731557,0.635922,0.840584,0.773079,0.729678,0.700784,0.663939,0.697159
0.682177,0.743091,0.674259,0.622927,0.583494,0.765869,0.705702,0.704841,0.736175,0.653511
0.666529,0.665620,0.698981,0.674385,0.570536,0.704374,0.675799,0.699162,0.699823,0.711466
0.694703,0.700419,0.694319,0.595808,0.545309,0.692739,0.690012,0.668006,0.686090,0.734306
0.660437,0.688218,0.743615,0.656448,0.581240,0.698286,0.728570,0.679044,0.784992,0.680037
0.687694,0.770464,0.734033,0.742402,0.729856,0.564731,0.719244,0.680263,0.673888,0.670735
0.708720,0.690699,0.683932,0.677552,0.528988,0.790849,0.705011,0.693471,0.726032,0.674145
0.674704,0.707160,0.694401,0.774602,0.530805,0.652669,0.668310,0.712585,0.737131,0.707882
0.698468,0.707462,0.630757,0.758152,0.673992,0.518849,0.659273,0.694276,0.732856,0.686640
0.691268,0.673061,0.723479,0.696057,0.943824,0.764225,0.698041,0.673826,0.736936,0.719438
0.701231,0.710148,0.686641,0.638800,0.674546,0.713344,0.738154,0.725020,0.697638,0.690949
0.714106,0.606208,0.669841,0.644557,0.829649,0.508033,0.675171,0.695180,0.674822,0.665824
0.696264,0.687531,0.717798,0.727155,0.514110,0.818015,0.697797,0.646197,0.719221,0.710201
0.713674,0.678727,0.698751,0.710883,0.629655,0.710438,0.715773,0.672987,0.644930,0.674895
0.688839,0.651772,0.651962,0.610046,0.759959,0.729272,0.709926,0.697268,0.647762,0.667849
0.689866,0.705064,0.612689,0.676858,0.657498,0.690074,0.636955,0.692984,0.694775,0.700915
0.688709,0.784201,0.713724,0.731486,0.709116,0.777850,0.690326,0.682612,0.716031,0.666326
0.671773,0.684887,0.665129,0.633519,0.685864,0.624455,0.693074,0.664267,0.691931,0.685222
0.720375,0.750306,0.706285,0.570605,0.588188,0.747679,0.700810,0.718661,0.681810,0.673533
0.730733,0.676721,0.681144,0.687392,0.496494,0.750305,0.648849,0.657865,0.612578,0.729796
0.674019,0.726205,0.662953,0.598518,0.787767,0.688550,0.629358,0.669829,0.735235,0.711156
0.702759,0.709181,0.765572,0.728538,0.859257,0.718445,0.619084,0.679681,0.701754,0.711485
0.745451,0.686830,0.727411,0.645224,0.377402,0.670183,0.619510,0.754141,0.683536,0.648318
0.713479,0.717303,0.766068,0.662224,0.729680,0.618683,0.735285,0.719411,0.681317,0.732523
0.692328,0.651970,0.694808,0.622126,0.699852,0.701760,0.708282,0.688856,0.687182,0.685102
0.706017,0.716370,0.679853,0.765180,0.739714,0.559618,0.761706,0.712800,0.650130,0.670580
0.677009,0.722439,0.769593,0.775921,0.698189,0.697554,0.720714,0.638672,0.724667,0.682142
0.708285,0.695708,0.704602,0.657029,0.735102,0.651765,0.713552,0.719324,0.706442,0.702050
0.723675,0.715508,0.700516,0.662358,0.600828,0.631496,0.684338,0.691725,0.692449,0.694910
0.747868,0.697372,0.751951,0.655291,0.665146,0.736812,0.713125,0.728965,0.688876,0.684871
0.676093,0.700273,0.663895,0.688480,0.818126,0.559927,0.725203,0.724185,0.729396,0.697076
0.715852,0.707045,0.670916,0.628341,0.586117,0.638213,0.671379,0.673726,0.718736,0.716250
0.729290,0.685930,0.663815,0.748911,0.705262,0.699783,0.765312,0.718951,0.710511,0.684895
0.705631,0.692356,0.640076,0.672759,0.783677,0.657249,0.619996,0.702188,0.712023,0.693697
0.654414,0.647039,0.653402,0.754452,0.791019,0.704138,0.724636,0.689576,0.731593,0.719645
0.695486,0.721855,0.713576,0.630774,0.672124,0.762570,0.700106,0.818514,0.665680,0.649298
0.693792,0.691977,0.663309,0.682432,0.687769,0.618447,0.718899,0.669796,0.736555,0.669740
0.689879,0.733423,0.770430,0.741026,0.531266,0.720414,0.658092,0.684880,0.755670,0.693911
0.720926,0.628322,0.660303,0.674149,0.708717,0.677068,0.724294,0.670819,0.628047,0.627592
0.674761,0.699025,0.696488,0.753877,0.707478,0.718445,0.620238,0.643709,0.720941,0.676846
0.687482,0.626633,0.693179,0.738542,0.790801,0.718331,0.670561,0.750071,0.692815,0.723069
0.675691,0.691860,0.659565,0.697677,0.787580,0.643853,0.733026,0.731645,0.665210,0.683159
0.663118,0.684200,0.635034,0.765167,0.514613,0.707211,0.741698,0.690263,0.697575,0.677800
0.718920,0.677878,0.730550,0.717186,0.810303,0.642661,0.624459,0.622367,0.722060,0.708588
0.666046,0.727043,0.698686,0.759064,0.948910,0.816763,0.692332,0.752111,0.766117,0.693939
0.693669,0.703727,0.720917,0.680719,0.625090,0.718285,0.720573,0.769439,0.666261,0.694290
0.691339,0.698749,0.666664,0.658476,0.230843,0.631001,0.691059,0.648241,0.690208,0.721746
0.678682,0.671593,0.789330,0.712331,0.761354,0.677669,0.654732,0.671999,0.711110,0.742209
0.730649,0.703445,0.874609,0.692917,0.783567,0.662109,0.494790,0.704571,0.720241,0.719233
0.708738,0.692239,0.696972,0.722601,0.741930,0.696824,0.714039,0.694004,0.675765,0.699216
0.674072,0.804667,0.683201,0.728415,0.679205,0.644533,0.632590,0.690339,0.695043,0.666211
0.693770,0.702229,0.731880,0.688431,0.680615,0.734878,0.725603,0.698732,0.696732,0.700356
0.695736,0.700146,0.708303,0.612780,0.879597,0.634917,0.702077,0.627066,0.732501,0.731111
0.677525,0.686389,0.728491,0.697770,0.827428,0.721643,0.672073,0.731786,0.696134,0.704285
0.700371,0.654716,0.651433,0.704665,0.792074,0.573969,0.722984,0.716956,0.731415,0.684969
0.692323,0.698420,0.617205,0.588497,0.759823,0.575974,0.657403,0.682837,0.678960,0.715616
0.685801,0.672348,0.784865,0.716951,0.750671,0.711576,0.764441,0.702600,0.695236,0.706163
0.679729,0.746532,0.643717,0.751675,0.681296,0.653022,0.765953,0.629016,0.641235,0.699894
0.686280,0.766360,0.649556,0.645604,0.813100,0.706193,0.657146,0.659147,0.754971,0.695031
0.684514,0.684901,0.692446,0.686608,0.552367,0.766847,0.657453,0.665781,0.719380,0.685136
0.634431,0.585761,0.680574,0.749946,0.676601,0.702556,0.697059,0.719693,0.703340,0.609473
0.651145,0.700361,0.792590,0.704373,0.571880,0.692789,0.672019,0.725324,0.693878,0.685160
0.711850,0.691207,0.659794,0.730106,0.628323,0.708459,0.707905,0.625806,0.696292,0.655448
0.692718,0.688115,0.682782,0.833370,0.799000,0.705185,0.675819,0.641748,0.591178,0.694911
0.690305,0.725631,0.722093,0.749621,0.670364,0.653477,0.745747,0.703847,0.679570,0.700643
0.724476,0.718298,0.645113,0.712431,0.545635,0.689899,0.737656,0.724287,0.713947,0.712074
0.680058,0.691805,0.691335,0.728059,0.562180,0.659910,0.706990,0.632137,0.697902,0.667652
0.689499,0.741320,0.730833,0.602531,0.806809,0.623813,0.698942,0.710842,0.692972,0.703533
0.626239,0.668734,0.770611,0.681536,0.788963,0.694449,0.573693,0.730631,0.599610,0.656635
0.685919,0.694733,0.744710,0.679333,0.718420,0.773898,0.694282,0.682544,0.709236,0.726146
0.653357,0.669797,0.707838,0.703736,0.514923,0.630438,0.701558,0.706583,0.747636,0.708867
0.675561,0.744727,0.682648,0.707394,0.716747,0.673261,0.691749,0.705844,0.690901,0.698047
0.752507,0.667440,0.565662,0.677091,0.672285,0.731428,0.709490,0.712780,0.750939,0.632372
0.673664,0.703351,0.699515,0.683244,0.720599,0.692282,0.730004,0.699753,0.688900,0.695866
0.702399,0.686324,0.699640,0.692061,0.611613,0.567583,0.694716,0.695825,0.648879,0.709562
0.685133,0.621665,0.738284,0.747373,0.716513,0.600634,0.681601,0.733279,0.629436,0.668538
0.666442,0.763019,0.735088,0.691782,0.552487,0.724308,0.648673,0.709192,0.653566,0.703246
0.705642,0.642083,0.666640,0.679580,0.630941,0.726769,0.660328,0.684623,0.719917,0.647312
0.645075,0.686569,0.735617,0.743555,0.827249,0.670281,0.720102,0.671354,0.647766,0.663399
0.721437,0.692102,0.748154,0.618206,0.554772,0.728387,0.599924,0.719895,0.719424,0.657850
0.756050,0.744388,0.637775,0.643970,0.549046,0.767926,0.708910,0.801324,0.625797,0.686562
0.734908,0.718161,0.671634,0.739225,0.734635,0.633192,0.753790,0.672052,0.700532,0.726516
0.744070,0.696652,0.708291,0.611916,0.555961,0.655461,0.674389,0.668019,0.675896,0.665946
0.657364,0.663471,0.723819,0.686160,0.620762,0.591068,0.672765,0.705789,0.680621,0.719895
0.692346,0.718338,0.727443,0.679251,0.592453,0.712409,0.710893,0.708892,0.686754,0.690679
0.701112,0.685462,0.735386,0.730362,0.638967,0.651830,0.747086,0.698787,0.682548,0.704926
0.694618,0.682473,0.727762,0.651675,0.848058,0.510329,0.697487,0.731018,0.722254,0.693546
0.699054,0.646671,0.714360,0.682687,0.694469,0.702324,0.705459,0.730964,0.721760,0.674226
0.710820,0.636692,0.755904,0.708852,0.698723,0.765082,0.610188,0.758836,0.684786,0.666165
0.677061,0.634883,0.662802,0.744441,0.590880,0.688552,0.718132,0.704433,0.725292,0.689928
0.680519,0.684121,0.698999,0.696969,0.619337,0.640472,0.675796,0.705060,0.708911,0.679643
0.710303,0.618167,0.692421,0.622441,0.620599,0.676831,0.724744,0.721049,0.722966,0.697309
0.711612,0.667889,0.700072,0.681653,0.673667,0.659768,0.692841,0.670186,0.607594,0.730925
0.686233,0.735602,0.699988,0.750426,0.717807,0.784522,0.725001,0.658329,0.695371,0.728116
0.705339,0.702567,0.687827,0.701239,0.605734,0.732220,0.770061,0.688183,0.700689,0.679413
0.676086,0.723165,0.707753,0.671718,0.807869,0.626410,0.712229,0.697811,0.725631,0.693697
0.699494,0.713251,0.740924,0.708741,0.756931,0.675042,0.658250,0.672704,0.692120,0.676125
0.683152,0.633835,0.689758,0.750527,0.765254,0.748586,0.669658,0.746605,0.625339,0.671488
0.740074,0.676681,0.691729,0.653207,0.619128,0.751137,0.720180,0.686270,0.722797,0.704517
0.690308,0.655645,0.699727,0.701578,0.837628,0.601179,0.688751,0.665233,0.741069,0.682176
0.690292,0.658168,0.707415,0.664634,0.634918,0.705113,0.679110,0.682912,0.719138,0.677730
0.717723,0.679534,0.747763,0.647712,0.641929,0.578561,0.684621,0.658724,0.709591,0.676564
0.717140,0.668421,0.704549,0.697726,0.920720,0.768946,0.673859,0.708889,0.753213,0.695871
0.671482,0.726322,0.731798,0.706185,0.625411,0.594167,0.605843,0.678980,0.709181,0.659585
0.693205,0.677389,0.707225,0.662809,0.758645,0.726840,0.712148,0.674599,0.696268,0.690859
0.679197,0.701300,0.651235,0.736598,0.713182,0.556215,0.704177,0.705069,0.775036,0.722208
0.759946,0.727324,0.715540,0.756445,0.879484,0.712200,0.712942,0.681463,0.734732,0.698900
0.740078,0.668097,0.678572,0.710155,0.820552,0.787111,0.743488,0.714339,0.709591,0.739136
0.685799,0.686892,0.740835,0.693724,0.723890,0.487716,0.660052,0.668329,0.707827,0.713691
0.689691,0.699343,0.664923,0.645809,0.752845,0.635553,0.775557,0.750077,0.651134,0.665953
0.725142,0.697478,0.690653,0.708902,0.600278,0.741026,0.711227,0.586518,0.706568,0.669902
0.689546,0.740096,0.722219,0.691326,0.596899,0.868613,0.649490,0.689312,0.712322,0.670890
0.673038,0.685692,0.638748,0.544034,0.685242,0.705126,0.775260,0.721414,0.680401,0.700546
0.670526,0.714971,0.700588,0.673106,0.645306,0.688457,0.695357,0.719490,0.687915,0.672481
0.679446,0.670847,0.676376,0.692511,0.729551,0.637448,0.778435,0.676092,0.708330,0.713688
0.702449,0.697279,0.709805,0.725175,0.714294,0.718380,0.679625,0.697818,0.715978,0.696791
0.687441,0.658626,0.677604,0.653304,0.836705,0.640646,0.695905,0.716537,0.690301,0.675534
0.760135,0.650643,0.711024,0.676095,0.874291,0.608067,0.692092,0.653974,0.695841,0.667526
0.699190,0.655218,0.721180,0.676541,0.808970,0.667818,0.702156,0.720858,0.712311,0.698816
0.730147,0.721380,0.749478,0.678227,0.729263,0.675229,0.671007,0.729509,0.707474,0.699471
0.708917,0.729525,0.689486,0.664843,0.701049,0.622919,0.724557,0.735441,0.684638,0.702136
0.687467,0.705441,0.722879,0.724280,0.771032,0.674914,0.670072,0.655627,0.722216,0.706743
0.737217,0.690939,0.764694,0.708735,0.755525,0.705803,0.719907,0.707409,0.709993,0.676863
0.703194,0.678329,0.760801,0.641788,0.710695,0.715234,0.719815,0.686549,0.688979,0.697777
0.650320,0.673473,0.753115,0.554142,0.778560,0.822647,0.736156,0.742070,0.720721,0.736521
0.686254,0.697588,0.702819,0.617322,0.573094,0.767717,0.688278,0.734258,0.700647,0.693051
0.709122,0.733128,0.747099,0.722944,0.711367,0.739494,0.686097,0.668711,0.710321,0.703358
0.703813,0.704380,0.694629,0.682580,0.644345,0.721735,0.693259,0.718676,0.717484,0.688514
0.685648,0.634168,0.694010,0.769620,0.634611,0.769071,0.638094,0.774071,0.674944,0.653960
0.686117,0.675029,0.654002,0.744074,0.800339,0.676812,0.636200,0.705794,0.677421,0.659047
0.658690,0.730510,0.644912,0.691485,0.560984,0.686233,0.732760,0.649039,0.664109,0.696778
0.680463,0.684399,0.729555,0.765687,0.741040,0.655147,0.671638,0.642483,0.702987,0.705710
0.684378,0.704333,0.724566,0.760393,0.746339,0.563577,0.660679,0.795708,0.700429,0.721880
0.735712,0.607258,0.688394,0.723913,0.551660,0.705027,0.665783,0.669153,0.702221,0.733816
0.685310,0.719389,0.685064,0.687254,0.323495,0.672894,0.719535,0.720253,0.676717,0.703623
0.684246,0.679343,0.686066,0.676545,0.784871,0.699561,0.666395,0.719156,0.725145,0.702385
0.670375,0.659429,0.693519,0.710806,0.721107,0.792621,0.726448,0.724316,0.730327,0.671086
0.717946,0.708104,0.689618,0.738232,0.729628,0.763870,0.665432,0.691239,0.675966,0.643704
0.661825,0.644443,0.593990,0.685656,0.753061,0.757054,0.654520,0.664785,0.716017,0.703565
0.710610,0.659096,0.715774,0.642705,0.405620,0.709171,0.727863,0.609505,0.649423,0.677227
0.703094,0.678771,0.671637,0.599492,0.788342,0.730983,0.635471,0.727816,0.710796,0.714719
0.683706,0.639575,0.722919,0.686600,0.653655,0.643319,0.649651,0.642126,0.724321,0.685657
0.706567,0.657934,0.652099,0.641308,0.741550,0.661682,0.671217,0.695929,0.674555,0.723397
0.765382,0.682442,0.671604,0.731769,0.900696,0.695455,0.697607,0.633070,0.647073,0.725061
0.695757,0.686954,0.672750,0.688481,0.584507,0.660442,0.627739,0.776600,0.675469,0.654311
0.674331,0.669548,0.677405,0.658444,0.725023,0.588391,0.679677,0.694889,0.704162,0.680618
0.695886,0.686498,0.677680,0.683427,0.789899,0.683712,0.691050,0.729686,0.716862,0.690279
0.705694,0.707063,0.769446,0.720522,0.882463,0.725166,0.698365,0.736696,0.716268,0.641260
0.734701,0.665282,0.704105,0.622386,0.756395,0.662767,0.664711,0.754276,0.709285,0.690332
0.635456,0.748623,0.721383,0.708871,0.653131,0.739603,0.684999,0.729447,0.659082,0.617667
0.682331,0.689926,0.693366,0.683992,0.804999,0.690425,0.652743,0.738341,0.700743,0.685278
0.719370,0.636429,0.686422,0.627618,0.723461,0.641018,0.715179,0.670104,0.743044,0.707564
0.695818,0.721258,0.705857,0.680306,0.763765,0.790757,0.704240,0.761912,0.697919,0.694152
0.702867,0.776645,0.674830,0.668328,0.704491,0.682793,0.714738,0.719705,0.735731,0.702229
0.691768,0.693317,0.728991,0.714079,0.653597,0.703498,0.747161,0.681687,0.689021,0.698753
0.644708,0.689300,0.745758,0.701183,0.677418,0.759531,0.708692,0.675623,0.728178,0.694399
0.690373,0.669271,0.742002,0.729723,0.655983,0.688855,0.727343,0.698987,0.716711,0.695295
0.677026,0.711484,0.712578,0.701332,0.885466,0.765958,0.722023,0.739232,0.718770,0.692384
0.691520,0.635861,0.724023,0.708948,0.783235,0.739445,0.676136,0.697462,0.625591,0.690086
0.707659,0.614810,0.697147,0.739456,0.750670,0.528878,0.688028,0.653814,0.735878,0.681590
0.660931,0.672659,0.725132,0.687035,0.832261,0.520115,0.632507,0.719549,0.672585,0.682690
0.695294,0.665901,0.676661,0.597837,0.691554,0.667299,0.720554,0.667610,0.659232,0.718704
0.679504,0.645864,0.712477,0.730599,0.660614,0.736787,0.741206,0.701278,0.704827,0.662139
0.702360,0.724187,0.717203,0.717740,0.754609,0.632418,0.720783,0.726814,0.676756,0.699453
0.722663,0.710776,0.666080,0.779462,0.669857,0.629103,0.714664,0.731796,0.654224,0.708878
0.701417,0.650869,0.683584,0.628564,0.842194,0.643896,0.750773,0.768518,0.668467,0.718226
0.727057,0.737575,0.610479,0.518025,0.750260,0.781593,0.700501,0.680171,0.740256,0.675605
0.690946,0.679203,0.712001,0.683922,0.609334,0.659610,0.657770,0.701614,0.696730,0.676653
0.756431,0.626970,0.651555,0.497422,0.672642,0.690940,0.761499,0.677479,0.699597,0.706199
0.669490,0.691235,0.694839,0.783555,0.443035,0.619606,0.717499,0.675337,0.720767,0.703023
0.684618,0.640688,0.678557,0.710348,0.551433,0.752977,0.699990,0.685524,0.678151,0.684277
0.712119,0.702269,0.769615,0.761184,0.550298,0.790839,0.663191,0.715774,0.694936,0.646873
0.685922,0.688884,0.642475,0.679166,0.799238,0.693571,0.694594,0.698773,0.710405,0.642821
0.617795,0.737107,0.673022,0.818424,0.652847,0.635426,0.681577,0.731637,0.623682,0.683279
0.692863,0.720564,0.710788,0.704509,0.667002,0.751956,0.689565,0.705367,0.687285,0.732086
0.616831,0.732618,0.712585,0.709842,0.616717,0.588446,0.699685,0.709855,0.675946,0.746333
0.672036,0.689638,0.623752,0.718601,0.694505,0.689244,0.629309,0.662752,0.694519,0.710022
0.701361,0.699907,0.747100,0.683836,0.655637,0.784240,0.658942,0.784780,0.698549,0.687872
0.675404,0.727594,0.705574,0.672101,0.737881,0.750497,0.691514,0.708760,0.654840,0.697244
0.710390,0.656675,0.656793,0.607889,0.623065,0.654920,0.676312,0.698917,0.688547,0.731685
0.656485,0.694260,0.703487,0.665998,0.643700,0.765581,0.718659,0.692281,0.701430,0.671858
0.682573,0.679498,0.647333,0.600010,0.721992,0.535444,0.618527,0.667526,0.715126,0.697676
0.695550,0.738517,0.691486,0.655020,0.761542,0.628209,0.699486,0.690729,0.670625,0.658452
0.715260,0.692237,0.683019,0.691968,0.599843,0.708879,0.703714,0.699330,0.710376,0.698685
0.723618,0.754126,0.648773,0.701598,0.603278,0.689161,0.708238,0.675169,0.710359,0.622953
0.690981,0.725981,0.654433,0.670483,0.551641,0.697491,0.736900,0.655200,0.707611,0.706682
0.674327,0.718825,0.728368,0.699597,0.623393,0.731939,0.724125,0.661256,0.705841,0.692368
0.693047,0.677539,0.712592,0.701265,0.487134,0.615216,0.711646,0.693035,0.733981,0.716897
0.699848,0.690166,0.726913,0.680029,0.751078,0.738075,0.694944,0.672982,0.693350,0.697774
0.705734,0.652301,0.687562,0.647341,0.678293,0.693796,0.615770,0.702787,0.722450,0.674029
0.599820,0.636604,0.615727,0.637841,0.551934,0.695872,0.772234,0.682315,0.681465,0.696418
0.686088,0.627989,0.692257,0.742206,0.656115,0.764169,0.636443,0.661885,0.677202,0.688377
0.679157,0.663084,0.638865,0.663606,0.558763,0.706953,0.720604,0.707254,0.711332,0.711595
0.675600,0.703377,0.795111,0.686490,0.773468,0.668294,0.576098,0.824809,0.659294,0.622483
0.734557,0.732674,0.595709,0.593706,0.754413,0.751957,0.671730,0.670445,0.692211,0.668268
0.683946,0.688020,0.757407,0.642463,0.635134,0.657933,0.639228,0.708994,0.705327,0.656040
0.722336,0.649122,0.717621,0.705508,0.702879,0.764237,0.660332,0.654518,0.691288,0.710746
0.695985,0.647569,0.733001,0.777818,0.513642,0.662599,0.736203,0.704649,0.687397,0.704346
0.707250,0.712284,0.677205,0.688786,0.692702,0.710367,0.699499,0.703112,0.731288,0.724376
0.706972,0.685601,0.676809,0.766002,0.715589,0.643950,0.676095,0.635062,0.663310,0.696092
0.692681,0.707610,0.696643,0.747049,0.538468,0.619912,0.737728,0.728893,0.698021,0.698826
0.721487,0.686031,0.661636,0.663422,0.689913,0.716116,0.736416,0.750146,0.707559,0.707890
0.693520,0.679119,0.636583,0.730948,0.673639,0.719630,0.668683,0.718490,0.665780,0.694781
0.770565,0.737179,0.692431,0.704138,0.698517,0.578120,0.646854,0.637246,0.706649,0.699177
0.701341,0.699345,0.633873,0.752062,0.579348,0.750178,0.607453,0.746636,0.732689,0.693464
0.689460,0.687482,0.711161,0.679940,0.655425,0.781661,0.721408,0.685458,0.719917,0.693510
0.681771,0.713326,0.646020,0.709455,0.555170,0.637204,0.764890,0.637117,0.711610,0.694194
0.670299,0.678061,0.719508,0.721129,0.347556,0.688271,0.733403,0.703279,0.675175,0.685794
0.673475,0.697902,0.691636,0.688082,0.613347,0.558526,0.688750,0.747708,0.725458,0.729625
0.672711,0.648726,0.668675,0.752486,0.396801,0.722874,0.682125,0.715583,0.711348,0.670369
0.698622,0.702704,0.693861,0.771467,0.556097,0.588932,0.714549,0.650480,0.718416,0.719882
0.757477,0.668447,0.669390,0.707946,0.684241,0.593599,0.651440,0.690255,0.696244,0.649033
0.695133,0.671781,0.718855,0.727721,0.705313,0.710997,0.721469,0.690601,0.697287,0.702841
0.689484,0.722526,0.628590,0.790281,0.709771,0.689775,0.730278,0.666853,0.693098,0.723589
0.719686,0.781748,0.660861,0.751881,0.737959,0.765761,0.721865,0.653020,0.631314,0.713988
0.687415,0.702182,0.606285,0.623062,0.653043,0.750573,0.641852,0.646712,0.697515,0.697040
0.726923,0.708500,0.762331,0.729946,0.620815,0.675362,0.650262,0.707707,0.702694,0.716940
0.670826,0.714328,0.723650,0.767748,0.780598,0.504158,0.675122,0.703321,0.671150,0.658455
0.585837,0.638101,0.688913,0.775623,0.863458,0.704446,0.656654,0.712310,0.618404,0.624444
0.710033,0.670785,0.668600,0.632955,0.528443,0.708014,0.794778,0.628082,0.729423,0.720642
0.686298,0.721803,0.649370,0.693330,0.591407,0.724935,0.731199,0.728337,0.708898,0.724803
0.693998,0.702290,0.544854,0.689696,0.480293,0.699061,0.574976,0.678878,0.687610,0.698772
0.660252,0.734409,0.671829,0.716459,0.592916,0.767447,0.713071,0.683275,0.692704,0.734187
0.677782,0.684919,0.711233,0.746401,0.900529,0.781824,0.704876,0.744260,0.726485,0.699325
0.687231,0.694530,0.699704,0.743862,0.764367,0.728532,0.716333,0.757973,0.656075,0.647286
0.681839,0.680481,0.723473,0.722785,0.869939,0.557458,0.635722,0.682176,0.682101,0.641141
0.719981,0.706761,0.692854,0.732328,0.825027,0.779200,0.702280,0.663856,0.723985,0.624322
0.687594,0.660355,0.738814,0.755383,0.700831,0.682125,0.686956,0.701724,0.666894,0.723836
0.705086,0.664301,0.713997,0.716127,0.643187,0.703369,0.717407,0.704368,0.666238,0.688796
0.707932,0.717093,0.693152,0.586204,0.824455,0.607076,0.664307,0.708928,0.711759,0.683908
0.691308,0.695762,0.754733,0.703363,0.644521,0.684030,0.723403,0.687194,0.701222,0.672288
0.706694,0.676752,0.696114,0.643217,0.532714,0.762464,0.690617,0.724645,0.681232,0.709160
0.718610,0.669655,0.730262,0.655716,0.908476,0.645698,0.680559,0.678558,0.658796,0.701991
0.670224,0.618402,0.664587,0.673029,0.670005,0.691438,0.679803,0.684333,0.725944,0.676021
0.719134,0.686682,0.702372,0.699938,0.783215,0.723147,0.685266,0.667488,0.684160,0.733367
0.742176,0.603483,0.637432,0.799283,0.864815,0.761104,0.723383,0.648568,0.743071,0.731554
0.690235,0.750802,0.703325,0.661283,0.824134,0.765442,0.706718,0.675042,0.704843,0.698310
0.727339,0.664299,0.846394,0.602108,0.665404,0.666974,0.585625,0.742112,0.701389,0.704528
0.695275,0.760796,0.689404,0.714163,0.697733,0.473302,0.706385,0.710090,0.645475,0.691095
0.707584,0.706005,0.624801,0.654707,0.492839,0.638046,0.647194,0.681773,0.673331,0.725590
0.720610,0.604312,0.662612,0.747180,0.690550,0.669388,0.700970,0.678539,0.679646,0.715105
0.684678,0.713058,0.727113,0.648711,0.714770,0.618037,0.694677,0.687388,0.710531,0.698236
0.726268,0.759108,0.710548,0.646190,0.645539,0.559291,0.686693,0.698776,0.681485,0.632247
0.697335,0.733669,0.689144,0.683277,0.788059,0.763893,0.666414,0.681440,0.695221,0.673015
0.677355,0.754909,0.695746,0.692176,0.686549,0.618618,0.686747,0.692618,0.690153,0.708969
0.665699,0.732664,0.686600,0.773190,0.665061,0.564403,0.680641,0.698319,0.696696,0.720174
0.677127,0.686417,0.613169,0.644286,0.688709,0.838162,0.632886,0.696485,0.695224,0.698358
0.700675,0.698845,0.752657,0.704391,0.686261,0.696067,0.735898,0.702249,0.713610,0.691232
0.694902,0.669750,0.755244,0.740034,0.579668,0.672299,0.730273,0.661988,0.688725,0.646930
0.683985,0.662654,0.755419,0.758536,0.716640,0.754181,0.760998,0.661768,0.707423,0.718021
0.673299,0.656940,0.714813,0.617882,0.652916,0.692496,0.712581,0.694387,0.729386,0.695028
0.756845,0.720168,0.740987,0.701981,0.607329,0.678133,0.714034,0.734897,0.708687,0.690612
0.715535,0.688795,0.702957,0.601764,0.666653,0.669703,0.707445,0.645347,0.633104,0.702520
0.702936,0.716396,0.715833,0.645341,0.706538,0.795430,0.746196,0.740158,0.682444,0.704829
0.718750,0.670339,0.658376,0.834423,0.828500,0.778094,0.665977,0.654019,0.630198,0.702270
0.767356,0.704417,0.666745,0.685796,0.819478,0.726639,0.742921,0.685753,0.597493,0.701848
0.695342,0.689455,0.586577,0.654849,0.745919,0.763581,0.592015,0.692866,0.702414,0.685191
0.699585,0.683088,0.637731,0.777537,0.529635,0.619387,0.746350,0.635383,0.718287,0.657077
0.719434,0.719350,0.711213,0.778781,0.894754,0.766653,0.705197,0.645294,0.655912,0.704797
0.734424,0.682664,0.650341,0.749769,0.867789,0.670260,0.769887,0.690525,0.675120,0.728588
0.674633,0.706693,0.712706,0.728642,0.613661,0.636871,0.734420,0.694110,0.733992,0.665431
0.695357,0.688220,0.660644,0.715330,0.737478,0.723331,0.690776,0.701469,0.698322,0.726773
0.707018,0.651950,0.674505,0.710283,0.677849,0.632172,0.696205,0.710817,0.721959,0.714508
0.663037,0.689107,0.752021,0.581384,0.623228,0.687722,0.670761,0.723998,0.761588,0.679694
0.687519,0.685795,0.710534,0.718973,0.709316,0.633526,0.649696,0.692039,0.678466,0.645038
0.677169,0.728028,0.726128,0.702066,0.700940,0.609126,0.650102,0.702563,0.644713,0.729093
0.701458,0.742709,0.621905,0.572511,0.782197,0.754570,0.608037,0.677458,0.656817,0.707527
0.708995,0.742114,0.743591,0.677777,0.840591,0.646763,0.691331,0.701959,0.715667,0.702293
0.678618,0.686243,0.662522,0.693117,0.814854,0.858988,0.645499,0.708108,0.718924,0.703727
0.685057,0.698970,0.698697,0.708272,0.416909,0.646539,0.657965,0.704137,0.696467,0.690941
0.662452,0.727768,0.680489,0.704858,0.672164,0.610369,0.688563,0.626248,0.653540,0.698033
0.792044,0.650902,0.687539,0.729325,0.718248,0.759527,0.667815,0.700151,0.756256,0.713101
0.656320,0.757194,0.750877,0.759293,0.582123,0.583941,0.618804,0.687884,0.705318,0.672092
0.746165,0.672601,0.707700,0.737803,0.813255,0.493655,0.686342,0.670073,0.717443,0.721125
0.678790,0.664421,0.695584,0.710643,0.657716,0.690557,0.679586,0.663245,0.688044,0.711673
0.602186,0.682181,0.687977,0.722374,0.670033,0.676817,0.750335,0.649789,0.699747,0.657396
0.671164,0.690973,0.711219,0.636738,0.585446,0.660169,0.711574,0.810397,0.707742,0.717496
0.683495,0.636694,0.722484,0.697024,0.806467,0.615093,0.703039,0.735357,0.704603,0.714010
0.702078,0.734379,0.657241,0.710957,0.447958,0.774388,0.725556,0.783286,0.701210,0.708071
0.679593,0.688100,0.711698,0.677474,0.525371,0.718018,0.693338,0.733986,0.686759,0.700186
0.700102,0.694141,0.669924,0.710165,0.722369,0.648746,0.696757,0.669813,0.677584,0.687454
0.717019,0.682427,0.702812,0.770301,0.668803,0.725295,0.675500,0.660136,0.667990,0.698153
0.727127,0.703786,0.633197,0.704150,0.714632,0.752695,0.724676,0.673843,0.705565,0.707828
0.682984,0.766390,0.700544,0.726104,0.879596,0.759581,0.708641,0.628385,0.699699,0.679684
0.654110,0.769126,0.738325,0.552318,0.629916,0.758320,0.700442,0.827687,0.654569,0.705926
0.693792,0.680146,0.729457,0.662689,0.837585,0.570833,0.669996,0.716558,0.677367,0.697515
0.703348,0.677003,0.702408,0.658108,0.536009,0.650612,0.695081,0.669748,0.678116,0.688053
0.675823,0.678016,0.683259,0.689507,0.799628,0.631801,0.686927,0.707166,0.740880,0.690282
0.686207,0.730413,0.725846,0.602857,0.791436,0.702474,0.711212,0.717280,0.700384,0.713515
0.709166,0.719451,0.703823,0.752592,0.727064,0.639952,0.733918,0.674065,0.687657,0.709249
0.709153,0.698674,0.657575,0.708054,0.764106,0.600829,0.734922,0.733136,0.717835,0.709704
0.663055,0.695766,0.710308,0.693388,0.963509,0.803154,0.723788,0.738702,0.696220,0.699893
0.662550,0.669615,0.798905,0.635897,0.553203,0.678083,0.703092,0.717341,0.761740,0.678720
0.665795,0.704176,0.705704,0.667449,0.973013,0.820546,0.693204,0.713090,0.698888,0.684686
0.698801,0.702938,0.657176,0.667756,0.759067,0.544453,0.728300,0.709099,0.662004,0.679342
0.723625,0.698972,0.701249,0.717346,0.493147,0.843569,0.639968,0.631183,0.712476,0.820197
0.699026,0.637431,0.644400,0.608095,0.621196,0.575661,0.626665,0.667652,0.692138,0.684692
0.707893,0.668021,0.658597,0.669124,0.618231,0.590383,0.685880,0.686768,0.669209,0.701702
0.745329,0.725100,0.685290,0.695971,0.462284,0.723512,0.678128,0.735542,0.698304,0.704968
0.727839,0.713932,0.686093,0.718286,0.784579,0.844218,0.719929,0.671364,0.659242,0.707946
0.732191,0.678910,0.692541,0.759847,0.703026,0.677398,0.686441,0.723797,0.652672,0.681966
0.686220,0.699439,0.705788,0.706049,0.605216,0.789961,0.716003,0.706285,0.695358,0.708786
0.686865,0.669802,0.735521,0.654921,0.857489,0.557278,0.699581,0.710537,0.711449,0.689573
0.696419,0.733639,0.657093,0.642482,0.773247,0.573774,0.755484,0.679385,0.661208,0.732540
0.695587,0.697445,0.738578,0.731023,0.570110,0.685374,0.737885,0.686345,0.713877,0.697995
0.762195,0.688331,0.653345,0.773577,0.801960,0.813051,0.677226,0.689357,0.701021,0.721983
0.666109,0.679411,0.683100,0.765967,0.726007,0.668197,0.744120,0.701853,0.704227,0.741105
0.701884,0.701551,0.684134,0.675896,0.753882,0.641586,0.706372,0.722549,0.687637,0.687802
0.684630,0.667354,0.656008,0.703432,0.137702,0.605268,0.670882,0.670347,0.679097,0.694555
0.722131,0.700741,0.773327,0.748557,0.669544,0.728201,0.682357,0.666192,0.727970,0.744918
0.644106,0.653279,0.711983,0.618509,0.680089,0.646129,0.652385,0.736637,0.676518,0.690709
0.688706,0.642435,0.709537,0.687679,0.706042,0.693071,0.742122,0.701786,0.684965,0.656359
0.693620,0.676324,0.649455,0.626368,0.738556,0.629372,0.643606,0.689028,0.694278,0.695902
0.742862,0.737094,0.684775,0.778209,0.679658,0.635625,0.648447,0.673318,0.667005,0.684747
0.669997,0.682688,0.673857,0.783673,0.605727,0.622801,0.707108,0.639348,0.705754,0.675804
0.655372,0.592662,0.674141,0.770364,0.668971,0.816970,0.698252,0.692556,0.680404,0.702239
0.721727,0.642087,0.679111,0.712968,0.556326,0.781981,0.632689,0.743491,0.682116,0.684318
0.724678,0.707888,0.667814,0.708572,0.670773,0.585572,0.718550,0.699112,0.656171,0.663834
0.656561,0.707673,0.720641,0.748752,0.692541,0.745267,0.727455,0.685201,0.761633,0.691626
0.710430,0.714175,0.619729,0.688588,0.874315,0.794900,0.699682,0.731645,0.730294,0.727654
0.691577,0.721467,0.661356,0.648212,0.518333,0.652289,0.647844,0.654853,0.672910,0.700932
0.631579,0.706323,0.620893,0.726993,0.845674,0.699612,0.749939,0.621542,0.646151,0.729676
0.672939,0.664985,0.655115,0.653606,0.582162,0.685661,0.701013,0.709144,0.716837,0.681739
0.698812,0.663773,0.738456,0.646036,0.719652,0.717727,0.745036,0.711387,0.649277,0.693489
0.723214,0.658204,0.684204,0.781117,0.701450,0.698760,0.681281,0.729421,0.681022,0.688501
0.616168,0.720532,0.721101,0.607440,0.649306,0.717024,0.702283,0.677602,0.765729,0.694793
0.642206,0.699005,0.712044,0.767395,0.852024,0.716521,0.763692,0.678671,0.655458,0.701167
0.685372,0.688658,0.657160,0.767199,0.419505,0.732091,0.647149,0.708281,0.718100,0.685407
0.709314,0.719693,0.719533,0.650806,0.497510,0.820897,0.639154,0.663181,0.690339,0.702652
0.620573,0.695966,0.737235,0.768881,0.785492,0.720614,0.690924,0.717359,0.715718,0.716765
0.750365,0.739924,0.620560,0.753610,0.709520,0.747131,0.751878,0.704428,0.676891,0.681694
0.693483,0.633732,0.706731,0.732260,0.721013,0.635452,0.672607,0.779245,0.708868,0.693341
0.684917,0.708953,0.715936,0.614986,0.740272,0.707145,0.685224,0.665037,0.670511,0.697494
0.738414,0.662586,0.711449,0.833279,0.708669,0.622109,0.682894,0.747005,0.705566,0.702836
0.779923,0.712208,0.714855,0.570304,0.562611,0.687530,0.691118,0.745670,0.720873,0.735116
0.698091,0.684147,0.696079,0.713728,0.667012,0.666553,0.673186,0.747437,0.697818,0.730484
0.656544,0.745943,0.692876,0.714227,0.638265,0.764344,0.713272,0.711300,0.700764,0.697966
0.720151,0.654193,0.685179,0.710129,0.753827,0.755028,0.800743,0.708273,0.736501,0.691213
0.651333,0.702897,0.709141,0.737541,0.660651,0.677471,0.759435,0.660940,0.682523,0.672641
0.702677,0.677963,0.672523,0.796467,0.873654,0.692318,0.695633,0.698274,0.588963,0.720969
0.682141,0.697701,0.605745,0.746903,0.417036,0.685549,0.710600,0.697476,0.703708,0.672646
0.662007,0.667666,0.714032,0.704751,0.740296,0.660132,0.708410,0.703207,0.753549,0.676860
0.700107,0.689049,0.725412,0.688462,0.752504,0.635920,0.705006,0.699717,0.696011,0.703103
0.677038,0.688256,0.737523,0.737967,0.551379,0.703798,0.771275,0.739089,0.733677,0.665433
0.727099,0.665425,0.680517,0.800209,0.781479,0.660930,0.646236,0.742598,0.631771,0.776918
0.725723,0.702174,0.771239,0.719500,0.702263,0.708799,0.731126,0.668412,0.731036,0.681365
0.716072,0.672114,0.725991,0.630977,0.568195,0.641309,0.656309,0.717311,0.710522,0.668561
0.694237,0.717337,0.708981,0.703025,0.610996,0.707645,0.687265,0.736203,0.673214,0.719426
0.680769,0.672994,0.664552,0.742453,0.665107,0.688862,0.663041,0.725778,0.704827,0.722565
0.681885,0.708055,0.682607,0.688185,0.815534,0.712244,0.651199,0.724907,0.703756,0.677284
0.659351,0.730792,0.715008,0.715658,0.685658,0.743961,0.673214,0.652567,0.678453,0.696129
0.669694,0.696600,0.640399,0.639154,0.599810,0.646866,0.738715,0.694129,0.683656,0.778788
0.678008,0.725291,0.713753,0.733811,0.694972,0.633613,0.687951,0.678924,0.703589,0.670514
0.688400,0.698170,0.733682,0.646968,0.788210,0.544356,0.656500,0.738738,0.665898,0.678276
0.718143,0.713641,0.719388,0.639591,0.683054,0.599793,0.671748,0.669098,0.650821,0.716278
0.662031,0.667072,0.626833,0.698213,0.897001,0.787696,0.703629,0.697802,0.704600,0.746512
0.692405,0.670972,0.737104,0.704209,0.665372,0.730023,0.709261,0.707112,0.689500,0.711480
0.679691,0.727039,0.694782,0.641182,0.776868,0.659193,0.638271,0.710187,0.675787,0.663344
0.711015,0.629921,0.701469,0.648422,0.689739,0.605169,0.666595,0.703155,0.730594,0.690611
0.686892,0.702373,0.634952,0.680478,0.575960,0.680592,0.649857,0.672871,0.655743,0.693178
0.693850,0.713087,0.695582,0.713819,0.740264,0.603565,0.655710,0.708605,0.703864,0.705245
0.639803,0.697912,0.698724,0.624816,0.662784,0.685055,0.669843,0.676634,0.732268,0.689483
0.697826,0.650824,0.743165,0.660098,0.427159,0.641131,0.645512,0.720590,0.753063,0.663725
0.710177,0.662023,0.761226,0.724016,0.615733,0.808021,0.727072,0.629984,0.716523,0.689436
0.668127,0.694215,0.686307,0.683813,0.644079,0.679098,0.694623,0.723900,0.715174,0.700826
0.695698,0.634558,0.655930,0.674472,0.828614,0.561990,0.742377,0.690621,0.641802,0.730014
0.752314,0.719056,0.716980,0.761944,0.698014,0.667490,0.711337,0.681403,0.694785,0.672646
0.702879,0.688328,0.688953,0.750907,0.693317,0.633234,0.680412,0.697629,0.712520,0.685128
0.672948,0.703140,0.710351,0.611415,0.551326,0.754115,0.664335,0.789592,0.713662,0.681050
0.688524,0.726524,0.684519,0.692421,0.738612,0.571382,0.677211,0.693186,0.652163,0.701648
0.677694,0.683866,0.771621,0.706369,0.749978,0.686722,0.657822,0.697964,0.720276,0.699761
0.689626,0.644841,0.673804,0.649847,0.669501,0.659511,0.654344,0.666703,0.665563,0.708729
0.722524,0.697340,0.760883,0.621089,0.814371,0.647486,0.656452,0.698700,0.701404,0.659098
0.716683,0.694104,0.691944,0.598899,0.679653,0.767852,0.708207,0.658665,0.665513,0.682944
0.695722,0.741469,0.713552,0.698454,0.704387,0.713919,0.664384,0.696381,0.732827,0.689691
0.690888,0.693316,0.616490,0.626926,0.761016,0.690471,0.628816,0.691980,0.691859,0.701945
0.694427,0.639389,0.669580,0.645842,0.542663,0.745174,0.692563,0.724795,0.702895,0.693594
0.666306,0.690107,0.680152,0.717819,0.801960,0.736419,0.708418,0.678357,0.716507,0.690526
0.623257,0.665575,0.687434,0.636826,0.661153,0.732045,0.615899,0.647582,0.679475,0.725498
0.708468,0.665655,0.693860,0.717150,0.715745,0.730025,0.724832,0.689949,0.703690,0.710081
0.650109,0.699865,0.626680,0.717706,0.622443,0.687341,0.748976,0.644397,0.696935,0.627212
0.662209,0.688354,0.728895,0.644324,0.623603,0.742477,0.737837,0.708206,0.661122,0.690970
0.708870,0.719153,0.608392,0.719039,0.594158,0.457036,0.670947,0.701979,0.733733,0.682393
0.685103,0.694995,0.691213,0.689519,0.732649,0.718114,0.708877,0.686206,0.712668,0.690684
0.695050,0.718412,0.609378,0.624833,0.847755,0.792170,0.597248,0.694962,0.695809,0.688522
0.729229,0.652743,0.661631,0.760959,0.814626,0.685873,0.706671,0.760314,0.719250,0.704923
0.694432,0.724099,0.734277,0.743114,0.776177,0.567742,0.669753,0.705507,0.678493,0.716575
0.715768,0.701928,0.715881,0.736012,0.705528,0.700595,0.685604,0.703001,0.721001,0.716873
0.715228,0.652511,0.715873,0.629569,0.622574,0.645213,0.631042,0.692991,0.717142,0.657425
0.698102,0.664755,0.725328,0.709213,0.773526,0.710358,0.676797,0.741773,0.729794,0.700286
0.717351,0.664443,0.664561,0.661182,0.692346,0.723791,0.743215,0.667081,0.638844,0.693452
0.728187,0.720047,0.721593,0.658148,0.628345,0.733955,0.721166,0.672004,0.733858,0.680270
0.773985,0.759601,0.743104,0.722032,0.652969,0.764146,0.731616,0.668404,0.712252,0.648578
0.696189,0.684533,0.703043,0.679566,0.829087,0.752028,0.715903,0.719178,0.692853,0.708261
0.719609,0.697082,0.711143,0.661760,0.625213,0.658379,0.693612,0.760804,0.718360,0.715115
0.678821,0.696505,0.757999,0.743648,0.647956,0.677605,0.688583,0.656629,0.662391,0.669087
0.728078,0.710679,0.792327,0.666563,0.512922,0.722795,0.690908,0.724542,0.724536,0.656747
0.647759,0.724889,0.729007,0.700251,0.740769,0.665718,0.704473,0.716935,0.715335,0.688932
0.671366,0.674646,0.668202,0.675338,0.772398,0.535945,0.609211,0.709994,0.723220,0.697355
0.764605,0.709284,0.704940,0.757567,0.816784,0.683193,0.677649,0.742433,0.676885,0.697400
0.719368,0.683184,0.718655,0.661995,0.792609,0.630586,0.723222,0.708313,0.654493,0.733117
0.711515,0.767083,0.763890,0.708331,0.670032,0.722231,0.653252,0.649567,0.671458,0.753412
0.686687,0.710980,0.709885,0.695357,0.495747,0.825403,0.676650,0.683818,0.673571,0.683630
0.700026,0.677492,0.705795,0.751487,0.591640,0.639345,0.634868,0.647767,0.684320,0.623880
0.693419,0.728495,0.737658,0.646730,0.830972,0.659988,0.636017,0.687144,0.704711,0.693194
0.677622,0.684837,0.677369,0.640603,0.645334,0.723737,0.757468,0.727820,0.668582,0.728874
0.732109,0.716763,0.612961,0.673951,0.745044,0.695750,0.641222,0.671228,0.640827,0.680053
0.711569,0.692328,0.699470,0.654975,0.621660,0.748444,0.726701,0.683050,0.686215,0.693909
0.683569,0.690077,0.731044,0.715003,0.564355,0.695351,0.671713,0.698702,0.684366,0.686196
0.686831,0.691657,0.672211,0.628601,0.762730,0.647399,0.682307,0.684998,0.700730,0.691829
0.695898,0.635738,0.733407,0.720103,0.777645,0.725162,0.671474,0.683561,0.700702,0.704208
0.689414,0.657301,0.677289,0.699052,0.813168,0.634403,0.675153,0.712239,0.699247,0.693983
0.615116,0.713979,0.731138,0.641207,0.743988,0.638716,0.656228,0.692578,0.679991,0.710527
0.677721,0.708056,0.701956,0.699813,0.686585,0.624302,0.734837,0.694964,0.704661,0.651021
0.630354,0.674140,0.738689,0.668159,0.666515,0.636448,0.695584,0.720363,0.689030,0.690915
0.694602,0.697699,0.745559,0.720818,0.661640,0.749660,0.655998,0.706187,0.696984,0.705887
0.683594,0.664284,0.672170,0.644556,0.750072,0.618898,0.669370,0.695812,0.716203,0.682409
0.709968,0.699502,0.666178,0.730684,0.590090,0.778231,0.656020,0.713752,0.692122,0.712257
0.757136,0.724761,0.712766,0.653158,0.795203,0.566073,0.703408,0.677049,0.736589,0.705730
0.652623,0.723080,0.698091,0.754512,0.477257,0.725067,0.654488,0.689063,0.677121,0.734431
0.705225,0.666593,0.766368,0.760745,0.634274,0.719683,0.697234,0.569072,0.745646,0.725158
0.746478,0.678472,0.646121,0.808032,0.704037,0.654319,0.666447,0.635275,0.734161,0.712004
0.678267,0.687627,0.783578,0.686688,0.697067,0.745248,0.734341,0.664656,0.668038,0.689585
0.692579,0.725700,0.664371,0.817206,0.722702,0.726878,0.698049,0.724658,0.708085,0.682786
0.705240,0.630407,0.679941,0.719069,0.765697,0.745696,0.685281,0.688025,0.663196,0.673985
0.700833,0.711309,0.675348,0.805858,0.703918,0.705572,0.698944,0.644952,0.719733,0.688820
0.732263,0.694415,0.757885,0.716913,0.647950,0.665788,0.812627,0.700446,0.675166,0.658779
0.688194,0.747411,0.681998,0.639466,0.540223,0.707896,0.644703,0.671868,0.692980,0.674997
0.678057,0.728119,0.754039,0.750600,0.710293,0.520079,0.587079,0.664165,0.718889,0.698206
0.610976,0.702059,0.652021,0.623827,0.672996,0.741945,0.600973,0.721277,0.659231,0.700048
0.694512,0.717668,0.650141,0.719947,0.365652,0.676437,0.714573,0.706888,0.716249,0.710324
0.687886,0.714775,0.625265,0.754423,0.334974,0.679902,0.647784,0.677199,0.717838,0.693467
0.728865,0.698833,0.603431,0.766076,0.714929,0.595470,0.775263,0.606397,0.734280,0.716565
0.722155,0.674187,0.676592,0.644647,0.598048,0.670781,0.725104,0.743477,0.691578,0.688264
0.672335,0.663648,0.728779,0.690559,0.645100,0.741743,0.710398,0.669906,0.708167,0.691673
0.682240,0.607615,0.666476,0.691677,0.659947,0.752495,0.710857,0.572407,0.762692,0.732086
0.710682,0.721843,0.710219,0.688638,0.487340,0.688084,0.665106,0.713539,0.687548,0.715778
0.704847,0.733862,0.794019,0.835185,0.721560,0.611758,0.558400,0.668014,0.715881,0.760085
0.635745,0.735258,0.679277,0.700637,0.754838,0.635328,0.620952,0.697062,0.667015,0.721876
0.718662,0.734831,0.718464,0.723137,0.659826,0.545704,0.699485,0.713914,0.680705,0.728693
0.728285,0.700129,0.754428,0.679922,0.651950,0.718879,0.559764,0.620302,0.724886,0.653472
0.677227,0.606811,0.698538,0.716892,0.821515,0.721951,0.688550,0.693839,0.732788,0.700754
0.676027,0.685453,0.683760,0.661924,0.562698,0.690998,0.630651,0.712441,0.709210,0.675393
0.660296,0.657270,0.768293,0.729444,0.602963,0.638381,0.569253,0.649318,0.683973,0.679211
0.721716,0.731956,0.691785,0.800702,0.781695,0.567589,0.670781,0.700276,0.640353,0.697582
0.692629,0.734293,0.566115,0.590890,0.769511,0.677162,0.848726,0.700303,0.721663,0.716965
0.696203,0.666104,0.725934,0.734579,0.608287,0.679794,0.726059,0.696806,0.706985,0.687811
0.697998,0.735621,0.662253,0.745014,0.715039,0.599220,0.698726,0.741634,0.709242,0.704951
0.716998,0.626414,0.633640,0.649522,0.511541,0.669903,0.729290,0.715098,0.704778,0.707735
0.715475,0.618577,0.690773,0.723726,0.797270,0.592872,0.687088,0.704462,0.680314,0.687713
0.686055,0.683206,0.629067,0.665758,0.710530,0.659939,0.658685,0.741087,0.683184,0.692062
0.683746,0.658147,0.682660,0.587596,0.854169,0.703077,0.688651,0.723332,0.659104,0.713369
0.688773,0.606664,0.716360,0.587317,0.787600,0.656927,0.680204,0.683450,0.794604,0.714522
0.708940,0.743628,0.673336,0.683115,0.740254,0.583513,0.739925,0.685019,0.714551,0.688469
0.721256,0.714588,0.668778,0.706202,0.778630,0.699470,0.714862,0.693667,0.668777,0.705608
0.686902,0.703518,0.617006,0.666225,0.473042,0.600147,0.605300,0.707793,0.677696,0.688207
0.682161,0.686777,0.654737,0.657347,0.820516,0.714410,0.722517,0.700322,0.650642,0.708558
0.686875,0.709550,0.682523,0.721498,0.740808,0.699200,0.749577,0.744001,0.696257,0.690092
0.717222,0.719347,0.587968,0.617602,0.669739,0.648874,0.619130,0.663072,0.675734,0.696529
0.679160,0.698206,0.668016,0.691725,0.623014,0.523496,0.651866,0.712034,0.704042,0.708674
0.688714,0.705873,0.762589,0.701120,0.795994,0.654336,0.714391,0.697113,0.711247,0.706607
0.721360,0.728453,0.643076,0.614955,0.834171,0.629810,0.774430,0.698434,0.716542,0.674443
0.663895,0.744056,0.622602,0.650941,0.739074,0.707947,0.798823,0.678849,0.716194,0.700141
0.680160,0.655410,0.681490,0.722272,0.506007,0.655046,0.699784,0.710058,0.690647,0.681134
0.680184,0.755872,0.701298,0.777112,0.730824,0.613637,0.706301,0.675959,0.639549,0.717285
0.701843,0.714836,0.742149,0.703024,0.520729,0.694218,0.708793,0.647383,0.647866,0.705066
0.690367,0.694031,0.709986,0.673310,0.547042,0.706923,0.722054,0.700913,0.690007,0.702984
0.753973,0.702589,0.694718,0.697195,0.665318,0.705544,0.756813,0.682411,0.744047,0.679559
0.697134,0.788447,0.700585,0.705412,0.664530,0.623598,0.673048,0.621006,0.628442,0.684660
0.680104,0.686000,0.694216,0.701010,0.446232,0.663287,0.715461,0.699113,0.693799,0.727886
0.718650,0.661810,0.670228,0.782644,0.368111,0.766137,0.645264,0.698318,0.694344,0.708849
0.679589,0.713637,0.581266,0.687475,0.734180,0.658587,0.621253,0.688369,0.726043,0.704390
0.637772,0.735873,0.661678,0.647739,0.832531,0.716905,0.734931,0.666528,0.760972,0.645025
0.742697,0.561249,0.667587,0.634956,0.600370,0.687973,0.677375,0.665001,0.689752,0.745437
0.692406,0.694297,0.728013,0.681400,0.648692,0.678834,0.700709,0.684725,0.677101,0.676958
0.694762,0.692718,0.702029,0.713960,0.766604,0.686185,0.648927,0.638557,0.626002,0.731042
0.734601,0.746143,0.677086,0.760320,0.787479,0.589631,0.658148,0.653387,0.685533,0.704015
0.691581,0.683861,0.744236,0.676106,0.689582,0.658371,0.659835,0.655186,0.729437,0.705183
0.694579,0.694339,0.702166,0.652219,0.807586,0.719051,0.695056,0.702549,0.680638,0.699937
0.703968,0.655952,0.712165,0.817758,0.904386,0.719253,0.719393,0.718110,0.658218,0.679004
0.759487,0.753576,0.728519,0.649852,0.794001,0.615695,0.671154,0.640614,0.677266,0.693335
0.700575,0.694824,0.639192,0.631138,0.792979,0.649329,0.631439,0.711668,0.688691,0.683938
0.651937,0.624176,0.778580,0.521121,0.731765,0.773445,0.632926,0.604812,0.691048,0.730331
0.695711,0.733991,0.715369,0.702948,0.818605,0.572897,0.707141,0.706262,0.679449,0.674645
0.715340,0.696346,0.724338,0.702620,0.691131,0.727034,0.704871,0.706997,0.680756,0.688931
0.713314,0.619973,0.716451,0.695659,0.600044,0.720422,0.696202,0.702382,0.711591,0.708138
0.699257,0.705237,0.679297,0.710375,0.371865,0.642604,0.675296,0.712645,0.712058,0.710932
0.731282,0.778152,0.746155,0.705767,0.897504,0.774034,0.689170,0.701393,0.710734,0.708028
0.704042,0.638390,0.704678,0.715710,0.773107,0.651211,0.678278,0.723979,0.696840,0.670728
0.630613,0.721241,0.676484,0.801494,0.557443,0.664945,0.718276,0.712883,0.714580,0.678654
0.699153,0.708313,0.729571,0.585154,1.000000,0.843019,0.708434,0.718353,0.660786,0.688872
0.680814,0.766844,0.679335,0.559341,0.730406,0.729595,0.673345,0.661578,0.706425,0.695118
0.661881,0.752145,0.654095,0.588444,0.743727,0.693830,0.690969,0.739582,0.680101,0.680603
0.699701,0.692851,0.604964,0.665772,0.580728,0.757709,0.749455,0.665708,0.699318,0.699463
0.699915,0.705853,0.725663,0.653416,0.759157,0.593789,0.663121,0.687755,0.703220,0.690752
0.691202,0.699268,0.697655,0.558192,0.638044,0.789523,0.712462,0.755128,0.764155,0.694894
0.677577,0.675119,0.685159,0.734510,0.530600,0.703894,0.681447,0.666835,0.748486,0.686656
0.695796,0.716104,0.547554,0.772483,0.663867,0.622447,0.692353,0.676010,0.704313,0.727428
0.734186,0.627830,0.691020,0.723339,0.661864,0.727918,0.707528,0.693716,0.689534,0.677854
0.677546,0.778223,0.644602,0.734832,0.499971,0.634652,0.693452,0.699404,0.678785,0.704610
0.690751,0.650272,0.709742,0.730348,0.803762,0.612019,0.658828,0.694873,0.687839,0.713087
0.764825,0.685076,0.654817,0.736651,0.755033,0.632429,0.724122,0.733467,0.699669,0.688753
0.696836,0.666046,0.672291,0.664719,0.772505,0.730557,0.667506,0.711899,0.681052,0.688885
0.680611,0.709491,0.673397,0.745309,0.604006,0.726779,0.692450,0.683840,0.675332,0.703543
0.692114,0.691487,0.730884,0.651900,0.823832,0.554579,0.699588,0.752401,0.724018,0.694866
0.686018,0.721092,0.697400,0.671364,0.782550,0.767693,0.730084,0.675361,0.684327,0.686152
0.689300,0.737158,0.678544,0.730235,0.535251,0.742241,0.729366,0.721766,0.698592,0.661924
0.709861,0.625723,0.676518,0.729392,0.735011,0.742238,0.678481,0.625823,0.743648,0.695024
0.667033,0.665199,0.721411,0.659629,0.645743,0.586460,0.616918,0.659647,0.712089,0.710818
0.702281,0.702620,0.622917,0.716409,0.726252,0.688670,0.616020,0.660188,0.737262,0.718011
0.675559,0.669971,0.665463,0.634972,0.449047,0.639877,0.636523,0.665491,0.728620,0.674543
0.652879,0.720446,0.710687,0.792644,0.631273,0.660425,0.672084,0.645218,0.657850,0.674391
0.685265,0.695047,0.596643,0.645936,0.624647,0.758286,0.616316,0.683895,0.684639,0.695716
0.693073,0.674956,0.620353,0.687380,0.741986,0.695326,0.648080,0.722890,0.691781,0.708479
0.692363,0.672824,0.769908,0.634611,0.721580,0.700113,0.698921,0.732558,0.680503,0.701266
0.685932,0.710550,0.636079,0.679443,0.802399,0.772848,0.645818,0.694122,0.716552,0.693203
0.678613,0.657670,0.699818,0.709684,0.554111,0.704078,0.656203,0.655991,0.680889,0.656388
0.666167,0.738380,0.636891,0.721583,0.806444,0.741373,0.690030,0.709697,0.706490,0.732189
0.673526,0.691130,0.702227,0.657122,0.651851,0.705401,0.761464,0.683835,0.669587,0.703322
0.733045,0.683162,0.581353,0.787640,0.664505,0.783967,0.751028,0.750589,0.703213,0.664334
0.714777,0.712888,0.694155,0.667587,0.716214,0.603222,0.707797,0.689552,0.680974,0.671853
0.673285,0.699594,0.690980,0.714804,0.662638,0.674382,0.670262,0.679245,0.687283,0.692129
0.723810,0.740339,0.700453,0.752553,0.478788,0.728961,0.699071,0.680647,0.720150,0.696932
0.688096,0.761153,0.714950,0.759394,0.767715,0.676684,0.666233,0.767155,0.701808,0.695041
0.696273,0.681017,0.810019,0.737567,0.693981,0.717387,0.778338,0.678149,0.727275,0.688779
0.711072,0.705603,0.701518,0.600819,0.791931,0.688475,0.672176,0.695688,0.710318,0.697371
0.679689,0.737175,0.699439,0.737089,0.613642,0.692517,0.705000,0.680845,0.711989,0.712375
0.680587,0.700939,0.696656,0.660906,0.846079,0.648548,0.715536,0.759280,0.728232,0.686113
0.729073,0.683180,0.698549,0.606268,0.648928,0.603089,0.675265,0.702230,0.658041,0.632071
0.702949,0.667485,0.626261,0.690804,0.573127,0.762645,0.668323,0.678145,0.677418,0.681763
0.651308,0.696721,0.751777,0.775522,0.750977,0.713308,0.768651,0.711517,0.715616,0.689778
0.711786,0.685938,0.685536,0.701339,0.580201,0.786678,0.677846,0.671378,0.713760,0.671166
0.730043,0.661744,0.668895,0.690025,0.476489,0.694781,0.654249,0.700788,0.665305,0.686103
0.713361,0.690231,0.673076,0.700709,0.482621,0.719827,0.678369,0.640107,0.720929,0.691202
0.700652,0.682684,0.712168,0.767609,0.594117,0.641707,0.667768,0.689581,0.742145,0.711761
0.705818,0.701217,0.740456,0.692015,0.801987,0.706831,0.644590,0.705662,0.700226,0.682678
0.708037,0.742057,0.728061,0.638825,0.898897,0.770542,0.744749,0.656576,0.682865,0.682969
0.696483,0.676888,0.715301,0.683636,0.551989,0.726895,0.700181,0.648699,0.691598,0.721671
0.666850,0.729833,0.739590,0.731637,0.677317,0.649927,0.724901,0.711033,0.742605,0.700213
0.716627,0.711129,0.700410,0.658783,0.850803,0.787830,0.680804,0.705181,0.733400,0.679535
0.702116,0.743190,0.716220,0.600877,0.667341,0.637866,0.643924,0.661908,0.663568,0.723624
0.661690,0.696050,0.766216,0.653109,0.715263,0.798522,0.652076,0.692628,0.651553,0.701727
0.673347,0.685382,0.742205,0.731189,0.636113,0.701594,0.816614,0.700434,0.679244,0.692759
0.650319,0.668336,0.724524,0.678348,0.706085,0.624956,0.666597,0.649570,0.692505,0.669594
0.681341,0.689859,0.778121,0.757843,0.585252,0.568888,0.817826,0.673045,0.751072,0.717917
0.673649,0.658374,0.710694,0.711429,0.710391,0.770330,0.684613,0.680453,0.727369,0.706905
0.720385,0.704904,0.716051,0.712856,0.750245,0.529595,0.676770,0.752997,0.724215,0.691236
0.706555,0.690016,0.712237,0.585674,0.710114,0.781734,0.685960,0.724381,0.691948,0.668663
0.693963,0.681128,0.677133,0.697069,0.857164,0.648948,0.733741,0.773949,0.695761,0.702623
0.673229,0.670642,0.753854,0.749274,0.783131,0.800147,0.718872,0.714822,0.703178,0.717907
0.722299,0.627094,0.720351,0.692297,0.649177,0.799928,0.700733,0.706838,0.675335,0.695353
0.674695,0.716508,0.678560,0.754498,0.542055,0.571384,0.695623,0.696001,0.706493,0.699624
0.726223,0.697491,0.757993,0.699721,0.692538,0.647772,0.632181,0.658599,0.731398,0.696666
0.644901,0.667645,0.697577,0.655746,0.649976,0.528704,0.618489,0.670901,0.699769,0.702703
0.583625,0.695825,0.729855,0.719794,0.753978,0.800293,0.682587,0.757502,0.649449,0.736681
0.681434,0.749710,0.710612,0.569118,0.660259,0.667356,0.606245,0.710297,0.701930,0.668788
0.684066,0.672744,0.676878,0.738001,0.619403,0.785790,0.717878,0.672390,0.710092,0.693033
0.734114,0.686252,0.705822,0.668625,0.797136,0.647436,0.737831,0.721886,0.729122,0.731277
0.664207,0.678578,0.733551,0.741188,0.660626,0.745649,0.785621,0.672461,0.693101,0.711927
0.686788,0.697360,0.692851,0.717356,0.513733,0.691808,0.698940,0.694701,0.713985,0.697105
0.662488,0.655866,0.724185,0.763584,0.697532,0.748622,0.703728,0.737463,0.691350,0.668280
0.667176,0.689461,0.742768,0.713824,0.627799,0.787848,0.676648,0.702320,0.669963,0.727732
0.707299,0.662848,0.722442,0.683267,0.717988,0.681437,0.729570,0.721238,0.703819,0.731789
0.719391,0.684178,0.657657,0.685882,0.685127,0.769909,0.745662,0.709940,0.695905,0.722146
0.699186,0.633665,0.668987,0.672813,0.633673,0.696969,0.655865,0.653898,0.707148,0.725232
0.686567,0.696469,0.693677,0.610336,0.656293,0.632691,0.729557,0.706047,0.712828,0.690964
0.688806,0.636629,0.708401,0.610045,0.579098,0.595907,0.681847,0.691390,0.684387,0.700547
0.695692,0.717248,0.705182,0.663632,0.573629,0.694129,0.709601,0.681338,0.663121,0.716705
0.715628,0.689924,0.593846,0.680414,0.562279,0.643114,0.775636,0.703383,0.711553,0.682322
0.695243,0.616849,0.695573,0.714423,0.578976,0.761794,0.740559,0.746273,0.674335,0.642460
0.670459,0.722170,0.692587,0.699644,0.576218,0.656661,0.719442,0.702554,0.695280,0.724680
0.658996,0.704028,0.745028,0.648046,0.623045,0.717832,0.771272,0.712520,0.675161,0.731038
0.690542,0.706257,0.662230,0.726171,0.662232,0.663846,0.722362,0.709585,0.636735,0.664959
0.722256,0.615770,0.732498,0.723050,0.866655,0.691118,0.675082,0.756813,0.662250,0.665497
0.712085,0.663418,0.735936,0.744974,0.552257,0.687214,0.695681,0.668636,0.711955,0.673049
0.695916,0.715558,0.706567,0.651308,0.796450,0.699817,0.737965,0.686885,0.703586,0.700588
0.657356,0.680863,0.614218,0.657770,0.694468,0.627228,0.771031,0.600702,0.710790,0.694919
0.662233,0.702718,0.683934,0.682285,0.747550,0.666870,0.710165,0.716105,0.730445,0.726230
0.692676,0.715476,0.634989,0.704219,0.629641,0.615776,0.679930,0.694261,0.667291,0.740929
0.724421,0.692106,0.727984,0.684715,0.697233,0.725080,0.763565,0.716562,0.693353,0.706581
0.682068,0.672140,0.664952,0.651792,0.763341,0.588327,0.661688,0.705404,0.718169,0.699940
0.766443,0.703162,0.648854,0.649300,0.637011,0.599037,0.718125,0.669982,0.699776,0.690889
0.703879,0.690534,0.684114,0.728930,0.623420,0.654605,0.682544,0.727163,0.695330,0.701741
0.696553,0.627079,0.693947,0.750633,0.850701,0.729223,0.697402,0.718811,0.710667,0.711009
0.676104,0.685769,0.711116,0.669317,0.868856,0.685189,0.693640,0.700984,0.707377,0.686357
0.673099,0.680519,0.722063,0.665471,0.498976,0.689214,0.702573,0.659076,0.711741,0.698552
0.726767,0.699894,0.684222,0.509559,0.779792,0.733493,0.759854,0.734403,0.766216,0.670083
0.639429,0.689033,0.665739,0.815512,0.827203,0.671350,0.647513,0.611937,0.689770,0.681702
0.664822,0.691017,0.758553,0.739331,0.732589,0.760751,0.765014,0.656260,0.713426,0.674503
0.670199,0.692338,0.703112,0.745814,0.786231,0.687805,0.701969,0.695357,0.688849,0.686738
0.680989,0.673406,0.702981,0.689958,0.619151,0.782814,0.715194,0.686371,0.710676,0.703850
0.703696,0.617678,0.711331,0.768309,0.633175,0.769528,0.671973,0.711404,0.664809,0.711731
0.683127,0.707935,0.618932,0.666755,0.788209,0.747435,0.606690,0.705511,0.723811,0.684693
0.671417,0.733968,0.768912,0.691829,0.781281,0.590270,0.650410,0.646356,0.698815,0.658241
0.677575,0.666367,0.671921,0.645654,0.630636,0.714320,0.710896,0.711659,0.677303,0.726296
0.688968,0.706204,0.718404,0.786642,0.768765,0.601994,0.649045,0.795403,0.728815,0.705686
0.751160,0.722895,0.695874,0.686122,0.676618,0.647421,0.698857,0.746040,0.725566,0.676281
0.658181,0.707037,0.676068,0.777806,0.706273,0.815877,0.687086,0.704523,0.735608,0.714674
0.701604,0.670988,0.706293,0.665291,0.750267,0.635475,0.676165,0.675693,0.700075,0.689140
0.689318,0.677857,0.737251,0.707448,0.487655,0.703236,0.735022,0.671351,0.702563,0.691203
0.701929,0.687519,0.689248,0.727142,0.625608,0.563995,0.667368,0.725588,0.686163,0.758981
0.676786,0.663677,0.674743,0.623011,0.704727,0.642564,0.625508,0.693626,0.709178,0.687066
0.665450,0.666187,0.693799,0.734966,0.754274,0.630863,0.683991,0.630348,0.725434,0.691330
0.701745,0.662965,0.687733,0.623819,0.896068,0.677421,0.684577,0.703455,0.692733,0.701239
0.689719,0.693068,0.730867,0.705898,0.482759,0.623543,0.713420,0.690748,0.726247,0.706026
0.710396,0.693402,0.691270,0.681849,0.434048,0.661948,0.683364,0.693382,0.714055,0.693813
0.717591,0.682850,0.717802,0.650602,0.866950,0.632448,0.692242,0.647939,0.706778,0.704473
0.707100,0.697794,0.682627,0.595826,0.617593,0.775915,0.713109,0.655383,0.665584,0.710350
0.680203,0.630922,0.657355,0.635855,0.709632,0.680748,0.681161,0.693399,0.642431,0.648870
0.681159,0.697316,0.671011,0.644657,0.834649,0.635780,0.663748,0.651166,0.732556,0.675923
0.692005,0.696580,0.773685,0.769393,0.619305,0.703388,0.599580,0.695328,0.688150,0.684202
0.703645,0.689909,0.712869,0.727388,0.730926,0.677898,0.722748,0.738334,0.678484,0.695556
0.678028,0.704551,0.732270,0.751226,0.657787,0.767125,0.740948,0.708234,0.673757,0.678005
0.750052,0.722544,0.677463,0.606673,0.774024,0.773313,0.706720,0.683145,0.733346,0.623940
0.735501,0.709623,0.756462,0.626760,0.665926,0.578251,0.734805,0.697128,0.713272,0.674826
0.707540,0.737197,0.740387,0.660939,0.604724,0.826358,0.784672,0.720011,0.672179,0.677162
0.701928,0.742755,0.711811,0.713143,0.846967,0.746475,0.684545,0.670336,0.735948,0.683666
0.741728,0.741537,0.703111,0.727196,0.723113,0.518362,0.687252,0.653747,0.715598,0.696571
0.712751,0.653718,0.709243,0.790883,0.577634,0.705622,0.716487,0.698814,0.695514,0.734619
0.684172,0.682116,0.735295,0.602242,0.696117,0.691472,0.741415,0.774612,0.748763,0.726778
0.685916,0.679223,0.690135,0.673836,0.651336,0.596693,0.586920,0.628558,0.746575,0.685797
0.695581,0.680141,0.729790,0.663002,0.792004,0.615108,0.691610,0.744805,0.722254,0.691928
0.679412,0.735315,0.647676,0.631087,0.616172,0.686295,0.666098,0.653368,0.655995,0.738355
0.716896,0.723788,0.619906,0.721290,0.765276,0.753356,0.712887,0.662808,0.717467,0.757306
0.690643,0.612648,0.721708,0.724320,0.912794,0.703169,0.651860,0.748251,0.628521,0.707706
0.702836,0.749120,0.709525,0.740915,0.775042,0.768143,0.690763,0.686572,0.669343,0.674550
0.675611,0.735137,0.706764,0.655980,0.628329,0.786526,0.684993,0.654094,0.629689,0.690609
0.683813,0.707988,0.687767,0.737025,0.836538,0.708944,0.709491,0.697804,0.741716,0.697263
0.689952,0.683757,0.748189,0.673164,0.767651,0.742707,0.745054,0.710613,0.690747,0.709163
0.664517,0.676717,0.723184,0.639555,0.789426,0.582281,0.681404,0.754544,0.649272,0.681897
0.724183,0.711886,0.675424,0.797887,0.584140,0.561722,0.686941,0.716601,0.715401,0.741455
0.697352,0.743906,0.732820,0.714247,0.466452,0.623572,0.754899,0.691045,0.673154,0.708253
0.666409,0.715905,0.729191,0.655389,0.796076,0.804302,0.719301,0.703114,0.699561,0.710947
0.675750,0.721128,0.713437,0.677951,0.742402,0.589338,0.630413,0.707238,0.700331,0.697908
0.657675,0.691540,0.688229,0.700493,0.786610,0.748113,0.702599,0.733052,0.690623,0.693841
0.706545,0.684238,0.732375,0.631442,0.970780,0.819867,0.677588,0.674452,0.669172,0.682545
0.681979,0.679477,0.664407,0.684352,0.832564,0.707836,0.655306,0.700960,0.717364,0.682083
0.690096,0.707848,0.674682,0.680656,0.481995,0.699970,0.679303,0.767152,0.716985,0.694618
0.685467,0.665405,0.671171,0.750358,0.666010,0.701554,0.688437,0.702711,0.699559,0.719364
0.679115,0.689721,0.641603,0.681294,0.783023,0.741686,0.646480,0.702338,0.697786,0.695998
0.683388,0.630989,0.660118,0.659752,0.784830,0.575406,0.681660,0.684056,0.678092,0.683179
0.679506,0.798042,0.738541,0.784043,0.720459,0.609542,0.688869,0.707418,0.659292,0.692737
0.711052,0.737470,0.674945,0.720726,0.645812,0.696052,0.699369,0.694100,0.695705,0.688866
0.678524,0.639514,0.703928,0.679958,0.853623,0.605962,0.678130,0.696215,0.744567,0.678702
0.683582,0.627008,0.655722,0.591794,0.734692,0.595654,0.638845,0.645492,0.676260,0.694871
0.705226,0.597789,0.689661,0.776741,0.646054,0.676499,0.680845,0.689392,0.702190,0.685171
0.675556,0.691560,0.658467,0.744212,0.579060,0.672721,0.670195,0.681543,0.734586,0.695613
0.679122,0.673153,0.705381,0.745791,0.832834,0.639908,0.653353,0.730976,0.602873,0.759630
0.671830,0.646981,0.707419,0.746509,0.827971,0.666412,0.648445,0.718764,0.614774,0.683773
0.689658,0.723221,0.704580,0.770976,0.700983,0.717048,0.689702,0.717174,0.713841,0.753610
0.704067,0.745058,0.693627,0.730095,0.638441,0.547595,0.732152,0.722740,0.747840,0.689764
0.683389,0.695454,0.728423,0.698744,0.493868,0.751031,0.718819,0.721508,0.705310,0.700042
0.694625,0.750086,0.686667,0.765740,0.793420,0.647652,0.706881,0.715358,0.719468,0.704355
0.699313,0.667967,0.688089,0.602682,0.593752,0.740343,0.694234,0.682340,0.668327,0.724580
0.675036,0.702459,0.731530,0.650558,0.846523,0.673902,0.712499,0.740068,0.734390,0.716818
0.666157,0.685035,0.739245,0.713095,0.772441,0.719930,0.730771,0.721354,0.687636,0.701429
0.727666,0.689652,0.684660,0.716705,0.646138,0.570529,0.721917,0.711246,0.677550,0.669176
0.719361,0.614015,0.711192,0.726303,0.692044,0.741049,0.639242,0.691160,0.706517,0.723131
0.687183,0.691438,0.661219,0.733597,0.660882,0.802081,0.635909,0.670988,0.693697,0.686967
0.691992,0.716502,0.688501,0.696801,0.850166,0.641570,0.724927,0.746360,0.743537,0.706657
0.745079,0.698624,0.702021,0.755205,0.805293,0.646190,0.683239,0.757579,0.696440,0.726146
0.649422,0.691075,0.753781,0.723808,0.699063,0.704541,0.722966,0.730557,0.742856,0.711547
0.729615,0.707248,0.706542,0.733732,0.694945,0.769184,0.751537,0.669374,0.731640,0.643798
0.649115,0.731564,0.633577,0.675333,0.699907,0.690594,0.735509,0.737951,0.617772,0.672921
0.703291,0.710007,0.690553,0.666008,0.778382,0.494986,0.701516,0.702132,0.679202,0.735642
0.642592,0.747035,0.669993,0.715513,0.649527,0.860303,0.710356,0.649621,0.686810,0.703711
0.743590,0.756517,0.709835,0.669408,0.640971,0.571532,0.664681,0.717939,0.639554,0.687454
0.706339,0.687858,0.760662,0.725084,0.640516,0.650239,0.682134,0.710068,0.734793,0.704227
0.679140,0.676208,0.632043,0.766528,0.734268,0.692213,0.695933,0.723526,0.646182,0.619489
0.702238,0.660554,0.717429,0.685362,0.750266,0.841918,0.688878,0.751207,0.721518,0.639058
0.696097,0.703584,0.664726,0.673230,0.858095,0.795618,0.721681,0.699773,0.705940,0.727970
0.697525,0.737341,0.750201,0.645811,0.855979,0.778119,0.775804,0.663240,0.702602,0.682864
0.664541,0.714840,0.708521,0.718486,0.612727,0.693986,0.660507,0.723871,0.704011,0.693757
0.721504,0.717093,0.683726,0.773283,0.619986,0.776722,0.676188,0.657130,0.644024,0.680721
0.663550,0.665554,0.697793,0.684362,0.648184,0.666736,0.684091,0.671794,0.758971,0.681856
0.670134,0.678432,0.690579,0.710367,0.631233,0.698527,0.710751,0.683714,0.710887,0.694288
0.675027,0.693314,0.696174,0.748866,0.605555,0.754895,0.720563,0.740821,0.684614,0.680337
0.696719,0.667504,0.740872,0.699839,0.610719,0.680604,0.706912,0.701133,0.700492,0.682147
0.692492,0.713710,0.769578,0.646408,0.636320,0.705849,0.725837,0.700995,0.704837,0.685581
0.658255,0.670973,0.722961,0.670836,0.609770,0.764799,0.694467,0.682410,0.678118,0.684761
0.673616,0.681571,0.633003,0.666746,0.819283,0.666456,0.709865,0.653723,0.715976,0.757832
0.711211,0.722985,0.675229,0.753650,0.839336,0.724200,0.670067,0.715996,0.708735,0.681030
0.690953,0.680164,0.622754,0.727879,0.635145,0.717712,0.802672,0.667395,0.687740,0.672448
0.694786,0.667889,0.680655,0.560205,0.713272,0.793789,0.753944,0.727031,0.766571,0.653321
0.692518,0.693576,0.758158,0.735241,0.606933,0.741160,0.750199,0.684914,0.687762,0.700429
0.688479,0.623141,0.658355,0.623689,0.650059,0.716069,0.709485,0.696949,0.719160,0.684597
0.712083,0.725980,0.688527,0.748668,0.794648,0.767724,0.733320,0.640498,0.748378,0.659022
0.637148,0.721108,0.764812,0.758643,0.714851,0.533543,0.623263,0.705469,0.669615,0.716512
0.678650,0.693667,0.734687,0.743382,0.625674,0.706614,0.700933,0.684536,0.723627,0.680442
0.661661,0.723080,0.667639,0.734385,0.637697,0.516717,0.656089,0.718421,0.714372,0.707429
0.668487,0.662461,0.675362,0.770673,0.884132,0.717726,0.687846,0.708000,0.610187,0.642434
0.701681,0.720287,0.745524,0.750080,0.574952,0.638943,0.718223,0.652769,0.705126,0.720336
0.696340,0.623340,0.682036,0.580742,0.738284,0.827633,0.719418,0.745037,0.752704,0.676410
0.679334,0.748906,0.599659,0.618471,0.637991,0.759940,0.616111,0.646798,0.724330,0.695282
0.702226,0.718982,0.658190,0.684176,0.497259,0.593196,0.673742,0.689830,0.690453,0.707390
0.678340,0.719864,0.611433,0.607113,0.711217,0.705284,0.605898,0.681186,0.698813,0.676973
0.700287,0.683576,0.737242,0.693645,0.701050,0.728888,0.744510,0.705670,0.690158,0.687598
0.694395,0.726715,0.694404,0.689405,0.820933,0.594371,0.695934,0.687613,0.726358,0.693485
0.692436,0.726583,0.753906,0.707306,0.701595,0.671209,0.750938,0.695176,0.691967,0.697283
0.704740,0.693130,0.684390,0.723035,0.618989,0.661529,0.686749,0.678417,0.688741,0.685461
0.713239,0.715706,0.643949,0.639300,0.594596,0.577619,0.671629,0.677772,0.694693,0.690558
0.706922,0.687173,0.754850,0.563407,0.823735,0.808606,0.741608,0.706184,0.696827,0.679543
0.715454,0.739732,0.736680,0.750244,0.744471,0.706039,0.675201,0.691306,0.725980,0.718208
0.642793,0.663971,0.724159,0.629030,0.668793,0.688053,0.664560,0.696230,0.708840,0.687004
0.714959,0.663229,0.642112,0.676199,0.455004,0.728505,0.688526,0.663362,0.705900,0.685537
0.699316,0.740973,0.688985,0.720733,0.696520,0.646755,0.686555,0.671849,0.689014,0.705080
0.665365,0.656851,0.766027,0.671447,0.656002,0.596999,0.699005,0.693113,0.737105,0.716997
0.673092,0.686510,0.708469,0.717327,0.611174,0.718219,0.764703,0.676590,0.713206,0.722201
0.675703,0.697251,0.692302,0.666386,0.867956,0.589670,0.732796,0.692423,0.716089,0.705178
0.711169,0.659911,0.655873,0.749565,0.564568,0.621490,0.753736,0.695233,0.717086,0.718541
0.686431,0.712496,0.707037,0.752079,0.941032,0.803473,0.687233,0.723403,0.709970,0.633938
0.605648,0.693336,0.688028,0.577830,0.766665,0.652824,0.661606,0.714117,0.589547,0.671768
0.658952,0.661860,0.789066,0.708653,0.729347,0.717500,0.693319,0.664046,0.759504,0.656254
0.722366,0.723720,0.657054,0.656244,0.763247,0.511049,0.713862,0.684803,0.646408,0.757850
0.643794,0.719970,0.630792,0.546854,0.641527,0.712266,0.719801,0.645230,0.663265,0.682049
0.683940,0.722894,0.695189,0.700635,0.757257,0.702584,0.676925,0.707465,0.719244,0.701207
0.657040,0.656457,0.645301,0.638571,0.837339,0.754343,0.637504,0.706754,0.698384,0.675498
0.747751,0.694697,0.764788,0.638947,0.575401,0.714851,0.604849,0.716866,0.724160,0.685497
0.711668,0.660861,0.739911,0.664737,0.747130,0.712411,0.663059,0.704350,0.728553,0.702239
0.656525,0.666243,0.626457,0.788179,0.705351,0.735611,0.759766,0.633080,0.716520,0.711054
0.727154,0.682699,0.721238,0.570443,0.798724,0.590171,0.667367,0.721254,0.660491,0.676792
0.730322,0.733674,0.643817,0.791608,0.753669,0.638890,0.749990,0.768826,0.693579,0.699703
0.664373,0.697857,0.619896,0.657209,0.483045,0.665018,0.765699,0.722147,0.715985,0.709247
0.714821,0.705123,0.739283,0.669202,0.616971,0.667540,0.652177,0.724531,0.685250,0.672287
0.626436,0.703637,0.684738,0.697171,0.778246,0.746549,0.733539,0.668677,0.694662,0.696972
0.642905,0.677160,0.711581,0.575095,0.735527,0.772165,0.752502,0.707510,0.653050,0.700236
0.675703,0.671234,0.748201,0.671492,0.817048,0.674308,0.733777,0.699014,0.662241,0.667886
0.751273,0.710514,0.700493,0.657465,0.825597,0.620102,0.695945,0.598291,0.697368,0.681331
0.665980,0.642819,0.725261,0.695293,0.883586,0.646819,0.681156,0.684705,0.634045,0.663311
