0.712139,0.615488,0.706897,0.777285,0.636454,0.748169,0.723827,0.697232,0.684436,0.690633
0.699140,0.707763,0.641988,0.804602,0.569407,0.634932,0.661023,0.681295,0.718106,0.689036
0.700185,0.710752,0.675197,0.699913,0.690833,0.708567,0.696126,0.701855,0.653931,0.724191
0.699153,0.686473,0.693050,0.665165,0.600070,0.770020,0.690194,0.696920,0.698604,0.677927
0.700124,0.681481,0.734086,0.698072,0.612871,0.717223,0.747297,0.687863,0.709580,0.698839
0.648081,0.590180,0.640987,0.722857,0.859945,0.551635,0.754703,0.705785,0.710373,0.669432
0.697199,0.702611,0.586516,0.763238,0.875085,0.805067,0.662100,0.697876,0.694050,0.687067
0.636204,0.676518,0.712545,0.773081,0.557684,0.651414,0.639295,0.692874,0.701567,0.668097
0.700896,0.686670,0.704036,0.667922,0.738373,0.623910,0.749628,0.695606,0.675892,0.739301
0.712140,0.684025,0.704596,0.731408,0.842363,0.744143,0.636837,0.687459,0.682950,0.698547
0.608683,0.722516,0.590522,0.662155,0.658491,0.648744,0.786857,0.682153,0.742654,0.672178
0.732472,0.781490,0.646346,0.653577,0.657746,0.801966,0.749076,0.755199,0.727396,0.709725
0.739139,0.739595,0.744550,0.622102,0.589110,0.817427,0.635446,0.730681,0.695628,0.709689
0.737380,0.779843,0.717643,0.717564,0.491918,0.857940,0.670204,0.720428,0.686435,0.706954
0.745711,0.644029,0.696580,0.741606,0.818564,0.534942,0.687401,0.653761,0.693544,0.704726
0.702135,0.715123,0.645977,0.721552,0.626794,0.556147,0.642789,0.665712,0.662014,0.687791
0.705153,0.695492,0.795246,0.667006,0.688753,0.625657,0.584266,0.637663,0.676961,0.675096
0.693136,0.683746,0.709571,0.679681,0.597759,0.705337,0.720471,0.704848,0.696812,0.711756
0.688170,0.695376,0.638346,0.730343,0.498897,0.652438,0.710696,0.640689,0.693290,0.683875
0.690433,0.719647,0.692041,0.686025,0.563798,0.628527,0.675291,0.693822,0.694592,0.691467
0.695483,0.756514,0.711481,0.788294,0.890103,0.729879,0.712491,0.663993,0.651223,0.734783
0.682928,0.706016,0.764216,0.719013,0.787341,0.490787,0.651606,0.737507,0.699008,0.680787
0.747679,0.748077,0.738985,0.674723,0.742991,0.526091,0.705692,0.679995,0.692077,0.665499
0.693669,0.700827,0.698473,0.740196,0.593858,0.744504,0.708786,0.641279,0.692028,0.717850
0.645176,0.734044,0.676985,0.819053,0.623206,0.664631,0.684699,0.651391,0.736018,0.708488
0.708107,0.702148,0.751496,0.674842,0.730274,0.672900,0.643162,0.642740,0.677578,0.659759
0.665781,0.639933,0.700959,0.710478,0.714940,0.562691,0.705971,0.700760,0.753108,0.675286
0.750711,0.723636,0.712928,0.738773,0.801354,0.741317,0.712030,0.698393,0.766685,0.705038
0.724493,0.705699,0.688084,0.700793,0.701457,0.616020,0.629658,0.726287,0.626538,0.680489
0.706295,0.646593,0.696716,0.700216,0.638247,0.649106,0.691106,0.695187,0.715546,0.647991
0.654575,0.669956,0.760824,0.683624,0.818612,0.439791,0.662735,0.637639,0.649727,0.639488
0.717770,0.682315,0.704941,0.707359,0.706988,0.631206,0.715629,0.668732,0.697123,0.712545
0.654915,0.754191,0.616613,0.722747,0.745857,0.650058,0.659088,0.703988,0.681851,0.677750
0.713441,0.666625,0.692439,0.731021,0.654257,0.552853,0.698803,0.731892,0.680549,0.691469
0.750575,0.692993,0.768679,0.720183,0.668105,0.681898,0.622247,0.637183,0.657135,0.714676
0.671761,0.634531,0.623919,0.743514,0.757937,0.618069,0.729558,0.637779,0.671095,0.702812
0.685002,0.658810,0.710408,0.635590,0.651933,0.758438,0.703297,0.718293,0.702117,0.689717
0.674964,0.714324,0.678473,0.612206,0.570172,0.823825,0.714654,0.702790,0.678643,0.705528
0.642852,0.607724,0.626506,0.662070,0.653987,0.731541,0.663268,0.680054,0.650449,0.668724
0.668875,0.701324,0.676129,0.686651,0.587480,0.699189,0.698868,0.724051,0.674923,0.690477
0.662198,0.698996,0.658517,0.778362,0.675529,0.636780,0.717694,0.621358,0.685409,0.716148
0.614848,0.667846,0.637728,0.672501,0.460501,0.692239,0.724904,0.662119,0.690038,0.721899
0.736888,0.724314,0.647357,0.755699,0.770523,0.653524,0.805663,0.726387,0.692343,0.716781
0.685466,0.686492,0.741979,0.717350,0.886862,0.796474,0.761987,0.696174,0.706338,0.695957
0.705202,0.754585,0.719718,0.644879,0.771321,0.637612,0.765950,0.711719,0.690510,0.732166
0.700798,0.670465,0.696326,0.758247,0.659366,0.633373,0.695876,0.677604,0.694125,0.696128
0.674830,0.701432,0.682794,0.746218,0.735415,0.763943,0.663747,0.677417,0.660946,0.710356
0.680167,0.700175,0.705337,0.694761,0.712599,0.724962,0.723543,0.692492,0.680589,0.711410
0.680275,0.677630,0.699011,0.750483,0.613686,0.695480,0.675011,0.659234,0.705684,0.686916
0.705543,0.698604,0.637366,0.821967,0.538025,0.752064,0.771026,0.708389,0.714984,0.683104
0.688150,0.689718,0.747237,0.752396,0.492379,0.688728,0.667038,0.768288,0.708178,0.646867
0.696304,0.678019,0.691998,0.670539,0.604408,0.685598,0.675044,0.701009,0.680657,0.672154
0.707771,0.671106,0.698471,0.717146,0.451026,0.692813,0.705016,0.718465,0.678762,0.683967
0.678647,0.677225,0.707699,0.718110,0.888982,0.671580,0.677966,0.700781,0.656837,0.685548
0.683091,0.719292,0.644371,0.695197,0.589769,0.723240,0.725088,0.727535,0.680688,0.723383
0.620897,0.705356,0.734054,0.652724,0.714719,0.730162,0.657927,0.617816,0.714835,0.681255
0.701777,0.700938,0.707630,0.696836,0.665436,0.730850,0.745780,0.696856,0.693211,0.703451
0.760692,0.624123,0.668604,0.457327,0.812972,0.649910,0.685201,0.725004,0.655692,0.720134
0.720863,0.642983,0.677408,0.709842,0.609777,0.744686,0.601257,0.702324,0.731380,0.711647
0.659525,0.731260,0.700379,0.834236,0.808217,0.599316,0.710507,0.625147,0.650136,0.676059
0.679734,0.661975,0.693019,0.601588,0.613215,0.678401,0.702739,0.706125,0.690041,0.675815
0.735826,0.712613,0.673399,0.695980,0.466657,0.749964,0.772706,0.705351,0.669747,0.728601
0.705074,0.712950,0.682294,0.723438,0.507181,0.713170,0.677507,0.701998,0.727080,0.687299
0.693759,0.679015,0.614677,0.783609,0.649093,0.625552,0.661293,0.667720,0.737172,0.690205
0.669029,0.763179,0.697875,0.588945,0.697560,0.447642,0.660630,0.706827,0.709939,0.710886
0.709249,0.687519,0.656617,0.653081,0.821370,0.584399,0.725514,0.747930,0.642181,0.714412
0.694745,0.762888,0.635780,0.696519,0.554192,0.638673,0.716508,0.671464,0.711538,0.679993
0.694494,0.662377,0.651411,0.725614,0.659389,0.605087,0.708222,0.688531,0.718423,0.757763
0.646481,0.688929,0.683432,0.663196,0.732152,0.654192,0.699719,0.686844,0.640674,0.712264
0.691851,0.677922,0.692569,0.679699,0.670903,0.686931,0.701628,0.713799,0.714904,0.697426
0.679332,0.721764,0.695299,0.688762,0.755247,0.700544,0.675990,0.706215,0.671060,0.699856
0.701552,0.666784,0.686590,0.774308,0.591803,0.739591,0.691875,0.679941,0.717995,0.722561
0.699246,0.703789,0.671322,0.685663,0.488102,0.698780,0.713424,0.698993,0.702723,0.706239
0.701700,0.658440,0.667192,0.663499,0.548633,0.753749,0.727543,0.685427,0.696401,0.751031
0.685989,0.662297,0.647279,0.605022,0.718316,0.610180,0.688250,0.700938,0.723688,0.663197
0.696457,0.729630,0.688800,0.672487,0.625051,0.652095,0.723452,0.724340,0.721408,0.712692
0.704307,0.671739,0.678369,0.745217,0.710466,0.629072,0.700544,0.668491,0.714950,0.698057
0.718531,0.703705,0.688484,0.716970,0.685574,0.721681,0.699781,0.738516,0.705531,0.656541
0.768685,0.684326,0.745460,0.745857,0.579840,0.733902,0.659351,0.698953,0.673606,0.682131
0.735331,0.636027,0.676117,0.609349,0.599030,0.695841,0.699974,0.733298,0.711305,0.687486
0.651408,0.687911,0.677289,0.704444,0.738544,0.706076,0.708790,0.717352,0.639156,0.689575
0.722689,0.628117,0.696227,0.609915,0.876783,0.695810,0.665841,0.770721,0.668687,0.689677
0.668993,0.710369,0.687828,0.714963,0.557815,0.649044,0.711836,0.706930,0.728495,0.677902
0.715910,0.703745,0.714118,0.707197,0.612871,0.706279,0.705564,0.668267,0.711549,0.661681
0.728078,0.743071,0.829026,0.798087,0.826407,0.585398,0.669023,0.736644,0.676610,0.752894
0.687357,0.792883,0.726724,0.642600,0.868121,0.770721,0.677497,0.701513,0.698447,0.644666
0.643257,0.633777,0.674006,0.727401,0.602674,0.641617,0.671258,0.673942,0.664582,0.739022
0.764115,0.676609,0.782731,0.681315,0.709633,0.663525,0.623388,0.701166,0.627435,0.691079
0.693841,0.683971,0.758484,0.696914,0.795462,0.763742,0.766583,0.700769,0.699651,0.708731
0.702888,0.706185,0.658296,0.566857,0.814915,0.571930,0.704242,0.734547,0.706688,0.702444
0.636549,0.647653,0.706794,0.769792,0.691091,0.568652,0.665240,0.761980,0.684925,0.735335
0.689243,0.722423,0.675505,0.595166,0.633989,0.472559,0.679146,0.669977,0.696136,0.689366
0.746045,0.696713,0.702680,0.738554,0.818851,0.637548,0.695602,0.584651,0.658339,0.674031
0.747282,0.708014,0.700020,0.682431,0.686209,0.739390,0.795950,0.665176,0.697182,0.681575
0.664633,0.672473,0.676180,0.694624,0.835710,0.590258,0.735400,0.728274,0.658486,0.697239
0.712953,0.733936,0.672070,0.672684,0.723269,0.738104,0.692502,0.662887,0.670335,0.725270
0.679338,0.682496,0.663422,0.722250,0.531025,0.623627,0.685562,0.707909,0.702001,0.690737
0.694091,0.693752,0.710045,0.692464,0.578165,0.655982,0.692938,0.732202,0.698787,0.720711
0.703778,0.671188,0.766716,0.754987,0.618028,0.582442,0.609697,0.715062,0.714868,0.643559
0.713676,0.669148,0.676862,0.622030,0.707821,0.640321,0.732723,0.681351,0.729002,0.679668
0.678227,0.681512,0.690424,0.687723,0.890305,0.767875,0.694105,0.716489,0.679285,0.687911
0.697600,0.674329,0.685366,0.662427,0.554695,0.736137,0.669383,0.709058,0.703349,0.697431
0.674911,0.694695,0.678251,0.589951,0.828816,0.653645,0.687992,0.615368,0.636384,0.677136
0.642469,0.702460,0.735024,0.683959,0.778661,0.806879,0.657820,0.691451,0.669320,0.708145
0.703039,0.735561,0.676971,0.696050,0.707499,0.704856,0.662584,0.711973,0.699281,0.693010
0.693160,0.667173,0.696465,0.666954,0.683225,0.645734,0.676578,0.693838,0.734195,0.690668
0.687598,0.710955,0.621290,0.709549,0.641358,0.545139,0.632481,0.624005,0.651889,0.771521
0.701746,0.645925,0.700345,0.615932,0.516984,0.646986,0.713938,0.677519,0.645239,0.690059
0.745336,0.552147,0.675220,0.663088,0.639265,0.783511,0.694085,0.670926,0.753592,0.709114
0.701383,0.698494,0.685375,0.759963,0.742435,0.702162,0.714454,0.688711,0.700688,0.706597
0.722234,0.697597,0.647691,0.742936,0.739049,0.732188,0.707932,0.702650,0.669869,0.746457
0.677754,0.716429,0.687375,0.717560,0.894696,0.785774,0.709222,0.675422,0.704812,0.712320
0.688615,0.562993,0.719101,0.638500,0.847537,0.664118,0.660352,0.735807,0.700575,0.666189
0.627643,0.722065,0.650351,0.731106,0.680085,0.681736,0.709290,0.688733,0.693346,0.719970
0.705349,0.735034,0.667676,0.666870,0.589972,0.576030,0.680916,0.683029,0.715518,0.665185
0.670247,0.722248,0.667477,0.709698,0.754931,0.748436,0.724653,0.734923,0.719752,0.668457
0.736533,0.678830,0.635991,0.514348,0.747756,0.562999,0.703500,0.723634,0.695719,0.662029
0.695537,0.657147,0.716669,0.732793,0.682109,0.701892,0.705792,0.672878,0.735972,0.683312
0.659289,0.678774,0.718835,0.680190,0.679603,0.758660,0.721831,0.630513,0.672389,0.707192
0.724815,0.653799,0.667476,0.773124,0.856605,0.794560,0.619868,0.669095,0.687288,0.694790
0.723042,0.644771,0.707973,0.693568,0.804765,0.643900,0.712283,0.659433,0.636935,0.691713
0.643187,0.714379,0.693916,0.658517,0.577590,0.613550,0.743510,0.721033,0.706720,0.701756
0.721446,0.684874,0.694251,0.647209,0.507651,0.832487,0.659712,0.647817,0.690084,0.682872
0.696872,0.769106,0.694867,0.773876,0.517273,0.827648,0.668347,0.786165,0.633287,0.671535
0.713216,0.609425,0.685296,0.645398,0.563697,0.709836,0.695043,0.703690,0.730834,0.676091
0.696951,0.720257,0.690048,0.639252,0.817079,0.583874,0.699426,0.662774,0.660290,0.691413
0.659502,0.603378,0.590490,0.640649,0.839901,0.668039,0.748647,0.724685,0.688150,0.762712
0.697922,0.707309,0.722029,0.640551,0.599921,0.753113,0.743276,0.674762,0.686296,0.700521
0.704490,0.641539,0.685542,0.649507,0.764862,0.651494,0.691562,0.673626,0.688170,0.706032
0.652310,0.722387,0.750807,0.810356,0.620569,0.778568,0.683579,0.729958,0.764786,0.683207
0.679519,0.659168,0.742299,0.706909,0.717788,0.718396,0.714990,0.636224,0.659701,0.711733
0.753331,0.724897,0.727243,0.700435,0.534532,0.779907,0.560155,0.713197,0.648441,0.696559
0.657152,0.648803,0.682220,0.701660,0.761969,0.543247,0.644815,0.731870,0.673957,0.663262
0.684609,0.647387,0.704803,0.697316,0.670522,0.701591,0.722759,0.665974,0.663807,0.692000
0.679347,0.718249,0.649330,0.738842,0.576078,0.700820,0.669667,0.669579,0.694335,0.688762
0.696142,0.699649,0.689863,0.698563,0.742423,0.616717,0.676688,0.559420,0.724906,0.673307
0.696472,0.651221,0.709706,0.724578,0.772140,0.525525,0.684639,0.694856,0.691626,0.681797
0.640211,0.719375,0.715019,0.855870,0.587969,0.757123,0.669285,0.683706,0.716064,0.703021
0.687434,0.717017,0.715104,0.696629,0.765399,0.810801,0.740699,0.670281,0.738981,0.666963
0.682189,0.677580,0.682652,0.703597,0.738718,0.704036,0.699413,0.683425,0.712614,0.694337
0.684140,0.734876,0.679505,0.744556,0.828056,0.625077,0.693116,0.690459,0.675231,0.688398
0.626191,0.743931,0.655291,0.598069,0.826096,0.735134,0.712247,0.693973,0.690600,0.723193
0.705843,0.755524,0.718111,0.835120,0.595649,0.771385,0.674321,0.725437,0.717309,0.688208
0.708247,0.667091,0.662027,0.726558,0.564129,0.660403,0.691067,0.677250,0.704568,0.735635
0.687804,0.673618,0.649181,0.621827,0.639943,0.805008,0.671318,0.721132,0.676057,0.702009
0.699794,0.645899,0.673597,0.714584,0.629708,0.692732,0.700511,0.692449,0.686597,0.704779
0.691313,0.679938,0.686003,0.737190,0.703635,0.635585,0.697713,0.706330,0.683546,0.693300
0.714136,0.600697,0.613933,0.742974,0.723162,0.666863,0.676189,0.711664,0.732052,0.695054
0.686151,0.656947,0.666316,0.744685,0.749925,0.738357,0.645651,0.695900,0.682629,0.682655
0.681496,0.710453,0.573511,0.747261,0.695922,0.717357,0.631001,0.670011,0.700411,0.725801
0.694207,0.708187,0.696556,0.688583,0.771046,0.523365,0.703526,0.722979,0.663634,0.706853
0.678454,0.740094,0.672342,0.696456,0.873140,0.796820,0.682819,0.678256,0.713277,0.703811
0.694478,0.666482,0.732260,0.564623,0.566406,0.665561,0.710959,0.640018,0.661506,0.726320
0.716771,0.691055,0.716621,0.705149,0.864212,0.700954,0.764861,0.651962,0.713601,0.698223
0.690326,0.711249,0.716677,0.642103,0.723069,0.542288,0.573477,0.632426,0.741397,0.646370
0.657597,0.712091,0.690743,0.635451,0.644658,0.793291,0.744866,0.721945,0.679243,0.676291
0.650233,0.709535,0.707367,0.679640,0.590787,0.587420,0.655573,0.705194,0.761465,0.746189
0.726676,0.721418,0.735529,0.674297,0.841166,0.688727,0.590778,0.738838,0.644704,0.746348
0.623101,0.667547,0.588231,0.699318,0.658451,0.751399,0.756684,0.668151,0.717492,0.685608
0.686748,0.690675,0.649804,0.677625,0.514009,0.645305,0.650744,0.677826,0.666683,0.689543
0.690432,0.690965,0.757841,0.686672,0.573019,0.699689,0.746295,0.704706,0.683836,0.693443
0.679647,0.665623,0.696508,0.690291,0.545301,0.716908,0.680708,0.702675,0.664405,0.685696
0.685116,0.685079,0.716511,0.654748,0.576090,0.723297,0.754275,0.710298,0.709047,0.711843
0.689404,0.636720,0.695017,0.660012,0.531684,0.636361,0.689940,0.666988,0.657302,0.684731
0.640263,0.714949,0.716660,0.655385,0.689815,0.591242,0.686617,0.718105,0.757143,0.719363
0.703763,0.717840,0.700204,0.712171,0.549929,0.788666,0.669983,0.635459,0.706232,0.745713
0.689840,0.682919,0.612462,0.723508,0.638604,0.722702,0.768993,0.827140,0.673684,0.711568
0.685900,0.667383,0.684782,0.599633,0.621789,0.578928,0.672543,0.636438,0.697093,0.681517
0.696842,0.709096,0.665500,0.693713,0.553579,0.723624,0.711994,0.672536,0.689947,0.665502
0.692648,0.763777,0.654991,0.625103,0.711889,0.616879,0.721273,0.640273,0.710722,0.722178
0.668083,0.676961,0.720989,0.695758,0.728320,0.739517,0.726447,0.669817,0.692678,0.673385
0.672077,0.656486,0.671964,0.656300,0.557312,0.677016,0.723260,0.685717,0.697003,0.711423
0.612710,0.666221,0.714409,0.645239,0.822640,0.728372,0.628635,0.684828,0.828034,0.638259
0.720779,0.706945,0.740857,0.828110,0.862437,0.719458,0.731444,0.693083,0.714057,0.719793
0.687876,0.674693,0.797157,0.649323,0.588972,0.676917,0.672282,0.652516,0.722717,0.704935
0.705720,0.757523,0.692496,0.690500,0.708005,0.558292,0.678398,0.694899,0.723023,0.705595
0.692634,0.697571,0.610832,0.759241,0.670227,0.667247,0.668459,0.641897,0.696259,0.686841
0.689925,0.705106,0.704588,0.664122,0.635429,0.837247,0.668726,0.660295,0.703765,0.696396
0.707718,0.768437,0.647551,0.712624,0.691623,0.617611,0.662456,0.670983,0.723625,0.713553
0.684724,0.668277,0.711761,0.654580,0.471722,0.706023,0.709115,0.691935,0.698651,0.706024
0.675520,0.726116,0.712851,0.677857,0.788566,0.571606,0.694282,0.719533,0.718962,0.702514
0.687587,0.704682,0.714404,0.669820,0.708332,0.696640,0.709899,0.707300,0.698646,0.692538
0.640099,0.630518,0.687533,0.693170,0.613184,0.648692,0.679831,0.719221,0.669389,0.663393
0.699797,0.718368,0.691785,0.633589,0.662993,0.651342,0.689945,0.674194,0.680433,0.704738
0.743931,0.697382,0.701618,0.673200,0.650183,0.770307,0.677588,0.713311,0.766927,0.720816
0.699394,0.708117,0.679718,0.701572,0.682897,0.710451,0.693504,0.703863,0.703252,0.697917
0.694710,0.711742,0.732734,0.631305,0.776095,0.522315,0.703032,0.714577,0.695401,0.655382
0.698185,0.645470,0.686833,0.749131,0.824609,0.608028,0.680124,0.652594,0.692153,0.687553
0.668016,0.687980,0.520273,0.706055,0.689267,0.679842,0.818678,0.666789,0.688732,0.701595
0.685646,0.730099,0.667912,0.749464,0.554544,0.696220,0.651070,0.691333,0.726339,0.719044
0.734819,0.671806,0.695856,0.616720,0.932837,0.762898,0.678972,0.690308,0.731767,0.701005
0.673611,0.723252,0.685824,0.709228,0.779185,0.683015,0.659920,0.701751,0.694828,0.712369
0.680268,0.685044,0.719981,0.686908,0.658726,0.694426,0.782746,0.691799,0.726560,0.691594
0.596141,0.754022,0.740588,0.705825,0.386763,0.678106,0.617699,0.677474,0.731096,0.621791
0.674922,0.702737,0.679629,0.818636,0.788338,0.605639,0.672977,0.673666,0.701921,0.675830
0.659083,0.675639,0.660268,0.744443,0.430465,0.774826,0.709288,0.629556,0.716855,0.705689
0.691830,0.701528,0.714069,0.688332,0.812420,0.808917,0.689201,0.696658,0.707172,0.668010
0.703675,0.691936,0.721912,0.681297,0.709978,0.707757,0.731477,0.684898,0.668332,0.679279
0.706983,0.667989,0.669927,0.729044,0.568546,0.772100,0.698385,0.647161,0.698170,0.694877
0.699832,0.684199,0.712687,0.693727,0.687571,0.762426,0.697171,0.713163,0.688068,0.682350
0.684378,0.733982,0.648452,0.751766,0.614069,0.685135,0.660709,0.652184,0.732655,0.737460
0.703088,0.702527,0.682486,0.652166,0.665900,0.758124,0.698954,0.658547,0.690801,0.665906
0.697326,0.748755,0.718724,0.775169,0.697658,0.837895,0.753413,0.785949,0.717468,0.710252
0.690667,0.669017,0.733625,0.664444,0.595542,0.761452,0.706643,0.691613,0.702485,0.677857
0.719893,0.674996,0.692678,0.693724,0.678376,0.503548,0.688357,0.715730,0.725193,0.675376
0.740201,0.674892,0.630523,0.684665,0.834118,0.685667,0.743570,0.657261,0.692380,0.755865
0.717368,0.656319,0.697586,0.734924,0.695386,0.719192,0.758033,0.730774,0.703987,0.711447
0.701492,0.799338,0.714655,0.736576,0.815556,0.719613,0.662439,0.757916,0.739030,0.716059
0.729003,0.716088,0.640399,0.820016,0.732532,0.490640,0.699929,0.665498,0.716363,0.699146
0.677329,0.681544,0.709205,0.746456,0.579257,0.767171,0.679486,0.630083,0.673879,0.671584
0.683707,0.653974,0.685587,0.688347,0.720339,0.739586,0.758259,0.687490,0.677680,0.648625
0.727579,0.641603,0.705070,0.673287,0.909186,0.684229,0.693127,0.751414,0.690527,0.657890
0.694965,0.683888,0.721428,0.695599,0.710690,0.712451,0.701433,0.676100,0.665359,0.679719
0.658007,0.735456,0.687240,0.655881,0.727402,0.871088,0.724909,0.693534,0.714715,0.687659
0.714472,0.728597,0.730281,0.724066,0.553161,0.646420,0.656513,0.705593,0.654248,0.692009
0.684882,0.684805,0.702767,0.753179,0.712438,0.628317,0.680553,0.688109,0.705827,0.694950
0.715925,0.726296,0.753294,0.742136,0.686797,0.758774,0.695840,0.749680,0.684341,0.656841
0.678797,0.681851,0.666211,0.678122,0.720046,0.755354,0.659507,0.730081,0.698683,0.703777
0.678955,0.693651,0.729349,0.673957,0.670794,0.704753,0.735559,0.691963,0.671624,0.676790
0.687115,0.698593,0.718090,0.702837,0.657608,0.647086,0.690959,0.691376,0.720508,0.686692
0.689241,0.695294,0.689684,0.692982,0.658816,0.614898,0.669936,0.662872,0.677117,0.662972
0.714042,0.666153,0.630288,0.717106,0.657644,0.705014,0.552162,0.718302,0.656260,0.687304
0.671656,0.705157,0.714682,0.646392,0.658506,0.671349,0.685669,0.683433,0.723004,0.658254
0.731202,0.638644,0.684709,0.721559,0.703549,0.612107,0.672464,0.732349,0.643501,0.710387
0.727016,0.662875,0.748266,0.609335,0.649830,0.692869,0.732947,0.693559,0.679195,0.707214
0.700196,0.676351,0.729937,0.685970,0.672809,0.489435,0.748155,0.629579,0.691643,0.683390
0.655715,0.730773,0.684267,0.642590,0.492254,0.727451,0.687140,0.655882,0.668162,0.689013
0.727323,0.688482,0.738975,0.774728,0.861605,0.768813,0.699462,0.678029,0.695863,0.721626
0.697040,0.731911,0.666865,0.597488,0.621888,0.603987,0.689341,0.689781,0.657094,0.683356
0.737979,0.680780,0.668962,0.631093,0.894220,0.738437,0.707892,0.619368,0.700797,0.723035
0.698713,0.632799,0.693705,0.670842,0.769044,0.666793,0.672618,0.718204,0.712293,0.642192
0.703416,0.695938,0.696933,0.686320,0.621942,0.694149,0.732307,0.700903,0.681613,0.682348
0.689915,0.717793,0.632483,0.667213,0.525341,0.566229,0.677279,0.690587,0.678807,0.704989
0.684759,0.721569,0.683799,0.661149,0.519271,0.626778,0.681580,0.734053,0.610201,0.686735
0.687687,0.702418,0.599931,0.668766,0.598549,0.732454,0.603136,0.680328,0.721988,0.689317
0.730395,0.689509,0.715372,0.684893,0.619131,0.764204,0.725648,0.677142,0.678338,0.695830
0.728345,0.726639,0.638442,0.619611,0.698731,0.607599,0.648989,0.681135,0.716112,0.666438
0.682011,0.674367,0.710723,0.773948,0.653420,0.756283,0.688656,0.698217,0.677684,0.682332
0.683073,0.675788,0.724203,0.696810,0.585928,0.762309,0.720988,0.666621,0.697372,0.698077
0.679632,0.686936,0.684661,0.751851,0.838712,0.690559,0.707386,0.702288,0.703619,0.695403
0.679510,0.624915,0.692683,0.700457,0.638040,0.610652,0.700961,0.650195,0.704260,0.683281
0.815261,0.713793,0.702802,0.641827,0.641872,0.642400,0.620326,0.707898,0.593413,0.685251
0.724304,0.690619,0.659631,0.734531,0.806106,0.695790,0.695585,0.600043,0.677981,0.691819
0.674837,0.683361,0.680421,0.669214,0.620036,0.629749,0.697470,0.675747,0.660794,0.703366
0.656152,0.684367,0.702512,0.730780,0.617089,0.661156,0.686559,0.700011,0.718552,0.705642
0.722772,0.737837,0.707438,0.745474,0.739071,0.451454,0.747055,0.735597,0.717208,0.697704
0.625249,0.682571,0.742550,0.629649,0.775131,0.510341,0.628083,0.658345,0.702453,0.689476
0.686250,0.726473,0.715072,0.602123,0.787915,0.749716,0.716181,0.670676,0.733666,0.706429
0.749229,0.622195,0.712176,0.551018,0.904020,0.677099,0.680218,0.609909,0.629939,0.682094
0.657720,0.695117,0.700569,0.712257,0.557798,0.745273,0.734690,0.660583,0.687516,0.718798
0.674038,0.656352,0.652120,0.719399,0.737965,0.589290,0.674096,0.707184,0.680393,0.701772
0.711103,0.723483,0.691706,0.674744,0.631631,0.765505,0.675131,0.705033,0.663555,0.689616
0.708507,0.691861,0.702893,0.739259,0.840104,0.595666,0.720283,0.705579,0.675786,0.724680
0.770012,0.733150,0.668513,0.701009,0.585509,0.770425,0.723556,0.724409,0.707810,0.671436
0.654988,0.642572,0.678125,0.650124,0.884781,0.710417,0.677307,0.732821,0.690247,0.700812
0.692730,0.699310,0.699347,0.649791,0.570392,0.728922,0.660789,0.694661,0.674391,0.704297
0.712807,0.683209,0.687461,0.687322,0.763553,0.644720,0.641832,0.707505,0.709983,0.675323
0.706369,0.709581,0.699197,0.570760,0.627153,0.760109,0.650167,0.728096,0.659615,0.711617
0.681236,0.700158,0.643765,0.671183,0.583007,0.674731,0.633621,0.675626,0.674316,0.693755
0.557480,0.581359,0.689770,0.767205,0.793638,0.847151,0.674238,0.677497,0.720190,0.763193
0.693229,0.692746,0.665455,0.674669,0.558206,0.657211,0.752488,0.715233,0.698478,0.680508
0.713497,0.675052,0.688035,0.730089,0.749542,0.652932,0.710890,0.694693,0.686557,0.706355
0.696887,0.732623,0.669779,0.705331,0.633206,0.557656,0.661007,0.675373,0.702868,0.662236
0.700773,0.643526,0.682336,0.718116,0.438598,0.670762,0.672794,0.719810,0.716574,0.681867
0.654028,0.715526,0.700388,0.696151,0.953975,0.821223,0.706727,0.694245,0.688227,0.684317
0.709498,0.680291,0.672567,0.706564,0.488285,0.647511,0.720808,0.764427,0.643266,0.690578
0.699533,0.721627,0.698247,0.712849,0.544749,0.736704,0.654922,0.671324,0.693154,0.674175
0.683658,0.653824,0.677765,0.663769,0.881939,0.615676,0.765959,0.712369,0.675567,0.742965
0.690829,0.673590,0.735013,0.688418,0.593592,0.737275,0.753751,0.666277,0.699231,0.728303
0.695082,0.697566,0.748147,0.726045,0.773607,0.708476,0.668425,0.680919,0.684563,0.692352
0.617194,0.731833,0.690497,0.584169,0.759009,0.833771,0.673823,0.651325,0.639357,0.704132
0.650010,0.732901,0.761208,0.715200,0.751596,0.593387,0.610216,0.669938,0.747438,0.672244
0.705894,0.679484,0.729033,0.651708,0.596207,0.683727,0.751209,0.677398,0.683972,0.691813
0.682094,0.671629,0.708579,0.664243,0.939692,0.754776,0.713963,0.617751,0.669843,0.695517
0.682336,0.717058,0.653773,0.747330,0.615652,0.746345,0.664791,0.729582,0.706636,0.683712
0.617469,0.666766,0.663604,0.535190,0.863965,0.688568,0.686717,0.563430,0.718285,0.734815
0.691352,0.657977,0.676011,0.725658,0.746431,0.755930,0.706446,0.694232,0.794131,0.698088
0.743507,0.711046,0.702997,0.699622,0.872681,0.634379,0.680210,0.653360,0.728107,0.670999
0.711929,0.634991,0.717765,0.700306,0.659333,0.682554,0.742711,0.740736,0.715680,0.723638
0.685469,0.673311,0.697190,0.670810,0.792237,0.698278,0.644617,0.691112,0.769418,0.622847
0.679403,0.696678,0.707229,0.693389,0.904996,0.780252,0.660981,0.731522,0.657565,0.665206
0.756456,0.631187,0.597077,0.613776,0.728707,0.669660,0.726791,0.729411,0.648749,0.651459
0.737328,0.714767,0.749110,0.816662,0.733647,0.607091,0.722572,0.736846,0.701680,0.698592
0.729531,0.695277,0.697124,0.740145,0.629497,0.773836,0.769808,0.638124,0.688123,0.686210
0.642791,0.689594,0.663288,0.618548,0.612803,0.669343,0.709901,0.702932,0.704043,0.678089
0.641794,0.738663,0.617297,0.742804,0.830438,0.683557,0.651122,0.656955,0.679957,0.676454
0.665816,0.716345,0.720974,0.651192,0.669540,0.541124,0.643228,0.678380,0.713887,0.675012
0.685941,0.704964,0.651231,0.626282,0.616220,0.630776,0.706015,0.674357,0.644572,0.677624
0.681345,0.660103,0.670741,0.668499,0.686908,0.651841,0.649210,0.715841,0.664745,0.656378
0.677835,0.698210,0.667354,0.752368,0.823263,0.763305,0.666313,0.706391,0.698979,0.695876
0.694949,0.648983,0.691210,0.735135,0.785682,0.603258,0.724673,0.688801,0.705654,0.705518
0.673935,0.677580,0.631535,0.776681,0.798175,0.684461,0.640292,0.634301,0.691461,0.712493
0.664144,0.671915,0.646630,0.664125,0.894074,0.638050,0.702218,0.664584,0.680783,0.708792
0.653805,0.783378,0.722993,0.664256,0.550903,0.689958,0.650559,0.734666,0.610211,0.613839
0.658965,0.661073,0.677148,0.681219,0.854633,0.625776,0.699150,0.726951,0.641662,0.716591
0.757076,0.649357,0.708697,0.714278,0.871873,0.606490,0.691983,0.652147,0.683785,0.668189
0.722208,0.711464,0.719183,0.746071,0.680864,0.598516,0.673654,0.667346,0.731475,0.717048
0.679854,0.726215,0.730039,0.823333,0.882021,0.653579,0.749188,0.656052,0.700002,0.684700
0.669161,0.708985,0.586963,0.655147,0.597145,0.672485,0.613140,0.702000,0.665277,0.701395
0.698829,0.629444,0.643396,0.639022,0.718286,0.736350,0.668142,0.762408,0.730367,0.705056
0.695950,0.723404,0.664042,0.709390,0.625705,0.641660,0.674445,0.684035,0.728856,0.674839
0.648606,0.715718,0.715954,0.603810,0.678781,0.595742,0.669254,0.691926,0.727814,0.719084
0.642494,0.661815,0.660008,0.722421,0.547920,0.791325,0.698326,0.688514,0.699948,0.677569
0.675453,0.647497,0.673945,0.675291,0.640468,0.687724,0.739339,0.639525,0.639500,0.674380
0.669358,0.709276,0.736448,0.650406,0.599320,0.723950,0.681904,0.708093,0.662373,0.681622
0.699630,0.707458,0.710951,0.704028,0.708367,0.699237,0.725754,0.720050,0.708987,0.701944
0.713796,0.650491,0.669839,0.661730,0.589132,0.669800,0.690297,0.680563,0.750900,0.737304
0.696785,0.674676,0.688115,0.633105,0.585067,0.788033,0.687719,0.760242,0.666137,0.752433
0.716772,0.751153,0.718243,0.708352,0.620019,0.518770,0.675664,0.731976,0.771859,0.702662
0.685282,0.678490,0.720736,0.734441,0.778918,0.547692,0.685573,0.740737,0.713869,0.676638
0.660149,0.683641,0.689933,0.671280,0.474427,0.682334,0.681053,0.697522,0.687557,0.694578
0.688422,0.652783,0.704664,0.859614,0.666474,0.716087,0.695096,0.741904,0.680093,0.684356
0.730972,0.700904,0.668630,0.803730,0.458096,0.688804,0.714544,0.758974,0.672108,0.774067
0.725480,0.683095,0.652603,0.619620,0.670933,0.698339,0.716464,0.719832,0.682093,0.652322
0.725512,0.664286,0.636534,0.701216,0.705737,0.691586,0.695959,0.695324,0.655536,0.674456
0.687382,0.674608,0.650134,0.710638,0.872803,0.768868,0.745965,0.679585,0.732280,0.706708
0.710001,0.730767,0.687474,0.623798,0.733866,0.610640,0.689962,0.694348,0.683833,0.712588
0.659673,0.723396,0.700291,0.690662,0.715553,0.694208,0.638932,0.692102,0.699896,0.695476
0.667629,0.671166,0.751623,0.648100,0.648574,0.587120,0.723572,0.634300,0.688725,0.698322
0.722511,0.723161,0.522401,0.699785,0.781508,0.809797,0.841384,0.690869,0.669422,0.663372
0.705878,0.728145,0.740445,0.708768,0.866929,0.593513,0.662142,0.653483,0.698047,0.690275
0.734466,0.673604,0.651952,0.720193,0.604756,0.750534,0.679108,0.640716,0.721071,0.687099
0.673662,0.718096,0.699075,0.778232,0.700456,0.614753,0.699415,0.646913,0.696553,0.707355
0.673888,0.697502,0.633308,0.572117,0.478238,0.847473,0.650871,0.720125,0.692993,0.686826
0.672182,0.746744,0.712173,0.720898,0.713198,0.613903,0.668609,0.689883,0.683780,0.724268
0.677543,0.677164,0.717509,0.761331,0.640442,0.632683,0.685920,0.677681,0.709267,0.687257
0.688272,0.709428,0.646339,0.704965,0.772708,0.779185,0.642538,0.704138,0.680485,0.712010
0.711303,0.619079,0.751666,0.701360,0.692986,0.739234,0.729510,0.731244,0.718906,0.684875
0.674189,0.671785,0.731564,0.698228,0.654480,0.631933,0.644783,0.691251,0.716382,0.676735
0.688907,0.664786,0.652394,0.700201,0.846702,0.633870,0.738337,0.745865,0.672839,0.718150
0.757040,0.705075,0.631477,0.670780,0.580573,0.667649,0.728898,0.675274,0.657662,0.669409
0.743476,0.662072,0.691151,0.586288,0.672020,0.653530,0.659911,0.731249,0.727872,0.726755
0.736378,0.644921,0.692127,0.614380,0.738174,0.628194,0.704062,0.684129,0.713642,0.679757
0.688217,0.645003,0.718258,0.719000,0.519710,0.708376,0.731629,0.688200,0.697570,0.681646
0.667415,0.644115,0.747106,0.789928,0.852857,0.594546,0.695781,0.624275,0.747322,0.709812
0.702448,0.639078,0.665789,0.677305,0.723357,0.759158,0.668189,0.678797,0.661244,0.676198
0.684967,0.558600,0.664719,0.757909,0.534842,0.621698,0.703102,0.641669,0.665342,0.673398
0.691794,0.710376,0.693942,0.655252,0.741656,0.597147,0.687963,0.742397,0.742406,0.706772
0.734422,0.669962,0.692846,0.580571,0.507599,0.805129,0.682551,0.742544,0.744200,0.662267
0.704582,0.705581,0.734167,0.676154,0.720328,0.693876,0.757304,0.709149,0.678530,0.686472
0.655443,0.768618,0.679676,0.728102,0.709948,0.634897,0.692535,0.685228,0.716322,0.698945
0.727756,0.685792,0.702331,0.770788,0.841881,0.685864,0.630836,0.638648,0.656034,0.717528
0.709600,0.664097,0.695989,0.644402,0.703406,0.641833,0.784912,0.732263,0.656825,0.697670
0.685533,0.723349,0.609391,0.682595,0.789660,0.761532,0.591523,0.683112,0.708812,0.693350
0.716667,0.575181,0.703468,0.623523,0.800175,0.684753,0.660122,0.803868,0.666184,0.658744
0.731107,0.672641,0.734995,0.733632,0.692920,0.700393,0.745798,0.736145,0.722231,0.668624
0.681219,0.678393,0.714132,0.661106,0.919845,0.772562,0.671258,0.743872,0.630737,0.687374
0.683443,0.722692,0.693111,0.705520,0.912735,0.715855,0.735568,0.624123,0.736341,0.686566
0.724439,0.722275,0.696849,0.745469,0.808383,0.788674,0.707993,0.717234,0.728098,0.709037
0.708888,0.696182,0.669455,0.597926,0.752613,0.587521,0.734728,0.505069,0.627879,0.743325
0.679293,0.735135,0.696467,0.698067,0.687218,0.762531,0.727099,0.745741,0.726525,0.690682
0.703611,0.656614,0.675485,0.704584,0.498737,0.638577,0.684836,0.698524,0.665359,0.685393
0.716466,0.657733,0.734006,0.609968,0.865220,0.692444,0.706650,0.700796,0.718385,0.692104
0.646415,0.703283,0.672623,0.646812,0.753461,0.664832,0.697830,0.625146,0.669641,0.728329
0.723935,0.710427,0.652205,0.630741,0.614198,0.747189,0.727394,0.699480,0.709432,0.721677
0.734546,0.583439,0.650623,0.647491,0.615416,0.779918,0.718022,0.760016,0.743958,0.657340
0.684031,0.724120,0.671225,0.610684,0.585432,0.603954,0.689425,0.674652,0.712204,0.666383
0.727343,0.692001,0.701577,0.733963,0.727306,0.622563,0.644690,0.696129,0.615852,0.655787
0.655705,0.779698,0.698002,0.660386,0.575776,0.754370,0.637723,0.732121,0.738025,0.715200
0.708770,0.681455,0.698907,0.758096,0.815876,0.588692,0.685984,0.676275,0.696243,0.686060
0.694307,0.716307,0.723574,0.710270,0.846946,0.644373,0.640754,0.743796,0.673293,0.663340
0.713976,0.711255,0.652493,0.657196,0.719292,0.652106,0.657410,0.612225,0.657737,0.712348
0.699707,0.730944,0.647411,0.743989,0.770830,0.573098,0.750200,0.678895,0.724813,0.730246
0.685291,0.686303,0.726710,0.726341,0.646233,0.721342,0.664276,0.716867,0.703538,0.674842
0.686335,0.672797,0.733650,0.677410,0.754632,0.694397,0.718946,0.700201,0.683783,0.676564
0.694926,0.665312,0.704464,0.714061,0.539426,0.821169,0.715564,0.719247,0.618179,0.734291
0.698754,0.686121,0.669089,0.717017,0.694415,0.771535,0.646242,0.686089,0.681794,0.700164
0.680639,0.742709,0.727331,0.673675,0.812591,0.590820,0.713397,0.705285,0.705074,0.686260
0.745115,0.652238,0.628186,0.714898,0.653989,0.723657,0.651345,0.699003,0.743449,0.686991
0.711052,0.699616,0.773062,0.515173,0.851148,0.713893,0.576542,0.656165,0.714101,0.659685
0.690449,0.702586,0.729043,0.716236,0.673437,0.694360,0.696473,0.682752,0.722398,0.716153
0.768982,0.654557,0.683669,0.795279,0.733504,0.838611,0.725115,0.692066,0.626952,0.603774
0.674247,0.685048,0.748816,0.753325,0.847272,0.741173,0.654769,0.718577,0.772801,0.643079
0.666499,0.677116,0.665826,0.638840,0.544005,0.765767,0.678357,0.676795,0.660565,0.681512
0.684589,0.672408,0.690127,0.744352,0.678898,0.637178,0.727273,0.690349,0.683829,0.672425
0.724418,0.684804,0.690173,0.768502,0.597816,0.715707,0.750128,0.684016,0.731152,0.702108
0.689025,0.681796,0.645347,0.639368,0.641350,0.680851,0.715652,0.712583,0.697346,0.680196
0.681424,0.711171,0.618296,0.735162,0.669303,0.643807,0.622091,0.681345,0.678255,0.704170
0.695049,0.713067,0.634985,0.685353,0.627836,0.614538,0.672556,0.693419,0.720411,0.740171
0.697470,0.743959,0.671809,0.643332,0.195204,0.703448,0.677667,0.704939,0.696481,0.716038
0.704556,0.714579,0.771339,0.777099,0.733656,0.730583,0.756086,0.707683,0.712232,0.687933
0.712399,0.716656,0.523886,0.671089,0.722429,0.656211,0.803675,0.777781,0.698833,0.696167
0.703376,0.701005,0.709363,0.684356,0.552074,0.700191,0.735563,0.700046,0.691135,0.683197
0.679891,0.682831,0.610909,0.647406,0.701407,0.735409,0.659049,0.697510,0.674841,0.683301
0.689353,0.661116,0.672378,0.785872,0.685884,0.648476,0.727830,0.654577,0.712363,0.734748
0.742640,0.633097,0.695810,0.693586,0.905577,0.617985,0.705243,0.670511,0.719114,0.733693
0.705941,0.698255,0.665519,0.672821,0.534042,0.776178,0.686009,0.694022,0.693000,0.706695
0.696305,0.733278,0.690583,0.705521,0.785952,0.761691,0.665429,0.680145,0.693393,0.672259
0.667611,0.729525,0.722627,0.631953,0.555984,0.759365,0.717566,0.700938,0.694871,0.688066
0.675866,0.691835,0.798548,0.695341,0.567336,0.648101,0.582037,0.665847,0.697278,0.727693
0.732603,0.708893,0.707018,0.658808,0.733739,0.568856,0.700184,0.716464,0.665528,0.693495
0.677478,0.707951,0.693470,0.694953,0.753445,0.789013,0.741673,0.708354,0.709500,0.680442
0.675449,0.613602,0.701375,0.729203,0.642843,0.797312,0.663830,0.616161,0.726422,0.671668
0.605503,0.680331,0.636383,0.677396,0.682248,0.604313,0.750349,0.632671,0.676593,0.719114
0.594482,0.675750,0.678198,0.768543,0.803601,0.751651,0.733675,0.705497,0.700225,0.755948
0.704494,0.734445,0.700299,0.648449,0.707811,0.727468,0.666959,0.703977,0.688256,0.707394
0.690755,0.748352,0.703044,0.695866,0.777804,0.700783,0.690064,0.711034,0.714478,0.704848
0.695876,0.698321,0.609117,0.663734,0.760951,0.614446,0.700083,0.653064,0.668863,0.736519
0.662351,0.684817,0.656709,0.695310,0.757426,0.552400,0.726400,0.674221,0.712883,0.704522
0.689324,0.774995,0.730672,0.724214,0.736739,0.610035,0.616326,0.696630,0.669943,0.677129
0.697146,0.699304,0.640958,0.713796,0.726726,0.788155,0.673478,0.639807,0.702857,0.689550
0.671158,0.689893,0.687369,0.773315,0.789879,0.836887,0.715519,0.636463,0.736242,0.687053
0.731627,0.700842,0.763259,0.566190,0.546659,0.701815,0.600176,0.664400,0.682647,0.754393
0.690519,0.701785,0.662457,0.656537,0.489928,0.740507,0.695148,0.715225,0.708167,0.708448
0.702209,0.637413,0.739658,0.659051,0.825741,0.654992,0.650376,0.733247,0.636223,0.684989
0.650815,0.720801,0.641902,0.664295,0.822851,0.636792,0.664910,0.728302,0.656992,0.705763
0.673554,0.685524,0.721924,0.673986,0.719085,0.748030,0.698019,0.703780,0.692158,0.712444
0.625419,0.683593,0.661448,0.810662,0.552446,0.793147,0.748425,0.741055,0.704602,0.690134
0.706575,0.718993,0.716213,0.689847,0.821218,0.702897,0.732032,0.697590,0.686609,0.717087
0.732376,0.704358,0.657426,0.651403,0.702784,0.741864,0.696414,0.661525,0.628191,0.673512
0.669917,0.629163,0.734154,0.754285,0.654958,0.683004,0.716121,0.663428,0.663844,0.683623
0.639619,0.668557,0.711730,0.674267,0.673398,0.739608,0.664845,0.710050,0.667737,0.723354
0.693579,0.711009,0.657957,0.705707,0.692046,0.722088,0.636642,0.686619,0.696290,0.692145
0.709713,0.674113,0.722834,0.647226,0.676058,0.749160,0.681362,0.610352,0.637523,0.685107
0.752015,0.692005,0.769591,0.720421,0.650163,0.798442,0.608701,0.701653,0.713956,0.686297
0.797402,0.637290,0.650445,0.650703,0.681489,0.622024,0.719282,0.736571,0.718605,0.711102
0.685219,0.696350,0.678575,0.615235,0.554175,0.801732,0.671225,0.681914,0.686549,0.695615
0.668723,0.678044,0.681015,0.641887,0.748975,0.704561,0.684914,0.724913,0.649277,0.681555
0.687824,0.698596,0.704974,0.780701,0.746779,0.542449,0.718473,0.699932,0.663401,0.692650
0.692062,0.776688,0.674930,0.678034,0.761489,0.647217,0.674129,0.766263,0.708907,0.709356
0.698232,0.680684,0.755062,0.739512,0.642881,0.604313,0.716587,0.660307,0.711172,0.697843
0.676353,0.666342,0.676594,0.749337,0.813284,0.600748,0.656114,0.729922,0.660635,0.689573
0.709271,0.683106,0.674912,0.627928,0.708182,0.682419,0.671879,0.707275,0.682922,0.720549
0.725962,0.619363,0.633193,0.668454,0.705382,0.652898,0.734775,0.728523,0.640964,0.732418
0.569156,0.760758,0.750053,0.772407,0.673275,0.698270,0.628499,0.666370,0.739242,0.715666
0.666528,0.653864,0.731794,0.809709,0.556655,0.762103,0.669776,0.669127,0.746648,0.683879
0.682308,0.703552,0.710921,0.735872,0.729334,0.751251,0.691038,0.677855,0.678316,0.723513
0.654591,0.649062,0.676167,0.651571,0.603089,0.725640,0.741778,0.665420,0.680717,0.689602
0.666402,0.650654,0.717790,0.668435,0.528784,0.680291,0.643292,0.694487,0.726734,0.705572
0.737073,0.679198,0.617011,0.585000,0.754109,0.596344,0.735287,0.566223,0.664818,0.707263
0.725249,0.601522,0.671778,0.534965,0.627833,0.790981,0.659326,0.735460,0.681593,0.731789
0.691638,0.662762,0.714645,0.613808,0.692840,0.734079,0.751762,0.699027,0.676007,0.692853
0.745002,0.672842,0.657814,0.682007,0.810239,0.565249,0.711996,0.684319,0.730164,0.720776
0.700011,0.707983,0.718871,0.835829,0.591121,0.653530,0.698255,0.696957,0.670668,0.716851
0.654545,0.710786,0.594152,0.717933,0.636504,0.679532,0.640198,0.656163,0.691375,0.701267
0.677206,0.667129,0.693753,0.712836,0.727374,0.818633,0.639251,0.659565,0.657241,0.622190
0.678042,0.695968,0.750878,0.681019,0.623325,0.715621,0.811168,0.714660,0.720515,0.706321
0.698610,0.689611,0.668453,0.676745,0.584251,0.765583,0.696769,0.712152,0.741154,0.637370
0.689773,0.610830,0.673086,0.684875,0.516753,0.714275,0.704467,0.687937,0.719767,0.665812
0.698470,0.675347,0.710463,0.791829,0.893031,0.630469,0.694729,0.698860,0.684504,0.686103
0.699934,0.667636,0.678450,0.604310,0.604140,0.738493,0.702072,0.705304,0.709600,0.726258
0.724567,0.686208,0.732397,0.727410,0.625350,0.682148,0.732533,0.681066,0.670551,0.681822
0.680171,0.672819,0.689475,0.716406,0.632450,0.744951,0.670146,0.729792,0.678499,0.659115
0.695899,0.753225,0.688649,0.634224,0.661568,0.809268,0.684221,0.659766,0.716356,0.710591
0.667717,0.679742,0.624721,0.715778,0.590352,0.672743,0.746881,0.767136,0.704367,0.655926
0.750457,0.711929,0.698947,0.663960,0.732396,0.576266,0.685075,0.690981,0.762707,0.675335
0.738193,0.690999,0.691236,0.752216,0.654333,0.769511,0.696016,0.600929,0.720149,0.648239
0.691810,0.722218,0.693034,0.733892,0.657006,0.635484,0.708685,0.680043,0.697061,0.699480
0.681257,0.675235,0.678085,0.738430,0.738231,0.485885,0.716054,0.693956,0.660910,0.698389
0.686355,0.690547,0.809372,0.697472,0.675329,0.505841,0.771769,0.672474,0.641075,0.688734
0.689227,0.713864,0.670472,0.659330,0.589830,0.684922,0.689713,0.691250,0.669627,0.694223
0.696571,0.659551,0.669982,0.635683,0.659455,0.815783,0.634701,0.724377,0.699587,0.689345
0.703879,0.685918,0.636474,0.708104,0.870040,0.770111,0.620722,0.664585,0.684734,0.659111
0.752592,0.675714,0.700877,0.678589,0.546292,0.709172,0.628071,0.663064,0.695816,0.715123
0.696992,0.701424,0.674064,0.630714,0.581384,0.597557,0.691268,0.708312,0.693575,0.680463
0.737573,0.704544,0.750958,0.730368,0.531576,0.776564,0.652021,0.747316,0.681755,0.673933
0.711042,0.678421,0.640279,0.730926,0.629062,0.622207,0.717446,0.638133,0.680420,0.705982
0.692586,0.670956,0.787953,0.691143,0.626273,0.505031,0.759964,0.693664,0.681436,0.678965
0.668941,0.703033,0.665973,0.721559,0.962884,0.810947,0.703194,0.721915,0.687859,0.705366
0.666707,0.673546,0.700451,0.660424,0.697850,0.611344,0.664364,0.627744,0.725043,0.663848
0.677578,0.774309,0.747674,0.741486,0.769771,0.742481,0.651444,0.709941,0.749038,0.762481
0.706052,0.701003,0.664236,0.663811,0.621703,0.651128,0.686307,0.639014,0.698991,0.699317
0.678803,0.691139,0.691127,0.705599,0.646865,0.734201,0.678798,0.669974,0.716630,0.693429
0.695988,0.706669,0.736000,0.708662,0.571262,0.711394,0.715826,0.751046,0.693969,0.696965
0.684124,0.702262,0.667976,0.722966,0.682227,0.667912,0.649734,0.686573,0.679198,0.696382
0.688578,0.613292,0.690521,0.687800,0.574030,0.788984,0.668752,0.783367,0.719894,0.689605
0.711286,0.612502,0.680629,0.704937,0.848013,0.716164,0.642289,0.690153,0.706158,0.715972
0.721225,0.703030,0.736299,0.701978,0.763283,0.680243,0.684877,0.693314,0.686835,0.661971
0.717811,0.693782,0.669879,0.764227,0.734463,0.745340,0.649623,0.701739,0.705226,0.684624
0.744724,0.686479,0.694935,0.632515,0.782676,0.716266,0.663595,0.664933,0.772879,0.700422
0.689549,0.704071,0.684918,0.680748,0.491588,0.598421,0.724593,0.666414,0.689921,0.687673
0.667879,0.685741,0.666867,0.666303,0.666319,0.840907,0.681768,0.665142,0.722028,0.755997
0.690060,0.728829,0.685340,0.811861,0.744664,0.638656,0.701748,0.704102,0.697796,0.682613
0.696416,0.678934,0.740217,0.757762,0.843965,0.670043,0.733778,0.675957,0.717674,0.686983
0.678819,0.692377,0.677692,0.631035,0.904669,0.785122,0.708003,0.670250,0.687465,0.662136
0.691938,0.675302,0.663729,0.678307,0.636741,0.713152,0.746396,0.684451,0.692281,0.732334
0.670345,0.771352,0.680268,0.768692,0.690610,0.656912,0.737646,0.641130,0.670012,0.693850
0.692849,0.729874,0.715192,0.786134,0.754053,0.596701,0.690388,0.686454,0.693009,0.662489
0.682364,0.696233,0.692563,0.720477,0.767041,0.738989,0.691375,0.689217,0.692106,0.685014
0.689884,0.703656,0.657316,0.661502,0.917202,0.766936,0.725690,0.783048,0.662834,0.673601
0.639691,0.649687,0.718013,0.702428,0.640292,0.622166,0.634763,0.716333,0.748012,0.617161
0.711240,0.695638,0.695210,0.731961,0.647719,0.697726,0.690952,0.682834,0.686257,0.670750
0.678965,0.704901,0.741432,0.635752,0.700756,0.704294,0.696437,0.736036,0.660458,0.659512
0.724820,0.726172,0.650917,0.670550,0.720858,0.708885,0.743362,0.661443,0.695777,0.700700
0.757148,0.651307,0.707879,0.633837,0.866515,0.677959,0.763099,0.698505,0.719194,0.713451
0.674001,0.704812,0.585131,0.685741,0.710164,0.828052,0.584747,0.715403,0.651422,0.679328
0.733665,0.692411,0.767473,0.602609,0.787358,0.725713,0.675507,0.676899,0.654876,0.729495
0.675649,0.679357,0.650493,0.680583,0.476893,0.686810,0.696317,0.705189,0.679235,0.699871
0.704615,0.721906,0.569110,0.579782,0.783931,0.826545,0.783633,0.646923,0.759571,0.754603
0.660522,0.722015,0.615081,0.675245,0.807043,0.738481,0.574979,0.694099,0.692175,0.659659
0.755303,0.723481,0.709394,0.667832,0.789425,0.671202,0.673607,0.697719,0.725846,0.674827
0.694975,0.612361,0.719519,0.712115,0.843022,0.614236,0.688078,0.790801,0.729085,0.732965
0.649698,0.701425,0.724690,0.683360,0.478888,0.678802,0.684314,0.725743,0.686852,0.670727
0.644421,0.683166,0.694993,0.623396,0.637546,0.727667,0.674836,0.742343,0.694258,0.676176
0.701392,0.665393,0.668624,0.661552,0.558855,0.764776,0.721078,0.694682,0.693474,0.739863
0.679552,0.670505,0.658831,0.697667,0.562481,0.581584,0.674929,0.681907,0.662837,0.686145
0.662256,0.706281,0.752399,0.686692,0.628341,0.706087,0.696363,0.760132,0.679140,0.739910
0.705973,0.652026,0.729815,0.788449,0.636875,0.669030,0.643167,0.652662,0.697138,0.660340
0.691376,0.690686,0.708076,0.717411,0.663087,0.696418,0.704087,0.698944,0.698331,0.711348
0.685506,0.651491,0.679568,0.700195,0.821736,0.607037,0.682894,0.713492,0.668961,0.678208
0.652961,0.722087,0.738519,0.652166,0.640958,0.649268,0.775423,0.689233,0.606394,0.718315
0.660020,0.672293,0.731104,0.629287,0.421183,0.606600,0.694118,0.677677,0.664970,0.700153
0.703298,0.664083,0.723015,0.707838,0.720405,0.703584,0.680181,0.693557,0.711090,0.665655
0.680018,0.646286,0.678568,0.712449,0.906321,0.768382,0.660004,0.703258,0.668514,0.699258
0.705392,0.671518,0.759465,0.632270,0.711321,0.732539,0.660642,0.722108,0.664763,0.703103
0.700043,0.699635,0.769019,0.723440,0.668883,0.781519,0.738768,0.740555,0.666370,0.724646
0.694438,0.695959,0.668986,0.680984,0.847203,0.771868,0.702360,0.711723,0.648180,0.697619
0.657880,0.709864,0.778621,0.742396,0.678968,0.575757,0.656369,0.688633,0.691881,0.685112
0.703190,0.684267,0.680023,0.715081,0.789602,0.703068,0.689118,0.737944,0.682454,0.699739
0.690936,0.727533,0.749896,0.669682,0.749709,0.699951,0.751755,0.668080,0.682163,0.703233
0.728621,0.671402,0.700711,0.735953,0.642486,0.756307,0.616601,0.653887,0.650277,0.744631
0.656641,0.675846,0.671074,0.764160,0.730737,0.586536,0.651009,0.689131,0.711681,0.657096
0.725713,0.702102,0.685964,0.669660,0.772044,0.651280,0.715254,0.725803,0.672911,0.712326
0.692088,0.648871,0.595566,0.713016,0.611467,0.631092,0.567415,0.723748,0.683010,0.692587
0.696028,0.631196,0.711157,0.573056,0.922341,0.735025,0.707833,0.753602,0.689975,0.696724
0.692631,0.749648,0.719988,0.803711,0.717418,0.758853,0.673114,0.656792,0.672093,0.708835
0.675217,0.699179,0.671556,0.699345,0.751767,0.736086,0.715434,0.701924,0.692634,0.673085
0.705120,0.666553,0.749337,0.626786,0.578152,0.670504,0.739248,0.712153,0.737773,0.692480
0.709116,0.725013,0.710014,0.661448,0.678987,0.682898,0.689933,0.711683,0.699602,0.701311
0.664240,0.707090,0.750692,0.646188,0.853373,0.597189,0.661556,0.777265,0.633937,0.652983
0.688734,0.691164,0.611970,0.720400,0.683707,0.737163,0.588559,0.697935,0.718269,0.686017
0.698704,0.692807,0.699664,0.743695,0.900796,0.790088,0.670827,0.686731,0.696669,0.687150
0.670400,0.656789,0.757584,0.772364,0.846528,0.541374,0.692736,0.677217,0.640972,0.654717
0.684602,0.662149,0.688510,0.671098,0.768944,0.609671,0.692275,0.718447,0.652270,0.683043
0.686684,0.677086,0.576018,0.691971,0.766857,0.770986,0.763940,0.701881,0.721692,0.724673
0.670306,0.691333,0.700656,0.640342,0.784340,0.685514,0.701376,0.693965,0.703423,0.685306
0.721104,0.669431,0.703349,0.827721,0.768453,0.663002,0.728070,0.743699,0.702191,0.687241
0.701874,0.687501,0.661384,0.636610,0.502340,0.757092,0.675308,0.715577,0.724527,0.694914
0.743062,0.702318,0.699824,0.688108,0.591882,0.809886,0.719645,0.621078,0.704910,0.638824
0.712718,0.681490,0.674635,0.705797,0.653935,0.687837,0.703300,0.692501,0.671334,0.682390
0.683711,0.699212,0.703319,0.646810,0.593443,0.698457,0.689027,0.641503,0.726270,0.673586
0.711034,0.703804,0.713168,0.814541,0.655179,0.638012,0.691596,0.749897,0.677863,0.687113
0.723723,0.677731,0.701771,0.619196,0.784206,0.775181,0.678873,0.695620,0.704055,0.664329
0.673108,0.686765,0.658392,0.698244,0.749987,0.693932,0.684534,0.708485,0.690244,0.698331
0.696876,0.737879,0.644314,0.715850,0.537353,0.641929,0.635001,0.675441,0.675213,0.704262
0.706016,0.692408,0.705367,0.665883,0.585558,0.706577,0.715136,0.684534,0.668258,0.697522
0.690427,0.688926,0.698495,0.714424,0.742415,0.751903,0.712136,0.689824,0.697740,0.692182
0.700701,0.748227,0.682180,0.660509,0.752448,0.517803,0.699032,0.722826,0.718645,0.735493
0.676166,0.705704,0.651234,0.630590,0.820043,0.543409,0.728583,0.711816,0.688047,0.674606
0.686355,0.651979,0.705786,0.734564,0.806712,0.493680,0.725826,0.746276,0.693724,0.685497
0.719770,0.714980,0.647025,0.681356,0.835185,0.692975,0.612726,0.693752,0.647086,0.658807
0.687289,0.650012,0.742416,0.776100,0.700821,0.649785,0.740242,0.695776,0.708415,0.683369
0.687459,0.626464,0.643874,0.659440,0.812709,0.740053,0.684467,0.728410,0.679883,0.701832
0.690275,0.657241,0.706599,0.815859,0.643938,0.731191,0.726576,0.683466,0.707032,0.697186
0.709327,0.600438,0.708133,0.606282,0.723281,0.657530,0.644400,0.767692,0.716478,0.689189
0.648225,0.714884,0.761883,0.587234,0.798116,0.784814,0.606364,0.635965,0.771008,0.670646
0.714193,0.687796,0.738222,0.686891,0.548710,0.639016,0.657612,0.677489,0.670999,0.679154
0.678578,0.691769,0.669809,0.726932,0.827650,0.689279,0.739321,0.686846,0.703565,0.647106
0.605824,0.645394,0.675059,0.622643,0.792306,0.547958,0.715229,0.669455,0.681252,0.670029
0.689643,0.680948,0.719218,0.695664,0.718311,0.699879,0.724091,0.693610,0.701493,0.647213
0.698616,0.696363,0.694100,0.730426,0.675536,0.738467,0.697298,0.762743,0.750726,0.680441
0.736575,0.649554,0.684675,0.732422,0.692060,0.689468,0.719750,0.695510,0.715369,0.666039
0.670421,0.711327,0.726092,0.595888,0.882578,0.782246,0.708811,0.702462,0.700625,0.702269
0.672273,0.664192,0.692735,0.774368,0.663626,0.706945,0.690344,0.672092,0.695245,0.693277
0.719871,0.678871,0.716327,0.622857,0.673703,0.796758,0.641949,0.731413,0.703774,0.727593
0.652747,0.642682,0.794704,0.629631,0.691193,0.723746,0.642227,0.621020,0.721822,0.666765
0.679878,0.645629,0.699282,0.708297,0.583371,0.567710,0.670848,0.727939,0.694741,0.688459
0.633905,0.686908,0.584830,0.683211,0.571160,0.751729,0.753985,0.717259,0.687401,0.689246
0.729226,0.680588,0.705047,0.651098,0.901055,0.785150,0.728658,0.625005,0.682779,0.710120
0.704676,0.670306,0.702882,0.738583,0.700479,0.636816,0.686529,0.693611,0.697170,0.686597
0.652811,0.727510,0.716248,0.707743,0.655508,0.732510,0.680164,0.724161,0.684136,0.714372
0.667010,0.721858,0.765648,0.785190,0.589247,0.716457,0.689762,0.699777,0.732363,0.664866
0.674179,0.747689,0.638139,0.775740,0.725009,0.703752,0.698733,0.667472,0.677658,0.692488
0.728940,0.703305,0.641303,0.684444,0.777133,0.676770,0.722449,0.688825,0.703909,0.699718
0.705603,0.665779,0.701502,0.664564,0.493301,0.768867,0.736031,0.728177,0.749862,0.728804
0.702485,0.682933,0.719857,0.625327,0.666115,0.697669,0.691057,0.699342,0.673755,0.644575
0.664727,0.590909,0.685385,0.644188,0.909638,0.712770,0.692972,0.731471,0.759783,0.726964
0.690098,0.693200,0.723706,0.661806,0.692747,0.700109,0.748395,0.701504,0.693113,0.710433
0.704393,0.654861,0.678972,0.741085,0.741438,0.651931,0.701406,0.685470,0.705369,0.682555
0.675689,0.646742,0.701002,0.610948,0.616465,0.694965,0.637098,0.740206,0.685135,0.764911
0.706971,0.669324,0.597422,0.623845,0.631256,0.750598,0.799334,0.673180,0.715640,0.591392
0.686173,0.688762,0.742115,0.675061,0.592648,0.704919,0.746083,0.678493,0.692430,0.697592
0.688573,0.666694,0.646347,0.697561,0.803391,0.750765,0.601956,0.710696,0.672717,0.684726
0.713668,0.683017,0.720875,0.779068,0.853935,0.644613,0.670565,0.658615,0.709667,0.692875
0.706598,0.695182,0.651241,0.785279,0.780378,0.722460,0.685399,0.635983,0.722309,0.694024
0.668856,0.661428,0.675839,0.714614,0.807162,0.619471,0.718871,0.704133,0.685683,0.718481
0.672638,0.698796,0.737421,0.670318,0.715233,0.704704,0.719428,0.682817,0.680510,0.700131
0.725972,0.699668,0.709728,0.691761,0.599491,0.588785,0.743928,0.692582,0.672152,0.694908
0.706420,0.705862,0.661162,0.729823,0.611140,0.663159,0.714154,0.660647,0.711681,0.690867
0.688896,0.651730,0.623940,0.698451,0.670410,0.699491,0.660272,0.689832,0.668943,0.677310
0.724564,0.767264,0.674447,0.659516,0.728704,0.705073,0.693925,0.717435,0.702936,0.708208
0.710045,0.690625,0.728869,0.713796,0.569095,0.691104,0.663307,0.669927,0.728153,0.663701
0.680883,0.726964,0.738475,0.697874,0.784088,0.643005,0.656305,0.673732,0.724184,0.623611
0.700734,0.677992,0.712822,0.664055,0.704227,0.693695,0.725061,0.740490,0.668519,0.676179
0.712938,0.667439,0.700646,0.715669,0.642037,0.777182,0.819195,0.681007,0.677676,0.685113
0.643681,0.702444,0.677396,0.677189,0.899384,0.807312,0.702471,0.708222,0.692470,0.733108
0.643302,0.713474,0.766776,0.802380,0.710134,0.706573,0.652176,0.689344,0.722580,0.682365
0.708345,0.690831,0.744372,0.691126,0.758857,0.736351,0.711805,0.723851,0.667826,0.727306
0.699149,0.675831,0.748024,0.745130,0.492904,0.731536,0.752251,0.708502,0.684625,0.669595
0.679714,0.680933,0.649959,0.824700,0.740546,0.735947,0.653589,0.629532,0.699445,0.704045
0.676257,0.636207,0.714840,0.803927,0.537224,0.660101,0.703852,0.667500,0.623979,0.663588
0.645031,0.711353,0.648774,0.599849,0.724473,0.719135,0.645825,0.656690,0.674491,0.665590
0.690320,0.670480,0.682598,0.739142,0.522390,0.687251,0.705267,0.692958,0.759742,0.679022
0.746663,0.706389,0.624103,0.712917,0.726526,0.572073,0.687409,0.690369,0.661278,0.707216
0.665067,0.679728,0.701408,0.658728,0.722045,0.667690,0.663087,0.712441,0.708753,0.688461
0.698711,0.707421,0.703782,0.690705,0.661838,0.656585,0.702555,0.682802,0.696569,0.700101
0.705992,0.701343,0.694800,0.707255,0.746865,0.530104,0.688376,0.729743,0.684049,0.668473
0.678985,0.633051,0.683013,0.756850,0.473190,0.606978,0.698999,0.688354,0.654539,0.691949
0.707034,0.689654,0.742407,0.716753,0.699704,0.665402,0.712426,0.693090,0.704594,0.642530
0.717611,0.697474,0.697422,0.677037,0.802755,0.751576,0.650803,0.661519,0.693032,0.679727
0.700081,0.669884,0.725746,0.629525,0.530330,0.740160,0.753475,0.702286,0.685177,0.682726
0.702258,0.680285,0.713540,0.663899,0.632393,0.640329,0.709398,0.712507,0.684497,0.720760
0.630924,0.693188,0.666304,0.743375,0.854027,0.655859,0.745004,0.685642,0.698924,0.693816
0.681683,0.759392,0.642958,0.706502,0.529677,0.686651,0.630502,0.713747,0.639017,0.686388
0.674706,0.715495,0.668085,0.604412,0.543644,0.658498,0.702250,0.651877,0.710366,0.712335
0.684703,0.700330,0.732454,0.675622,0.683396,0.751544,0.762935,0.704569,0.697417,0.706424
0.706104,0.655267,0.704475,0.706977,0.782669,0.572854,0.684652,0.723582,0.677486,0.715680
0.675573,0.690989,0.703022,0.667246,0.672892,0.750183,0.722625,0.679579,0.696419,0.701117
0.684564,0.710964,0.680242,0.751285,0.717085,0.700526,0.701515,0.661408,0.693823,0.680624
0.699832,0.653101,0.680457,0.646850,0.731259,0.579341,0.709894,0.714367,0.668884,0.696345
0.684663,0.676654,0.724320,0.659991,0.936548,0.798456,0.678001,0.718621,0.627842,0.656273
0.727695,0.610168,0.696225,0.633792,0.653654,0.771751,0.697731,0.695057,0.736490,0.722375
0.654362,0.661616,0.728225,0.682379,0.704507,0.673596,0.742943,0.681734,0.655010,0.706686
0.646224,0.763687,0.662513,0.687055,0.702726,0.681305,0.708154,0.706387,0.685841,0.667774
0.692160,0.650314,0.641372,0.732646,0.557396,0.635440,0.706542,0.718979,0.692326,0.712581
0.692797,0.690208,0.731516,0.758583,0.652992,0.727318,0.680203,0.728741,0.675790,0.697863
0.723304,0.747833,0.692743,0.678295,0.608795,0.741502,0.672780,0.710439,0.679985,0.652546
0.724341,0.712225,0.693198,0.632212,0.552552,0.626617,0.724828,0.691773,0.704201,0.671812
0.709139,0.662352,0.774923,0.677368,0.526236,0.763084,0.563096,0.698966,0.643667,0.723493
0.698772,0.694399,0.647262,0.688696,0.621995,0.820648,0.691570,0.703697,0.632225,0.678409
0.663568,0.692751,0.695459,0.721931,0.621798,0.639713,0.723179,0.706309,0.704056,0.689110
0.768387,0.637362,0.689965,0.650344,0.716884,0.695389,0.687827,0.705689,0.766105,0.684329
0.637134,0.725264,0.716332,0.657418,0.857238,0.795192,0.664652,0.673256,0.693807,0.689268
0.632602,0.696360,0.702602,0.763906,0.672537,0.641074,0.688648,0.695414,0.748121,0.670823
0.705192,0.714852,0.636677,0.673018,0.707063,0.649903,0.786292,0.692509,0.703084,0.725491
0.711507,0.626798,0.585727,0.700836,0.839178,0.710004,0.567489,0.728168,0.667206,0.733312
0.652385,0.658643,0.659097,0.630159,0.545037,0.760119,0.667374,0.668529,0.636667,0.648492
0.719210,0.674653,0.695095,0.691106,0.635025,0.636425,0.640245,0.641159,0.665767,0.737799
0.704337,0.678800,0.672867,0.653574,0.799355,0.677898,0.694137,0.697326,0.745572,0.712058
0.706512,0.704537,0.647917,0.665219,0.655313,0.589599,0.667065,0.728751,0.668381,0.691864
0.658129,0.654093,0.674116,0.655444,0.557682,0.625343,0.670925,0.679542,0.692880,0.668663
0.736612,0.718468,0.784881,0.683347,0.729493,0.687787,0.620990,0.685815,0.684378,0.708400
0.678462,0.630762,0.670755,0.704935,0.814317,0.759396,0.678114,0.718458,0.690081,0.693957
0.693318,0.641561,0.720308,0.663027,0.651715,0.656135,0.657123,0.655585,0.653691,0.679885
0.765177,0.694933,0.736158,0.793610,0.577091,0.615003,0.687547,0.659578,0.692266,0.645377
0.631828,0.730220,0.763514,0.649782,0.574654,0.642762,0.721629,0.712182,0.731189,0.719519
0.714585,0.702662,0.700050,0.610243,0.732944,0.572847,0.682196,0.740030,0.742317,0.722502
0.673029,0.696035,0.696534,0.686643,0.653427,0.666731,0.712262,0.670819,0.680924,0.702321
0.754154,0.662585,0.705232,0.666821,0.802746,0.629993,0.676144,0.677400,0.752737,0.704478
0.706473,0.755659,0.693622,0.735497,0.617582,0.720769,0.674290,0.633021,0.727568,0.705635
0.709803,0.665132,0.691123,0.701519,0.679349,0.697443,0.728455,0.733514,0.636679,0.690750
0.745362,0.677666,0.709987,0.650642,0.681672,0.700620,0.659906,0.687699,0.653158,0.657399
0.718546,0.721373,0.659139,0.676028,0.704382,0.652443,0.686739,0.660951,0.702796,0.660515
0.712620,0.680372,0.741701,0.669218,0.680930,0.726561,0.731348,0.695771,0.694410,0.693789
0.663740,0.683671,0.745195,0.731168,0.665227,0.674121,0.744066,0.714104,0.700172,0.659582
0.597029,0.712866,0.622412,0.697141,0.783890,0.693003,0.740042,0.674268,0.727904,0.695325
0.682179,0.713459,0.772972,0.670851,0.740184,0.660391,0.610038,0.598352,0.670651,0.682474
0.691218,0.710157,0.683993,0.685342,0.728180,0.643027,0.668939,0.701354,0.685987,0.717823
0.691167,0.719236,0.748926,0.703873,0.644757,0.616425,0.688819,0.698474,0.755034,0.708846
0.696992,0.694754,0.720411,0.727666,0.608754,0.733434,0.676347,0.718938,0.671044,0.660202
0.673948,0.682675,0.694453,0.709174,0.884243,0.766079,0.691809,0.719200,0.665277,0.698964
0.717186,0.672086,0.696386,0.679917,0.463234,0.720147,0.643819,0.668949,0.735823,0.684046
0.643653,0.653846,0.726229,0.635854,0.793996,0.661192,0.696212,0.755536,0.745030,0.697523
0.689428,0.686915,0.766618,0.697932,0.712684,0.732232,0.784435,0.685808,0.696162,0.696541
0.644365,0.748883,0.650480,0.696854,0.523474,0.791893,0.723280,0.707127,0.675781,0.724393
0.700326,0.700556,0.710191,0.689955,0.658611,0.757146,0.679654,0.699542,0.672933,0.673529
0.708385,0.734418,0.720386,0.724439,0.848350,0.790551,0.665165,0.642392,0.716243,0.700650
0.706018,0.721204,0.680030,0.660350,0.538574,0.780474,0.688196,0.720983,0.679004,0.688110
0.675689,0.707874,0.640954,0.691906,0.705858,0.665130,0.678540,0.683829,0.707751,0.715275
0.731504,0.687905,0.617196,0.642189,0.781678,0.679348,0.741461,0.720870,0.646804,0.704405
0.673011,0.694168,0.673956,0.624025,0.550003,0.697502,0.713995,0.682558,0.633654,0.704703
0.713147,0.644616,0.676812,0.555445,0.629834,0.722519,0.680421,0.665159,0.712933,0.719416
0.703179,0.587781,0.709777,0.769724,0.512116,0.634220,0.665505,0.658409,0.707007,0.730467
0.636162,0.711808,0.690481,0.582272,0.691261,0.648966,0.675448,0.749570,0.646262,0.685510
0.640502,0.734921,0.684541,0.689036,0.752880,0.633712,0.619103,0.695528,0.728609,0.719496
0.702191,0.690246,0.684538,0.733475,0.755169,0.702467,0.720991,0.689104,0.693259,0.710049
0.682269,0.738902,0.717217,0.808213,0.790736,0.721809,0.628069,0.632419,0.714489,0.734212
0.754263,0.655204,0.577546,0.618760,0.658389,0.665903,0.728635,0.704322,0.724958,0.614718
0.687881,0.706477,0.704033,0.707233,0.642171,0.660342,0.722227,0.666345,0.677947,0.705694
0.704802,0.683715,0.557215,0.710421,0.654556,0.661345,0.614697,0.693853,0.694264,0.713665
0.665175,0.665019,0.649733,0.594766,0.860294,0.612136,0.715555,0.776661,0.650438,0.694606
0.672021,0.719832,0.604723,0.685925,0.732230,0.616107,0.648874,0.712461,0.637563,0.706455
0.750592,0.670762,0.691043,0.646682,0.663589,0.760723,0.715882,0.707569,0.657678,0.689519
0.663887,0.640045,0.712651,0.615241,0.559128,0.714587,0.638047,0.721808,0.782025,0.704515
0.684205,0.695480,0.633014,0.687101,0.640700,0.831920,0.721121,0.703746,0.625811,0.668050
0.644557,0.713465,0.622686,0.605914,0.641925,0.807841,0.639533,0.708557,0.673660,0.703213
0.694979,0.636584,0.761067,0.707868,0.806786,0.551586,0.724326,0.761147,0.667718,0.739918
0.716156,0.712508,0.741226,0.633943,0.572149,0.749369,0.672686,0.747282,0.614651,0.672321
0.712597,0.612214,0.733205,0.656794,0.669636,0.717445,0.620294,0.718500,0.693724,0.715491
0.740910,0.759227,0.671389,0.693770,0.714465,0.539200,0.699330,0.734531,0.703940,0.683611
0.662711,0.694891,0.712950,0.623340,0.769649,0.527073,0.650283,0.645732,0.698633,0.669452
0.708198,0.686825,0.647794,0.785757,0.636724,0.704210,0.617014,0.680645,0.655005,0.687576
0.684559,0.615854,0.674812,0.686374,0.650632,0.687569,0.697834,0.698674,0.713359,0.706940
0.700563,0.689944,0.714710,0.654991,0.527563,0.645538,0.668383,0.684042,0.666361,0.701415
0.647942,0.699490,0.660509,0.695336,0.745150,0.645248,0.697854,0.712533,0.666648,0.689350
0.708030,0.659740,0.683547,0.631502,0.713578,0.854803,0.709447,0.693687,0.671301,0.642037
0.679005,0.720819,0.646019,0.726451,0.726894,0.729788,0.634277,0.693653,0.678788,0.701289
0.658995,0.662866,0.698498,0.683526,0.599121,0.667502,0.733560,0.666989,0.729972,0.740094
0.671755,0.711266,0.707031,0.701467,0.498650,0.712678,0.654689,0.634982,0.718851,0.730401
0.693151,0.715634,0.682187,0.745417,0.359076,0.698427,0.697322,0.758536,0.694764,0.709376
0.702918,0.723133,0.784741,0.678664,0.771112,0.722864,0.736521,0.650363,0.698814,0.681757
0.678622,0.648469,0.685774,0.757020,0.923496,0.607937,0.712868,0.634901,0.683382,0.728121
0.705049,0.707479,0.713587,0.696148,0.654283,0.729971,0.654617,0.740025,0.671215,0.696473
0.740632,0.764900,0.686206,0.679539,0.656944,0.652496,0.688322,0.769658,0.778219,0.691857
0.696345,0.665446,0.679422,0.715302,0.617343,0.736524,0.704670,0.704736,0.713493,0.682878
0.693982,0.665712,0.734521,0.640584,0.542613,0.736213,0.659199,0.684444,0.737109,0.702234
0.739092,0.660571,0.725737,0.672787,0.738430,0.580125,0.651127,0.696033,0.726061,0.672820
0.682534,0.690521,0.696776,0.661169,0.435409,0.727465,0.679410,0.699230,0.665283,0.687853
0.704101,0.723953,0.704334,0.742345,0.759105,0.595600,0.688069,0.715619,0.694709,0.669168
0.734187,0.668695,0.695875,0.712130,0.842533,0.745924,0.715559,0.679880,0.723393,0.752096
0.692402,0.644354,0.659453,0.680391,0.913221,0.713030,0.699992,0.779867,0.692372,0.716735
0.684077,0.688013,0.686477,0.705504,0.692919,0.687738,0.672571,0.712604,0.698140,0.695532
0.728935,0.719430,0.693650,0.717878,0.673600,0.767140,0.740582,0.696868,0.720888,0.682599
0.656538,0.607522,0.682620,0.722243,0.642964,0.639162,0.690961,0.680820,0.639360,0.702435
0.712024,0.704021,0.654846,0.642772,0.552732,0.763275,0.692045,0.740163,0.679018,0.693656
0.666576,0.657235,0.719944,0.776991,0.724624,0.638167,0.722969,0.646778,0.676894,0.709206
0.627872,0.674524,0.675376,0.654921,0.691657,0.624338,0.781521,0.646405,0.728330,0.669914
0.699980,0.716703,0.668391,0.782793,0.741495,0.633474,0.682636,0.663860,0.691883,0.694134
0.729306,0.738281,0.654790,0.710031,0.698051,0.689177,0.668907,0.712159,0.709571,0.712071
0.703407,0.695252,0.736427,0.702653,0.810991,0.667955,0.704400,0.655044,0.683434,0.707931
0.695177,0.664097,0.682322,0.706429,0.481144,0.631271,0.699855,0.718775,0.674589,0.719545
0.688532,0.655284,0.689118,0.773523,0.790194,0.617237,0.700871,0.701794,0.690644,0.685222
0.694775,0.643237,0.635230,0.706674,0.494077,0.633339,0.727204,0.747607,0.607994,0.675278
0.685278,0.699432,0.736862,0.687506,0.732888,0.726063,0.751943,0.694154,0.702688,0.690453
0.691606,0.717832,0.682484,0.697778,0.494288,0.662431,0.630317,0.684071,0.668694,0.665354
0.685417,0.650226,0.665999,0.718905,0.772606,0.719345,0.655197,0.707478,0.748387,0.786032
0.709219,0.688349,0.716754,0.697506,0.705465,0.717504,0.533648,0.689706,0.731380,0.771269
0.678996,0.707250,0.723723,0.692530,0.629114,0.656935,0.713366,0.656114,0.683660,0.698836
0.675420,0.729750,0.667877,0.620802,0.778363,0.559205,0.706446,0.714798,0.725865,0.659494
0.688027,0.701383,0.665360,0.754561,0.373943,0.707423,0.727424,0.800127,0.712176,0.705626
0.706825,0.686475,0.695573,0.681918,0.631207,0.708294,0.704891,0.688933,0.669063,0.692248
0.680532,0.657138,0.691537,0.670544,0.531032,0.642212,0.700877,0.657414,0.666590,0.680923
0.694346,0.742741,0.713807,0.741868,0.440588,0.784999,0.705347,0.738617,0.707675,0.706540
0.655502,0.703985,0.789777,0.778078,0.552945,0.654500,0.639270,0.673699,0.723008,0.715798
0.670639,0.659705,0.609507,0.768863,0.738556,0.739879,0.754445,0.708800,0.710237,0.711683
0.717585,0.712184,0.685983,0.656362,0.547377,0.700442,0.695479,0.646448,0.718409,0.661071
0.755275,0.696784,0.645167,0.691936,0.724682,0.621737,0.722719,0.760488,0.665030,0.647087
0.639767,0.667213,0.714120,0.728473,0.540146,0.687029,0.710645,0.757048,0.679229,0.699160
0.691747,0.686228,0.606245,0.746216,0.711878,0.796619,0.701462,0.676883,0.689043,0.682817
0.696704,0.700950,0.676592,0.695380,0.753271,0.609091,0.670199,0.711536,0.703937,0.687487
0.726375,0.656740,0.678354,0.757852,0.746705,0.768513,0.613388,0.685865,0.711544,0.679268
0.707234,0.735534,0.705232,0.677222,0.583784,0.717588,0.696118,0.717421,0.686639,0.740376
0.710034,0.705862,0.619180,0.707969,0.575965,0.621645,0.631948,0.684555,0.693062,0.683683
0.713499,0.669455,0.701133,0.735973,0.665574,0.767548,0.735411,0.681190,0.708703,0.710796
0.701570,0.643789,0.702125,0.663787,0.707658,0.774385,0.653747,0.717377,0.721310,0.696678
0.662977,0.708139,0.684271,0.669547,0.567656,0.736473,0.679109,0.699144,0.676588,0.706482
0.708157,0.676059,0.667016,0.675219,0.718381,0.761222,0.668798,0.705845,0.720138,0.662936
0.736494,0.678707,0.685937,0.766967,0.870912,0.811355,0.681269,0.621193,0.667000,0.673268
0.672062,0.719728,0.695369,0.785121,0.755339,0.606171,0.706762,0.645557,0.678353,0.710315
0.699337,0.692104,0.670110,0.652875,0.605587,0.769300,0.666906,0.698538,0.678070,0.698068
0.707662,0.640889,0.695317,0.782661,0.547058,0.677679,0.695218,0.712498,0.729158,0.688653
0.671952,0.720391,0.658144,0.607091,0.381327,0.608457,0.680990,0.684076,0.686765,0.681289
0.671456,0.690969,0.646669,0.700897,0.649961,0.707425,0.701568,0.727934,0.658853,0.701488
0.702667,0.707819,0.683869,0.637616,0.770852,0.787122,0.717010,0.703628,0.670703,0.709127
0.718535,0.627179,0.682450,0.640682,0.660029,0.653788,0.707202,0.679656,0.710122,0.791240
0.684761,0.652786,0.723077,0.667163,0.599588,0.656614,0.684570,0.712360,0.714374,0.695466
0.711446,0.687066,0.672208,0.685634,0.625626,0.617719,0.713198,0.698003,0.645110,0.699842
0.670853,0.730472,0.602076,0.684973,0.778477,0.743358,0.584844,0.674618,0.656126,0.691909
0.665340,0.688858,0.714772,0.759674,0.920443,0.661481,0.720773,0.714476,0.648631,0.697119
0.665545,0.677758,0.763267,0.748346,0.795121,0.769349,0.675382,0.713805,0.726506,0.649546
0.640781,0.611823,0.691207,0.702147,0.655407,0.653514,0.672125,0.678048,0.749792,0.596799
0.693292,0.748631,0.725692,0.765931,0.784460,0.672482,0.697235,0.741477,0.742434,0.683988
0.739827,0.737665,0.703068,0.687558,0.687923,0.754223,0.746420,0.705716,0.670268,0.735323
0.695355,0.662418,0.725323,0.719155,0.781309,0.646346,0.672603,0.650479,0.683877,0.702834
0.675117,0.705366,0.701268,0.642210,0.638684,0.772097,0.713636,0.696167,0.689394,0.696821
0.710793,0.720266,0.526017,0.661449,0.533581,0.656805,0.766110,0.632314,0.665592,0.650326
0.684981,0.701370,0.662686,0.613359,0.650223,0.731020,0.701195,0.713884,0.686501,0.679440
0.764203,0.710743,0.728676,0.781741,0.407649,0.723999,0.659961,0.761369,0.659137,0.694135
0.638416,0.683473,0.684344,0.680164,0.616484,0.709518,0.727071,0.699578,0.677790,0.695919
0.711003,0.725175,0.765405,0.700266,0.766836,0.535285,0.504866,0.696548,0.691387,0.605698
0.724975,0.756360,0.709259,0.689939,0.589853,0.665301,0.669721,0.714393,0.654410,0.680435
0.673092,0.650308,0.697874,0.625256,0.776462,0.535118,0.702985,0.595691,0.675130,0.679927
0.685507,0.694708,0.717013,0.674268,0.567788,0.643199,0.660163,0.722565,0.698398,0.674412
0.700585,0.663057,0.728317,0.715543,0.794246,0.725854,0.693285,0.715501,0.675777,0.622133
0.732651,0.715246,0.677661,0.650183,0.592977,0.596258,0.692629,0.685472,0.704839,0.710691
0.706117,0.642972,0.703477,0.659919,0.597593,0.590074,0.739616,0.685211,0.701928,0.678593
0.618007,0.644589,0.723206,0.818799,0.663682,0.707711,0.677015,0.680619,0.698365,0.704336
0.674353,0.698741,0.692850,0.722775,0.815500,0.496855,0.697432,0.717810,0.669526,0.712243
0.680205,0.711743,0.699553,0.612174,0.512819,0.692311,0.668002,0.701363,0.714703,0.718056
0.709350,0.617387,0.712979,0.673053,0.878786,0.655389,0.694494,0.725949,0.690829,0.699861
0.703424,0.654867,0.686922,0.755137,0.724413,0.667191,0.670896,0.697241,0.703013,0.689731
0.693302,0.681616,0.710201,0.768593,0.435079,0.649346,0.669274,0.648561,0.716907,0.714287
0.681383,0.707474,0.704062,0.729916,0.804325,0.743672,0.701222,0.669821,0.686587,0.725226
0.692555,0.725491,0.661136,0.647148,0.805822,0.765251,0.702379,0.587198,0.683503,0.681012
0.677082,0.703064,0.676169,0.821791,0.618326,0.694435,0.651387,0.753910,0.647203,0.669733
0.690539,0.702316,0.693831,0.705649,0.630175,0.675744,0.688706,0.708933,0.644010,0.716938
0.696072,0.699513,0.754279,0.711374,0.613618,0.672730,0.692330,0.758718,0.660051,0.673060
0.674263,0.667523,0.728468,0.677985,0.716479,0.708125,0.741206,0.641845,0.688056,0.729657
0.676844,0.668896,0.664393,0.697109,0.727536,0.636073,0.774477,0.675239,0.682448,0.711221
0.688413,0.736150,0.668084,0.736366,0.752880,0.645680,0.668206,0.656354,0.658621,0.709571
0.731639,0.672056,0.742835,0.678367,0.645546,0.738776,0.718429,0.700060,0.719275,0.682060
0.694209,0.660992,0.723264,0.689103,0.700656,0.707031,0.709295,0.681221,0.703338,0.681091
0.669149,0.735761,0.674129,0.668249,0.667248,0.701617,0.709502,0.648847,0.688068,0.684574
0.690755,0.669807,0.689800,0.690762,0.606769,0.729071,0.701433,0.675342,0.678111,0.693685
0.724173,0.625825,0.720135,0.699769,0.534380,0.711377,0.686855,0.756236,0.729582,0.715003
0.724941,0.709969,0.675115,0.653211,0.755069,0.538767,0.714844,0.731996,0.663798,0.659866
0.666415,0.632908,0.630901,0.745244,0.645440,0.573694,0.636942,0.662102,0.692961,0.714107
0.718547,0.702933,0.743926,0.748462,0.853303,0.628578,0.708371,0.661029,0.632308,0.699553
0.680828,0.667342,0.725815,0.656401,0.616136,0.674019,0.726677,0.699961,0.685625,0.685697
0.672058,0.732345,0.712687,0.748295,0.626989,0.686421,0.654167,0.666459,0.696535,0.704700
0.703257,0.684159,0.704014,0.650155,0.694034,0.730138,0.700419,0.684184,0.659512,0.693269
0.748863,0.688666,0.749638,0.699581,0.870793,0.737419,0.608578,0.688949,0.621882,0.701049
0.681652,0.704550,0.693736,0.769734,0.814567,0.714335,0.693645,0.659834,0.643640,0.703893
0.718008,0.677361,0.701203,0.587882,0.840435,0.717945,0.655212,0.716439,0.731277,0.748917
0.687819,0.698698,0.698798,0.651389,0.619278,0.865580,0.671398,0.666064,0.660747,0.681407
0.695598,0.734771,0.737661,0.690616,0.775051,0.510508,0.674290,0.693599,0.696789,0.669590
0.702005,0.693849,0.745009,0.700444,0.671231,0.714188,0.736900,0.692745,0.698546,0.700181
0.691169,0.669922,0.612946,0.785356,0.720027,0.686206,0.631673,0.684303,0.691923,0.686769
0.686428,0.683844,0.675596,0.675107,0.673355,0.569016,0.694358,0.717821,0.678004,0.700226
0.697799,0.618087,0.714655,0.694364,0.772740,0.583227,0.688058,0.704209,0.685580,0.665899
0.686594,0.667574,0.702492,0.717245,0.632913,0.698257,0.703649,0.676530,0.680714,0.666789
0.746979,0.732646,0.742742,0.761936,0.652799,0.625243,0.678302,0.687185,0.682677,0.672269
0.709277,0.698805,0.716152,0.696207,0.750391,0.699497,0.702463,0.716167,0.687705,0.680092
0.682476,0.683474,0.731404,0.674930,0.545995,0.666182,0.726725,0.654140,0.699885,0.693961
0.702297,0.697181,0.718197,0.710949,0.639765,0.825140,0.740932,0.660818,0.713317,0.699504
0.658797,0.693408,0.752901,0.626872,0.632540,0.758071,0.726641,0.717926,0.693271,0.728265
0.725889,0.689503,0.624630,0.732147,0.864802,0.658100,0.736151,0.728678,0.678503,0.718000
0.662088,0.739644,0.685373,0.704189,0.726220,0.590720,0.723178,0.690037,0.710664,0.705019
0.691972,0.666469,0.725045,0.691494,0.634252,0.699100,0.749109,0.719951,0.670011,0.691263
0.675418,0.673300,0.699381,0.617196,0.362007,0.679562,0.675337,0.672936,0.686876,0.671306
0.688400,0.682060,0.734946,0.719713,0.860844,0.591141,0.671172,0.622558,0.651636,0.659410
0.695804,0.678168,0.721525,0.745919,0.926686,0.808814,0.708857,0.697724,0.677439,0.695206
0.732921,0.695093,0.733497,0.757824,0.844878,0.677624,0.650117,0.669737,0.651320,0.680841
0.712535,0.744354,0.718907,0.718672,0.863346,0.795919,0.687562,0.688994,0.704886,0.668558
0.700044,0.724457,0.691773,0.674028,0.640743,0.807933,0.725320,0.681376,0.702556,0.687312
0.667577,0.665606,0.779444,0.754339,0.680975,0.634724,0.714863,0.688467,0.690259,0.686459
0.727223,0.776268,0.621847,0.597226,0.677813,0.571254,0.711308,0.669200,0.662733,0.677370
0.649148,0.678936,0.760893,0.776191,0.722067,0.732127,0.704527,0.705374,0.728422,0.727758
0.649672,0.678987,0.723959,0.721052,0.687091,0.611615,0.671330,0.697836,0.721023,0.704483
0.718777,0.746104,0.721977,0.792709,0.734695,0.709019,0.685263,0.755163,0.706685,0.727136
0.710855,0.723675,0.687709,0.796760,0.665975,0.683027,0.629217,0.659503,0.692787,0.674636
0.665173,0.702877,0.703885,0.665380,0.853164,0.808072,0.720310,0.720202,0.655419,0.716861
0.661974,0.708335,0.689956,0.685043,0.742809,0.736547,0.720532,0.713687,0.699168,0.705107
0.704298,0.742678,0.685560,0.755048,0.737480,0.734140,0.706659,0.748370,0.675039,0.690178
0.554729,0.659990,0.762199,0.572605,0.769087,0.780464,0.588584,0.687593,0.690518,0.684545
0.669283,0.688213,0.677359,0.729528,0.719638,0.514903,0.717079,0.680859,0.684665,0.700377
0.632899,0.681225,0.752478,0.701678,0.846587,0.696902,0.642116,0.674892,0.713716,0.624488
0.690978,0.711883,0.705221,0.673845,0.765952,0.556225,0.688185,0.722755,0.710807,0.676963
0.669578,0.738879,0.691709,0.690810,0.798628,0.692862,0.691141,0.679912,0.691375,0.708302
0.687324,0.659319,0.628617,0.750826,0.826896,0.865378,0.630734,0.656987,0.693995,0.700770
0.701430,0.700962,0.693318,0.621698,0.665685,0.713619,0.738810,0.684641,0.636971,0.709272
0.660722,0.694794,0.787649,0.690021,0.593207,0.652954,0.614004,0.676874,0.734429,0.714429
0.709957,0.687029,0.630626,0.730972,0.632232,0.716298,0.630390,0.662861,0.723969,0.648996
0.696698,0.663813,0.708386,0.703066,0.723811,0.583448,0.694506,0.679188,0.743997,0.712109
0.728103,0.688506,0.720881,0.744454,0.732502,0.715440,0.652739,0.640754,0.679604,0.720606
0.695473,0.680479,0.689874,0.734115,0.544443,0.654631,0.684008,0.719795,0.694081,0.684592
0.720500,0.719118,0.677533,0.665463,0.806521,0.659090,0.692768,0.761908,0.687307,0.703496
0.692459,0.720368,0.715390,0.769058,0.482322,0.728361,0.691076,0.705585,0.681378,0.681741
0.697434,0.704370,0.654162,0.689278,0.724748,0.684744,0.654504,0.677751,0.673564,0.729396
0.697853,0.682418,0.675721,0.649831,0.655203,0.694044,0.695353,0.704293,0.689249,0.722419
0.741717,0.630818,0.696958,0.686172,0.923076,0.696424,0.706806,0.741110,0.700201,0.740428
0.687594,0.674558,0.720081,0.701657,0.529368,0.763520,0.722798,0.658431,0.694127,0.671871
0.704381,0.698860,0.763704,0.733979,0.500653,0.595295,0.726705,0.669577,0.699144,0.719668
0.634728,0.708797,0.698823,0.667086,0.923635,0.799257,0.728600,0.776138,0.705665,0.718188
0.680210,0.697304,0.690267,0.681714,0.690853,0.687775,0.711379,0.677527,0.696381,0.662919
0.704091,0.756357,0.614534,0.692318,0.782962,0.748508,0.761684,0.696719,0.744741,0.706867
0.673859,0.681859,0.707604,0.684984,0.837691,0.650390,0.618775,0.650590,0.658395,0.623072
0.670507,0.733273,0.703027,0.820204,0.681376,0.727936,0.711853,0.650818,0.694853,0.683578
0.683112,0.628428,0.622297,0.699632,0.636681,0.650185,0.750058,0.670238,0.694782,0.724212
0.648838,0.660667,0.690472,0.646610,0.810092,0.677037,0.707618,0.687950,0.734110,0.719281
0.695535,0.734438,0.706762,0.722151,0.732609,0.802979,0.696681,0.688269,0.673651,0.708899
0.694204,0.653112,0.775012,0.588045,0.707949,0.562673,0.694903,0.713840,0.641793,0.711312
0.762076,0.682271,0.609710,0.644414,0.705468,0.688079,0.738498,0.754942,0.624464,0.658460
0.650359,0.652139,0.672131,0.676892,0.870497,0.579286,0.732729,0.715721,0.651401,0.706075
0.680995,0.653557,0.747833,0.792117,0.728346,0.614763,0.675842,0.711299,0.725209,0.690877
0.664468,0.688088,0.701115,0.684803,0.479433,0.676960,0.677080,0.706175,0.695090,0.720248
0.683722,0.723039,0.689682,0.770994,0.628976,0.744902,0.651237,0.663405,0.620155,0.712259
0.683470,0.712491,0.681453,0.734467,0.674123,0.767151,0.750871,0.696303,0.689102,0.626207
0.664865,0.686873,0.738742,0.708676,0.662532,0.603248,0.587005,0.708793,0.684954,0.714412
0.666753,0.699908,0.688051,0.726670,0.849238,0.655645,0.747318,0.665076,0.662191,0.714337
0.740403,0.597034,0.648039,0.709996,0.661930,0.588293,0.744144,0.754812,0.695254,0.700622
0.697754,0.689427,0.521420,0.494618,0.700734,0.760908,0.776356,0.744376,0.679649,0.583413
0.693769,0.722744,0.685289,0.697398,0.741921,0.715705,0.684988,0.699702,0.688537,0.693744
0.712449,0.678941,0.695337,0.718042,0.537671,0.714036,0.657799,0.611103,0.742876,0.684013
0.694195,0.722657,0.711963,0.655160,0.555224,0.669600,0.729625,0.722378,0.700852,0.690153
0.661630,0.702075,0.653163,0.708123,0.929527,0.798847,0.667965,0.731178,0.637754,0.702830
0.679139,0.687286,0.672448,0.752967,0.668172,0.692176,0.706179,0.657734,0.697046,0.682320
0.703295,0.703938,0.721139,0.719815,0.671841,0.647226,0.751534,0.711595,0.707879,0.696071
0.680640,0.690204,0.705932,0.684965,0.556116,0.713087,0.707200,0.679263,0.678405,0.694594
0.689877,0.670245,0.676316,0.690859,0.770931,0.626088,0.693446,0.690413,0.680486,0.695079
0.700072,0.619966,0.671890,0.749319,0.767600,0.622554,0.689545,0.663601,0.698958,0.686577
0.721062,0.779815,0.672125,0.700599,0.488562,0.712286,0.684246,0.710541,0.662493,0.702466
0.686294,0.733481,0.658574,0.792971,0.642849,0.688331,0.726938,0.733567,0.742295,0.692261
0.680508,0.688283,0.666445,0.728112,0.767035,0.621287,0.661001,0.709351,0.677107,0.691847
0.674057,0.713406,0.776848,0.667706,0.663062,0.710113,0.747683,0.702001,0.674330,0.665087
0.729906,0.687803,0.712387,0.715587,0.849252,0.616818,0.688251,0.641546,0.696031,0.688334
0.727831,0.670775,0.715081,0.673468,0.729165,0.811938,0.638524,0.666279,0.640075,0.672944
0.691118,0.697555,0.720129,0.706222,0.792582,0.739275,0.735604,0.697104,0.672218,0.683300
0.680113,0.758182,0.730787,0.580722,0.632261,0.682236,0.658186,0.727967,0.710919,0.754197
0.786449,0.677815,0.707195,0.657486,0.880328,0.704920,0.671661,0.668509,0.658227,0.717829
0.704820,0.720053,0.721509,0.691733,0.584420,0.741431,0.645818,0.732533,0.716844,0.678196
0.695710,0.727790,0.715137,0.636916,0.678068,0.670444,0.697711,0.699712,0.677608,0.693149
0.693653,0.686733,0.697662,0.669473,0.635209,0.693374,0.694313,0.715326,0.706100,0.678834
0.704850,0.693433,0.684907,0.667439,0.640548,0.552802,0.695662,0.738426,0.700094,0.681286
0.716858,0.689802,0.719878,0.775890,0.699696,0.681799,0.679397,0.673273,0.725024,0.731002
0.729572,0.702342,0.704538,0.770796,0.526822,0.706296,0.754599,0.706655,0.744223,0.676699
0.733061,0.684737,0.636784,0.738480,0.767868,0.719416,0.691605,0.695553,0.676704,0.702719
0.678200,0.688317,0.689771,0.704784,0.629043,0.718636,0.685525,0.694818,0.698347,0.676377
0.675251,0.704706,0.658426,0.635476,0.627348,0.753311,0.715638,0.687654,0.682395,0.680311
0.664984,0.622934,0.687087,0.697747,0.914878,0.614165,0.719912,0.687969,0.681752,0.690473
0.644092,0.703671,0.757034,0.620456,0.678428,0.563903,0.622369,0.743351,0.669745,0.725849
0.675871,0.674151,0.748594,0.675159,0.633764,0.682710,0.747992,0.683510,0.659874,0.673089
0.643635,0.753232,0.735946,0.625221,0.684865,0.770635,0.631178,0.642086,0.726755,0.699940
0.645861,0.692406,0.735265,0.646937,0.858863,0.690985,0.732626,0.677786,0.715011,0.690901
0.670336,0.750963,0.711169,0.739484,0.269994,0.699884,0.643498,0.706650,0.702903,0.619531
0.681178,0.709301,0.708756,0.654310,0.700853,0.475260,0.681200,0.709665,0.680162,0.677898
0.666940,0.693601,0.677795,0.690003,0.822195,0.654734,0.741247,0.723835,0.694651,0.739145
0.581659,0.676446,0.682523,0.754814,0.644637,0.704873,0.700782,0.731231,0.793528,0.745584
0.691363,0.724733,0.731019,0.615651,0.713946,0.649871,0.638977,0.697391,0.712501,0.722603
0.651947,0.630010,0.719320,0.701932,0.754512,0.710747,0.747128,0.680247,0.685801,0.686897
0.710357,0.668220,0.734327,0.681162,0.755096,0.708188,0.714142,0.653227,0.663490,0.740384
0.648308,0.672096,0.708829,0.681623,0.671837,0.701418,0.680604,0.702055,0.720600,0.692045
0.703670,0.715878,0.766577,0.707046,0.797013,0.789740,0.692455,0.761032,0.684109,0.712149
0.696453,0.703135,0.717261,0.696727,0.509602,0.691257,0.710878,0.701106,0.678675,0.685340
0.746921,0.703767,0.692717,0.797420,0.625614,0.700533,0.702968,0.741864,0.717118,0.728077
0.712677,0.757135,0.669985,0.603432,0.809555,0.767654,0.674188,0.715088,0.720449,0.730607
0.683751,0.675187,0.698899,0.707360,0.656333,0.690283,0.650959,0.693132,0.681342,0.665540
0.695014,0.675697,0.666773,0.665499,0.856061,0.685693,0.733828,0.714542,0.716039,0.671870
0.716180,0.717075,0.681045,0.582527,0.779026,0.585193,0.667804,0.751122,0.678806,0.730452
0.693665,0.693200,0.705803,0.671827,0.795077,0.532492,0.684225,0.669547,0.681477,0.678020
0.694873,0.699317,0.666226,0.628050,0.693384,0.634799,0.703505,0.720311,0.677642,0.688237
0.722878,0.681367,0.723566,0.732827,0.776358,0.771934,0.682351,0.685194,0.673756,0.658314
0.699666,0.667989,0.735998,0.730859,0.524856,0.687409,0.715422,0.712388,0.662546,0.667918
0.641106,0.723340,0.732182,0.650386,0.753157,0.768828,0.654531,0.632642,0.679326,0.677684
0.704128,0.634195,0.656978,0.594253,0.695498,0.787747,0.686739,0.785525,0.722470,0.671259
0.674364,0.643600,0.671995,0.721717,0.778606,0.559606,0.680756,0.711210,0.651585,0.686814
0.721555,0.655275,0.713188,0.697597,0.883563,0.716558,0.666476,0.723490,0.662583,0.695742
0.704119,0.663060,0.652714,0.747880,0.754054,0.571228,0.698051,0.694409,0.741917,0.735793
0.638380,0.708577,0.654627,0.741310,0.634709,0.686791,0.675820,0.726587,0.686374,0.678116
0.676355,0.582062,0.690790,0.738101,0.592191,0.647857,0.683625,0.686143,0.682264,0.720275
0.664069,0.706735,0.768590,0.734668,0.691691,0.669276,0.640097,0.724090,0.677847,0.736464
0.694326,0.704354,0.707737,0.746549,0.836603,0.617888,0.727835,0.722849,0.671562,0.717743
0.714787,0.750730,0.730934,0.840921,0.839458,0.660316,0.682846,0.621645,0.683241,0.679312
0.726863,0.661297,0.656975,0.715707,0.755618,0.673187,0.711598,0.705234,0.644721,0.663303
0.641110,0.712324,0.657431,0.766444,0.660401,0.748066,0.709132,0.698884,0.713659,0.688939
0.694463,0.656294,0.660020,0.592089,0.872881,0.685269,0.688690,0.598286,0.729694,0.720812
0.697279,0.672125,0.691983,0.723836,0.793906,0.672749,0.679710,0.662828,0.687886,0.700467
0.662801,0.685649,0.697467,0.677824,0.735416,0.601975,0.705729,0.735419,0.770976,0.686570
0.684671,0.671343,0.783772,0.779530,0.659241,0.621600,0.563408,0.681012,0.652729,0.707198
0.720003,0.715567,0.683953,0.662551,0.761582,0.627487,0.653612,0.714791,0.695631,0.668049
0.712091,0.712353,0.623177,0.729282,0.434222,0.700050,0.760505,0.766751,0.675908,0.765040
0.645895,0.752761,0.662976,0.782113,0.716660,0.703205,0.588910,0.664848,0.664533,0.668489
0.644345,0.659526,0.732953,0.653003,0.882721,0.642739,0.695765,0.645330,0.676503,0.647242
0.700270,0.719353,0.704115,0.720712,0.606608,0.688303,0.740419,0.748261,0.687509,0.710644
0.689686,0.692622,0.622873,0.756179,0.758579,0.689731,0.619213,0.690166,0.697231,0.699699
0.751846,0.634681,0.630174,0.524799,0.683206,0.729240,0.673473,0.737736,0.736248,0.708061
0.735096,0.647993,0.696118,0.576740,0.813951,0.760063,0.679448,0.689131,0.731378,0.678451
0.651040,0.672972,0.705992,0.759561,0.639938,0.663185,0.617614,0.664310,0.708447,0.731185
0.695332,0.687024,0.691309,0.673026,0.481478,0.751457,0.693952,0.704908,0.702576,0.698541
0.675538,0.712167,0.710418,0.697310,0.675679,0.629766,0.623709,0.692009,0.689800,0.692238
0.767850,0.775311,0.723285,0.627496,0.703805,0.716985,0.656406,0.628089,0.736584,0.703660
0.655040,0.674747,0.706511,0.671390,0.687142,0.740324,0.726749,0.675905,0.633860,0.673273
0.719542,0.694133,0.668255,0.729268,0.522925,0.733466,0.708274,0.730028,0.701049,0.693896
0.662942,0.679958,0.682214,0.673272,0.657050,0.618233,0.710862,0.616355,0.666022,0.693142
0.692004,0.727288,0.685217,0.694439,0.600264,0.694909,0.682843,0.657202,0.697396,0.660854
0.695074,0.730530,0.690502,0.624086,0.281395,0.746369,0.672731,0.713637,0.686233,0.680879
0.665894,0.724660,0.717640,0.735641,0.626766,0.664856,0.654086,0.694618,0.711831,0.677978
0.672956,0.665638,0.703534,0.685781,0.854088,0.730954,0.724016,0.711896,0.645445,0.741903
0.681244,0.707301,0.703594,0.703222,0.842242,0.803343,0.733610,0.697373,0.684106,0.712489
0.697215,0.711017,0.702012,0.688019,0.772394,0.746193,0.742406,0.697970,0.670597,0.726968
0.706707,0.666760,0.693552,0.698437,0.756714,0.713667,0.665603,0.672200,0.709306,0.692969
0.677043,0.718433,0.735537,0.807374,0.884169,0.690756,0.679479,0.646922,0.678001,0.652645
0.710483,0.744092,0.676493,0.726779,0.546366,0.680984,0.734161,0.697844,0.719158,0.696258
0.749562,0.719057,0.751607,0.576667,0.784974,0.702417,0.692625,0.684293,0.686170,0.737334
0.614238,0.621132,0.688628,0.674329,0.635546,0.736822,0.680875,0.640835,0.664336,0.721769
0.724846,0.731890,0.673239,0.628930,0.669439,0.772152,0.668940,0.801915,0.754335,0.707920
0.694825,0.686863,0.681229,0.662127,0.527178,0.747316,0.702036,0.702557,0.679578,0.693343
0.679902,0.639132,0.708291,0.699055,0.816116,0.720291,0.591611,0.661788,0.665482,0.655524
0.771229,0.723646,0.760806,0.655393,0.856021,0.727083,0.676045,0.725922,0.714827,0.697956
0.663638,0.672469,0.690443,0.709628,0.582851,0.731489,0.722272,0.682524,0.711297,0.708874
0.735061,0.724512,0.665722,0.646963,0.765408,0.594390,0.697628,0.744726,0.724072,0.663875
0.699551,0.674850,0.708541,0.722478,0.644808,0.632282,0.682396,0.683779,0.675265,0.684285
0.742953,0.722612,0.718580,0.720811,0.678367,0.636025,0.680364,0.702572,0.747020,0.675755
0.657200,0.701691,0.631208,0.628129,0.485734,0.793062,0.701914,0.715928,0.725845,0.626168
0.666093,0.672929,0.688378,0.765937,0.908793,0.641929,0.729758,0.692577,0.685613,0.702296
0.660849,0.700997,0.665600,0.733920,0.599506,0.728381,0.717815,0.718397,0.695188,0.659702
0.682326,0.684352,0.729581,0.687857,0.648029,0.707193,0.734597,0.695433,0.705912,0.697719
0.692636,0.591942,0.693480,0.702889,0.676911,0.711901,0.669570,0.670721,0.682411,0.652700
0.667307,0.611826,0.667262,0.638665,0.548837,0.747619,0.686606,0.693215,0.722190,0.654788
0.695822,0.673936,0.739937,0.714041,0.546559,0.728102,0.773352,0.633854,0.701200,0.701547
0.674967,0.687470,0.665022,0.730409,0.417461,0.641043,0.699305,0.694791,0.700604,0.711278
0.695042,0.616935,0.686474,0.694086,0.625425,0.670571,0.684053,0.642216,0.677478,0.697718
0.665404,0.694293,0.702645,0.627043,0.620597,0.716848,0.692490,0.717146,0.677219,0.675493
0.612512,0.693391,0.747642,0.637177,0.653749,0.741988,0.632438,0.675955,0.675929,0.724688
0.666504,0.731669,0.648889,0.711051,0.760041,0.871349,0.630875,0.652848,0.685344,0.677517
0.702199,0.677854,0.659868,0.653324,0.490321,0.689534,0.679517,0.708390,0.713409,0.726229
0.701404,0.672391,0.721813,0.774764,0.471905,0.670818,0.694566,0.706270,0.665896,0.684901
0.706471,0.698635,0.762792,0.673798,0.876698,0.609709,0.682096,0.670152,0.673703,0.672094
0.715148,0.708311,0.636019,0.765603,0.646294,0.771203,0.766654,0.678524,0.719108,0.695991
0.673690,0.615261,0.692907,0.722307,0.586245,0.619585,0.646875,0.713306,0.710978,0.734292
0.680737,0.705784,0.665418,0.760694,0.722817,0.729979,0.631727,0.669693,0.715223,0.687265
0.683656,0.691320,0.726994,0.682885,0.481541,0.621732,0.715611,0.689296,0.663009,0.704309
0.687762,0.722997,0.660661,0.597242,0.306500,0.750532,0.689747,0.705750,0.685612,0.697990
0.689581,0.710795,0.710206,0.780030,0.812849,0.677818,0.694051,0.690102,0.697108,0.707842
0.725195,0.658799,0.717861,0.705880,0.539655,0.657292,0.704188,0.670337,0.667770,0.678822
0.737498,0.729279,0.649999,0.731386,0.580665,0.634403,0.671166,0.665263,0.700010,0.699037
0.712633,0.716304,0.615578,0.673309,0.768639,0.575187,0.727349,0.680533,0.622651,0.741553
0.701896,0.713364,0.718828,0.628312,0.566581,0.660138,0.643293,0.694489,0.680717,0.749766
0.718383,0.681893,0.766591,0.780628,0.736298,0.774820,0.714724,0.675848,0.731023,0.634195
0.683299,0.695249,0.643601,0.761355,0.655956,0.610827,0.677286,0.682196,0.688860,0.687927
0.699632,0.719769,0.665741,0.755775,0.708553,0.702539,0.632686,0.678296,0.705971,0.682006
0.698974,0.731078,0.710298,0.789840,0.542061,0.771541,0.707145,0.736213,0.723638,0.710896
0.630644,0.717398,0.703161,0.739118,0.715701,0.568272,0.654790,0.614271,0.722722,0.700894
0.682086,0.745522,0.671541,0.652022,0.766528,0.631935,0.657696,0.725455,0.703812,0.700563
0.707644,0.699012,0.696986,0.585252,0.750129,0.687486,0.661695,0.644251,0.685268,0.689290
0.688038,0.693344,0.637767,0.646119,0.450751,0.796296,0.658567,0.638958,0.749846,0.702573
0.685135,0.702995,0.676764,0.646822,0.870174,0.689376,0.717164,0.725220,0.638267,0.726400
0.632255,0.725865,0.777650,0.736366,0.552044,0.785833,0.653338,0.756922,0.737174,0.648049
0.677650,0.673074,0.699585,0.697700,0.617730,0.780919,0.714422,0.684364,0.679696,0.701096
0.688138,0.799367,0.710903,0.690469,0.623664,0.660070,0.729673,0.744481,0.734645,0.723849
0.713583,0.694936,0.646594,0.693601,0.810722,0.600000,0.711611,0.704753,0.680616,0.732812
0.711910,0.635379,0.692796,0.740171,0.880624,0.745548,0.689145,0.713750,0.714537,0.702526
0.696083,0.714052,0.664166,0.717249,0.714961,0.686383,0.658477,0.670746,0.667099,0.686291
0.722395,0.681480,0.818957,0.635760,0.802958,0.576689,0.597199,0.677534,0.650899,0.664143
0.707820,0.682166,0.728323,0.776679,0.631938,0.689596,0.719892,0.716228,0.732235,0.685898
0.749708,0.721403,0.661398,0.780986,0.559817,0.634000,0.667103,0.660641,0.731022,0.678379
0.703037,0.731110,0.735894,0.742302,0.837186,0.583370,0.704705,0.676746,0.692433,0.713709
0.678595,0.684372,0.729390,0.616086,0.739558,0.652561,0.674711,0.641129,0.688067,0.704476
0.680308,0.738149,0.642300,0.728307,0.724931,0.526407,0.661762,0.747516,0.673455,0.653961
0.683773,0.696885,0.679978,0.700737,0.710244,0.723477,0.673134,0.687449,0.681418,0.694637
0.645941,0.675410,0.722671,0.675843,0.776543,0.742240,0.681350,0.653878,0.648627,0.659976
0.669194,0.675670,0.709282,0.706428,0.709748,0.667354,0.676625,0.686135,0.692020,0.684592
0.701697,0.702688,0.713797,0.786681,1.000000,0.839312,0.719591,0.706319,0.710051,0.699003
0.713172,0.676951,0.681605,0.635061,0.539494,0.627666,0.683526,0.704458,0.709944,0.712453
0.709567,0.705187,0.693757,0.675532,0.703672,0.744021,0.717083,0.688867,0.693666,0.702734
0.686825,0.689449,0.657138,0.719411,0.662929,0.680106,0.668227,0.680632,0.715143,0.723243
0.680260,0.701466,0.698458,0.706267,0.612905,0.633200,0.678734,0.680872,0.707158,0.678259
0.686891,0.726778,0.619992,0.725561,0.654652,0.517285,0.704663,0.670432,0.709430,0.762672
0.674071,0.690917,0.706124,0.768036,0.613312,0.726167,0.716385,0.689439,0.683250,0.667851
0.712385,0.717081,0.669792,0.702625,0.658455,0.649924,0.690033,0.662677,0.738197,0.684846
0.658797,0.673843,0.794428,0.670420,0.711376,0.723994,0.812068,0.695528,0.717689,0.652094
0.692750,0.706702,0.695620,0.726620,0.393392,0.724366,0.701984,0.712948,0.658190,0.697173
0.705247,0.716172,0.632363,0.687507,0.699604,0.682341,0.664561,0.715426,0.680017,0.703092
0.685247,0.681397,0.719945,0.703174,0.749427,0.616852,0.731625,0.708765,0.682157,0.698558
0.707790,0.698849,0.661853,0.759956,0.595541,0.674698,0.717862,0.688449,0.638985,0.665383
0.687917,0.688148,0.703209,0.689535,0.577343,0.815569,0.702114,0.659634,0.682392,0.708127
0.699052,0.655693,0.715911,0.741863,0.820729,0.619078,0.720507,0.683274,0.696343,0.693076
0.722681,0.625992,0.718825,0.695835,0.647825,0.798135,0.701424,0.704136,0.708250,0.693410
0.723367,0.626620,0.724036,0.771633,0.900427,0.589172,0.709748,0.676068,0.734419,0.692923
0.714067,0.719302,0.762423,0.680895,0.827838,0.743615,0.643827,0.686752,0.683429,0.669750
0.720702,0.717489,0.669544,0.694370,0.624520,0.524812,0.746221,0.722771,0.698309,0.672831
0.680366,0.659763,0.662168,0.662612,0.829195,0.655337,0.678112,0.739122,0.686265,0.692242
0.748504,0.765576,0.642838,0.667413,0.702783,0.535335,0.748501,0.720955,0.698954,0.642050
0.679320,0.670266,0.674154,0.595147,0.713527,0.678926,0.727543,0.713395,0.684015,0.721780
0.702101,0.713187,0.692370,0.687694,0.689200,0.691186,0.708311,0.671971,0.666418,0.698997
0.706275,0.702389,0.740292,0.744820,0.669034,0.679508,0.734067,0.657151,0.697135,0.699395
0.647822,0.683627,0.716661,0.776400,0.785353,0.632293,0.722156,0.641473,0.644599,0.658891
0.648502,0.726305,0.728364,0.637930,0.813956,0.605832,0.660578,0.755022,0.641410,0.678195
0.700992,0.702617,0.708839,0.671644,0.636355,0.708713,0.702996,0.720772,0.692783,0.692524
0.639991,0.664852,0.753968,0.628602,0.737984,0.509085,0.676444,0.753664,0.734347,0.719527
0.711414,0.662588,0.642221,0.711009,0.453721,0.727328,0.681545,0.661816,0.679787,0.682983
0.693880,0.739535,0.723017,0.661992,0.643146,0.760943,0.657486,0.711937,0.705284,0.607681
0.718978,0.721361,0.714977,0.709187,0.620287,0.541493,0.698035,0.722040,0.713008,0.677616
0.705682,0.699741,0.689854,0.674462,0.602106,0.724007,0.708608,0.692411,0.665243,0.703237
0.706638,0.673141,0.721644,0.759436,0.536528,0.674807,0.693728,0.683932,0.711599,0.644420
0.683265,0.712698,0.724485,0.702819,0.821468,0.786504,0.794882,0.710809,0.689811,0.688671
0.685699,0.707346,0.685130,0.746817,0.680199,0.728908,0.744268,0.692179,0.666539,0.722923
0.693134,0.653109,0.702406,0.806286,0.459291,0.674755,0.672483,0.642007,0.681664,0.682494
0.695281,0.706052,0.676826,0.734039,0.596874,0.742616,0.702021,0.733509,0.720518,0.713589
0.690832,0.665249,0.734740,0.651180,0.486745,0.708113,0.669923,0.719325,0.668385,0.705770
0.691328,0.687260,0.672127,0.688751,0.727214,0.661593,0.664556,0.694493,0.726452,0.649253
0.699753,0.721154,0.661146,0.678290,0.695346,0.620433,0.724746,0.710235,0.692587,0.708560
0.744071,0.679376,0.677302,0.659222,0.765425,0.583156,0.744285,0.675063,0.700528,0.684404
0.676792,0.730542,0.674556,0.696510,0.628229,0.670701,0.726794,0.672285,0.685903,0.655777
0.688237,0.689670,0.698873,0.699540,0.478408,0.651167,0.652427,0.722337,0.683754,0.667153
0.682929,0.658255,0.631925,0.564229,0.374062,0.782848,0.662929,0.754679,0.755901,0.676449
0.719631,0.727980,0.680752,0.736748,0.504674,0.718879,0.687072,0.688699,0.710243,0.672295
0.700746,0.695462,0.802401,0.746242,0.637324,0.719689,0.630012,0.762715,0.687094,0.726241
0.692347,0.753894,0.648348,0.580889,0.767285,0.723400,0.684377,0.728451,0.705774,0.733226
0.693221,0.615061,0.690438,0.787550,0.736643,0.654147,0.654987,0.617625,0.661606,0.701024
0.719538,0.661619,0.684957,0.711379,0.493693,0.744496,0.688173,0.595529,0.734867,0.670048
0.737565,0.664039,0.674086,0.743374,0.634509,0.677962,0.730513,0.718660,0.701269,0.714724
0.701735,0.731199,0.717119,0.637780,0.658556,0.729270,0.771460,0.690971,0.691029,0.679159
0.702895,0.690081,0.720850,0.623320,0.541586,0.667151,0.633455,0.642665,0.675371,0.727582
0.720724,0.748496,0.704297,0.798314,0.586060,0.746749,0.701301,0.717392,0.703706,0.672572
0.682339,0.698059,0.642706,0.734403,0.630198,0.644407,0.649141,0.672540,0.671987,0.709456
0.720945,0.717057,0.734483,0.634432,0.565113,0.611214,0.644586,0.625233,0.660296,0.707824
0.724591,0.672393,0.722949,0.736273,0.589922,0.668863,0.772134,0.708096,0.754008,0.680528
0.753240,0.697336,0.654173,0.683923,0.676912,0.650087,0.685855,0.668658,0.743253,0.677754
0.791764,0.679424,0.679835,0.582050,0.877151,0.708498,0.691214,0.682897,0.705169,0.744830
0.684887,0.645133,0.757744,0.679908,0.595555,0.760988,0.722682,0.690982,0.692075,0.729381
0.670880,0.701654,0.695453,0.679491,0.650891,0.710809,0.676476,0.658492,0.684294,0.711523
0.733735,0.722958,0.668858,0.732142,0.538068,0.712344,0.693011,0.614970,0.735934,0.717407
0.695761,0.669338,0.667222,0.724705,0.642899,0.768749,0.758578,0.674134,0.689036,0.732355
0.701367,0.724336,0.701749,0.698480,0.672434,0.668401,0.685213,0.684450,0.678302,0.711340
0.665708,0.706845,0.581590,0.717864,0.804993,0.741941,0.678376,0.658706,0.717661,0.708627
0.681359,0.657525,0.639026,0.726255,0.732118,0.601250,0.715153,0.679003,0.702863,0.623879
0.667666,0.702080,0.715784,0.612943,0.576599,0.728085,0.712646,0.663204,0.656539,0.673665
0.647048,0.660040,0.693666,0.649703,0.784574,0.711514,0.678291,0.703295,0.679970,0.689426
0.619503,0.651967,0.745107,0.679249,0.722527,0.680645,0.637859,0.709028,0.748944,0.728262
0.678783,0.698102,0.723155,0.685950,0.754684,0.729089,0.750147,0.711867,0.696340,0.703137
0.740464,0.717457,0.670027,0.681237,0.692460,0.560538,0.716383,0.671992,0.670429,0.672273
0.690695,0.689662,0.720816,0.741025,0.987030,0.817553,0.700629,0.731368,0.684751,0.671388
0.699649,0.686315,0.716092,0.723234,0.861654,0.681790,0.678567,0.695374,0.677300,0.698414
0.720640,0.746835,0.676393,0.703038,0.737806,0.672589,0.665308,0.656442,0.760600,0.649142
0.678440,0.785796,0.673755,0.686516,0.771724,0.594149,0.709369,0.723966,0.704476,0.715019
0.678690,0.728803,0.678318,0.714957,0.696883,0.701369,0.696434,0.664796,0.688135,0.696981
0.711459,0.650627,0.656249,0.733014,0.621333,0.771129,0.667347,0.743002,0.695966,0.711397
0.690175,0.688610,0.722250,0.647627,0.784060,0.562521,0.697145,0.740766,0.692489,0.696016
0.661949,0.634792,0.674201,0.631924,0.555140,0.783272,0.671677,0.717092,0.739281,0.659242
0.696995,0.734477,0.688056,0.685247,0.731130,0.710688,0.700152,0.727846,0.681377,0.695265
0.644955,0.671739,0.658929,0.719028,0.643103,0.597992,0.702460,0.656201,0.714821,0.718637
0.769919,0.689282,0.678265,0.680455,0.565005,0.782824,0.695775,0.728977,0.640490,0.752261
0.684821,0.664925,0.637942,0.718268,0.647723,0.587266,0.654981,0.659878,0.708758,0.717186
0.714920,0.684048,0.719501,0.663989,0.562884,0.709384,0.683051,0.602865,0.707066,0.712220
0.639158,0.697613,0.748163,0.708269,0.558449,0.693946,0.699992,0.687833,0.704243,0.679277
0.696105,0.669489,0.745017,0.707210,0.566145,0.734682,0.668132,0.671838,0.621708,0.689694
0.700862,0.710768,0.721670,0.669787,0.619041,0.738012,0.697103,0.665480,0.666979,0.700983
0.680190,0.677326,0.700831,0.769901,0.681821,0.523438,0.668110,0.697041,0.706894,0.687066
0.701479,0.667769,0.664012,0.699711,0.705311,0.690250,0.670510,0.685007,0.708574,0.699144
0.689880,0.685608,0.696266,0.678767,0.614539,0.747481,0.700271,0.682887,0.704484,0.707601
0.678058,0.694174,0.638764,0.684146,0.510502,0.681221,0.727468,0.717069,0.716372,0.701783
0.762827,0.680646,0.696523,0.615374,0.818971,0.730589,0.690471,0.769907,0.675056,0.630328
0.722869,0.734861,0.714461,0.673348,0.732569,0.482488,0.716518,0.729358,0.757714,0.695667
0.679890,0.675622,0.740001,0.699221,0.811356,0.673227,0.735864,0.701829,0.715997,0.696681
0.749330,0.689070,0.644007,0.616542,0.752281,0.788698,0.626155,0.698104,0.661853,0.647864
0.660916,0.690227,0.696277,0.632339,0.725601,0.691173,0.741926,0.633167,0.730540,0.676045
0.710476,0.609659,0.693012,0.793778,0.606669,0.643625,0.650554,0.721825,0.704283,0.637007
0.686816,0.681698,0.791095,0.706364,0.537054,0.645303,0.611149,0.623656,0.708112,0.712481
0.684564,0.715725,0.669469,0.712467,0.670278,0.548967,0.665286,0.700110,0.700494,0.704313
0.681117,0.695975,0.699193,0.671512,0.682343,0.764937,0.707224,0.676850,0.689946,0.659165
0.684324,0.759652,0.685925,0.838045,0.559239,0.772755,0.720349,0.753486,0.743468,0.691343
0.688093,0.764834,0.664379,0.692869,0.768742,0.575629,0.727752,0.729007,0.734864,0.730538
0.792172,0.681765,0.634990,0.591254,0.795969,0.651206,0.671724,0.651234,0.696880,0.751934
0.686557,0.661834,0.696357,0.667132,0.670105,0.802522,0.718745,0.746286,0.738052,0.722419
0.666009,0.775940,0.710375,0.666462,0.757847,0.772248,0.688094,0.687342,0.709913,0.674787
0.709524,0.695513,0.687354,0.658780,0.720630,0.705494,0.831256,0.618676,0.671192,0.663370
0.689189,0.692810,0.686677,0.707093,0.701871,0.635719,0.687109,0.698135,0.699398,0.671530
0.711373,0.661653,0.767117,0.586353,0.546967,0.779352,0.706641,0.722644,0.714710,0.726355
0.697188,0.688209,0.690011,0.695495,0.662108,0.671826,0.691269,0.711056,0.675811,0.693934
0.722954,0.664278,0.720942,0.670355,0.636283,0.726170,0.718380,0.674436,0.701180,0.694044
0.648012,0.771788,0.598105,0.697686,0.789049,0.779489,0.681072,0.705329,0.723989,0.694469
0.700376,0.669725,0.724659,0.675763,0.716281,0.730697,0.717659,0.702173,0.678326,0.684222
0.654122,0.692589,0.748844,0.649733,0.714655,0.718630,0.682159,0.660758,0.707039,0.674588
0.692182,0.722972,0.620102,0.756239,0.600583,0.746463,0.743869,0.816346,0.690184,0.717948
0.764843,0.735847,0.725600,0.686901,0.729538,0.588755,0.626574,0.708378,0.630392,0.702555
0.675445,0.627150,0.725732,0.686837,0.787628,0.572358,0.662650,0.693170,0.802602,0.691063
0.700974,0.700696,0.771657,0.697143,0.675231,0.736769,0.754200,0.693998,0.685481,0.682413
0.702211,0.707861,0.738390,0.679294,0.686902,0.722940,0.690291,0.677421,0.714734,0.679695
0.646954,0.680376,0.702251,0.674767,0.671013,0.718666,0.811124,0.726225,0.655677,0.722919
0.718343,0.684213,0.703925,0.711644,0.714221,0.638528,0.680719,0.719438,0.696669,0.703976
0.750577,0.687139,0.714169,0.682693,0.637599,0.723540,0.712849,0.634050,0.680435,0.650851
0.781833,0.652148,0.671715,0.701321,0.790179,0.664895,0.724017,0.715595,0.673809,0.629490
0.701582,0.676779,0.664575,0.690155,0.678818,0.736307,0.628697,0.693324,0.680009,0.670437
0.671865,0.700723,0.697300,0.630910,0.596105,0.707525,0.656595,0.684239,0.685832,0.678733
0.675581,0.731227,0.696893,0.620928,0.751283,0.621141,0.668919,0.769700,0.700668,0.678768
0.685890,0.724216,0.637514,0.727600,0.736502,0.713203,0.606974,0.678430,0.674938,0.686582
0.715876,0.718112,0.719055,0.687492,0.717397,0.770604,0.676064,0.658110,0.688762,0.715930
0.651900,0.663322,0.722934,0.635244,0.645845,0.690847,0.737602,0.641465,0.682886,0.721642
0.691799,0.718152,0.667374,0.665124,0.604577,0.762044,0.723456,0.683750,0.681808,0.683516
0.722188,0.705653,0.673435,0.669607,0.689062,0.581034,0.767516,0.658423,0.722050,0.712000
0.709402,0.637442,0.681477,0.663841,0.713332,0.826689,0.712896,0.719343,0.683408,0.669719
0.619090,0.700851,0.786416,0.718142,0.601112,0.628051,0.697030,0.694180,0.694581,0.688633
0.656943,0.704644,0.640347,0.712607,0.515076,0.731934,0.703330,0.729802,0.681510,0.716747
0.671871,0.701204,0.719081,0.643645,0.796161,0.747444,0.754758,0.699184,0.686852,0.691039
0.678146,0.673923,0.639038,0.715557,0.796348,0.642406,0.654487,0.733158,0.673863,0.697082
0.672098,0.705761,0.750265,0.646436,0.582924,0.707611,0.748221,0.699280,0.694785,0.685516
0.661179,0.718080,0.757184,0.679221,0.652744,0.736858,0.703996,0.753542,0.724609,0.715887
0.725540,0.683360,0.718110,0.708587,0.554155,0.685748,0.688361,0.664280,0.719578,0.656387
0.699458,0.735652,0.658691,0.697726,0.572523,0.712625,0.652082,0.721220,0.729942,0.694421
0.718872,0.681844,0.735752,0.709656,0.684748,0.729606,0.778895,0.690815,0.730284,0.720786
0.690019,0.695948,0.751343,0.691994,0.593435,0.718028,0.745583,0.699243,0.689625,0.702467
0.712410,0.660353,0.698324,0.708399,0.663290,0.634240,0.768237,0.647651,0.654918,0.700972
0.694821,0.694670,0.682847,0.703156,0.641251,0.686002,0.593837,0.721722,0.681078,0.697615
0.680698,0.689750,0.699865,0.683679,0.644956,0.642341,0.697962,0.590277,0.719290,0.711161
0.691881,0.712350,0.688192,0.727799,0.580137,0.699087,0.691609,0.624019,0.729257,0.674565
0.707545,0.727894,0.770006,0.661753,0.490448,0.618553,0.646689,0.686191,0.667921,0.653241
0.684119,0.698958,0.666876,0.649954,0.592446,0.701115,0.711755,0.639092,0.718062,0.707796
0.694420,0.692998,0.708241,0.727721,0.749301,0.744949,0.686048,0.706451,0.704310,0.686214
0.711897,0.682940,0.692362,0.663681,0.501009,0.767573,0.646650,0.748637,0.723575,0.692433
0.673674,0.676976,0.763098,0.695991,0.786566,0.732875,0.721481,0.691020,0.720464,0.696156
0.695860,0.623381,0.699470,0.699867,0.780563,0.496290,0.670093,0.718538,0.650928,0.665015
0.666096,0.700099,0.703948,0.666845,0.612051,0.741170,0.681971,0.668239,0.659648,0.680078
0.665441,0.686050,0.630476,0.646079,0.602947,0.617903,0.670650,0.643628,0.687573,0.703920
0.693481,0.670314,0.736174,0.658659,0.731372,0.705740,0.746848,0.693214,0.672653,0.693261
0.687861,0.683994,0.620179,0.708211,0.639573,0.613099,0.683968,0.697474,0.648775,0.723763
0.705112,0.727665,0.739343,0.640669,0.643844,0.747283,0.679268,0.690337,0.662050,0.729196
0.710744,0.671635,0.683689,0.727173,0.612494,0.796067,0.788212,0.669335,0.665148,0.729312
0.679235,0.731246,0.674269,0.747582,0.562994,0.722888,0.685063,0.709068,0.736536,0.665832
0.690487,0.695785,0.692476,0.668939,0.513857,0.663799,0.672520,0.687210,0.684075,0.673163
0.694710,0.684708,0.684808,0.743981,0.480936,0.625851,0.663434,0.656035,0.712971,0.707257
0.696380,0.677227,0.731612,0.684737,0.637614,0.737714,0.711419,0.669456,0.652069,0.668197
0.701744,0.775007,0.715086,0.756907,0.627445,0.645910,0.685029,0.655320,0.715267,0.694164
0.756987,0.673507,0.589074,0.747079,0.717286,0.672589,0.776192,0.716082,0.679785,0.710776
0.672395,0.574274,0.619127,0.719229,0.790550,0.555755,0.701270,0.727074,0.720929,0.710660
0.726683,0.728236,0.654754,0.655615,0.603976,0.815173,0.670010,0.717236,0.678468,0.667563
0.655230,0.682548,0.692181,0.689517,0.660578,0.749435,0.694702,0.666014,0.699916,0.710743
0.671382,0.688642,0.678395,0.739936,0.853797,0.666234,0.731669,0.718172,0.672323,0.696477
0.653279,0.684555,0.628523,0.734021,0.597498,0.668888,0.754385,0.712497,0.727714,0.683037
0.672841,0.670797,0.660245,0.691080,0.772955,0.615443,0.692317,0.685741,0.683683,0.697917
0.665844,0.686782,0.700379,0.611767,0.722107,0.656741,0.694583,0.742663,0.693362,0.684548
0.670664,0.691679,0.654364,0.746831,0.638271,0.637342,0.665863,0.647933,0.690651,0.694670
0.685804,0.706496,0.730498,0.635838,0.650965,0.671897,0.702225,0.713794,0.715855,0.698580
0.690703,0.681851,0.723406,0.690014,0.663813,0.707132,0.730758,0.682722,0.698952,0.695086
0.695933,0.743942,0.675981,0.627718,0.596814,0.731789,0.661689,0.688859,0.697939,0.682050
0.700442,0.675086,0.676364,0.664317,0.633209,0.687048,0.715281,0.674715,0.708180,0.675181
0.753284,0.673309,0.695733,0.777473,0.785055,0.764951,0.725364,0.715466,0.698243,0.684422
0.706641,0.700481,0.775049,0.546452,0.664752,0.561722,0.567914,0.601913,0.689767,0.726166
0.692528,0.711745,0.707977,0.695208,0.541056,0.680275,0.680752,0.707972,0.720712,0.732817
0.694559,0.729269,0.749127,0.667510,0.658529,0.711572,0.707149,0.622324,0.645694,0.698452
0.666538,0.697292,0.737174,0.658824,0.680057,0.719960,0.762594,0.671593,0.703554,0.683558
0.741111,0.707386,0.569698,0.741464,0.636750,0.607912,0.692180,0.637664,0.724933,0.689123
0.663772,0.670946,0.636453,0.704951,0.820992,0.683128,0.645755,0.682958,0.651320,0.702560
0.674558,0.660090,0.661743,0.709675,0.807357,0.640073,0.670722,0.696534,0.680758,0.713383
0.684233,0.649680,0.581064,0.708737,0.542035,0.685766,0.565372,0.640815,0.677104,0.691581
0.693309,0.655756,0.675734,0.737998,0.604026,0.752237,0.747826,0.711562,0.719980,0.666731
0.709033,0.732791,0.686009,0.661033,0.721407,0.714152,0.704311,0.701602,0.676605,0.692516
0.655407,0.702555,0.700016,0.689587,0.711319,0.716112,0.747905,0.677735,0.694199,0.688755
0.694492,0.710556,0.695305,0.614095,0.648766,0.584362,0.739270,0.684607,0.654544,0.692542
0.661020,0.608492,0.686931,0.593576,0.627681,0.757069,0.635596,0.750003,0.674408,0.687427
0.709266,0.681440,0.675255,0.685152,0.722947,0.783752,0.676099,0.632393,0.702663,0.711353
0.743567,0.738997,0.705175,0.763541,0.812706,0.659250,0.691429,0.612189,0.751336,0.710227
0.692936,0.694836,0.655474,0.694002,0.631014,0.792733,0.768641,0.763288,0.706335,0.624006
0.715302,0.713313,0.700402,0.708567,0.437056,0.681418,0.737198,0.699286,0.708484,0.690854
0.672482,0.771314,0.679441,0.719404,0.754934,0.695056,0.740258,0.793583,0.660410,0.754188
0.694144,0.673895,0.676406,0.681265,0.735964,0.641308,0.682535,0.692375,0.741291,0.734314
0.693473,0.721141,0.645879,0.696081,0.443277,0.721602,0.710116,0.725368,0.655472,0.724977
0.702043,0.665451,0.694833,0.744340,0.800926,0.624049,0.734297,0.720515,0.705385,0.694395
0.697570,0.755565,0.699816,0.685285,0.741068,0.574635,0.689064,0.648292,0.672375,0.685118
0.728665,0.682477,0.739247,0.763204,0.571277,0.746204,0.676819,0.708546,0.688055,0.766964
0.662587,0.703877,0.690439,0.612075,0.850863,0.638559,0.716407,0.705915,0.697890,0.640748
0.722208,0.647125,0.652887,0.724784,0.558865,0.735170,0.730684,0.671272,0.750680,0.647544
0.682168,0.687857,0.704936,0.696117,0.621889,0.680052,0.705835,0.684568,0.685308,0.696727
0.664905,0.720441,0.719174,0.702482,0.707064,0.597642,0.677544,0.663393,0.725847,0.717873
0.683417,0.703592,0.717923,0.802418,0.567916,0.727820,0.739908,0.806035,0.686663,0.668823
0.711208,0.704323,0.681187,0.743731,0.728215,0.722038,0.603102,0.660892,0.664773,0.703571
0.679574,0.667402,0.651093,0.696132,0.741764,0.630173,0.691620,0.730181,0.688182,0.669955
0.682960,0.716814,0.743582,0.561196,0.716964,0.660794,0.651910,0.722387,0.654387,0.650028
0.725151,0.648341,0.607600,0.727681,0.619184,0.748378,0.748476,0.707438,0.713823,0.718168
0.708119,0.612707,0.694041,0.667676,0.813171,0.607454,0.700188,0.699040,0.687417,0.767306
0.714208,0.713953,0.674135,0.701394,0.760222,0.660367,0.699674,0.701726,0.701424,0.701383
0.703670,0.668853,0.674666,0.566753,0.821217,0.769178,0.701356,0.632745,0.682836,0.694681
0.692455,0.651709,0.694715,0.725171,0.741009,0.647935,0.678125,0.705426,0.701070,0.686429
0.611168,0.724297,0.740174,0.612376,0.670159,0.618397,0.643197,0.599856,0.727915,0.734043
0.671997,0.714205,0.697316,0.663548,0.698889,0.726968,0.774233,0.692492,0.670328,0.725426
0.737650,0.628278,0.766991,0.612945,0.747309,0.642276,0.614281,0.720282,0.706814,0.713665
0.692876,0.678918,0.657504,0.668386,0.582062,0.742665,0.729366,0.692616,0.710427,0.700511
0.652656,0.703825,0.629066,0.781324,0.543740,0.750503,0.712368,0.685999,0.711600,0.670089
0.672116,0.727293,0.691315,0.721464,0.715929,0.634655,0.692394,0.714107,0.749619,0.684902
0.686530,0.755241,0.693218,0.697608,0.675160,0.634875,0.688782,0.699898,0.689820,0.684467
0.702304,0.697613,0.696343,0.650001,0.589801,0.755832,0.667577,0.719092,0.678563,0.698512
0.703097,0.691351,0.717875,0.692668,0.614835,0.754335,0.688692,0.694799,0.687061,0.686250
0.622798,0.666749,0.801284,0.642696,0.833810,0.676523,0.585617,0.750909,0.679531,0.715932
0.676549,0.713490,0.694835,0.731746,0.615235,0.620748,0.683927,0.703036,0.700820,0.646511
0.661301,0.667198,0.664535,0.701680,0.793781,0.556097,0.641863,0.735736,0.647559,0.685772
0.635146,0.651566,0.652281,0.725835,0.560426,0.720066,0.734096,0.723515,0.715843,0.686792
0.729392,0.685898,0.723548,0.723930,0.519980,0.695533,0.720973,0.692346,0.697167,0.731864
0.710732,0.689373,0.698107,0.678063,0.651839,0.628595,0.706293,0.623099,0.757998,0.710731
0.692589,0.711219,0.665963,0.598659,0.841496,0.764022,0.687899,0.544276,0.727888,0.666711
0.754104,0.692014,0.696872,0.721234,0.722151,0.714055,0.686781,0.631426,0.665577,0.746758
0.713408,0.775035,0.692063,0.715672,0.771924,0.636102,0.737603,0.653185,0.688351,0.676966
0.681161,0.752951,0.663981,0.711158,0.794911,0.591996,0.787112,0.667930,0.732027,0.750253
0.682877,0.709588,0.687198,0.657421,0.566598,0.633169,0.692955,0.685767,0.670346,0.688508
0.614045,0.710035,0.707829,0.632093,0.744234,0.629789,0.690716,0.767464,0.740285,0.695577
0.702695,0.662841,0.767439,0.763091,0.786702,0.776487,0.732303,0.701875,0.652224,0.701500
0.635104,0.714426,0.675491,0.732816,0.635639,0.685326,0.655905,0.684121,0.703769,0.709948
0.683942,0.647955,0.722245,0.738378,0.907369,0.656788,0.728328,0.713468,0.708355,0.635404
0.692111,0.774124,0.675260,0.659520,0.751459,0.761220,0.707232,0.705930,0.667889,0.664630
0.691640,0.700443,0.716640,0.536472,0.829073,0.694677,0.653616,0.734123,0.722120,0.647836
0.752132,0.696267,0.621759,0.736340,0.640108,0.678063,0.773871,0.697713,0.701802,0.691106
0.698350,0.694908,0.680463,0.681980,0.638205,0.699676,0.706005,0.696050,0.687982,0.710060
0.641792,0.693055,0.745706,0.659119,0.716018,0.528847,0.675586,0.747275,0.739715,0.688021
0.662752,0.695829,0.672902,0.711761,0.804303,0.759480,0.730250,0.685615,0.687652,0.667353
0.682396,0.679757,0.729550,0.663216,0.434334,0.707737,0.726036,0.727011,0.670033,0.696456
0.691070,0.740862,0.771432,0.737770,0.628798,0.741290,0.691830,0.748318,0.666704,0.660402
0.715461,0.705053,0.695492,0.680942,0.666072,0.754454,0.702360,0.704112,0.661643,0.702342
0.678426,0.704637,0.691687,0.560301,0.696773,0.594016,0.688326,0.647895,0.702583,0.716796
0.705747,0.759334,0.661218,0.749275,0.568690,0.926336,0.678802,0.700377,0.739348,0.687288
0.711508,0.710921,0.773811,0.742296,0.622771,0.704982,0.716724,0.693725,0.723335,0.694022
0.697893,0.726692,0.711117,0.717957,0.505611,0.674465,0.685880,0.708174,0.713078,0.663750
0.611703,0.660993,0.678082,0.783891,0.504629,0.670374,0.713329,0.726992,0.668147,0.709460
0.697438,0.696127,0.713534,0.758584,0.878332,0.621450,0.711355,0.625416,0.663173,0.724604
0.650484,0.666279,0.631407,0.715385,0.576714,0.609429,0.742527,0.647793,0.728514,0.667656
0.652408,0.719615,0.634738,0.703624,0.594848,0.631806,0.724714,0.672780,0.707256,0.741118
0.679187,0.699774,0.774983,0.690212,0.617103,0.758662,0.637959,0.732557,0.673577,0.732274
0.673840,0.676720,0.669937,0.709629,0.617052,0.776958,0.706609,0.717484,0.705361,0.653257
0.667145,0.702339,0.660271,0.719136,0.647827,0.763401,0.751946,0.711916,0.709744,0.718960
0.700648,0.680999,0.713412,0.667272,0.762267,0.748414,0.673913,0.703596,0.689937,0.683018
0.691657,0.677158,0.684117,0.775702,0.806112,0.644743,0.647512,0.669029,0.670220,0.677763
0.674716,0.659322,0.687335,0.691437,0.704300,0.543761,0.700029,0.684974,0.659844,0.723430
0.693693,0.649175,0.655001,0.622363,0.542128,0.807666,0.677722,0.738882,0.711109,0.687265
0.688525,0.673641,0.673856,0.762216,0.587182,0.696542,0.765264,0.691117,0.690701,0.716905
0.715903,0.686921,0.679528,0.680728,0.737679,0.569865,0.788000,0.721698,0.670648,0.656569
0.706189,0.702103,0.692974,0.667361,0.550044,0.700728,0.682787,0.673811,0.688223,0.660783
0.678614,0.656043,0.650294,0.629355,0.703044,0.764012,0.644307,0.722652,0.670357,0.673836
0.681108,0.716188,0.714438,0.688000,0.848948,0.702297,0.664970,0.653045,0.684291,0.686599
0.692464,0.676827,0.700262,0.728692,0.680066,0.632398,0.707930,0.675107,0.701504,0.694943
0.685305,0.716328,0.519893,0.699780,0.807904,0.586902,0.816448,0.618019,0.759909,0.657654
0.728838,0.586638,0.600934,0.738078,0.595172,0.781444,0.733423,0.706628,0.734237,0.695079
0.646025,0.701695,0.689019,0.762513,0.491772,0.704112,0.706960,0.756703,0.702331,0.741008
0.678810,0.720732,0.753504,0.725837,0.655717,0.705029,0.749176,0.706756,0.681472,0.688134
0.715286,0.717587,0.799548,0.654617,0.692372,0.653580,0.619585,0.624912,0.658360,0.693004
0.726895,0.695832,0.696436,0.660484,0.755270,0.674875,0.698905,0.702546,0.680366,0.699878
0.771397,0.731443,0.691311,0.789185,0.790484,0.802895,0.682281,0.701588,0.709471,0.751682
0.695130,0.690201,0.635799,0.761575,0.834830,0.662982,0.642821,0.695759,0.695872,0.693524
0.682963,0.667306,0.707323,0.678275,0.872216,0.757321,0.702331,0.628906,0.649177,0.694606
0.696208,0.723703,0.704132,0.664376,0.710953,0.670236,0.676991,0.702446,0.702986,0.689081
0.708013,0.722454,0.672201,0.618655,0.502677,0.721043,0.663843,0.666993,0.715142,0.681267
0.763834,0.717873,0.779220,0.589259,0.755258,0.647276,0.572454,0.552951,0.626162,0.701228
0.674866,0.690526,0.692157,0.680071,0.478122,0.643871,0.697508,0.690860,0.669094,0.698848
0.762726,0.710389,0.715031,0.790247,0.633950,0.810089,0.694038,0.743023,0.636909,0.770976
0.649169,0.742268,0.687972,0.700499,0.912542,0.826856,0.729998,0.753715,0.592818,0.706408
0.698364,0.654696,0.723246,0.689789,0.540883,0.790673,0.701483,0.581902,0.676266,0.694344
0.686483,0.750153,0.697112,0.697159,0.716199,0.613572,0.707949,0.736596,0.704765,0.695278
0.700885,0.705441,0.745272,0.642658,0.734727,0.738829,0.765690,0.659806,0.659088,0.696814
0.673852,0.781063,0.676138,0.694509,0.573087,0.710204,0.678170,0.675770,0.697024,0.715366
0.658310,0.676849,0.696691,0.674772,0.684174,0.843507,0.686727,0.664340,0.725546,0.693264
0.710452,0.775775,0.701092,0.639466,0.744901,0.719910,0.700199,0.676882,0.707062,0.699715
0.751889,0.682103,0.639688,0.624482,0.713091,0.726123,0.724436,0.735243,0.685850,0.642284
0.763230,0.720801,0.646888,0.734345,0.770607,0.627270,0.712059,0.656766,0.675650,0.748563
0.657681,0.650674,0.730504,0.655943,0.675906,0.696843,0.745780,0.682013,0.694010,0.707085
0.676881,0.712717,0.653426,0.682083,0.343416,0.657655,0.671600,0.661958,0.713941,0.696323
0.676696,0.704692,0.736063,0.705646,0.753789,0.723285,0.713630,0.713053,0.675300,0.698323
0.683646,0.663047,0.690392,0.661696,0.831420,0.660716,0.674389,0.713738,0.735739,0.622597
0.690504,0.644176,0.689857,0.700619,0.830763,0.624630,0.690732,0.719930,0.736198,0.656639
0.699512,0.713906,0.693931,0.809351,0.657609,0.626350,0.677713,0.672995,0.712931,0.702750
0.569185,0.704385,0.741862,0.760281,0.822237,0.572063,0.685488,0.684458,0.747950,0.642821
0.665983,0.699597,0.680045,0.716108,0.770202,0.639257,0.634703,0.727538,0.652482,0.678430
0.756758,0.719882,0.666898,0.691894,0.778191,0.674951,0.752063,0.694230,0.706494,0.637931
0.674696,0.674225,0.754329,0.674886,0.732373,0.747369,0.745976,0.681059,0.681308,0.695314
0.704113,0.718225,0.628938,0.663899,0.634817,0.613430,0.759893,0.675803,0.702392,0.709327
0.710471,0.742116,0.715643,0.718037,0.724731,0.689961,0.721226,0.682893,0.700273,0.662324
0.686600,0.724659,0.697693,0.559310,0.674784,0.650092,0.630153,0.694867,0.696068,0.714871
0.694432,0.704528,0.618753,0.730629,0.804747,0.741270,0.631694,0.683658,0.703340,0.704963
0.720472,0.662153,0.720776,0.739739,0.729862,0.625572,0.597329,0.683219,0.651064,0.686454
0.658888,0.707709,0.671791,0.730486,0.445730,0.736042,0.728354,0.785540,0.696181,0.699718
0.661898,0.686525,0.709172,0.743823,0.764764,0.760262,0.720862,0.680231,0.705813,0.666621
0.695913,0.678849,0.684809,0.790138,0.648003,0.744036,0.702662,0.720904,0.687852,0.771734
0.705662,0.753253,0.701211,0.698487,0.569288,0.799714,0.701890,0.702783,0.705509,0.719440
0.689265,0.700760,0.674254,0.714663,0.634421,0.720116,0.752605,0.698032,0.674738,0.688919
0.678768,0.658953,0.703999,0.711592,0.586055,0.658579,0.706804,0.702327,0.679537,0.692495
0.682890,0.674123,0.644793,0.669021,0.423898,0.673594,0.693647,0.756420,0.716390,0.707411
0.677736,0.685735,0.641213,0.760814,0.639030,0.798567,0.733653,0.736799,0.700744,0.709081
0.708417,0.660268,0.676314,0.649494,0.759076,0.716293,0.688170,0.695843,0.694959,0.717791
0.684266,0.693544,0.666348,0.710927,0.671262,0.684037,0.667700,0.696883,0.693403,0.688831
0.694352,0.699155,0.684831,0.767097,0.897486,0.780908,0.677251,0.706710,0.705397,0.697507
0.684976,0.689899,0.702396,0.662284,0.787083,0.751222,0.712485,0.672693,0.689588,0.681767
0.757294,0.705259,0.714602,0.670096,0.728363,0.627023,0.700549,0.710960,0.631485,0.736512
0.699122,0.635612,0.688995,0.711869,0.733247,0.761185,0.660667,0.667413,0.698535,0.693576
0.713713,0.672594,0.663754,0.715403,0.623110,0.839615,0.665298,0.673495,0.670588,0.697742
0.709994,0.646014,0.695647,0.784803,0.898080,0.643443,0.713871,0.718774,0.736354,0.696538
0.690378,0.725526,0.691345,0.657152,0.752575,0.793287,0.660819,0.681408,0.644885,0.669398
0.723709,0.699632,0.721121,0.612941,0.786625,0.743859,0.694423,0.768485,0.708772,0.688976
0.692944,0.693009,0.707292,0.685946,0.473754,0.772679,0.641567,0.694154,0.717567,0.711416
0.710832,0.671388,0.674664,0.661017,0.901345,0.707735,0.695746,0.699032,0.705953,0.705426
0.674980,0.682756,0.726855,0.655811,0.634827,0.699383,0.818537,0.699431,0.712023,0.691544
0.796911,0.708600,0.737658,0.597015,0.700741,0.706381,0.670769,0.651491,0.661927,0.633113
0.685951,0.730735,0.675464,0.667704,0.886713,0.784041,0.672394,0.716853,0.678616,0.678375
0.678897,0.668973,0.706003,0.639167,0.654245,0.701375,0.715181,0.679777,0.743189,0.727268
0.681368,0.702738,0.737564,0.740009,0.674218,0.752206,0.731184,0.708969,0.684198,0.714394
0.734819,0.694055,0.697217,0.643609,0.656574,0.732234,0.711222,0.740343,0.681667,0.724578
0.681942,0.666085,0.689917,0.756612,0.872266,0.713936,0.722184,0.687308,0.703640,0.692375
0.701295,0.700100,0.686414,0.728865,0.630212,0.673345,0.735015,0.663851,0.625246,0.727974
0.689226,0.707963,0.676676,0.722794,0.813617,0.693213,0.730518,0.664467,0.697570,0.675506
0.714733,0.695708,0.698029,0.592958,0.547750,0.756900,0.679276,0.767133,0.697037,0.700601
0.723923,0.740281,0.711371,0.693273,0.884813,0.790218,0.689974,0.692940,0.745710,0.707998
0.706329,0.701145,0.654649,0.698812,0.891721,0.774208,0.643641,0.668072,0.654230,0.687122
0.683563,0.655612,0.663851,0.599790,0.870154,0.702025,0.637112,0.733179,0.768445,0.686628
0.760306,0.752730,0.727434,0.737344,0.791772,0.614224,0.674609,0.639811,0.701594,0.689233
0.667544,0.736917,0.644414,0.683391,0.736316,0.739036,0.650448,0.622619,0.675232,0.687712
0.709045,0.689376,0.727959,0.675796,0.649268,0.654312,0.759876,0.701299,0.699178,0.634105
0.719383,0.634652,0.690914,0.628785,0.713974,0.608788,0.647037,0.697783,0.743068,0.607976
0.678058,0.680656,0.714708,0.770623,0.861694,0.705369,0.663141,0.669987,0.695830,0.704414
0.667171,0.630633,0.700554,0.622677,0.708571,0.784988,0.738372,0.682860,0.661623,0.699053
0.701961,0.684049,0.749164,0.654129,0.638288,0.700455,0.742625,0.685185,0.684004,0.684818
0.676985,0.666088,0.691810,0.647170,0.571784,0.667790,0.713005,0.657600,0.689001,0.722190
0.711290,0.778715,0.697454,0.735997,0.748534,0.657294,0.696987,0.797318,0.725286,0.721777
0.666580,0.754942,0.726028,0.657028,0.940611,0.817211,0.688201,0.646903,0.676370,0.693985
0.629236,0.735426,0.673066,0.544682,0.651781,0.632583,0.678584,0.731624,0.768205,0.683306
0.671020,0.723747,0.619134,0.702378,0.820153,0.813142,0.684318,0.673552,0.687581,0.675452
0.643961,0.683665,0.723354,0.700339,0.486608,0.647625,0.700684,0.705984,0.633818,0.719225
0.692078,0.641573,0.700944,0.706209,0.716281,0.622787,0.756941,0.698031,0.710845,0.726447
0.669883,0.690056,0.730680,0.630110,0.684338,0.644395,0.670090,0.718995,0.766572,0.691866
0.628685,0.645661,0.797414,0.668096,0.609052,0.671252,0.585829,0.688022,0.694854,0.666040
0.702407,0.730072,0.700402,0.687779,0.935922,0.850143,0.736739,0.614973,0.712099,0.718178
0.754869,0.667282,0.728360,0.711224,0.870595,0.762469,0.714792,0.670874,0.692664,0.695764
0.675381,0.737966,0.748560,0.780769,0.786296,0.704759,0.664960,0.724854,0.727239,0.658356
0.672932,0.715684,0.647805,0.659129,0.651599,0.733404,0.657764,0.703925,0.681498,0.676850
0.712318,0.625413,0.695938,0.675136,0.702189,0.817731,0.676914,0.624726,0.645348,0.698223
0.662572,0.691816,0.702280,0.711670,0.669856,0.706170,0.729275,0.732030,0.698282,0.673486
0.695838,0.702559,0.674462,0.634043,0.717863,0.726725,0.744136,0.673929,0.645675,0.711411
0.688675,0.674484,0.639421,0.635382,0.874944,0.708391,0.707600,0.651059,0.635712,0.734008
0.638121,0.683910,0.725678,0.557040,0.793887,0.623421,0.643146,0.703817,0.698901,0.648119
0.698175,0.696675,0.685463,0.660368,0.584335,0.841308,0.658143,0.737723,0.689729,0.675414
0.674213,0.657565,0.713086,0.612306,0.710072,0.739515,0.739134,0.717520,0.683546,0.682405
0.706852,0.715739,0.781902,0.694874,0.834961,0.773595,0.708807,0.660584,0.681866,0.698623
0.725145,0.660037,0.661761,0.715583,0.844025,0.752242,0.676749,0.681549,0.687462,0.683338
0.685359,0.706475,0.713802,0.664777,0.582685,0.675525,0.760318,0.676958,0.675991,0.724628
0.718042,0.724814,0.707864,0.714011,0.690903,0.696841,0.720005,0.704220,0.727198,0.704577
0.685354,0.680019,0.656482,0.663955,0.340534,0.611553,0.669231,0.672053,0.664097,0.679168
0.679809,0.752264,0.703865,0.727672,0.692859,0.627374,0.664613,0.671591,0.724329,0.731863
0.771831,0.668272,0.652499,0.601564,0.739127,0.662341,0.648184,0.698167,0.681278,0.741449
0.690668,0.697412,0.674901,0.668795,0.560527,0.688173,0.725229,0.691871,0.681973,0.693876
0.718273,0.698464,0.705112,0.668248,0.492043,0.841022,0.639880,0.629174,0.670823,0.819822
0.633380,0.647172,0.546226,0.729165,0.536379,0.718589,0.825340,0.691323,0.708377,0.677602
0.682281,0.678618,0.691154,0.740238,0.803846,0.590139,0.715406,0.656257,0.680589,0.705414
0.690038,0.661510,0.706614,0.730444,0.611681,0.849245,0.697553,0.646367,0.686709,0.690791
0.688690,0.667900,0.691417,0.630481,0.466057,0.657059,0.722903,0.681986,0.699585,0.695691
0.698976,0.676055,0.730556,0.749309,0.722963,0.682915,0.637510,0.711442,0.725213,0.666352
0.664097,0.686175,0.665424,0.758795,0.738338,0.690640,0.669905,0.713478,0.709110,0.714936
0.702411,0.733318,0.665647,0.664466,0.758707,0.541375,0.681211,0.724516,0.709825,0.698234
0.686501,0.725161,0.769469,0.654527,0.801062,0.564322,0.648672,0.698255,0.728112,0.650900
0.712891,0.671521,0.726046,0.694188,0.516039,0.760691,0.702777,0.771606,0.735148,0.672303
0.733742,0.711300,0.688351,0.850550,0.637752,0.784096,0.750771,0.711020,0.691575,0.658328
0.744494,0.722901,0.694559,0.706347,0.773875,0.721259,0.680683,0.674580,0.744609,0.666693
0.693340,0.671322,0.671833,0.700872,0.692785,0.666489,0.644613,0.659818,0.653533,0.700255
0.720901,0.720271,0.719202,0.700882,0.758426,0.670725,0.678845,0.703626,0.676382,0.717183
0.657795,0.669651,0.725860,0.657403,0.734625,0.687506,0.618465,0.662980,0.650174,0.737211
0.675791,0.704733,0.694914,0.645311,0.646707,0.767328,0.693319,0.714740,0.708101,0.663742
0.671087,0.663958,0.647832,0.743469,0.518509,0.766716,0.708901,0.742500,0.731708,0.670371
0.668494,0.645776,0.732176,0.691968,0.655699,0.727139,0.744674,0.640510,0.671420,0.693467
0.709728,0.656801,0.709964,0.664402,0.456429,0.771129,0.733753,0.745342,0.743636,0.709160
0.708586,0.669271,0.641271,0.763807,0.737663,0.622746,0.714643,0.653509,0.680267,0.682675
0.655305,0.684277,0.625440,0.733935,0.827211,0.755267,0.656250,0.685405,0.691656,0.693325
0.695853,0.718182,0.638030,0.685261,0.597367,0.656833,0.668090,0.687716,0.697171,0.693298
0.669001,0.694501,0.725328,0.660891,0.895886,0.796954,0.746203,0.670240,0.707210,0.652730
0.725944,0.710776,0.674627,0.646046,0.781786,0.593147,0.693538,0.657285,0.732279,0.666924
0.722751,0.687560,0.761140,0.718482,0.900095,0.695317,0.634902,0.698038,0.643515,0.654203
0.688064,0.695798,0.700087,0.728436,0.796084,0.652680,0.697405,0.684136,0.676428,0.699855
0.672398,0.625048,0.717843,0.748087,0.735594,0.661515,0.658779,0.695796,0.688839,0.725772
0.686321,0.727142,0.711719,0.694579,0.757102,0.645471,0.725918,0.694606,0.681975,0.701752
0.659428,0.714651,0.743864,0.697786,0.649093,0.597076,0.631928,0.668459,0.759465,0.682497
0.736695,0.571179,0.691603,0.574933,0.705162,0.727758,0.622209,0.632292,0.792575,0.693925
0.692408,0.725247,0.724412,0.668830,0.708713,0.542313,0.710233,0.674787,0.738319,0.735195
0.665750,0.696088,0.648279,0.683944,0.891771,0.774149,0.599273,0.671225,0.665076,0.674027
0.619710,0.679419,0.666485,0.617489,0.883082,0.761762,0.633386,0.672327,0.635702,0.698802
0.683620,0.694132,0.688655,0.668186,0.516454,0.679271,0.684624,0.700884,0.686446,0.697054
0.708062,0.722788,0.751159,0.646578,0.772281,0.655710,0.742898,0.648490,0.717126,0.705825
0.651704,0.701449,0.642401,0.683738,0.857439,0.767228,0.677595,0.679087,0.658725,0.684502
0.686054,0.662586,0.733001,0.737620,0.915883,0.711023,0.730002,0.739085,0.696061,0.662733
0.697602,0.659813,0.756482,0.683816,0.601007,0.686773,0.730491,0.701678,0.660414,0.671657
0.663942,0.711116,0.709068,0.730407,0.727488,0.715837,0.707629,0.658021,0.682915,0.706866
0.690009,0.625653,0.725770,0.766362,0.582855,0.654769,0.726270,0.709764,0.736523,0.702160
0.692817,0.674872,0.656383,0.661488,0.757828,0.605149,0.702440,0.711914,0.660261,0.715462
0.719806,0.743400,0.746498,0.621264,0.655222,0.704310,0.684788,0.718716,0.710187,0.685514
0.725033,0.644620,0.715708,0.783263,0.647183,0.603629,0.682728,0.681967,0.720633,0.688643
0.666135,0.691792,0.711421,0.665138,0.720796,0.860356,0.734277,0.665201,0.665655,0.714194
0.695495,0.682231,0.691314,0.717383,0.798963,0.734221,0.682902,0.688940,0.704978,0.700974
0.696909,0.602776,0.690516,0.745810,0.482775,0.685475,0.686761,0.709401,0.665323,0.658806
0.755452,0.660195,0.760511,0.656630,0.650490,0.759659,0.637139,0.655083,0.637570,0.763363
0.682491,0.710000,0.692768,0.672814,0.835038,0.702601,0.642910,0.715909,0.676436,0.639376
0.714932,0.727485,0.739619,0.697451,0.369848,0.684603,0.666548,0.695533,0.695655,0.631533
0.708185,0.667860,0.730066,0.736833,0.759311,0.619053,0.685496,0.692855,0.698113,0.691306
0.677361,0.714432,0.722093,0.761782,0.447210,0.724979,0.750857,0.740531,0.647548,0.690659
0.729011,0.697335,0.660588,0.570128,0.867351,0.726383,0.632419,0.757816,0.740714,0.684225
0.654872,0.693789,0.673861,0.669414,0.782959,0.692465,0.666705,0.718068,0.667012,0.696220
0.676144,0.636346,0.693268,0.784158,0.625485,0.674799,0.733378,0.662264,0.675803,0.727049
0.802479,0.613683,0.700861,0.742002,0.481030,0.656402,0.624530,0.625983,0.636653,0.688552
0.722819,0.688424,0.680151,0.547453,0.844799,0.688367,0.683124,0.723882,0.702225,0.711852
0.695355,0.696242,0.603144,0.739170,0.627958,0.693170,0.607569,0.706017,0.695597,0.703964
0.631382,0.694406,0.726692,0.686574,0.804737,0.780043,0.717711,0.751536,0.714617,0.704782
0.695931,0.742010,0.709574,0.726998,0.689485,0.742138,0.696878,0.679807,0.709051,0.693410
0.700876,0.699234,0.719222,0.720122,0.496636,0.602248,0.661945,0.698574,0.727426,0.696651
0.669043,0.714689,0.680067,0.643301,0.524064,0.713250,0.703498,0.746375,0.708153,0.666496
0.703299,0.639700,0.699573,0.661082,0.795671,0.721219,0.679676,0.675064,0.670625,0.700356
0.726276,0.701146,0.779781,0.699350,0.766969,0.770456,0.727430,0.698605,0.688081,0.704884
0.692625,0.674880,0.728613,0.716634,0.637447,0.735679,0.714860,0.724034,0.694638,0.680083
0.703943,0.755898,0.736559,0.668341,0.638298,0.698731,0.669258,0.696749,0.696466,0.656759
0.709623,0.692082,0.671622,0.599216,0.903343,0.751133,0.687139,0.680074,0.674738,0.671600
0.653057,0.660227,0.641250,0.615230,0.652708,0.788174,0.705297,0.697088,0.673472,0.648775
0.710927,0.664973,0.685988,0.712419,0.608238,0.606346,0.664146,0.678542,0.648552,0.663171
0.669475,0.675944,0.689685,0.637865,0.891865,0.702453,0.689428,0.765787,0.682931,0.693198
0.792965,0.724073,0.695916,0.803901,0.606386,0.769043,0.637466,0.667169,0.693143,0.758233
0.703577,0.771847,0.673774,0.754647,0.649729,0.617337,0.710442,0.655817,0.708453,0.668654
0.707868,0.686991,0.710336,0.724928,0.503058,0.644754,0.726784,0.637816,0.694522,0.716292
0.709108,0.708785,0.708939,0.588566,0.527664,0.678381,0.685512,0.678738,0.694010,0.704167
0.700046,0.678203,0.656597,0.720527,0.653535,0.619498,0.643979,0.693761,0.695174,0.704292
0.712794,0.717153,0.788686,0.667108,0.615326,0.800954,0.595306,0.710683,0.663525,0.770664
0.706842,0.701363,0.748538,0.658725,0.730092,0.719991,0.632046,0.713235,0.698687,0.696892
0.699127,0.732880,0.714909,0.657903,0.486656,0.783257,0.618662,0.690983,0.648668,0.682100
0.669779,0.689138,0.690752,0.735504,0.859227,0.611553,0.723068,0.692537,0.701476,0.699494
0.703185,0.659006,0.567137,0.723262,0.539826,0.651265,0.720420,0.643762,0.748993,0.704139
0.687424,0.661223,0.736891,0.658499,0.797200,0.731197,0.799698,0.714421,0.672779,0.709701
0.679098,0.644611,0.688137,0.698633,0.712442,0.568599,0.673335,0.671152,0.642763,0.656706
0.672304,0.722205,0.764622,0.602736,0.696759,0.694277,0.727786,0.637474,0.666818,0.679441
0.695043,0.668897,0.762792,0.606284,0.737670,0.643127,0.662554,0.591931,0.709939,0.712254
0.637002,0.717927,0.755448,0.669727,0.822662,0.588039,0.643692,0.657941,0.629509,0.639185
0.673588,0.692305,0.712663,0.736118,0.584705,0.770169,0.676116,0.673254,0.635065,0.685808
0.653189,0.687198,0.653192,0.700182,0.758845,0.694588,0.746306,0.704584,0.702811,0.702374
0.681139,0.711432,0.690753,0.774128,0.715267,0.719121,0.718506,0.792637,0.677856,0.717498
0.677187,0.654531,0.611628,0.788607,0.722105,0.729609,0.737543,0.753543,0.688345,0.662303
0.720426,0.752422,0.646252,0.687512,0.601546,0.687204,0.702857,0.675682,0.674662,0.621764
0.727116,0.703046,0.713040,0.722398,0.773881,0.744788,0.653704,0.679659,0.737082,0.715817
0.637273,0.692303,0.653785,0.681210,0.655612,0.648531,0.701614,0.623112,0.744575,0.679990
0.708435,0.659466,0.675135,0.770907,0.812240,0.622923,0.673750,0.686122,0.701941,0.681408
0.663017,0.618583,0.665379,0.715047,0.668193,0.690393,0.674321,0.681945,0.665876,0.672744
0.701738,0.738175,0.638822,0.644354,0.769353,0.536237,0.735074,0.669985,0.725327,0.655950
0.688170,0.671165,0.750257,0.638128,0.539165,0.703578,0.690792,0.641684,0.709017,0.735452
0.704696,0.635493,0.662387,0.716681,0.563451,0.673842,0.725928,0.665000,0.678459,0.709111
0.718025,0.658119,0.682945,0.647900,0.593973,0.664059,0.722434,0.691458,0.694961,0.708875
0.728119,0.704038,0.719177,0.688221,0.752193,0.754435,0.697172,0.715928,0.651290,0.693922
0.663475,0.700308,0.693932,0.773214,0.613029,0.738599,0.732220,0.741895,0.750558,0.675847
0.691239,0.650996,0.691828,0.759894,0.697695,0.701016,0.706200,0.686537,0.701941,0.684727
0.697553,0.696996,0.748969,0.681966,0.773210,0.696609,0.752152,0.680559,0.674273,0.704430
0.695012,0.674297,0.745567,0.674535,0.666511,0.674429,0.652095,0.667088,0.718777,0.659399
0.691292,0.699861,0.604284,0.722440,0.778416,0.754052,0.572083,0.694684,0.676690,0.676645
0.629585,0.695867,0.660057,0.697985,0.782679,0.735304,0.737872,0.705112,0.663383,0.723217
0.686864,0.667555,0.703190,0.713597,0.649715,0.683036,0.730516,0.625582,0.676556,0.688259
0.679347,0.708777,0.798783,0.805339,0.570458,0.734070,0.694864,0.698747,0.675407,0.677391
0.672239,0.656392,0.745774,0.689388,0.742587,0.610548,0.629789,0.694940,0.791659,0.700969
0.732532,0.718678,0.693141,0.693850,0.657175,0.588219,0.659829,0.674103,0.657883,0.662878
0.710856,0.721770,0.691909,0.605587,0.623566,0.577240,0.683853,0.707990,0.690641,0.663040
0.728271,0.664588,0.707225,0.655059,0.893156,0.730491,0.681243,0.615811,0.758012,0.711417
0.731329,0.688877,0.675202,0.711716,0.534534,0.667253,0.701830,0.743118,0.727682,0.711935
0.621298,0.699062,0.660674,0.685886,0.590162,0.771203,0.704648,0.651412,0.735953,0.689310
0.683715,0.685690,0.614022,0.721882,0.660860,0.684686,0.599735,0.713788,0.672549,0.687019
0.655234,0.670559,0.760219,0.667842,0.706677,0.752460,0.734481,0.700973,0.609788,0.686421
0.687339,0.706112,0.674133,0.618857,0.808175,0.656091,0.670971,0.761670,0.683940,0.682732
0.703626,0.662943,0.755880,0.539573,0.603960,0.657413,0.735693,0.693837,0.690299,0.703555
0.707133,0.700318,0.680103,0.660402,0.726458,0.665558,0.730144,0.716200,0.649669,0.698564
0.696786,0.688477,0.799427,0.701752,0.581307,0.640772,0.636678,0.693039,0.631548,0.713131
0.762441,0.736090,0.701919,0.702191,0.634389,0.808698,0.718079,0.796536,0.664309,0.704646
0.690753,0.786406,0.721255,0.760132,0.913621,0.755024,0.734290,0.692703,0.639808,0.699430
0.680047,0.712777,0.670278,0.671058,0.585989,0.574894,0.694181,0.684033,0.650014,0.690449
0.698574,0.682695,0.725622,0.752410,0.718579,0.542257,0.648583,0.689704,0.696900,0.662981
0.687636,0.659991,0.688578,0.696691,0.713005,0.821347,0.678508,0.690090,0.693888,0.667207
0.713282,0.706812,0.685398,0.702260,0.880634,0.774090,0.723666,0.682459,0.667296,0.700443
0.708042,0.640809,0.733869,0.747620,0.758300,0.577569,0.667529,0.718097,0.743715,0.686873
0.683799,0.673876,0.675837,0.703990,0.515135,0.723346,0.711634,0.749605,0.671882,0.713058
0.727538,0.752525,0.722529,0.714055,0.628132,0.760434,0.695858,0.689869,0.655341,0.700978
0.712413,0.716492,0.736856,0.684040,0.590876,0.610727,0.718560,0.726062,0.709953,0.640067
0.670311,0.704270,0.718113,0.657092,0.824470,0.623752,0.634037,0.708485,0.660693,0.655928
0.761285,0.681796,0.641536,0.737626,0.753105,0.678200,0.678584,0.609119,0.697014,0.755217
0.668187,0.690717,0.713371,0.682625,0.681031,0.730822,0.720986,0.684548,0.655726,0.695959
0.680185,0.724800,0.667797,0.650292,0.723396,0.658036,0.635074,0.636266,0.711321,0.673095
0.676092,0.641267,0.644195,0.570347,0.869752,0.755218,0.710220,0.553779,0.723109,0.664550
0.746390,0.667531,0.680609,0.741192,0.906356,0.666261,0.725326,0.698471,0.681558,0.700688
0.669321,0.717270,0.674818,0.729674,0.670473,0.693404,0.680118,0.691919,0.709276,0.718496
0.683204,0.689622,0.706713,0.680101,0.732392,0.674493,0.685112,0.612751,0.690586,0.722777
0.688372,0.762574,0.695588,0.699380,0.647662,0.644889,0.687457,0.703741,0.718583,0.738007
0.694244,0.668687,0.741998,0.792355,0.528768,0.692591,0.759638,0.714046,0.697492,0.680766
0.660043,0.660144,0.741408,0.578415,0.771512,0.779701,0.732822,0.691488,0.600713,0.681230
0.692799,0.707827,0.682920,0.666668,0.507958,0.756711,0.656346,0.708403,0.640453,0.763136
0.651941,0.665537,0.664263,0.673672,0.583973,0.557280,0.691246,0.672735,0.675230,0.678453
0.693744,0.613032,0.720504,0.709547,0.755841,0.605616,0.742927,0.691167,0.707277,0.693999
0.721882,0.664821,0.693639,0.773634,0.698526,0.728439,0.668109,0.707322,0.698898,0.674979
0.728165,0.689638,0.673653,0.706258,0.473970,0.699598,0.691973,0.658420,0.739829,0.699079
0.688992,0.703265,0.663526,0.701175,0.758812,0.602029,0.680954,0.722158,0.689020,0.714343
0.686278,0.647455,0.689100,0.776963,0.796157,0.573205,0.675136,0.700012,0.686026,0.688232
0.624278,0.629395,0.668432,0.792874,0.609303,0.705195,0.739477,0.697391,0.727376,0.723012
0.689958,0.670858,0.741122,0.672661,0.668832,0.689924,0.775916,0.683355,0.687319,0.711156
0.723589,0.717607,0.697836,0.635872,0.723597,0.660676,0.690349,0.718134,0.718845,0.675958
0.710503,0.651654,0.705889,0.582489,0.576840,0.702947,0.715840,0.697207,0.690246,0.733896
0.682777,0.658259,0.689387,0.755153,0.860724,0.604602,0.722790,0.729832,0.668293,0.694701
0.568349,0.676385,0.715258,0.682258,0.716605,0.839188,0.649530,0.657703,0.688766,0.690896
0.715555,0.712491,0.692457,0.636627,0.555649,0.695257,0.691665,0.691557,0.712890,0.684308
0.679262,0.685708,0.695901,0.663162,0.738352,0.782777,0.682932,0.672112,0.673432,0.641241
0.682878,0.678859,0.678067,0.753741,0.767984,0.667423,0.654308,0.675254,0.693910,0.701340
0.723832,0.684742,0.653905,0.652228,0.691168,0.670699,0.675857,0.618424,0.776618,0.713584
0.694603,0.651112,0.706981,0.764223,0.770645,0.689958,0.722981,0.682273,0.711110,0.707562
0.704483,0.691434,0.669835,0.647517,0.767150,0.709187,0.723955,0.653205,0.708885,0.679756
0.679792,0.697709,0.703456,0.638963,0.855410,0.691606,0.675611,0.756666,0.656916,0.686633
0.751507,0.735446,0.664267,0.671859,0.586228,0.677714,0.682649,0.735573,0.718456,0.687690
0.695475,0.702850,0.673062,0.763082,0.925633,0.819697,0.668705,0.713001,0.701019,0.692372
0.703898,0.659176,0.677031,0.731478,0.790743,0.748203,0.696385,0.685147,0.735743,0.699796
0.700540,0.709612,0.632384,0.657868,0.796563,0.596304,0.670446,0.728619,0.694692,0.705086
0.671701,0.782774,0.735090,0.759903,0.703135,0.704149,0.663875,0.649590,0.718899,0.719150
0.727149,0.750039,0.693445,0.724383,0.501323,0.809187,0.655457,0.662231,0.668000,0.718727
0.674020,0.706697,0.697929,0.604782,0.915697,0.737484,0.690539,0.778542,0.604890,0.673598
0.747308,0.639631,0.670590,0.555135,0.567256,0.732054,0.710502,0.734791,0.685359,0.709469
0.724517,0.630653,0.731201,0.746846,0.715215,0.669405,0.692834,0.676081,0.705162,0.680559
0.682999,0.648520,0.707056,0.750643,0.675838,0.870404,0.641041,0.632458,0.736173,0.688828
0.661234,0.719521,0.625310,0.774594,0.834012,0.723104,0.671709,0.679853,0.702733,0.690578
0.665211,0.658155,0.682064,0.701647,0.726790,0.721611,0.721196,0.645145,0.688600,0.721311
0.702542,0.666576,0.678888,0.667979,0.714863,0.673134,0.724409,0.687699,0.699675,0.733993
0.676954,0.696674,0.743289,0.639590,0.802536,0.611068,0.655634,0.672170,0.681801,0.653551
0.700944,0.603746,0.686998,0.612433,0.659878,0.863240,0.668912,0.723488,0.763792,0.673073
0.702343,0.725926,0.613955,0.731857,0.827288,0.755255,0.636547,0.671245,0.672284,0.715781
0.684258,0.683577,0.672658,0.736513,0.731958,0.543707,0.684093,0.699174,0.680914,0.707792
0.667929,0.715104,0.711198,0.699259,0.783050,0.767339,0.737703,0.665098,0.682911,0.689233
0.644335,0.686405,0.723301,0.683104,0.486043,0.693579,0.630806,0.655734,0.666937,0.642733
0.684820,0.692157,0.693732,0.672669,0.769569,0.758669,0.713163,0.698266,0.701329,0.684770
0.745025,0.601476,0.639811,0.633784,0.778218,0.727243,0.714860,0.776626,0.679427,0.672024
0.645917,0.675439,0.756857,0.805692,0.644971,0.645061,0.633466,0.755972,0.647406,0.646211
0.677914,0.659988,0.701237,0.659889,0.694396,0.583902,0.695206,0.728543,0.718474,0.710933
0.707582,0.738172,0.730958,0.716857,0.812698,0.626951,0.675626,0.703762,0.685390,0.714667
0.696965,0.719779,0.704748,0.674700,0.783619,0.723994,0.683995,0.669824,0.654528,0.697443
0.735924,0.714856,0.736952,0.736797,0.609981,0.591312,0.617022,0.698674,0.689962,0.686910
0.709971,0.691350,0.733943,0.718924,0.640344,0.688486,0.720795,0.694917,0.700492,0.688899
0.646381,0.678583,0.665013,0.685603,0.551956,0.724775,0.716422,0.718995,0.706669,0.657886
0.689158,0.700711,0.679712,0.722667,0.595477,0.737652,0.671141,0.711651,0.727170,0.671783
0.670117,0.710088,0.662435,0.739227,0.656201,0.770843,0.710119,0.724920,0.676362,0.650329
0.695117,0.692370,0.696214,0.734433,0.536191,0.676731,0.729904,0.659564,0.711614,0.722758
0.702370,0.682609,0.709579,0.688526,0.601679,0.711557,0.712838,0.706730,0.691082,0.694327
0.669189,0.713556,0.663530,0.690645,0.794522,0.740338,0.680312,0.686393,0.673472,0.699854
0.628474,0.755922,0.717588,0.710031,0.770111,0.503423,0.677866,0.706376,0.639275,0.699812
0.603169,0.712795,0.726539,0.683250,0.604463,0.872107,0.638279,0.721892,0.709178,0.635921
0.691934,0.663388,0.674934,0.669276,0.567780,0.687603,0.708663,0.711437,0.693905,0.705391
0.714973,0.703198,0.721639,0.691186,0.698968,0.704204,0.688914,0.698485,0.700363,0.695000
0.686828,0.733063,0.668161,0.633491,0.728399,0.504263,0.686784,0.674309,0.728202,0.638923
0.665118,0.783217,0.705270,0.806127,0.842376,0.675745,0.709938,0.644347,0.658012,0.705307
0.737802,0.703657,0.708900,0.726085,0.854639,0.609891,0.681836,0.655078,0.703639,0.685927
0.673119,0.647510,0.696689,0.647946,0.835268,0.681607,0.666324,0.679393,0.761770,0.657888
0.701763,0.687639,0.722200,0.710803,0.952209,0.783364,0.727741,0.684539,0.711555,0.692085
0.750416,0.736685,0.716369,0.648615,0.767889,0.613997,0.676544,0.699717,0.744594,0.777160
0.716353,0.717115,0.623287,0.748655,0.731492,0.690720,0.747314,0.752753,0.723760,0.642524
0.675458,0.706953,0.693588,0.699379,0.894351,0.785860,0.697006,0.666241,0.693597,0.705560
0.701335,0.705115,0.669731,0.703108,0.657826,0.557180,0.676136,0.721543,0.707255,0.690214
0.711095,0.588168,0.704201,0.677472,0.753689,0.601107,0.660354,0.723511,0.691536,0.697666
0.689999,0.731967,0.602102,0.557034,0.688874,0.685351,0.762942,0.687510,0.680505,0.702386
0.698044,0.699197,0.789365,0.669132,0.640285,0.690830,0.721379,0.709972,0.680408,0.673005
0.709208,0.677493,0.728576,0.700203,0.654876,0.663489,0.655504,0.672466,0.674418,0.714149
0.669737,0.731545,0.623675,0.694830,0.704024,0.583584,0.706191,0.714095,0.721836,0.661209
0.677208,0.679211,0.667359,0.705198,0.830298,0.706232,0.650754,0.698958,0.672949,0.679097
0.777344,0.667910,0.602291,0.587871,0.722047,0.724860,0.725783,0.766373,0.669329,0.669544
0.733464,0.699851,0.650428,0.582115,0.681774,0.569323,0.635829,0.585175,0.684866,0.728105
0.693933,0.720816,0.636805,0.712252,0.830295,0.732527,0.613908,0.720396,0.687837,0.689322
0.678456,0.707390,0.625743,0.671020,0.709524,0.732364,0.570991,0.692067,0.678830,0.658219
0.721038,0.746319,0.716704,0.714606,0.814008,0.721781,0.707711,0.654616,0.710464,0.649980
0.701852,0.733928,0.669697,0.658505,0.715606,0.671633,0.697309,0.706932,0.706987,0.690748
0.713751,0.681297,0.666091,0.654354,0.672272,0.620573,0.695077,0.721215,0.720539,0.666739
0.685576,0.653902,0.667630,0.655675,0.714665,0.719878,0.664599,0.682908,0.663952,0.678976
0.714359,0.622462,0.672869,0.649159,0.532182,0.733229,0.696003,0.677138,0.716887,0.720595
0.706733,0.721909,0.812286,0.607639,0.696378,0.655099,0.577388,0.609426,0.667101,0.707051
0.711613,0.680871,0.687996,0.620078,0.416426,0.752898,0.662100,0.727869,0.705128,0.679568
0.647324,0.694756,0.710704,0.608388,0.807292,0.590128,0.610304,0.674488,0.745615,0.693154
0.762674,0.720595,0.710837,0.716816,0.762814,0.701388,0.730835,0.731207,0.725951,0.677913
0.690716,0.709262,0.642445,0.657357,0.538075,0.752910,0.747429,0.694674,0.726807,0.708220
0.684283,0.716990,0.785930,0.811689,0.862219,0.662324,0.697281,0.722296,0.679638,0.691298
0.688187,0.703270,0.692245,0.701624,0.733630,0.711828,0.672187,0.689866,0.656568,0.693205
0.653928,0.689651,0.647196,0.794232,0.594395,0.746179,0.733651,0.676050,0.777959,0.688418
0.655126,0.719878,0.750710,0.624053,0.708241,0.542758,0.702478,0.738976,0.716053,0.716342
0.667981,0.628621,0.636360,0.563889,0.828882,0.673604,0.658639,0.707917,0.753999,0.664030
0.684278,0.727240,0.677720,0.677185,0.558975,0.727968,0.666938,0.759818,0.676799,0.647570
0.719726,0.677132,0.639154,0.731116,0.649402,0.591737,0.740228,0.674594,0.651494,0.761636
0.697517,0.716269,0.671499,0.659953,0.549832,0.796297,0.687095,0.676250,0.681575,0.741661
0.664504,0.653484,0.641486,0.649325,0.807259,0.676635,0.660183,0.791867,0.680634,0.645929
0.695733,0.669405,0.672878,0.728093,0.819716,0.730035,0.724795,0.679077,0.672094,0.650601
0.679959,0.684361,0.680092,0.678329,0.550483,0.662420,0.712872,0.693814,0.668157,0.684594
0.674127,0.738547,0.614256,0.624505,0.543058,0.758264,0.680588,0.679171,0.665924,0.725732
0.694417,0.651227,0.635556,0.717170,0.661122,0.640457,0.602105,0.737573,0.661215,0.673339
0.673714,0.703251,0.653818,0.704954,0.812226,0.737231,0.633231,0.671987,0.657751,0.689693
0.685129,0.723507,0.581274,0.692554,0.521800,0.668051,0.815706,0.666604,0.661160,0.706031
0.678122,0.700707,0.705764,0.636506,0.645035,0.765864,0.718335,0.695234,0.696674,0.686396
0.701894,0.737543,0.652261,0.675716,0.671121,0.629567,0.648722,0.680339,0.709620,0.678031
0.729549,0.620036,0.756091,0.677579,0.757169,0.653328,0.692939,0.664044,0.675058,0.680759
0.676408,0.634978,0.713775,0.703019,0.771367,0.491134,0.680913,0.719751,0.687116,0.675922
0.740203,0.633305,0.685543,0.693322,0.668117,0.628372,0.713527,0.715944,0.673235,0.738000
0.689185,0.689455,0.707775,0.703599,0.686338,0.734395,0.726996,0.677348,0.703571,0.696432
0.686278,0.657101,0.589628,0.711898,0.712101,0.682310,0.590733,0.666068,0.672784,0.714497
0.688613,0.714795,0.712415,0.654878,0.663470,0.709663,0.716130,0.677801,0.689614,0.691397
0.668307,0.723380,0.710507,0.714247,0.771883,0.656445,0.747469,0.676991,0.648891,0.709336
0.632360,0.722940,0.768326,0.641754,0.761981,0.731976,0.658088,0.677500,0.703695,0.665492
0.700099,0.702440,0.667747,0.663446,0.617036,0.769306,0.716377,0.668639,0.689818,0.707835
0.677528,0.707245,0.672859,0.680162,0.714039,0.707792,0.697427,0.670067,0.699214,0.644549
0.715324,0.679462,0.666014,0.650026,0.547188,0.706466,0.713263,0.715944,0.679392,0.679583
0.727141,0.687977,0.728319,0.627580,0.890142,0.757058,0.678029,0.604551,0.705165,0.702137
0.670334,0.678298,0.649457,0.748176,0.829754,0.641491,0.656369,0.666583,0.663551,0.703258
0.670753,0.660486,0.722624,0.681387,0.729656,0.817254,0.699733,0.688984,0.728888,0.670162
0.703867,0.711167,0.683742,0.736917,0.757942,0.726629,0.708301,0.686115,0.656998,0.723333
0.740571,0.684810,0.668455,0.682647,0.660880,0.701702,0.698967,0.641592,0.740746,0.667055
0.684054,0.732334,0.690653,0.790697,0.702698,0.777541,0.704150,0.710981,0.698863,0.717129
0.694420,0.738776,0.738030,0.701425,0.599409,0.677582,0.717221,0.730670,0.735389,0.723461
0.682076,0.645800,0.709798,0.640219,0.826119,0.664599,0.648198,0.716549,0.767736,0.681239
0.719518,0.691169,0.670853,0.663160,0.634168,0.611083,0.697185,0.681401,0.668651,0.680380
0.736213,0.730991,0.768561,0.676322,0.700565,0.728655,0.705885,0.665961,0.659653,0.714326
0.679278,0.770428,0.711297,0.634572,0.622649,0.639837,0.690298,0.742070,0.708322,0.726779
0.663236,0.673698,0.668263,0.696555,0.484762,0.709439,0.713417,0.645010,0.646630,0.694218
0.715410,0.635407,0.696666,0.723797,0.640708,0.654128,0.694192,0.682948,0.705673,0.717611
0.666731,0.688056,0.687463,0.689305,0.710737,0.719241,0.718975,0.685239,0.692306,0.703140
0.672545,0.709515,0.682013,0.703437,0.623718,0.736488,0.706246,0.669894,0.683777,0.699473
0.703513,0.703765,0.715795,0.693514,0.669335,0.781879,0.661143,0.679971,0.636884,0.718057
0.701384,0.715163,0.705387,0.698712,0.583681,0.778206,0.720061,0.676716,0.720876,0.694338
0.695643,0.667403,0.664623,0.733525,0.566876,0.617338,0.641644,0.658092,0.668664,0.684005
0.672773,0.703972,0.721313,0.711344,0.590815,0.586145,0.674816,0.695263,0.740722,0.722189
0.721891,0.696311,0.718686,0.720321,0.572602,0.745650,0.704835,0.735105,0.712106,0.677639
0.688784,0.713208,0.658268,0.758473,0.668317,0.689982,0.674481,0.645844,0.650036,0.694291
0.696444,0.679882,0.650181,0.593249,0.841206,0.633507,0.720160,0.791789,0.691968,0.709693
0.760083,0.727461,0.637762,0.677572,0.679482,0.603505,0.720650,0.696721,0.661575,0.638568
0.640602,0.653913,0.667629,0.737815,0.828864,0.785387,0.732762,0.623540,0.716789,0.688001
0.698708,0.741564,0.702908,0.696357,0.633153,0.828184,0.657270,0.694731,0.680041,0.686659
0.678587,0.713225,0.614005,0.705265,0.783058,0.735665,0.594377,0.676857,0.660508,0.685299
0.655983,0.682976,0.689641,0.706733,0.525360,0.684709,0.725517,0.687502,0.678000,0.713256
0.657997,0.702348,0.715368,0.662792,0.951292,0.800231,0.684759,0.733194,0.700228,0.684408
0.699170,0.693364,0.760043,0.711214,0.724368,0.722696,0.744080,0.691875,0.704913,0.702776
0.692510,0.649924,0.689534,0.722618,0.744154,0.602927,0.715301,0.698496,0.718647,0.689721
0.726018,0.716145,0.668149,0.581008,0.698838,0.660945,0.693868,0.698936,0.645004,0.671632
0.651677,0.659461,0.775690,0.575937,0.749009,0.652619,0.705853,0.696121,0.766331,0.694130
0.722267,0.697580,0.667183,0.716499,0.387685,0.679851,0.747908,0.657104,0.737669,0.723424
0.683418,0.710397,0.703561,0.701990,0.573029,0.701970,0.719303,0.659530,0.689111,0.674603
0.676752,0.710647,0.702696,0.709041,0.684450,0.735689,0.781411,0.686687,0.712299,0.702819
0.682229,0.653639,0.657280,0.757409,0.676586,0.647588,0.728287,0.664404,0.707113,0.748759
0.685483,0.679579,0.734618,0.803391,0.771329,0.745785,0.704979,0.743557,0.683772,0.731988
0.669040,0.693879,0.721909,0.727819,0.602000,0.672348,0.737715,0.691306,0.716164,0.669441
0.686867,0.626384,0.690747,0.714661,0.647283,0.687971,0.702815,0.684251,0.726512,0.688117
0.661046,0.699615,0.651725,0.723378,0.688682,0.661763,0.675844,0.694096,0.719353,0.662601
0.687482,0.700529,0.672873,0.615046,0.817803,0.744286,0.650437,0.678860,0.671615,0.676339
0.685529,0.723464,0.781849,0.702876,0.543853,0.682263,0.614335,0.660846,0.691588,0.665215
0.690812,0.687445,0.638294,0.766661,0.825976,0.665118,0.635350,0.698108,0.697578,0.679835
0.713140,0.793368,0.620870,0.674822,0.636550,0.627175,0.680404,0.689388,0.651266,0.763688
0.665371,0.677715,0.709297,0.676629,0.615795,0.776095,0.706519,0.635322,0.664544,0.680107
0.677156,0.650506,0.750319,0.670863,0.921972,0.717824,0.654721,0.639050,0.698866,0.665482
0.642854,0.650939,0.702660,0.764833,0.647490,0.626118,0.739040,0.639528,0.730756,0.679791
0.713091,0.701686,0.712848,0.666838,0.688511,0.754640,0.728698,0.688636,0.670574,0.678754
0.675651,0.706116,0.706903,0.640520,0.601326,0.682248,0.699924,0.691229,0.668629,0.684284
0.735003,0.702620,0.688373,0.721125,0.583687,0.677157,0.663117,0.690435,0.732423,0.686810
0.691991,0.628459,0.721443,0.735248,0.533396,0.592209,0.656982,0.685611,0.728716,0.719549
0.722896,0.656699,0.696389,0.697025,0.761836,0.464470,0.719402,0.696216,0.697875,0.687802
0.691752,0.753129,0.673478,0.611909,0.671296,0.711424,0.720095,0.688317,0.639829,0.718436
0.682152,0.720332,0.691199,0.689009,0.455243,0.652223,0.709767,0.727625,0.658190,0.683498
0.691191,0.709711,0.719726,0.729327,0.816855,0.598756,0.706119,0.664658,0.694310,0.696302
0.695522,0.679128,0.761334,0.646771,0.618578,0.677735,0.751697,0.692037,0.665014,0.688646
0.654638,0.712439,0.670177,0.701611,0.610861,0.659115,0.706838,0.651177,0.764766,0.745137
0.684431,0.675682,0.667788,0.681320,0.316030,0.683684,0.666143,0.737329,0.722754,0.695086
0.685389,0.719087,0.593882,0.707148,0.700662,0.736852,0.636763,0.666441,0.708943,0.677716
0.673732,0.698831,0.691654,0.673736,0.660918,0.672547,0.668790,0.677970,0.704955,0.690101
0.683696,0.693397,0.772093,0.641299,0.613670,0.650996,0.644401,0.658863,0.708651,0.661670
0.656131,0.703244,0.701431,0.693323,0.715148,0.771548,0.681777,0.694880,0.694503,0.707332
0.691988,0.599796,0.720250,0.685238,0.519138,0.669548,0.720810,0.752219,0.643079,0.701323
0.742793,0.672578,0.721109,0.664961,0.643844,0.707995,0.652908,0.671264,0.624268,0.694039
0.684575,0.690396,0.749692,0.670192,0.608168,0.635789,0.688549,0.661256,0.662912,0.715799
0.703312,0.756227,0.715201,0.705959,0.782891,0.610802,0.691100,0.735176,0.657639,0.705683
0.709893,0.697890,0.696505,0.592100,0.655972,0.815243,0.622454,0.683788,0.630643,0.675059
0.734239,0.689455,0.626394,0.728913,0.717806,0.659646,0.694684,0.683334,0.691302,0.657529
0.697174,0.675859,0.684326,0.676874,0.867906,0.637093,0.691548,0.682235,0.695476,0.701810
0.704049,0.707411,0.672076,0.666910,0.796913,0.614738,0.715216,0.752023,0.661173,0.689390
0.703879,0.684194,0.738981,0.725181,0.797352,0.675587,0.643493,0.686711,0.704984,0.706869
0.778121,0.661267,0.704405,0.632285,0.648506,0.678745,0.742133,0.729111,0.570665,0.692244
0.701757,0.696208,0.687132,0.702062,0.820301,0.576057,0.687622,0.742335,0.674725,0.695344
0.700419,0.664169,0.699809,0.723980,0.558922,0.689740,0.728494,0.708245,0.674043,0.710656
0.706673,0.709850,0.708357,0.583415,0.658120,0.733289,0.738235,0.698139,0.709481,0.676303
0.702603,0.719381,0.714251,0.701029,0.595078,0.707753,0.703356,0.691441,0.684152,0.720365
0.731033,0.706307,0.721188,0.770840,0.813978,0.728682,0.690502,0.684856,0.674882,0.729616
0.739198,0.639265,0.670955,0.735075,0.562021,0.645205,0.701542,0.691483,0.708779,0.696109
0.687027,0.664619,0.739275,0.684607,0.553259,0.726674,0.727086,0.683808,0.648006,0.699195
0.681685,0.735927,0.737556,0.650748,0.637995,0.751088,0.740650,0.738214,0.672340,0.705400
0.697205,0.670094,0.703331,0.710109,0.596839,0.640347,0.694111,0.717124,0.660160,0.717887
0.684355,0.727850,0.690707,0.652108,0.366259,0.706875,0.664975,0.685197,0.711748,0.669470
0.662515,0.639863,0.696611,0.599176,0.705504,0.770059,0.630414,0.626361,0.753970,0.744391
0.673023,0.637951,0.676200,0.703740,0.693640,0.629152,0.674633,0.698901,0.686514,0.687345
0.688787,0.686380,0.665238,0.692311,0.597378,0.683140,0.705842,0.687621,0.679432,0.685688
0.713491,0.671377,0.630037,0.701423,0.552789,0.795304,0.692567,0.731644,0.717550,0.681706
0.701769,0.722706,0.705944,0.692666,0.777990,0.707960,0.736898,0.683250,0.739194,0.699772
0.669924,0.688871,0.716382,0.642454,0.656639,0.719219,0.632750,0.671936,0.718342,0.731037
0.658256,0.771056,0.668638,0.714241,0.712831,0.624364,0.699436,0.673631,0.710604,0.693202
0.674410,0.776391,0.726645,0.720678,0.779031,0.648525,0.661382,0.742415,0.696930,0.708804
0.581477,0.661321,0.688068,0.656228,0.715989,0.697291,0.732943,0.580576,0.733092,0.670194
0.620353,0.669852,0.754365,0.638404,0.750080,0.700894,0.671570,0.686672,0.766768,0.723099
0.722700,0.654213,0.719059,0.672481,0.816177,0.609638,0.666239,0.667044,0.754583,0.665440
0.714324,0.740211,0.737006,0.697919,0.427200,0.692381,0.697786,0.684592,0.689674,0.674534
0.696594,0.754692,0.640482,0.647182,0.751657,0.606507,0.746371,0.702146,0.675676,0.671029
0.693383,0.677691,0.693204,0.721216,0.534854,0.691492,0.727787,0.649233,0.706929,0.737250
0.739986,0.736780,0.715474,0.772441,0.547451,0.748967,0.655913,0.698750,0.672927,0.650121
0.675951,0.694668,0.703455,0.681035,0.485909,0.665201,0.658858,0.693918,0.681521,0.658618
0.674958,0.637107,0.719835,0.714139,0.651304,0.783370,0.724282,0.720285,0.687069,0.706979
0.674281,0.689777,0.538097,0.702284,0.742932,0.743720,0.578149,0.694474,0.653640,0.649925
0.754224,0.700810,0.744476,0.697142,0.658852,0.675276,0.752691,0.675066,0.711228,0.673469
0.698230,0.705153,0.734279,0.763375,0.785570,0.717208,0.676459,0.727326,0.647964,0.699728
0.646469,0.654115,0.677869,0.647328,0.613278,0.610531,0.748293,0.689428,0.706721,0.695585
0.748420,0.711179,0.634053,0.663782,0.795873,0.609411,0.713258,0.696948,0.706104,0.717909
0.685985,0.663819,0.695555,0.691395,0.600705,0.647318,0.697164,0.714103,0.695377,0.661218
0.671085,0.729295,0.700810,0.645383,0.818535,0.562761,0.718094,0.737336,0.636698,0.694637
0.713408,0.650379,0.695795,0.635016,0.504551,0.727985,0.663362,0.673782,0.724884,0.712262
0.695250,0.688112,0.624452,0.672150,0.692154,0.567747,0.671057,0.718972,0.690330,0.706879
0.684947,0.720401,0.687289,0.776340,0.848554,0.566752,0.709571,0.673330,0.677328,0.700790
0.698843,0.737828,0.682959,0.670383,0.674774,0.737040,0.662204,0.690658,0.708115,0.699426
0.707252,0.688521,0.686617,0.718958,0.531191,0.662302,0.694467,0.689026,0.698601,0.726948
0.671820,0.743396,0.639983,0.845452,0.845036,0.772850,0.641778,0.706355,0.693552,0.681095
0.725793,0.729370,0.602592,0.664834,0.750241,0.778087,0.760499,0.692057,0.718688,0.632637
0.678591,0.717057,0.576132,0.735253,0.826189,0.754314,0.559494,0.685590,0.662660,0.697389
0.623265,0.705235,0.641916,0.708258,0.662386,0.784247,0.795501,0.719846,0.698805,0.712776
0.621266,0.717452,0.705533,0.584812,0.773285,0.752624,0.686362,0.608006,0.731917,0.688920
0.712364,0.741631,0.676745,0.698783,0.632105,0.632545,0.705123,0.702880,0.721724,0.717107
0.628442,0.674086,0.609651,0.709648,0.696528,0.737968,0.721324,0.642333,0.699163,0.689618
0.658469,0.730907,0.693838,0.771982,0.635853,0.810659,0.717150,0.767214,0.685656,0.675387
0.701190,0.684917,0.701008,0.694438,0.704539,0.518387,0.670807,0.728429,0.683606,0.709197
0.723632,0.670305,0.744541,0.685066,0.600891,0.835516,0.608645,0.706364,0.652132,0.683220
0.652729,0.676709,0.689511,0.667625,0.631610,0.745574,0.650658,0.671153,0.693299,0.655058
0.694474,0.796240,0.713098,0.724860,0.695445,0.586359,0.695745,0.716695,0.727376,0.686947
0.685847,0.708567,0.686464,0.621820,0.864935,0.688396,0.631508,0.732011,0.776943,0.682951
0.661624,0.620648,0.682544,0.747935,0.799854,0.499560,0.707882,0.717985,0.657049,0.684396
0.684008,0.666614,0.744700,0.606873,0.641554,0.660497,0.722754,0.711679,0.671778,0.734950
0.690531,0.669924,0.758503,0.716497,0.564059,0.650268,0.759184,0.681315,0.661330,0.705519
0.727738,0.728671,0.728388,0.676850,0.619222,0.596457,0.730792,0.668800,0.684384,0.690573
0.670839,0.760265,0.707698,0.690763,0.676834,0.836094,0.692667,0.715889,0.692667,0.692248
0.684038,0.791943,0.665455,0.708697,0.706330,0.769357,0.611214,0.806971,0.679362,0.766339
0.776655,0.561724,0.700524,0.710039,0.800151,0.621854,0.682049,0.665076,0.742722,0.639791
0.661693,0.690664,0.697912,0.618204,0.634934,0.622940,0.680392,0.626335,0.712405,0.674024
0.710459,0.680784,0.671436,0.509574,0.576234,0.712588,0.639035,0.702829,0.749599,0.692026
0.678162,0.686979,0.689352,0.729691,0.723238,0.635721,0.652267,0.681658,0.702016,0.664939
0.751940,0.694550,0.634164,0.672190,0.702439,0.553761,0.715664,0.717406,0.663077,0.633179
0.690205,0.669508,0.616448,0.717384,0.617175,0.744983,0.718845,0.750524,0.686590,0.696857
0.674844,0.699280,0.694168,0.763505,0.362454,0.678199,0.634436,0.651756,0.660948,0.676853
0.677421,0.681151,0.680193,0.700561,0.763260,0.708924,0.742230,0.672765,0.684860,0.675953
0.753436,0.740419,0.765837,0.663541,0.897777,0.788978,0.630430,0.676822,0.665766,0.644090
0.674550,0.675277,0.653587,0.754197,0.711358,0.598420,0.636209,0.751583,0.671355,0.687133
0.700532,0.617778,0.678061,0.682003,0.816888,0.698573,0.647361,0.684881,0.769682,0.684062
0.661622,0.686151,0.715861,0.636344,0.629768,0.693326,0.744456,0.677390,0.748506,0.735035
0.770062,0.724817,0.739857,0.614725,0.671079,0.680666,0.577302,0.688031,0.625341,0.724900
0.626563,0.764831,0.645855,0.730269,0.662040,0.673516,0.694804,0.630430,0.758698,0.712546
0.715141,0.732658,0.714972,0.722749,0.666543,0.736545,0.704808,0.709196,0.679691,0.710637
0.701154,0.752698,0.655088,0.777162,0.699402,0.747163,0.678507,0.739556,0.724402,0.705399
0.667463,0.675325,0.679361,0.718612,0.663667,0.666998,0.693163,0.671024,0.691001,0.716357
0.761382,0.668166,0.688737,0.721356,0.741771,0.540179,0.690524,0.667011,0.659539,0.679387
0.689815,0.701588,0.716884,0.692463,0.620871,0.664979,0.690416,0.714420,0.678211,0.703493
0.698372,0.688308,0.703868,0.705533,0.695078,0.711276,0.729530,0.677913,0.693598,0.708604
0.678711,0.715813,0.713858,0.715372,0.555854,0.703787,0.683559,0.690699,0.719142,0.706603
0.713837,0.725071,0.645941,0.684130,0.757922,0.811313,0.692753,0.702276,0.789231,0.717174
0.691350,0.675347,0.665019,0.699651,0.820603,0.777277,0.731366,0.657084,0.692001,0.685069
0.693296,0.762533,0.635006,0.746963,0.716778,0.612582,0.737474,0.727451,0.709532,0.738138
0.693375,0.662552,0.776105,0.803482,0.752212,0.782480,0.658288,0.705011,0.693156,0.754522
0.654144,0.731323,0.726604,0.690263,0.976854,0.827017,0.688003,0.714559,0.655730,0.674190
0.679842,0.682425,0.681019,0.676667,0.629647,0.734717,0.649287,0.664216,0.680818,0.698917
0.673001,0.714165,0.688685,0.689474,0.652741,0.613352,0.832364,0.656295,0.696907,0.696871
0.705190,0.720077,0.691844,0.758474,0.742698,0.698397,0.706854,0.691886,0.721987,0.680790
0.660914,0.710408,0.729761,0.664818,0.620720,0.701547,0.687211,0.731536,0.713578,0.688581
0.772581,0.656423,0.671423,0.786124,0.904050,0.669017,0.744645,0.673356,0.736907,0.704239
0.691885,0.730513,0.622997,0.631172,0.564928,0.713082,0.702971,0.668455,0.669261,0.673107
0.699875,0.728745,0.628094,0.720202,0.702114,0.674317,0.632981,0.694636,0.691241,0.690519
0.636225,0.681367,0.694545,0.663881,0.638821,0.631368,0.729740,0.616384,0.703272,0.695815
0.748876,0.668006,0.675758,0.539920,0.852071,0.778306,0.681302,0.488245,0.623892,0.665661
0.697517,0.624299,0.719341,0.609684,0.739914,0.710406,0.678876,0.494980,0.725793,0.680482
0.614648,0.677296,0.634564,0.603505,0.735341,0.637904,0.712538,0.702893,0.663889,0.649003
0.707301,0.721540,0.699957,0.712443,0.682143,0.722624,0.717430,0.665929,0.680491,0.664108
0.724833,0.785628,0.672224,0.702616,0.631358,0.760118,0.650675,0.732608,0.676253,0.686213
0.692616,0.735472,0.695063,0.698694,0.704482,0.755876,0.675133,0.691588,0.698615,0.746931
0.710957,0.697254,0.683071,0.703585,0.609358,0.602451,0.693200,0.663326,0.693146,0.693349
0.681762,0.594637,0.677319,0.741177,0.662109,0.653248,0.724330,0.627462,0.676114,0.666145
0.748283,0.701887,0.692084,0.826865,0.616741,0.739296,0.746032,0.711455,0.721917,0.697195
0.712106,0.710429,0.687325,0.713235,0.620635,0.737160,0.716476,0.689959,0.692683,0.682104
0.680490,0.687818,0.759769,0.608640,0.703062,0.747444,0.680901,0.649585,0.695757,0.705842
0.706960,0.695306,0.769552,0.682621,0.657838,0.710011,0.677285,0.774341,0.615996,0.649970
0.679032,0.709730,0.724190,0.634916,0.655238,0.659139,0.751736,0.725132,0.702097,0.698787
0.640817,0.677814,0.649853,0.665460,0.671654,0.722343,0.698428,0.689801,0.661931,0.694234
0.635369,0.648377,0.689273,0.758214,0.613839,0.629424,0.697267,0.699660,0.747765,0.753172
0.696500,0.696771,0.609034,0.699760,0.654353,0.710415,0.592667,0.691682,0.680136,0.704058
0.723173,0.670961,0.727385,0.746018,0.617490,0.682182,0.712752,0.681002,0.727332,0.694489
0.741651,0.706550,0.651269,0.687461,0.721794,0.677864,0.791708,0.691418,0.654079,0.654652
0.636384,0.715432,0.756307,0.643211,0.551051,0.635902,0.704131,0.725536,0.680611,0.721477
0.664762,0.668865,0.687841,0.659997,0.673952,0.675341,0.700625,0.697279,0.776550,0.696823
0.657084,0.709859,0.655572,0.687635,0.684512,0.711182,0.711587,0.730840,0.728698,0.724732
0.673864,0.687573,0.690803,0.678226,0.330456,0.641479,0.693384,0.689668,0.687913,0.683225
0.684820,0.675180,0.680901,0.695697,0.755307,0.526176,0.723967,0.688320,0.707745,0.671928
0.697727,0.642714,0.687587,0.717562,0.888461,0.654608,0.709440,0.678358,0.713749,0.712692
0.651247,0.694510,0.661932,0.657738,0.869358,0.729720,0.674979,0.668612,0.647343,0.709541
0.708558,0.656720,0.708470,0.625135,0.763126,0.686074,0.683745,0.598965,0.663365,0.705251
0.690162,0.737751,0.675716,0.599545,0.680488,0.665432,0.735959,0.693557,0.643001,0.720863
0.721472,0.693675,0.631847,0.703481,0.808413,0.785005,0.626695,0.663141,0.687557,0.695518
0.691524,0.689044,0.686574,0.755287,0.772753,0.638095,0.694825,0.692644,0.705878,0.708591
0.744721,0.728167,0.681653,0.791117,0.595292,0.727293,0.702074,0.698070,0.666738,0.692940
0.699949,0.727364,0.738993,0.692529,0.629912,0.702213,0.699906,0.673352,0.686540,0.618963
0.670960,0.686687,0.722513,0.707465,0.766263,0.728274,0.679769,0.675709,0.679646,0.706669
0.706820,0.695279,0.730750,0.691506,0.887116,0.754553,0.701915,0.688415,0.678597,0.690419
0.728451,0.668270,0.716225,0.692303,0.612242,0.668989,0.673704,0.645928,0.717628,0.659307
0.654058,0.694192,0.700536,0.738415,0.806879,0.480567,0.722474,0.693121,0.688823,0.678137
0.687449,0.701143,0.702034,0.678072,0.585651,0.664001,0.684421,0.716242,0.706618,0.725214
0.710943,0.731699,0.671241,0.727803,0.671910,0.645062,0.680558,0.696797,0.722070,0.699647
0.716349,0.620628,0.716242,0.681273,0.848081,0.555646,0.681222,0.744648,0.682385,0.727801
0.694951,0.675707,0.653622,0.722145,0.552360,0.622540,0.730825,0.654636,0.715697,0.687181
0.653789,0.720118,0.726418,0.687177,0.819394,0.771430,0.682631,0.689941,0.695294,0.679514
0.684101,0.703850,0.653817,0.636707,0.816790,0.670338,0.641246,0.732523,0.694625,0.684058
0.668743,0.673059,0.684127,0.736098,0.609159,0.791624,0.720434,0.729349,0.693829,0.675861
0.697104,0.655718,0.679400,0.635133,0.622569,0.702062,0.721124,0.741559,0.719378,0.713442
0.694586,0.677404,0.682662,0.705950,0.681210,0.691052,0.695868,0.690163,0.700707,0.689754
0.684587,0.649392,0.706059,0.671501,0.594038,0.689681,0.681752,0.673820,0.673034,0.695377
0.710790,0.701557,0.771724,0.620236,0.549589,0.787883,0.671198,0.714190,0.692611,0.645402
0.717437,0.693117,0.678903,0.653087,0.573462,0.728367,0.675580,0.726930,0.684395,0.674090
0.696609,0.709988,0.676422,0.727391,0.852892,0.836605,0.633754,0.704842,0.693570,0.678667
0.634101,0.729933,0.724866,0.680353,0.673716,0.670221,0.655872,0.671519,0.722324,0.726445
0.732449,0.678115,0.670159,0.699261,0.581470,0.739750,0.676299,0.686461,0.739558,0.680205
0.666270,0.707003,0.670244,0.716667,0.664465,0.674529,0.706463,0.751760,0.686329,0.709391
0.690656,0.702359,0.702012,0.728773,0.691543,0.715883,0.714130,0.674007,0.701330,0.694139
0.680299,0.716915,0.722171,0.626849,0.738686,0.674486,0.663757,0.764903,0.699941,0.703297
0.722924,0.645828,0.697375,0.737327,0.660650,0.703341,0.700823,0.644520,0.645234,0.753868
0.658993,0.677039,0.693947,0.743553,0.465825,0.627251,0.672681,0.726623,0.685232,0.686405
0.681802,0.664747,0.711238,0.641201,0.827166,0.628869,0.667719,0.683361,0.742770,0.637038
0.670690,0.726331,0.682804,0.693592,0.597617,0.689627,0.687219,0.692078,0.663291,0.700588
0.678161,0.666210,0.707003,0.738182,0.631373,0.692674,0.728054,0.696839,0.696083,0.705661
0.733041,0.713009,0.691305,0.681198,0.659225,0.701511,0.779283,0.742315,0.714881,0.679621
0.757687,0.703031,0.671099,0.647057,0.697464,0.607872,0.697193,0.686069,0.699993,0.734488
0.721345,0.732657,0.662618,0.763503,0.649341,0.613360,0.730342,0.691306,0.684328,0.726774
0.717904,0.679228,0.703812,0.677632,0.659749,0.627720,0.640434,0.708457,0.723095,0.682190
0.695431,0.672239,0.744041,0.711053,0.732118,0.749124,0.741458,0.705912,0.703251,0.700287
0.719443,0.675286,0.681733,0.733294,0.605526,0.682621,0.696633,0.682922,0.697551,0.705665
0.734097,0.694743,0.628401,0.539954,0.680002,0.748314,0.675460,0.732439,0.666023,0.720498
0.690360,0.713130,0.685458,0.711640,0.867339,0.754119,0.716779,0.684528,0.673501,0.696433
0.689250,0.665970,0.701617,0.731646,0.504767,0.692072,0.695841,0.696140,0.702357,0.687944
0.735575,0.672087,0.739378,0.745823,0.615938,0.776795,0.603988,0.652969,0.697094,0.712404
0.700223,0.643078,0.658717,0.727797,0.845044,0.689538,0.662321,0.718800,0.707445,0.701914
0.691161,0.736952,0.683807,0.685014,0.745917,0.677492,0.717120,0.702970,0.663822,0.697506
0.754661,0.705704,0.752987,0.612530,0.713637,0.747309,0.687682,0.734919,0.692455,0.714199
0.716443,0.685194,0.689805,0.789750,0.748354,0.566200,0.730647,0.697200,0.680041,0.693769
0.694207,0.677859,0.679509,0.717784,0.661111,0.693244,0.705354,0.695948,0.691308,0.694162
0.686859,0.691100,0.756210,0.679588,0.554958,0.704061,0.747729,0.682277,0.682144,0.676357
0.680916,0.717585,0.607977,0.763123,0.788695,0.777033,0.771243,0.730296,0.694587,0.737061
0.681346,0.719299,0.667408,0.640896,0.691328,0.779533,0.710618,0.656995,0.709775,0.703880
0.703584,0.647248,0.736316,0.697186,0.548799,0.684508,0.665573,0.702133,0.714930,0.661699
0.661567,0.729043,0.625894,0.692579,0.537521,0.689094,0.743865,0.684257,0.682144,0.652719
0.700364,0.719814,0.737690,0.640376,0.644813,0.675908,0.742868,0.661419,0.679320,0.705446
0.692964,0.728629,0.661223,0.708323,0.837703,0.770936,0.616610,0.700695,0.699069,0.683107
0.668836,0.622564,0.663957,0.761326,0.735793,0.696644,0.633893,0.694050,0.646705,0.669235
0.693692,0.709002,0.737637,0.694901,0.811103,0.768881,0.720121,0.618720,0.726648,0.681917
0.682023,0.720304,0.735469,0.666373,0.627853,0.735357,0.703753,0.686539,0.694565,0.684617
0.681006,0.650027,0.795669,0.822882,0.460279,0.698992,0.688127,0.641608,0.670527,0.691092
0.668791,0.634674,0.716718,0.681511,0.831199,0.684689,0.699148,0.665535,0.707379,0.660484
0.693241,0.696299,0.750793,0.696245,0.665699,0.712716,0.741795,0.686402,0.691488,0.697247
0.746350,0.695216,0.748683,0.731518,0.663334,0.735129,0.717491,0.726877,0.692842,0.685140
0.718287,0.642804,0.665590,0.715539,0.544447,0.623090,0.707732,0.691889,0.690860,0.693863
0.698463,0.674106,0.638869,0.738335,0.685366,0.766116,0.693382,0.702538,0.725720,0.697840
0.726103,0.701542,0.746482,0.733819,0.723735,0.674623,0.716296,0.690130,0.678512,0.701248
0.716356,0.648725,0.705767,0.609932,0.563924,0.771535,0.670002,0.734363,0.684008,0.700652
0.689244,0.639241,0.687382,0.728106,0.832536,0.695013,0.727692,0.694172,0.674233,0.710846
0.678162,0.701172,0.683654,0.624936,0.799036,0.557983,0.685080,0.722393,0.719814,0.736279
0.695124,0.716174,0.622414,0.691917,0.534067,0.739229,0.731360,0.669344,0.677408,0.740311
0.687583,0.689880,0.691874,0.712966,0.840078,0.758014,0.705253,0.662434,0.693086,0.689182
0.703650,0.721668,0.712373,0.671993,0.752715,0.630321,0.721492,0.725917,0.710266,0.698871
0.718121,0.649559,0.725770,0.798844,0.627460,0.700130,0.683433,0.715469,0.666326,0.685695
0.687633,0.643902,0.736745,0.718336,0.768170,0.780106,0.704178,0.633902,0.715258,0.683400
0.671776,0.695665,0.623753,0.604178,0.574717,0.618732,0.760446,0.667697,0.691200,0.659980
0.713898,0.683262,0.732081,0.768859,0.694774,0.754927,0.686323,0.703518,0.685638,0.696342
0.689321,0.656279,0.742125,0.685107,0.778812,0.615599,0.678545,0.675604,0.732386,0.614724
0.664339,0.645540,0.694778,0.751599,0.688967,0.783198,0.757422,0.725473,0.701487,0.688367
0.688997,0.664897,0.664978,0.671993,0.605292,0.800847,0.665421,0.723697,0.760078,0.666900
0.665267,0.738632,0.701818,0.610093,0.765732,0.721510,0.686278,0.730339,0.685332,0.704300
0.713436,0.624703,0.659949,0.711272,0.709745,0.685413,0.711080,0.725488,0.700351,0.707369
0.726645,0.755415,0.719065,0.766892,0.841458,0.649748,0.701048,0.622187,0.701578,0.701617
0.730641,0.661164,0.720723,0.719688,0.881526,0.583843,0.705503,0.650746,0.688346,0.705556
0.713346,0.683691,0.656417,0.626817,0.643621,0.637316,0.713466,0.692849,0.663159,0.742957
0.672777,0.685426,0.661583,0.744115,0.659863,0.619417,0.639125,0.690780,0.692565,0.691615
0.665283,0.652822,0.613611,0.737423,0.595250,0.640416,0.608999,0.713032,0.671821,0.652852
0.677821,0.724188,0.640095,0.723636,0.762213,0.606552,0.689532,0.716374,0.705876,0.691508
0.695138,0.712566,0.725686,0.640404,0.593665,0.771934,0.707726,0.717831,0.689247,0.688600
0.707352,0.744752,0.710839,0.646730,0.754956,0.635870,0.694088,0.641220,0.680835,0.667078
0.706406,0.665684,0.700613,0.661820,0.493810,0.662390,0.737763,0.684399,0.720877,0.732451
0.707549,0.708450,0.718210,0.712630,0.612562,0.783902,0.689447,0.731052,0.680169,0.693070
0.702371,0.683536,0.692307,0.708291,0.618561,0.760549,0.703025,0.681731,0.706032,0.694487
0.662960,0.669633,0.727595,0.715620,0.606744,0.758591,0.715017,0.661072,0.658261,0.690723
0.684042,0.690060,0.689768,0.681085,0.473268,0.740582,0.680465,0.722023,0.696031,0.696493
0.725228,0.664198,0.781355,0.656353,0.540152,0.796149,0.638480,0.656239,0.699380,0.646936
0.686408,0.689524,0.620140,0.695822,0.742326,0.761498,0.631748,0.681265,0.697018,0.701500
0.643689,0.664408,0.736821,0.694028,0.678975,0.743043,0.687599,0.700876,0.702217,0.736348
0.732263,0.625890,0.688437,0.664648,0.660323,0.726112,0.704787,0.691865,0.693600,0.675804
0.674671,0.737400,0.725452,0.617981,0.771239,0.472354,0.715229,0.723500,0.661191,0.688294
0.724019,0.704908,0.674887,0.618229,0.757536,0.676978,0.659106,0.790025,0.819959,0.767507
0.682829,0.742443,0.652218,0.747950,0.674387,0.636970,0.665635,0.695193,0.700150,0.704849
0.692530,0.714554,0.669979,0.716586,0.656350,0.797559,0.653200,0.695951,0.724678,0.714664
0.696280,0.730168,0.644753,0.631037,0.846851,0.861239,0.713016,0.632770,0.664262,0.707676
0.669473,0.742812,0.703758,0.595518,0.564155,0.688418,0.679231,0.700212,0.624406,0.686369
0.683490,0.740349,0.718594,0.710306,0.736634,0.653525,0.724835,0.711279,0.695564,0.701954
0.667350,0.671472,0.697356,0.689547,0.766591,0.671100,0.720766,0.669215,0.647299,0.707277
0.705420,0.689475,0.610341,0.599425,0.629019,0.680457,0.682824,0.773384,0.671993,0.668736
0.720561,0.733872,0.675957,0.628321,0.721539,0.626651,0.685709,0.716615,0.715213,0.736512
0.725714,0.682124,0.667279,0.717404,0.759936,0.658348,0.735955,0.616864,0.665362,0.670595
0.681054,0.623276,0.715514,0.700284,0.578549,0.743923,0.667386,0.666425,0.743328,0.688980
0.668897,0.760489,0.711428,0.697296,0.977495,0.835088,0.704793,0.708381,0.651204,0.691129
0.658111,0.709512,0.680111,0.660360,0.678057,0.822717,0.675347,0.686934,0.696238,0.691522
0.657815,0.686013,0.687494,0.628980,0.692365,0.612416,0.699077,0.635903,0.632927,0.664715
0.728512,0.713843,0.751483,0.623725,0.890289,0.772572,0.652164,0.707609,0.683757,0.673298
0.695127,0.664215,0.687498,0.651360,0.734706,0.797967,0.654762,0.638593,0.659567,0.684134
0.675245,0.675663,0.680443,0.668204,0.818558,0.652596,0.659220,0.739509,0.678899,0.668345
0.702664,0.675772,0.665961,0.727227,0.646653,0.695580,0.693907,0.676893,0.702510,0.692247
0.675730,0.685798,0.695774,0.709829,0.443510,0.695495,0.671315,0.741757,0.713782,0.711308
0.686803,0.670807,0.710108,0.661138,0.529603,0.720154,0.707143,0.689386,0.674310,0.694835
0.671453,0.667198,0.695271,0.752512,0.588443,0.679164,0.783561,0.667662,0.652289,0.716575
0.727611,0.695879,0.683227,0.626626,0.759974,0.586266,0.680540,0.761348,0.748303,0.679103
0.676302,0.703357,0.698684,0.671006,0.721620,0.668775,0.690354,0.678317,0.669395,0.693488
0.703895,0.697840,0.701387,0.754429,0.764812,0.497532,0.700819,0.680737,0.688721,0.680039
0.807472,0.667282,0.668310,0.665683,0.843351,0.759485,0.698786,0.724818,0.682706,0.735187
0.716205,0.657178,0.730615,0.811849,0.554876,0.675385,0.638946,0.655411,0.713783,0.639261
0.708150,0.691241,0.704392,0.674114,0.782021,0.539549,0.708259,0.650034,0.664780,0.678335
0.688697,0.680989,0.678036,0.669746,0.535624,0.665359,0.720144,0.682603,0.661480,0.692740
0.676136,0.633307,0.709610,0.660843,0.648578,0.632962,0.710496,0.720435,0.691716,0.703275
0.708589,0.720288,0.672744,0.776656,0.779575,0.670556,0.649951,0.688542,0.682437,0.703263
0.680936,0.714392,0.703322,0.682119,0.668042,0.667892,0.705958,0.698720,0.700606,0.719236
0.696393,0.683504,0.674635,0.781990,0.790215,0.628509,0.657555,0.685273,0.692678,0.694603
0.690148,0.678754,0.685140,0.613242,0.777245,0.648675,0.691601,0.549895,0.685669,0.667431
0.715306,0.563633,0.670155,0.653423,0.945849,0.706551,0.697249,0.722569,0.726582,0.692782
0.674567,0.679004,0.692886,0.666667,0.571596,0.660323,0.696045,0.706135,0.690095,0.685591
0.687718,0.679472,0.784223,0.704736,0.632581,0.770022,0.740900,0.692189,0.708376,0.717909
0.673041,0.670380,0.675195,0.655463,0.732682,0.633270,0.617128,0.727220,0.661617,0.708562
0.698439,0.725894,0.690518,0.765302,0.577708,0.655820,0.695865,0.790366,0.670956,0.712550
0.715812,0.657412,0.692836,0.604368,0.693489,0.634005,0.687893,0.665316,0.694800,0.755695
0.738327,0.701531,0.654477,0.751934,0.648417,0.586317,0.716642,0.696627,0.738072,0.716252
0.656072,0.681090,0.695765,0.739582,0.637082,0.720746,0.708489,0.717426,0.670057,0.694978
0.693386,0.686004,0.676849,0.665690,0.564545,0.654171,0.740723,0.718914,0.666209,0.703444
0.646355,0.719400,0.691255,0.582215,0.387192,0.673163,0.653496,0.691398,0.687001,0.715919
0.650116,0.713038,0.677771,0.742131,0.536350,0.711237,0.701814,0.753658,0.702895,0.671180
0.716323,0.730415,0.638670,0.578299,0.727875,0.738322,0.680571,0.650524,0.723338,0.697213
0.687015,0.709578,0.708868,0.714918,0.585691,0.684580,0.695580,0.672720,0.708207,0.693365
0.689450,0.743276,0.652478,0.731645,0.741072,0.564283,0.682564,0.692001,0.738030,0.702598
0.655360,0.677874,0.702124,0.697783,0.945281,0.779195,0.712856,0.689571,0.729515,0.675010
0.665990,0.728003,0.664574,0.557615,0.820699,0.645838,0.713088,0.747262,0.676794,0.629542
0.706415,0.673767,0.727977,0.729304,0.312348,0.642340,0.672045,0.754505,0.694199,0.643421
0.720954,0.704991,0.714986,0.824534,0.891659,0.648413,0.712655,0.653712,0.700020,0.708906
0.688908,0.684304,0.758110,0.655464,0.585003,0.697635,0.731491,0.696338,0.672784,0.677324
0.689953,0.680238,0.638801,0.689281,0.661766,0.663604,0.765514,0.728796,0.712878,0.679019
0.651871,0.685375,0.728990,0.684622,0.930239,0.774596,0.675764,0.705805,0.672807,0.672059
0.669590,0.725735,0.706692,0.689053,0.734302,0.632892,0.608262,0.665947,0.716406,0.681423
0.711858,0.685549,0.740364,0.677871,0.645062,0.708255,0.743057,0.679176,0.689858,0.749794
0.701587,0.693030,0.671645,0.719325,0.648612,0.594383,0.656262,0.651556,0.675732,0.679804
0.664557,0.650983,0.763837,0.693664,0.676706,0.775619,0.697039,0.699647,0.629515,0.673181
0.731900,0.708404,0.752119,0.675570,0.782393,0.574867,0.651397,0.694626,0.676883,0.686812
0.708257,0.701145,0.690893,0.718186,0.627124,0.721722,0.694153,0.655373,0.743493,0.699791
0.734506,0.742137,0.718915,0.740206,0.825463,0.596433,0.693011,0.662464,0.688624,0.691475
0.700257,0.656856,0.715910,0.771629,0.751032,0.644450,0.694804,0.658844,0.710416,0.670859
0.707448,0.688082,0.687541,0.692488,0.595684,0.877335,0.671515,0.627778,0.712895,0.663894
0.711460,0.676448,0.693873,0.788962,0.710123,0.800390,0.706743,0.694439,0.603342,0.675171
0.732326,0.680734,0.657921,0.647444,0.540464,0.802061,0.678747,0.750665,0.674295,0.704636
0.692111,0.727065,0.678425,0.586381,0.671710,0.708720,0.658640,0.713772,0.740344,0.717331
0.705844,0.720696,0.681315,0.710553,0.618923,0.712980,0.722068,0.696033,0.699958,0.673339
0.674576,0.660701,0.806153,0.700865,0.599219,0.706050,0.582342,0.680696,0.686734,0.749233
0.733355,0.655201,0.715939,0.756776,0.800171,0.686715,0.641309,0.646136,0.694457,0.721687
0.661581,0.739818,0.622534,0.729781,0.561891,0.665325,0.753505,0.706114,0.731467,0.748130
0.653779,0.754941,0.749551,0.675925,0.620175,0.675369,0.620333,0.730046,0.751301,0.691097
0.656126,0.687725,0.706965,0.653935,0.568742,0.533086,0.657665,0.706765,0.688730,0.646185
0.665128,0.767215,0.696133,0.713976,0.815221,0.662178,0.738101,0.758921,0.648353,0.671982
0.684329,0.725047,0.634267,0.738567,0.675019,0.673492,0.627049,0.660589,0.695823,0.704649
0.697385,0.701411,0.739859,0.593807,0.653333,0.682997,0.732114,0.746395,0.726173,0.755923
0.700331,0.704509,0.745420,0.787749,0.577721,0.768914,0.674355,0.687920,0.703290,0.683982
0.723655,0.687003,0.724544,0.698099,0.593814,0.740530,0.779612,0.683795,0.708450,0.690471
0.700976,0.680747,0.710142,0.695633,0.770988,0.672994,0.702819,0.637177,0.658968,0.718460
0.644549,0.714170,0.716984,0.612622,0.828613,0.673044,0.600701,0.664385,0.663096,0.639102
0.696143,0.746876,0.664279,0.719447,0.620045,0.598694,0.668639,0.781572,0.711176,0.703538
0.690328,0.703152,0.732135,0.647814,0.699506,0.766864,0.746013,0.669127,0.709192,0.703460
0.670719,0.694631,0.697120,0.654564,0.725980,0.713616,0.708097,0.722482,0.669206,0.679517
0.633978,0.714267,0.689363,0.705452,0.676403,0.676092,0.706666,0.635618,0.712432,0.641355
0.697470,0.666071,0.701035,0.682006,0.681299,0.701869,0.729123,0.697191,0.657186,0.704215
0.744994,0.731400,0.686022,0.637503,0.713405,0.553626,0.768292,0.719727,0.719021,0.654049
0.684455,0.780813,0.662927,0.579886,0.726504,0.525913,0.708362,0.743413,0.666895,0.719020
0.648288,0.685587,0.603430,0.723931,0.710189,0.687275,0.725013,0.723993,0.703021,0.694162
0.673126,0.749154,0.713467,0.713247,0.888802,0.780851,0.666894,0.702597,0.660179,0.683672
0.731238,0.638439,0.719005,0.692576,0.507464,0.676534,0.654407,0.682743,0.661737,0.719399
0.675732,0.710391,0.741503,0.699488,0.499449,0.745597,0.691839,0.696421,0.705645,0.658194
0.676954,0.708516,0.738425,0.787365,0.817657,0.792139,0.705323,0.790126,0.706533,0.718597
0.722273,0.630686,0.664302,0.764641,0.803015,0.606416,0.678281,0.698739,0.700118,0.700905
0.705381,0.655749,0.687231,0.632383,0.849594,0.617446,0.694207,0.686169,0.706357,0.701990
0.780986,0.686388,0.727741,0.733798,0.486317,0.763147,0.711889,0.765795,0.686768,0.727223
0.694356,0.762164,0.642506,0.681154,0.681649,0.746960,0.779794,0.664113,0.695843,0.717851
0.673101,0.700969,0.654225,0.725919,0.870145,0.775560,0.628451,0.713013,0.672399,0.680013
0.658017,0.699729,0.756155,0.640179,0.748777,0.493354,0.664680,0.699235,0.675614,0.670503
0.690003,0.693864,0.754756,0.682506,0.594601,0.640820,0.644215,0.666873,0.771719,0.749353
0.706287,0.646441,0.691080,0.684511,0.594444,0.693115,0.668535,0.708139,0.712644,0.662132
0.737004,0.666724,0.677631,0.626481,0.731354,0.729689,0.742433,0.603586,0.673756,0.684018
0.703985,0.733139,0.824035,0.696464,0.702005,0.713803,0.562801,0.675103,0.710178,0.710371
0.672933,0.697377,0.662831,0.678320,0.453594,0.666939,0.719738,0.702530,0.691150,0.714278
0.716078,0.719439,0.720556,0.633989,0.744123,0.672061,0.636369,0.653588,0.711540,0.733693
0.699544,0.693111,0.755085,0.712688,0.732407,0.744023,0.750624,0.690626,0.693707,0.695451
0.664504,0.733562,0.672721,0.699508,0.735541,0.640168,0.729163,0.681879,0.679294,0.683407
0.682446,0.639018,0.645066,0.734882,0.676476,0.633202,0.695636,0.663225,0.697914,0.722652
0.726770,0.715496,0.668248,0.707891,0.573635,0.741281,0.718393,0.686126,0.682327,0.700277
0.756694,0.648743,0.656973,0.748953,0.591032,0.633135,0.731506,0.710163,0.700451,0.611653
0.677463,0.643869,0.672222,0.694713,0.173368,0.583383,0.655698,0.690474,0.680149,0.689335
0.702047,0.701927,0.750956,0.715806,0.702467,0.664166,0.697671,0.682449,0.666898,0.701346
0.678598,0.702933,0.714789,0.759966,0.878610,0.723158,0.706730,0.626704,0.675345,0.684828
0.688269,0.712726,0.711669,0.719279,0.569564,0.743567,0.695870,0.684662,0.700569,0.677534
0.647254,0.729969,0.690103,0.673151,0.499140,0.784144,0.685030,0.733003,0.708518,0.735547
0.722263,0.673530,0.735578,0.691056,0.509174,0.690940,0.689187,0.695196,0.724733,0.695438
0.683289,0.687719,0.626381,0.788048,0.725945,0.732746,0.642758,0.654757,0.692497,0.703736
0.691375,0.734536,0.650109,0.781886,0.645952,0.686720,0.641669,0.673446,0.692796,0.695899
0.719020,0.682320,0.690881,0.731490,0.630814,0.759322,0.697329,0.680942,0.676675,0.698407
0.674780,0.662505,0.701232,0.677119,0.584899,0.725264,0.733422,0.681377,0.666672,0.706471
0.661970,0.724170,0.787820,0.829012,0.716548,0.741869,0.626854,0.771974,0.678761,0.701059
0.728987,0.676718,0.601095,0.689899,0.494074,0.715277,0.733214,0.703181,0.652793,0.701760
0.656904,0.780461,0.606004,0.530690,0.824147,0.774203,0.719038,0.680665,0.730111,0.719041
0.712838,0.648632,0.631505,0.694573,0.556890,0.521399,0.697781,0.682869,0.616955,0.688356
0.653948,0.709664,0.647855,0.725588,0.711126,0.698731,0.636213,0.709457,0.688932,0.665442
0.681600,0.704111,0.725015,0.725524,0.718275,0.718045,0.715675,0.632902,0.692760,0.712749
0.681109,0.707602,0.567605,0.715791,0.778830,0.726297,0.562808,0.694654,0.687873,0.712141
0.669912,0.709047,0.772656,0.697150,0.600167,0.734356,0.705525,0.698842,0.689249,0.731274
0.686307,0.678494,0.681004,0.664113,0.881960,0.738451,0.681502,0.723383,0.689049,0.690199
0.698569,0.709536,0.676021,0.731722,0.799919,0.742083,0.678056,0.684982,0.692926,0.702837
0.697257,0.667810,0.704971,0.723910,0.744998,0.692783,0.681508,0.680642,0.712810,0.688956
0.658181,0.731939,0.660126,0.790862,0.819256,0.700339,0.677694,0.670025,0.673331,0.676560
0.673789,0.712197,0.668714,0.723525,0.631952,0.727156,0.730690,0.680364,0.677799,0.666017
0.647490,0.718110,0.684048,0.658088,0.773009,0.710982,0.689899,0.637691,0.675707,0.675359
0.649989,0.687761,0.722926,0.679362,0.711438,0.755423,0.703561,0.681548,0.655911,0.713653
0.749894,0.691460,0.723082,0.728894,0.938182,0.794350,0.700341,0.731441,0.680741,0.686636
0.736852,0.689802,0.647371,0.695633,0.701241,0.550803,0.752713,0.718415,0.665311,0.710096
0.704718,0.693209,0.693416,0.793351,0.715479,0.756410,0.721363,0.690413,0.737905,0.662317
0.698505,0.661691,0.687586,0.653792,0.566249,0.729885,0.710747,0.723807,0.748790,0.690531
0.712574,0.664242,0.677126,0.769330,0.499282,0.665437,0.688289,0.682489,0.721397,0.685423
0.681752,0.748868,0.650824,0.612945,0.899541,0.754388,0.734605,0.763587,0.612984,0.710636
0.690048,0.700917,0.668213,0.734879,0.452136,0.706272,0.729715,0.705482,0.672342,0.675330
0.734815,0.723227,0.709383,0.635082,0.692460,0.549566,0.722195,0.718027,0.708863,0.736333
0.677865,0.705024,0.696960,0.711989,0.650327,0.626875,0.709358,0.682362,0.670768,0.694422
0.658978,0.742154,0.658022,0.704038,0.547455,0.721326,0.666248,0.706096,0.707713,0.666206
0.684268,0.696614,0.751887,0.610532,0.699892,0.668535,0.686734,0.680777,0.695633,0.689632
0.693714,0.709951,0.675016,0.621217,0.858452,0.794830,0.702012,0.711427,0.625528,0.694752
0.669986,0.695755,0.688371,0.707656,0.699287,0.729013,0.685795,0.686231,0.691148,0.686909
0.672348,0.738390,0.660912,0.830582,0.791207,0.701412,0.639101,0.689717,0.709051,0.704086
0.699153,0.711076,0.677484,0.693572,0.496506,0.766362,0.657235,0.647395,0.698278,0.698228
0.713749,0.715845,0.638571,0.684343,0.494497,0.697824,0.710583,0.687300,0.662914,0.716665
0.685920,0.703129,0.736761,0.674649,0.640201,0.710846,0.709998,0.691000,0.683493,0.706973
0.699993,0.667197,0.702901,0.722303,0.759241,0.615578,0.672167,0.698816,0.703138,0.670522
0.680455,0.701762,0.671972,0.650719,0.920787,0.800048,0.700122,0.663838,0.694304,0.685769
0.742817,0.704039,0.703998,0.699157,0.860368,0.654146,0.690127,0.661809,0.727507,0.666288
0.687812,0.669136,0.736715,0.693736,0.755569,0.725739,0.690855,0.710392,0.692319,0.674218
0.676162,0.698767,0.722578,0.729441,0.689645,0.685643,0.669163,0.698001,0.704885,0.698168
0.638025,0.690722,0.609431,0.717215,0.693838,0.626517,0.647326,0.659761,0.673829,0.680415
0.709360,0.695253,0.713731,0.685689,0.609664,0.717518,0.691908,0.707446,0.657842,0.709438
0.697228,0.734102,0.727210,0.729567,0.684078,0.522037,0.673598,0.749814,0.769532,0.721486
0.681087,0.701539,0.680425,0.674499,0.565407,0.685077,0.708583,0.700302,0.676456,0.712573
0.609551,0.766913,0.823746,0.660759,0.661939,0.698235,0.612296,0.689871,0.703828,0.673206
0.677511,0.703404,0.737880,0.645971,0.647210,0.680326,0.704586,0.677978,0.632848,0.658435
0.698046,0.690572,0.745153,0.640037,0.718910,0.713546,0.717299,0.649293,0.660185,0.690962
0.739922,0.668545,0.678514,0.736497,0.530834,0.652716,0.681005,0.660094,0.761141,0.666091
0.691174,0.663364,0.699328,0.741423,0.925097,0.716318,0.716659,0.709283,0.703956,0.699507
0.734109,0.742752,0.635523,0.687425,0.817851,0.609897,0.718554,0.595894,0.718963,0.720684
0.773964,0.674023,0.737660,0.641329,0.790900,0.731753,0.699433,0.735687,0.655202,0.694585
0.699049,0.694437,0.653551,0.765422,0.767152,0.704466,0.634147,0.685834,0.707848,0.696485
0.703771,0.689164,0.698253,0.650927,0.295608,0.674874,0.681921,0.683610,0.705626,0.728034
0.692842,0.613402,0.638158,0.723270,0.719191,0.734062,0.612378,0.654113,0.599174,0.653241
0.688548,0.736238,0.721200,0.706822,0.745035,0.614905,0.659992,0.656715,0.739494,0.706456
0.696363,0.674472,0.744755,0.653602,0.562138,0.704720,0.698117,0.658782,0.696056,0.687801
0.622329,0.714508,0.722434,0.649245,0.692198,0.652345,0.653871,0.708093,0.670764,0.668190
0.671344,0.658823,0.739659,0.656910,0.636554,0.668824,0.719380,0.627383,0.624443,0.668947
0.660720,0.679923,0.674139,0.798361,0.549215,0.698304,0.738430,0.730692,0.679988,0.699447
0.611014,0.647261,0.689116,0.653634,0.536359,0.751500,0.712976,0.755409,0.714259,0.703068
0.669106,0.709075,0.690642,0.596182,0.327624,0.688714,0.657109,0.708791,0.694420,0.679344
0.688107,0.657613,0.712463,0.673575,0.513084,0.734040,0.703301,0.677324,0.697288,0.709191
0.696715,0.642519,0.679852,0.706980,0.806235,0.675577,0.668387,0.716358,0.693722,0.685052
0.713843,0.675276,0.661506,0.741888,0.326119,0.588492,0.697713,0.735102,0.686027,0.698824
0.728106,0.744364,0.680983,0.683756,0.819279,0.552900,0.721392,0.729552,0.677108,0.702604
0.701057,0.764825,0.752924,0.641257,0.682854,0.824376,0.649567,0.731348,0.743832,0.747653
0.683753,0.711697,0.690718,0.714552,0.861639,0.781556,0.696469,0.680781,0.675479,0.704111
0.733170,0.660951,0.680492,0.664475,0.788948,0.720663,0.685724,0.656790,0.752602,0.713581
0.699148,0.672202,0.725075,0.719075,0.649016,0.776737,0.643996,0.732345,0.728383,0.704251
0.752931,0.707437,0.703764,0.664378,0.679095,0.747752,0.712660,0.719442,0.703414,0.703073
0.680118,0.669444,0.722157,0.694897,0.552004,0.600409,0.665315,0.689483,0.681071,0.702574
0.698315,0.708366,0.739222,0.674530,0.677111,0.602071,0.643473,0.715460,0.740515,0.703925
0.642791,0.660312,0.704751,0.678484,0.641375,0.661202,0.711025,0.695371,0.688036,0.657745
0.665030,0.723780,0.685906,0.736644,0.853422,0.751727,0.670471,0.680812,0.706666,0.690465
0.702911,0.708594,0.787671,0.761479,0.664044,0.781576,0.656740,0.672770,0.686460,0.722389
0.704896,0.708074,0.728284,0.678981,0.588710,0.701994,0.699438,0.710694,0.684900,0.703818
0.692801,0.655641,0.668247,0.651658,0.685019,0.784598,0.681233,0.731293,0.719470,0.686376
0.685860,0.699566,0.654730,0.719734,0.751671,0.731274,0.655702,0.689138,0.708731,0.700515
0.684603,0.683600,0.675735,0.671504,0.535351,0.696434,0.690105,0.681757,0.688719,0.697717
0.642021,0.692766,0.690703,0.674704,0.729570,0.674926,0.724553,0.696144,0.744487,0.688711
0.638788,0.717231,0.751082,0.680717,0.648110,0.847177,0.570764,0.693690,0.713490,0.726259
0.731799,0.669552,0.666286,0.549002,0.828939,0.713997,0.679674,0.803289,0.730354,0.731939
0.692859,0.692700,0.692321,0.667448,0.559863,0.674006,0.746001,0.687770,0.700629,0.673502
0.715265,0.758013,0.767286,0.675051,0.563708,0.777460,0.596103,0.717730,0.689967,0.655250
0.717274,0.727809,0.655620,0.717233,0.678661,0.760628,0.658311,0.674266,0.723166,0.628508
0.691851,0.692559,0.700390,0.745639,0.616864,0.683888,0.727954,0.748243,0.692527,0.697783
0.690795,0.678034,0.729630,0.662198,0.681750,0.734795,0.704934,0.698457,0.711268,0.687083
0.761731,0.684349,0.639944,0.658958,0.611235,0.745548,0.688417,0.659908,0.716302,0.656130
0.677850,0.656346,0.704129,0.712233,0.659527,0.590488,0.641133,0.712609,0.693129,0.659447
0.685892,0.711965,0.766106,0.630721,0.612519,0.648282,0.837813,0.638335,0.730638,0.661550
0.654606,0.718202,0.749444,0.670576,0.491533,0.613556,0.694893,0.710485,0.717361,0.727539
0.639195,0.715130,0.762786,0.722333,0.746381,0.602457,0.726456,0.701679,0.663609,0.684039
0.697662,0.720300,0.677008,0.665829,0.720807,0.724482,0.695782,0.642581,0.685506,0.710080
0.664924,0.664128,0.649589,0.736444,0.699131,0.532958,0.621542,0.717698,0.628439,0.671025
0.643404,0.684058,0.691738,0.818607,0.742682,0.567282,0.735886,0.702306,0.696665,0.731772
0.697439,0.779293,0.726331,0.676394,0.757267,0.646348,0.701105,0.691639,0.752926,0.718914
0.690768,0.677757,0.633007,0.713292,0.548854,0.731796,0.715046,0.772623,0.667476,0.711745
0.666018,0.708475,0.692466,0.711120,0.780320,0.624612,0.662695,0.694699,0.696557,0.694718
0.600797,0.656549,0.644558,0.632321,0.686975,0.709519,0.708703,0.723323,0.693034,0.726616
0.688861,0.727205,0.620570,0.633609,0.671568,0.520890,0.736455,0.732858,0.679142,0.673587
0.639357,0.700030,0.670720,0.744168,0.794501,0.665734,0.736503,0.686988,0.678496,0.719298
0.658608,0.640809,0.643389,0.688989,0.716817,0.743257,0.750198,0.646203,0.755487,0.699449
0.697375,0.652708,0.730014,0.771931,0.674598,0.697012,0.713068,0.726078,0.708837,0.677317
0.670968,0.684941,0.640445,0.599324,0.792597,0.727604,0.742844,0.694820,0.651204,0.752287
0.704993,0.702044,0.635631,0.629307,0.671529,0.526014,0.722387,0.738401,0.647982,0.672867
0.652748,0.683704,0.656508,0.652440,0.856399,0.672407,0.752825,0.760650,0.666701,0.703287
0.661395,0.714815,0.765951,0.798046,0.664642,0.820045,0.659521,0.721814,0.759366,0.694571
0.694032,0.669709,0.655047,0.691262,0.163000,0.601637,0.667172,0.666953,0.705127,0.704781
0.742061,0.626155,0.678196,0.709859,0.770710,0.463337,0.706067,0.709253,0.659608,0.697397
0.689178,0.747000,0.678723,0.702685,0.724993,0.704544,0.683991,0.708637,0.692265,0.686585
0.704840,0.662597,0.682881,0.714822,0.543760,0.703082,0.709194,0.669116,0.710445,0.708923
0.764546,0.708905,0.772516,0.713827,0.655781,0.616667,0.756148,0.639082,0.699780,0.707474
0.705355,0.680213,0.694100,0.625948,0.627685,0.868897,0.653106,0.697852,0.674894,0.697683
0.684720,0.712073,0.653052,0.669052,0.711586,0.642209,0.697299,0.673862,0.732163,0.718996
0.670336,0.728725,0.626836,0.669226,0.583973,0.792166,0.705629,0.603618,0.681500,0.689519
0.684443,0.710986,0.729595,0.711093,0.646148,0.678350,0.729082,0.662529,0.715659,0.708489
0.730513,0.698483,0.717716,0.722454,0.850998,0.617161,0.687291,0.652465,0.694296,0.688810
0.727509,0.759886,0.685664,0.684472,0.687673,0.589098,0.675999,0.738935,0.721117,0.683896
0.701435,0.712301,0.706806,0.770734,0.735332,0.632697,0.612495,0.705304,0.690940,0.679757
0.678325,0.669396,0.677495,0.701520,0.474358,0.644544,0.662583,0.701022,0.679122,0.701422
0.709314,0.699575,0.724737,0.805462,0.899784,0.812070,0.712209,0.730604,0.699670,0.692864
0.756028,0.681432,0.748864,0.714682,0.864794,0.746201,0.701265,0.634727,0.667496,0.733750
0.679352,0.708713,0.593136,0.670178,0.774240,0.737042,0.551431,0.675826,0.654067,0.630988
0.657555,0.734412,0.776707,0.703253,0.671613,0.618808,0.680114,0.681650,0.750952,0.715196
0.683872,0.732566,0.664373,0.709982,0.645078,0.743009,0.673847,0.705171,0.719274,0.655067
0.670534,0.732686,0.739539,0.742954,0.719436,0.702360,0.613538,0.720133,0.658819,0.669295
0.730726,0.709908,0.656973,0.665488,0.641637,0.756600,0.737908,0.714516,0.690718,0.690527
0.687404,0.704363,0.667233,0.739013,0.711050,0.620553,0.659171,0.689465,0.704045,0.673121
0.710006,0.713763,0.730835,0.697945,0.584683,0.656081,0.687302,0.667087,0.650939,0.720465
0.672564,0.670978,0.643394,0.648872,0.706885,0.810023,0.764390,0.723307,0.752200,0.677203
0.723306,0.709219,0.734307,0.724472,0.611463,0.734545,0.653345,0.721590,0.703147,0.672806
0.720761,0.750588,0.678034,0.681693,0.455922,0.777077,0.688872,0.690189,0.734839,0.706099
0.692005,0.716720,0.643803,0.734483,0.658236,0.739867,0.735532,0.713765,0.663556,0.713044
0.670557,0.675639,0.636442,0.705725,0.691462,0.698042,0.631532,0.697258,0.670738,0.694066
0.680110,0.681473,0.702028,0.694150,0.744589,0.734703,0.771049,0.676602,0.711001,0.704105
0.696456,0.694084,0.779689,0.739455,0.584881,0.700701,0.595707,0.718156,0.714028,0.720060
0.668175,0.679428,0.702881,0.662484,0.762084,0.648888,0.685982,0.649780,0.697337,0.681608
0.664949,0.717922,0.690837,0.668960,0.704084,0.586943,0.648706,0.735406,0.685881,0.694477
0.691714,0.693289,0.681091,0.675929,0.573036,0.660587,0.659675,0.673859,0.684294,0.689324
0.752512,0.644928,0.692589,0.597642,0.877914,0.654016,0.720562,0.649714,0.736069,0.701064
0.711982,0.716924,0.702889,0.673169,0.741026,0.581700,0.691708,0.748544,0.707237,0.726738
0.702830,0.677647,0.695793,0.728156,0.651365,0.781495,0.673004,0.674601,0.722759,0.687749
0.694640,0.707385,0.733666,0.685887,0.611169,0.661769,0.732173,0.686959,0.692725,0.688391
0.745072,0.722953,0.715243,0.674950,0.760615,0.685558,0.806772,0.696229,0.686531,0.666093
0.719890,0.701922,0.665791,0.680164,0.679838,0.595219,0.690685,0.685348,0.716099,0.668373
0.713269,0.708965,0.707376,0.732100,0.776431,0.801076,0.749155,0.705546,0.716376,0.731840
0.652822,0.731383,0.725481,0.719323,0.955936,0.808437,0.702487,0.661309,0.684795,0.694170
0.707629,0.668458,0.651554,0.791540,0.565807,0.610846,0.667724,0.635914,0.702747,0.684335
0.712130,0.677886,0.719177,0.695147,0.614978,0.675401,0.732235,0.675264,0.688295,0.701313
0.717180,0.708963,0.715308,0.608453,0.707646,0.746807,0.666126,0.673849,0.705079,0.691432
0.675803,0.660320,0.752635,0.667770,0.702338,0.672919,0.777463,0.696604,0.692470,0.712146
0.684123,0.701013,0.699317,0.705666,0.855066,0.767027,0.686520,0.675874,0.670091,0.686298
0.730649,0.700205,0.682518,0.720864,0.772201,0.627862,0.725643,0.675196,0.756750,0.733536
0.756207,0.724442,0.664459,0.744801,0.445769,0.615020,0.644301,0.693443,0.711936,0.699357
0.696215,0.698411,0.708072,0.686227,0.639645,0.708085,0.726945,0.675077,0.689053,0.706108
0.651132,0.670518,0.611901,0.650853,0.675011,0.796016,0.720456,0.727934,0.741941,0.644175
0.699874,0.628885,0.688865,0.734706,0.902256,0.687817,0.702252,0.653623,0.721299,0.704580
0.712965,0.736967,0.704844,0.658948,0.744635,0.764629,0.717283,0.707854,0.690341,0.687587
0.706655,0.654007,0.670247,0.619243,0.695752,0.763407,0.680647,0.655063,0.668789,0.703975
0.672847,0.729115,0.702218,0.744376,0.751185,0.657815,0.700834,0.660887,0.669972,0.714414
0.678573,0.712070,0.627490,0.707896,0.799423,0.738681,0.610460,0.672501,0.666286,0.682707
0.667302,0.674632,0.705581,0.750322,0.745031,0.542260,0.700109,0.727044,0.652888,0.700614
0.659956,0.646919,0.740038,0.763304,0.661504,0.609134,0.626075,0.745547,0.676905,0.659706
0.700891,0.673402,0.731194,0.734949,0.600540,0.657142,0.697861,0.684433,0.688765,0.646829
0.697409,0.692135,0.726140,0.757205,0.842564,0.673730,0.711978,0.681388,0.670561,0.702874
0.690474,0.714591,0.677205,0.694318,0.677043,0.549969,0.700176,0.702411,0.748202,0.762250
0.674986,0.627782,0.695050,0.680302,0.862311,0.651216,0.635964,0.665813,0.663058,0.649838
0.701733,0.689072,0.643985,0.743208,0.642373,0.694480,0.740353,0.714140,0.690384,0.669837
0.676055,0.704862,0.626700,0.786181,0.721988,0.714376,0.674417,0.656272,0.734284,0.671599
0.711483,0.687440,0.697770,0.754428,0.606038,0.820182,0.707387,0.736519,0.681599,0.664372
0.657040,0.735589,0.647560,0.668202,0.533125,0.822627,0.714265,0.713580,0.738766,0.691259
0.687556,0.657540,0.680717,0.545380,0.468702,0.818545,0.643489,0.729480,0.692117,0.675407
0.716825,0.700736,0.734775,0.800305,0.650675,0.744909,0.722712,0.735881,0.680270,0.687642
0.698008,0.740027,0.680457,0.758576,0.565316,0.714102,0.671167,0.656774,0.727843,0.665373
0.658015,0.691138,0.656160,0.645725,0.620633,0.723537,0.690403,0.666361,0.708604,0.662462
0.730573,0.721504,0.810370,0.696778,0.760860,0.704732,0.598890,0.696988,0.664892,0.682277
0.716572,0.728736,0.721431,0.624305,0.748804,0.768628,0.663148,0.646218,0.665727,0.757480
0.695182,0.687128,0.669236,0.708660,0.688916,0.695653,0.714278,0.666485,0.669275,0.689743
0.676463,0.693788,0.699563,0.707406,0.542741,0.742948,0.752030,0.697035,0.696925,0.740300
0.701466,0.723249,0.722157,0.695091,0.659296,0.687865,0.730747,0.714843,0.698766,0.667527
0.679548,0.715204,0.736062,0.617406,0.571490,0.639692,0.700721,0.708795,0.717502,0.699026
0.705758,0.741397,0.665467,0.706795,0.738031,0.581938,0.736807,0.685216,0.672127,0.686300
0.749115,0.727569,0.621377,0.619628,0.703440,0.664659,0.741095,0.663444,0.687900,0.680919
0.673648,0.723494,0.674299,0.780701,0.738347,0.679799,0.678003,0.685248,0.681673,0.690300
0.664867,0.683270,0.733213,0.739919,0.801118,0.772958,0.695101,0.700929,0.715478,0.700693
0.699010,0.709173,0.697860,0.696276,0.606965,0.667506,0.647792,0.665302,0.706692,0.687143
0.699267,0.698431,0.760620,0.663725,0.636630,0.670058,0.707745,0.695789,0.665021,0.686424
0.668056,0.726992,0.677820,0.733596,0.755526,0.630426,0.695350,0.637716,0.669442,0.695088
0.697669,0.658878,0.720844,0.624466,0.860548,0.668388,0.696269,0.663713,0.703172,0.650941
0.641433,0.672215,0.716256,0.637915,0.676868,0.796104,0.628079,0.722887,0.705254,0.694554
0.693036,0.753498,0.778365,0.638388,0.709534,0.761497,0.712007,0.681389,0.716343,0.709108
0.705174,0.620052,0.733845,0.686527,0.812970,0.664176,0.676047,0.745489,0.687832,0.685792
0.717091,0.627552,0.641788,0.759974,0.640766,0.614877,0.695509,0.696616,0.709953,0.705402
0.641790,0.690358,0.688678,0.700851,0.549587,0.683278,0.745547,0.718264,0.704432,0.720077
0.711967,0.716159,0.653469,0.679485,0.638278,0.640537,0.748214,0.619794,0.694457,0.669986
0.681326,0.697641,0.735538,0.748652,0.569420,0.597656,0.698192,0.718259,0.726711,0.699593
0.672015,0.647438,0.726665,0.657304,0.904180,0.686173,0.689671,0.689366,0.639241,0.657845
0.682025,0.678864,0.705721,0.709297,0.746306,0.780743,0.696152,0.670250,0.730344,0.781706
0.676853,0.670966,0.666802,0.735999,0.761016,0.587772,0.656957,0.703311,0.671998,0.696626
0.664028,0.752932,0.669476,0.624510,0.720687,0.606237,0.717982,0.703763,0.732199,0.763589
0.660832,0.601722,0.695937,0.670519,0.501490,0.716704,0.691736,0.735493,0.687029,0.693002
0.684768,0.720243,0.666862,0.683691,0.449377,0.691345,0.684293,0.715490,0.685248,0.683255
0.669047,0.681915,0.622019,0.687472,0.642670,0.765093,0.658592,0.664221,0.706857,0.695032
0.702510,0.653446,0.748730,0.675937,0.673297,0.749515,0.755663,0.699149,0.700206,0.685827
0.699593,0.700136,0.708955,0.641080,0.604919,0.782927,0.717124,0.675882,0.696346,0.687652
0.710619,0.660899,0.649735,0.687132,0.474917,0.679086,0.680620,0.699808,0.707905,0.700371
0.696614,0.697567,0.677373,0.749435,0.568307,0.759416,0.648801,0.638937,0.747877,0.698207
0.790032,0.719203,0.664176,0.774141,0.721198,0.721439,0.758796,0.691294,0.673727,0.693409
0.640397,0.624843,0.694313,0.684885,0.705981,0.746752,0.666132,0.635637,0.603399,0.706957
0.623866,0.642482,0.710289,0.742228,0.593723,0.672651,0.630369,0.675783,0.714686,0.731670
0.665497,0.697962,0.652881,0.665516,0.670171,0.810788,0.754018,0.677480,0.682829,0.684240
0.695376,0.670002,0.672381,0.684346,0.697155,0.660272,0.683309,0.706957,0.687303,0.706638
0.705995,0.803342,0.731002,0.618895,0.769540,0.736157,0.605376,0.671076,0.719612,0.691942
0.726905,0.713869,0.711888,0.746875,0.568384,0.692957,0.670675,0.646707,0.680299,0.663552
0.698739,0.686226,0.685309,0.734815,0.525842,0.712117,0.693627,0.738288,0.703637,0.686599
0.694616,0.719682,0.669175,0.724249,0.816859,0.719510,0.667540,0.729110,0.688856,0.696953
0.677782,0.716241,0.681403,0.673897,0.742150,0.669370,0.677891,0.724789,0.675235,0.694721
0.732074,0.700960,0.703265,0.567531,0.728942,0.737368,0.670941,0.704485,0.641455,0.684944
0.694796,0.676119,0.719797,0.711857,0.604196,0.705203,0.703337,0.715768,0.671345,0.691286
0.684525,0.662917,0.691730,0.659665,0.664256,0.792402,0.701563,0.747700,0.681126,0.693430
0.731350,0.723658,0.695352,0.662184,0.669966,0.591963,0.711505,0.717649,0.682846,0.707686
0.699838,0.668932,0.757357,0.665313,0.761235,0.684436,0.740826,0.724281,0.671644,0.709085
0.671231,0.646701,0.689425,0.755416,0.923435,0.662570,0.729514,0.674243,0.700182,0.709202
0.698217,0.661848,0.698226,0.701109,0.744364,0.679194,0.721673,0.683335,0.665346,0.674953
0.665381,0.726080,0.642388,0.705131,0.687797,0.638773,0.699359,0.706037,0.717395,0.668785
0.691491,0.655427,0.715975,0.659759,0.708103,0.693999,0.672164,0.670776,0.677742,0.729208
0.718644,0.685802,0.749949,0.732825,0.761375,0.782324,0.709940,0.692009,0.704080,0.674100
0.710522,0.678802,0.688182,0.632413,0.481501,0.709400,0.664949,0.630690,0.700886,0.647594
0.695439,0.694265,0.619431,0.750683,0.824747,0.793314,0.627653,0.713930,0.703138,0.692011
0.690299,0.625944,0.742231,0.709508,0.956851,0.776130,0.666430,0.759808,0.733190,0.634978
0.723895,0.628293,0.664174,0.743641,0.718431,0.723516,0.688309,0.687604,0.673718,0.711396
0.693364,0.737962,0.675899,0.608167,0.684642,0.510104,0.688147,0.673695,0.726041,0.688961
0.742080,0.679542,0.711556,0.663317,0.837990,0.638008,0.692048,0.627081,0.687530,0.657807
0.672134,0.696008,0.641144,0.720489,0.606773,0.691826,0.732073,0.704514,0.680152,0.691787
0.699814,0.696636,0.636698,0.734787,0.753501,0.620478,0.687335,0.674438,0.735202,0.718866
0.667152,0.696024,0.689662,0.667156,0.485312,0.702984,0.723015,0.709425,0.699209,0.687782
0.665609,0.751841,0.662770,0.720842,0.506755,0.743318,0.699656,0.699262,0.715932,0.696260
0.695624,0.673272,0.638229,0.650615,0.545253,0.625857,0.631272,0.663854,0.661416,0.711026
0.717132,0.731893,0.704694,0.580105,0.598774,0.773780,0.631156,0.722344,0.661196,0.724273
0.673439,0.675605,0.703032,0.691331,0.690985,0.718310,0.683186,0.692240,0.725684,0.728289
0.701898,0.730969,0.678858,0.737024,0.570934,0.680146,0.676423,0.654538,0.686224,0.698267
0.733095,0.678917,0.674217,0.686826,0.706847,0.650062,0.684172,0.738349,0.702870,0.666900
0.694185,0.741581,0.705746,0.678375,0.468134,0.662721,0.668740,0.689024,0.700640,0.708635
0.695372,0.701297,0.618392,0.695691,0.608254,0.692059,0.656691,0.679811,0.693607,0.722131
0.706423,0.701669,0.737437,0.720964,0.615240,0.581575,0.677459,0.656479,0.720047,0.693247
0.688939,0.663120,0.717358,0.674537,0.768391,0.601213,0.676501,0.686572,0.654926,0.672971
0.691153,0.725400,0.653457,0.626230,0.643261,0.679527,0.697863,0.674357,0.717920,0.711649
0.661524,0.682805,0.688580,0.738404,0.585195,0.721828,0.707441,0.694912,0.756730,0.730976
0.679173,0.759884,0.661069,0.797220,0.663265,0.625790,0.716435,0.717296,0.707827,0.709427
0.715500,0.714174,0.644988,0.626737,0.617176,0.670123,0.715906,0.670461,0.658641,0.664308
0.719079,0.677020,0.767930,0.642143,0.643294,0.717155,0.768703,0.700216,0.683011,0.673389
0.707035,0.656793,0.726708,0.816363,0.636459,0.691144,0.674865,0.688797,0.735293,0.663465
0.703709,0.695247,0.696554,0.731001,0.680093,0.722560,0.686933,0.705550,0.677755,0.672459
0.693388,0.663059,0.680239,0.782462,0.746854,0.664293,0.727052,0.668754,0.656426,0.702135
0.718505,0.634929,0.673667,0.765587,0.762190,0.534781,0.713282,0.695660,0.693074,0.683266
0.691635,0.704730,0.720535,0.714153,0.707076,0.759777,0.697746,0.695837,0.691895,0.701596
0.643072,0.668477,0.640569,0.576010,0.684486,0.721738,0.722805,0.692220,0.647545,0.701424
0.697463,0.708300,0.661865,0.673412,0.649427,0.659820,0.639281,0.682175,0.665148,0.711156
0.701866,0.669795,0.593601,0.749506,0.541920,0.676228,0.689659,0.679082,0.722382,0.698894
0.701940,0.696504,0.696879,0.660728,0.480841,0.709810,0.697365,0.682755,0.682168,0.694986
0.725554,0.677767,0.614828,0.712425,0.672308,0.780501,0.646700,0.687283,0.703202,0.740067
0.698141,0.679414,0.719116,0.666973,0.733902,0.754735,0.703106,0.591876,0.644125,0.697656
0.698438,0.712434,0.657300,0.633681,0.614756,0.763125,0.665095,0.662338,0.666263,0.698150
0.657087,0.704454,0.716654,0.666318,0.868168,0.753971,0.702892,0.653949,0.682484,0.688332
0.675848,0.758865,0.739168,0.708818,0.621546,0.645528,0.732842,0.683423,0.694876,0.690274
0.675147,0.677673,0.688327,0.694441,0.733942,0.697790,0.705814,0.702388,0.676825,0.713584
0.676724,0.693128,0.662302,0.723939,0.799224,0.740959,0.644810,0.692959,0.683819,0.692690
0.673010,0.686502,0.714588,0.660385,0.555269,0.687462,0.716897,0.701043,0.668461,0.695975
0.696137,0.736650,0.697849,0.639303,0.703670,0.670465,0.682261,0.614052,0.705646,0.695271
0.698696,0.758421,0.695056,0.684927,0.142447,0.653439,0.673622,0.658596,0.689337,0.675500
0.738112,0.737159,0.733528,0.598602,0.731976,0.677238,0.667131,0.615591,0.629269,0.719263
0.724591,0.667230,0.688938,0.697698,0.779434,0.746736,0.711146,0.684175,0.732602,0.709041
0.746677,0.657381,0.694471,0.750726,0.716959,0.716269,0.722394,0.661057,0.669697,0.628997
0.668630,0.731977,0.673895,0.734979,0.696703,0.717471,0.625718,0.599057,0.650111,0.669567
0.676086,0.700657,0.696513,0.726686,0.652393,0.535403,0.729128,0.679722,0.684946,0.699390
0.672049,0.632920,0.681849,0.703001,0.802746,0.518068,0.727901,0.720238,0.701449,0.690601
0.719451,0.737114,0.732743,0.733784,0.593988,0.590019,0.709385,0.719241,0.738597,0.657170
0.705779,0.749303,0.654664,0.651360,0.627915,0.717118,0.644849,0.661483,0.721728,0.710492
0.729840,0.707554,0.703482,0.735800,0.655569,0.644130,0.698084,0.677481,0.693483,0.658721
0.723305,0.702326,0.701767,0.787535,0.826253,0.681105,0.633112,0.618041,0.739717,0.714472
0.715183,0.690130,0.709576,0.669686,0.339244,0.640743,0.656878,0.702077,0.688723,0.687483
0.685901,0.644577,0.681796,0.691953,0.583131,0.687749,0.663641,0.703170,0.711573,0.687461
0.656573,0.693517,0.694972,0.639762,0.926599,0.751299,0.681377,0.727587,0.700048,0.687313
0.701051,0.689210,0.714481,0.807094,0.723906,0.811679,0.728310,0.684975,0.675006,0.704956
0.707469,0.643991,0.674373,0.726031,0.714920,0.548340,0.712522,0.720812,0.686971,0.703127
0.692626,0.682794,0.726170,0.754111,0.689070,0.730357,0.701305,0.658781,0.659436,0.749016
0.650716,0.717650,0.723340,0.751220,0.666390,0.763229,0.726519,0.773477,0.696320,0.703616
0.690583,0.634123,0.686557,0.697352,0.854808,0.607855,0.682176,0.685608,0.629673,0.700991
0.674421,0.682794,0.643175,0.735243,0.743926,0.642142,0.661310,0.715342,0.664577,0.688190
0.703066,0.711768,0.715804,0.688863,0.746261,0.648927,0.647871,0.672226,0.671934,0.711909
0.743558,0.649559,0.679664,0.689977,0.857553,0.544525,0.722739,0.640046,0.733318,0.703651
0.678340,0.707709,0.626511,0.690226,0.559682,0.702656,0.710189,0.685515,0.722647,0.679627
0.659282,0.674948,0.688621,0.774977,0.620858,0.702314,0.681727,0.743381,0.758462,0.727536
0.744733,0.719972,0.694070,0.703895,0.674757,0.645913,0.697271,0.745116,0.653581,0.673714
0.697661,0.719145,0.724350,0.690603,0.793407,0.701615,0.678082,0.694508,0.671392,0.669080
0.767274,0.714886,0.557489,0.725982,0.823561,0.727534,0.683932,0.736200,0.659196,0.673235
0.693940,0.713551,0.655598,0.847893,0.845993,0.664652,0.628318,0.672386,0.684577,0.697487
0.646122,0.743630,0.736600,0.672450,0.696753,0.633924,0.665891,0.668671,0.706104,0.709629
0.701846,0.663517,0.772829,0.672672,0.697848,0.744105,0.755316,0.669325,0.709389,0.676946
0.699907,0.683052,0.765697,0.699221,0.619284,0.495122,0.699705,0.694084,0.709611,0.722059
0.719934,0.727740,0.691011,0.694760,0.693073,0.663084,0.642804,0.699224,0.708346,0.669314
0.681293,0.709319,0.616352,0.728849,0.883635,0.781737,0.632728,0.683069,0.682772,0.723163
0.685339,0.723377,0.706625,0.818809,0.437526,0.720840,0.709078,0.729704,0.710414,0.701137
0.700058,0.703104,0.686843,0.689222,0.698487,0.713437,0.677503,0.700143,0.694580,0.711024
0.731512,0.707634,0.652169,0.700657,0.395932,0.709743,0.683387,0.702567,0.727763,0.711290
0.756096,0.740572,0.655077,0.790477,0.603533,0.727001,0.739931,0.782082,0.782919,0.679324
0.687909,0.701951,0.712505,0.660199,0.795588,0.738755,0.674079,0.687759,0.663754,0.632346
0.677262,0.715269,0.660541,0.738340,0.896209,0.773609,0.730708,0.684429,0.659115,0.695912
0.673366,0.679097,0.729226,0.776256,0.693859,0.690465,0.742818,0.772104,0.638006,0.727001
0.692655,0.757044,0.708605,0.769234,0.675982,0.778519,0.728361,0.732281,0.623469,0.707029
0.709419,0.718101,0.630246,0.636555,0.689321,0.656073,0.694221,0.719670,0.690147,0.711148
0.712985,0.724326,0.688764,0.663957,0.613862,0.688505,0.718820,0.693207,0.676081,0.688827
0.648485,0.785982,0.721847,0.750650,0.318731,0.716957,0.639487,0.628459,0.681333,0.627668
0.636993,0.669039,0.725885,0.664386,0.527502,0.569421,0.635209,0.677932,0.703757,0.717976
0.714991,0.714105,0.708226,0.601725,0.787719,0.728050,0.713043,0.685848,0.693840,0.690855
0.692131,0.680439,0.734932,0.638652,0.785229,0.662162,0.627034,0.726210,0.694389,0.695418
0.678261,0.653051,0.698892,0.681144,0.676354,0.653769,0.696924,0.715182,0.699426,0.687823
0.721640,0.713350,0.648333,0.636040,0.504206,0.747451,0.713394,0.678565,0.691943,0.692809
0.673965,0.658250,0.665782,0.580167,0.937950,0.755204,0.698742,0.796711,0.615789,0.704768
0.758343,0.766029,0.659047,0.635765,0.706683,0.633246,0.697324,0.706379,0.720001,0.704037
0.684073,0.663213,0.783734,0.710988,0.773289,0.807847,0.747943,0.706923,0.665389,0.680859
0.636244,0.666845,0.709431,0.717474,0.745305,0.674940,0.733706,0.658854,0.691270,0.722396
0.745627,0.741895,0.801056,0.708311,0.800243,0.731562,0.632932,0.686457,0.638891,0.693927
0.710783,0.638204,0.651057,0.680534,0.571441,0.698679,0.705582,0.710829,0.666513,0.651959
0.704343,0.675662,0.700251,0.728639,0.534429,0.649623,0.694600,0.668253,0.709753,0.687690
0.706308,0.705769,0.681372,0.792435,0.699981,0.692629,0.655772,0.674082,0.678051,0.704790
0.681470,0.704331,0.712477,0.681742,0.644728,0.762753,0.723064,0.699213,0.694364,0.684649
0.688922,0.680850,0.590275,0.776914,0.782259,0.625470,0.619880,0.669307,0.707542,0.703269
0.705168,0.676198,0.655902,0.705493,0.533454,0.653684,0.679662,0.660742,0.723870,0.679811
0.675434,0.707839,0.756760,0.810713,0.733286,0.670384,0.703492,0.746706,0.673637,0.703246
0.665784,0.729443,0.680624,0.697276,0.849873,0.726002,0.679523,0.704084,0.636263,0.694338
0.630482,0.675634,0.743867,0.696368,0.628472,0.819947,0.720276,0.662281,0.668405,0.688521
0.653873,0.769190,0.681658,0.817322,0.728391,0.669047,0.676440,0.667664,0.723928,0.676803
0.779776,0.701758,0.721505,0.749380,0.539614,0.730347,0.719756,0.726784,0.656089,0.726897
0.690272,0.692634,0.683496,0.722883,0.644246,0.725475,0.695840,0.688944,0.681068,0.684619
0.684831,0.707070,0.800884,0.652393,0.534372,0.731458,0.617209,0.703155,0.698208,0.706496
0.708182,0.698770,0.664715,0.678576,0.555148,0.569836,0.734951,0.720025,0.675324,0.722143
0.659903,0.694589,0.681710,0.689137,0.508172,0.664415,0.672714,0.695839,0.679615,0.704476
0.670755,0.707547,0.678809,0.752191,0.800441,0.544529,0.560191,0.722346,0.682513,0.698900
0.688350,0.693707,0.709204,0.741885,0.512269,0.621570,0.656347,0.659814,0.737713,0.670505
0.683034,0.692281,0.642020,0.638914,0.689418,0.712472,0.761446,0.700975,0.708983,0.703174
0.705803,0.682029,0.714460,0.708970,0.645881,0.727721,0.712771,0.694838,0.686097,0.683827
0.692576,0.687176,0.596734,0.668936,0.713515,0.657395,0.625588,0.695398,0.688605,0.682637
0.642437,0.655255,0.642133,0.686782,0.793768,0.552454,0.753439,0.738135,0.742666,0.706374
0.695428,0.679162,0.708053,0.676872,0.610266,0.751378,0.741801,0.709690,0.730020,0.713710
0.720115,0.628936,0.666580,0.751065,0.584093,0.745546,0.698279,0.661857,0.735727,0.612251
0.643240,0.696785,0.711433,0.616680,0.732308,0.644406,0.625073,0.675380,0.717194,0.683052
0.734108,0.655880,0.688667,0.738566,0.616976,0.717657,0.720768,0.713937,0.676987,0.698751
0.677100,0.833560,0.711717,0.732793,0.682837,0.700193,0.668052,0.717691,0.709139,0.707768
0.709187,0.718624,0.704879,0.596384,0.688526,0.692257,0.718697,0.749493,0.734271,0.709842
0.663253,0.692124,0.706848,0.759149,0.710722,0.790495,0.714000,0.748589,0.648757,0.659242
0.725955,0.762164,0.731527,0.725277,0.595656,0.771794,0.722586,0.724391,0.682495,0.682380
0.687266,0.650937,0.690520,0.734735,0.646030,0.766414,0.750453,0.731600,0.672920,0.703006
0.686386,0.681821,0.663525,0.699791,0.813067,0.776931,0.713461,0.747825,0.716641,0.691538
0.693950,0.706288,0.649726,0.702579,0.644602,0.682914,0.733071,0.689491,0.711927,0.687470
0.687772,0.713546,0.724483,0.758733,0.640334,0.764049,0.661909,0.666566,0.756270,0.734157
0.706029,0.713346,0.720844,0.757358,0.610746,0.694734,0.690735,0.650786,0.698468,0.690423
0.708661,0.728842,0.712713,0.662204,0.657784,0.631209,0.642851,0.640313,0.720208,0.693890
0.668130,0.682129,0.742645,0.706852,0.565616,0.619727,0.656644,0.687034,0.697760,0.671833
0.690967,0.727920,0.713771,0.720336,0.688502,0.539955,0.679142,0.685887,0.697705,0.687353
0.694122,0.705051,0.728065,0.603959,0.741410,0.575178,0.652596,0.651762,0.730129,0.655823
0.692531,0.720579,0.666503,0.610812,0.153954,0.675600,0.664187,0.700940,0.686107,0.707794
0.687172,0.665554,0.729950,0.757660,0.711967,0.659390,0.664877,0.615791,0.671930,0.700255
0.697472,0.667326,0.748009,0.626395,0.595403,0.800879,0.785712,0.659172,0.656004,0.701511
0.666510,0.663858,0.714693,0.706383,0.562532,0.810590,0.725583,0.681763,0.694224,0.651619
0.675557,0.685913,0.703851,0.693824,0.549514,0.640806,0.702100,0.698843,0.716685,0.709229
0.678647,0.634434,0.631029,0.682338,0.443296,0.675859,0.642269,0.674738,0.690086,0.694517
0.683252,0.714136,0.683540,0.694162,0.847832,0.639790,0.722426,0.745129,0.643012,0.704029
0.684479,0.683595,0.678725,0.731437,0.611766,0.616430,0.684900,0.670591,0.701244,0.692006
0.709907,0.696799,0.678977,0.779245,0.615542,0.774632,0.710421,0.653302,0.719860,0.710691
0.701701,0.686777,0.673106,0.709006,0.559605,0.617460,0.705970,0.713205,0.669121,0.662455
0.694132,0.642511,0.666817,0.587287,0.560056,0.669558,0.680263,0.688403,0.685637,0.688562
0.700075,0.716432,0.720050,0.694975,0.596199,0.717841,0.721881,0.679659,0.692813,0.695669
0.731240,0.736337,0.697352,0.695568,0.756188,0.558004,0.678307,0.683579,0.730261,0.691546
0.688038,0.694593,0.723175,0.702612,0.918172,0.736759,0.687912,0.709006,0.652052,0.702800
0.711760,0.632386,0.686281,0.616502,0.591697,0.764082,0.671609,0.750214,0.672505,0.713897
0.686727,0.705497,0.645675,0.741299,0.775718,0.677299,0.633313,0.636452,0.656316,0.689111
0.668163,0.715230,0.694666,0.473022,0.854873,0.744835,0.655748,0.608398,0.678249,0.625314
0.746774,0.624739,0.648479,0.651759,0.595874,0.786007,0.739953,0.674853,0.670085,0.714317
0.700852,0.678778,0.717616,0.717412,0.736863,0.675798,0.696366,0.704181,0.703893,0.674817
0.668821,0.675723,0.672009,0.622322,0.726434,0.720089,0.655469,0.692434,0.741999,0.643259
0.671762,0.724435,0.640102,0.700978,0.523815,0.795383,0.683054,0.748405,0.724433,0.716257
0.682835,0.652624,0.619843,0.675538,0.605106,0.821737,0.694163,0.675063,0.710073,0.653645
0.626528,0.725180,0.671023,0.733915,0.609426,0.740449,0.784697,0.682465,0.684387,0.717933
0.669544,0.681489,0.664968,0.675744,0.728618,0.614569,0.674700,0.732751,0.652754,0.703851
0.685789,0.746462,0.675140,0.683486,0.654620,0.606854,0.649256,0.733691,0.689307,0.685934
0.694627,0.704017,0.603579,0.720371,0.635085,0.699434,0.586898,0.689580,0.684690,0.689311
0.695097,0.700090,0.711027,0.663844,0.550858,0.647050,0.725855,0.690599,0.676138,0.700490
0.739851,0.680602,0.732858,0.672446,0.932998,0.785178,0.730513,0.728713,0.700188,0.669341
0.681412,0.726022,0.693787,0.815500,0.700017,0.681679,0.709423,0.705293,0.734600,0.693482
0.789201,0.743580,0.745841,0.658379,0.870358,0.769918,0.715091,0.706598,0.695212,0.687427
0.715374,0.645219,0.679234,0.816498,0.696453,0.743884,0.701040,0.718596,0.675972,0.677790
0.727668,0.720141,0.672481,0.552472,0.775315,0.678225,0.676678,0.662494,0.779315,0.691922
0.700773,0.626298,0.674509,0.739805,0.680226,0.638212,0.737299,0.704393,0.665819,0.661266
0.698935,0.663018,0.706870,0.713251,0.633590,0.667918,0.719840,0.703977,0.673941,0.705162
0.714487,0.686222,0.747488,0.691662,0.740982,0.687626,0.704735,0.680813,0.670298,0.698570
0.732644,0.687490,0.668090,0.690685,0.622922,0.745867,0.690773,0.650274,0.701309,0.688715
0.681686,0.640593,0.705487,0.697258,0.913955,0.716062,0.678162,0.699309,0.697418,0.691745
0.626142,0.669396,0.621746,0.580109,0.578998,0.653781,0.765417,0.651918,0.688444,0.595734
0.677182,0.702702,0.730252,0.692257,0.658587,0.702981,0.736868,0.701393,0.714352,0.705252
0.703621,0.699038,0.742761,0.672497,0.752147,0.732218,0.696855,0.679510,0.678071,0.657512
0.683072,0.652123,0.689982,0.679367,0.814023,0.567984,0.643680,0.602741,0.695192,0.695953
0.681146,0.717005,0.712673,0.730068,0.697142,0.745546,0.663214,0.717536,0.647305,0.676910
0.687573,0.682022,0.691435,0.768634,0.890884,0.756049,0.723065,0.692141,0.697608,0.694488
0.650554,0.673669,0.774781,0.709917,0.698858,0.719334,0.716223,0.705773,0.672478,0.715369
0.668520,0.638712,0.700124,0.572696,0.556335,0.782335,0.650495,0.699652,0.711779,0.721250
0.693029,0.714710,0.685294,0.730758,0.714395,0.614849,0.719626,0.674353,0.773416,0.704042
0.667369,0.705307,0.716258,0.605885,0.587324,0.616526,0.717937,0.733579,0.685941,0.723238
0.672107,0.670868,0.704679,0.724209,0.564000,0.816097,0.686937,0.705171,0.706904,0.709210
0.690161,0.671649,0.668999,0.702955,0.825633,0.781605,0.653317,0.735564,0.690774,0.691091
0.698988,0.730471,0.737992,0.863447,0.757390,0.602223,0.683973,0.624795,0.705864,0.679891
0.751469,0.688713,0.580338,0.771114,0.812483,0.623186,0.777416,0.740850,0.726026,0.694580
0.719217,0.716235,0.664220,0.748544,0.745368,0.665231,0.661213,0.691557,0.694938,0.691022
0.722495,0.719385,0.744180,0.821029,0.703185,0.728117,0.669924,0.676124,0.653684,0.709186
0.693166,0.636283,0.719416,0.646854,0.714660,0.670387,0.760442,0.649256,0.686149,0.691367
0.654050,0.678529,0.694526,0.652037,0.697846,0.766991,0.739214,0.709461,0.695497,0.690004
0.644472,0.736603,0.628804,0.667652,0.633289,0.597237,0.771943,0.605238,0.705253,0.697490
0.691687,0.695090,0.757397,0.667943,0.669320,0.721222,0.743711,0.709914,0.698452,0.699577
0.708532,0.651505,0.767483,0.628290,0.417570,0.669728,0.613826,0.643719,0.687299,0.665542
0.704988,0.687676,0.672247,0.743938,0.796897,0.488088,0.722765,0.763489,0.693257,0.707233
0.629979,0.701127,0.707932,0.692397,0.639487,0.632714,0.638433,0.680616,0.717585,0.667257
0.689690,0.674887,0.733126,0.718557,0.600692,0.698315,0.691959,0.685665,0.686332,0.705451
0.694202,0.739298,0.690163,0.684772,0.822931,0.574630,0.688843,0.744272,0.679658,0.685447
0.700407,0.717926,0.686423,0.680337,0.738126,0.619557,0.645653,0.638070,0.677750,0.612642
0.675627,0.727509,0.711525,0.698245,0.714099,0.790761,0.717353,0.696368,0.702806,0.742221
0.681447,0.723768,0.698416,0.749202,0.793587,0.594594,0.732044,0.684695,0.705318,0.723565
0.666362,0.708438,0.676172,0.669199,0.717918,0.698172,0.691738,0.689335,0.700118,0.690238
0.732446,0.666018,0.681040,0.735587,0.800745,0.431741,0.723030,0.634861,0.699303,0.691275
0.684109,0.655532,0.713024,0.707916,0.645518,0.791759,0.648588,0.721884,0.709160,0.632298
0.688607,0.695463,0.695223,0.644559,0.600004,0.653867,0.696934,0.659534,0.680469,0.712559
0.698927,0.725187,0.714379,0.654215,0.780458,0.584243,0.689134,0.760128,0.706713,0.687957
0.712541,0.687791,0.729871,0.714948,0.878429,0.757041,0.674484,0.707108,0.669962,0.691803
0.717750,0.670361,0.732724,0.679143,0.614427,0.697040,0.759800,0.672609,0.706428,0.676203
0.680795,0.729337,0.682780,0.637057,0.766852,0.727098,0.688827,0.704694,0.638413,0.718343
0.664401,0.735513,0.667758,0.702209,0.497213,0.758664,0.700793,0.709742,0.693072,0.718360
0.699815,0.682130,0.732339,0.697310,0.672292,0.785113,0.685546,0.717875,0.761988,0.722381
0.703820,0.733375,0.702470,0.758920,0.859519,0.703783,0.703672,0.711816,0.672188,0.692700
0.646563,0.708578,0.719741,0.664203,0.610759,0.637267,0.749545,0.679003,0.685551,0.729760
0.682603,0.682293,0.672475,0.735665,0.863704,0.743133,0.704206,0.670976,0.690235,0.664672
0.751677,0.708588,0.752899,0.733204,0.742490,0.774583,0.682437,0.582278,0.694126,0.731778
0.722613,0.691917,0.651254,0.707748,0.661113,0.633483,0.736877,0.692269,0.689485,0.670228
0.727030,0.718444,0.684419,0.786138,0.449987,0.752495,0.689094,0.675950,0.739538,0.715498
0.685227,0.690120,0.692352,0.665713,0.639166,0.679135,0.695915,0.700209,0.677563,0.694449
0.701773,0.770283,0.694347,0.653456,0.661010,0.502327,0.763196,0.705302,0.685182,0.733178
0.735254,0.705814,0.719105,0.609361,0.844588,0.751516,0.658462,0.631915,0.803735,0.680652
0.675683,0.737923,0.716996,0.642265,0.736917,0.901160,0.732031,0.704186,0.686525,0.711795
0.667814,0.695677,0.706555,0.629278,0.745105,0.764761,0.687783,0.697170,0.668187,0.679268
0.698422,0.672270,0.671012,0.669557,0.735681,0.626670,0.672039,0.691915,0.719203,0.669001
0.738644,0.710317,0.743850,0.678854,0.575276,0.784739,0.601777,0.764182,0.653549,0.761539
0.682910,0.635388,0.686430,0.733870,0.680237,0.463615,0.700049,0.696642,0.654277,0.679943
0.655431,0.722223,0.622206,0.621990,0.671561,0.715676,0.785098,0.720494,0.701926,0.690719
0.689012,0.691670,0.696151,0.763327,0.703687,0.725121,0.770569,0.660977,0.667498,0.743790
0.717344,0.720975,0.710604,0.727536,0.571683,0.687389,0.707481,0.675750,0.674054,0.666242
0.710498,0.759279,0.680281,0.709405,0.867744,0.791499,0.740298,0.689730,0.696217,0.687829
0.703239,0.718885,0.681812,0.606739,0.524318,0.575622,0.690466,0.658331,0.696687,0.688713
0.706670,0.687880,0.736758,0.644833,0.481279,0.727539,0.708311,0.719648,0.663556,0.713994
0.696455,0.784833,0.618138,0.804154,0.703327,0.660302,0.654899,0.697128,0.715917,0.692487
0.710841,0.721746,0.669621,0.676883,0.000000,0.623589,0.640361,0.689653,0.685387,0.689918
0.714897,0.646638,0.671832,0.577798,0.715507,0.711857,0.660462,0.646294,0.726242,0.724404
0.681306,0.722450,0.677204,0.775602,0.745223,0.691663,0.683083,0.705017,0.709183,0.706207
0.656979,0.695381,0.734260,0.680028,0.952799,0.802157,0.701433,0.714865,0.687298,0.686119
0.669340,0.656224,0.687327,0.717782,0.633052,0.810607,0.702542,0.642772,0.643532,0.706400
0.684455,0.709084,0.678981,0.707809,0.352473,0.714093,0.713041,0.760148,0.685353,0.717680
0.673749,0.705056,0.718651,0.693150,0.741165,0.577357,0.700818,0.733850,0.692237,0.698716
0.667701,0.677146,0.637973,0.599374,0.874585,0.761732,0.697719,0.632832,0.646193,0.715706
0.691976,0.702395,0.629284,0.766253,0.715667,0.660639,0.602558,0.671062,0.704057,0.739495
0.694981,0.697908,0.686296,0.720111,0.669818,0.803863,0.682599,0.658303,0.720583,0.714172
0.688442,0.676664,0.695175,0.696330,0.644585,0.690136,0.703485,0.708078,0.715099,0.706237
0.686391,0.635562,0.672788,0.717066,0.838376,0.580252,0.671639,0.759281,0.713364,0.710646
0.605968,0.731402,0.712700,0.800862,0.514660,0.717105,0.664366,0.733908,0.711109,0.642622
0.694529,0.748265,0.679314,0.630919,0.655998,0.614308,0.700836,0.718122,0.700940,0.690601
0.706927,0.642154,0.679922,0.706620,0.658375,0.683289,0.674928,0.686229,0.692476,0.725461
0.673140,0.674599,0.702723,0.647410,0.730479,0.636917,0.649578,0.733418,0.711058,0.670526
0.712905,0.648287,0.740251,0.693599,0.914610,0.686011,0.649806,0.760888,0.647882,0.693081
0.704470,0.663518,0.709338,0.702648,0.864162,0.755290,0.684892,0.710575,0.706758,0.698924
0.688936,0.683819,0.712003,0.665306,0.583659,0.715324,0.698474,0.694946,0.688997,0.695015
0.703821,0.707842,0.678600,0.623504,0.707406,0.721418,0.694174,0.708523,0.663720,0.683602
0.693302,0.718628,0.676210,0.701362,0.616275,0.745169,0.672501,0.660751,0.746200,0.699789
0.689283,0.726912,0.656065,0.601467,0.804595,0.661549,0.682864,0.745258,0.664561,0.709458
0.693802,0.672197,0.681522,0.702880,0.731390,0.690713,0.732452,0.734723,0.690458,0.676836
0.714457,0.827597,0.702249,0.654037,0.601226,0.625733,0.639214,0.726119,0.636158,0.685746
0.671612,0.710466,0.787572,0.721279,0.736223,0.620127,0.654532,0.693970,0.681455,0.710176
0.692567,0.689865,0.598104,0.731441,0.743707,0.762488,0.578939,0.691061,0.686280,0.683292
0.637677,0.629834,0.710160,0.684571,0.652734,0.639001,0.666857,0.645087,0.693064,0.756875
0.690542,0.686323,0.747756,0.687102,0.763855,0.759144,0.745382,0.707136,0.696167,0.709758
0.685313,0.670377,0.673521,0.776017,0.822314,0.620529,0.692095,0.665031,0.690987,0.681528
0.736492,0.723341,0.714864,0.814135,0.710263,0.665901,0.633269,0.690767,0.737397,0.682846
0.674077,0.677275,0.750898,0.740447,0.592607,0.605075,0.749344,0.721416,0.631965,0.695246
0.634377,0.690788,0.714254,0.566491,0.551721,0.678840,0.698253,0.664140,0.715142,0.677539
0.602890,0.666416,0.728195,0.731646,0.623304,0.759127,0.641403,0.676611,0.763449,0.664096
0.700695,0.688056,0.679274,0.713460,0.721396,0.683088,0.689698,0.707018,0.688480,0.669045
0.693907,0.699610,0.674293,0.604745,0.693618,0.714369,0.643464,0.739267,0.642231,0.677137
0.706128,0.699950,0.690758,0.726784,0.701611,0.689666,0.666905,0.664258,0.680146,0.682495
0.687832,0.691119,0.687272,0.683060,0.768003,0.635022,0.658476,0.664351,0.707460,0.643331
0.635786,0.636049,0.704903,0.693803,0.593118,0.596946,0.676357,0.731094,0.647364,0.624606
0.663463,0.647753,0.664197,0.734013,0.726989,0.794284,0.713045,0.703863,0.686019,0.708259
0.613836,0.699787,0.694772,0.765563,0.763663,0.659320,0.736471,0.677471,0.704301,0.682437
0.646592,0.645481,0.666779,0.624632,0.595280,0.702037,0.737760,0.721172,0.680880,0.684349
0.708991,0.699786,0.725232,0.629813,0.711240,0.687806,0.747779,0.676653,0.682231,0.696591
0.717908,0.692640,0.713119,0.707631,0.554607,0.695091,0.688390,0.668812,0.685604,0.691791
0.686292,0.693440,0.695460,0.709240,0.609434,0.726234,0.705599,0.724766,0.664928,0.701707
0.677437,0.673432,0.751333,0.690381,0.627408,0.569408,0.764282,0.695663,0.676050,0.665719
0.715198,0.681709,0.731007,0.655909,0.692695,0.788574,0.730961,0.707240,0.718680,0.654571
0.724647,0.678129,0.653017,0.598361,0.558680,0.802100,0.681592,0.780652,0.709382,0.684989
0.716304,0.683264,0.699721,0.582769,0.834514,0.721698,0.696777,0.633363,0.726402,0.682917
0.683921,0.667206,0.699250,0.728092,0.398126,0.679236,0.673958,0.696679,0.711517,0.694302
0.675847,0.623075,0.643627,0.743086,0.704210,0.652164,0.636975,0.707204,0.691387,0.668050
0.711418,0.677777,0.744426,0.731055,0.745574,0.653968,0.744217,0.678030,0.703167,0.669848
0.662207,0.714597,0.718644,0.714785,0.628787,0.634116,0.619041,0.665278,0.703322,0.678941
0.716672,0.655914,0.791958,0.823020,0.773505,0.750511,0.605202,0.788358,0.665995,0.732285
0.694098,0.683111,0.666163,0.617238,0.932471,0.763740,0.728615,0.693982,0.718936,0.713524
0.681304,0.704307,0.629207,0.758272,0.803999,0.530443,0.734660,0.681374,0.678261,0.706377
0.708510,0.688947,0.665925,0.683586,0.792486,0.584217,0.718090,0.742534,0.681802,0.668101
0.658531,0.675538,0.729647,0.633079,0.910628,0.750591,0.697146,0.566012,0.682881,0.661112
0.726429,0.709804,0.791576,0.687814,0.572813,0.687866,0.584002,0.682565,0.653239,0.656039
0.711953,0.711252,0.695720,0.740717,0.500515,0.663467,0.688744,0.612921,0.709934,0.694861
0.654482,0.705692,0.734669,0.728042,0.745794,0.526662,0.687804,0.674816,0.708722,0.713093
0.657162,0.730030,0.680901,0.707086,0.774552,0.501109,0.737072,0.766412,0.684187,0.729604
0.722759,0.689421,0.718690,0.704019,0.695508,0.723195,0.764621,0.715424,0.691010,0.705382
0.706310,0.673212,0.701748,0.703845,0.640883,0.793552,0.723130,0.691888,0.677349,0.688384
0.636953,0.785026,0.688293,0.720749,0.693405,0.722778,0.692861,0.712836,0.757823,0.704744
0.639962,0.731847,0.682944,0.750756,0.836264,0.684049,0.651280,0.645813,0.657100,0.691953
0.694474,0.692012,0.708163,0.630848,0.739704,0.646541,0.623426,0.736379,0.747675,0.732003
0.706954,0.624767,0.723871,0.703296,0.610766,0.722124,0.706077,0.701112,0.752688,0.668430
0.714422,0.524245,0.688635,0.661859,0.651688,0.706510,0.655991,0.693879,0.722771,0.708219
0.713786,0.653374,0.695206,0.681424,0.625919,0.557509,0.627584,0.698506,0.644305,0.692032
0.701482,0.682678,0.665592,0.720190,0.820670,0.726755,0.639183,0.708675,0.678887,0.677362
0.690801,0.725643,0.715107,0.682500,0.694835,0.788757,0.706649,0.745297,0.703830,0.677091
0.723224,0.698803,0.699356,0.674535,0.573601,0.647784,0.680802,0.684126,0.692574,0.691662
0.684299,0.607970,0.702273,0.659417,0.703910,0.823500,0.699705,0.669032,0.675211,0.702128
0.686211,0.660969,0.706334,0.692961,0.786219,0.516931,0.684998,0.737314,0.706846,0.697156
0.671132,0.706495,0.714236,0.647520,0.851800,0.724719,0.718078,0.628641,0.641074,0.673951
0.698093,0.698106,0.730742,0.722676,0.599713,0.684567,0.755119,0.703944,0.715519,0.703273
0.651027,0.691262,0.691820,0.639191,0.827334,0.734829,0.767610,0.619012,0.717466,0.697577
0.674514,0.769656,0.680882,0.736934,0.525775,0.756874,0.659932,0.686381,0.614579,0.672067
0.706171,0.713542,0.707641,0.785533,0.551982,0.707822,0.638142,0.630459,0.702407,0.695579
0.734809,0.639381,0.701071,0.522064,0.853523,0.644837,0.634209,0.712952,0.729476,0.682980
0.644860,0.739020,0.695343,0.664775,0.792071,0.571078,0.693895,0.727149,0.702445,0.706301
0.726876,0.722194,0.747243,0.708171,0.763122,0.618872,0.671602,0.710707,0.756931,0.667507
0.682745,0.736569,0.709210,0.592544,0.631674,0.861675,0.712085,0.655166,0.633303,0.683029
0.684150,0.718071,0.704155,0.636493,0.764023,0.660945,0.679714,0.742830,0.620945,0.693677
0.665734,0.686673,0.657745,0.681855,0.565329,0.705842,0.719301,0.794964,0.616387,0.696406
0.685411,0.679610,0.675867,0.664978,0.637666,0.807726,0.709381,0.718035,0.680507,0.688461
0.664531,0.770506,0.676727,0.688228,0.711657,0.692508,0.745546,0.655134,0.705413,0.669982
0.664812,0.715718,0.660610,0.735518,0.544049,0.742921,0.680828,0.697031,0.724641,0.699280
0.690780,0.653104,0.696528,0.672442,0.712501,0.678763,0.670391,0.688149,0.662103,0.700001
0.660621,0.640950,0.694999,0.687564,0.696087,0.706459,0.731538,0.688994,0.682387,0.696546
0.637708,0.721485,0.674042,0.608975,0.512141,0.712063,0.673774,0.694273,0.713709,0.646067
0.623290,0.663591,0.624926,0.599666,0.722050,0.650450,0.698382,0.729455,0.704408,0.633768
0.715960,0.704635,0.677928,0.635648,0.504049,0.745724,0.651423,0.744443,0.679965,0.703291
0.589180,0.707726,0.700966,0.724599,0.620364,0.647161,0.684343,0.720846,0.714022,0.728214
0.688839,0.746578,0.712684,0.563718,0.680548,0.772259,0.695396,0.710002,0.672082,0.690970
0.695044,0.698382,0.727984,0.602138,0.785475,0.732295,0.737971,0.742154,0.670895,0.675201
0.688432,0.706247,0.729981,0.700450,0.419201,0.669961,0.636348,0.705754,0.717244,0.696374
0.712032,0.659090,0.693443,0.541188,0.789114,0.681481,0.672361,0.750657,0.733054,0.694832
0.714731,0.792500,0.688569,0.706644,0.717924,0.638917,0.730048,0.648162,0.694032,0.673253
0.675342,0.736984,0.665892,0.770879,0.787778,0.651645,0.693748,0.728324,0.714586,0.686425
0.699913,0.677884,0.708808,0.650845,0.733285,0.719050,0.697639,0.638834,0.701944,0.677964
0.718878,0.684854,0.702017,0.666911,0.655633,0.739483,0.717462,0.644588,0.693758,0.691662
0.716946,0.680937,0.666753,0.622237,0.582069,0.781590,0.726981,0.684581,0.705966,0.690471
0.697238,0.694032,0.671726,0.701799,0.683158,0.684557,0.653286,0.682224,0.683724,0.680912
0.703575,0.675734,0.742727,0.681282,0.529682,0.681334,0.698429,0.660537,0.684309,0.688791
0.706177,0.695220,0.637622,0.644869,0.460750,0.658857,0.706847,0.668605,0.667552,0.689680
0.697093,0.687921,0.681007,0.662074,0.907887,0.773474,0.691506,0.710681,0.684314,0.697594
0.691259,0.716461,0.659065,0.754762,0.494143,0.644394,0.722044,0.687146,0.699903,0.684413
0.682312,0.717401,0.740420,0.674980,0.747232,0.674571,0.679705,0.731447,0.725646,0.754487
0.699369,0.684672,0.665235,0.685225,0.705487,0.642968,0.696268,0.735906,0.689833,0.704339
0.661906,0.715115,0.724948,0.606450,0.722597,0.536437,0.653496,0.678652,0.716105,0.700870
0.692721,0.674798,0.705614,0.689256,0.710765,0.590917,0.688037,0.733266,0.656418,0.698544
0.676728,0.723982,0.716305,0.678558,0.518210,0.725979,0.683340,0.709116,0.720811,0.707642
0.687328,0.677880,0.756995,0.744757,0.689689,0.702735,0.807378,0.674801,0.667512,0.737467
0.632981,0.744093,0.654679,0.644326,0.766520,0.626558,0.741045,0.665594,0.723396,0.697119
0.662149,0.668458,0.698177,0.591379,0.707575,0.711818,0.696334,0.751673,0.736395,0.705971
0.712726,0.661660,0.744281,0.616968,0.429687,0.712804,0.580125,0.700870,0.687700,0.686291
0.698498,0.671520,0.678665,0.718444,0.627522,0.710153,0.680135,0.701915,0.676945,0.706573
0.690048,0.669352,0.758545,0.752286,0.618012,0.749672,0.644706,0.683475,0.723432,0.699675
0.682511,0.679050,0.650745,0.746087,0.649790,0.747878,0.703581,0.684731,0.684993,0.718969
0.667794,0.721630,0.726665,0.760322,0.763130,0.674526,0.733122,0.661006,0.707424,0.706388
0.719188,0.738794,0.698607,0.630452,0.477942,0.726248,0.699000,0.680350,0.664572,0.696162
0.711224,0.735295,0.648830,0.780712,0.622195,0.752747,0.599027,0.623088,0.656086,0.673682
0.713953,0.671392,0.586371,0.679828,0.763529,0.566411,0.824756,0.679660,0.661783,0.666831
0.720187,0.688236,0.686053,0.704522,0.714953,0.782937,0.726434,0.653705,0.733659,0.698144
0.766903,0.632701,0.615780,0.730337,0.522392,0.735191,0.672694,0.656997,0.752118,0.707666
0.696705,0.708401,0.574242,0.735666,0.538269,0.669877,0.541830,0.699132,0.695807,0.682595
0.676540,0.696787,0.684680,0.639781,0.479005,0.648022,0.670177,0.678658,0.675633,0.695029
0.656884,0.654358,0.696058,0.642987,0.804123,0.621326,0.681370,0.712811,0.730122,0.661388
0.691606,0.765034,0.776813,0.659622,0.653580,0.608551,0.760351,0.729905,0.666394,0.693332
0.692201,0.689689,0.721551,0.769578,0.628383,0.763522,0.679340,0.736936,0.734584,0.691781
0.651488,0.582648,0.669209,0.738827,0.601361,0.701450,0.700875,0.711617,0.674688,0.672767
0.700938,0.688464,0.676547,0.777491,0.712029,0.637349,0.681813,0.669634,0.684590,0.699631
0.669522,0.676696,0.678977,0.633215,0.566118,0.666355,0.678362,0.749501,0.719814,0.682411
0.693601,0.685262,0.675226,0.748497,0.589151,0.731938,0.698006,0.664431,0.695581,0.694182
0.672938,0.656711,0.710589,0.699754,0.612285,0.704080,0.673160,0.638565,0.656240,0.671496
0.668772,0.674910,0.653090,0.635694,0.283845,0.582149,0.673867,0.658318,0.651896,0.685295
0.706519,0.701698,0.702327,0.737998,0.801904,0.667155,0.657269,0.724238,0.661017,0.678144
0.725141,0.719744,0.634463,0.733433,0.589618,0.634099,0.702157,0.761565,0.724551,0.707865
0.654235,0.682696,0.649079,0.726712,0.892750,0.798597,0.724862,0.685603,0.714240,0.698554
0.757245,0.631336,0.701533,0.584958,0.757316,0.634741,0.709899,0.732819,0.776164,0.685202
0.663738,0.714401,0.633135,0.721768,0.599712,0.630302,0.632478,0.693381,0.679194,0.701832
0.718992,0.745622,0.694918,0.659396,0.487731,0.638706,0.676494,0.692203,0.686691,0.673114
0.650323,0.726885,0.742028,0.655228,0.668548,0.703244,0.638885,0.686248,0.716253,0.708160
0.725362,0.688306,0.643606,0.686211,0.722158,0.563779,0.717849,0.728145,0.691396,0.698926
0.689952,0.710135,0.710636,0.651776,0.617364,0.688053,0.742253,0.695034,0.687174,0.701985
0.709423,0.673276,0.703005,0.725811,0.760386,0.526578,0.725182,0.676853,0.722295,0.710704
0.713955,0.701144,0.747056,0.657898,0.591492,0.693939,0.661805,0.673269,0.688001,0.702572
0.709873,0.756069,0.714685,0.654299,0.734363,0.638868,0.726630,0.682806,0.707751,0.710420
0.672646,0.705617,0.690973,0.671085,0.548454,0.718327,0.733477,0.655615,0.712495,0.678718
0.683931,0.725389,0.697564,0.667042,0.751718,0.629996,0.686031,0.719138,0.689130,0.699472
0.722300,0.717257,0.688571,0.746192,0.559147,0.659983,0.650399,0.639621,0.672598,0.687387
0.693294,0.688339,0.708314,0.718998,0.820004,0.736162,0.671352,0.691356,0.679338,0.661270
0.687008,0.667452,0.695261,0.711509,0.677837,0.517300,0.693205,0.686680,0.684891,0.696211
0.716452,0.722345,0.680915,0.692986,0.655136,0.593840,0.724908,0.688153,0.700951,0.680126
0.679632,0.642327,0.664358,0.695772,0.741692,0.724774,0.742112,0.711613,0.674182,0.659547
0.717331,0.643719,0.655991,0.708996,0.794814,0.629458,0.627675,0.658540,0.698947,0.717463
0.679992,0.698797,0.704103,0.723060,0.637804,0.654940,0.665350,0.717184,0.668006,0.698169
0.681380,0.707964,0.633484,0.744492,0.732786,0.753215,0.754443,0.721755,0.677059,0.684579
0.639242,0.739879,0.796490,0.693861,0.669727,0.722117,0.672006,0.715220,0.668006,0.675878
0.719794,0.688251,0.626850,0.731851,0.606208,0.741485,0.621849,0.699746,0.708589,0.687187
0.659279,0.706192,0.766206,0.630094,0.792745,0.592226,0.644942,0.790635,0.739600,0.705354
0.691781,0.729589,0.691261,0.720933,0.712643,0.626710,0.719093,0.716106,0.697664,0.686144
0.722433,0.662708,0.640025,0.628986,0.678168,0.812236,0.739397,0.697866,0.648732,0.661047
0.711418,0.678692,0.714280,0.703966,0.707653,0.608006,0.699357,0.649197,0.707765,0.699010
0.665337,0.698401,0.667316,0.714029,0.788878,0.727998,0.717054,0.682707,0.667774,0.679870
0.704308,0.675451,0.691750,0.741412,0.445389,0.659950,0.702489,0.710216,0.714114,0.671115
0.713591,0.696306,0.689071,0.700981,0.665389,0.671427,0.703978,0.728570,0.715767,0.680707
0.678902,0.673114,0.714643,0.735924,0.460809,0.610012,0.693797,0.696733,0.735822,0.669580
0.726919,0.686533,0.546575,0.714926,0.690921,0.662589,0.807864,0.697625,0.627462,0.641190
0.642869,0.695210,0.722313,0.656532,0.806303,0.653271,0.670847,0.746916,0.735873,0.725394
0.734137,0.714568,0.751313,0.669090,0.631557,0.692271,0.641069,0.680814,0.672618,0.664192
0.707828,0.727597,0.720223,0.650705,0.549956,0.557999,0.636377,0.642506,0.660461,0.693220
0.723716,0.743140,0.785972,0.736527,0.628559,0.719072,0.683057,0.659465,0.616617,0.729279
0.616942,0.653154,0.601713,0.742593,0.624431,0.766187,0.762709,0.645616,0.684950,0.697684
0.722402,0.685799,0.709971,0.662840,0.758621,0.742809,0.660548,0.681122,0.670794,0.671654
0.681366,0.689971,0.665481,0.713895,0.709589,0.763161,0.656936,0.687127,0.680452,0.695928
0.655464,0.708257,0.721015,0.719679,0.655090,0.499016,0.667751,0.738331,0.688634,0.698962
0.682752,0.594398,0.671390,0.644156,0.698063,0.707706,0.662135,0.732685,0.735212,0.667428
0.686135,0.738089,0.675299,0.654021,0.810470,0.551184,0.707837,0.757277,0.667542,0.696571
0.786696,0.685314,0.615452,0.717499,0.615498,0.685620,0.716363,0.696260,0.684876,0.647066
0.681987,0.677035,0.655242,0.732031,0.564064,0.847816,0.716408,0.710652,0.734113,0.719870
0.674348,0.673533,0.717735,0.710924,0.579148,0.670053,0.717335,0.699585,0.697898,0.680906
0.690434,0.676365,0.684257,0.676946,0.726371,0.673051,0.686936,0.693861,0.750117,0.668781
0.687717,0.709763,0.714396,0.737677,0.742478,0.570789,0.661106,0.701405,0.690267,0.671152
0.706806,0.748338,0.708229,0.674254,0.799709,0.676866,0.660381,0.610964,0.750546,0.682775
0.693344,0.675513,0.684218,0.695121,0.369373,0.637244,0.649946,0.695330,0.692562,0.706469
0.747413,0.688181,0.743088,0.748457,0.595024,0.762869,0.631097,0.600640,0.685609,0.750880
0.694763,0.692984,0.620732,0.730375,0.701161,0.713353,0.623098,0.690664,0.693859,0.697528
0.725485,0.734170,0.639682,0.609944,0.704905,0.547390,0.711905,0.720912,0.669360,0.653605
0.697757,0.672375,0.656066,0.649479,0.690133,0.766599,0.745957,0.705137,0.681960,0.654522
0.660612,0.723236,0.763301,0.723959,0.748164,0.530796,0.664487,0.668900,0.760749,0.707733
0.646688,0.684636,0.665832,0.699944,0.818852,0.746953,0.644273,0.666449,0.703200,0.700731
0.674663,0.711217,0.738155,0.651281,0.627951,0.718951,0.652824,0.617007,0.680961,0.709626
0.720610,0.649728,0.668781,0.671382,0.667589,0.649096,0.667900,0.716439,0.688775,0.741202
0.662404,0.706932,0.678171,0.695989,0.750096,0.724840,0.730989,0.714087,0.647979,0.725343
0.678311,0.644680,0.667529,0.617124,0.792568,0.679024,0.663283,0.657942,0.720102,0.685126
0.714875,0.740566,0.631346,0.631144,0.811206,0.669342,0.743199,0.773020,0.676498,0.712562
0.687867,0.693368,0.741345,0.668652,0.581065,0.685079,0.714315,0.696801,0.672189,0.708748
0.706681,0.706733,0.734932,0.680991,0.647584,0.667585,0.716466,0.704615,0.712170,0.708538
0.650670,0.618222,0.756647,0.688784,0.847784,0.634386,0.636975,0.661992,0.739650,0.623570
0.656271,0.696995,0.714389,0.702617,0.690320,0.685729,0.691011,0.660282,0.689708,0.712160
0.743228,0.626139,0.632110,0.620600,0.600273,0.678025,0.730812,0.689859,0.692819,0.650485
0.744610,0.735462,0.687819,0.600901,0.678126,0.632861,0.646975,0.673056,0.714107,0.686572
0.746899,0.714824,0.791877,0.692676,0.703964,0.759400,0.659557,0.707120,0.640095,0.698759
0.752367,0.726832,0.747790,0.764532,0.668124,0.631015,0.706507,0.734249,0.699508,0.621763
0.677362,0.696726,0.790517,0.790425,0.791674,0.595346,0.710874,0.630774,0.664629,0.689192
0.710634,0.702738,0.661317,0.674704,0.647434,0.694087,0.705604,0.678961,0.687123,0.679936
0.682683,0.720187,0.716726,0.661434,0.504183,0.784779,0.699025,0.661682,0.671301,0.686333
0.727937,0.715103,0.677821,0.666501,0.641342,0.789401,0.700300,0.651921,0.695829,0.711361
0.722989,0.772709,0.684853,0.744108,0.620479,0.729272,0.701339,0.729825,0.696748,0.687176
0.674695,0.656038,0.711427,0.700397,0.637233,0.727718,0.672396,0.692337,0.729806,0.704127
0.694319,0.641540,0.695905,0.667401,0.696785,0.804381,0.662831,0.720164,0.688873,0.674419
0.693803,0.702072,0.657132,0.694020,0.654676,0.645721,0.736902,0.668247,0.738004,0.695550
0.708899,0.697878,0.679694,0.694796,0.609274,0.770630,0.676240,0.742472,0.715435,0.703885
0.716841,0.657662,0.743649,0.644320,0.533554,0.708598,0.672340,0.703531,0.644791,0.736469
0.698664,0.661569,0.735786,0.700785,0.474238,0.771558,0.653014,0.740986,0.723122,0.678026
0.684847,0.693056,0.713678,0.699431,0.604879,0.698076,0.736856,0.685484,0.689326,0.676350
0.686915,0.745933,0.702872,0.724886,0.547702,0.697061,0.671187,0.701247,0.692616,0.691556
0.671245,0.690989,0.631134,0.679508,0.766833,0.717915,0.755827,0.705401,0.680168,0.663349
0.709882,0.699426,0.734090,0.676748,0.865342,0.638631,0.668396,0.754003,0.684313,0.671738
0.663542,0.769074,0.606144,0.750622,0.493066,0.734405,0.708995,0.642393,0.696615,0.726199
0.689204,0.688148,0.618886,0.716946,0.639314,0.717917,0.747828,0.801700,0.676633,0.707261
0.681852,0.706780,0.692621,0.617086,0.620618,0.737506,0.702864,0.723119,0.663728,0.715063
0.731135,0.727054,0.671458,0.568458,0.696178,0.756729,0.715681,0.651548,0.728677,0.699239
0.703681,0.749561,0.731280,0.644556,0.676576,0.515344,0.734263,0.715619,0.680484,0.674329
0.696541,0.694746,0.678030,0.575012,0.516168,0.693715,0.684058,0.639709,0.680325,0.676379
0.729850,0.711695,0.779170,0.680436,0.745837,0.772137,0.628772,0.738681,0.667618,0.744505
0.707798,0.660138,0.788315,0.661989,0.765584,0.756238,0.803537,0.683971,0.698819,0.708070
0.646860,0.699154,0.699044,0.639309,0.594706,0.567170,0.664916,0.675390,0.691517,0.715520
0.717545,0.714683,0.674454,0.609836,0.752717,0.642469,0.685490,0.742251,0.742615,0.659295
0.667015,0.747678,0.641518,0.626639,0.848293,0.731887,0.698459,0.642442,0.651292,0.692258
0.681609,0.699245,0.652841,0.701674,0.609495,0.593803,0.639828,0.709291,0.665381,0.690344
0.612343,0.698563,0.606381,0.840489,0.559655,0.760003,0.786364,0.720072,0.680643,0.692542
0.674941,0.680338,0.671925,0.652059,0.831302,0.721374,0.717098,0.657441,0.719832,0.724978
0.705486,0.748015,0.677682,0.678045,0.864452,0.811885,0.729519,0.549781,0.741617,0.710707
0.713989,0.704917,0.695917,0.762992,0.818928,0.678820,0.689012,0.677680,0.663894,0.683378
0.690895,0.722655,0.692186,0.763791,0.639723,0.774214,0.691676,0.722492,0.693882,0.671648
0.672785,0.693863,0.591769,0.717979,0.683420,0.696113,0.565793,0.690384,0.684521,0.699394
0.725722,0.653938,0.705279,0.741399,0.723732,0.805608,0.710686,0.701877,0.622726,0.679382
0.695739,0.767888,0.701317,0.726702,0.759863,0.639021,0.742396,0.698620,0.628108,0.695056
0.684536,0.707088,0.764167,0.657025,0.565815,0.761689,0.739419,0.687643,0.683774,0.689590
0.658148,0.727939,0.734481,0.655890,0.675674,0.647289,0.728038,0.709987,0.648056,0.700188
0.689801,0.715073,0.705609,0.673057,0.899237,0.715508,0.685083,0.722312,0.645253,0.701468
0.734481,0.759308,0.599931,0.790036,0.667672,0.592759,0.653417,0.690606,0.735011,0.719449
0.795233,0.719991,0.777693,0.676405,0.772070,0.706856,0.627554,0.609320,0.595299,0.679239
0.681646,0.747238,0.635636,0.755414,0.603766,0.648839,0.644543,0.674198,0.706701,0.690042
0.678772,0.655331,0.719047,0.672650,0.586911,0.755593,0.703414,0.685284,0.658031,0.690535
0.672762,0.704851,0.769792,0.716065,0.513874,0.702746,0.713209,0.695055,0.669287,0.703312
0.693383,0.724398,0.684033,0.698228,0.736613,0.569828,0.675173,0.692114,0.734755,0.703521
0.730018,0.687916,0.680742,0.583559,0.642464,0.687045,0.686051,0.670183,0.695655,0.697099
0.686966,0.621511,0.723737,0.647239,0.573271,0.712925,0.693852,0.679055,0.661523,0.706019
0.680617,0.703467,0.668389,0.641960,0.649215,0.644585,0.705890,0.710251,0.620273,0.677225
0.683796,0.731582,0.746486,0.690411,0.719767,0.764141,0.736321,0.650881,0.704812,0.696008
0.668122,0.694604,0.774366,0.770146,0.680898,0.682465,0.665257,0.589867,0.708017,0.783440
0.721930,0.758631,0.687615,0.669735,0.717640,0.685003,0.713248,0.735617,0.709988,0.689412
0.737568,0.664209,0.658053,0.723066,0.737451,0.738496,0.674092,0.648462,0.681760,0.698723
0.674661,0.722094,0.764714,0.693270,0.616283,0.665309,0.732970,0.671348,0.690029,0.694710
0.743394,0.691109,0.701435,0.735423,0.693941,0.724490,0.716503,0.731575,0.682998,0.720154
0.711185,0.721399,0.674716,0.680090,0.485344,0.688464,0.733140,0.714323,0.700041,0.705926
0.672412,0.767668,0.728531,0.638696,0.647611,0.779684,0.670058,0.647234,0.715534,0.707061
0.689771,0.682674,0.649252,0.772057,0.598167,0.689300,0.715408,0.655054,0.701499,0.674172
0.681510,0.712328,0.655085,0.704350,0.653651,0.691792,0.694742,0.678051,0.694029,0.697724
0.664907,0.660661,0.719155,0.681850,0.745216,0.789001,0.710075,0.699396,0.664967,0.715839
0.691824,0.692878,0.691169,0.712235,0.584891,0.718316,0.743548,0.659007,0.708485,0.656718
0.720320,0.727908,0.775937,0.722741,0.870953,0.677487,0.650201,0.616635,0.661898,0.703346
0.718536,0.720158,0.665114,0.745354,0.748050,0.637239,0.700438,0.659980,0.709188,0.689595
0.700524,0.672596,0.731654,0.708419,0.633128,0.728653,0.728868,0.702716,0.701558,0.691712
0.709531,0.635152,0.682290,0.755698,0.721217,0.640309,0.711831,0.667553,0.638486,0.703578
0.646186,0.686427,0.693333,0.704529,0.699639,0.693533,0.729634,0.693679,0.698696,0.692251
0.694553,0.701989,0.655971,0.704289,0.676682,0.686215,0.673363,0.685082,0.674155,0.704255
0.659498,0.692536,0.691962,0.660826,0.672589,0.689355,0.748687,0.660888,0.647017,0.716536
0.660280,0.709494,0.724945,0.666646,0.538451,0.656645,0.731416,0.696442,0.703487,0.687139
0.714296,0.715265,0.673855,0.668425,0.658715,0.724826,0.724810,0.678863,0.699133,0.687730
0.697429,0.700988,0.716257,0.745500,0.569109,0.657445,0.703395,0.736160,0.746820,0.692274
0.694284,0.723357,0.673152,0.678536,0.724196,0.507564,0.699480,0.706197,0.749148,0.673819
0.621083,0.676495,0.652134,0.643568,0.582580,0.780160,0.689124,0.736820,0.661713,0.666893
0.709222,0.734007,0.702483,0.699892,0.658464,0.663385,0.712303,0.675057,0.697211,0.667161
0.713199,0.671642,0.650178,0.686481,0.859799,0.743060,0.712374,0.709567,0.711424,0.698831
0.724133,0.690991,0.657641,0.713558,0.701869,0.652232,0.695119,0.739975,0.718329,0.672499
0.700413,0.692456,0.651746,0.722807,0.747339,0.820922,0.705715,0.713038,0.716533,0.688624
0.694056,0.675417,0.714637,0.697674,0.703272,0.605304,0.710609,0.727670,0.680017,0.690352
0.685448,0.704152,0.695755,0.696504,0.770326,0.572532,0.686560,0.680652,0.679396,0.704126
0.634253,0.695795,0.738800,0.711550,0.626558,0.643592,0.703543,0.624740,0.710859,0.746250
0.687691,0.670341,0.664828,0.668698,0.809231,0.549766,0.679221,0.701792,0.710393,0.662476
0.724416,0.723618,0.655011,0.710362,0.595174,0.695747,0.737665,0.692113,0.730335,0.714040
0.690867,0.750497,0.652358,0.667611,0.714781,0.540295,0.720917,0.705133,0.714127,0.769239
0.698298,0.679171,0.735525,0.661080,0.561505,0.717246,0.689921,0.671754,0.708763,0.697590
0.753694,0.729252,0.683843,0.621530,0.742866,0.697885,0.669732,0.725363,0.715950,0.705035
0.636037,0.587112,0.713685,0.689089,0.555157,0.681877,0.664813,0.696271,0.692075,0.651120
0.683193,0.703829,0.681291,0.616610,0.786520,0.571483,0.708412,0.694336,0.687309,0.652904
0.698152,0.664467,0.730419,0.681510,0.673813,0.672525,0.708189,0.703103,0.709090,0.668245
0.741975,0.718596,0.659575,0.732344,0.708097,0.741982,0.752158,0.728798,0.741898,0.721118
0.779787,0.709909,0.646116,0.675812,0.587374,0.696193,0.703327,0.692897,0.640981,0.668057
0.635814,0.705988,0.631787,0.644886,0.792096,0.738974,0.636881,0.701270,0.659742,0.681613
0.749274,0.779442,0.736171,0.689476,0.660052,0.674667,0.655778,0.706131,0.682759,0.664073
0.652445,0.750036,0.671677,0.758955,0.796361,0.649779,0.692628,0.700004,0.661528,0.673051
0.695533,0.675564,0.731883,0.664560,0.630434,0.743073,0.700632,0.668865,0.668021,0.705202
0.674069,0.690659,0.690601,0.688657,0.706300,0.535036,0.679209,0.760185,0.732177,0.706653
0.659985,0.674080,0.710866,0.692011,0.662705,0.690313,0.676591,0.691397,0.685502,0.704903
0.706133,0.691511,0.705637,0.660332,0.651706,0.656307,0.747246,0.686422,0.696170,0.708922
0.687236,0.704039,0.679883,0.757969,0.806600,0.776008,0.720909,0.690423,0.710869,0.705863
0.694885,0.675448,0.692414,0.767618,0.515741,0.646125,0.707567,0.692325,0.707354,0.736292
0.687870,0.712106,0.706703,0.696760,0.617442,0.738058,0.661016,0.716735,0.693837,0.668632
0.659669,0.771635,0.706252,0.674077,0.436943,0.734531,0.671769,0.722165,0.559651,0.678654
0.718718,0.715424,0.691366,0.731968,0.703998,0.654838,0.727911,0.716355,0.728304,0.689873
0.706191,0.653335,0.630406,0.606946,0.752734,0.710450,0.629499,0.761664,0.750277,0.714100
0.680963,0.746438,0.618499,0.668911,0.694225,0.575252,0.742885,0.660802,0.694800,0.643179
0.713629,0.724292,0.696697,0.577685,0.723660,0.612550,0.631574,0.713491,0.712116,0.732865
0.715954,0.763228,0.663596,0.627640,0.691782,0.649853,0.619653,0.734191,0.672644,0.699175
0.658696,0.587845,0.707961,0.685949,0.657530,0.640361,0.657179,0.727373,0.723244,0.663418
0.696365,0.685068,0.651341,0.651973,0.619059,0.675020,0.740912,0.727847,0.690245,0.651300
0.734164,0.747180,0.654810,0.709458,0.664220,0.573883,0.665035,0.731472,0.699420,0.679606
0.749909,0.681704,0.730934,0.578422,0.840167,0.760985,0.755745,0.696830,0.697631,0.724610
0.709801,0.725985,0.733216,0.710965,0.700069,0.615196,0.705736,0.703558,0.695554,0.658745
0.697107,0.647023,0.710939,0.680761,0.763249,0.615692,0.681380,0.691059,0.691719,0.684719
0.665003,0.696712,0.733740,0.679488,0.691350,0.588189,0.699936,0.700660,0.682531,0.715836
0.639253,0.673259,0.689683,0.661407,0.712460,0.765334,0.725940,0.641635,0.734287,0.669901
0.696768,0.716051,0.690930,0.698175,0.821256,0.543018,0.740984,0.701928,0.711506,0.700708
0.726959,0.671129,0.741718,0.719812,0.946473,0.785051,0.681054,0.654076,0.730834,0.663907
0.680546,0.652041,0.692434,0.747114,0.783331,0.379064,0.713917,0.718630,0.682586,0.724478
0.704144,0.646269,0.720426,0.666113,0.673603,0.699521,0.732624,0.624866,0.683717,0.687450
0.688289,0.712741,0.581683,0.708101,0.718061,0.709536,0.536140,0.669484,0.670845,0.674182
0.693671,0.811634,0.707035,0.639525,0.737669,0.742006,0.666519,0.720935,0.732696,0.700475
0.720339,0.692269,0.775109,0.665363,0.726184,0.672575,0.770104,0.687851,0.680791,0.708609
0.679425,0.677858,0.729356,0.695872,0.482089,0.614302,0.657164,0.675436,0.727114,0.705125
0.694953,0.688962,0.694102,0.736407,0.676237,0.608165,0.675874,0.678134,0.689535,0.692510
0.713950,0.699499,0.760604,0.666557,0.622970,0.672906,0.757950,0.703197,0.684568,0.683253
0.669293,0.665730,0.685928,0.670524,0.511013,0.654339,0.687568,0.676239,0.681262,0.689355
0.692323,0.686445,0.738663,0.756520,0.755545,0.646100,0.730676,0.707170,0.680391,0.714129
0.709553,0.708230,0.673396,0.685237,0.739395,0.635842,0.677755,0.701720,0.690839,0.683493
0.724855,0.695900,0.721692,0.744597,0.668425,0.652321,0.720498,0.690420,0.655829,0.679115
0.679284,0.686385,0.710961,0.710465,0.524018,0.716484,0.693518,0.731915,0.704442,0.699433
0.702566,0.738254,0.735608,0.670008,0.593490,0.557455,0.630445,0.681962,0.698867,0.629955
0.731176,0.613210,0.642410,0.681979,0.616709,0.741389,0.694302,0.677554,0.747972,0.706042
0.678183,0.681529,0.744740,0.700911,0.661802,0.702859,0.743045,0.655862,0.676019,0.679937
0.732492,0.677317,0.686537,0.758152,0.585500,0.760063,0.684677,0.694623,0.674129,0.702235
0.684968,0.621709,0.699915,0.636190,0.754697,0.632483,0.664903,0.732253,0.699510,0.686883
0.717528,0.668389,0.657119,0.682049,0.525182,0.740905,0.704784,0.686997,0.675766,0.700593
0.677670,0.630255,0.699305,0.659798,0.749452,0.633124,0.662786,0.723156,0.685089,0.711415
0.677234,0.679782,0.650911,0.705313,0.616036,0.659221,0.613972,0.705768,0.715841,0.693220
0.668853,0.677148,0.706736,0.643224,0.731862,0.714858,0.660995,0.688705,0.681543,0.681876
0.671622,0.687981,0.670959,0.707309,0.497728,0.605042,0.746001,0.702401,0.684966,0.728577
0.706714,0.709165,0.668551,0.720420,0.801332,0.601397,0.669884,0.691135,0.661152,0.732884
0.718637,0.724912,0.674653,0.662091,0.584799,0.606418,0.724252,0.733070,0.696608,0.679422
0.688514,0.687937,0.708350,0.696662,0.618233,0.674960,0.711628,0.682617,0.689477,0.690935
0.680964,0.690018,0.679702,0.732989,0.671380,0.721300,0.691343,0.696361,0.705305,0.713849
0.598054,0.638678,0.691843,0.604162,0.861583,0.702106,0.654585,0.710480,0.776043,0.627271
0.695779,0.639954,0.772289,0.716121,0.834088,0.539211,0.738342,0.717201,0.689825,0.703339
0.690445,0.703092,0.683258,0.628745,0.423285,0.701426,0.665634,0.733610,0.712655,0.689304
0.681792,0.675909,0.681565,0.651084,0.630016,0.789407,0.717801,0.673766,0.671307,0.696043
0.693309,0.725999,0.657214,0.671900,0.787936,0.602777,0.668263,0.728374,0.697906,0.695212
0.735076,0.697841,0.693615,0.758093,0.545530,0.675489,0.675463,0.674975,0.703502,0.668430
0.687500,0.737687,0.728960,0.725278,0.797611,0.682140,0.733518,0.674512,0.697754,0.673297
0.696135,0.703641,0.669249,0.712191,0.516881,0.801114,0.701828,0.718025,0.709942,0.746480
0.739995,0.646324,0.695289,0.590184,0.688931,0.678378,0.696963,0.646384,0.778495,0.687382
0.685942,0.679330,0.686264,0.685649,0.662951,0.691894,0.693519,0.697253,0.682673,0.691957
0.700559,0.689586,0.707299,0.691346,0.655772,0.719929,0.704452,0.720231,0.701543,0.692121
0.661684,0.700783,0.692081,0.745167,0.432912,0.687211,0.692281,0.659861,0.729165,0.722371
0.620528,0.656431,0.678786,0.576510,0.916004,0.719379,0.690743,0.645687,0.721138,0.661723
0.717249,0.675447,0.768735,0.679121,0.684223,0.770956,0.646420,0.689260,0.686291,0.680107
0.656715,0.705949,0.807858,0.742838,0.765080,0.609079,0.630213,0.708279,0.746186,0.735499
0.707425,0.640641,0.662772,0.737456,0.639431,0.626534,0.667140,0.677942,0.724963,0.763322
0.702383,0.689445,0.683243,0.667734,0.490794,0.769647,0.685156,0.712054,0.707278,0.755062
0.739227,0.623439,0.704271,0.605560,0.668037,0.765099,0.649279,0.705263,0.727904,0.719760
0.688537,0.660093,0.690414,0.728918,0.563791,0.689340,0.726458,0.624996,0.733950,0.736531
0.691308,0.683923,0.762421,0.668446,0.706128,0.731752,0.763559,0.693267,0.691164,0.688675
0.706455,0.720526,0.670254,0.637824,0.837807,0.756191,0.662753,0.714977,0.786718,0.693368
0.701610,0.689463,0.722056,0.639884,0.795922,0.666987,0.691648,0.709474,0.694678,0.705885
0.689624,0.679803,0.725300,0.694175,0.740104,0.759666,0.707170,0.724072,0.678055,0.721596
0.652647,0.624671,0.594636,0.695424,0.817915,0.678245,0.635451,0.736139,0.670276,0.699732
0.739391,0.701927,0.746433,0.666987,0.568563,0.674454,0.620213,0.678774,0.645135,0.665363
0.684690,0.720065,0.640650,0.684435,0.670658,0.589805,0.583966,0.680949,0.679693,0.705911
0.702221,0.733665,0.705958,0.790068,0.784415,0.683574,0.689645,0.670544,0.712071,0.698220
0.680342,0.660466,0.697590,0.729133,0.745471,0.760983,0.694657,0.686964,0.675465,0.699890
0.688640,0.629219,0.700224,0.734931,0.650847,0.607788,0.707409,0.676313,0.676822,0.682899
0.705310,0.688319,0.675051,0.703615,0.409250,0.681638,0.701929,0.720567,0.714983,0.689168
0.687450,0.589742,0.674963,0.726257,0.556242,0.803202,0.678506,0.708116,0.656269,0.681657
0.708775,0.601127,0.699260,0.640217,0.655056,0.695655,0.643842,0.707175,0.666796,0.672304
0.675422,0.717967,0.602600,0.669521,0.697464,0.717841,0.591407,0.679420,0.663028,0.701579
0.690312,0.700615,0.756316,0.649790,0.637042,0.709404,0.652314,0.691906,0.690944,0.689812
0.715795,0.745070,0.594537,0.769691,0.527156,0.654627,0.648671,0.634188,0.684144,0.717246
0.671581,0.718784,0.708444,0.622175,0.713825,0.671879,0.667329,0.674623,0.678915,0.666030
0.696345,0.700651,0.689224,0.608751,0.530245,0.753369,0.663847,0.687962,0.666916,0.691333
0.701189,0.715443,0.690911,0.702667,0.536834,0.776362,0.709259,0.668362,0.686326,0.710766
0.685239,0.727157,0.627021,0.678558,0.607267,0.691030,0.635559,0.702801,0.662873,0.699213
0.711920,0.621526,0.732599,0.617248,0.600423,0.791652,0.679439,0.769634,0.708301,0.710911
0.631719,0.645791,0.732466,0.631585,0.590289,0.836480,0.609439,0.672605,0.663783,0.690820
0.663805,0.699661,0.656076,0.603411,0.508458,0.832863,0.636057,0.692099,0.696398,0.678987
0.694113,0.733713,0.690527,0.659425,0.467932,0.721716,0.685030,0.670251,0.689947,0.696164
0.673361,0.618980,0.696262,0.671995,0.647029,0.690198,0.645911,0.683825,0.684195,0.680388
0.626143,0.706573,0.702050,0.612645,0.634150,0.588620,0.659965,0.730609,0.738668,0.730594
0.698768,0.706120,0.722770,0.660453,0.659411,0.627051,0.692541,0.685265,0.701345,0.706469
0.703330,0.692774,0.705163,0.731714,0.828120,0.684081,0.691052,0.706487,0.666347,0.733524
0.695167,0.641216,0.671747,0.662740,0.637590,0.691244,0.621814,0.684601,0.682842,0.681033
0.716609,0.658474,0.675981,0.737207,0.722674,0.652646,0.658740,0.654912,0.708536,0.680383
0.705589,0.687640,0.687622,0.752078,0.726264,0.588011,0.717419,0.688066,0.710975,0.713256
0.684223,0.678111,0.662809,0.711296,0.729945,0.736061,0.653748,0.680889,0.686981,0.693688
0.701978,0.687709,0.717391,0.686439,0.775804,0.710683,0.681293,0.682612,0.657435,0.706325
0.668460,0.732205,0.738023,0.642797,0.680586,0.667879,0.662675,0.736994,0.736989,0.736211
0.697049,0.658981,0.760726,0.689797,0.631570,0.825480,0.597257,0.671419,0.702793,0.686080
0.655472,0.696590,0.632256,0.675940,0.806962,0.743153,0.604237,0.655362,0.688629,0.681254
0.757604,0.659911,0.694614,0.681000,0.877359,0.675219,0.693916,0.621991,0.771116,0.692228
0.689929,0.653386,0.639428,0.739655,0.829937,0.733847,0.584836,0.719253,0.671404,0.699577
0.623517,0.693162,0.686434,0.593782,0.640817,0.563388,0.683576,0.721727,0.675983,0.700735
0.658336,0.719486,0.736896,0.745066,0.681658,0.720006,0.748392,0.695996,0.687698,0.705961
0.722677,0.680421,0.713131,0.726547,0.790451,0.629100,0.723712,0.706412,0.727520,0.732125
0.711249,0.746682,0.692141,0.698396,0.727086,0.674549,0.688504,0.711809,0.742814,0.702565
0.655168,0.651883,0.668643,0.671542,0.600546,0.619185,0.709689,0.631985,0.699498,0.691779
0.652706,0.597246,0.743052,0.670323,0.728379,0.709618,0.763795,0.715399,0.625268,0.686654
0.716413,0.647737,0.713037,0.495278,0.857782,0.671251,0.677287,0.671519,0.758602,0.685312
0.712024,0.743989,0.645557,0.743833,0.608475,0.751852,0.700798,0.664278,0.683175,0.743817
0.718067,0.679956,0.705804,0.692744,0.695318,0.678216,0.769557,0.682211,0.700150,0.736021
0.746671,0.764335,0.726314,0.599207,0.871188,0.770615,0.692580,0.655841,0.707971,0.704063
0.688558,0.735151,0.700274,0.622990,0.748958,0.561385,0.685503,0.734354,0.697518,0.711280
0.734623,0.666488,0.652195,0.749967,0.830773,0.683735,0.640716,0.681104,0.688874,0.741005
0.684692,0.687608,0.701444,0.781791,0.918404,0.639929,0.721524,0.687792,0.694400,0.694327
0.694878,0.669577,0.704207,0.695212,0.645211,0.720663,0.644516,0.721364,0.722036,0.693672
0.707582,0.723204,0.756665,0.666304,0.859321,0.768618,0.645467,0.602519,0.650049,0.681879
0.659342,0.680652,0.594779,0.719999,0.463753,0.644175,0.761914,0.705627,0.657643,0.741756
0.666871,0.642404,0.670685,0.725041,0.550888,0.661517,0.697719,0.732510,0.688382,0.708460
0.696965,0.676676,0.754954,0.775333,0.565736,0.751509,0.711890,0.737411,0.692374,0.686311
0.686884,0.704052,0.640650,0.709928,0.686683,0.713059,0.633764,0.688933,0.683619,0.690454
0.670607,0.724765,0.682510,0.769742,0.727396,0.602037,0.689829,0.647381,0.729147,0.670321
0.693236,0.705654,0.741089,0.718892,0.716544,0.751022,0.755759,0.697290,0.697275,0.704495
0.655009,0.703426,0.662829,0.833732,0.508560,0.773768,0.717690,0.713346,0.750419,0.663428
0.690428,0.739200,0.683921,0.714814,0.629955,0.603577,0.645305,0.669320,0.649460,0.706059
0.679323,0.750497,0.676941,0.604054,0.676582,0.705349,0.678021,0.666728,0.711394,0.716046
0.657994,0.697412,0.711179,0.743182,0.861727,0.713775,0.722135,0.713453,0.709098,0.689324
0.678680,0.728512,0.608701,0.723853,0.560192,0.618033,0.654951,0.642203,0.682961,0.640479
0.703575,0.719661,0.687676,0.734551,0.786169,0.531685,0.768427,0.712797,0.691267,0.691881
0.709461,0.682558,0.743328,0.665421,0.676073,0.773834,0.792052,0.679917,0.647649,0.687544
0.694128,0.664173,0.770067,0.701838,0.631312,0.845608,0.723285,0.735341,0.659431,0.697719
0.759248,0.645613,0.656597,0.655425,0.688539,0.731661,0.679346,0.713578,0.663032,0.706537
0.622298,0.693742,0.656383,0.722020,0.847280,0.666784,0.694621,0.638369,0.678672,0.683585
0.685122,0.695686,0.692800,0.658870,0.775064,0.775848,0.706291,0.656826,0.688090,0.706147
0.723015,0.768705,0.621807,0.617661,0.685766,0.745658,0.675709,0.695676,0.634910,0.726856
0.732073,0.691257,0.733542,0.722591,0.709314,0.728069,0.723557,0.739484,0.713882,0.692337
0.754752,0.648229,0.680757,0.800298,0.634147,0.638193,0.708114,0.680556,0.689738,0.708418
0.670028,0.698162,0.612342,0.713779,0.410613,0.710005,0.739531,0.692602,0.722763,0.641987
0.693169,0.690827,0.663316,0.704442,0.720675,0.586989,0.709712,0.727383,0.638416,0.689780
0.717224,0.694821,0.679197,0.703519,0.651097,0.700815,0.680156,0.729590,0.776989,0.667621
0.671452,0.730680,0.685407,0.701045,0.625656,0.672872,0.719131,0.665090,0.732124,0.737693
0.683871,0.710791,0.586885,0.737360,0.713897,0.729500,0.580353,0.702444,0.696486,0.691541
0.728164,0.688832,0.691682,0.684947,0.771135,0.594577,0.628263,0.692103,0.721837,0.679928
0.719950,0.732317,0.681769,0.715704,0.491971,0.686456,0.731203,0.654863,0.676414,0.694842
0.691098,0.663575,0.725598,0.680266,0.771677,0.708500,0.678261,0.739415,0.657106,0.696564
0.705197,0.670969,0.685271,0.646089,0.633562,0.566877,0.727675,0.717617,0.691581,0.679309
0.714169,0.658871,0.705109,0.645814,0.678144,0.701599,0.719568,0.663290,0.744577,0.707721
0.698079,0.710059,0.834107,0.645117,0.738356,0.553007,0.624136,0.647911,0.663205,0.734289
0.722355,0.682986,0.615698,0.747986,0.554256,0.692281,0.709945,0.688832,0.692860,0.659198
0.694191,0.666881,0.697373,0.654051,0.799353,0.716974,0.707775,0.622766,0.677743,0.713042
0.678944,0.738310,0.693495,0.655773,0.683150,0.708507,0.726368,0.699809,0.704377,0.713337
0.672779,0.711594,0.683337,0.665339,0.903242,0.818874,0.648214,0.755502,0.642611,0.670132
0.651276,0.714262,0.763569,0.688172,0.952273,0.816568,0.679263,0.698344,0.688653,0.668583
0.642186,0.713844,0.759172,0.612172,0.741900,0.712504,0.670849,0.756462,0.697899,0.675324
0.660797,0.714029,0.667895,0.688027,0.803829,0.620159,0.703843,0.617314,0.762699,0.685102
0.640124,0.709591,0.688725,0.712681,0.889385,0.687685,0.726852,0.682976,0.686916,0.685660
0.674817,0.681677,0.675444,0.778193,0.904237,0.754988,0.756575,0.675256,0.741772,0.671717
0.697814,0.678882,0.666926,0.700013,0.974615,0.807113,0.731107,0.739146,0.661988,0.750287
0.693419,0.713883,0.724063,0.684527,0.663769,0.645606,0.731693,0.689950,0.700401,0.707931
0.658646,0.656486,0.682031,0.615349,0.500360,0.661345,0.687982,0.731842,0.698437,0.671156
0.608888,0.739275,0.765888,0.618587,0.739297,0.622329,0.698315,0.699037,0.714498,0.678886
0.692300,0.683316,0.714931,0.682822,0.614479,0.710959,0.706342,0.692369,0.691189,0.685657
0.724046,0.757935,0.632863,0.602826,0.599376,0.636215,0.651956,0.695851,0.653024,0.677647
0.726693,0.662891,0.693668,0.724437,0.808884,0.623150,0.691762,0.554944,0.733299,0.674499
0.701719,0.694465,0.705342,0.659168,0.483147,0.774600,0.720466,0.679451,0.705757,0.687836
0.717899,0.652908,0.671781,0.672012,0.590366,0.751319,0.687128,0.679279,0.729321,0.687421
0.668634,0.640792,0.684335,0.731676,0.795553,0.536253,0.726119,0.681368,0.711903,0.693949
0.726819,0.676452,0.664913,0.686541,0.476095,0.676477,0.706844,0.732132,0.596235,0.655955
0.708651,0.668635,0.721528,0.630130,0.750654,0.644265,0.756427,0.744064,0.694114,0.658306
0.697837,0.687434,0.712100,0.710332,0.723236,0.734366,0.721796,0.701098,0.691960,0.684675
0.666855,0.692119,0.705602,0.703404,0.823970,0.457581,0.711705,0.673397,0.684478,0.715647
0.722122,0.690125,0.678413,0.709172,0.720415,0.512477,0.702764,0.691799,0.736038,0.704874
0.766352,0.662805,0.634721,0.691841,0.587965,0.708041,0.695489,0.692927,0.715776,0.645244
0.697583,0.674259,0.666464,0.639980,0.689368,0.657320,0.656539,0.720097,0.716615,0.683501
0.682069,0.712825,0.683084,0.594058,0.746655,0.719257,0.742527,0.658813,0.725052,0.686119
0.708060,0.716653,0.680867,0.717886,0.741135,0.741107,0.671936,0.693923,0.712394,0.695003
0.680280,0.663845,0.710808,0.709116,0.647789,0.704586,0.704467,0.663634,0.678744,0.657266
0.696738,0.676082,0.707613,0.768102,0.957703,0.748118,0.708325,0.714815,0.697385,0.690899
0.689507,0.646299,0.696153,0.712523,0.638821,0.585351,0.699204,0.684088,0.671479,0.647477
0.710630,0.667173,0.671638,0.620861,0.795763,0.673065,0.730233,0.727144,0.679363,0.656613
0.700254,0.666636,0.702834,0.775053,0.540681,0.646978,0.709484,0.728815,0.700949,0.722133
0.699984,0.694636,0.666695,0.600746,0.686499,0.676342,0.684196,0.606430,0.704096,0.689756
0.684026,0.685628,0.654651,0.716792,0.736961,0.628951,0.635444,0.707127,0.681957,0.695529
0.688512,0.637913,0.665963,0.706237,0.781144,0.723856,0.627444,0.711248,0.716964,0.685243
0.663721,0.722813,0.682799,0.659394,0.766693,0.630171,0.690205,0.672734,0.711637,0.674640
0.561210,0.709754,0.601744,0.739496,0.756850,0.668066,0.725176,0.690218,0.699757,0.682993
0.686372,0.615123,0.681365,0.651143,0.454368,0.713557,0.665183,0.704495,0.742865,0.658551
0.710920,0.688887,0.702557,0.752641,0.769681,0.716226,0.744239,0.729476,0.656476,0.706507
0.709915,0.670980,0.685150,0.668393,0.595942,0.755777,0.703902,0.702491,0.689531,0.703371
0.678715,0.709264,0.708637,0.656477,0.727487,0.719847,0.656724,0.713482,0.696087,0.672014
0.684007,0.684064,0.764041,0.787443,0.803375,0.785177,0.739995,0.740150,0.658409,0.693312
0.670761,0.639057,0.641213,0.691242,0.802753,0.673451,0.681454,0.726638,0.665292,0.693790
0.694821,0.687384,0.653183,0.659437,0.611392,0.601861,0.644057,0.615181,0.697396,0.694482
0.649160,0.676358,0.664675,0.674864,0.907808,0.733257,0.712615,0.603916,0.708717,0.733802
0.683462,0.688853,0.737071,0.745867,0.589293,0.604706,0.726443,0.685921,0.701668,0.693508
0.711127,0.670062,0.701184,0.718504,0.750584,0.733319,0.680544,0.676080,0.675775,0.677595
0.694969,0.649614,0.695387,0.687689,0.779186,0.610374,0.703718,0.686059,0.714692,0.695665
0.642025,0.723144,0.714268,0.740866,0.782329,0.725863,0.738845,0.670615,0.669148,0.672852
0.678216,0.670068,0.712757,0.638716,0.626696,0.713857,0.715766,0.723961,0.701844,0.684307
0.673857,0.719843,0.645006,0.780223,0.748128,0.694975,0.623892,0.620130,0.681357,0.658670
0.764373,0.734068,0.605305,0.764041,0.736656,0.644338,0.742335,0.714262,0.630600,0.697659
0.745181,0.691835,0.740028,0.705774,0.597173,0.760275,0.689400,0.769185,0.656865,0.729674
0.698551,0.634423,0.759092,0.670182,0.669008,0.697487,0.723057,0.669314,0.656257,0.671542
0.737527,0.675191,0.703800,0.619340,0.723429,0.758661,0.703901,0.751683,0.722650,0.725059
0.698052,0.757835,0.645574,0.684958,0.734275,0.668393,0.667389,0.707491,0.693139,0.677880
0.666742,0.677976,0.653789,0.698359,0.700721,0.737750,0.726743,0.630072,0.702965,0.725930
0.701360,0.735010,0.694759,0.753260,0.755374,0.633547,0.692542,0.691293,0.694354,0.687053
0.680025,0.690791,0.686771,0.709024,0.735473,0.718829,0.680313,0.700116,0.687323,0.689614
0.714417,0.753558,0.696529,0.669605,0.511672,0.654833,0.710782,0.711106,0.722530,0.663095
0.691064,0.667086,0.710352,0.698870,0.498545,0.627343,0.723494,0.706135,0.694720,0.693618
0.685672,0.682491,0.689970,0.711839,0.629152,0.537600,0.671267,0.643531,0.702452,0.731539
0.703230,0.728928,0.673037,0.757794,0.734290,0.664965,0.643043,0.675521,0.675035,0.680210
0.680702,0.652221,0.669864,0.681969,0.772794,0.675143,0.667221,0.716914,0.662351,0.696590
0.692463,0.736409,0.663368,0.719345,0.767674,0.654202,0.741706,0.663630,0.728306,0.685926
0.637755,0.747166,0.630676,0.661617,0.802560,0.659848,0.681396,0.635343,0.665593,0.666062
0.700592,0.702432,0.689507,0.689078,0.614687,0.687710,0.667533,0.710789,0.699506,0.700467
0.702572,0.675207,0.733165,0.660505,0.571562,0.713716,0.767972,0.717930,0.691672,0.680755
0.717267,0.676681,0.686190,0.714084,0.732187,0.697307,0.700631,0.715449,0.708477,0.686503
0.653923,0.750442,0.741634,0.681792,0.767544,0.592914,0.710833,0.661572,0.696936,0.699506
0.712359,0.695578,0.683024,0.659181,0.562548,0.648941,0.665541,0.718737,0.716561,0.689650
0.689323,0.720053,0.683722,0.706183,0.805528,0.663032,0.633752,0.741857,0.660459,0.712123
0.707554,0.682619,0.749063,0.699078,0.588362,0.723665,0.621795,0.706701,0.648332,0.728273
0.768979,0.648471,0.823076,0.776719,0.677402,0.751582,0.559620,0.738922,0.695270,0.679739
0.679322,0.700604,0.709732,0.658972,0.652308,0.681259,0.705620,0.696245,0.683020,0.691811
0.675382,0.662381,0.737575,0.721010,0.537685,0.640761,0.609835,0.688923,0.739987,0.751627
0.695123,0.705291,0.701470,0.690058,0.583350,0.724811,0.740308,0.699145,0.727834,0.691444
0.708607,0.665511,0.710350,0.649970,0.564763,0.687752,0.726344,0.673393,0.671672,0.722389
0.672453,0.761360,0.733878,0.787147,0.682222,0.705535,0.680449,0.699574,0.642577,0.671993
0.728629,0.706342,0.706940,0.713693,0.657352,0.646212,0.621168,0.688593,0.701328,0.640343
0.673637,0.760764,0.694852,0.640922,0.746183,0.543938,0.690562,0.735877,0.648973,0.704957
0.633612,0.741571,0.647542,0.719799,0.521618,0.747261,0.738711,0.692832,0.710964,0.718582
0.734294,0.723191,0.683973,0.690923,0.715247,0.493229,0.699663,0.710671,0.662816,0.692302
0.677000,0.661020,0.689846,0.621185,0.734797,0.550669,0.742665,0.634120,0.686953,0.623875
0.721024,0.675535,0.615417,0.700039,0.642254,0.659177,0.739283,0.723552,0.689858,0.678594
0.687421,0.781046,0.739547,0.675142,0.911405,0.810554,0.665521,0.689792,0.727386,0.669225
0.701120,0.678847,0.696696,0.693710,0.872475,0.611101,0.656679,0.698730,0.714205,0.686293
0.698152,0.679457,0.711074,0.653889,0.826630,0.698901,0.710791,0.693873,0.676894,0.668349
0.770819,0.702126,0.700453,0.646438,0.702581,0.660179,0.700066,0.703474,0.696047,0.732328
0.721847,0.696019,0.708929,0.703686,0.573192,0.635455,0.701465,0.678436,0.729092,0.708596
0.690817,0.685556,0.707466,0.684398,0.636180,0.698013,0.691897,0.695816,0.696722,0.694384
0.697269,0.676623,0.751912,0.740273,0.801974,0.603043,0.660669,0.659113,0.701537,0.691682
0.677765,0.659481,0.708186,0.719691,0.642927,0.735067,0.716356,0.632259,0.650114,0.655025
0.711498,0.756292,0.722523,0.740106,0.771463,0.675359,0.714516,0.687585,0.700010,0.707881
0.658165,0.688495,0.631190,0.585990,0.304877,0.675843,0.687577,0.687592,0.697592,0.690610
0.707893,0.669984,0.681047,0.689682,0.656849,0.600943,0.692526,0.696424,0.711277,0.671267
0.675398,0.688082,0.704100,0.694625,0.494444,0.662264,0.645278,0.658344,0.710603,0.719709
0.680719,0.675467,0.746487,0.602224,0.768141,0.798307,0.737008,0.686189,0.691283,0.707993
0.725131,0.682814,0.654471,0.636302,0.703570,0.697570,0.760107,0.718231,0.672898,0.683343
0.674518,0.729195,0.743375,0.725860,0.621894,0.716062,0.798181,0.688903,0.710926,0.719858
0.678635,0.674115,0.701417,0.672464,0.733510,0.677044,0.736988,0.680743,0.710249,0.694071
0.728946,0.712711,0.614412,0.758302,0.860036,0.846190,0.698843,0.648943,0.723910,0.700106
0.707040,0.653564,0.699738,0.726256,0.623917,0.724600,0.713171,0.680924,0.700230,0.689480
0.809590,0.708968,0.736762,0.788826,0.556637,0.809052,0.649020,0.732763,0.634298,0.753029
0.687767,0.699255,0.738686,0.665267,0.589484,0.713701,0.715535,0.679418,0.665074,0.686969
0.635766,0.741451,0.738611,0.708874,0.929057,0.844208,0.682016,0.685750,0.736147,0.720641
0.649322,0.741678,0.765052,0.829385,0.511524,0.720546,0.616930,0.541486,0.715616,0.723280
0.674326,0.666713,0.706934,0.710855,0.702214,0.652048,0.681109,0.670572,0.679861,0.706511
0.712317,0.674777,0.667407,0.707715,0.647029,0.595535,0.675603,0.724502,0.691167,0.767071
0.714785,0.681626,0.678906,0.676894,0.639989,0.718725,0.703139,0.661670,0.726622,0.697234
0.746295,0.611509,0.744898,0.720223,0.829282,0.613581,0.686678,0.734074,0.738857,0.735224
0.769367,0.700053,0.709333,0.733338,0.904198,0.688709,0.689117,0.669291,0.713421,0.693056
0.695877,0.698583,0.743757,0.720766,0.766485,0.676625,0.714911,0.648400,0.672614,0.715686
0.726853,0.683674,0.677601,0.693927,0.660111,0.569010,0.734930,0.630866,0.660896,0.661479
0.756837,0.711551,0.645748,0.580689,0.623392,0.588700,0.757955,0.657937,0.687554,0.735267
0.708387,0.674397,0.721337,0.541931,0.683256,0.694886,0.718317,0.699437,0.759835,0.691277
0.653610,0.733900,0.714799,0.714795,0.546830,0.715864,0.630429,0.638488,0.681738,0.694759
0.667657,0.709116,0.732879,0.669814,0.682993,0.660080,0.762205,0.669191,0.641399,0.714046
0.688891,0.750441,0.667656,0.699242,0.612610,0.686171,0.629460,0.666964,0.666458,0.695355
0.675354,0.721954,0.704347,0.642517,0.793836,0.570910,0.695948,0.721413,0.684416,0.682553
0.694943,0.681150,0.680900,0.765614,0.634501,0.540881,0.661179,0.678458,0.665363,0.656611
0.691508,0.738768,0.678430,0.643079,0.805681,0.707072,0.636024,0.746968,0.654227,0.696836
0.608483,0.668347,0.667929,0.768394,0.626568,0.612820,0.627814,0.681146,0.667791,0.723269
0.667920,0.696688,0.676080,0.679109,0.634865,0.705332,0.701020,0.668131,0.708516,0.681127
0.687425,0.695054,0.643154,0.671956,0.678578,0.608756,0.704704,0.670879,0.758352,0.696861
0.707490,0.651515,0.649993,0.701215,0.504913,0.750545,0.716210,0.660078,0.654311,0.685761
0.698324,0.650436,0.689977,0.733044,0.766093,0.681185,0.633804,0.675214,0.739322,0.665303
0.709963,0.635742,0.762656,0.680219,0.697141,0.763073,0.616336,0.755607,0.702134,0.664149
0.732841,0.707620,0.700902,0.635835,0.651927,0.697671,0.680837,0.726986,0.733643,0.702633
0.747001,0.695466,0.657587,0.778578,0.686205,0.687907,0.714532,0.605498,0.686414,0.617468
0.677148,0.738941,0.743410,0.665881,0.695359,0.525645,0.682472,0.735063,0.740227,0.669002
0.690554,0.694941,0.739642,0.681692,0.673990,0.745253,0.720864,0.706971,0.686421,0.694145
0.704401,0.665472,0.667736,0.630103,0.538253,0.677444,0.728631,0.712151,0.682039,0.726011
0.679146,0.649186,0.639846,0.591707,0.471741,0.727515,0.659606,0.746286,0.689076,0.731041
0.676720,0.667877,0.735818,0.621606,0.641309,0.745714,0.707947,0.680021,0.680629,0.698049
0.737196,0.690896,0.698495,0.682274,0.811896,0.761581,0.690236,0.662022,0.689743,0.696055
0.677693,0.677130,0.728902,0.730939,0.894506,0.609431,0.715409,0.730127,0.660417,0.683444
0.668737,0.633080,0.702996,0.697174,0.674694,0.693698,0.702879,0.708222,0.688904,0.619389
0.713474,0.692683,0.725550,0.718999,0.632800,0.830703,0.655423,0.631686,0.686430,0.682975
0.657553,0.682578,0.666311,0.759886,0.839074,0.627662,0.745189,0.761617,0.681079,0.710525
0.640125,0.626817,0.673863,0.695381,0.632966,0.673641,0.725808,0.721046,0.670726,0.697965
0.690967,0.692959,0.717163,0.767120,0.675691,0.721533,0.682615,0.756203,0.681336,0.704220
0.707875,0.669472,0.701700,0.642813,0.528172,0.796599,0.677545,0.747788,0.670451,0.722221
0.670782,0.710294,0.702328,0.659357,0.561013,0.661062,0.685342,0.699472,0.673400,0.680783
0.674776,0.698459,0.706828,0.709258,0.882757,0.658828,0.699737,0.724227,0.699232,0.678435
0.704197,0.687911,0.708081,0.731533,0.659333,0.870099,0.643339,0.729243,0.703474,0.697886
0.689672,0.666458,0.687003,0.660719,0.727282,0.690163,0.702169,0.687855,0.710282,0.693844
0.691965,0.625741,0.692576,0.634779,0.848752,0.726937,0.694773,0.716315,0.676973,0.708579
0.697226,0.706497,0.699422,0.688726,0.684163,0.752910,0.668523,0.692699,0.695551,0.696192
0.666238,0.709422,0.624992,0.673553,0.578134,0.775040,0.699650,0.765414,0.745026,0.749225
0.698015,0.695535,0.680058,0.704611,0.746265,0.641785,0.684131,0.720144,0.688114,0.699031
0.691219,0.637365,0.710883,0.716136,0.606382,0.695980,0.622446,0.712826,0.723098,0.619935
0.702268,0.704709,0.764064,0.708361,0.675599,0.737860,0.725853,0.703787,0.683458,0.671734
0.679658,0.695900,0.714922,0.688784,0.649296,0.727888,0.753667,0.692971,0.688605,0.715828
0.734064,0.635672,0.721141,0.724571,0.926853,0.665500,0.684827,0.652133,0.709797,0.699395
0.651148,0.696559,0.672583,0.701579,0.754317,0.628782,0.758169,0.670923,0.745644,0.691898
0.733701,0.693900,0.729970,0.715567,0.844145,0.806590,0.714590,0.660716,0.723886,0.681681
0.710771,0.684081,0.725450,0.649009,0.811767,0.632827,0.645502,0.645611,0.790244,0.715581
0.684748,0.618400,0.661391,0.690239,0.563301,0.704045,0.687842,0.666787,0.688746,0.665242
0.689400,0.697213,0.621194,0.790723,0.830739,0.652600,0.617562,0.674712,0.694968,0.695958
0.707190,0.736400,0.731110,0.773057,0.858185,0.615824,0.706200,0.702060,0.732994,0.689279
0.664922,0.651886,0.662511,0.728914,0.655752,0.531232,0.676621,0.680461,0.665580,0.706063
0.759984,0.688365,0.690503,0.660689,0.788951,0.740210,0.654627,0.767331,0.760472,0.723944
0.661499,0.687430,0.706877,0.648826,0.536650,0.680145,0.682049,0.678160,0.669480,0.697123
0.691375,0.659936,0.770273,0.671744,0.669894,0.636967,0.716507,0.728437,0.677117,0.683963
0.712577,0.694109,0.714405,0.614280,0.768762,0.619690,0.662539,0.730445,0.713458,0.723547
0.676618,0.672928,0.718743,0.702051,0.663451,0.676818,0.669133,0.712696,0.717692,0.701913
0.702519,0.719492,0.664366,0.706111,0.627220,0.619036,0.686474,0.722416,0.726930,0.682221
0.711172,0.727935,0.680977,0.682724,0.797961,0.928235,0.707685,0.617497,0.683269,0.648370
0.722695,0.683333,0.713498,0.707421,0.653784,0.695530,0.666417,0.707538,0.706397,0.569068
0.703812,0.704646,0.670495,0.705480,0.716141,0.646410,0.627606,0.626441,0.631100,0.733226
0.710456,0.707444,0.690314,0.694869,0.623478,0.741482,0.706286,0.683484,0.664346,0.694991
0.658897,0.719833,0.701689,0.744577,0.754381,0.651973,0.714739,0.636355,0.704859,0.699861
0.664849,0.636540,0.650870,0.805551,0.572789,0.706510,0.749122,0.730006,0.753335,0.717207
0.703521,0.717873,0.670237,0.767106,0.571191,0.677191,0.621560,0.663744,0.711486,0.662852
0.725186,0.685662,0.664143,0.598765,0.534507,0.658231,0.697966,0.694318,0.700853,0.666104
0.685608,0.710984,0.695193,0.695451,0.754319,0.672889,0.728474,0.697767,0.680446,0.684656
0.702002,0.713687,0.674971,0.638086,0.623882,0.542412,0.711535,0.640843,0.662569,0.668857
0.708693,0.736161,0.724610,0.741309,0.708010,0.587209,0.652353,0.690919,0.678279,0.704709
0.684030,0.654704,0.729356,0.694395,0.365869,0.679527,0.627751,0.695605,0.697632,0.628549
0.664096,0.772993,0.672910,0.670350,0.673807,0.722279,0.716503,0.669679,0.667161,0.694683
0.596317,0.677833,0.731083,0.676794,0.695816,0.590310,0.695602,0.672739,0.715114,0.736630
0.700251,0.626681,0.677047,0.657629,0.733199,0.740183,0.674718,0.623188,0.639425,0.691637
0.682072,0.670029,0.651546,0.676566,0.259927,0.620588,0.700550,0.694666,0.656304,0.725100
0.682949,0.688367,0.694935,0.596969,0.672684,0.827454,0.669465,0.615902,0.713913,0.714361
0.685653,0.665478,0.685004,0.727428,0.569374,0.766582,0.711138,0.658575,0.689049,0.681499
0.672986,0.674304,0.795973,0.674260,0.761670,0.714418,0.733848,0.712015,0.710891,0.690367
0.635471,0.749281,0.673816,0.575190,0.741686,0.672232,0.686179,0.690393,0.691671,0.708720
0.668660,0.678132,0.714581,0.672893,0.553489,0.696406,0.708215,0.707667,0.662383,0.690929
0.692810,0.721186,0.714249,0.739187,0.833679,0.768676,0.693065,0.701683,0.692542,0.692437
0.673338,0.641709,0.747202,0.689518,0.588854,0.636710,0.696452,0.707541,0.712845,0.642932
0.664996,0.725111,0.730680,0.685559,0.730110,0.640517,0.679181,0.720016,0.750879,0.653444
0.656385,0.745815,0.671078,0.599106,0.716020,0.743154,0.689730,0.640142,0.674275,0.652274
0.656093,0.731063,0.672134,0.728789,0.744704,0.704013,0.642168,0.715681,0.658006,0.662075
0.635343,0.678387,0.696526,0.647780,0.662953,0.598532,0.664539,0.741431,0.655964,0.670663
0.668750,0.724568,0.680784,0.659987,0.812577,0.702089,0.644896,0.677151,0.671078,0.651402
0.729573,0.682728,0.706361,0.681642,0.545437,0.712457,0.728497,0.716200,0.708813,0.677457
0.657914,0.767099,0.664488,0.732918,0.795687,0.549858,0.739233,0.693294,0.684375,0.742340
0.682510,0.685434,0.704685,0.767891,0.610852,0.679686,0.647753,0.652516,0.692966,0.692494
0.687604,0.665885,0.683833,0.732568,0.715712,0.774800,0.674215,0.713815,0.690107,0.684698
0.678858,0.658894,0.733143,0.769780,0.706664,0.646641,0.700526,0.765772,0.709339,0.650718
0.712777,0.682672,0.688113,0.741261,0.786807,0.739268,0.694161,0.712093,0.723716,0.709475
0.684731,0.649757,0.586324,0.708355,0.751035,0.611325,0.595803,0.750251,0.666360,0.648802
0.713951,0.702254,0.742445,0.707606,0.565868,0.742593,0.739338,0.720070,0.725442,0.659336
0.621393,0.672226,0.713663,0.618845,0.867501,0.763921,0.656892,0.683080,0.724777,0.662065
0.697411,0.692463,0.753653,0.722966,0.682847,0.653068,0.728263,0.675403,0.679036,0.678524
0.676839,0.697410,0.689440,0.663414,0.629666,0.560152,0.664747,0.702912,0.699289,0.690271
0.677630,0.726000,0.692056,0.622492,0.660693,0.739522,0.711863,0.675478,0.681658,0.719889
0.710916,0.711685,0.691726,0.717580,0.547788,0.677617,0.680743,0.757859,0.653882,0.690449
0.730438,0.668035,0.680488,0.679337,0.790154,0.649541,0.702659,0.718960,0.671282,0.685720
0.704697,0.653861,0.679829,0.636539,0.670025,0.666832,0.728331,0.724984,0.687187,0.673729
0.694626,0.700388,0.729091,0.800982,0.735777,0.755064,0.762972,0.724210,0.678733,0.697598
0.627204,0.730702,0.689277,0.666788,0.628733,0.658869,0.681685,0.692112,0.735700,0.714904
0.690543,0.724160,0.712549,0.744489,0.771170,0.690108,0.690035,0.714400,0.702212,0.720296
0.706922,0.656512,0.653237,0.744269,0.739284,0.661043,0.664972,0.693896,0.711250,0.722141
0.681997,0.699011,0.715140,0.555429,0.790321,0.751585,0.678677,0.744621,0.654807,0.700869
0.657015,0.634463,0.707518,0.664696,0.746272,0.808685,0.738930,0.648634,0.694226,0.726131
0.620956,0.707500,0.633386,0.614962,0.906159,0.775141,0.728145,0.679188,0.705634,0.741265
0.746211,0.699938,0.683946,0.670057,0.815558,0.755739,0.693827,0.659747,0.746052,0.695190
0.696118,0.708790,0.719680,0.636812,0.645560,0.664619,0.667549,0.710135,0.707808,0.687274
0.691469,0.671932,0.686229,0.730668,0.517268,0.706127,0.650511,0.661879,0.703850,0.699630
0.664621,0.724065,0.710902,0.670908,0.626826,0.787866,0.681496,0.734121,0.696799,0.708353
0.717093,0.725180,0.669301,0.644616,0.759564,0.551793,0.697650,0.724641,0.660752,0.701119
0.724331,0.667551,0.548319,0.749160,0.762252,0.775835,0.629644,0.722473,0.694407,0.686663
0.689784,0.644792,0.733935,0.653846,0.562579,0.792964,0.705819,0.654874,0.751095,0.668607
0.759924,0.673079,0.742679,0.702143,0.668660,0.640321,0.693419,0.596529,0.661898,0.669368
0.685917,0.660674,0.722023,0.543839,0.786036,0.634984,0.700547,0.731514,0.772999,0.684844
0.669606,0.710114,0.659696,0.724837,0.721585,0.742556,0.733577,0.698767,0.714524,0.701708
0.729597,0.685435,0.703089,0.718901,0.866759,0.622191,0.712883,0.686076,0.723511,0.707683
0.660518,0.700898,0.709156,0.682355,0.703407,0.843963,0.686652,0.655934,0.712141,0.706795
0.682101,0.640723,0.694503,0.715319,0.775783,0.668435,0.648279,0.651905,0.651166,0.657570
0.744046,0.714771,0.704329,0.692917,0.606957,0.796597,0.683622,0.790190,0.685059,0.733906
0.674230,0.744429,0.640454,0.617987,0.834282,0.778049,0.721295,0.697976,0.693588,0.751907
0.683919,0.708329,0.763864,0.711743,0.611551,0.687365,0.657002,0.683045,0.684143,0.667422
0.674981,0.692119,0.694953,0.696264,0.757795,0.769048,0.682797,0.690410,0.719964,0.685758
0.658417,0.697020,0.722704,0.721599,0.706467,0.707712,0.671774,0.674460,0.724814,0.689631
0.678617,0.667681,0.723927,0.763780,0.513136,0.642089,0.645459,0.710142,0.701960,0.652047
0.714739,0.600078,0.709369,0.745826,0.696809,0.758227,0.626990,0.679882,0.722872,0.708665
0.690895,0.706784,0.693372,0.737731,0.784837,0.699637,0.707941,0.662574,0.699866,0.693781
0.698314,0.640050,0.680502,0.750351,0.629853,0.627690,0.693911,0.699369,0.673233,0.709007
0.701185,0.685417,0.705164,0.739075,0.647248,0.782495,0.702867,0.701861,0.695322,0.685525
0.651868,0.729639,0.711946,0.741732,0.880785,0.646557,0.712611,0.737879,0.672588,0.701511
0.692599,0.693993,0.713272,0.629183,0.583857,0.685985,0.624183,0.669214,0.661818,0.727066
0.671527,0.743186,0.671853,0.708509,0.523525,0.665042,0.684069,0.691336,0.670786,0.692561
0.677637,0.672415,0.737105,0.754607,0.949388,0.812190,0.659909,0.705720,0.681477,0.712434
0.677730,0.703168,0.653957,0.610954,0.743666,0.686681,0.698930,0.694418,0.738808,0.736414
0.680817,0.742509,0.719738,0.677373,0.700163,0.735898,0.682105,0.697212,0.663606,0.661999
0.671961,0.687138,0.740969,0.698771,0.665347,0.678878,0.767209,0.729268,0.704437,0.700136
0.692358,0.685997,0.644723,0.688607,0.529444,0.689130,0.669410,0.713993,0.673274,0.712180
0.733165,0.705925,0.697327,0.738335,0.676190,0.696561,0.658741,0.657550,0.732518,0.702611
0.591058,0.729584,0.724099,0.826786,0.430348,0.666839,0.642247,0.636337,0.766012,0.686837
0.714980,0.742390,0.686859,0.675100,0.844814,0.761132,0.662582,0.668033,0.637314,0.723130
0.705401,0.689124,0.680612,0.677069,0.554975,0.653123,0.662203,0.676154,0.685697,0.697885
0.712929,0.694909,0.785026,0.672426,0.625617,0.720112,0.784569,0.708611,0.726586,0.685468
0.677935,0.695392,0.648729,0.597562,0.709215,0.604551,0.743109,0.692761,0.761040,0.654137
0.688757,0.691958,0.750057,0.698363,0.650045,0.702095,0.737663,0.687589,0.692346,0.688835
0.677375,0.677184,0.680399,0.831215,0.562435,0.687804,0.725923,0.706452,0.758425,0.708722
0.789031,0.671884,0.687007,0.738166,0.553926,0.689229,0.556567,0.695848,0.707453,0.679989
0.703302,0.662666,0.620440,0.729173,0.635812,0.712590,0.582513,0.687549,0.643813,0.700975
0.700743,0.683135,0.644756,0.707007,0.760411,0.559062,0.760476,0.676960,0.679417,0.693093
0.711480,0.711828,0.693432,0.683755,0.786050,0.721400,0.683641,0.681915,0.745642,0.708708
0.690089,0.705380,0.658511,0.722869,0.694142,0.719527,0.671755,0.711096,0.704717,0.697015
0.722766,0.643797,0.732259,0.668174,0.578985,0.805079,0.652210,0.686318,0.654020,0.702246
0.683546,0.691525,0.706153,0.703426,0.631348,0.690951,0.718817,0.702158,0.720013,0.710925
0.739597,0.690714,0.711994,0.714255,0.703538,0.692597,0.684410,0.703705,0.697101,0.712886
0.704827,0.596122,0.755665,0.690500,0.521250,0.626750,0.720632,0.695098,0.718680,0.744993
0.712150,0.708901,0.684586,0.654363,0.696394,0.713820,0.594178,0.659257,0.622090,0.648180
0.712599,0.742438,0.702701,0.722095,0.702356,0.885849,0.678784,0.647401,0.720667,0.682135
0.706053,0.682715,0.682654,0.598141,0.729734,0.695155,0.686863,0.736881,0.723548,0.706926
0.699334,0.662729,0.711807,0.598343,0.522888,0.721745,0.666287,0.716676,0.708105,0.683547
0.738452,0.668478,0.659908,0.698473,0.723250,0.589261,0.692391,0.752587,0.696938,0.645534
0.665513,0.693457,0.707803,0.669284,0.894115,0.789916,0.716559,0.706303,0.673152,0.712965
0.704303,0.652443,0.715121,0.681553,0.476314,0.739747,0.656623,0.708619,0.702410,0.718947
0.685418,0.679244,0.639002,0.659804,0.676020,0.636856,0.692775,0.739610,0.694263,0.739584
0.654911,0.647028,0.758982,0.625936,0.751085,0.758074,0.661601,0.539713,0.671664,0.671343
0.691792,0.719557,0.671216,0.666984,0.608057,0.670966,0.737673,0.729364,0.727715,0.698100
0.691156,0.729456,0.665069,0.734742,0.524723,0.744014,0.719079,0.674979,0.712442,0.685287
0.699058,0.630730,0.668690,0.668306,0.741697,0.585679,0.681843,0.751053,0.723320,0.693006
0.687023,0.718032,0.719680,0.735022,0.616969,0.696780,0.698039,0.702814,0.701171,0.656978
0.674914,0.744173,0.671778,0.673240,0.600406,0.746758,0.673738,0.728891,0.714601,0.733876
0.712821,0.682618,0.788388,0.726391,0.840879,0.733732,0.668315,0.736487,0.673377,0.725526
0.677786,0.734584,0.621795,0.696625,0.830818,0.768101,0.651843,0.708269,0.682100,0.707181
0.656877,0.579614,0.731710,0.614674,0.915394,0.724820,0.678970,0.788449,0.704087,0.711267
0.770940,0.743253,0.674827,0.790064,0.621757,0.811453,0.747555,0.740040,0.664256,0.705592
0.700433,0.754566,0.679502,0.636172,0.670512,0.658003,0.701457,0.680985,0.733972,0.699047
0.709972,0.657655,0.686117,0.750356,0.613559,0.729534,0.690824,0.699078,0.696050,0.695919
0.742675,0.745225,0.628089,0.674672,0.745727,0.744551,0.735571,0.685379,0.741162,0.721629
0.580073,0.688775,0.750969,0.589782,0.664468,0.602263,0.677961,0.769717,0.699962,0.735011
0.739332,0.698306,0.708122,0.524080,0.713547,0.773466,0.648149,0.703326,0.682811,0.717088
0.688758,0.733986,0.673286,0.754854,0.666111,0.515510,0.659820,0.760109,0.686420,0.675944
0.718459,0.712743,0.629506,0.699450,0.682555,0.574687,0.695462,0.735895,0.692467,0.676011
0.701330,0.623923,0.661595,0.701873,0.531539,0.665769,0.712539,0.657688,0.636337,0.756002
0.698635,0.717414,0.630817,0.620707,0.566374,0.796202,0.734878,0.686615,0.722772,0.666136
0.676560,0.704314,0.730280,0.714802,0.737476,0.694298,0.742756,0.654185,0.666393,0.706207
0.712248,0.609587,0.662156,0.769152,0.606016,0.661550,0.715450,0.704902,0.662123,0.704113
0.683131,0.707262,0.689865,0.757492,0.793534,0.690710,0.635119,0.676051,0.700549,0.663451
0.715936,0.724209,0.697971,0.677822,0.600725,0.742508,0.675485,0.679424,0.690378,0.663192
0.693350,0.655318,0.661378,0.734594,0.764211,0.608000,0.672274,0.716038,0.682176,0.700900
0.716893,0.751860,0.700892,0.664664,0.770840,0.750059,0.746554,0.709850,0.719260,0.709568
0.725771,0.619990,0.696371,0.652520,0.867465,0.668311,0.689358,0.718766,0.764557,0.623831
0.723769,0.738019,0.682924,0.768171,0.757255,0.732044,0.679209,0.701173,0.705868,0.713601
0.702365,0.700149,0.704079,0.712592,0.400799,0.703537,0.652903,0.751779,0.689546,0.684357
0.699419,0.685031,0.690664,0.725778,0.655371,0.657924,0.693274,0.715259,0.694285,0.690962
0.722952,0.692958,0.664434,0.663161,0.696086,0.643392,0.722685,0.735406,0.664311,0.680957
0.679808,0.707411,0.666125,0.824694,0.889325,0.739071,0.648157,0.734360,0.685756,0.702564
0.748313,0.624709,0.698394,0.614399,0.898496,0.685458,0.693524,0.612011,0.648787,0.726953
0.684081,0.684806,0.637210,0.689865,0.782077,0.731567,0.650766,0.666992,0.682367,0.707214
0.704872,0.722552,0.690454,0.692619,0.712447,0.643305,0.711880,0.707233,0.670597,0.656723
0.737989,0.703256,0.713347,0.732414,0.705615,0.752685,0.670868,0.687517,0.704648,0.698563
0.688969,0.668442,0.708947,0.714611,0.924534,0.726032,0.708961,0.767440,0.658083,0.685629
0.638189,0.704537,0.635353,0.640617,0.773123,0.805395,0.653040,0.712009,0.655401,0.703168
0.678471,0.685728,0.660759,0.658905,0.783100,0.671538,0.684896,0.750875,0.705006,0.708771
0.692548,0.722963,0.621138,0.757821,0.694270,0.727680,0.620996,0.702966,0.708216,0.696051
0.747370,0.731063,0.793623,0.589892,0.796319,0.675202,0.615113,0.660042,0.629416,0.715957
0.663453,0.698884,0.651273,0.715210,0.605499,0.782526,0.586114,0.689712,0.674556,0.687993
0.684896,0.663363,0.722743,0.669717,0.565753,0.687198,0.732693,0.692656,0.679150,0.675750
0.711420,0.723893,0.697052,0.698855,0.814035,0.790008,0.712701,0.659175,0.686363,0.688046
0.697449,0.705684,0.717446,0.737617,0.791037,0.725039,0.726416,0.689334,0.709563,0.701806
0.698638,0.719224,0.762613,0.620534,0.677318,0.695394,0.743823,0.712049,0.704601,0.677033
0.785440,0.687657,0.671793,0.657870,0.655684,0.577605,0.720706,0.626132,0.625639,0.668835
0.659391,0.767289,0.720419,0.739419,0.915348,0.677789,0.692686,0.647960,0.659589,0.657892
0.716291,0.698410,0.734527,0.663815,0.641316,0.707715,0.729025,0.700690,0.682835,0.650279
0.601827,0.568866,0.702871,0.841043,0.593561,0.595618,0.703577,0.727127,0.571291,0.708192
0.704343,0.658142,0.663440,0.675693,0.633472,0.740107,0.679878,0.762976,0.703350,0.693625
0.622686,0.768737,0.720929,0.706008,0.742614,0.691454,0.646346,0.736240,0.719367,0.725078
0.703012,0.676634,0.745805,0.668540,0.692232,0.682282,0.683165,0.696420,0.702912,0.727209
0.695808,0.719232,0.706811,0.691001,0.596876,0.655936,0.679949,0.679070,0.650890,0.735432
0.685201,0.717726,0.702028,0.779124,0.759491,0.602886,0.742948,0.684540,0.721709,0.708465
0.736209,0.755786,0.644698,0.579376,0.802395,0.815074,0.699424,0.707531,0.756053,0.691349
0.695342,0.683001,0.698309,0.681303,0.384497,0.630009,0.687108,0.692211,0.709245,0.674511
0.713583,0.673865,0.707922,0.678811,0.554806,0.694149,0.743189,0.677774,0.703626,0.655532
0.676543,0.688811,0.596798,0.743815,0.830465,0.802984,0.587079,0.712610,0.666242,0.688778
0.680726,0.704239,0.716929,0.750627,0.977451,0.838581,0.706069,0.679237,0.707470,0.688806
0.678105,0.694573,0.718356,0.681064,0.670116,0.673176,0.747504,0.701479,0.691988,0.699781
0.692335,0.702096,0.693844,0.720122,0.905905,0.723638,0.713374,0.731820,0.733026,0.707738
0.708478,0.722192,0.826112,0.765707,0.754092,0.715359,0.675319,0.747513,0.734231,0.726756
0.680671,0.659632,0.660696,0.660678,0.576646,0.777438,0.708039,0.690087,0.691002,0.703135
0.666290,0.656223,0.711480,0.763235,0.650847,0.691690,0.712840,0.691588,0.661605,0.691834
0.693840,0.693537,0.725461,0.707516,0.646903,0.677378,0.703171,0.683056,0.711811,0.676155
0.700665,0.666039,0.673194,0.683048,0.587212,0.609109,0.653800,0.694609,0.709381,0.699815
0.694735,0.668645,0.749540,0.646031,0.578611,0.669884,0.735197,0.660649,0.700808,0.646751
0.694804,0.648230,0.686164,0.680582,0.696429,0.713101,0.680579,0.643148,0.729655,0.713244
0.679248,0.693558,0.720807,0.636442,0.680882,0.703932,0.702265,0.751654,0.646014,0.681086
0.701924,0.709103,0.672262,0.697044,0.689629,0.665290,0.662121,0.710467,0.708532,0.688024
0.730840,0.705631,0.717946,0.676471,0.706338,0.741411,0.662924,0.657225,0.651179,0.726504
0.700621,0.676655,0.692949,0.686135,0.716775,0.711830,0.701511,0.665575,0.683235,0.666917
0.654411,0.738487,0.560332,0.591577,0.757320,0.653227,0.770543,0.541510,0.765956,0.743092
0.713235,0.690149,0.735210,0.700067,0.630300,0.861498,0.647179,0.711791,0.699292,0.683087
0.650755,0.688188,0.752351,0.791297,0.621044,0.686685,0.675741,0.721330,0.627385,0.677510
0.743034,0.703329,0.694252,0.759443,0.556459,0.683811,0.678132,0.665136,0.696756,0.670105
0.678179,0.672127,0.686975,0.745471,0.826887,0.596760,0.684819,0.733978,0.683550,0.702588
0.633074,0.672495,0.690058,0.570546,0.681107,0.585273,0.620101,0.708200,0.751509,0.660216
0.692644,0.703401,0.723054,0.589101,0.529235,0.612232,0.637471,0.657082,0.682674,0.704181
0.683709,0.695743,0.768643,0.647901,0.653516,0.656678,0.650399,0.654277,0.699011,0.656503
0.687186,0.710923,0.714544,0.650447,0.700096,0.732387,0.730842,0.670220,0.674399,0.659314
0.699137,0.747859,0.713821,0.724133,0.642594,0.726585,0.683867,0.720747,0.700863,0.676119
0.722039,0.653115,0.734477,0.630383,0.614698,0.714890,0.626536,0.643058,0.653439,0.757592
0.696837,0.670957,0.683965,0.744876,0.619027,0.736178,0.697405,0.690743,0.684506,0.715689
0.714313,0.698221,0.724006,0.780053,0.581241,0.734329,0.723935,0.745224,0.690965,0.694803
0.666287,0.661872,0.634017,0.726098,0.708730,0.640949,0.678735,0.668672,0.690287,0.714344
0.709648,0.651881,0.720776,0.754033,0.620612,0.644195,0.632114,0.690566,0.669295,0.658699
0.656894,0.664158,0.686089,0.640699,0.662402,0.744163,0.742724,0.676495,0.699420,0.680640
0.679541,0.664612,0.715942,0.709239,0.470709,0.565374,0.646806,0.669956,0.707995,0.681583
0.737139,0.699275,0.699191,0.591249,0.707209,0.741925,0.653711,0.693361,0.679774,0.637113
0.668501,0.691309,0.737804,0.677831,0.552911,0.630284,0.683566,0.661013,0.711678,0.717838
0.713094,0.684136,0.657794,0.706869,0.834436,0.685188,0.693208,0.691877,0.728252,0.727134
0.673322,0.707741,0.724850,0.733154,0.645718,0.782039,0.673068,0.622517,0.699076,0.693295
0.734834,0.708891,0.711251,0.755402,0.828516,0.612828,0.673854,0.690340,0.653436,0.725533
0.730695,0.687072,0.711820,0.638965,0.666746,0.653797,0.724320,0.665394,0.700489,0.691878
0.656436,0.664666,0.710009,0.702909,0.548164,0.801783,0.725574,0.650860,0.665136,0.723412
0.652057,0.686258,0.730714,0.643243,0.825421,0.667946,0.723239,0.669765,0.744685,0.660915
0.662376,0.683275,0.639748,0.710160,0.645516,0.642801,0.749448,0.716187,0.723085,0.672557
0.735261,0.748006,0.764109,0.813167,0.533243,0.749302,0.614776,0.767123,0.680900,0.727523
0.704966,0.705465,0.664006,0.690036,0.708176,0.711813,0.765591,0.708852,0.712336,0.689542
0.722498,0.697710,0.716315,0.726188,0.669581,0.628991,0.650355,0.718701,0.667982,0.658433
0.658269,0.633734,0.716757,0.653120,0.531862,0.716929,0.666369,0.727788,0.701543,0.691282
0.688968,0.666729,0.630473,0.757295,0.800583,0.672362,0.631690,0.688741,0.684049,0.672535
0.705938,0.744198,0.693186,0.704577,0.775403,0.655515,0.681740,0.742515,0.728610,0.692034
0.679584,0.669185,0.655253,0.771993,0.934328,0.792619,0.788318,0.716396,0.765421,0.680882
0.659969,0.722794,0.648839,0.473605,0.701982,0.665632,0.720557,0.636075,0.728272,0.667040
0.665885,0.674476,0.670938,0.685960,0.484652,0.652792,0.708851,0.734077,0.657547,0.683908
0.706408,0.702398,0.671841,0.698278,0.659517,0.639040,0.734188,0.693791,0.704244,0.699360
0.721986,0.744934,0.651092,0.743002,0.556559,0.732068,0.677954,0.644165,0.699940,0.691457
0.646902,0.713831,0.599517,0.705373,0.767241,0.767514,0.664916,0.663411,0.695345,0.687203
0.698505,0.620996,0.731037,0.654445,0.883050,0.629028,0.694302,0.740755,0.666332,0.704882
0.678976,0.689606,0.515664,0.674511,0.776339,0.706161,0.815870,0.599312,0.690133,0.669560
0.709843,0.750870,0.714039,0.706574,0.847092,0.756420,0.732639,0.695859,0.748333,0.715731
0.685404,0.709056,0.626215,0.667118,0.588409,0.724025,0.768391,0.710248,0.701839,0.694418
0.720021,0.706339,0.716458,0.749405,0.581624,0.710832,0.664332,0.690486,0.657459,0.669528
0.731332,0.733770,0.647030,0.694711,0.659316,0.653412,0.743552,0.683634,0.659655,0.712905
0.698657,0.658650,0.715531,0.636205,0.636828,0.726385,0.696271,0.709163,0.716959,0.706756
0.660014,0.735096,0.639327,0.731267,0.657818,0.595582,0.740915,0.685336,0.742008,0.723394
0.673208,0.723828,0.599316,0.730429,0.665041,0.721286,0.764403,0.749597,0.708846,0.695302
0.701768,0.674428,0.675349,0.741541,0.895122,0.746086,0.729089,0.647147,0.707052,0.699654
0.697033,0.651411,0.695817,0.681276,0.709614,0.724049,0.697739,0.745696,0.687370,0.719258
0.736563,0.669187,0.743041,0.661803,0.705189,0.730372,0.666003,0.697402,0.676412,0.685570
0.589830,0.672141,0.710170,0.660786,0.691267,0.581073,0.661189,0.691826,0.713168,0.687472
0.679944,0.708547,0.692571,0.723875,0.920264,0.797466,0.670291,0.698080,0.664513,0.675302
0.655626,0.744779,0.654887,0.744526,0.581089,0.749832,0.746347,0.750670,0.748225,0.693852
0.765919,0.733513,0.754859,0.717841,0.555333,0.709023,0.681497,0.652715,0.648325,0.669169
0.713786,0.670189,0.670516,0.675418,0.608606,0.773901,0.709513,0.615350,0.695090,0.651319
0.690589,0.681824,0.709406,0.673273,0.527540,0.659758,0.665014,0.685812,0.707189,0.672900
0.655484,0.722777,0.688706,0.741899,0.806225,0.705601,0.700748,0.670656,0.656651,0.703303
0.696645,0.735988,0.713839,0.593093,0.628819,0.662872,0.680329,0.699655,0.725049,0.707159
0.652982,0.674867,0.676137,0.679229,0.807866,0.544711,0.729519,0.735371,0.642249,0.729908
0.716895,0.673005,0.761400,0.698181,0.561521,0.756437,0.709824,0.667032,0.717934,0.668499
0.665161,0.707479,0.733626,0.697510,0.729176,0.873350,0.701806,0.651699,0.687165,0.698518
0.682995,0.618612,0.627870,0.624665,0.696922,0.771869,0.722790,0.658278,0.653681,0.669745
0.662500,0.696622,0.665200,0.662715,0.557822,0.690831,0.706478,0.683528,0.688242,0.700795
0.717240,0.744858,0.647545,0.587457,0.775778,0.852634,0.711959,0.611610,0.698859,0.695227
0.690571,0.691288,0.665322,0.702627,0.674786,0.701157,0.653240,0.692262,0.686823,0.690382
0.728598,0.714246,0.744814,0.741196,0.774435,0.667112,0.707194,0.672981,0.670052,0.694640
0.701377,0.665780,0.658670,0.720292,0.520699,0.653219,0.680946,0.679807,0.707272,0.712679
0.698063,0.679758,0.631375,0.745643,0.618960,0.729840,0.663361,0.688113,0.687260,0.710441
0.645280,0.644494,0.738069,0.719828,0.814969,0.498456,0.657781,0.702022,0.692967,0.704310
0.627216,0.682095,0.677252,0.599545,0.658785,0.781041,0.725481,0.691312,0.612928,0.695769
0.670330,0.717157,0.753718,0.678876,0.648637,0.526366,0.643489,0.673313,0.697834,0.674318
0.724608,0.723311,0.607510,0.623342,0.656016,0.624411,0.727711,0.707321,0.682313,0.641614
0.695719,0.690974,0.695796,0.676645,0.574715,0.649872,0.707503,0.678387,0.691574,0.690067
0.669062,0.726282,0.708078,0.696292,0.792261,0.519747,0.638885,0.674277,0.708973,0.670397
0.701144,0.698390,0.700524,0.620343,0.855886,0.626428,0.684121,0.750476,0.641469,0.685463
0.707139,0.803422,0.702862,0.592772,0.846045,0.811107,0.673892,0.659332,0.698346,0.625992
0.676734,0.710505,0.701841,0.703290,0.717317,0.755882,0.707331,0.671416,0.711839,0.683058
0.672572,0.680135,0.777911,0.773982,0.786715,0.768388,0.663665,0.694699,0.681692,0.718618
0.669485,0.696623,0.687617,0.705803,0.544929,0.756872,0.694910,0.715312,0.698740,0.685387
0.685813,0.754715,0.707635,0.675595,0.777738,0.672004,0.683777,0.676607,0.703556,0.730096
0.734084,0.734573,0.769727,0.679879,0.728609,0.713596,0.648399,0.686407,0.669725,0.669668
0.654641,0.679690,0.751153,0.643817,0.593902,0.718283,0.712060,0.705602,0.699804,0.681473
0.707018,0.696191,0.641315,0.798612,0.519785,0.846598,0.661054,0.734129,0.746012,0.645229
0.675010,0.718167,0.645191,0.681654,0.842611,0.785294,0.734883,0.709367,0.638725,0.701352
0.712123,0.683640,0.728900,0.722241,0.749313,0.722717,0.718830,0.697346,0.704861,0.715021
0.694536,0.674775,0.712407,0.656198,0.437330,0.717727,0.671005,0.715922,0.680813,0.685744
0.656762,0.703641,0.682112,0.697821,0.687661,0.692960,0.698248,0.623827,0.699885,0.679446
0.691674,0.739257,0.687782,0.650595,0.794848,0.775247,0.696562,0.638504,0.693076,0.694138
0.693360,0.710310,0.670841,0.558153,0.780665,0.707292,0.678330,0.793830,0.710563,0.699075
0.667085,0.633986,0.631487,0.717284,0.738492,0.572507,0.725378,0.712204,0.693497,0.697817
0.762206,0.673815,0.721020,0.597763,0.863986,0.745076,0.654826,0.691604,0.759210,0.658065
0.654997,0.688250,0.617657,0.614869,0.840286,0.698376,0.641444,0.708685,0.681751,0.691473
0.736631,0.730915,0.685310,0.781769,0.816076,0.688844,0.698781,0.712580,0.704627,0.687475
0.678425,0.752793,0.661624,0.719808,0.668391,0.605811,0.711502,0.661248,0.722528,0.713016
0.701795,0.706780,0.621120,0.767707,0.549463,0.717880,0.548575,0.670367,0.729377,0.679764
0.719504,0.645829,0.703867,0.780412,0.742346,0.682391,0.673592,0.692471,0.736418,0.685927
0.711865,0.670603,0.752022,0.740828,0.514110,0.664141,0.713306,0.731312,0.709431,0.702819
0.712753,0.728167,0.747922,0.691809,0.631012,0.737369,0.702325,0.717953,0.665749,0.699407
0.718706,0.726863,0.600407,0.631918,0.633502,0.731254,0.742916,0.669798,0.671874,0.685782
0.677683,0.714309,0.718615,0.734703,0.618476,0.712219,0.678607,0.659649,0.727094,0.686253
0.680068,0.667739,0.697635,0.712583,0.772795,0.655640,0.726196,0.689166,0.691960,0.712992
0.687656,0.684044,0.692463,0.632389,0.650358,0.603421,0.665833,0.677987,0.766982,0.677446
0.699214,0.675271,0.690123,0.693115,0.673022,0.717412,0.715586,0.725332,0.701759,0.704607
0.655269,0.683460,0.714895,0.575028,0.919073,0.785952,0.661905,0.647716,0.649814,0.694470
0.680049,0.672003,0.712681,0.727652,0.860665,0.544772,0.730804,0.738553,0.668812,0.681920
0.677267,0.692519,0.765917,0.652839,0.776813,0.766220,0.763780,0.638303,0.689759,0.680565
0.719094,0.710671,0.675568,0.757317,0.753605,0.662075,0.637690,0.646260,0.696418,0.688569
0.645267,0.685393,0.545043,0.702897,0.657965,0.731491,0.642421,0.713085,0.720891,0.674793
0.665440,0.715740,0.661461,0.607570,0.633996,0.697500,0.691631,0.656525,0.695545,0.712513
0.669237,0.692228,0.660834,0.653084,0.683229,0.690514,0.665391,0.643058,0.674796,0.698687
0.669241,0.688633,0.739783,0.732494,0.578936,0.697462,0.646758,0.710445,0.736254,0.727248
0.726840,0.670374,0.696618,0.757886,0.558819,0.692957,0.678528,0.662836,0.703197,0.670326
0.702631,0.682294,0.627478,0.714906,0.755827,0.760821,0.646419,0.685613,0.689736,0.690431
0.707516,0.785351,0.675510,0.729053,0.605447,0.704148,0.710613,0.702019,0.649147,0.649844
0.712870,0.688433,0.732845,0.670344,0.512874,0.732183,0.702705,0.718994,0.697426,0.663548
0.661974,0.711587,0.669129,0.688170,0.874018,0.753331,0.689820,0.687002,0.656844,0.695337
0.682440,0.627289,0.733147,0.652475,0.632904,0.597323,0.655969,0.671702,0.685254,0.697608
0.684657,0.658525,0.699154,0.753183,0.944564,0.713467,0.716932,0.702909,0.755014,0.635496
0.701482,0.728894,0.715270,0.633333,0.701726,0.547789,0.683951,0.749309,0.719870,0.712993
0.665570,0.668413,0.650328,0.644150,0.473407,0.679596,0.682886,0.619202,0.665684,0.696732
0.678080,0.647562,0.684715,0.706334,0.595153,0.739092,0.694264,0.717601,0.698809,0.756375
0.708481,0.679336,0.680213,0.773652,0.923600,0.834324,0.641979,0.710532,0.697529,0.691230
0.656573,0.740440,0.710719,0.640781,0.748705,0.554346,0.670265,0.686773,0.730946,0.728706
0.688514,0.654514,0.702465,0.643512,0.761824,0.716681,0.647561,0.742532,0.665290,0.682700
0.695718,0.732386,0.681588,0.769230,0.844184,0.732086,0.674892,0.682207,0.652001,0.717388
0.671676,0.672733,0.679230,0.626820,0.609360,0.698506,0.675523,0.698127,0.665215,0.700081
0.654212,0.722861,0.717278,0.664989,0.662452,0.645895,0.657201,0.670623,0.730957,0.728954
0.682240,0.671844,0.584148,0.738174,0.795199,0.695389,0.582892,0.668518,0.708561,0.692531
0.671999,0.672288,0.726585,0.678414,0.557681,0.717136,0.704781,0.692383,0.691172,0.659259
0.708425,0.684496,0.701938,0.710421,0.642026,0.745107,0.674892,0.673099,0.718793,0.686302
0.710915,0.675746,0.692497,0.748919,0.720665,0.521069,0.706083,0.729631,0.665732,0.697549
0.697547,0.665352,0.704221,0.722572,0.760632,0.605202,0.642546,0.700307,0.662827,0.672938
0.680695,0.663215,0.705123,0.729199,0.761973,0.625965,0.642188,0.709562,0.671745,0.648865
0.712772,0.641124,0.689710,0.714788,0.608499,0.730815,0.651687,0.695016,0.727458,0.693419
0.676976,0.697144,0.705216,0.647951,0.506899,0.730925,0.669522,0.689715,0.641399,0.659144
0.701303,0.734449,0.692522,0.713990,0.608432,0.807237,0.681751,0.687136,0.719634,0.705083
0.682914,0.679774,0.726717,0.667932,0.867700,0.555381,0.638053,0.680407,0.709672,0.639975
0.728705,0.663723,0.707217,0.720679,0.671962,0.725950,0.701673,0.663265,0.737065,0.669536
0.681278,0.742163,0.696607,0.599018,0.611064,0.577693,0.729550,0.722349,0.645905,0.696468
0.642946,0.725424,0.733913,0.709392,0.823947,0.608044,0.608084,0.721277,0.711715,0.673946
0.665700,0.608798,0.661829,0.773584,0.456019,0.590894,0.667681,0.708670,0.637604,0.704531
0.677526,0.651172,0.701468,0.686647,0.850819,0.803811,0.674635,0.709203,0.719742,0.660655
0.697172,0.700330,0.687785,0.696137,0.660501,0.695198,0.723430,0.725070,0.706333,0.711552
0.681308,0.666364,0.674259,0.806001,0.710763,0.793030,0.750244,0.724673,0.615228,0.652605
0.625702,0.736151,0.724281,0.664983,0.737820,0.709651,0.678943,0.738468,0.716437,0.702127
0.679792,0.673509,0.721188,0.702119,0.743940,0.734663,0.683433,0.698727,0.691062,0.680649
0.704495,0.674474,0.699693,0.713791,0.950809,0.790473,0.693891,0.679816,0.660681,0.714521
0.757269,0.669128,0.636684,0.663152,0.636675,0.606649,0.681781,0.716304,0.714051,0.660568
0.704489,0.637066,0.691338,0.684935,0.743783,0.610728,0.637243,0.728116,0.635188,0.687614
0.647130,0.691449,0.638116,0.674779,0.512101,0.667053,0.746457,0.680258,0.703953,0.706957
0.717470,0.648675,0.691024,0.732751,0.662106,0.692710,0.761835,0.701567,0.695019,0.685719
0.646287,0.704337,0.698701,0.756928,0.752463,0.606095,0.735847,0.677819,0.686240,0.681210
0.677310,0.645818,0.701684,0.712623,0.679997,0.815829,0.705912,0.664421,0.670941,0.693932
0.733795,0.700298,0.660512,0.755334,0.623715,0.654990,0.612422,0.683109,0.704264,0.686073
0.695753,0.700208,0.631092,0.622303,0.791759,0.809547,0.618630,0.728871,0.617108,0.712960
0.711740,0.691908,0.709040,0.672822,0.703673,0.733150,0.671123,0.700300,0.657650,0.693467
0.733831,0.702949,0.745362,0.653817,0.575946,0.819174,0.787631,0.688409,0.606329,0.710640
0.700293,0.711286,0.737891,0.680809,0.586364,0.705358,0.722591,0.703265,0.699049,0.712934
0.646970,0.730782,0.677994,0.613117,0.931216,0.805537,0.708109,0.690721,0.614386,0.699878
0.607089,0.713591,0.653037,0.604163,0.865688,0.719359,0.639148,0.683927,0.784286,0.673790
0.794126,0.674868,0.715994,0.720562,0.918789,0.769584,0.694784,0.680971,0.609684,0.679708
0.695987,0.666016,0.661886,0.650510,0.714668,0.725751,0.715621,0.670591,0.730050,0.679636
0.646860,0.677453,0.609785,0.693209,0.497150,0.706860,0.745318,0.703021,0.701787,0.688977
0.660508,0.688318,0.772699,0.622730,0.758863,0.625012,0.686029,0.659552,0.676988,0.665531
0.650489,0.661671,0.772546,0.662124,0.632846,0.749094,0.784230,0.691242,0.666116,0.711082
0.665062,0.691071,0.675532,0.706515,0.647039,0.678469,0.699128,0.714109,0.710820,0.671899
0.696700,0.715948,0.774077,0.693267,0.822896,0.683341,0.750128,0.661150,0.713668,0.740363
0.688205,0.758512,0.705178,0.734838,0.762099,0.619454,0.683176,0.638882,0.671332,0.687002
0.717500,0.640450,0.626096,0.766936,0.556117,0.658578,0.746675,0.680423,0.673550,0.670667
0.595123,0.649319,0.636950,0.730632,0.807726,0.561530,0.758947,0.645240,0.703080,0.678736
0.670974,0.710765,0.665811,0.722067,0.740687,0.722850,0.760220,0.696976,0.697397,0.697634
0.727977,0.683437,0.763336,0.789618,0.745782,0.809499,0.754204,0.721029,0.719839,0.728611
0.687589,0.685394,0.668305,0.710004,0.634680,0.697942,0.664609,0.681315,0.688080,0.686564
0.711057,0.699243,0.697153,0.663873,0.543239,0.660115,0.687825,0.679146,0.701787,0.660354
0.673631,0.719170,0.681115,0.669138,0.744112,0.716067,0.681579,0.669169,0.686317,0.700926
0.678422,0.657778,0.706189,0.747462,0.919143,0.667441,0.711786,0.693440,0.689592,0.678391
0.685876,0.745161,0.689352,0.590790,0.610548,0.602065,0.669985,0.704940,0.728417,0.701896
0.705940,0.689779,0.624082,0.693983,0.759654,0.704530,0.668939,0.683420,0.692390,0.718213
0.673357,0.684215,0.716184,0.712967,0.692273,0.722988,0.722019,0.687652,0.691087,0.695163
0.681129,0.668506,0.718513,0.707965,0.793675,0.714619,0.715117,0.677946,0.644010,0.667362
0.670499,0.690267,0.665494,0.800628,0.655768,0.849054,0.695283,0.677512,0.645732,0.616267
0.641296,0.673213,0.674348,0.752758,0.601166,0.688052,0.665009,0.643957,0.695519,0.705150
0.691737,0.696279,0.694270,0.720014,0.812236,0.762547,0.687726,0.695805,0.685574,0.686977
0.692291,0.701223,0.710450,0.699724,0.628015,0.681953,0.707467,0.671326,0.674259,0.711660
0.722672,0.698864,0.599287,0.752507,0.474405,0.657637,0.751448,0.603502,0.655731,0.732370
0.688994,0.709258,0.689223,0.700348,0.629797,0.698077,0.685682,0.699404,0.734776,0.688993
0.705964,0.706067,0.756573,0.652184,0.759608,0.573853,0.667715,0.757756,0.691601,0.686228
0.664136,0.707198,0.667967,0.717700,0.413777,0.653332,0.704068,0.718881,0.722139,0.688695
0.684380,0.691200,0.681734,0.725932,0.703308,0.669758,0.702417,0.688070,0.705100,0.698701
0.688507,0.688078,0.684988,0.683424,0.605133,0.687588,0.726846,0.706668,0.691124,0.687978
0.733871,0.753296,0.738438,0.653094,0.574821,0.598383,0.721059,0.720901,0.744073,0.631279
0.686680,0.701236,0.654527,0.727713,0.710706,0.626260,0.653670,0.689378,0.715231,0.727962
0.715798,0.678454,0.684506,0.734876,0.663522,0.691066,0.705535,0.688809,0.711281,0.694269
0.685770,0.662467,0.676325,0.638562,0.738607,0.645490,0.691974,0.623991,0.680773,0.692119
0.638644,0.692473,0.608358,0.721205,0.588284,0.696462,0.682165,0.723727,0.680713,0.701241
0.715010,0.689683,0.719955,0.779813,0.824417,0.697443,0.694108,0.698886,0.726305,0.684442
0.697789,0.607973,0.725525,0.681698,0.753007,0.653045,0.729460,0.698731,0.701940,0.722307
0.723810,0.683480,0.673768,0.703622,0.714699,0.685501,0.748066,0.660549,0.641719,0.730456
0.720961,0.710592,0.652949,0.741355,0.645063,0.573329,0.660829,0.663812,0.703045,0.660425
0.679183,0.706994,0.660932,0.719138,0.618253,0.655396,0.655519,0.674165,0.711789,0.663678
0.695984,0.690345,0.718621,0.691157,0.636905,0.696735,0.740052,0.668746,0.674695,0.703835
0.684668,0.623363,0.686630,0.702119,0.540944,0.729658,0.664273,0.727457,0.666936,0.736935
0.737316,0.708632,0.690398,0.772823,0.755530,0.462821,0.721306,0.678155,0.730840,0.666569
0.677955,0.632282,0.694023,0.686793,0.747230,0.598471,0.679812,0.649562,0.697811,0.667385
0.678761,0.767582,0.672264,0.587027,0.718026,0.477463,0.681062,0.717010,0.712360,0.724200
0.681544,0.613596,0.686539,0.703342,0.522598,0.604349,0.712459,0.641134,0.659677,0.677169
0.683077,0.687526,0.711121,0.650648,0.748493,0.628874,0.679033,0.689310,0.633251,0.677153
0.674578,0.680039,0.717679,0.683194,0.579153,0.681546,0.702146,0.682334,0.685533,0.692518
0.725637,0.652925,0.627704,0.773306,0.903540,0.693020,0.776126,0.704789,0.722811,0.763003
0.773276,0.712865,0.612346,0.662147,0.686497,0.553891,0.753179,0.703566,0.648977,0.661028
0.688650,0.603141,0.681319,0.704828,0.749898,0.697050,0.737850,0.685077,0.745484,0.676461
0.717966,0.670279,0.696933,0.675734,0.768956,0.634407,0.636892,0.716880,0.631809,0.708605
0.680238,0.678419,0.703063,0.673561,0.804041,0.680112,0.696837,0.704849,0.683989,0.729571
0.723683,0.682097,0.630315,0.732135,0.797931,0.681007,0.766365,0.656183,0.637922,0.688400
0.633029,0.638329,0.712608,0.758477,0.668901,0.664504,0.682463,0.681724,0.690424,0.723844
0.713811,0.673543,0.682885,0.729810,0.842803,0.587581,0.721027,0.741943,0.711767,0.685724
0.734856,0.685944,0.645262,0.641355,0.914869,0.805578,0.752129,0.699606,0.605407,0.718981
0.671007,0.654981,0.647897,0.658987,0.825344,0.675816,0.671085,0.697093,0.627806,0.710002
0.676317,0.621015,0.635685,0.716946,0.736329,0.536388,0.724856,0.693016,0.715201,0.708822
0.698832,0.738873,0.707555,0.647908,0.636380,0.621535,0.705230,0.702425,0.698884,0.694176
0.644836,0.630046,0.740262,0.598580,0.714196,0.706419,0.667914,0.699174,0.764652,0.698663
0.706375,0.711623,0.698524,0.669505,0.699773,0.701932,0.696326,0.701485,0.708931,0.690259
0.688771,0.694927,0.710746,0.694426,0.726392,0.745684,0.717967,0.704221,0.703386,0.725977
0.652094,0.676117,0.782799,0.699712,0.608192,0.673711,0.563725,0.709311,0.704048,0.759063
0.670124,0.717546,0.682533,0.729070,0.701582,0.626481,0.705764,0.708097,0.738580,0.757581
0.784909,0.687172,0.767852,0.624062,0.747664,0.722545,0.655998,0.599236,0.641295,0.749681
0.638924,0.663523,0.731583,0.698875,0.671851,0.681539,0.726935,0.725031,0.732441,0.706242
0.711703,0.724915,0.749409,0.706953,0.535132,0.782323,0.702986,0.760349,0.728124,0.733450
0.728263,0.647249,0.707728,0.729774,0.605336,0.572455,0.661060,0.678884,0.707587,0.709772
0.668269,0.630879,0.710113,0.646567,0.796484,0.753879,0.659523,0.719743,0.674664,0.691744
0.656530,0.719424,0.791472,0.654261,0.759052,0.644207,0.632736,0.668485,0.697891,0.726807
0.684234,0.678990,0.703100,0.718909,0.769187,0.724790,0.709725,0.686261,0.679394,0.679510
0.738407,0.668485,0.753541,0.684936,0.645342,0.577841,0.646786,0.635946,0.646479,0.727953
0.704978,0.689580,0.693223,0.657603,0.656837,0.815472,0.729326,0.685004,0.653902,0.647405
0.718692,0.684537,0.702797,0.782416,0.893804,0.645155,0.706590,0.652121,0.693050,0.736426
0.701492,0.722167,0.713622,0.708072,0.715417,0.635334,0.697768,0.695772,0.694205,0.687530
0.624533,0.622582,0.683482,0.703116,0.681848,0.601069,0.704960,0.716045,0.727074,0.647648
0.703397,0.583069,0.680056,0.707695,0.697231,0.689224,0.698372,0.626618,0.678919,0.760020
0.687884,0.692391,0.683936,0.661898,0.428912,0.632661,0.656801,0.700696,0.675547,0.712615
0.658152,0.637531,0.636839,0.679581,0.647024,0.690423,0.712008,0.681732,0.675513,0.693260
0.675989,0.717584,0.701211,0.730962,0.859577,0.651866,0.693185,0.718488,0.679709,0.688974
0.656024,0.699762,0.713953,0.686193,0.730508,0.572219,0.610194,0.755607,0.715670,0.722055
0.707334,0.687315,0.718196,0.662808,0.667819,0.729763,0.739561,0.688368,0.688886,0.686411
0.723509,0.646761,0.685365,0.720865,0.696908,0.699210,0.685159,0.663234,0.690689,0.696023
0.655890,0.763815,0.687486,0.768948,0.608296,0.745639,0.646576,0.669828,0.662672,0.677551
0.646626,0.696852,0.654213,0.723857,0.703869,0.724460,0.653363,0.653554,0.688475,0.687161
0.655557,0.697410,0.697893,0.571805,0.814998,0.615673,0.712371,0.662473,0.742553,0.638327
0.664067,0.697163,0.690667,0.591615,0.727998,0.766084,0.694042,0.660584,0.709502,0.706441
0.747358,0.708682,0.676488,0.742993,0.651144,0.687782,0.728273,0.617858,0.704107,0.696820
0.698762,0.690545,0.688963,0.659653,0.511590,0.667501,0.723462,0.721675,0.677181,0.692789
0.677463,0.700579,0.622209,0.684976,0.693872,0.672752,0.630212,0.666695,0.647118,0.693472
0.687752,0.667712,0.644217,0.734502,0.685827,0.627881,0.710149,0.680813,0.717203,0.750941
0.644570,0.706689,0.733872,0.680168,0.679034,0.777574,0.701116,0.743374,0.714075,0.682890
0.719246,0.708063,0.744051,0.574994,0.776808,0.657474,0.676771,0.739468,0.654179,0.696961
0.730777,0.690489,0.718102,0.715796,0.796598,0.679240,0.744406,0.693346,0.704617,0.688450
0.708547,0.662435,0.675198,0.804578,0.586785,0.628601,0.676921,0.672722,0.669850,0.659472
0.676778,0.705249,0.676751,0.761351,0.647210,0.705955,0.716206,0.657411,0.698724,0.707262
0.714222,0.703026,0.666766,0.664838,0.589319,0.781755,0.667284,0.708012,0.707050,0.690232
0.673018,0.740480,0.667137,0.760155,0.770510,0.674370,0.662512,0.754030,0.650718,0.646306
0.661567,0.724821,0.614449,0.657811,0.638273,0.626652,0.719164,0.669138,0.688106,0.655283
0.623274,0.705226,0.634797,0.528941,0.617700,0.693171,0.705206,0.739747,0.717444,0.697907
0.720551,0.721415,0.697918,0.584265,0.734347,0.506066,0.671826,0.700678,0.698156,0.699333
0.693600,0.710744,0.707523,0.505136,0.726430,0.728707,0.703161,0.673629,0.722214,0.711882
0.698534,0.694370,0.666943,0.696432,0.563389,0.719623,0.677703,0.699939,0.699116,0.674519
0.678706,0.654001,0.626210,0.597877,0.619080,0.736358,0.696894,0.696889,0.708192,0.621862
0.688410,0.679888,0.703186,0.727863,0.737217,0.587364,0.672524,0.671533,0.653764,0.666436
0.736509,0.636077,0.661710,0.646199,0.682512,0.707931,0.699452,0.716631,0.685703,0.715357
0.691214,0.683247,0.711735,0.702218,0.538080,0.741350,0.665273,0.708298,0.694595,0.674123
0.699929,0.726965,0.693702,0.656183,0.728835,0.773839,0.690528,0.665515,0.714411,0.696317
0.716640,0.704449,0.606244,0.754807,0.692825,0.714947,0.580459,0.645221,0.720229,0.694760
0.685733,0.745815,0.759587,0.767643,0.645982,0.742689,0.698044,0.726414,0.704512,0.706224
0.694280,0.655626,0.643830,0.715711,0.517665,0.609720,0.700876,0.700303,0.734755,0.737512
0.706871,0.731876,0.695065,0.724600,0.458808,0.842219,0.688070,0.790621,0.712912,0.733600
0.650200,0.695598,0.652785,0.680723,0.764320,0.657401,0.654626,0.669920,0.670725,0.670476
0.659042,0.705184,0.679567,0.636095,0.778963,0.749600,0.686878,0.662643,0.600383,0.684620
0.725142,0.639417,0.712749,0.750877,0.905931,0.668743,0.677949,0.732745,0.704039,0.694963
0.713659,0.646228,0.679257,0.771312,0.582661,0.689475,0.671279,0.664548,0.708536,0.634747
0.717592,0.614432,0.727890,0.752614,0.662607,0.779389,0.639340,0.732599,0.721306,0.686400
0.673646,0.672697,0.687185,0.641781,0.485851,0.631334,0.719532,0.682607,0.664953,0.693718
0.664996,0.707921,0.612028,0.632221,0.319886,0.749005,0.706006,0.727620,0.738361,0.704239
0.691727,0.697429,0.702711,0.808513,0.682155,0.752075,0.721866,0.754364,0.651312,0.686288
0.698620,0.698424,0.716169,0.681577,0.614984,0.695149,0.730152,0.713582,0.669018,0.708434
0.718628,0.634854,0.731566,0.657709,0.654831,0.707938,0.720484,0.685211,0.707143,0.660812
0.697063,0.689474,0.726244,0.715095,0.638128,0.697684,0.762429,0.700261,0.670088,0.663882
0.685286,0.699448,0.670701,0.642355,0.600528,0.731435,0.693015,0.683004,0.710193,0.697848
0.672126,0.673683,0.674687,0.709216,0.649549,0.738758,0.705182,0.705159,0.673263,0.676175
0.717930,0.697046,0.586730,0.689701,0.797940,0.580128,0.787444,0.641645,0.684420,0.691853
0.690439,0.701703,0.637133,0.728225,0.707972,0.737736,0.746843,0.739606,0.649200,0.702229
0.707766,0.551006,0.741557,0.710134,0.601397,0.698820,0.620347,0.708078,0.748590,0.663365
0.714043,0.625245,0.720504,0.748233,0.778899,0.590345,0.723749,0.693776,0.697543,0.675470
0.694920,0.776081,0.729372,0.690921,0.736708,0.623917,0.712568,0.693961,0.688613,0.687823
0.701549,0.724542,0.693363,0.728207,0.583639,0.692610,0.712105,0.742062,0.684967,0.690835
0.726870,0.711309,0.581048,0.702706,0.738132,0.652346,0.753407,0.734559,0.721674,0.674260
0.690946,0.743238,0.597384,0.638863,0.874786,0.775437,0.746823,0.684371,0.701171,0.760408
0.741498,0.669551,0.733137,0.727435,0.666369,0.816557,0.718257,0.778953,0.728610,0.691384
0.737812,0.685425,0.673207,0.571276,0.792432,0.727937,0.762702,0.727940,0.776715,0.688980
0.738525,0.771996,0.653831,0.652043,0.699075,0.617684,0.723728,0.739241,0.733166,0.714586
0.705754,0.674048,0.719148,0.778026,0.541269,0.671294,0.681156,0.678232,0.729485,0.691372
0.694162,0.649822,0.714857,0.740224,0.908191,0.637694,0.716070,0.679910,0.701437,0.684908
0.658548,0.647167,0.702624,0.661038,0.666827,0.559260,0.670369,0.726386,0.694057,0.725695
0.702980,0.721182,0.722320,0.754380,0.784607,0.755366,0.626024,0.747829,0.694435,0.677012
0.702851,0.709423,0.712436,0.578977,0.602869,0.620023,0.748712,0.667587,0.677329,0.719968
0.682541,0.672930,0.755189,0.664957,0.653369,0.653261,0.701196,0.680494,0.635365,0.723700
0.656724,0.666602,0.670236,0.652670,0.675412,0.754008,0.756369,0.680803,0.709400,0.667011
0.709137,0.639199,0.556701,0.734310,0.825428,0.693390,0.764171,0.696925,0.650258,0.675148
0.686839,0.695152,0.696944,0.709070,0.660304,0.684472,0.655724,0.666228,0.664061,0.679778
0.666537,0.723159,0.636495,0.701632,0.806653,0.614095,0.759904,0.643502,0.721549,0.721789
0.709539,0.681163,0.737038,0.720975,0.596499,0.728347,0.670552,0.750100,0.706502,0.674386
0.695072,0.629674,0.656779,0.733653,0.777379,0.542680,0.646913,0.635067,0.701616,0.693160
0.684103,0.666070,0.712018,0.771279,0.839887,0.758367,0.737246,0.699762,0.690527,0.683720
0.664685,0.666905,0.721681,0.726837,0.682676,0.849039,0.654849,0.669342,0.663552,0.674670
0.677635,0.699382,0.719325,0.657235,0.742187,0.542494,0.643088,0.672429,0.710556,0.700370
0.692478,0.616883,0.731276,0.635655,0.921456,0.760788,0.694030,0.730759,0.698252,0.679348
0.715216,0.701690,0.631696,0.753865,0.542154,0.702653,0.715979,0.676350,0.670748,0.694143
0.735507,0.739259,0.660630,0.675135,0.661443,0.647881,0.706678,0.729341,0.645594,0.655279
0.688152,0.712144,0.773234,0.662818,0.683396,0.766917,0.746427,0.685099,0.705697,0.719846
0.698968,0.637801,0.671688,0.648865,0.773188,0.566525,0.706645,0.732392,0.684574,0.735861
0.673841,0.682450,0.664905,0.728668,0.748819,0.613764,0.689042,0.689136,0.697493,0.673457
0.734548,0.679486,0.693277,0.735743,0.749627,0.592460,0.697834,0.637912,0.714629,0.670850
0.696017,0.669578,0.617026,0.759560,0.679007,0.709921,0.649946,0.678648,0.707829,0.707305
0.690696,0.769320,0.706511,0.588738,0.737788,0.749688,0.696754,0.722042,0.698374,0.725769
0.689170,0.716400,0.692182,0.714122,0.864338,0.609884,0.724383,0.659394,0.689316,0.685914
0.678846,0.789643,0.680698,0.590085,0.919714,0.824793,0.696616,0.667654,0.690875,0.702043
0.668531,0.763096,0.664683,0.729400,0.685759,0.744520,0.665807,0.687471,0.717165,0.701512
0.665040,0.715352,0.725176,0.730945,0.793924,0.802217,0.721668,0.700772,0.692828,0.710694
0.697963,0.700893,0.690626,0.717350,0.602133,0.697204,0.685721,0.701603,0.695669,0.693783
0.684213,0.670540,0.775762,0.671956,0.748933,0.709128,0.771383,0.700446,0.694817,0.706343
0.719759,0.713943,0.575096,0.752653,0.792285,0.779137,0.603301,0.626492,0.715263,0.722945
0.711228,0.618455,0.707615,0.682166,0.828473,0.680415,0.611656,0.698736,0.681233,0.675711
0.687420,0.784525,0.689486,0.715749,0.707328,0.653738,0.700263,0.661088,0.705272,0.673465
0.710857,0.722550,0.702686,0.547491,0.721253,0.692735,0.671049,0.750481,0.677653,0.691476
0.732862,0.687369,0.699644,0.679907,0.897434,0.694373,0.730661,0.653954,0.661689,0.710019
0.689600,0.565642,0.638315,0.715554,0.632219,0.717622,0.707561,0.689810,0.752510,0.704307
0.703959,0.682709,0.624799,0.705892,0.768952,0.884673,0.603484,0.677035,0.664901,0.692628
0.662502,0.673744,0.710492,0.628929,0.791276,0.546665,0.705977,0.756352,0.665961,0.692937
0.682748,0.727543,0.732789,0.716712,0.759085,0.698344,0.698089,0.670464,0.685065,0.714041
0.676772,0.758778,0.660718,0.619822,0.595947,0.806729,0.667666,0.673643,0.689023,0.703815
0.674606,0.726093,0.737768,0.712708,0.696135,0.617254,0.692100,0.696984,0.678346,0.675658
0.781772,0.706912,0.639381,0.722816,0.524017,0.636369,0.711015,0.635221,0.680717,0.669418
0.641624,0.670998,0.675012,0.702555,0.672811,0.547792,0.701226,0.719408,0.727885,0.704001
0.705593,0.686495,0.584678,0.607960,0.717771,0.835992,0.662269,0.729074,0.738356,0.688501
0.664335,0.592427,0.681131,0.759918,0.468976,0.609616,0.679556,0.680777,0.678768,0.731788
0.690943,0.678355,0.724346,0.690699,0.629548,0.707433,0.720764,0.697849,0.687285,0.686519
0.743086,0.757517,0.669064,0.662554,0.663701,0.722473,0.700256,0.695193,0.729850,0.683595
0.678197,0.652666,0.666686,0.675383,0.804749,0.697256,0.583673,0.738320,0.712336,0.672897
0.699888,0.679765,0.733490,0.758832,0.457509,0.657880,0.691435,0.663385,0.702132,0.699888
0.716464,0.662323,0.731309,0.677145,0.686303,0.656933,0.735479,0.706115,0.705576,0.705178
0.723471,0.651142,0.598571,0.701313,0.797281,0.733783,0.577427,0.727822,0.662601,0.712573
0.724238,0.645562,0.677346,0.672682,0.468447,0.690129,0.661639,0.781875,0.681077,0.724521
0.699380,0.715746,0.696469,0.692815,0.686202,0.750739,0.702532,0.716808,0.690602,0.694610
0.694446,0.678745,0.707939,0.693428,0.699640,0.687206,0.697106,0.693201,0.681976,0.691965
0.723905,0.745389,0.666272,0.738517,0.715087,0.734989,0.685903,0.693118,0.662106,0.697589
0.694234,0.691767,0.682297,0.691496,0.544732,0.688352,0.759536,0.676049,0.692782,0.692645
0.741643,0.708676,0.757597,0.690509,0.835599,0.725008,0.677626,0.698058,0.749488,0.692822
0.707555,0.689813,0.691193,0.727637,0.580915,0.785958,0.721113,0.726549,0.692292,0.663910
0.690825,0.696532,0.731955,0.676897,0.575740,0.632615,0.715368,0.688250,0.693603,0.691616
0.724064,0.767702,0.580315,0.597030,0.750684,0.718885,0.612523,0.721151,0.741594,0.698675
0.700329,0.648757,0.710766,0.725815,0.602364,0.625609,0.682835,0.692192,0.715480,0.675711
0.721155,0.675691,0.702277,0.734159,0.672449,0.673069,0.726211,0.674036,0.685668,0.721830
0.661367,0.673870,0.668558,0.757330,0.654775,0.672226,0.697377,0.682598,0.668525,0.702181
0.716987,0.697982,0.756333,0.682313,0.608544,0.789682,0.713784,0.698333,0.687671,0.693102
0.736133,0.689753,0.692078,0.624187,0.691046,0.717215,0.691404,0.692465,0.653367,0.679959
0.692598,0.607518,0.680665,0.710090,0.772814,0.633356,0.690866,0.663550,0.734017,0.677117
0.700573,0.645782,0.747729,0.673663,0.887162,0.684735,0.692301,0.736881,0.759546,0.662201
0.691902,0.635290,0.672247,0.782737,0.681672,0.628200,0.687532,0.594976,0.686446,0.678001
0.634058,0.682562,0.713435,0.775766,0.374444,0.625339,0.713050,0.663859,0.757190,0.722178
0.699155,0.723490,0.630340,0.752285,0.830053,0.667061,0.650451,0.639048,0.686397,0.703231
0.758017,0.709822,0.627903,0.796076,0.466275,0.630375,0.641374,0.712957,0.683615,0.697887
0.683362,0.690117,0.654878,0.682177,0.385870,0.689824,0.688866,0.711310,0.680054,0.714575
0.685549,0.699874,0.698841,0.738567,0.383291,0.690592,0.654734,0.748075,0.738965,0.701144
0.755299,0.735483,0.682079,0.623800,0.721541,0.711561,0.717452,0.661647,0.775701,0.706789
0.659365,0.723035,0.669042,0.703756,0.695007,0.706092,0.715383,0.673457,0.728228,0.720230
0.684669,0.712534,0.649388,0.732459,0.765382,0.728219,0.611414,0.697409,0.691822,0.685359
0.690667,0.681752,0.715984,0.717447,0.469925,0.621927,0.657980,0.684664,0.736098,0.711900
0.702894,0.745560,0.694643,0.670288,0.762577,0.609287,0.684990,0.713176,0.730562,0.712360
0.726961,0.641236,0.645883,0.732024,0.633954,0.693612,0.700713,0.678048,0.698581,0.655795
0.687229,0.697003,0.715904,0.629034,0.587575,0.666972,0.695193,0.659889,0.677427,0.716612
0.669996,0.743537,0.691819,0.654837,0.713144,0.762667,0.676967,0.667227,0.739240,0.685728
0.686636,0.743698,0.707536,0.674038,0.690155,0.675506,0.713647,0.684055,0.680058,0.714789
0.686760,0.678303,0.735293,0.675814,0.733463,0.782519,0.715554,0.701441,0.683576,0.697338
0.730430,0.746540,0.653661,0.567636,0.763404,0.570492,0.698095,0.822796,0.624511,0.668501
0.701417,0.631968,0.696464,0.652607,0.756933,0.608351,0.706969,0.635969,0.686478,0.734661
0.612144,0.654479,0.712703,0.649908,0.601424,0.718331,0.665310,0.709414,0.723729,0.740379
0.709616,0.694698,0.679567,0.771533,0.661448,0.732065,0.588334,0.652808,0.671466,0.653846
0.685827,0.709791,0.658613,0.763077,0.619207,0.640405,0.714017,0.632483,0.691148,0.679363
0.735429,0.720260,0.723087,0.696638,0.677362,0.632987,0.693897,0.699956,0.758621,0.774473
0.674133,0.701600,0.649407,0.692142,0.787879,0.763134,0.683959,0.685331,0.686397,0.716488
0.674484,0.673948,0.689915,0.655040,0.669488,0.674767,0.728424,0.706404,0.676641,0.697739
0.672521,0.653988,0.678556,0.522829,0.760460,0.644095,0.659462,0.716917,0.803838,0.698970
0.715442,0.689095,0.718578,0.784233,0.859679,0.633606,0.720235,0.671149,0.721006,0.690769
0.685882,0.696576,0.692675,0.666895,0.420411,0.617018,0.661085,0.689212,0.668076,0.689385
0.678114,0.731452,0.750344,0.699415,0.790931,0.693623,0.765355,0.665319,0.661836,0.710397
0.708276,0.735192,0.646929,0.759596,0.802982,0.567508,0.681873,0.699907,0.706964,0.689026
0.665485,0.713547,0.657118,0.736159,0.770589,0.717634,0.637793,0.692979,0.661084,0.725937
0.717812,0.702866,0.710328,0.698339,0.651301,0.776188,0.709906,0.718024,0.720499,0.691014
0.757757,0.622855,0.762494,0.739154,0.578920,0.732025,0.581741,0.650544,0.661053,0.745605
0.702043,0.690571,0.661485,0.681429,0.665852,0.672874,0.749518,0.631077,0.683028,0.674960
0.729627,0.656408,0.714988,0.781640,0.673865,0.681907,0.642046,0.707258,0.697480,0.645514
0.705436,0.636545,0.721617,0.723583,0.604928,0.778366,0.715562,0.630229,0.680853,0.692764
0.680195,0.722818,0.607485,0.732569,0.799362,0.756306,0.611306,0.701141,0.687954,0.708363
0.684200,0.701811,0.658795,0.665551,0.813834,0.736099,0.635668,0.746818,0.654833,0.680877
0.681346,0.633534,0.639611,0.716343,0.705566,0.687267,0.622972,0.663395,0.753230,0.682137
0.673899,0.785193,0.658046,0.636248,0.857583,0.767161,0.692440,0.715477,0.670597,0.718174
0.674275,0.718116,0.730434,0.690144,0.628800,0.689475,0.660131,0.669719,0.701319,0.709513
0.676863,0.675892,0.726695,0.814698,0.872620,0.582851,0.722050,0.699855,0.666848,0.687192
0.710782,0.722649,0.724749,0.715130,0.682037,0.796560,0.726413,0.649974,0.699971,0.699991
0.719648,0.681694,0.702406,0.609039,0.667521,0.722663,0.675079,0.659305,0.716846,0.696036
0.709448,0.705825,0.753821,0.740983,0.559814,0.722964,0.724714,0.698634,0.687303,0.660085
0.700727,0.649144,0.664133,0.741024,0.378333,0.689651,0.697366,0.787755,0.697783,0.705118
0.659866,0.710272,0.791250,0.722720,0.832042,0.533823,0.720068,0.715807,0.678397,0.682568
0.710375,0.708225,0.742687,0.780351,0.883219,0.686086,0.699246,0.638849,0.681531,0.694588
0.654031,0.706791,0.731919,0.667363,0.711264,0.721146,0.655367,0.732174,0.686070,0.665387
0.637806,0.713441,0.732696,0.591526,0.680845,0.721419,0.718078,0.721685,0.651043,0.733622
0.669758,0.678645,0.680873,0.673605,0.690629,0.724601,0.705009,0.697913,0.666542,0.712257
0.700323,0.688743,0.720943,0.714487,0.950434,0.812217,0.705363,0.716067,0.699505,0.681702
0.687725,0.709796,0.705142,0.653129,0.707776,0.782704,0.696300,0.710793,0.744784,0.674024
0.757901,0.694020,0.669623,0.712459,0.714966,0.661351,0.748992,0.662726,0.671093,0.678448
0.734474,0.713276,0.670161,0.682443,0.763428,0.606467,0.715169,0.644667,0.688977,0.686335
0.670115,0.699959,0.702179,0.629649,0.705895,0.715826,0.620275,0.642412,0.670728,0.675998
0.681213,0.651069,0.587635,0.672406,0.761595,0.686404,0.678872,0.734329,0.670063,0.676436
0.712883,0.682580,0.671880,0.651068,0.699243,0.550236,0.679603,0.731053,0.680238,0.719475
0.715167,0.610034,0.677161,0.734188,0.537732,0.727893,0.683002,0.715248,0.746756,0.738296
0.779826,0.752179,0.604337,0.699380,0.629385,0.535567,0.780500,0.696809,0.650057,0.711349
0.689852,0.680611,0.696129,0.655032,0.692038,0.656663,0.720891,0.701196,0.715908,0.701312
0.667851,0.660479,0.709365,0.718605,0.607761,0.664030,0.680297,0.710439,0.683954,0.683051
0.742412,0.687414,0.694270,0.774764,0.564869,0.772772,0.755128,0.667633,0.677561,0.702279
0.741366,0.725429,0.707358,0.777975,0.814548,0.692917,0.693359,0.726205,0.684951,0.681409
0.710784,0.703611,0.731544,0.703251,0.691221,0.739357,0.752922,0.692849,0.685070,0.668612
0.717090,0.726407,0.660672,0.585365,0.774137,0.840295,0.653307,0.718134,0.656159,0.704829
0.683538,0.744627,0.662981,0.809412,0.690162,0.722147,0.746505,0.682302,0.553326,0.713031
0.694413,0.727164,0.655098,0.759053,0.653319,0.687424,0.632973,0.695844,0.653804,0.693118
0.689179,0.699621,0.677282,0.706804,0.513250,0.700244,0.667919,0.686268,0.709334,0.709025
0.718641,0.739129,0.647251,0.661421,0.753742,0.588775,0.737686,0.708602,0.701528,0.699388
0.710170,0.715078,0.714380,0.599415,0.876413,0.784896,0.651783,0.661695,0.752896,0.687379
0.667902,0.659302,0.745696,0.596249,0.770495,0.716041,0.755906,0.662649,0.651846,0.716215
0.712681,0.698825,0.640794,0.687564,0.639825,0.636359,0.720928,0.704010,0.670131,0.668215
0.684851,0.735717,0.722440,0.674668,0.738532,0.528204,0.653889,0.715784,0.725585,0.701602
0.625673,0.719592,0.657209,0.585570,0.713127,0.551503,0.676820,0.619848,0.711954,0.661531
0.735318,0.744058,0.737151,0.708932,0.647217,0.688024,0.675499,0.660419,0.729999,0.706885
0.673479,0.685466,0.668358,0.742817,0.667056,0.552971,0.734233,0.671607,0.691703,0.704123
0.679741,0.727017,0.706041,0.614177,0.642161,0.615302,0.687292,0.662874,0.698905,0.701281
0.687944,0.680547,0.712087,0.642912,0.552544,0.710174,0.722123,0.699974,0.703215,0.692648
0.690015,0.674408,0.692128,0.674389,0.666690,0.674197,0.703646,0.714609,0.697578,0.688260
0.686549,0.659086,0.707157,0.640889,0.586192,0.764679,0.702488,0.786701,0.713619,0.668820
0.682914,0.719093,0.727206,0.676395,0.672003,0.707957,0.712837,0.674818,0.679749,0.695935
0.664219,0.748558,0.674517,0.630379,0.761892,0.729528,0.664160,0.736725,0.682736,0.708421
0.682204,0.675781,0.697244,0.738341,0.786901,0.602443,0.726893,0.680608,0.708714,0.673761
0.660865,0.678324,0.790026,0.665692,0.625984,0.589868,0.796735,0.661261,0.658824,0.714863
0.702640,0.793372,0.645455,0.745635,0.663899,0.650485,0.617248,0.701219,0.678508,0.668081
0.642673,0.728620,0.635722,0.616742,0.512087,0.638093,0.701957,0.664963,0.734797,0.686758
0.591896,0.694538,0.729071,0.672799,0.663498,0.703113,0.698112,0.691333,0.690958,0.778274
0.686510,0.659343,0.695040,0.694962,0.183340,0.602754,0.642280,0.646423,0.711852,0.660862
0.662786,0.687334,0.594785,0.684569,0.657343,0.689281,0.597194,0.700069,0.651004,0.694260
0.676185,0.672315,0.699009,0.614584,0.778030,0.836562,0.761018,0.694543,0.686749,0.756867
0.673745,0.710149,0.652367,0.693741,0.889629,0.787837,0.611894,0.702896,0.663591,0.699456
0.715481,0.664581,0.727900,0.746976,0.597249,0.676669,0.717994,0.656605,0.691218,0.695562
0.716204,0.527700,0.730668,0.715055,0.669411,0.662664,0.638542,0.713499,0.632792,0.735717
0.727844,0.709578,0.638442,0.637254,0.674417,0.624479,0.772531,0.649806,0.635892,0.663335
0.709579,0.621424,0.643289,0.768774,0.661923,0.631291,0.649122,0.704519,0.682190,0.719700
0.726501,0.663702,0.731804,0.771793,0.880626,0.589854,0.707698,0.670775,0.655236,0.696119
0.680990,0.678901,0.701604,0.709151,0.607322,0.655601,0.699711,0.690834,0.739533,0.738759
0.673613,0.678591,0.791139,0.640703,0.571550,0.576890,0.808695,0.706667,0.681601,0.703269
0.684213,0.698828,0.704075,0.581112,0.659541,0.561764,0.632096,0.637477,0.671038,0.728878
0.686611,0.708766,0.696174,0.673929,0.518092,0.648924,0.676595,0.683830,0.682594,0.695552
0.680100,0.657634,0.697161,0.663799,0.622646,0.672486,0.738548,0.704827,0.707076,0.698108
0.708484,0.703642,0.558054,0.741931,0.777879,0.868261,0.560057,0.700028,0.711696,0.694918
0.726461,0.731810,0.676934,0.749481,0.552344,0.656949,0.701713,0.778512,0.644855,0.687160
0.691292,0.716370,0.735196,0.782568,0.798702,0.634242,0.695416,0.727203,0.685349,0.669859
0.697650,0.699122,0.742990,0.716372,0.585306,0.716160,0.709590,0.734050,0.690163,0.699338
0.696047,0.698486,0.724879,0.684383,0.665694,0.726657,0.731868,0.699094,0.686979,0.687117
0.757540,0.697626,0.681018,0.631120,0.682329,0.680887,0.852984,0.664651,0.626968,0.675371
0.662079,0.690869,0.651632,0.753606,0.730875,0.621205,0.735572,0.615043,0.666564,0.707229
0.670316,0.649365,0.694405,0.709968,0.557924,0.723468,0.671146,0.652495,0.672881,0.715389
0.685511,0.706954,0.628166,0.606309,0.742971,0.725463,0.657325,0.694631,0.739789,0.652037
0.656661,0.693862,0.641171,0.797627,0.585715,0.736469,0.722649,0.674942,0.740830,0.721672
0.675564,0.633102,0.721850,0.812998,0.654193,0.660636,0.691840,0.696554,0.646478,0.674862
0.703951,0.687610,0.715650,0.721808,0.708749,0.733547,0.746751,0.705860,0.728457,0.682197
0.676535,0.680415,0.698702,0.715045,0.649295,0.595517,0.586061,0.626340,0.641048,0.683978
0.711771,0.678034,0.725246,0.634245,0.565832,0.706849,0.679757,0.653779,0.682426,0.713774
0.677736,0.690901,0.708558,0.693269,0.914641,0.716275,0.704129,0.733643,0.712795,0.649366
0.744561,0.709540,0.612565,0.566827,0.788408,0.758018,0.724448,0.745075,0.687632,0.676127
0.665530,0.711239,0.678254,0.636768,0.763695,0.653136,0.678862,0.727466,0.670359,0.676497
0.675825,0.754795,0.707366,0.739506,0.728273,0.555984,0.673245,0.676225,0.604827,0.688077
0.661431,0.615841,0.606680,0.731965,0.478599,0.637625,0.747441,0.721141,0.709204,0.712338
0.697031,0.705848,0.679547,0.686028,0.860029,0.593483,0.718862,0.692451,0.706721,0.702758
0.688213,0.681826,0.687220,0.779206,0.805725,0.583058,0.695325,0.705684,0.690226,0.693209
0.702802,0.734463,0.660888,0.701998,0.728016,0.744726,0.668474,0.702368,0.722075,0.698752
0.683562,0.698884,0.712018,0.684816,0.815283,0.738280,0.730123,0.655622,0.616059,0.694126
0.640617,0.694526,0.664881,0.676971,0.578779,0.784031,0.681214,0.678218,0.746669,0.675125
0.720358,0.752894,0.713629,0.775535,0.700957,0.710079,0.639984,0.681518,0.663043,0.676546
0.716835,0.688578,0.703902,0.711667,0.502064,0.669647,0.728980,0.680000,0.680643,0.703805
0.701733,0.695814,0.717560,0.729736,0.810276,0.585043,0.692216,0.687358,0.714553,0.705603
0.705023,0.688947,0.675670,0.751572,0.709139,0.677199,0.682357,0.722075,0.704251,0.681567
0.694473,0.670333,0.645591,0.807922,0.764573,0.638027,0.666675,0.659501,0.731406,0.691694
0.700288,0.724057,0.695782,0.693096,0.691931,0.705115,0.668293,0.702800,0.690654,0.691256
0.775229,0.672123,0.732846,0.596136,0.712401,0.729929,0.639224,0.750959,0.764612,0.700727
0.686014,0.723157,0.718394,0.658496,0.709430,0.686690,0.694374,0.691819,0.727241,0.694649
0.690057,0.714203,0.712812,0.711000,0.914419,0.785000,0.693245,0.739682,0.671622,0.697861
0.651764,0.715692,0.682233,0.671587,0.845297,0.730357,0.678001,0.710456,0.631364,0.702742
0.665328,0.677037,0.709965,0.703288,0.591929,0.683454,0.643555,0.690427,0.742253,0.697553
0.744385,0.729028,0.688833,0.720817,0.585455,0.601274,0.690816,0.690269,0.749429,0.684893
0.714667,0.646063,0.729461,0.776334,0.697916,0.696459,0.688737,0.696009,0.694764,0.640866
0.680183,0.717676,0.633335,0.657530,0.796577,0.738374,0.614103,0.669527,0.661042,0.682051
0.695435,0.670431,0.694815,0.673588,0.808331,0.795302,0.703441,0.657912,0.689664,0.704410
0.685649,0.714546,0.779881,0.722016,0.596275,0.696826,0.702261,0.604216,0.681904,0.685297
0.637477,0.683385,0.763735,0.720039,0.646146,0.681078,0.668434,0.647565,0.684176,0.721451
0.702382,0.668939,0.650003,0.711498,0.643003,0.710180,0.777238,0.738366,0.654964,0.662692
0.670676,0.668987,0.739006,0.665202,0.612523,0.699337,0.731921,0.652536,0.692381,0.711107
0.689772,0.649104,0.711402,0.658563,0.801749,0.610157,0.658794,0.692355,0.701017,0.711574
0.700271,0.664430,0.707743,0.697907,0.749239,0.683574,0.708106,0.642475,0.724055,0.714471
0.708856,0.704150,0.651502,0.630393,0.489573,0.776487,0.723090,0.727587,0.664616,0.664814
0.755059,0.683830,0.644158,0.640288,0.758945,0.686044,0.683434,0.752834,0.817729,0.697804
0.687184,0.712183,0.685598,0.770052,0.706688,0.583452,0.677545,0.694591,0.699721,0.686198
0.683888,0.708695,0.727365,0.669723,0.835546,0.499624,0.658254,0.685869,0.685501,0.673095
0.716126,0.711283,0.715676,0.779727,0.588861,0.680506,0.676840,0.640608,0.750475,0.755237
0.702624,0.693760,0.733866,0.787036,0.536731,0.709837,0.707594,0.648800,0.689872,0.692439
0.682361,0.703418,0.721702,0.591045,0.767138,0.599303,0.649962,0.793945,0.660007,0.704177
0.689791,0.713153,0.746876,0.650830,0.602135,0.686387,0.692667,0.683691,0.708236,0.693335
0.700518,0.717847,0.707853,0.666153,0.597785,0.552345,0.728229,0.722223,0.697866,0.710107
0.665583,0.700512,0.641142,0.670595,0.494408,0.759518,0.740929,0.700649,0.693906,0.696182
0.686856,0.687015,0.697273,0.682396,0.679789,0.594742,0.681697,0.699392,0.698973,0.683571
0.667333,0.737627,0.713576,0.611681,0.808752,0.737072,0.663153,0.559345,0.645799,0.682809
0.711689,0.649781,0.685192,0.692589,0.610446,0.757428,0.684018,0.695262,0.711785,0.684206
0.705134,0.680893,0.679856,0.731911,0.770878,0.598929,0.702506,0.718668,0.701817,0.710493
0.675516,0.691436,0.682636,0.698663,0.794025,0.605777,0.653019,0.739347,0.720679,0.703287
0.709029,0.639238,0.746737,0.704210,0.592060,0.767727,0.746299,0.709245,0.689947,0.712284
0.746308,0.631190,0.626744,0.678896,0.863040,0.662827,0.760847,0.632276,0.621599,0.774710
0.683906,0.689131,0.731707,0.673151,0.563124,0.693448,0.674670,0.696783,0.706271,0.685222
0.633721,0.696968,0.659555,0.581974,0.655514,0.559034,0.720993,0.658321,0.669047,0.675693
0.640575,0.702673,0.713127,0.620575,0.769766,0.737864,0.632242,0.653111,0.787524,0.689740
0.695749,0.737612,0.685037,0.699385,0.439991,0.712273,0.718048,0.700284,0.694965,0.689382
0.676156,0.681976,0.713355,0.694248,0.696011,0.720562,0.748815,0.686530,0.704992,0.685742
0.679815,0.701853,0.731319,0.690175,0.806274,0.542839,0.713211,0.703830,0.662156,0.696148
0.698060,0.638320,0.646925,0.611348,0.694182,0.701246,0.679504,0.663584,0.679298,0.724133
0.722291,0.659596,0.691171,0.691147,0.641570,0.744947,0.707073,0.740591,0.640160,0.682001
0.702577,0.704976,0.695281,0.712428,0.571653,0.691171,0.683334,0.661883,0.742831,0.751874
0.672550,0.690781,0.645800,0.702460,0.488748,0.680250,0.737192,0.680951,0.718351,0.677892
0.709816,0.709387,0.716030,0.674723,0.606003,0.638548,0.717656,0.665722,0.644510,0.685344
0.700383,0.684053,0.715104,0.651548,0.881130,0.712350,0.737742,0.698660,0.713089,0.711218
0.717162,0.713933,0.663740,0.732289,0.552694,0.728849,0.698465,0.795605,0.708262,0.677995
0.714265,0.683104,0.659256,0.616823,0.441608,0.721709,0.659466,0.705931,0.683164,0.672061
0.715522,0.724797,0.720310,0.655478,0.688866,0.616236,0.690624,0.753893,0.756597,0.730003
0.757517,0.791868,0.671757,0.522494,0.763562,0.791962,0.700161,0.751131,0.757852,0.699266
0.637950,0.645819,0.683625,0.630138,0.733565,0.698554,0.722824,0.683984,0.719988,0.646717
0.718411,0.768218,0.653806,0.788647,0.750144,0.725602,0.668965,0.669459,0.671368,0.678395
0.679291,0.684774,0.716717,0.706223,0.888085,0.678258,0.667719,0.708880,0.654711,0.656744
0.674605,0.735174,0.720017,0.572833,0.599882,0.624682,0.695493,0.682728,0.715869,0.698510
0.732921,0.689842,0.629161,0.671083,0.684553,0.790268,0.715857,0.740052,0.687980,0.682972
0.677136,0.700934,0.702222,0.667484,0.681380,0.715958,0.696420,0.686598,0.682681,0.677515
0.695528,0.679601,0.670587,0.608664,0.644523,0.711190,0.714836,0.707817,0.680963,0.690144
0.711144,0.705913,0.680749,0.587594,0.540293,0.594620,0.691974,0.640705,0.659830,0.664971
0.679329,0.662006,0.674583,0.610497,0.882246,0.715702,0.684504,0.706847,0.772371,0.640909
0.747997,0.676175,0.715649,0.595351,0.565874,0.801896,0.709925,0.721581,0.696480,0.704505
0.670629,0.679077,0.677618,0.675198,0.339949,0.611131,0.663843,0.707074,0.676958,0.669532
0.701445,0.688916,0.693597,0.724352,0.795138,0.659218,0.705991,0.712124,0.675684,0.715268
0.696556,0.610866,0.675671,0.707552,0.866466,0.642814,0.706853,0.671829,0.709994,0.691980
0.745691,0.750527,0.628693,0.741828,0.712624,0.711267,0.721759,0.627627,0.744124,0.642831
0.677385,0.679025,0.755716,0.679996,0.750536,0.590740,0.692038,0.702826,0.691222,0.689751
0.709382,0.780233,0.754320,0.647881,0.720941,0.696671,0.690728,0.707945,0.728140,0.696489
0.731288,0.635611,0.810733,0.689707,0.596683,0.684159,0.648500,0.659973,0.636292,0.660352
0.709221,0.671655,0.720331,0.707093,0.648117,0.696522,0.717561,0.688245,0.694758,0.671797
0.724385,0.605200,0.684118,0.673544,0.728224,0.742830,0.672435,0.736686,0.739779,0.703030
0.697447,0.663022,0.620164,0.723050,0.624413,0.702388,0.736146,0.708543,0.658708,0.707666
0.779602,0.602918,0.621746,0.640505,0.677341,0.641314,0.750705,0.634321,0.652074,0.698730
0.688535,0.733621,0.718814,0.670021,0.684455,0.731846,0.734860,0.717345,0.708220,0.719668
0.684328,0.704695,0.685848,0.619226,0.657695,0.668614,0.684672,0.734520,0.713057,0.699074
0.671202,0.686043,0.675700,0.707295,0.617683,0.672433,0.728894,0.715308,0.686316,0.679530
0.676659,0.704723,0.673428,0.681194,0.808990,0.734341,0.745900,0.646093,0.690980,0.712041
0.746552,0.678932,0.674138,0.707445,0.714514,0.527646,0.710003,0.706863,0.776566,0.722069
0.656402,0.713573,0.694302,0.659532,0.668813,0.664071,0.654051,0.685834,0.693041,0.696556
0.718242,0.690928,0.729690,0.671387,0.461329,0.718119,0.677755,0.698956,0.674439,0.689154
0.608425,0.670501,0.714660,0.704238,0.701946,0.781598,0.660287,0.662898,0.664081,0.694110
0.643467,0.684369,0.739238,0.662304,0.868931,0.733494,0.664019,0.684151,0.694125,0.688622
0.684728,0.695650,0.727017,0.715833,0.688077,0.668055,0.727048,0.671186,0.681310,0.712945
0.704833,0.774979,0.690611,0.665842,0.760173,0.612266,0.705598,0.691200,0.726519,0.731920
0.689381,0.668180,0.710305,0.704080,0.522270,0.618741,0.713487,0.695147,0.737877,0.747547
0.682986,0.657361,0.714390,0.767948,0.765500,0.593653,0.698302,0.669985,0.681861,0.693479
0.715268,0.742739,0.689062,0.793127,0.772487,0.826208,0.723475,0.678995,0.690472,0.638683
0.690111,0.668557,0.685149,0.731740,0.876983,0.679903,0.653089,0.765946,0.644858,0.698491
0.683014,0.721567,0.634945,0.744469,0.824678,0.762816,0.615857,0.694615,0.705573,0.716902
0.740953,0.690621,0.639437,0.655090,0.791638,0.701558,0.715448,0.686354,0.769486,0.722862
0.709273,0.762222,0.738928,0.642966,0.808805,0.675892,0.669853,0.631348,0.643695,0.669320
0.680555,0.723247,0.676965,0.698286,0.181926,0.626323,0.672230,0.701291,0.726583,0.689742
0.681756,0.698266,0.690243,0.807950,0.660181,0.776330,0.715975,0.654556,0.761960,0.731239
0.669647,0.678157,0.722777,0.670296,0.720452,0.697814,0.741382,0.707868,0.680295,0.684060
0.654155,0.700794,0.639735,0.669639,0.706016,0.701257,0.660027,0.615179,0.714785,0.645455
0.744384,0.680421,0.717097,0.706468,0.699688,0.598880,0.672250,0.738361,0.736626,0.705667
0.725951,0.674455,0.780853,0.680442,0.665709,0.755569,0.634207,0.635541,0.652757,0.668817
0.773292,0.677289,0.729796,0.684487,0.486182,0.715990,0.654500,0.689676,0.617596,0.757594
0.694024,0.682869,0.686453,0.640837,0.685490,0.695572,0.752955,0.669012,0.703089,0.696563
0.718224,0.722810,0.678151,0.529636,0.802613,0.709625,0.691843,0.683394,0.739728,0.725935
0.704521,0.729720,0.691410,0.675018,0.644502,0.700144,0.692761,0.681378,0.706038,0.679290
0.659207,0.695133,0.645798,0.607200,0.660311,0.617875,0.720607,0.690829,0.718213,0.691505
0.700568,0.721899,0.687078,0.791295,0.744530,0.631694,0.661275,0.679442,0.678572,0.703126
0.666211,0.668283,0.699205,0.727603,0.673794,0.682285,0.720538,0.753567,0.696106,0.714237
0.758101,0.729746,0.703557,0.687463,0.665982,0.690182,0.720504,0.683384,0.673522,0.686978
0.695958,0.708405,0.747085,0.674437,0.611736,0.676809,0.723223,0.682531,0.673314,0.678927
0.688337,0.706355,0.732054,0.689614,0.673445,0.689704,0.702834,0.668317,0.697355,0.644991
0.682995,0.690305,0.701149,0.646289,0.514824,0.652245,0.710040,0.686365,0.669063,0.691208
0.700620,0.687609,0.756713,0.692975,0.673624,0.717306,0.741709,0.693017,0.692093,0.692711
0.653829,0.681618,0.731285,0.695411,0.914751,0.708986,0.707059,0.718482,0.693518,0.701735
0.715667,0.707586,0.714000,0.650839,0.720585,0.782440,0.679761,0.677327,0.684032,0.655521
0.650495,0.710273,0.657682,0.714029,0.543209,0.756129,0.716604,0.735567,0.722897,0.687296
0.676490,0.673707,0.637823,0.728290,0.779729,0.557257,0.682301,0.724984,0.664053,0.689927
0.709074,0.707940,0.702800,0.720948,0.688591,0.673927,0.753722,0.681349,0.670000,0.696324
0.666399,0.686917,0.752433,0.729878,0.747859,0.694807,0.639642,0.724255,0.694815,0.709678
0.683322,0.707466,0.741616,0.704488,0.810121,0.660657,0.683631,0.740874,0.687510,0.657584
0.679348,0.696111,0.702020,0.693096,0.730018,0.689129,0.717536,0.681239,0.672503,0.650006
0.672415,0.686305,0.668071,0.783644,0.799548,0.513249,0.704785,0.653315,0.699519,0.698464
0.672633,0.621800,0.738784,0.692655,0.525681,0.788733,0.709698,0.660568,0.696320,0.704191
0.681917,0.686834,0.696305,0.650413,0.678663,0.700134,0.698700,0.683666,0.674994,0.702126
0.629168,0.691528,0.661074,0.695321,0.837692,0.749992,0.574740,0.613187,0.683122,0.675891
0.718467,0.711257,0.705904,0.748169,0.549129,0.688904,0.675362,0.698487,0.679136,0.655560
0.680597,0.698017,0.778645,0.735833,0.806741,0.624646,0.631289,0.712443,0.664585,0.685793
0.743971,0.668712,0.777003,0.676457,0.844250,0.688402,0.643765,0.619959,0.714745,0.659222
0.668255,0.748216,0.688154,0.714295,0.756928,0.814346,0.724059,0.718177,0.660393,0.679264
0.696588,0.698186,0.697494,0.677650,0.731714,0.652940,0.692096,0.713513,0.644701,0.680054
0.710811,0.686939,0.631599,0.717791,0.675357,0.575109,0.699226,0.664514,0.690756,0.674888
0.694144,0.695446,0.624825,0.754000,0.666496,0.753802,0.682537,0.704383,0.716923,0.697635
0.683275,0.702462,0.693696,0.679459,0.559545,0.670937,0.719670,0.664052,0.708680,0.706046
0.677500,0.698911,0.540274,0.703219,0.680368,0.751238,0.790785,0.652422,0.723508,0.659565
0.667491,0.727937,0.663728,0.786654,0.847343,0.745504,0.704890,0.681683,0.679460,0.691057
0.732871,0.665678,0.669607,0.681695,0.648143,0.747541,0.677475,0.696399,0.714821,0.715340
0.751487,0.634428,0.677003,0.723743,0.406212,0.723976,0.704108,0.679763,0.740122,0.648390
0.649342,0.708753,0.700814,0.727408,0.686021,0.747346,0.694651,0.698018,0.672502,0.730523
0.685895,0.715500,0.654798,0.752753,0.797898,0.753340,0.701033,0.736147,0.700034,0.680570
0.709647,0.648096,0.691981,0.802974,0.874427,0.602965,0.699343,0.673690,0.737581,0.707028
0.711464,0.713091,0.719760,0.755577,0.684331,0.637556,0.725117,0.660451,0.705308,0.682264
0.698502,0.689229,0.723140,0.774827,0.771565,0.602079,0.685890,0.678328,0.686093,0.716309
0.702839,0.661580,0.737623,0.738669,0.813511,0.573315,0.764193,0.697383,0.679253,0.724324
0.668321,0.651354,0.694074,0.657572,0.651552,0.628323,0.713906,0.688719,0.688496,0.651245
0.691348,0.711382,0.655307,0.641016,0.751364,0.598908,0.712755,0.759699,0.687118,0.682490
0.681882,0.683158,0.682928,0.581527,0.635883,0.574156,0.710266,0.709229,0.694440,0.672419
0.673285,0.706721,0.527053,0.652869,0.629646,0.662509,0.506074,0.680882,0.642972,0.696834
0.628162,0.703038,0.723343,0.652108,0.660492,0.798916,0.740539,0.674396,0.711555,0.701252
0.689555,0.670462,0.732533,0.695778,0.796829,0.615237,0.673904,0.726645,0.702499,0.672372
0.663270,0.707499,0.683279,0.673140,0.826714,0.637968,0.710126,0.738102,0.667069,0.690948
0.714238,0.648985,0.658091,0.761876,0.807920,0.883958,0.697923,0.642610,0.662315,0.663649
0.794655,0.664627,0.663785,0.655768,0.861808,0.726188,0.674671,0.654087,0.719909,0.712539
0.672232,0.679239,0.660138,0.611589,0.527696,0.850917,0.685402,0.720201,0.693462,0.681364
0.733870,0.704691,0.774428,0.670739,0.583146,0.738737,0.670520,0.697448,0.683278,0.682414
0.658626,0.661717,0.727252,0.610794,0.655196,0.717479,0.672301,0.707815,0.715688,0.711708
0.666576,0.760378,0.678565,0.766121,0.614981,0.817239,0.751752,0.759890,0.720139,0.682490
0.700510,0.690623,0.701768,0.700174,0.594205,0.742265,0.700156,0.708501,0.663970,0.700182
0.766563,0.670010,0.687318,0.604119,0.604682,0.690534,0.680075,0.656417,0.653146,0.672266
0.676855,0.635813,0.722292,0.723178,0.612160,0.725226,0.700491,0.641851,0.695534,0.706012
0.684223,0.681508,0.693264,0.759705,0.674865,0.720788,0.713542,0.745294,0.690266,0.706587
0.729967,0.714447,0.616396,0.671163,0.761043,0.710090,0.733641,0.694441,0.703052,0.667826
0.698398,0.754131,0.657721,0.740996,0.566934,0.749115,0.720004,0.615445,0.717405,0.675682
0.674588,0.719081,0.689534,0.684033,0.364139,0.664345,0.674178,0.675657,0.696396,0.694460
0.623727,0.686361,0.649061,0.766733,0.856544,0.692624,0.755728,0.728975,0.755000,0.692549
0.685880,0.694048,0.715519,0.677684,0.707196,0.705327,0.654798,0.716549,0.742249,0.698641
0.702793,0.658095,0.656267,0.720944,0.637244,0.737336,0.745334,0.705731,0.719677,0.674202
0.726258,0.719904,0.672481,0.730327,0.679421,0.558838,0.700179,0.701408,0.708407,0.718803
0.729192,0.705353,0.739586,0.579338,0.727303,0.728412,0.613440,0.649252,0.665009,0.753739
0.718229,0.690173,0.713031,0.684166,0.809828,0.592326,0.700287,0.656639,0.696993,0.684291
0.720108,0.709015,0.691945,0.715227,0.426075,0.665366,0.696577,0.666001,0.691857,0.713802
0.725907,0.689196,0.651425,0.741301,0.722061,0.683966,0.683548,0.680383,0.713003,0.690556
0.641598,0.696202,0.773759,0.739307,0.678033,0.773096,0.627273,0.698349,0.702060,0.704933
0.725968,0.693381,0.674165,0.680130,0.722242,0.651911,0.750300,0.671604,0.689914,0.687474
0.662822,0.695601,0.721972,0.678793,0.436987,0.708695,0.652521,0.751736,0.702041,0.662836
0.669471,0.706695,0.734904,0.603800,0.689237,0.686341,0.647788,0.652040,0.697774,0.719702
0.656700,0.677757,0.748201,0.677989,0.496451,0.611580,0.630604,0.709679,0.707863,0.723916
0.744438,0.689107,0.784847,0.676811,0.614627,0.664095,0.739823,0.676248,0.700889,0.705548
0.673130,0.709651,0.760557,0.784969,0.729307,0.728386,0.695621,0.699607,0.664388,0.724327
0.691488,0.686258,0.636774,0.729869,0.771399,0.548221,0.745585,0.684576,0.699429,0.721995
0.634596,0.648022,0.621477,0.666543,0.788871,0.701518,0.739450,0.714344,0.665009,0.614991
0.668847,0.694934,0.688165,0.721305,0.763472,0.600285,0.700284,0.697413,0.715948,0.681270
0.687285,0.687586,0.715070,0.707741,0.643467,0.730792,0.717441,0.658871,0.702414,0.694882
0.701016,0.753357,0.706035,0.657429,0.796856,0.749094,0.709614,0.735844,0.735992,0.717091
0.657413,0.685042,0.663155,0.692918,0.767269,0.655175,0.728697,0.621217,0.727403,0.695348
0.646195,0.758840,0.664675,0.528601,0.762828,0.732517,0.697163,0.721849,0.673637,0.673574
0.702355,0.714509,0.660744,0.606311,0.315850,0.733152,0.650819,0.706563,0.682676,0.675862
0.674697,0.730489,0.734647,0.722020,0.722882,0.754847,0.703874,0.656580,0.700098,0.645593
0.708613,0.734739,0.786247,0.728610,0.614050,0.780441,0.650251,0.709370,0.695441,0.700502
0.723444,0.650201,0.767278,0.719982,0.759277,0.798224,0.786360,0.688053,0.717767,0.698205
0.677936,0.712075,0.714466,0.688889,0.673225,0.605099,0.678810,0.721108,0.679000,0.699966
0.731791,0.712947,0.683924,0.596158,0.842054,0.743985,0.630815,0.621265,0.712800,0.684829
0.680922,0.656220,0.684128,0.524404,0.906092,0.731086,0.659190,0.758338,0.696570,0.683794
0.686801,0.701579,0.724411,0.619834,0.477290,0.654216,0.715227,0.691552,0.669907,0.686564
0.660111,0.660078,0.778291,0.687185,0.639788,0.768485,0.667084,0.681905,0.686056,0.699305
0.734093,0.797155,0.640636,0.639696,0.645604,0.579719,0.612267,0.715137,0.680915,0.687115
0.689976,0.700416,0.687790,0.785361,0.521850,0.728311,0.686357,0.601502,0.692193,0.684907
0.671469,0.622819,0.682152,0.711450,0.628145,0.705864,0.676909,0.694543,0.701429,0.660102
0.679680,0.758903,0.662373,0.712582,0.836331,0.718325,0.752835,0.688233,0.694933,0.640651
0.711258,0.676084,0.691729,0.687280,0.454876,0.662024,0.693460,0.694301,0.708724,0.692776
0.687265,0.740859,0.708885,0.676581,0.618380,0.697069,0.684984,0.723186,0.703008,0.702620
0.687495,0.711555,0.683076,0.666984,0.606347,0.623675,0.682736,0.694062,0.675375,0.709835
0.656121,0.657341,0.698400,0.709793,0.666243,0.689239,0.710716,0.699658,0.666183,0.722175
0.662566,0.663267,0.704209,0.644255,0.947689,0.776420,0.685947,0.776587,0.668904,0.698104
0.652192,0.697136,0.694729,0.617346,0.627673,0.673692,0.713444,0.674032,0.691366,0.686753
0.699064,0.742628,0.790380,0.618938,0.687620,0.595898,0.801775,0.670853,0.726578,0.713679
0.745762,0.717797,0.621110,0.606064,0.626756,0.630119,0.721111,0.686857,0.695327,0.628391
0.725081,0.652462,0.706166,0.689266,0.644115,0.655333,0.706360,0.749635,0.693053,0.702555
0.666566,0.729866,0.619432,0.759334,0.712423,0.792205,0.605438,0.658296,0.668597,0.683298
0.703927,0.779555,0.653402,0.692103,0.573138,0.653054,0.663884,0.694492,0.680806,0.710473
0.689728,0.694046,0.726165,0.687966,0.699741,0.789096,0.685089,0.695552,0.722330,0.665559
0.670824,0.674682,0.697326,0.701958,0.708857,0.679616,0.699115,0.704023,0.694445,0.648669
0.674491,0.684596,0.591063,0.597523,0.493518,0.751387,0.709119,0.677082,0.725967,0.731575
0.742740,0.721343,0.674998,0.772278,0.771526,0.771774,0.704234,0.682412,0.645814,0.625753
0.663576,0.678191,0.702298,0.789342,0.627820,0.675085,0.680534,0.646579,0.698251,0.702771
0.665159,0.672917,0.661862,0.687578,0.570664,0.765942,0.707334,0.682891,0.686576,0.739566
0.713719,0.720074,0.759720,0.669289,0.839014,0.687225,0.610970,0.652009,0.770488,0.601817
0.694460,0.657819,0.738470,0.652192,0.530348,0.688932,0.674293,0.677499,0.659291,0.709887
0.730189,0.670331,0.493217,0.591045,0.544711,0.619496,0.786502,0.617843,0.647174,0.604919
0.644475,0.720131,0.730508,0.689577,0.598179,0.662427,0.681978,0.632873,0.663771,0.695526
0.678272,0.818665,0.701835,0.729591,0.620033,0.737490,0.688516,0.769137,0.716406,0.689107
0.702244,0.699209,0.649234,0.721487,0.684899,0.783851,0.662684,0.679920,0.721907,0.641849
0.703434,0.666145,0.672497,0.648013,0.633901,0.712169,0.701020,0.689078,0.723100,0.666079
0.674073,0.738445,0.711636,0.816363,0.913649,0.735206,0.724304,0.670330,0.685328,0.689050
0.685452,0.701730,0.595041,0.731381,0.754257,0.682340,0.585062,0.687982,0.667134,0.697310
0.683099,0.701430,0.705820,0.646671,0.510675,0.696645,0.716323,0.707763,0.680057,0.699019
0.647917,0.722896,0.707597,0.717112,0.746893,0.655742,0.684643,0.684318,0.699232,0.646801
0.651265,0.672379,0.663812,0.674901,0.847356,0.741513,0.673090,0.724435,0.639619,0.725388
0.690498,0.711138,0.723222,0.695749,0.793074,0.544703,0.710936,0.749626,0.668202,0.683729
0.703896,0.700822,0.670461,0.664503,0.278960,0.642800,0.696873,0.696098,0.693628,0.699225
0.736931,0.717028,0.630236,0.645314,0.719620,0.788239,0.759223,0.696208,0.694697,0.662473
0.672491,0.707982,0.685576,0.715722,0.530580,0.640639,0.748418,0.705117,0.672680,0.698006
0.697981,0.693418,0.727058,0.688723,0.729633,0.702839,0.735230,0.658899,0.683080,0.682367
0.738891,0.713527,0.635361,0.745836,0.767440,0.711580,0.752054,0.733629,0.657777,0.691706
0.674388,0.691389,0.694467,0.698465,0.531728,0.616235,0.693184,0.683345,0.683544,0.713225
0.683935,0.707839,0.691506,0.766072,0.850212,0.699819,0.717615,0.641233,0.688484,0.703388
0.692547,0.695524,0.625404,0.721910,0.708911,0.710980,0.590867,0.691258,0.686612,0.685710
0.700737,0.690591,0.715372,0.682351,0.656032,0.759290,0.713515,0.667839,0.708058,0.695897
0.679921,0.668773,0.709171,0.689470,0.374262,0.609972,0.654100,0.718410,0.651365,0.685349
0.651440,0.696110,0.704951,0.583332,0.640021,0.608398,0.687662,0.627086,0.709479,0.684455
0.724876,0.679186,0.754928,0.605906,0.696471,0.671721,0.781108,0.685798,0.715473,0.701392
0.694575,0.693728,0.687538,0.673988,0.595684,0.673903,0.679516,0.686767,0.681736,0.685149
0.709533,0.650821,0.636655,0.641377,0.624816,0.656789,0.688056,0.676284,0.689254,0.622301
0.664795,0.672274,0.700029,0.614808,0.635619,0.679047,0.671791,0.674330,0.667204,0.700203
0.718380,0.706088,0.675793,0.713714,0.659317,0.626373,0.700154,0.731270,0.676258,0.700192
0.706304,0.738377,0.695876,0.660266,0.814173,0.711149,0.723546,0.687020,0.718453,0.737439
0.693688,0.659607,0.748169,0.717557,0.744313,0.734089,0.683255,0.685045,0.752861,0.709320
0.711009,0.698888,0.730707,0.678272,0.662817,0.699938,0.636673,0.660097,0.664972,0.688935
0.690614,0.660335,0.711228,0.720457,0.554858,0.691053,0.720956,0.691049,0.658011,0.709330
0.757400,0.602693,0.708866,0.739951,0.581836,0.740140,0.686804,0.642310,0.741790,0.689249
0.716834,0.693839,0.692585,0.603081,0.575935,0.745991,0.704666,0.693740,0.668498,0.680639
0.692466,0.706855,0.607541,0.759173,0.865198,0.771511,0.608777,0.698708,0.693838,0.713134
0.717415,0.661988,0.705708,0.747210,0.545793,0.607100,0.661518,0.695243,0.690888,0.659593
0.705568,0.685497,0.663629,0.709877,0.560937,0.668042,0.656525,0.675201,0.667110,0.696336
0.675519,0.706901,0.675147,0.685842,0.630088,0.687295,0.721217,0.646223,0.686625,0.682895
0.686993,0.684119,0.582515,0.759012,0.650963,0.691658,0.699625,0.655696,0.694579,0.717670
0.695453,0.640252,0.698386,0.779211,0.698878,0.731629,0.686590,0.680889,0.703861,0.695324
0.696653,0.689294,0.687613,0.705988,0.630482,0.769820,0.693199,0.667142,0.686895,0.689256
0.707901,0.706134,0.674795,0.764973,0.920400,0.721070,0.772538,0.656859,0.666563,0.749773
0.594043,0.717543,0.681510,0.692071,0.745426,0.575301,0.755404,0.715066,0.652595,0.684782
0.627129,0.673677,0.758078,0.691532,0.578813,0.704046,0.604662,0.699580,0.736623,0.684774
0.712645,0.724134,0.651292,0.687187,0.512770,0.675640,0.711875,0.724134,0.740475,0.683498
0.712068,0.675599,0.700588,0.674534,0.589007,0.774318,0.680650,0.707144,0.688036,0.735114
0.692850,0.674541,0.784251,0.705947,0.627362,0.683542,0.721655,0.681098,0.685977,0.761948
0.680162,0.718881,0.692325,0.717312,0.831169,0.727431,0.718901,0.733943,0.641591,0.700833
0.666681,0.658930,0.677327,0.677293,0.845062,0.660281,0.750876,0.698610,0.720853,0.657111
0.717876,0.635270,0.672378,0.793829,0.891458,0.743379,0.713887,0.690032,0.737862,0.697576
0.660286,0.716312,0.744201,0.658225,0.522414,0.749918,0.726907,0.679302,0.680111,0.675014
0.602109,0.680487,0.621492,0.649639,0.691045,0.589575,0.740230,0.676103,0.688963,0.678192
0.723898,0.697915,0.685719,0.708497,0.581578,0.679461,0.725440,0.683707,0.665089,0.657665
0.691717,0.694519,0.711004,0.769793,0.856226,0.685031,0.702178,0.681703,0.676073,0.706882
0.686817,0.694167,0.737294,0.738411,0.801544,0.614263,0.661270,0.650088,0.697168,0.666461
0.682988,0.685079,0.662984,0.646619,0.366632,0.675316,0.668924,0.694385,0.700040,0.672742
0.689643,0.725656,0.732719,0.680779,0.707964,0.609355,0.659459,0.715084,0.720884,0.695240
0.679956,0.734833,0.700855,0.711324,0.728582,0.514035,0.627246,0.703935,0.706062,0.698960
0.751271,0.695639,0.715358,0.720284,0.442785,0.751422,0.652762,0.623881,0.756265,0.638805
0.668834,0.726419,0.738062,0.683457,0.623752,0.592242,0.610447,0.677516,0.684418,0.658517
0.653743,0.730579,0.719026,0.545095,0.683353,0.607516,0.690517,0.620241,0.721427,0.698758
0.694922,0.688506,0.586613,0.767174,0.662404,0.612227,0.571882,0.731167,0.696439,0.692103
0.753459,0.705722,0.636323,0.680925,0.687994,0.612126,0.705465,0.659367,0.722114,0.667559
0.690497,0.715347,0.646849,0.667295,0.364940,0.674915,0.708556,0.706541,0.672464,0.706953
0.710966,0.678942,0.690118,0.686381,0.722558,0.783337,0.599570,0.665057,0.667232,0.683624
0.689012,0.682865,0.729791,0.746083,0.740176,0.699810,0.717686,0.736573,0.710799,0.714318
0.708134,0.693584,0.722265,0.725663,0.650864,0.730460,0.646259,0.700238,0.694611,0.696979
0.704471,0.659062,0.680571,0.678600,0.553705,0.670948,0.724804,0.715370,0.695208,0.696282
0.718643,0.708332,0.709515,0.730265,0.612772,0.544332,0.671533,0.704823,0.720949,0.705477
0.722898,0.649768,0.721733,0.729468,0.530238,0.679568,0.701726,0.688610,0.674754,0.780639
0.668706,0.610321,0.680378,0.715514,0.644425,0.846284,0.720592,0.608481,0.658895,0.712299
0.688562,0.698050,0.681964,0.664945,0.739840,0.706810,0.726919,0.717911,0.728291,0.675903
0.703943,0.637704,0.715585,0.764759,0.647017,0.849719,0.650241,0.660331,0.706146,0.714363
0.702808,0.720522,0.703293,0.691306,0.709299,0.599334,0.608516,0.713284,0.739213,0.704662
0.663458,0.632906,0.722838,0.679432,0.597674,0.644729,0.693058,0.693476,0.712008,0.670033
0.684719,0.729922,0.680774,0.734195,0.541342,0.652792,0.766831,0.726595,0.698792,0.729859
0.731247,0.640228,0.675845,0.695672,0.806180,0.634419,0.670415,0.728709,0.688792,0.726763
0.651319,0.687964,0.720266,0.652532,0.638919,0.786463,0.752514,0.705217,0.669189,0.674486
0.687215,0.737202,0.729978,0.682691,0.872739,0.788108,0.695787,0.636515,0.738070,0.665927
0.672136,0.701965,0.614479,0.702705,0.751139,0.810114,0.622766,0.693758,0.675854,0.725060
0.670690,0.635315,0.687698,0.596706,0.714022,0.637709,0.696821,0.672444,0.709587,0.713254
0.652361,0.738418,0.610036,0.598886,0.785869,0.706059,0.735625,0.637078,0.677402,0.666344
0.708160,0.694679,0.770778,0.562322,0.645678,0.742812,0.749118,0.652094,0.678662,0.700298
0.711463,0.721161,0.666216,0.695314,0.673774,0.664866,0.709908,0.710578,0.665252,0.692852
0.717756,0.670860,0.675453,0.787721,0.489195,0.673751,0.739811,0.682235,0.748790,0.690222
0.691154,0.706918,0.633943,0.712442,0.684862,0.685393,0.664542,0.712135,0.667918,0.702488
0.738589,0.697029,0.738324,0.717085,0.627562,0.876648,0.659544,0.767266,0.700703,0.718585
0.683147,0.756515,0.702294,0.645250,0.806196,0.622188,0.713129,0.681593,0.680367,0.709723
0.679758,0.661720,0.715315,0.639683,0.560192,0.695914,0.652964,0.683114,0.697152,0.668251
0.677795,0.633479,0.623331,0.695367,0.801670,0.661711,0.662913,0.712280,0.702113,0.697037
0.691389,0.672844,0.698762,0.702414,0.681630,0.689837,0.696191,0.703992,0.678896,0.661175
0.694537,0.709167,0.677123,0.713446,0.332731,0.683532,0.691088,0.737372,0.697401,0.688039
0.692423,0.679514,0.721944,0.677288,0.708330,0.730903,0.709260,0.682391,0.663162,0.682175
0.674712,0.673641,0.719077,0.650417,0.632707,0.695158,0.726825,0.678762,0.693398,0.688899
0.733909,0.690314,0.644139,0.646468,0.718324,0.609491,0.708445,0.744554,0.665250,0.660834
0.695716,0.736611,0.729220,0.654556,0.631299,0.697651,0.680632,0.643965,0.695023,0.724713
0.733102,0.643374,0.672521,0.643591,0.866302,0.724859,0.726447,0.704521,0.659967,0.697717
0.687789,0.697589,0.664543,0.733396,0.776359,0.799055,0.635745,0.688726,0.667493,0.675151
0.696902,0.692604,0.733533,0.688004,0.700630,0.748332,0.793002,0.676203,0.683113,0.686933
0.697996,0.827934,0.701226,0.668190,0.694344,0.672291,0.658213,0.753549,0.752884,0.664965
0.679896,0.699167,0.679139,0.766058,0.761878,0.621135,0.685569,0.716759,0.719920,0.676122
0.683484,0.707524,0.700200,0.632573,0.614661,0.504008,0.710481,0.683583,0.688590,0.656252
0.711290,0.616803,0.598493,0.737717,0.728830,0.524971,0.740361,0.691007,0.643069,0.670407
0.731355,0.628174,0.684708,0.733112,0.887879,0.722202,0.712965,0.714235,0.691458,0.745592
0.689952,0.704410,0.705682,0.664019,0.668369,0.706655,0.693506,0.615916,0.706699,0.698070
0.677754,0.677299,0.655142,0.683392,0.759814,0.721683,0.655917,0.703916,0.667382,0.694963
0.667689,0.706677,0.733695,0.722545,0.659558,0.672976,0.750188,0.688702,0.702182,0.671915
0.697400,0.607973,0.682384,0.604766,0.712078,0.699934,0.672988,0.716076,0.720888,0.666801
0.727170,0.720199,0.651990,0.732441,0.760775,0.510213,0.708454,0.684022,0.733929,0.758641
0.686351,0.682986,0.676563,0.666068,0.578107,0.783835,0.684608,0.683015,0.664864,0.701506
0.674853,0.678612,0.757446,0.661099,0.676226,0.636380,0.721704,0.707551,0.651347,0.724882
0.697949,0.746469,0.687337,0.713828,0.708643,0.707671,0.720956,0.724405,0.672262,0.708498
0.737334,0.721379,0.596498,0.602439,0.652307,0.557154,0.699425,0.643567,0.709779,0.742975
0.663761,0.677273,0.694743,0.742978,0.595368,0.667173,0.727537,0.661921,0.689796,0.701085
0.668462,0.641457,0.682683,0.765828,0.720621,0.681267,0.703030,0.620247,0.699193,0.670862
0.697749,0.687579,0.659506,0.684807,0.674108,0.677169,0.675277,0.692831,0.709038,0.707765
0.725094,0.709809,0.612926,0.598697,0.666660,0.543353,0.696422,0.743345,0.699169,0.674240
0.711665,0.719070,0.714973,0.716540,0.660981,0.735047,0.625139,0.685855,0.678700,0.715486
0.649586,0.716260,0.689766,0.747122,0.873571,0.550600,0.747149,0.671149,0.639199,0.712953
0.709316,0.664924,0.749337,0.675098,0.619300,0.715529,0.737145,0.695911,0.675592,0.685207
0.732355,0.737212,0.727619,0.744140,0.665053,0.735908,0.711571,0.725748,0.712080,0.737210
0.614922,0.687888,0.689822,0.742682,0.864274,0.570289,0.707083,0.661160,0.683760,0.635540
0.702880,0.694284,0.743029,0.837762,0.726537,0.838832,0.667139,0.680980,0.637633,0.710957
0.668796,0.710536,0.754032,0.593437,0.652810,0.725613,0.718474,0.631947,0.698748,0.682973
0.675831,0.706497,0.736482,0.692674,0.643430,0.723189,0.732506,0.686533,0.707786,0.646473
0.728722,0.706581,0.646475,0.689246,0.910784,0.811944,0.747482,0.688394,0.644469,0.726427
0.680008,0.663387,0.733637,0.706724,0.600536,0.653435,0.661561,0.686253,0.736064,0.693069
0.708102,0.753856,0.609146,0.738231,0.574345,0.735345,0.645917,0.703445,0.710583,0.703029
0.683782,0.681349,0.673054,0.711093,0.548888,0.675170,0.700153,0.683429,0.693043,0.681009
0.647032,0.661368,0.716192,0.635708,0.700073,0.733275,0.644507,0.671600,0.778217,0.738284
0.664960,0.699712,0.719617,0.702042,0.892031,0.726593,0.690168,0.640104,0.665005,0.696133
0.696193,0.741596,0.731116,0.736136,0.630999,0.766127,0.698208,0.670923,0.688922,0.677874
0.715581,0.723483,0.691836,0.727521,0.619629,0.696025,0.712707,0.762358,0.698231,0.695665
0.683842,0.675664,0.711699,0.651489,0.502301,0.696706,0.669075,0.696703,0.730768,0.683632
0.675659,0.706956,0.684542,0.650123,0.834482,0.706452,0.707208,0.696490,0.645908,0.693889
0.736309,0.694255,0.667981,0.667953,0.530041,0.618880,0.696026,0.689487,0.718409,0.700183
0.689993,0.724664,0.716177,0.616662,0.631935,0.640802,0.713806,0.718973,0.711603,0.683339
0.699766,0.691378,0.746706,0.746670,0.570792,0.711101,0.767704,0.695961,0.695161,0.673041
0.640244,0.677160,0.681378,0.674339,0.625340,0.718312,0.673600,0.725693,0.744641,0.732955
0.712277,0.615129,0.699944,0.758083,0.837696,0.672173,0.692769,0.708896,0.727655,0.688938
0.692254,0.691391,0.704175,0.741233,0.558608,0.799956,0.709809,0.698711,0.699823,0.711094
0.679475,0.682885,0.681099,0.649387,0.673028,0.668030,0.668155,0.687443,0.687661,0.668604
0.697239,0.734973,0.598678,0.747600,0.713762,0.694596,0.612732,0.722755,0.668255,0.670190
0.666400,0.688206,0.656065,0.653371,0.623556,0.631162,0.644813,0.710301,0.715924,0.742382
0.679604,0.703954,0.665463,0.712952,0.701398,0.626917,0.702438,0.736805,0.665834,0.715433
0.690023,0.760701,0.687083,0.758203,0.481667,0.687402,0.684507,0.652681,0.728831,0.694067
0.639109,0.731555,0.707533,0.622430,0.616144,0.658904,0.693827,0.739424,0.703110,0.695598
0.696561,0.697594,0.717309,0.753809,0.606841,0.683707,0.744263,0.709595,0.712808,0.703989
0.703126,0.716942,0.698883,0.667330,0.782615,0.488116,0.704439,0.730997,0.664673,0.731732
0.668913,0.671627,0.673125,0.664048,0.682423,0.657458,0.711212,0.721421,0.654823,0.696153
0.704952,0.722791,0.730562,0.745275,0.696680,0.723956,0.688153,0.709022,0.704420,0.686730
0.668710,0.766101,0.724779,0.666551,0.640912,0.582768,0.688300,0.683806,0.775842,0.742348
0.710598,0.706026,0.608382,0.521828,0.564406,0.780291,0.690247,0.684149,0.677913,0.651531
0.712995,0.747403,0.689763,0.581673,0.814781,0.632485,0.686512,0.669564,0.708670,0.672519
0.716052,0.672205,0.596862,0.689369,0.628234,0.645966,0.730851,0.652655,0.670198,0.702261
0.628887,0.693341,0.677763,0.581284,0.822892,0.607973,0.727144,0.604288,0.688280,0.616073
0.699489,0.690540,0.710373,0.800952,0.682237,0.812118,0.719317,0.766050,0.714970,0.644215
0.727886,0.766861,0.731610,0.581265,0.710878,0.685273,0.647506,0.606865,0.740775,0.705745
0.695988,0.720410,0.666766,0.672004,0.616315,0.736123,0.708892,0.692139,0.711630,0.728732
0.697653,0.668610,0.796264,0.688675,0.738833,0.642633,0.587789,0.667850,0.715250,0.695863
0.680957,0.715437,0.704020,0.726914,0.604867,0.697036,0.724673,0.689048,0.721452,0.709990
0.713853,0.644148,0.674651,0.668238,0.682050,0.692939,0.684674,0.669696,0.728815,0.727220
0.688267,0.714337,0.740884,0.753489,0.647771,0.812772,0.666394,0.822522,0.646356,0.673278
0.691482,0.655210,0.722237,0.672174,0.602613,0.662295,0.723769,0.684142,0.704050,0.651178
0.688522,0.708187,0.699825,0.771554,0.609193,0.613508,0.712735,0.682418,0.700543,0.638344
0.707255,0.704090,0.755567,0.672038,0.712761,0.733124,0.765831,0.696491,0.678186,0.670100
0.746620,0.671812,0.697671,0.686623,0.886411,0.696080,0.709038,0.641198,0.653111,0.717606
0.700413,0.695816,0.655275,0.705134,0.795077,0.728448,0.691336,0.757144,0.684756,0.700636
0.719347,0.701904,0.707155,0.730776,0.695745,0.771947,0.694233,0.707634,0.705364,0.677042
0.680868,0.654433,0.699391,0.844928,0.654675,0.672501,0.716804,0.717719,0.675006,0.635006
0.662850,0.713973,0.649955,0.711240,0.816109,0.785414,0.650150,0.668486,0.666769,0.697050
0.640585,0.676875,0.605219,0.665987,0.744944,0.704286,0.749694,0.620702,0.695446,0.681049
0.697389,0.705889,0.688162,0.696805,0.618749,0.791371,0.713944,0.708301,0.720153,0.676557
0.699566,0.752885,0.702034,0.723954,0.807131,0.665529,0.713747,0.723078,0.700904,0.682905
0.690577,0.654030,0.663778,0.641258,0.702047,0.679164,0.689732,0.695718,0.685137,0.690649
0.719246,0.625845,0.704700,0.749744,0.538539,0.710454,0.708328,0.669291,0.698177,0.689093
0.729957,0.707162,0.729740,0.711361,0.580240,0.773914,0.695764,0.747521,0.659968,0.601070
0.668881,0.721290,0.669403,0.666782,0.555268,0.743471,0.681533,0.682301,0.688810,0.699094
0.707255,0.669805,0.713038,0.669564,0.598938,0.636863,0.654669,0.707123,0.688374,0.627482
0.651411,0.693940,0.667214,0.654164,0.826163,0.695328,0.702971,0.703533,0.715128,0.648004
0.711293,0.662788,0.722990,0.556391,0.864470,0.781803,0.643886,0.711324,0.647170,0.625369
0.679336,0.701465,0.570438,0.711395,0.821120,0.758869,0.556521,0.711899,0.668846,0.694756
0.685017,0.662587,0.707914,0.686550,0.751212,0.711199,0.734345,0.697809,0.685686,0.705271
0.671280,0.703203,0.693443,0.655255,0.686870,0.702937,0.678862,0.705486,0.647788,0.710419
0.685475,0.696605,0.713902,0.699254,0.546097,0.697294,0.697053,0.684088,0.674672,0.694633
0.746300,0.679167,0.768904,0.623271,0.781777,0.766071,0.593513,0.742308,0.709356,0.717093
0.711919,0.740955,0.739528,0.647249,0.663218,0.631066,0.757233,0.635980,0.710239,0.683574
0.721180,0.629596,0.681383,0.694729,0.884503,0.662350,0.682627,0.746130,0.703993,0.692271
0.698208,0.685492,0.737050,0.775938,0.594334,0.671508,0.730173,0.748157,0.716459,0.709017
0.708614,0.747256,0.684534,0.702648,0.559118,0.695552,0.684695,0.699533,0.691887,0.706131
0.705443,0.692456,0.690792,0.621296,0.761739,0.616179,0.727147,0.732854,0.688461,0.693574
0.663271,0.665935,0.666032,0.700591,0.642369,0.550424,0.723313,0.670762,0.690250,0.673898
0.684840,0.690946,0.711478,0.724279,0.682762,0.708481,0.711953,0.704517,0.668892,0.681182
0.694966,0.695559,0.701895,0.649525,0.578136,0.634980,0.731072,0.744869,0.697716,0.652579
0.687025,0.659328,0.734076,0.709603,0.560518,0.717956,0.719060,0.695337,0.682246,0.685832
0.669849,0.743741,0.721626,0.680065,0.731434,0.705078,0.734147,0.665019,0.655928,0.685743
0.700232,0.657613,0.691522,0.755363,0.708871,0.561087,0.671183,0.738787,0.701388,0.675846
0.682122,0.692683,0.775035,0.726551,0.618205,0.719632,0.733873,0.716119,0.717966,0.701645
0.672084,0.674478,0.699259,0.640028,0.588089,0.714172,0.690393,0.679005,0.697933,0.710295
0.671791,0.701482,0.696006,0.758759,0.814584,0.611328,0.684312,0.695057,0.686482,0.696407
0.716875,0.672868,0.675945,0.659001,0.708525,0.591896,0.694381,0.738941,0.692145,0.794435
0.683116,0.707966,0.696126,0.748315,0.817651,0.602703,0.693994,0.747798,0.706398,0.680720
0.704670,0.734169,0.691983,0.763309,0.836345,0.755775,0.706876,0.701916,0.683787,0.714597
0.697797,0.642255,0.720802,0.786608,0.907729,0.595327,0.720094,0.696321,0.699336,0.683612
0.718484,0.661243,0.687611,0.770729,0.674432,0.593516,0.727336,0.658509,0.649057,0.596053
0.709156,0.708428,0.673914,0.667645,0.665870,0.695710,0.735852,0.621366,0.679717,0.667569
0.716063,0.704813,0.658724,0.821912,0.769827,0.679976,0.687001,0.657727,0.710263,0.700351
0.686706,0.649409,0.705358,0.761492,0.556287,0.620649,0.671979,0.673665,0.703786,0.698789
0.710943,0.679920,0.649457,0.754370,0.627401,0.487426,0.657182,0.726507,0.706150,0.680246
0.690829,0.697310,0.675912,0.666726,0.629612,0.716023,0.680798,0.749283,0.634728,0.703614
0.687988,0.669774,0.685144,0.669742,0.729349,0.664064,0.638558,0.762028,0.689283,0.711420
0.715712,0.731031,0.657847,0.655069,0.717315,0.674126,0.679954,0.687372,0.636286,0.665911
0.713701,0.730185,0.678418,0.652836,0.550680,0.704099,0.716818,0.719501,0.683607,0.692680
0.725834,0.623561,0.695003,0.686446,0.675399,0.683249,0.709362,0.730558,0.671392,0.727426
0.694137,0.739424,0.733610,0.674446,0.797869,0.708068,0.770133,0.649528,0.697143,0.689598
0.673571,0.765625,0.710805,0.820552,0.866670,0.646434,0.712893,0.634504,0.686236,0.668722
0.714553,0.680560,0.706886,0.745126,0.423640,0.716460,0.680265,0.671007,0.696505,0.695731
0.680888,0.659572,0.656690,0.695058,0.427704,0.723535,0.655222,0.662629,0.693787,0.688389
0.728729,0.801561,0.727722,0.632825,0.900641,0.834196,0.673916,0.677648,0.693580,0.661759
0.671172,0.705222,0.649744,0.716487,0.744511,0.647430,0.616562,0.723059,0.687472,0.688960
0.681555,0.683674,0.711954,0.748986,0.878765,0.682161,0.705019,0.715925,0.689432,0.683928
0.631943,0.715554,0.657287,0.763272,0.497264,0.754903,0.731338,0.747115,0.760843,0.686116
0.705205,0.697538,0.714514,0.655516,0.675147,0.678995,0.708080,0.691598,0.707338,0.688640
0.694148,0.714023,0.630087,0.657719,0.696053,0.613170,0.660762,0.641628,0.699764,0.685188
0.714981,0.655832,0.664006,0.764650,0.634638,0.733669,0.684777,0.702966,0.717119,0.677664
0.735548,0.697391,0.697770,0.741357,0.722063,0.683047,0.737230,0.693634,0.650738,0.734940
0.698715,0.651995,0.717853,0.748016,0.863321,0.644300,0.719029,0.701128,0.725326,0.698545
0.712209,0.734371,0.718602,0.734780,0.598909,0.703490,0.669600,0.650677,0.757600,0.705456
0.702575,0.752436,0.748779,0.764267,0.641184,0.801900,0.702170,0.702549,0.730342,0.684800
0.676731,0.740414,0.726880,0.689976,0.530312,0.685220,0.647266,0.649067,0.687157,0.696823
0.687866,0.693855,0.695811,0.690015,0.842643,0.543764,0.731232,0.670560,0.706348,0.693770
0.734036,0.667162,0.624113,0.735326,0.796332,0.749009,0.752192,0.731495,0.675992,0.684170
0.721948,0.687906,0.763564,0.681431,0.710228,0.788251,0.588074,0.674278,0.741081,0.763312
0.692868,0.708595,0.718221,0.702878,0.756841,0.713573,0.738000,0.698846,0.692871,0.707158
0.675075,0.670479,0.648723,0.760184,0.882861,0.771506,0.747102,0.724526,0.682605,0.673158
0.705112,0.684562,0.743879,0.679906,0.533420,0.789890,0.741213,0.657389,0.679468,0.668287
0.656989,0.764187,0.729787,0.596584,0.848242,0.726490,0.647233,0.829969,0.665335,0.696698
0.660705,0.691435,0.648312,0.768484,0.571379,0.699890,0.746510,0.703920,0.696013,0.649518
0.694417,0.706487,0.668974,0.715340,0.642762,0.641413,0.734367,0.653824,0.695134,0.677999
0.665650,0.676110,0.663129,0.718714,0.780201,0.559114,0.712767,0.654808,0.659585,0.683698
0.702397,0.661661,0.672488,0.710589,0.469087,0.747274,0.695105,0.685131,0.655508,0.732800
0.700402,0.617963,0.587802,0.652691,0.643026,0.748139,0.724029,0.664213,0.688837,0.695709
0.669651,0.693358,0.742060,0.672505,0.806822,0.767362,0.655161,0.627862,0.712744,0.729344
0.712610,0.653156,0.677227,0.663143,0.687936,0.628076,0.708537,0.660942,0.741045,0.757996
0.718277,0.684201,0.689526,0.718299,0.658453,0.648791,0.697056,0.687918,0.744451,0.719130
0.661768,0.689584,0.706071,0.676805,0.601589,0.696167,0.702187,0.680891,0.661377,0.709210
0.680786,0.708436,0.680170,0.678935,0.720168,0.723861,0.662881,0.704047,0.659542,0.718131
0.652722,0.698972,0.622415,0.612597,0.267728,0.709737,0.704945,0.688337,0.696224,0.726910
0.679115,0.699491,0.737541,0.718994,0.668197,0.737998,0.764082,0.680904,0.716595,0.693931
0.701791,0.673421,0.633610,0.620502,0.656788,0.602573,0.684985,0.669581,0.700938,0.729973
0.640939,0.662139,0.636525,0.730325,0.617727,0.651486,0.744476,0.711913,0.741587,0.666667
0.689304,0.678389,0.728167,0.726242,0.789785,0.613922,0.693514,0.742622,0.666030,0.690316
0.696117,0.703641,0.712498,0.682414,0.714884,0.742152,0.715477,0.676495,0.700763,0.684163
0.655118,0.710632,0.707035,0.703403,0.686714,0.682883,0.646222,0.653594,0.698494,0.683066
0.710745,0.665355,0.698717,0.703830,0.792110,0.738334,0.686279,0.700180,0.708511,0.701576
0.684967,0.672864,0.705703,0.674769,0.577101,0.663307,0.713423,0.676611,0.704811,0.680481
0.720453,0.721462,0.685029,0.727495,0.621241,0.766451,0.683145,0.690096,0.710751,0.709718
0.686661,0.680870,0.635535,0.790682,0.552868,0.730911,0.746424,0.683972,0.725344,0.690922
0.666676,0.701143,0.663493,0.667901,0.664119,0.655473,0.706378,0.645019,0.654089,0.729268
0.642241,0.638526,0.642063,0.782929,0.687122,0.703908,0.728415,0.649113,0.646220,0.679816
0.708183,0.670961,0.684564,0.714671,0.664033,0.691187,0.696395,0.702955,0.684035,0.690960
0.653862,0.651337,0.686238,0.716903,0.617638,0.574993,0.665583,0.681322,0.768444,0.799357
0.700920,0.656243,0.660696,0.611899,0.835418,0.668548,0.718624,0.683100,0.737368,0.601987
0.673687,0.680495,0.689191,0.600077,0.500041,0.701854,0.740464,0.696932,0.690664,0.688671
0.711777,0.749463,0.663650,0.703663,0.639273,0.617856,0.663807,0.698652,0.713206,0.715649
0.718393,0.760258,0.650715,0.694025,0.643785,0.779920,0.701891,0.680096,0.753318,0.716635
0.673054,0.671260,0.688925,0.671588,0.592157,0.606418,0.721657,0.659507,0.683884,0.709971
0.571157,0.680084,0.747812,0.613885,0.807347,0.729295,0.635181,0.626372,0.736908,0.636199
0.655135,0.689026,0.655477,0.715133,0.736352,0.493252,0.662337,0.716474,0.636500,0.683853
0.609652,0.657284,0.660935,0.606434,0.793385,0.747657,0.701133,0.619346,0.713519,0.731485
0.673794,0.656522,0.709869,0.596915,0.744949,0.627261,0.655486,0.758120,0.718364,0.707055
0.710161,0.678975,0.658852,0.797503,0.522804,0.636504,0.663845,0.693224,0.616392,0.680285
0.685442,0.702226,0.687567,0.666355,0.743073,0.760427,0.693632,0.651872,0.717066,0.690449
0.747529,0.666651,0.651790,0.649668,0.657245,0.681229,0.694550,0.700441,0.630687,0.726872
0.652398,0.726418,0.723976,0.719659,0.955155,0.811243,0.713292,0.708749,0.691199,0.694291
0.721593,0.617883,0.665283,0.624441,0.743492,0.605160,0.631172,0.740871,0.661842,0.731391
0.675697,0.693239,0.677338,0.664043,0.766906,0.714638,0.718816,0.704640,0.660856,0.693092
0.747452,0.702643,0.687660,0.701000,0.679220,0.645255,0.734981,0.704506,0.663365,0.689962
0.670819,0.660175,0.709088,0.678499,0.680488,0.794075,0.707291,0.666758,0.678499,0.677983
0.676801,0.690326,0.681176,0.658096,0.444773,0.655585,0.666679,0.680841,0.682819,0.697764
0.666354,0.683816,0.713998,0.672401,0.777193,0.615206,0.679559,0.748420,0.702068,0.691496
0.711094,0.712767,0.654260,0.709616,0.622616,0.774982,0.712177,0.704511,0.675860,0.720091
0.706324,0.661371,0.745481,0.739769,0.701216,0.732383,0.703324,0.696226,0.666864,0.675140
0.685984,0.705119,0.682001,0.719619,0.845508,0.763378,0.719952,0.698170,0.699248,0.728447
0.685489,0.675209,0.709052,0.687769,0.485765,0.613618,0.711605,0.691524,0.653853,0.714794
0.684235,0.706323,0.726980,0.702068,0.766535,0.755764,0.710986,0.690787,0.686048,0.681551
0.649025,0.656697,0.733357,0.705221,0.696909,0.756696,0.752990,0.667265,0.665967,0.660955
0.746504,0.730581,0.645998,0.613255,0.726602,0.455438,0.697202,0.725272,0.694532,0.704048
0.673187,0.637097,0.678121,0.742384,0.660004,0.722918,0.708832,0.639177,0.710356,0.708634
0.691433,0.684312,0.781739,0.619513,0.621686,0.616465,0.723142,0.648918,0.688171,0.721008
0.716770,0.706096,0.604420,0.790976,0.588202,0.670728,0.701899,0.629301,0.673039,0.670777
0.720159,0.743086,0.699188,0.729374,0.571681,0.818125,0.686016,0.709285,0.696649,0.732708
0.699548,0.711366,0.696119,0.765739,0.757933,0.682473,0.705878,0.658228,0.687645,0.709650
0.690395,0.719821,0.606826,0.685058,0.716398,0.688993,0.636718,0.662389,0.659091,0.732328
0.705605,0.730478,0.652804,0.711057,0.757904,0.706462,0.670458,0.703402,0.691866,0.679057
0.666720,0.695605,0.750765,0.646925,0.714783,0.713063,0.706561,0.717279,0.670490,0.682830
0.679651,0.724664,0.758120,0.718106,0.707339,0.677418,0.702990,0.664973,0.670217,0.687233
0.696212,0.653059,0.689086,0.762909,0.566879,0.619294,0.699796,0.719106,0.672140,0.664370
0.667280,0.656315,0.677122,0.737033,0.858976,0.534359,0.685191,0.716892,0.663577,0.696696
0.736202,0.668701,0.633427,0.633769,0.764543,0.606643,0.703968,0.695314,0.735218,0.726522
0.690894,0.654948,0.687438,0.666908,0.638134,0.668376,0.737163,0.698510,0.683882,0.663415
0.672012,0.698785,0.608849,0.700149,0.755005,0.698674,0.708088,0.692284,0.694168,0.725183
0.714145,0.702765,0.715865,0.726376,0.825031,0.640918,0.691247,0.713759,0.748936,0.674129
0.683468,0.695866,0.709638,0.666603,0.601648,0.706564,0.717047,0.681279,0.689961,0.683809
0.748215,0.720391,0.731567,0.723145,0.422145,0.720781,0.613793,0.707401,0.664349,0.695564
0.702999,0.657810,0.662557,0.713744,0.636392,0.712702,0.739648,0.691484,0.680893,0.689764
0.738948,0.663940,0.695607,0.626836,0.816564,0.653619,0.705031,0.677754,0.705911,0.707472
0.683591,0.751845,0.662406,0.688657,0.651392,0.635715,0.695669,0.742513,0.688494,0.706075
0.673979,0.744546,0.748889,0.693052,0.774445,0.561723,0.679562,0.695441,0.748608,0.711427
0.687866,0.679801,0.691749,0.744566,0.639189,0.721014,0.681214,0.717682,0.724578,0.662005
0.679170,0.733054,0.804853,0.706190,0.583053,0.772709,0.659510,0.749558,0.702074,0.642420
0.670010,0.607034,0.716432,0.787625,0.785007,0.656452,0.680169,0.679478,0.579999,0.712127
0.687554,0.695920,0.655703,0.714397,0.766879,0.745892,0.644592,0.692199,0.678581,0.696841
0.677057,0.659704,0.693216,0.726817,0.503681,0.704345,0.678389,0.741022,0.670324,0.646350
0.666164,0.760930,0.706127,0.646199,0.716296,0.676277,0.652952,0.706465,0.697323,0.705109
0.712501,0.715103,0.724975,0.597927,0.792820,0.729039,0.668991,0.678017,0.686375,0.663150
0.668838,0.694871,0.664779,0.709865,0.706978,0.609403,0.700641,0.682525,0.712051,0.708892
0.663815,0.639414,0.727319,0.703017,0.582651,0.560093,0.699531,0.744292,0.622689,0.683829
0.663474,0.730151,0.682593,0.701397,0.731463,0.608324,0.704397,0.695837,0.734870,0.675912
0.688378,0.759197,0.671070,0.742072,0.696041,0.669391,0.653629,0.686275,0.668649,0.698248
0.698823,0.690388,0.753726,0.696619,0.740459,0.794832,0.760841,0.682821,0.703700,0.702584
0.705764,0.726056,0.764802,0.746388,0.727715,0.766391,0.690716,0.760612,0.748011,0.713067
0.680371,0.696286,0.659355,0.680953,0.538124,0.803663,0.696844,0.766831,0.709630,0.706379
0.643567,0.744225,0.680766,0.659346,0.685197,0.756240,0.690533,0.697068,0.670931,0.697796
0.641856,0.695785,0.743844,0.670859,0.635790,0.689148,0.713882,0.633016,0.705131,0.712440
0.649960,0.693843,0.688009,0.643216,0.734885,0.728530,0.768954,0.716702,0.669584,0.714567
0.710310,0.667306,0.688567,0.635653,0.855361,0.777751,0.697067,0.665553,0.671975,0.683373
0.717769,0.675856,0.679169,0.751078,0.703442,0.699034,0.720723,0.739614,0.708532,0.681197
0.707915,0.733922,0.674984,0.627832,0.723012,0.735272,0.699945,0.656841,0.647183,0.709497
0.696417,0.691377,0.688177,0.700901,0.721398,0.768300,0.696845,0.683540,0.709308,0.690145
0.691136,0.674259,0.747821,0.721045,0.480338,0.670801,0.642272,0.699078,0.725589,0.687332
0.747773,0.664255,0.708129,0.786114,0.427364,0.712622,0.664615,0.646634,0.738556,0.686677
0.674719,0.681770,0.732015,0.646547,0.623404,0.733520,0.709614,0.677428,0.686468,0.712312
0.662975,0.699091,0.678846,0.677884,0.832246,0.644890,0.712600,0.632434,0.677206,0.685491
0.662804,0.711208,0.662486,0.597876,0.771974,0.655894,0.758434,0.740813,0.684970,0.664988
0.686232,0.715480,0.634775,0.784223,0.657067,0.703211,0.682655,0.682334,0.695051,0.692345
0.702321,0.728138,0.700101,0.696764,0.710255,0.632034,0.704621,0.748492,0.711306,0.684524
0.666755,0.673915,0.649980,0.770592,0.646904,0.650073,0.653087,0.695902,0.712109,0.707053
0.671034,0.663360,0.628764,0.742849,0.662015,0.751047,0.609652,0.693072,0.690393,0.671567
0.685408,0.691746,0.666811,0.739477,0.753496,0.612723,0.738657,0.675908,0.682276,0.722783
0.778372,0.721004,0.721042,0.642524,0.701861,0.774357,0.648363,0.676785,0.700423,0.722112
0.716056,0.722644,0.720547,0.694782,0.626251,0.706411,0.679356,0.762315,0.674539,0.691602
0.681134,0.667680,0.702852,0.669647,0.789347,0.557530,0.704196,0.744528,0.668203,0.694242
0.686991,0.717331,0.671977,0.751797,0.557790,0.646988,0.742272,0.706657,0.737841,0.728014
0.601264,0.639329,0.678282,0.704353,0.618297,0.680620,0.707211,0.741877,0.691617,0.743008
0.649179,0.698643,0.657979,0.712207,0.757821,0.672517,0.620960,0.608602,0.673504,0.649423
0.726375,0.689945,0.759214,0.596039,0.786545,0.717924,0.707068,0.689042,0.743762,0.702127
0.679751,0.702953,0.708865,0.730728,0.723668,0.736864,0.728955,0.685722,0.719999,0.700850
0.719941,0.674432,0.696944,0.600998,0.441083,0.720098,0.689810,0.705319,0.745684,0.708558
0.680036,0.675946,0.674708,0.713710,0.599504,0.640579,0.662745,0.688926,0.677708,0.699746
0.694693,0.723975,0.636134,0.574314,0.880208,0.757034,0.701740,0.767781,0.673999,0.688815
0.687754,0.701849,0.660969,0.683404,0.407722,0.598025,0.687263,0.705215,0.686076,0.699259
0.635912,0.729196,0.685236,0.663653,0.775834,0.706004,0.704089,0.701436,0.670851,0.677572
0.739482,0.729478,0.691206,0.724507,0.681783,0.678146,0.693453,0.664996,0.710505,0.711930
0.667633,0.693197,0.631500,0.773171,0.792062,0.717091,0.624770,0.698002,0.668856,0.695033
0.655254,0.573461,0.648033,0.616450,0.822621,0.681216,0.689788,0.754721,0.709391,0.635455
0.641591,0.712563,0.694122,0.773963,0.627765,0.653873,0.692876,0.711484,0.629967,0.727811
0.700533,0.703304,0.617875,0.748319,0.491457,0.609967,0.603546,0.674531,0.707690,0.686972
0.715320,0.712608,0.713295,0.806126,0.765208,0.819811,0.731329,0.679653,0.678690,0.663874
0.669650,0.680901,0.668954,0.715348,0.788434,0.607316,0.651632,0.713522,0.650120,0.675705
0.766714,0.765036,0.642474,0.675029,0.674306,0.656250,0.705815,0.635609,0.731802,0.676348
0.726360,0.686578,0.700905,0.731993,0.587659,0.789886,0.671167,0.741234,0.722717,0.670771
0.713199,0.725057,0.663081,0.694946,0.600228,0.742276,0.713058,0.696871,0.697733,0.732562
0.695080,0.710361,0.689734,0.632965,0.946679,0.795598,0.715459,0.671701,0.595078,0.679847
0.711326,0.697488,0.716277,0.690797,0.689583,0.689503,0.692849,0.704134,0.673013,0.700127
0.706778,0.719454,0.703396,0.696131,0.540319,0.687905,0.676112,0.698464,0.686932,0.665099
0.679856,0.650655,0.662151,0.693198,0.512804,0.716259,0.715660,0.583406,0.746984,0.706003
0.683921,0.675997,0.649630,0.734135,0.694221,0.731331,0.623660,0.676168,0.692072,0.679779
0.714801,0.644205,0.704796,0.778413,0.734067,0.817483,0.732103,0.804727,0.653801,0.674149
0.667539,0.695942,0.684508,0.686706,0.758312,0.711724,0.706176,0.680755,0.680464,0.706197
0.687363,0.694627,0.670007,0.710739,0.775479,0.643112,0.663350,0.706448,0.671539,0.698034
0.700300,0.648071,0.777837,0.700332,0.743728,0.661282,0.769461,0.721905,0.681111,0.717627
0.685747,0.698795,0.738838,0.656843,0.672406,0.719964,0.701143,0.699269,0.677826,0.710254
0.666773,0.751065,0.703511,0.781219,0.833867,0.695165,0.720560,0.716037,0.691718,0.674257
0.676737,0.645752,0.643919,0.669215,0.452551,0.548790,0.695453,0.701435,0.651409,0.696987
0.672928,0.681125,0.702868,0.641983,0.598539,0.762593,0.666808,0.687646,0.695506,0.695181
0.686974,0.660177,0.668734,0.728346,0.825880,0.867716,0.710314,0.662666,0.658763,0.694368
0.753371,0.679092,0.608565,0.574585,0.674870,0.628730,0.668790,0.704408,0.676169,0.709601
0.688804,0.715671,0.678345,0.728940,0.579815,0.569355,0.631026,0.683494,0.694278,0.685158
0.676734,0.674472,0.609686,0.645261,0.636816,0.705269,0.770245,0.638930,0.682503,0.701280
0.770485,0.663220,0.716902,0.651195,0.866532,0.645079,0.713505,0.695747,0.724355,0.713011
0.676875,0.718662,0.704349,0.661486,0.548421,0.665528,0.694622,0.690263,0.699695,0.702760
0.658621,0.676229,0.657089,0.668778,0.707826,0.651260,0.708730,0.650232,0.655471,0.710154
0.707727,0.666405,0.719294,0.730563,0.799002,0.647425,0.653718,0.723611,0.680946,0.663411
0.677131,0.726456,0.604326,0.766778,0.827658,0.659293,0.778307,0.718624,0.733867,0.710963
0.708412,0.677171,0.665841,0.670238,0.856184,0.760553,0.786159,0.698263,0.682753,0.704437
0.716065,0.655545,0.760000,0.733273,0.541993,0.660866,0.712540,0.674731,0.661600,0.649456
0.703582,0.686060,0.662927,0.654651,0.434052,0.710755,0.694572,0.728120,0.705903,0.709150
0.700279,0.638312,0.687118,0.654461,0.850257,0.630626,0.638327,0.714486,0.753171,0.700717
0.678799,0.658071,0.646619,0.745292,0.735953,0.755951,0.724521,0.687100,0.629510,0.680391
0.678947,0.657869,0.697952,0.660398,0.653128,0.724661,0.717569,0.696094,0.671469,0.698902
0.678873,0.773486,0.707874,0.760053,0.785578,0.707892,0.622703,0.711629,0.683509,0.698887
0.701814,0.763811,0.764777,0.652658,0.717859,0.655909,0.743696,0.727037,0.713484,0.742306
0.715694,0.681588,0.618491,0.649432,0.629577,0.667867,0.727659,0.650101,0.713536,0.664461
0.649856,0.726874,0.663905,0.768010,0.590765,0.668207,0.680738,0.684067,0.715658,0.730946
0.737209,0.707719,0.691955,0.560590,0.663427,0.640943,0.682952,0.704817,0.750676,0.690170
0.711532,0.718590,0.729091,0.673337,0.553230,0.642629,0.697430,0.703265,0.676848,0.666104
0.700457,0.668176,0.699797,0.794806,0.865085,0.653463,0.709098,0.699591,0.707088,0.692649
0.674375,0.682225,0.679795,0.675295,0.727699,0.721437,0.694476,0.682687,0.678404,0.708251
0.729496,0.711472,0.686257,0.716179,0.661814,0.739237,0.645832,0.662720,0.682744,0.711916
0.730537,0.708568,0.673107,0.740010,0.545574,0.836184,0.721081,0.693401,0.693289,0.726623
0.664506,0.662965,0.712815,0.694096,0.776113,0.599852,0.649578,0.720909,0.652508,0.695467
0.707997,0.706026,0.696366,0.776574,0.617564,0.749359,0.664741,0.678266,0.704770,0.684983
0.670792,0.718405,0.633889,0.727448,0.724489,0.559982,0.718931,0.657456,0.647743,0.715900
0.655241,0.675294,0.698366,0.591168,0.772722,0.608745,0.744619,0.718786,0.718518,0.624743
0.693687,0.665840,0.695043,0.697502,0.655353,0.579222,0.684979,0.693064,0.696870,0.714450
0.702562,0.730003,0.707999,0.760137,0.685453,0.739893,0.712693,0.680057,0.738723,0.703120
0.685385,0.679112,0.757275,0.689753,0.667107,0.698395,0.730634,0.671985,0.676606,0.700791
0.664495,0.657509,0.681649,0.738012,0.497360,0.742202,0.670071,0.646233,0.715042,0.695649
0.721684,0.696857,0.717373,0.728107,0.659292,0.774120,0.665409,0.712373,0.652666,0.679618
0.702132,0.696679,0.687672,0.791613,0.536866,0.674031,0.696974,0.766100,0.686615,0.710537
0.703488,0.725667,0.679767,0.793621,0.503163,0.732259,0.744204,0.758190,0.668112,0.709909
0.704723,0.703321,0.697894,0.709099,0.603305,0.714518,0.734329,0.692695,0.697658,0.687599
0.695506,0.728890,0.714194,0.703474,0.741937,0.717200,0.654811,0.697093,0.717933,0.688410
0.758268,0.657151,0.731734,0.666482,0.644425,0.595634,0.689506,0.612096,0.636081,0.665800
0.635639,0.652614,0.620013,0.740212,0.870807,0.641721,0.761264,0.705286,0.746216,0.672246
0.711561,0.682036,0.702075,0.708618,0.585157,0.712924,0.672411,0.747781,0.663576,0.680323
0.707472,0.678656,0.686145,0.706298,0.622557,0.674921,0.665501,0.688241,0.721523,0.691558
0.660081,0.793910,0.647840,0.686610,0.582307,0.663245,0.716768,0.689363,0.739732,0.713272
0.701987,0.680105,0.752853,0.708538,0.599403,0.572016,0.641555,0.671078,0.720174,0.718855
0.678052,0.698544,0.630733,0.658601,0.677201,0.799557,0.617324,0.709199,0.662169,0.688674
0.673271,0.693024,0.711471,0.612875,0.818844,0.735891,0.680049,0.688164,0.671232,0.678552
0.677307,0.663544,0.735000,0.694283,0.658475,0.677037,0.729861,0.681288,0.678658,0.707335
0.667399,0.722230,0.649715,0.686457,0.771380,0.558718,0.721658,0.766097,0.675806,0.684169
0.693087,0.741666,0.678035,0.696352,0.691186,0.756639,0.712119,0.609274,0.698846,0.681783
0.673150,0.703023,0.733566,0.657192,0.584864,0.695233,0.733512,0.689394,0.695353,0.721425
0.692130,0.635900,0.710428,0.672728,0.771080,0.685915,0.664487,0.703562,0.694151,0.695014
0.667689,0.713702,0.726931,0.679921,0.716012,0.646190,0.731748,0.675910,0.623272,0.726792
0.677314,0.706618,0.663761,0.704383,0.733989,0.721680,0.720942,0.652639,0.693758,0.662684
0.673691,0.687589,0.681261,0.669413,0.639498,0.801313,0.647882,0.732850,0.724445,0.694673
0.697368,0.678750,0.691657,0.661925,0.608902,0.649364,0.715909,0.711860,0.709925,0.710094
0.685395,0.643789,0.729354,0.655198,0.646622,0.738111,0.686551,0.719194,0.689109,0.683345
0.706311,0.736808,0.672452,0.750009,0.710330,0.754851,0.772763,0.726507,0.704209,0.671229
0.727668,0.659953,0.728253,0.666227,0.695035,0.631176,0.667934,0.703540,0.670118,0.685975
0.691302,0.699613,0.688997,0.705517,0.633594,0.669715,0.679951,0.666136,0.682736,0.695462
0.697408,0.682447,0.680559,0.681132,0.699534,0.638278,0.686710,0.690402,0.748803,0.740708
0.660889,0.723293,0.802746,0.616587,0.591884,0.589527,0.778774,0.711438,0.715939,0.715708
0.709140,0.703510,0.667826,0.680556,0.348709,0.715256,0.684439,0.716624,0.701313,0.727054
0.720777,0.766743,0.704823,0.688882,0.411251,0.680593,0.710318,0.637784,0.677898,0.702355
0.722780,0.771807,0.698261,0.580850,0.685374,0.613937,0.705340,0.689024,0.705455,0.707247
0.705608,0.692090,0.685999,0.774177,0.759883,0.675970,0.634161,0.666854,0.697734,0.690179
0.715890,0.702849,0.720386,0.750055,0.623401,0.723630,0.664417,0.692844,0.731751,0.678539
0.709239,0.704756,0.682060,0.685243,0.684293,0.625215,0.712963,0.730855,0.697566,0.713076
0.729745,0.725231,0.729612,0.703392,0.698875,0.647794,0.679482,0.674206,0.728602,0.672856
0.703481,0.697004,0.744063,0.748217,0.862262,0.657321,0.712796,0.685995,0.699476,0.689433
0.723666,0.672394,0.684587,0.706393,0.580635,0.688647,0.674516,0.646615,0.663328,0.675247
0.659733,0.655845,0.658176,0.709567,0.571125,0.552712,0.712774,0.707976,0.595457,0.696003
0.665723,0.657082,0.635336,0.706680,0.667269,0.849110,0.727778,0.735059,0.642911,0.682605
0.686719,0.663632,0.639970,0.634008,0.745111,0.600018,0.722210,0.735208,0.693842,0.722804
0.693141,0.742971,0.734689,0.548559,0.712946,0.736784,0.686614,0.685175,0.697963,0.684564
0.713408,0.673215,0.713580,0.707330,0.523484,0.622843,0.692978,0.689672,0.683288,0.682110
0.701490,0.694503,0.679614,0.677209,0.660432,0.722361,0.667550,0.710003,0.703165,0.696317
0.692646,0.679917,0.682862,0.669298,0.454365,0.607403,0.681801,0.683166,0.674884,0.696021
0.717218,0.718948,0.696545,0.701942,0.838650,0.669274,0.718096,0.681804,0.686186,0.697741
0.707772,0.697110,0.684416,0.674455,0.584390,0.674260,0.702176,0.681557,0.682898,0.684801
0.686417,0.635123,0.701706,0.683216,0.763978,0.581893,0.679900,0.703341,0.742827,0.657838
0.669241,0.676457,0.672235,0.598447,0.792844,0.753308,0.687989,0.643069,0.622576,0.621148
0.723869,0.708620,0.710463,0.759448,0.535648,0.690637,0.702252,0.664483,0.703281,0.683747
0.705685,0.781269,0.627621,0.652839,0.725887,0.674636,0.654703,0.703052,0.694473,0.712445
0.640118,0.666477,0.751107,0.673025,0.735103,0.637183,0.609865,0.756177,0.656022,0.757859
0.705827,0.653963,0.651514,0.677546,0.600960,0.639655,0.715637,0.730177,0.716351,0.690543
0.723236,0.689257,0.704054,0.689380,0.494146,0.753297,0.653229,0.765303,0.665710,0.713629
0.662369,0.676562,0.694525,0.725100,0.718617,0.591628,0.672805,0.715504,0.718406,0.701749
0.692268,0.659005,0.648821,0.702310,0.489994,0.666778,0.724715,0.683652,0.679889,0.658948
0.681669,0.648350,0.663403,0.756092,0.590198,0.684089,0.625570,0.694797,0.669340,0.641333
0.662848,0.691615,0.754172,0.664795,0.814410,0.711866,0.691306,0.726724,0.606555,0.741199
0.634971,0.701663,0.694512,0.634692,0.672925,0.568404,0.701076,0.646768,0.691817,0.614585
0.727463,0.773271,0.689450,0.736303,0.523220,0.840756,0.634407,0.729012,0.704086,0.698564
0.733335,0.730930,0.709486,0.634748,0.672730,0.586632,0.693065,0.693372,0.692159,0.723401
0.688097,0.718380,0.690718,0.724186,0.775792,0.613033,0.697495,0.668341,0.758825,0.686535
0.680373,0.657803,0.712547,0.725859,0.638736,0.733845,0.691380,0.726942,0.669782,0.704430
0.713683,0.686729,0.731821,0.712602,0.576645,0.742356,0.692989,0.710468,0.668483,0.701945
0.711556,0.746009,0.680503,0.747535,0.630378,0.741599,0.704023,0.763087,0.710940,0.697296
0.703141,0.697106,0.677882,0.671957,0.821543,0.526517,0.710260,0.737653,0.696106,0.721959
0.698547,0.722307,0.632042,0.665115,0.509265,0.691650,0.726067,0.681334,0.717678,0.687994
0.766148,0.777644,0.654279,0.664696,0.618725,0.614511,0.621357,0.701459,0.701464,0.715677
0.729360,0.707438,0.676808,0.678170,0.606066,0.675598,0.693901,0.693403,0.724232,0.683378
0.667206,0.692351,0.718194,0.751595,0.594581,0.665346,0.697877,0.762943,0.711816,0.701558
0.733269,0.695481,0.725951,0.700974,0.514215,0.725250,0.678052,0.698557,0.684071,0.702971
0.685052,0.700055,0.679999,0.735787,0.586668,0.664855,0.706222,0.675888,0.725663,0.678948
0.745268,0.670938,0.645253,0.577334,0.857661,0.681778,0.665524,0.566424,0.750013,0.708682
0.720156,0.725299,0.694785,0.640353,0.656359,0.608972,0.694043,0.722351,0.719313,0.714245
0.691141,0.759573,0.692618,0.772604,0.770993,0.635807,0.674273,0.685299,0.701547,0.698984
0.657097,0.748999,0.675917,0.714388,0.404163,0.618625,0.676340,0.711836,0.652666,0.705457
0.692638,0.672224,0.683011,0.688902,0.691126,0.660042,0.695663,0.698224,0.713020,0.715686
0.665074,0.707548,0.728280,0.677250,0.619011,0.700653,0.653113,0.664608,0.703459,0.707423
0.643274,0.693484,0.704591,0.644442,0.833638,0.710139,0.735996,0.710254,0.624885,0.725920
0.706240,0.730512,0.647469,0.626210,0.696201,0.585030,0.701156,0.724934,0.702668,0.674555
0.649858,0.667707,0.709195,0.814593,0.890864,0.505995,0.740962,0.615776,0.678046,0.683564
0.702856,0.709619,0.662632,0.649784,0.736103,0.555961,0.716128,0.723808,0.697416,0.743083
0.723520,0.706300,0.699318,0.658393,0.727652,0.576716,0.728801,0.715373,0.672317,0.683616
0.698367,0.712137,0.697929,0.770086,0.768432,0.722803,0.737846,0.669100,0.739858,0.723182
0.664124,0.655940,0.766627,0.705979,0.626906,0.718258,0.624544,0.712883,0.739059,0.683880
0.684964,0.612244,0.726655,0.694559,0.552123,0.712289,0.683398,0.677834,0.709128,0.645470
0.723124,0.656115,0.629470,0.725940,0.565148,0.663840,0.693922,0.680303,0.718421,0.692618
0.705426,0.704506,0.669960,0.689050,0.710683,0.640996,0.668035,0.670407,0.697212,0.695761
0.698175,0.724637,0.625846,0.730943,0.659880,0.667661,0.696882,0.648719,0.640324,0.702652
0.713790,0.674328,0.705960,0.741353,0.585777,0.731673,0.755998,0.712346,0.653346,0.658023
0.649794,0.694676,0.716228,0.668293,0.924272,0.797396,0.682689,0.673135,0.687216,0.676719
0.717892,0.740064,0.735464,0.727804,0.570563,0.760417,0.746250,0.661754,0.657409,0.735598
0.704991,0.695402,0.703842,0.693921,0.692725,0.524205,0.737706,0.719514,0.685688,0.709006
0.663373,0.669473,0.659244,0.707757,0.808964,0.728469,0.691909,0.696247,0.699135,0.678182
0.643479,0.701561,0.647245,0.665831,0.741938,0.693547,0.600937,0.716466,0.673122,0.684379
0.726391,0.765225,0.713585,0.687000,0.685462,0.553054,0.669695,0.692279,0.735378,0.671662
0.677594,0.673955,0.742433,0.684716,0.647749,0.677124,0.705433,0.704734,0.701850,0.715497
0.728079,0.723173,0.722181,0.813510,0.615298,0.703880,0.714568,0.765416,0.704877,0.644028
0.695258,0.679337,0.722025,0.750578,0.768494,0.576529,0.685834,0.710768,0.702881,0.690988
0.688813,0.642319,0.665388,0.686192,0.660488,0.713314,0.690758,0.719191,0.655696,0.688240
0.706149,0.820196,0.715170,0.715811,0.857229,0.726052,0.688398,0.579699,0.703980,0.729988
0.690371,0.681407,0.716467,0.638987,0.818364,0.667420,0.628697,0.715487,0.738233,0.789466
0.669255,0.698204,0.711437,0.630592,0.757757,0.736679,0.695476,0.663146,0.693634,0.683820
0.698834,0.693734,0.685041,0.699067,0.549506,0.673051,0.671653,0.692887,0.711600,0.689880
0.732766,0.668761,0.722371,0.662613,0.790802,0.720771,0.686016,0.599513,0.738739,0.704819
0.642852,0.724594,0.688012,0.681948,0.964186,0.823126,0.710962,0.701927,0.677660,0.726867
0.697289,0.647914,0.694167,0.710476,0.864640,0.730098,0.722508,0.660398,0.762881,0.668003
0.720955,0.689470,0.754600,0.653195,0.705027,0.682248,0.715716,0.694663,0.681988,0.711514
0.657872,0.700625,0.752068,0.667984,0.800768,0.836902,0.671679,0.676070,0.718427,0.692287
0.715929,0.676548,0.658635,0.783276,0.450491,0.680868,0.695066,0.663004,0.700805,0.688042
0.671533,0.686823,0.687604,0.766182,0.568439,0.678772,0.741962,0.719917,0.704856,0.700397
0.707378,0.674977,0.683876,0.666525,0.373626,0.599370,0.672260,0.710724,0.674658,0.695245
0.669436,0.681315,0.713874,0.736354,0.683208,0.768430,0.707324,0.683529,0.706710,0.705247
0.664595,0.707374,0.750530,0.718878,0.602430,0.655184,0.706654,0.722090,0.695729,0.699266
0.697535,0.668522,0.751364,0.681237,0.668015,0.729337,0.654567,0.672369,0.677071,0.739457
0.745181,0.678840,0.625687,0.694310,0.702937,0.692535,0.675566,0.707485,0.712265,0.697508
0.726864,0.735277,0.755790,0.705078,0.798308,0.681191,0.677619,0.647907,0.676472,0.720445
0.639517,0.683650,0.772507,0.619835,0.684877,0.779267,0.750579,0.683411,0.682909,0.714292
0.610125,0.679339,0.683227,0.567863,0.845396,0.785718,0.714537,0.666844,0.767961,0.735285
0.703849,0.759225,0.735175,0.674500,0.788097,0.589858,0.737680,0.680461,0.730533,0.673921
0.707797,0.695464,0.689619,0.662772,0.636163,0.777007,0.659407,0.678408,0.710337,0.640298
0.728410,0.731868,0.699378,0.666764,0.467598,0.714422,0.679229,0.676337,0.690285,0.685524
0.690600,0.680756,0.756724,0.629595,0.638896,0.650034,0.716977,0.649252,0.666562,0.700106
0.690850,0.684077,0.663723,0.739475,0.622793,0.735420,0.696681,0.635400,0.698752,0.713856
0.702365,0.697775,0.631793,0.806262,0.789894,0.690923,0.625588,0.676931,0.690105,0.685378
0.656397,0.669663,0.635008,0.668848,0.713107,0.667314,0.729687,0.712165,0.689723,0.733528
0.727012,0.688244,0.684336,0.691530,0.656769,0.627394,0.696029,0.671643,0.674221,0.657150
0.607965,0.692193,0.745730,0.663616,0.715759,0.594522,0.681251,0.716125,0.723975,0.743906
0.698413,0.718950,0.706882,0.715234,0.579456,0.751174,0.695872,0.712914,0.750890,0.674062
0.665799,0.662854,0.628734,0.750608,0.768721,0.624283,0.676249,0.693544,0.685341,0.698842
0.678744,0.703474,0.710432,0.751670,0.589959,0.670932,0.737593,0.718221,0.706633,0.725703
0.703712,0.575303,0.710482,0.633449,0.878702,0.603270,0.681797,0.723357,0.697024,0.690648
0.692749,0.659248,0.762428,0.761742,0.842682,0.523109,0.657326,0.686422,0.699508,0.699832
0.681361,0.685414,0.680198,0.790717,0.502597,0.640511,0.690720,0.716825,0.707858,0.688454
0.703561,0.660223,0.781543,0.695803,0.575862,0.723882,0.705699,0.729373,0.696990,0.641591
0.680351,0.733724,0.647376,0.743921,0.817606,0.745398,0.650868,0.683859,0.703263,0.695716
0.684972,0.707981,0.711954,0.714954,0.528242,0.739609,0.630594,0.706155,0.681021,0.674404
0.699974,0.824827,0.715381,0.651942,0.628527,0.728817,0.709746,0.700900,0.674854,0.674734
0.688418,0.635151,0.708042,0.769998,0.577143,0.595734,0.681093,0.688635,0.705345,0.700167
0.684780,0.688147,0.695063,0.658157,0.607114,0.669409,0.677754,0.697558,0.671099,0.693861
0.696746,0.651986,0.691806,0.682411,0.614059,0.777417,0.694943,0.792712,0.658135,0.680947
0.719336,0.722525,0.676497,0.713379,0.891762,0.806606,0.702604,0.618038,0.693276,0.704528
0.688964,0.685198,0.702048,0.666729,0.702144,0.708756,0.702075,0.688936,0.699758,0.694840
0.688950,0.688622,0.678875,0.701571,0.850483,0.666362,0.640177,0.732480,0.671823,0.709519
0.719380,0.685015,0.653398,0.640501,0.638193,0.691396,0.731224,0.650108,0.677323,0.709920
0.603965,0.715679,0.655311,0.623107,0.727047,0.656859,0.723381,0.674094,0.728618,0.730167
0.700094,0.679168,0.658165,0.574963,0.812939,0.779653,0.679918,0.702464,0.651395,0.662163
0.677456,0.723528,0.650112,0.693684,0.687551,0.648250,0.705209,0.668387,0.733581,0.703589
0.678275,0.753075,0.661817,0.582597,0.787168,0.630804,0.705634,0.692651,0.690990,0.686452
0.736687,0.708062,0.655219,0.655835,0.755719,0.563883,0.714794,0.754446,0.715052,0.677436
0.695042,0.675959,0.613026,0.707855,0.597842,0.739148,0.762888,0.658388,0.683517,0.719335
0.704056,0.672898,0.721774,0.780693,0.789164,0.795329,0.713459,0.718842,0.683683,0.667412
0.718487,0.657067,0.735480,0.724914,0.763244,0.643789,0.721340,0.746834,0.644668,0.706666
0.698467,0.732507,0.719449,0.792173,0.739306,0.548990,0.700053,0.702309,0.708427,0.716750
0.705196,0.686333,0.743550,0.654716,0.647164,0.675702,0.643730,0.688585,0.707033,0.734396
0.737640,0.727306,0.763641,0.687018,0.730602,0.653632,0.678421,0.678248,0.661992,0.691423
0.684677,0.711451,0.676511,0.651981,0.541008,0.723214,0.686364,0.694936,0.653725,0.679100
0.728676,0.672768,0.638275,0.663334,0.771178,0.777524,0.610967,0.724560,0.666615,0.689715
0.733324,0.758276,0.583245,0.793809,0.735862,0.773582,0.669324,0.658460,0.678006,0.735938
0.743241,0.737589,0.633943,0.665131,0.677727,0.660082,0.648384,0.683735,0.699823,0.719167
0.674910,0.702934,0.671105,0.529512,0.772089,0.703101,0.650705,0.721793,0.742083,0.669387
0.675793,0.693814,0.615094,0.635894,0.587323,0.647319,0.623004,0.683517,0.655773,0.678336
0.691006,0.681713,0.683231,0.709498,0.551064,0.700347,0.672735,0.709042,0.683812,0.704686
0.652245,0.720406,0.688165,0.694542,0.612959,0.556870,0.590095,0.674478,0.687225,0.707993
0.701790,0.702534,0.741715,0.667037,0.481529,0.655793,0.730923,0.691500,0.677460,0.702411
0.681000,0.697074,0.717353,0.706019,0.774606,0.715321,0.699362,0.706343,0.693194,0.682563
0.664402,0.692400,0.679038,0.669615,0.373365,0.628920,0.687482,0.669352,0.690050,0.692975
0.681503,0.726549,0.686914,0.642843,0.698402,0.727827,0.697742,0.696025,0.688688,0.711687
0.705433,0.710551,0.690967,0.731808,0.751755,0.602494,0.702605,0.693623,0.666189,0.695033
0.701284,0.670562,0.705668,0.794982,0.804359,0.511872,0.733020,0.721875,0.702870,0.705487
0.679543,0.676068,0.694287,0.736315,0.600155,0.732265,0.642088,0.647445,0.669324,0.702712
0.711677,0.675211,0.681286,0.663130,0.703562,0.747973,0.705426,0.662657,0.661601,0.685537
0.666059,0.664258,0.704260,0.732441,0.670040,0.644276,0.677347,0.702011,0.709363,0.706065
0.735478,0.652254,0.763436,0.678329,0.632038,0.684206,0.634554,0.705508,0.664509,0.716358
0.689917,0.692294,0.705468,0.714287,0.545644,0.705382,0.721952,0.699199,0.699246,0.700780
0.692696,0.682298,0.699299,0.751681,0.761582,0.589544,0.692457,0.700884,0.696612,0.695975
0.623993,0.666615,0.723829,0.691875,0.896516,0.759712,0.696857,0.705653,0.710827,0.679918
0.725150,0.723369,0.714250,0.737702,0.685139,0.596176,0.684731,0.752072,0.688663,0.682304
0.688831,0.729350,0.755403,0.798818,0.758273,0.617358,0.676189,0.655055,0.704054,0.696431
0.685258,0.675953,0.677628,0.719033,0.780672,0.650807,0.682172,0.718713,0.675183,0.691177
0.674214,0.754093,0.680405,0.754503,0.715347,0.764756,0.701702,0.669389,0.672395,0.684350
0.695858,0.685842,0.697698,0.696501,0.660106,0.607075,0.757820,0.680304,0.660889,0.679976
0.666680,0.694875,0.671002,0.667054,0.787902,0.682437,0.662957,0.728005,0.654548,0.683527
0.642937,0.662652,0.747469,0.808315,0.754829,0.716139,0.704223,0.690794,0.626667,0.651805
0.678350,0.709558,0.711128,0.742610,0.677961,0.732598,0.732740,0.709966,0.708860,0.731923
0.682448,0.717734,0.721526,0.637785,0.828592,0.738277,0.751341,0.656324,0.637511,0.657066
0.674634,0.677358,0.709759,0.676286,0.676750,0.669184,0.669179,0.673532,0.693691,0.700593
0.737326,0.726349,0.672557,0.709394,0.430254,0.685621,0.689904,0.756398,0.693394,0.680621
0.678283,0.667453,0.713627,0.668945,0.575461,0.661735,0.708535,0.670910,0.679641,0.692112
0.710835,0.686204,0.727782,0.693562,0.764971,0.559695,0.692456,0.674197,0.716305,0.670487
0.618395,0.607040,0.693955,0.684031,0.742338,0.659171,0.710298,0.676299,0.700827,0.781119
0.697670,0.687149,0.684039,0.734233,0.787044,0.568522,0.717526,0.723062,0.717379,0.661527
0.687229,0.692673,0.747421,0.695914,0.733002,0.752533,0.730492,0.713359,0.720570,0.714997
0.669852,0.659608,0.697142,0.645851,0.646170,0.691984,0.766055,0.647012,0.669677,0.696633
0.739251,0.699264,0.734665,0.825208,0.535710,0.718779,0.618729,0.721482,0.715358,0.648669
0.701809,0.688488,0.680352,0.693228,0.338894,0.663564,0.681291,0.665930,0.706413,0.692208
0.634876,0.656261,0.667257,0.615352,0.720593,0.577967,0.695085,0.754375,0.679592,0.658679
0.679629,0.660998,0.703981,0.579338,0.678222,0.751850,0.671017,0.731786,0.681381,0.674770
0.727098,0.720228,0.606165,0.664838,0.599089,0.645390,0.741131,0.669389,0.673534,0.754657
0.689642,0.712510,0.580121,0.747604,0.661721,0.707092,0.536992,0.693160,0.676635,0.690177
0.637641,0.679476,0.709313,0.648521,0.784581,0.692959,0.673254,0.749887,0.720450,0.730046
0.682338,0.603036,0.641627,0.687940,0.728334,0.749367,0.671569,0.690533,0.695502,0.693596
0.674463,0.704735,0.730015,0.665338,0.679186,0.802011,0.737939,0.650157,0.667329,0.678927
0.678255,0.687377,0.748065,0.703186,0.581624,0.746046,0.740383,0.716150,0.706304,0.668473
0.624225,0.666428,0.693818,0.746750,0.659103,0.730702,0.614463,0.644478,0.719162,0.726507
0.689398,0.682564,0.666942,0.720011,0.692629,0.723030,0.735893,0.694516,0.672780,0.646608
0.676008,0.705046,0.716257,0.667428,0.704100,0.691785,0.745038,0.677084,0.685759,0.712814
0.698528,0.741168,0.684194,0.739524,0.689706,0.690061,0.699711,0.714046,0.673150,0.677745
0.694198,0.696868,0.629742,0.719185,0.714216,0.705546,0.610743,0.705873,0.679045,0.687326
0.617805,0.690715,0.687462,0.600356,0.680269,0.817438,0.710429,0.572657,0.626137,0.709880
0.724284,0.664249,0.679954,0.772440,0.711422,0.771652,0.706572,0.765812,0.665740,0.696107
0.699403,0.730029,0.679947,0.726157,0.526064,0.733749,0.733225,0.679945,0.667543,0.722299
0.669704,0.686210,0.728553,0.648356,0.550222,0.701598,0.773141,0.737604,0.656686,0.663085
0.749937,0.657912,0.653023,0.687152,0.805022,0.629416,0.725338,0.708177,0.705337,0.719639
0.679430,0.671666,0.702073,0.684104,0.691683,0.754009,0.732710,0.651555,0.657120,0.710647
0.699579,0.685056,0.752517,0.725384,0.662918,0.729652,0.751883,0.686108,0.689339,0.743013
0.699734,0.654587,0.640610,0.697446,0.693583,0.586625,0.717211,0.700382,0.686286,0.712520
0.706130,0.710948,0.753189,0.679830,0.722690,0.727767,0.664966,0.651044,0.711150,0.657048
0.696368,0.725517,0.689389,0.693846,0.746160,0.682073,0.686444,0.711175,0.674967,0.701026
0.675807,0.719302,0.650331,0.802532,0.627826,0.713458,0.655652,0.680983,0.670019,0.666004
0.677632,0.682761,0.710059,0.694084,0.907008,0.722709,0.718136,0.714299,0.705621,0.685329
0.701567,0.680684,0.726121,0.729281,0.831970,0.632397,0.753503,0.704996,0.675030,0.721012
0.657728,0.676310,0.764773,0.617282,0.547957,0.708626,0.664293,0.616073,0.683233,0.723264
0.667941,0.680907,0.665691,0.606322,0.746336,0.722606,0.677500,0.773244,0.736455,0.703847
0.718568,0.703013,0.762410,0.670726,0.713585,0.700729,0.736002,0.696211,0.703362,0.709707
0.714528,0.722724,0.660411,0.774917,0.723544,0.745470,0.658648,0.703589,0.734515,0.694149
0.689849,0.709246,0.672116,0.729191,0.811744,0.851122,0.665963,0.704848,0.683589,0.697440
0.649911,0.704485,0.774920,0.713256,0.584005,0.682017,0.713688,0.728804,0.728415,0.728698
0.677137,0.695511,0.691980,0.702895,0.899063,0.791922,0.707110,0.689126,0.665261,0.685901
0.698116,0.698756,0.727023,0.711536,0.733734,0.689331,0.724506,0.657021,0.691162,0.706644
0.692715,0.727600,0.635106,0.730223,0.812599,0.739158,0.667424,0.643428,0.653479,0.712498
0.751344,0.690354,0.675440,0.596643,0.664959,0.770722,0.725412,0.659795,0.702372,0.650704
0.678917,0.695949,0.761747,0.663673,0.740694,0.611859,0.638621,0.667449,0.725527,0.674732
0.685267,0.701621,0.675322,0.692021,0.796743,0.672568,0.676389,0.717997,0.664899,0.690467
0.713836,0.710109,0.727265,0.662274,0.598964,0.668273,0.754825,0.675828,0.691887,0.705409
0.705200,0.708176,0.671696,0.632570,0.771510,0.736904,0.669284,0.705804,0.634566,0.690717
0.682937,0.675052,0.668204,0.718723,0.712583,0.600916,0.678571,0.669799,0.692724,0.666187
0.706242,0.685869,0.664594,0.619027,0.686416,0.546005,0.703471,0.637264,0.686647,0.737042
0.728703,0.633390,0.694118,0.701106,0.744968,0.691952,0.682226,0.681526,0.744410,0.690335
0.651602,0.690877,0.753844,0.615167,0.769114,0.561420,0.716358,0.674573,0.631028,0.704538
0.665790,0.698185,0.643944,0.673700,0.634239,0.682603,0.596991,0.691922,0.683615,0.662903
0.697937,0.693050,0.708237,0.644818,0.622142,0.719258,0.705077,0.634418,0.688657,0.689828
0.764214,0.777330,0.707626,0.576513,0.680430,0.718813,0.655101,0.609322,0.713441,0.690970
0.691448,0.689092,0.721227,0.694599,0.656855,0.654473,0.707686,0.727861,0.672131,0.691318
0.688992,0.705684,0.665232,0.733033,0.873795,0.767067,0.691497,0.708974,0.687450,0.719704
0.710030,0.695648,0.713345,0.728236,0.389159,0.659371,0.677319,0.700699,0.709516,0.662926
0.714140,0.694359,0.709934,0.726191,0.623430,0.657063,0.693473,0.758837,0.666065,0.713435
0.667463,0.639999,0.722043,0.654271,0.584656,0.723822,0.754135,0.695798,0.682988,0.716521
0.732770,0.754479,0.665421,0.620084,0.671259,0.756410,0.672038,0.716123,0.676381,0.678634
0.683873,0.699634,0.627395,0.749833,0.710840,0.755773,0.643300,0.676019,0.720118,0.692122
0.665050,0.692959,0.717666,0.731386,0.855433,0.835545,0.687797,0.631808,0.634047,0.692618
0.707499,0.647025,0.547114,0.701376,0.811376,0.678559,0.784792,0.703249,0.700412,0.661096
0.721238,0.698508,0.715417,0.668364,0.802218,0.624187,0.620139,0.574689,0.726224,0.690466
0.759542,0.691618,0.658883,0.672844,0.813201,0.856545,0.715599,0.708553,0.697221,0.697652
0.664826,0.703267,0.725138,0.650718,0.722386,0.671134,0.720121,0.673069,0.684529,0.709630
0.675994,0.597962,0.649914,0.669913,0.461614,0.753216,0.714261,0.748501,0.653353,0.725577
0.694662,0.623308,0.742693,0.605040,0.689178,0.647503,0.766753,0.732676,0.667687,0.708086
0.660918,0.743726,0.733859,0.698972,0.701173,0.618841,0.657873,0.678678,0.732647,0.742959
0.697544,0.716626,0.715163,0.659906,0.763996,0.487944,0.696965,0.750748,0.676701,0.674375
0.750728,0.728995,0.782381,0.641042,0.735062,0.657041,0.623629,0.645125,0.677078,0.688538
0.672209,0.708684,0.687443,0.766988,0.902730,0.797432,0.680143,0.669477,0.670438,0.680127
0.690211,0.744628,0.700879,0.738327,0.744616,0.607925,0.695658,0.560225,0.764861,0.705673
0.708124,0.727233,0.692083,0.735219,0.765442,0.825355,0.660857,0.666884,0.696949,0.699344
0.674218,0.697760,0.771419,0.621761,0.693315,0.562157,0.666664,0.668732,0.627767,0.674040
0.667588,0.695649,0.690531,0.701894,0.611585,0.557394,0.686754,0.746002,0.665670,0.727133
0.714415,0.690511,0.571200,0.765712,0.448090,0.657084,0.769308,0.724391,0.675437,0.687998
0.719259,0.668337,0.714204,0.705340,0.783260,0.623818,0.773694,0.698328,0.736601,0.694870
0.690731,0.659986,0.658381,0.674274,0.768545,0.639711,0.621307,0.725611,0.683176,0.689789
0.699008,0.691157,0.647445,0.641337,0.822422,0.686144,0.703668,0.680707,0.721268,0.715389
0.629288,0.673465,0.631512,0.732668,0.822016,0.676167,0.723818,0.714159,0.683694,0.696793
0.714153,0.718175,0.690846,0.787248,0.577670,0.766834,0.699125,0.662562,0.706466,0.695032
0.721355,0.684232,0.770918,0.665483,0.773648,0.720328,0.622187,0.749411,0.675719,0.644376
0.666956,0.671430,0.742320,0.708843,0.645202,0.638538,0.717173,0.647857,0.736234,0.725251
0.688798,0.690531,0.660639,0.577990,0.134398,0.652091,0.651204,0.685317,0.675350,0.702754
0.711841,0.682356,0.705220,0.728226,0.889087,0.730639,0.704312,0.703453,0.751519,0.702405
0.720138,0.717351,0.694989,0.652165,0.763125,0.654830,0.695739,0.688934,0.676788,0.676062
0.699881,0.701177,0.707699,0.675572,0.523692,0.690814,0.694175,0.707514,0.701421,0.691320
0.663054,0.698752,0.666450,0.751842,0.737863,0.704668,0.538807,0.716881,0.657502,0.636670
0.674709,0.674776,0.696832,0.654890,0.695242,0.693631,0.661426,0.691957,0.692938,0.722929
0.701090,0.696161,0.711207,0.686058,0.757406,0.555335,0.693877,0.710653,0.704119,0.671029
0.692698,0.703411,0.662064,0.586180,0.809947,0.562162,0.699959,0.622390,0.674449,0.714485
0.660142,0.733180,0.668361,0.670510,0.591428,0.765259,0.709837,0.682590,0.701056,0.733214
0.659748,0.650113,0.738143,0.667473,0.826619,0.715555,0.670597,0.680050,0.723220,0.696363
0.673106,0.620081,0.665479,0.737923,0.667888,0.738100,0.710729,0.668391,0.662247,0.629354
0.702904,0.644211,0.683654,0.750783,0.880899,0.720594,0.711125,0.726951,0.721953,0.706541
0.690467,0.671904,0.690307,0.756324,0.759972,0.611919,0.662415,0.708017,0.658963,0.700349
0.681579,0.728897,0.656675,0.726744,0.817052,0.630380,0.736256,0.712203,0.673873,0.704204
0.689413,0.689226,0.724436,0.698834,0.654771,0.676081,0.666803,0.664317,0.736733,0.713588
0.666747,0.631164,0.742453,0.643801,0.665422,0.699888,0.704775,0.674426,0.692632,0.703056
0.751008,0.690245,0.700333,0.774654,0.908154,0.699420,0.709218,0.683860,0.703049,0.700104
0.693580,0.697782,0.696202,0.621647,0.956904,0.789979,0.679377,0.740322,0.632731,0.690434
0.701416,0.745773,0.759948,0.722613,0.635141,0.559800,0.758572,0.699454,0.693009,0.686149
0.701204,0.690148,0.673026,0.705595,0.782853,0.684626,0.705564,0.741506,0.678910,0.698563
0.658204,0.693571,0.750794,0.669934,0.548286,0.624557,0.743214,0.678212,0.716863,0.691194
0.703940,0.704808,0.741031,0.689402,0.533998,0.666645,0.697607,0.699904,0.669815,0.678838
0.680841,0.666209,0.711036,0.718481,0.525838,0.712628,0.734882,0.735357,0.665434,0.688832
0.686139,0.664912,0.772733,0.697262,0.696288,0.545196,0.748779,0.711328,0.687296,0.676713
0.700678,0.660869,0.707820,0.602975,0.661441,0.701257,0.707773,0.742763,0.669676,0.697175
0.735852,0.716809,0.687898,0.727037,0.805189,0.643542,0.688743,0.693248,0.695466,0.686976
0.633154,0.682321,0.719764,0.714329,0.591886,0.796505,0.660032,0.574041,0.719697,0.652087
0.668795,0.672073,0.726290,0.567450,0.756407,0.715373,0.658988,0.763865,0.736311,0.666173
0.627713,0.707678,0.700516,0.629040,0.721122,0.611759,0.647919,0.715900,0.749401,0.685343
0.689997,0.697033,0.660372,0.672674,0.547750,0.723537,0.723926,0.667687,0.713005,0.680924
0.760216,0.727461,0.678376,0.707548,0.929939,0.818188,0.775942,0.700861,0.708440,0.715024
0.647864,0.687940,0.667700,0.641208,0.462075,0.664336,0.734242,0.677676,0.688443,0.677820
0.692441,0.698772,0.738561,0.767263,0.831965,0.521445,0.726165,0.703208,0.679880,0.704312
0.625650,0.673306,0.763184,0.650951,0.760461,0.484332,0.670459,0.708453,0.716376,0.657318
0.692986,0.718559,0.684855,0.745925,0.913607,0.807958,0.674211,0.704906,0.692924,0.685266
0.701033,0.614096,0.711079,0.709572,0.665600,0.659265,0.688438,0.685207,0.685222,0.676927
0.686737,0.690087,0.728084,0.671386,0.565585,0.723412,0.724521,0.668736,0.696015,0.687829
0.647742,0.730346,0.721322,0.667554,0.849362,0.772199,0.689911,0.694269,0.635311,0.675527
0.702187,0.694589,0.722350,0.725559,0.726542,0.683779,0.704507,0.711899,0.706184,0.687193
0.707384,0.728874,0.730370,0.603602,0.669151,0.718659,0.701981,0.628099,0.741909,0.689273
0.660516,0.629325,0.758170,0.735644,0.635599,0.661057,0.732432,0.633623,0.672907,0.679429
0.686206,0.694199,0.684726,0.736093,0.596566,0.755701,0.688314,0.650537,0.678532,0.720484
0.686614,0.704048,0.637348,0.749560,0.796136,0.713848,0.564747,0.679678,0.676785,0.736931
0.727192,0.720114,0.706812,0.754831,0.887796,0.748333,0.702497,0.648092,0.724627,0.708835
0.673609,0.632427,0.668458,0.694293,0.700089,0.799916,0.680965,0.601268,0.651151,0.705684
0.655851,0.664864,0.715238,0.708904,0.575372,0.722688,0.680578,0.687196,0.726104,0.719543
0.691817,0.682228,0.796699,0.614111,0.554119,0.701311,0.813949,0.711599,0.702452,0.704100
0.688717,0.669049,0.731181,0.619065,0.532287,0.724189,0.615090,0.678848,0.725354,0.646352
0.677310,0.694748,0.687855,0.686297,0.777361,0.738713,0.689241,0.676299,0.669342,0.698077
0.748050,0.756812,0.721503,0.826737,0.864883,0.718610,0.720233,0.728569,0.708875,0.712465
0.701023,0.763176,0.698464,0.691174,0.753501,0.531066,0.726392,0.727185,0.761775,0.737969
0.765364,0.729307,0.692969,0.618052,0.870617,0.784370,0.700229,0.670201,0.663597,0.644740
0.704384,0.720209,0.685161,0.717092,0.797292,0.783076,0.737575,0.691023,0.750184,0.710720
0.735344,0.671301,0.715560,0.615724,0.690390,0.749430,0.743820,0.732986,0.720710,0.686910
0.714236,0.698771,0.695225,0.700369,0.715450,0.527643,0.706778,0.727523,0.722371,0.692328
0.635901,0.717122,0.704402,0.639112,0.703224,0.756355,0.732614,0.691742,0.738007,0.668071
0.697126,0.664224,0.699975,0.743691,0.738443,0.444259,0.676668,0.690938,0.693269,0.726164
0.697797,0.664556,0.664318,0.747257,0.831745,0.674348,0.644938,0.706495,0.685943,0.699276
0.742836,0.733561,0.755288,0.762257,0.818613,0.631084,0.652324,0.696595,0.688036,0.663351
0.719989,0.643522,0.719779,0.658390,0.588339,0.702987,0.678212,0.714086,0.702941,0.688156
0.705560,0.644603,0.670267,0.712001,0.928967,0.702046,0.736121,0.704809,0.754105,0.696549
0.695623,0.630313,0.620062,0.651147,0.657881,0.669969,0.734115,0.689074,0.692956,0.666246
0.741334,0.739202,0.658390,0.688639,0.646542,0.598018,0.766738,0.630105,0.684532,0.645349
0.697880,0.717252,0.671911,0.731709,0.793174,0.719105,0.760050,0.700103,0.687567,0.639751
0.653122,0.774004,0.631940,0.649540,0.914493,0.806357,0.718590,0.704763,0.703805,0.739974
0.714318,0.718656,0.630725,0.688620,0.637953,0.674487,0.703149,0.703480,0.670450,0.723468
0.698284,0.685224,0.669884,0.545480,0.451854,0.685750,0.676205,0.688616,0.701557,0.717261
0.703505,0.719040,0.667212,0.744507,0.784696,0.652855,0.626180,0.705608,0.712005,0.690295
0.727866,0.699520,0.752440,0.688590,0.655280,0.687337,0.626663,0.715428,0.640182,0.681101
0.623933,0.663399,0.722003,0.643226,0.669103,0.612627,0.640771,0.752681,0.742356,0.747008
0.728937,0.682927,0.708909,0.667019,0.619650,0.764998,0.720869,0.697116,0.708100,0.670041
0.696643,0.697565,0.684408,0.761157,0.941293,0.818919,0.694023,0.676317,0.714183,0.671638
0.778097,0.696734,0.768554,0.705702,0.562176,0.799155,0.599464,0.684462,0.657805,0.718488
0.664150,0.707202,0.686601,0.627306,0.386437,0.686423,0.679044,0.694736,0.686966,0.675589
0.683738,0.675796,0.702155,0.743319,0.451998,0.652814,0.692944,0.731807,0.732212,0.705037
0.711826,0.721375,0.660211,0.652550,0.629985,0.509077,0.711640,0.691423,0.697483,0.666204
0.691904,0.674817,0.690936,0.752374,0.710795,0.732453,0.742154,0.720868,0.704869,0.691452
0.726716,0.699122,0.719283,0.602830,0.676269,0.684807,0.721744,0.706050,0.649392,0.750288
0.681645,0.627343,0.711467,0.659350,0.821680,0.709357,0.653921,0.702938,0.784891,0.689806
0.710299,0.717880,0.720179,0.632400,0.698571,0.673193,0.647985,0.667129,0.689078,0.643766
0.676522,0.736313,0.633314,0.775185,0.704065,0.654086,0.751519,0.704496,0.686347,0.608352
0.693073,0.650033,0.658334,0.632099,0.567327,0.726877,0.727450,0.677280,0.687236,0.663660
0.713813,0.701497,0.681097,0.658223,0.510033,0.743367,0.678968,0.683685,0.684257,0.700518
0.683740,0.677547,0.723601,0.653919,0.578322,0.781162,0.742759,0.719280,0.706836,0.669802
0.673176,0.697325,0.694187,0.772195,0.752783,0.530208,0.723948,0.704667,0.660774,0.708609
0.683259,0.701159,0.680534,0.657432,0.518302,0.685304,0.683525,0.699686,0.679700,0.696677
0.654137,0.678213,0.668191,0.707890,0.665374,0.690429,0.762227,0.687675,0.726118,0.710217
0.672170,0.688550,0.698286,0.678030,0.673156,0.524558,0.727563,0.669432,0.638023,0.638293
0.700820,0.640747,0.705473,0.750477,0.790095,0.614250,0.661230,0.705137,0.710836,0.691207
0.691613,0.645107,0.704277,0.720312,0.520808,0.673408,0.721502,0.716217,0.674495,0.703526
0.676343,0.657327,0.685282,0.739513,0.641049,0.726077,0.711981,0.675514,0.667738,0.681646
0.684974,0.703033,0.627116,0.599943,0.661340,0.852689,0.721993,0.692399,0.711693,0.659629
0.693585,0.647168,0.729678,0.721449,0.736510,0.687039,0.695927,0.701819,0.712178,0.655753
0.679042,0.723123,0.744808,0.782931,0.669755,0.733596,0.752079,0.731874,0.705034,0.668265
0.670749,0.758967,0.755188,0.688093,0.706418,0.639988,0.708694,0.636684,0.670146,0.725492
0.681001,0.711225,0.682714,0.771968,0.661496,0.584916,0.640824,0.687191,0.673580,0.666310
0.691662,0.768546,0.718174,0.772706,0.884079,0.770042,0.705637,0.677247,0.691389,0.703767
0.626057,0.690497,0.712801,0.779358,0.584637,0.738156,0.639778,0.637703,0.743637,0.654435
0.733901,0.703146,0.685374,0.690319,0.582647,0.585841,0.646657,0.670429,0.751229,0.670693
0.706043,0.701865,0.731265,0.638847,0.773637,0.700016,0.665122,0.714112,0.744748,0.619034
0.697311,0.656545,0.746875,0.640562,0.833347,0.718206,0.665361,0.729631,0.734366,0.737903
0.766308,0.713593,0.583065,0.687803,0.684771,0.736708,0.750053,0.696099,0.702141,0.705608
0.672635,0.716433,0.691483,0.713710,0.582445,0.725016,0.724503,0.714773,0.697669,0.713401
0.667978,0.673694,0.720436,0.623848,0.838089,0.703497,0.616112,0.689521,0.786647,0.686875
0.711138,0.680908,0.720329,0.769687,0.611580,0.675903,0.706769,0.692062,0.710351,0.739965
0.675036,0.693601,0.697020,0.609440,0.813198,0.683862,0.658032,0.745534,0.676335,0.701584
0.700585,0.672712,0.672881,0.631654,0.376894,0.658535,0.708369,0.719574,0.652263,0.685622
0.715253,0.711050,0.704470,0.641472,0.840846,0.714859,0.687200,0.762277,0.724247,0.689619
0.716831,0.720207,0.687039,0.645531,0.721764,0.543268,0.763829,0.690493,0.734103,0.674854
0.653270,0.619953,0.718457,0.702400,0.743197,0.518187,0.674106,0.710987,0.686419,0.747360
0.694656,0.698961,0.709772,0.730699,0.635429,0.735211,0.692711,0.723180,0.678569,0.665512
0.666084,0.666099,0.721957,0.669815,0.621749,0.673485,0.758864,0.637159,0.678129,0.697067
0.662377,0.671574,0.676032,0.710098,0.804076,0.597373,0.666813,0.732071,0.638381,0.699247
0.761363,0.681423,0.731528,0.690778,0.364374,0.675044,0.660900,0.687910,0.619323,0.696619
0.657638,0.698121,0.695473,0.741949,0.670359,0.652030,0.673220,0.654324,0.717322,0.701775
0.707209,0.734510,0.638312,0.615797,0.581522,0.617715,0.716230,0.667432,0.701182,0.696008
0.684421,0.691149,0.672631,0.686282,0.610081,0.700827,0.687509,0.672756,0.687538,0.692317
0.645621,0.705472,0.745598,0.789829,0.517718,0.616297,0.659211,0.762752,0.714677,0.707705
0.706574,0.755041,0.774005,0.711736,0.764200,0.783779,0.687001,0.684256,0.674486,0.652896
0.691191,0.695521,0.629130,0.677663,0.442865,0.621094,0.631776,0.691597,0.674044,0.675938
0.691341,0.742186,0.687096,0.715740,0.411221,0.737870,0.688776,0.684572,0.684429,0.674945
0.679739,0.718261,0.656904,0.526916,0.702140,0.695898,0.674291,0.750045,0.705937,0.678427
0.712999,0.680050,0.703299,0.731519,0.771711,0.624027,0.670556,0.655474,0.766693,0.725387
0.698965,0.708092,0.696682,0.772619,0.799368,0.588708,0.696568,0.702000,0.696121,0.695724
0.678703,0.686323,0.702151,0.641141,0.308875,0.640737,0.694850,0.691732,0.674868,0.686599
0.718545,0.685749,0.701300,0.689318,0.781131,0.721161,0.684979,0.665549,0.700136,0.731050
0.681756,0.698987,0.687287,0.686721,0.643962,0.730867,0.696446,0.676250,0.701586,0.725420
0.686402,0.680220,0.741190,0.754030,0.875299,0.823662,0.692204,0.691604,0.712025,0.693502
0.682686,0.717176,0.675387,0.613505,0.607561,0.768626,0.660850,0.672756,0.717406,0.687868
0.715379,0.684706,0.717680,0.675593,0.590306,0.771981,0.680121,0.685790,0.705628,0.705534
0.709392,0.645784,0.724313,0.717169,0.665668,0.713764,0.738478,0.685513,0.686594,0.717458
0.723740,0.679195,0.642646,0.650610,0.726445,0.691722,0.729630,0.709424,0.722078,0.673046
0.718685,0.678444,0.741484,0.640951,0.645135,0.707109,0.752247,0.664675,0.679711,0.713795
0.674191,0.734446,0.651182,0.603655,0.814444,0.789455,0.752834,0.709152,0.692000,0.666607
0.678087,0.705775,0.728942,0.688228,0.558415,0.699520,0.680518,0.673323,0.679523,0.704091
0.738755,0.701508,0.585521,0.713527,0.773018,0.683167,0.726666,0.735512,0.676276,0.667173
0.670610,0.732465,0.747990,0.712805,0.636660,0.715839,0.716640,0.671647,0.663029,0.704896
0.721742,0.664599,0.742679,0.797940,0.833811,0.608163,0.724618,0.660010,0.724047,0.704098
0.725064,0.704214,0.678210,0.791581,0.724325,0.616965,0.732052,0.642776,0.694063,0.709828
0.680955,0.692291,0.660970,0.646412,0.720731,0.711807,0.784846,0.602131,0.702456,0.704172
0.702280,0.773962,0.653799,0.713266,0.852370,0.776346,0.691241,0.693953,0.690187,0.760745
0.678006,0.711896,0.690159,0.703974,0.643379,0.730077,0.596743,0.668244,0.650420,0.743786
0.708502,0.717182,0.670830,0.786768,0.691512,0.667932,0.746474,0.746906,0.669561,0.697463
0.733956,0.743449,0.657634,0.648368,0.822907,0.770108,0.658520,0.666298,0.765747,0.708190
0.730888,0.693624,0.644053,0.728735,0.746600,0.831052,0.731765,0.651839,0.736491,0.697349
0.689697,0.625419,0.684167,0.845667,0.604977,0.730392,0.715224,0.718820,0.728489,0.668016
0.658919,0.608767,0.725903,0.652395,0.567651,0.755803,0.683956,0.692929,0.685555,0.690893
0.709659,0.674642,0.670019,0.818116,0.589142,0.604474,0.723549,0.725977,0.706225,0.660852
0.678291,0.695350,0.723215,0.707628,0.728132,0.680446,0.743558,0.671875,0.688884,0.678249
0.607194,0.646785,0.638982,0.706119,0.594862,0.744697,0.708245,0.664034,0.713193,0.708688
0.665430,0.698202,0.680194,0.725327,0.640889,0.709395,0.694673,0.675569,0.688727,0.693982
0.763079,0.707816,0.706315,0.608002,0.464485,0.683223,0.716099,0.693117,0.666781,0.677201
0.741238,0.676779,0.659814,0.656806,0.866212,0.644185,0.721906,0.649695,0.685360,0.718633
0.678369,0.709542,0.624597,0.724129,0.790157,0.764055,0.741825,0.696504,0.717032,0.698065
0.679229,0.753203,0.585978,0.797920,0.648423,0.724720,0.578098,0.681833,0.665898,0.682128
0.698809,0.640722,0.523825,0.701793,0.619439,0.582977,0.722792,0.721361,0.687666,0.698440
0.716478,0.665412,0.716082,0.695565,0.560941,0.730078,0.631388,0.678966,0.739358,0.724881
0.737565,0.633304,0.632576,0.624851,0.686187,0.710785,0.728101,0.737171,0.656656,0.701256
0.685254,0.696379,0.707844,0.572084,0.791935,0.536825,0.731178,0.724882,0.704868,0.683147
0.733565,0.653376,0.671961,0.566437,0.749117,0.610125,0.714679,0.773213,0.755752,0.739279
0.709832,0.780739,0.691111,0.689609,0.613051,0.703537,0.675716,0.618923,0.726734,0.695993
0.701586,0.679108,0.670861,0.690913,0.763414,0.751084,0.632166,0.669320,0.655105,0.715015
0.692851,0.702251,0.695511,0.698750,0.730903,0.768331,0.675948,0.709059,0.690524,0.701869
0.676247,0.701746,0.736207,0.667261,0.677394,0.671354,0.710899,0.637175,0.712848,0.659980
0.657727,0.716952,0.757240,0.713645,0.464864,0.659318,0.696407,0.671255,0.706517,0.686273
0.681630,0.748537,0.703855,0.603741,0.577581,0.958376,0.624129,0.693590,0.678917,0.673434
0.676475,0.646088,0.682695,0.724470,0.878177,0.581709,0.680822,0.720184,0.688748,0.667118
0.673858,0.690249,0.652139,0.741324,0.717196,0.665207,0.697711,0.685737,0.667700,0.676719
0.689858,0.667793,0.642496,0.631952,0.700106,0.753607,0.596067,0.716738,0.712004,0.718714
0.708415,0.676683,0.712376,0.702748,0.645274,0.696284,0.724499,0.710342,0.671778,0.693553
0.721492,0.800931,0.647086,0.732292,0.787924,0.744917,0.765289,0.652042,0.702255,0.702789
0.684114,0.722062,0.685317,0.742296,0.637047,0.708247,0.722907,0.657736,0.712637,0.659408
0.770782,0.670145,0.766591,0.644034,0.621597,0.794669,0.643184,0.672740,0.630755,0.724243
0.710900,0.731515,0.721179,0.745007,0.742074,0.675820,0.713922,0.653257,0.700880,0.696367
0.637146,0.698105,0.653925,0.779637,0.619492,0.793936,0.757003,0.747149,0.755113,0.689539
0.682403,0.700782,0.773293,0.634288,0.526240,0.637911,0.656354,0.694967,0.693391,0.747625
0.684413,0.680051,0.719759,0.751694,0.693515,0.609598,0.672609,0.684231,0.699557,0.692272
0.661095,0.663521,0.644119,0.648400,0.631987,0.697294,0.793082,0.723664,0.701645,0.709393
0.695880,0.692844,0.689752,0.633916,0.783136,0.733721,0.680092,0.726859,0.720639,0.724136
0.679832,0.644940,0.634990,0.724332,0.661335,0.676040,0.669457,0.666045,0.628043,0.681018
0.714006,0.672791,0.787727,0.565937,0.561045,0.661591,0.600699,0.644353,0.657155,0.735657
0.716809,0.702238,0.709597,0.753776,0.738652,0.774074,0.698815,0.722775,0.704920,0.696196
0.670096,0.725845,0.685416,0.717771,0.711277,0.732995,0.711996,0.685710,0.684500,0.688153
0.706410,0.678018,0.760843,0.733092,0.736779,0.763645,0.711899,0.686318,0.660097,0.661191
0.692874,0.699464,0.687705,0.661539,0.594801,0.684000,0.735411,0.655040,0.678483,0.639589
0.687312,0.661110,0.709228,0.700942,0.619025,0.685617,0.703223,0.651708,0.651272,0.680638
0.670739,0.699413,0.701978,0.700855,0.403592,0.639796,0.657420,0.723556,0.701445,0.688100
0.702919,0.700320,0.727434,0.650241,0.649337,0.758423,0.682217,0.715849,0.692641,0.694955
0.673484,0.676841,0.623447,0.717659,0.801860,0.677900,0.736729,0.724948,0.713411,0.728243
0.676684,0.628492,0.636040,0.755532,0.514052,0.669128,0.716399,0.669386,0.704162,0.720624
0.709858,0.678072,0.767920,0.772110,0.817493,0.662943,0.752007,0.673083,0.680809,0.664439
0.697364,0.706469,0.684819,0.684416,0.757423,0.715297,0.692556,0.712981,0.703493,0.703667
0.687334,0.727544,0.711609,0.641259,0.742492,0.754295,0.639513,0.683824,0.685452,0.752528
0.692591,0.700174,0.673895,0.717375,0.670854,0.668165,0.700488,0.706837,0.697610,0.707599
0.686917,0.729827,0.702819,0.640331,0.540599,0.843108,0.703277,0.683486,0.693767,0.701266
0.660265,0.713454,0.620282,0.754224,0.668160,0.744466,0.716222,0.705851,0.702512,0.709804
0.712213,0.697310,0.756077,0.693882,0.791143,0.787189,0.641512,0.694962,0.662755,0.698083
0.681825,0.697346,0.722481,0.808684,0.857127,0.593539,0.714358,0.646522,0.689961,0.670423
0.729357,0.724008,0.757630,0.721375,0.431154,0.736495,0.690547,0.648482,0.655247,0.740893
0.681172,0.672991,0.737376,0.664580,0.712445,0.700157,0.723239,0.693971,0.656256,0.673997
0.667989,0.683322,0.662374,0.679214,0.686433,0.631483,0.688056,0.714010,0.664121,0.691826
0.702415,0.667713,0.659273,0.745944,0.833507,0.595822,0.717033,0.723616,0.716031,0.692387
0.740780,0.683305,0.641859,0.734195,0.563285,0.628868,0.712253,0.737062,0.717282,0.697523
0.702410,0.710326,0.723706,0.660507,0.842794,0.706822,0.648850,0.642054,0.607803,0.642968
0.675740,0.696138,0.692385,0.656122,0.520102,0.672656,0.704636,0.690762,0.684080,0.700983
0.686487,0.739870,0.706183,0.651177,0.687248,0.713343,0.642697,0.655617,0.663750,0.683990
0.635405,0.713210,0.789887,0.649122,0.501118,0.662147,0.663913,0.676528,0.728551,0.753721
0.718681,0.692081,0.739486,0.711473,0.682864,0.737500,0.688392,0.694282,0.684996,0.731296
0.699454,0.628360,0.717438,0.679764,0.656157,0.685211,0.711047,0.694042,0.693713,0.731877
0.668669,0.709713,0.723579,0.680297,0.846125,0.762781,0.714382,0.694105,0.673876,0.688612
0.677135,0.684264,0.722327,0.636607,0.548195,0.674817,0.698713,0.688999,0.679337,0.683781
0.689725,0.687954,0.685828,0.652544,0.604270,0.660032,0.692432,0.691037,0.690921,0.694404
0.680986,0.691556,0.671183,0.708214,0.719484,0.733746,0.666309,0.689207,0.680920,0.689534
0.712839,0.685046,0.618637,0.738075,0.739515,0.801019,0.660663,0.707258,0.729380,0.710134
0.671961,0.686885,0.708467,0.656680,0.855354,0.670959,0.700174,0.657175,0.735463,0.689786
0.735739,0.738085,0.641965,0.738117,0.740080,0.711673,0.751015,0.675514,0.667160,0.679942
0.666164,0.670305,0.661900,0.767340,0.520408,0.684955,0.699017,0.670334,0.721786,0.695546
0.680496,0.738614,0.673745,0.627946,0.674347,0.755729,0.674604,0.690834,0.706208,0.710830
0.679182,0.718025,0.710327,0.727442,0.668049,0.647560,0.688426,0.658763,0.698338,0.650249
0.687662,0.671900,0.727174,0.556521,0.753398,0.723538,0.665131,0.643768,0.723730,0.698105
0.695851,0.687680,0.738259,0.629803,0.707979,0.605178,0.715007,0.696806,0.692993,0.717094
0.689740,0.714457,0.730314,0.546785,0.692952,0.506912,0.629287,0.684057,0.647212,0.721363
0.629717,0.659440,0.614172,0.649086,0.823297,0.711158,0.654677,0.653004,0.641260,0.693237
0.734244,0.687881,0.651576,0.706015,0.577143,0.691115,0.681625,0.663360,0.735299,0.685162
0.715066,0.701886,0.681078,0.726477,0.770617,0.738969,0.676538,0.688375,0.698208,0.690611
0.681587,0.686085,0.720241,0.601148,0.461612,0.688008,0.687258,0.707687,0.688553,0.677856
0.715543,0.706368,0.772744,0.736849,0.716385,0.736408,0.712790,0.730793,0.746768,0.672411
0.690401,0.680505,0.677041,0.682702,0.536693,0.792201,0.712892,0.697938,0.701733,0.779413
0.698097,0.677917,0.695657,0.670795,0.754835,0.688884,0.676686,0.707833,0.704005,0.677854
0.725118,0.708292,0.664838,0.817434,0.823092,0.642438,0.663476,0.676067,0.735678,0.712732
0.658979,0.677015,0.728531,0.606252,0.694206,0.746586,0.615751,0.677251,0.711612,0.754949
0.703533,0.677731,0.716864,0.741162,0.641951,0.702839,0.684081,0.692874,0.703388,0.685125
0.675214,0.714037,0.702313,0.643242,0.602219,0.659046,0.716792,0.686920,0.635667,0.712776
0.639439,0.716638,0.705524,0.598030,0.492746,0.655774,0.687643,0.662631,0.685307,0.667897
0.683042,0.728959,0.670008,0.708625,0.779284,0.744996,0.606179,0.659299,0.679387,0.659532
0.758391,0.685571,0.692279,0.760717,0.449789,0.699663,0.695971,0.649319,0.703557,0.670536
0.677870,0.683295,0.694411,0.710193,0.852091,0.727572,0.705718,0.734367,0.626402,0.691953
0.704725,0.719911,0.698963,0.656630,0.658813,0.560075,0.710613,0.653220,0.689838,0.648395
0.630151,0.635390,0.713918,0.682505,0.659558,0.713739,0.610447,0.709156,0.657061,0.686864
0.671871,0.673692,0.695656,0.694236,0.548149,0.639022,0.682527,0.684057,0.669918,0.672803
0.646269,0.676368,0.714371,0.734184,0.606122,0.600680,0.699118,0.694352,0.695348,0.695648
0.692989,0.707467,0.678761,0.708646,0.605158,0.638340,0.666212,0.679394,0.679895,0.679935
0.745973,0.706609,0.715858,0.819346,0.641196,0.709476,0.687822,0.654702,0.680411,0.721828
0.651714,0.786667,0.674482,0.749049,0.769507,0.594812,0.710676,0.784453,0.710420,0.665494
0.637670,0.705027,0.699535,0.732039,0.945906,0.721184,0.737175,0.599399,0.676116,0.706015
0.693145,0.731988,0.694257,0.729425,0.826902,0.598640,0.689989,0.653174,0.684687,0.685803
0.692481,0.726137,0.681461,0.693578,0.700646,0.723389,0.681476,0.680110,0.712351,0.677688
0.657522,0.636287,0.672695,0.648699,0.737231,0.564328,0.649329,0.639007,0.619753,0.710000
0.693524,0.704703,0.748703,0.683419,0.646689,0.659430,0.634388,0.702363,0.684308,0.696733
0.677734,0.671353,0.706792,0.682489,0.668102,0.744032,0.707106,0.706665,0.681521,0.732324
0.711071,0.728764,0.640176,0.755243,0.571496,0.736424,0.739494,0.740996,0.653729,0.698504
0.663256,0.676530,0.645706,0.713371,0.888599,0.780926,0.669095,0.694641,0.656293,0.687046
0.710493,0.681288,0.711285,0.700126,0.773888,0.765568,0.677215,0.682631,0.702197,0.681170
0.670547,0.721639,0.703446,0.717544,0.805561,0.624620,0.712370,0.696715,0.666007,0.692987
0.668067,0.642279,0.679419,0.762103,0.601183,0.633141,0.708826,0.672044,0.704135,0.740282
0.649345,0.661248,0.738972,0.665328,0.552708,0.633640,0.705368,0.687534,0.714446,0.727430
0.674364,0.685009,0.702957,0.720178,0.631876,0.697126,0.691565,0.715041,0.713831,0.692219
0.739800,0.739625,0.694371,0.624316,0.759888,0.640647,0.740199,0.722173,0.648000,0.692055
0.673915,0.704673,0.649244,0.662415,0.633142,0.652830,0.738303,0.686862,0.707436,0.684790
0.683519,0.716242,0.703149,0.705541,0.590968,0.500618,0.681044,0.695687,0.760075,0.743023
0.693278,0.747926,0.695432,0.640814,0.744458,0.659993,0.719414,0.690348,0.693703,0.715107
0.697428,0.646015,0.682048,0.701538,0.576994,0.795503,0.694153,0.756693,0.714197,0.669047
0.672166,0.732631,0.741628,0.708390,0.783962,0.777315,0.723941,0.716233,0.651369,0.699059
0.719821,0.736513,0.704938,0.709034,0.621434,0.730668,0.722626,0.642125,0.622714,0.672877
0.686399,0.693735,0.725484,0.770713,0.984497,0.836835,0.705649,0.700024,0.729862,0.702449
0.734693,0.724578,0.707670,0.650110,0.786077,0.654238,0.729813,0.659449,0.700598,0.726165
0.699661,0.724205,0.710842,0.685967,0.687942,0.635689,0.641657,0.696061,0.663821,0.686583
0.733211,0.670567,0.699976,0.666285,0.523152,0.817294,0.685038,0.713930,0.695260,0.689668
0.739940,0.714818,0.709280,0.690459,0.546715,0.702738,0.715694,0.657307,0.715370,0.666633
0.688234,0.668269,0.697963,0.785323,0.893953,0.592395,0.721629,0.659760,0.691351,0.719007
0.671397,0.705910,0.584794,0.618859,0.760611,0.830959,0.612917,0.625427,0.693347,0.748194
0.676075,0.657172,0.694928,0.732528,0.706423,0.763724,0.689068,0.706957,0.687771,0.685017
0.712331,0.666354,0.670633,0.700214,0.655118,0.804855,0.704732,0.708624,0.663903,0.698738
0.722645,0.736332,0.659262,0.712577,0.792557,0.748963,0.669021,0.668213,0.712147,0.705791
0.675297,0.756579,0.703299,0.615881,0.673241,0.569333,0.702740,0.694643,0.713599,0.677532
0.675949,0.707853,0.783745,0.772827,0.470076,0.670800,0.608656,0.588038,0.733385,0.702658
0.712889,0.785115,0.650181,0.744202,0.719132,0.679651,0.725073,0.592343,0.676863,0.664522
0.738364,0.717696,0.688585,0.742464,0.631345,0.724601,0.717871,0.676412,0.673710,0.727310
0.672140,0.640733,0.712345,0.683297,0.736541,0.604803,0.706771,0.677558,0.729748,0.719024
0.669960,0.706182,0.690816,0.620050,0.589330,0.579553,0.721376,0.647740,0.693004,0.700589
0.655975,0.621391,0.649583,0.691543,0.692021,0.588982,0.705234,0.753311,0.673505,0.667286
0.714105,0.693867,0.679502,0.700763,0.596041,0.733763,0.703507,0.755923,0.696140,0.734913
0.730292,0.747366,0.652562,0.658730,0.755542,0.759379,0.631551,0.678208,0.756337,0.717055
0.692962,0.649845,0.729911,0.656425,0.570317,0.672658,0.649153,0.736080,0.719681,0.732499
0.661828,0.695092,0.693037,0.648727,0.760224,0.690270,0.727254,0.585464,0.692751,0.669076
0.717825,0.705287,0.784677,0.679576,0.691978,0.794693,0.767251,0.720507,0.720843,0.689873
0.683830,0.694460,0.672888,0.708493,0.736411,0.653367,0.661030,0.701917,0.677018,0.697333
0.798109,0.692908,0.703626,0.677490,0.868974,0.721963,0.675244,0.673842,0.753179,0.711590
0.739007,0.688054,0.644002,0.645819,0.542762,0.569352,0.711641,0.677013,0.663966,0.693729
0.684985,0.673302,0.736541,0.678497,0.654196,0.741932,0.755016,0.662062,0.690242,0.702118
0.743269,0.660263,0.710418,0.681605,0.834087,0.676944,0.657322,0.689448,0.731768,0.704927
0.680222,0.652369,0.623532,0.720609,0.810995,0.501915,0.748142,0.768323,0.670730,0.726060
0.786426,0.704098,0.775787,0.562306,0.715373,0.729798,0.581867,0.633670,0.664438,0.708342
0.718796,0.651733,0.701914,0.752976,0.780857,0.568040,0.655860,0.645011,0.709501,0.694832
0.713273,0.704384,0.666830,0.616924,0.713789,0.517549,0.671217,0.709124,0.717934,0.668483
0.705745,0.733735,0.703630,0.693074,0.828575,0.643015,0.665453,0.704622,0.643429,0.726579
0.698775,0.549944,0.673958,0.765239,0.658607,0.667089,0.681982,0.616176,0.682712,0.665185
0.705664,0.667106,0.725336,0.771903,0.910740,0.673665,0.718833,0.668187,0.704927,0.724082
0.620270,0.700497,0.728996,0.678659,0.810605,0.707256,0.699085,0.700675,0.668566,0.700644
0.690329,0.652408,0.749380,0.735559,0.598035,0.734029,0.725838,0.691953,0.702391,0.646342
0.664024,0.744161,0.714759,0.713357,0.606210,0.658095,0.709899,0.703374,0.693540,0.649961
0.738511,0.726387,0.711370,0.643928,0.617850,0.744128,0.762003,0.725184,0.675741,0.680537
0.684608,0.605923,0.644718,0.695621,0.872632,0.627952,0.654005,0.717078,0.667420,0.691140
0.701462,0.700660,0.698379,0.658956,0.636279,0.784316,0.697299,0.721196,0.741243,0.715975
0.711680,0.732149,0.753448,0.644958,0.709044,0.648698,0.743074,0.693992,0.719675,0.688460
0.699066,0.713582,0.687075,0.742494,0.758646,0.601544,0.767766,0.684561,0.691971,0.664538
0.644763,0.688326,0.738671,0.729755,0.579566,0.696576,0.732127,0.676663,0.597683,0.677617
0.751593,0.698825,0.815991,0.698936,0.758808,0.640522,0.601178,0.734673,0.685605,0.706047
0.715192,0.619185,0.725889,0.623551,0.838880,0.603984,0.662622,0.778928,0.756042,0.690215
0.709927,0.671782,0.706868,0.694797,0.956937,0.790327,0.698578,0.740210,0.680135,0.703275
0.688238,0.763308,0.696724,0.624473,0.744788,0.678890,0.696864,0.702778,0.728552,0.683404
0.695884,0.675824,0.716543,0.770377,0.944198,0.733288,0.702870,0.709695,0.711277,0.694219
0.711435,0.716004,0.721474,0.715298,0.580245,0.618418,0.620199,0.702435,0.673237,0.700243
0.689024,0.676356,0.677140,0.698218,0.698593,0.735994,0.684254,0.682031,0.693834,0.688166
0.673350,0.672118,0.709655,0.676006,0.681857,0.734782,0.733369,0.680984,0.667025,0.696881
0.710192,0.674049,0.688947,0.582979,0.835518,0.720336,0.697689,0.560464,0.735422,0.705122
0.690466,0.650414,0.703758,0.747982,0.732066,0.800459,0.703503,0.763228,0.648536,0.690146
0.706214,0.627529,0.722944,0.694517,0.539690,0.725668,0.649805,0.709427,0.701132,0.688927
0.682766,0.765855,0.696740,0.662059,0.877281,0.756426,0.709170,0.628328,0.691504,0.680575
0.698476,0.637675,0.675931,0.730099,0.633276,0.610927,0.800651,0.734265,0.654755,0.718791
0.665503,0.794931,0.696482,0.624914,0.945864,0.819656,0.708056,0.679885,0.638437,0.704368
0.694295,0.740168,0.659549,0.794329,0.631472,0.687209,0.712267,0.658368,0.654887,0.680411
0.631357,0.669450,0.748975,0.710154,0.622876,0.810014,0.705900,0.674337,0.707672,0.703149
0.637610,0.699552,0.701579,0.668244,0.720700,0.511389,0.668018,0.680824,0.659341,0.682152
0.688801,0.645320,0.693288,0.741374,0.651314,0.872213,0.674574,0.598881,0.718020,0.668573
0.660031,0.664754,0.725002,0.716095,0.850682,0.608786,0.712135,0.683589,0.680097,0.695368
0.659998,0.707670,0.702175,0.678893,0.752975,0.747853,0.692671,0.674675,0.683458,0.694713
0.664207,0.681073,0.702032,0.697353,0.680626,0.690627,0.712776,0.704701,0.681063,0.700427
0.664908,0.658720,0.720752,0.720839,0.650887,0.570614,0.709048,0.690079,0.676107,0.692908
0.660086,0.661693,0.712456,0.741187,0.640293,0.509111,0.692678,0.744936,0.671097,0.687039
0.674376,0.720057,0.724027,0.611860,0.705998,0.750353,0.733646,0.643376,0.659123,0.705078
0.692684,0.616454,0.676270,0.788134,0.827878,0.631032,0.687087,0.650720,0.738086,0.691387
0.689680,0.687964,0.719229,0.631093,0.517426,0.620727,0.659880,0.705889,0.677606,0.679900
0.675542,0.669493,0.623331,0.585616,0.588348,0.629272,0.715245,0.641134,0.679012,0.654357
0.665617,0.679190,0.692856,0.632759,0.348339,0.668719,0.685881,0.736241,0.669152,0.676504
0.694520,0.720358,0.638448,0.750582,0.805343,0.756914,0.628478,0.684191,0.708574,0.689606
0.729541,0.706392,0.719464,0.734479,0.855895,0.628204,0.691116,0.585356,0.655641,0.617835
0.667969,0.742438,0.686424,0.663755,0.787060,0.636173,0.657988,0.762691,0.672623,0.706045
0.672874,0.747002,0.669736,0.756509,0.639323,0.714340,0.701023,0.654714,0.767148,0.737195
0.671413,0.667140,0.758916,0.651744,0.737049,0.770724,0.778432,0.684161,0.680295,0.691768
0.667227,0.733812,0.674231,0.764737,0.581948,0.723550,0.702849,0.669835,0.678475,0.703677
0.665921,0.764508,0.670943,0.739131,0.684340,0.708419,0.691900,0.671807,0.632146,0.741651
0.718663,0.731496,0.668238,0.774526,0.670749,0.661299,0.629234,0.690707,0.722723,0.670453
0.713888,0.712335,0.722902,0.694619,0.679762,0.685640,0.704293,0.695635,0.724640,0.663523
0.709480,0.630141,0.704874,0.694071,0.610020,0.729155,0.730483,0.676504,0.694114,0.689304
0.692710,0.693945,0.767176,0.708466,0.801793,0.826899,0.604112,0.724478,0.697627,0.664742
0.652360,0.745110,0.674979,0.635188,0.843025,0.681554,0.720932,0.657798,0.639695,0.714042
0.679376,0.604320,0.682996,0.644050,0.587639,0.666098,0.686230,0.682876,0.675302,0.720627
0.677045,0.692487,0.696306,0.664690,0.695632,0.642540,0.706758,0.667970,0.671133,0.688347
0.694373,0.686775,0.623553,0.618969,0.642893,0.592346,0.755335,0.705536,0.693015,0.656298
0.705855,0.692586,0.679568,0.671290,0.744862,0.763770,0.654338,0.689611,0.693916,0.693018
0.702459,0.655082,0.691766,0.682956,0.788407,0.504750,0.698848,0.723689,0.686607,0.687863
0.689543,0.647688,0.691257,0.725311,0.722517,0.768397,0.705720,0.654213,0.694491,0.709207
0.684783,0.654388,0.693884,0.686426,0.711270,0.808891,0.672643,0.691686,0.692766,0.671160
0.669719,0.726170,0.643377,0.685698,0.509450,0.690789,0.694922,0.715059,0.715182,0.705667
0.702074,0.679244,0.705757,0.713257,0.672672,0.692604,0.719895,0.690418,0.683200,0.686199
0.689427,0.696786,0.628786,0.676328,0.441592,0.631958,0.642044,0.682502,0.690323,0.702946
0.718385,0.685489,0.724791,0.696379,0.724837,0.720006,0.732527,0.713776,0.668275,0.708104
0.669220,0.688670,0.713560,0.647238,0.722831,0.552187,0.662036,0.717432,0.688087,0.671880
0.745037,0.692353,0.742121,0.655574,0.577462,0.721822,0.620939,0.628847,0.706314,0.646508
0.664043,0.736767,0.635942,0.666606,0.804316,0.739125,0.683016,0.709039,0.685625,0.730477
0.659414,0.725271,0.627087,0.699600,0.628623,0.726033,0.741001,0.676285,0.756346,0.705365
0.686380,0.758795,0.716400,0.624725,0.766011,0.673820,0.667764,0.766099,0.688556,0.696153
0.703587,0.761071,0.709537,0.672094,0.895911,0.849026,0.720292,0.638465,0.724977,0.696381
0.670846,0.657978,0.661290,0.790429,0.704947,0.814052,0.730171,0.789807,0.653106,0.712693
0.658069,0.679415,0.699718,0.691361,0.503740,0.640642,0.700480,0.719618,0.670708,0.691616
0.650690,0.671783,0.673634,0.546944,0.902112,0.769427,0.688450,0.664552,0.663935,0.731146
0.648194,0.761353,0.724730,0.646316,0.657957,0.714850,0.681033,0.789098,0.685692,0.745130
0.639976,0.703055,0.699240,0.736335,0.732214,0.625455,0.654546,0.706843,0.688020,0.717960
0.637150,0.714241,0.698492,0.632713,0.840535,0.686216,0.751192,0.700109,0.774294,0.686687
0.759435,0.667811,0.660014,0.743165,0.704481,0.623498,0.702848,0.690896,0.665926,0.684887
0.676350,0.727093,0.659514,0.698552,0.840680,0.766478,0.678789,0.700759,0.667255,0.697252
0.704923,0.642411,0.713232,0.687340,0.572316,0.562594,0.691323,0.705594,0.708668,0.711889
0.799054,0.650835,0.638936,0.628283,0.807816,0.654206,0.747254,0.730848,0.721418,0.653455
0.594830,0.697870,0.673098,0.724304,0.597669,0.785678,0.782325,0.720622,0.743963,0.688122
0.653961,0.632789,0.785647,0.703326,0.596289,0.714400,0.603448,0.747207,0.658755,0.769572
0.683808,0.709355,0.709434,0.694862,0.551313,0.768726,0.691059,0.712913,0.697057,0.658069
0.664753,0.663123,0.703042,0.786872,0.870583,0.661749,0.702447,0.651433,0.700166,0.693824
0.707404,0.697072,0.590972,0.700886,0.665544,0.643459,0.712951,0.666793,0.675079,0.670649
0.679891,0.701457,0.674406,0.554241,0.877207,0.756918,0.641884,0.625109,0.642864,0.625886
0.707873,0.682050,0.688771,0.743911,0.626383,0.644582,0.704923,0.717549,0.671296,0.668053
0.691237,0.711727,0.722457,0.609426,0.471225,0.818115,0.655482,0.700849,0.672333,0.681417
0.681797,0.696992,0.696791,0.563799,0.652686,0.670972,0.643070,0.630037,0.716751,0.661822
0.684182,0.685941,0.677214,0.684797,0.534721,0.660090,0.674342,0.659064,0.677870,0.684000
0.682781,0.682839,0.698472,0.750017,0.712660,0.782322,0.706698,0.743133,0.696276,0.707477
0.732812,0.666420,0.705721,0.763515,0.640328,0.675161,0.710918,0.688068,0.689730,0.696361
0.676886,0.706850,0.713199,0.681529,0.619655,0.677027,0.702013,0.706578,0.704623,0.698422
0.692661,0.725521,0.743878,0.642660,0.784112,0.617763,0.601060,0.695798,0.705026,0.700413
0.698711,0.663798,0.675987,0.661281,0.721823,0.775642,0.694260,0.677089,0.686121,0.707940
0.710807,0.705639,0.622965,0.665778,0.701371,0.556779,0.729843,0.614122,0.686359,0.716461
0.647616,0.779306,0.690886,0.677501,0.580984,0.671564,0.673916,0.755202,0.678387,0.676904
0.745112,0.669748,0.649212,0.662858,0.547734,0.720428,0.773119,0.674072,0.649950,0.670023
0.695689,0.639427,0.638276,0.632309,0.651910,0.778344,0.707090,0.709455,0.703135,0.658603
0.714903,0.720529,0.660871,0.736391,0.835704,0.766032,0.639002,0.702977,0.718297,0.684033
0.697523,0.706253,0.862351,0.694858,0.657180,0.644197,0.525322,0.650098,0.685291,0.697894
0.711378,0.646830,0.709055,0.741120,0.594136,0.680976,0.661087,0.693177,0.721495,0.700658
0.662065,0.694938,0.583172,0.689351,0.800045,0.736730,0.602069,0.666691,0.704680,0.683664
0.722554,0.677210,0.680469,0.662798,0.633349,0.794243,0.607012,0.678902,0.644116,0.656377
0.688098,0.695527,0.608033,0.746944,0.769575,0.753738,0.585722,0.695928,0.694087,0.693100
0.721276,0.694966,0.702292,0.679994,0.838772,0.574975,0.720347,0.719647,0.685870,0.721814
0.678214,0.684891,0.726681,0.707325,0.512026,0.677574,0.717822,0.694304,0.661911,0.681692
0.689943,0.687275,0.691225,0.710981,0.582991,0.709986,0.721775,0.734011,0.661125,0.697280
0.720405,0.683171,0.694052,0.712078,0.597761,0.683120,0.672759,0.656108,0.729645,0.670065
0.680383,0.699266,0.694624,0.620296,0.631746,0.679058,0.755420,0.664922,0.651487,0.682133
0.696766,0.672966,0.696875,0.686547,0.769491,0.717339,0.674600,0.734177,0.703036,0.701937
0.752463,0.654407,0.615795,0.595315,0.641991,0.673905,0.636024,0.594729,0.756006,0.704118
0.754371,0.699027,0.696069,0.694941,0.821002,0.723637,0.742413,0.664932,0.720931,0.684845
0.751368,0.668326,0.723521,0.665039,0.589135,0.786130,0.613807,0.680968,0.721273,0.730382
0.611843,0.690154,0.661576,0.638610,0.692460,0.669025,0.657305,0.571070,0.664291,0.680792
0.615378,0.652887,0.713820,0.701520,0.591172,0.721516,0.680030,0.736444,0.716102,0.693433
0.688476,0.681555,0.617512,0.712838,0.839998,0.752196,0.604860,0.694693,0.681517,0.698050
0.687626,0.688803,0.680834,0.661321,0.464818,0.632661,0.666792,0.674260,0.669081,0.685831
0.698655,0.737251,0.662008,0.684658,0.707698,0.625316,0.735094,0.771574,0.683972,0.690009
0.705109,0.762961,0.668564,0.675999,0.637613,0.612034,0.691395,0.676576,0.714167,0.710873
0.711209,0.667889,0.715777,0.657156,0.715703,0.706082,0.674715,0.683891,0.681427,0.695680
0.674743,0.689061,0.738778,0.667913,0.671773,0.663220,0.713053,0.694862,0.693991,0.701810
0.717061,0.743406,0.636735,0.740327,0.802720,0.612897,0.763255,0.704264,0.693540,0.712083
0.687534,0.682314,0.706214,0.672947,0.867453,0.634894,0.681560,0.621112,0.657512,0.674653
0.689285,0.684196,0.637230,0.791372,0.771637,0.677866,0.646112,0.692153,0.704503,0.674702
0.714334,0.725396,0.720769,0.735022,0.702494,0.787032,0.701338,0.682033,0.710234,0.704363
0.706007,0.716082,0.621768,0.691764,0.697548,0.621536,0.640137,0.666105,0.665314,0.663335
0.714087,0.614985,0.730001,0.682507,0.442693,0.740336,0.641161,0.675193,0.723644,0.706223
0.707259,0.717792,0.636511,0.672223,0.731266,0.866907,0.725960,0.660404,0.702399,0.714138
0.701617,0.697824,0.684468,0.658869,0.596036,0.684877,0.747672,0.680720,0.699602,0.716318
0.684093,0.652589,0.682341,0.600702,0.665851,0.800846,0.672522,0.709038,0.661914,0.691949
0.645111,0.670000,0.764921,0.626258,0.716673,0.717129,0.613225,0.735859,0.631077,0.734225
0.676071,0.686885,0.632148,0.692492,0.682442,0.670171,0.744125,0.663730,0.699823,0.708650
0.665221,0.728049,0.734510,0.653412,0.672579,0.605669,0.652778,0.689923,0.729442,0.708033
0.733068,0.691748,0.676603,0.663685,0.661601,0.768027,0.643822,0.711052,0.638239,0.720121
0.674290,0.663315,0.640902,0.656728,0.642412,0.642890,0.729404,0.674265,0.694152,0.685054
0.694351,0.726769,0.697291,0.743826,0.727985,0.602240,0.675921,0.614873,0.722040,0.720696
0.687665,0.660937,0.806851,0.719219,0.723649,0.728080,0.667544,0.716967,0.680901,0.759034
0.690669,0.706977,0.734093,0.716410,0.649266,0.687063,0.647987,0.662943,0.670960,0.694320
0.714327,0.740756,0.703692,0.720438,0.699921,0.713726,0.713238,0.672837,0.672203,0.705245
0.706573,0.715740,0.675000,0.628137,0.657713,0.707675,0.694752,0.664418,0.683813,0.683362
0.678121,0.716846,0.672586,0.684659,0.690713,0.558974,0.660291,0.705607,0.701960,0.711561
0.668405,0.679588,0.679859,0.646885,0.646707,0.668500,0.675442,0.714286,0.680490,0.683768
0.699594,0.716959,0.656614,0.755344,0.737237,0.600716,0.721769,0.647031,0.690780,0.690781
0.697291,0.661775,0.708444,0.735593,0.639613,0.653493,0.695571,0.731665,0.673116,0.705075
0.727098,0.725315,0.674109,0.683916,0.335666,0.719278,0.671522,0.709019,0.717575,0.705138
0.672304,0.688780,0.707725,0.712846,0.619596,0.780226,0.668049,0.679803,0.671862,0.698256
0.684173,0.666193,0.745448,0.710579,0.574547,0.636767,0.748308,0.706550,0.668421,0.715021
0.700605,0.675029,0.706683,0.671492,0.540215,0.683023,0.667771,0.680909,0.671519,0.686864
0.724377,0.671200,0.687872,0.635177,0.700367,0.694151,0.688808,0.708507,0.669073,0.720186
0.743064,0.686660,0.713345,0.639770,0.800571,0.637862,0.764911,0.738776,0.727897,0.736441
0.698424,0.685629,0.615009,0.632517,0.542120,0.772755,0.727757,0.720659,0.707674,0.696123
0.665184,0.694159,0.736248,0.644212,0.838960,0.748926,0.734755,0.697294,0.695565,0.706844
0.729151,0.651690,0.648326,0.758434,0.383671,0.657839,0.689420,0.634147,0.674396,0.680608
0.734196,0.706299,0.703486,0.695914,0.804789,0.700788,0.712041,0.702456,0.678185,0.707751
0.713319,0.707228,0.602293,0.740016,0.724395,0.578191,0.761300,0.729032,0.704487,0.666051
0.698760,0.672989,0.710119,0.829809,0.711038,0.658129,0.702766,0.700339,0.742037,0.701878
0.707579,0.671032,0.709230,0.601884,0.319346,0.649978,0.711330,0.682271,0.685181,0.691725
0.634158,0.694481,0.705603,0.619036,0.701639,0.713159,0.707895,0.721835,0.650859,0.688104
0.657628,0.658970,0.735762,0.705381,0.657387,0.741530,0.671446,0.694406,0.734392,0.732903
0.692130,0.701034,0.600307,0.722331,0.599209,0.682180,0.575324,0.692988,0.696767,0.686044
0.689880,0.659611,0.655276,0.714075,0.787883,0.707927,0.647684,0.676043,0.701969,0.694663
0.679616,0.800520,0.693847,0.719019,0.575726,0.675467,0.674846,0.683744,0.738906,0.661813
0.679618,0.707099,0.711402,0.663725,0.694293,0.717655,0.732198,0.682007,0.652333,0.688269
0.651025,0.688773,0.660483,0.637712,0.482236,0.715384,0.668004,0.689394,0.696664,0.691818
0.702140,0.681894,0.781847,0.709974,0.766094,0.711074,0.716661,0.698210,0.694386,0.694053
0.694736,0.690765,0.676731,0.727209,0.821553,0.647053,0.674076,0.733894,0.698326,0.684749
0.661648,0.713421,0.708535,0.704390,0.631580,0.563953,0.674418,0.693107,0.711530,0.691757
0.679170,0.726758,0.627443,0.698472,0.609670,0.761690,0.722430,0.676466,0.697272,0.726587
0.678576,0.686352,0.690034,0.665650,0.530619,0.688508,0.718526,0.699726,0.689454,0.683222
0.664764,0.703413,0.670886,0.675226,0.814998,0.721522,0.627768,0.715812,0.647615,0.674527
0.702602,0.691498,0.742437,0.697899,0.533515,0.711606,0.740926,0.639173,0.709756,0.738563
0.680246,0.690777,0.741061,0.647010,0.582605,0.672254,0.738023,0.682400,0.682298,0.686293
0.658983,0.665822,0.687708,0.703961,0.818304,0.851824,0.668121,0.736631,0.733078,0.697119
0.694861,0.710091,0.716702,0.785333,0.624734,0.710205,0.719359,0.708304,0.658946,0.659687
0.700650,0.673377,0.676605,0.766507,0.918772,0.734588,0.739332,0.700129,0.725403,0.706433
0.668783,0.681497,0.682042,0.682814,0.457023,0.673001,0.693449,0.711552,0.656520,0.633672
0.686750,0.693779,0.703270,0.775937,0.752841,0.509058,0.686361,0.666887,0.691016,0.681442
0.678038,0.651404,0.662422,0.656451,0.185180,0.596179,0.659122,0.726667,0.657741,0.686146
0.649950,0.694383,0.710276,0.626330,0.577624,0.733110,0.681847,0.692833,0.672008,0.693894
0.705605,0.675755,0.656338,0.724164,0.632582,0.645732,0.678341,0.676787,0.675219,0.728322
0.694675,0.725892,0.699276,0.699466,0.649267,0.712839,0.735928,0.659424,0.708648,0.683382
0.670458,0.677556,0.663946,0.709574,0.714876,0.723031,0.729143,0.677248,0.641305,0.645839
0.685067,0.640767,0.660882,0.781713,0.868791,0.593677,0.677228,0.686929,0.730646,0.663247
0.681081,0.679335,0.659543,0.799667,0.621296,0.686824,0.718211,0.678145,0.736253,0.696114
0.669750,0.705710,0.729595,0.651737,0.739276,0.578583,0.704481,0.748994,0.709694,0.675376
0.718210,0.751835,0.699933,0.646311,0.694228,0.525862,0.738097,0.671446,0.717161,0.694761
0.675971,0.714521,0.699748,0.660214,0.671216,0.763810,0.688704,0.691475,0.661679,0.709485
0.713155,0.612056,0.617686,0.755274,0.824880,0.772472,0.695775,0.689957,0.682725,0.688688
0.704496,0.673985,0.711814,0.706654,0.762727,0.754799,0.656087,0.687004,0.690867,0.681400
0.677842,0.667139,0.667080,0.640668,0.576583,0.685882,0.716421,0.674309,0.679082,0.665538
0.689342,0.696434,0.687717,0.648722,0.722255,0.628021,0.733750,0.698734,0.705038,0.707335
0.736352,0.724288,0.675110,0.688428,0.649262,0.672023,0.698680,0.698241,0.654762,0.666728
0.705229,0.697449,0.702957,0.687468,0.833204,0.627979,0.721321,0.697804,0.712061,0.697906
0.719976,0.692720,0.693021,0.783055,0.748010,0.618875,0.666858,0.666856,0.705830,0.684407
0.703827,0.704828,0.707799,0.754936,0.806115,0.660301,0.681536,0.680227,0.661277,0.708267
0.672692,0.716025,0.576143,0.677169,0.611287,0.683979,0.636425,0.711980,0.681029,0.659941
0.677731,0.688882,0.728681,0.651221,0.672406,0.668117,0.719477,0.675116,0.684608,0.686505
0.755367,0.656193,0.669330,0.718520,0.589803,0.641505,0.711598,0.670256,0.767036,0.690258
0.702272,0.700676,0.731118,0.661286,0.707114,0.631654,0.694643,0.696472,0.682215,0.688542
0.691321,0.692401,0.713435,0.754517,0.597493,0.706950,0.666555,0.625322,0.758344,0.774964
0.681119,0.692469,0.683736,0.678193,0.430870,0.667568,0.656309,0.699574,0.684354,0.690588
0.721381,0.701958,0.671651,0.587537,0.566267,0.713021,0.669102,0.681140,0.720674,0.700322
0.735907,0.703974,0.667771,0.414571,0.725133,0.653685,0.650476,0.626484,0.758596,0.680189
0.655826,0.762656,0.670240,0.741643,0.689773,0.698638,0.621134,0.689769,0.676979,0.708674
0.694555,0.672248,0.693188,0.774697,0.566194,0.670806,0.716834,0.693730,0.705975,0.731874
0.686861,0.682945,0.706695,0.681701,0.308310,0.652336,0.619205,0.712048,0.675950,0.636023
0.688980,0.668248,0.685595,0.690028,0.678363,0.720255,0.682662,0.666916,0.707400,0.681070
0.696877,0.719724,0.675031,0.632972,0.657657,0.648669,0.718785,0.685221,0.721844,0.702613
0.667122,0.737279,0.698030,0.773567,0.893110,0.713532,0.737291,0.641510,0.621767,0.737559
0.674764,0.695364,0.696250,0.614103,0.826573,0.553356,0.683059,0.727159,0.655736,0.685502
0.674178,0.738319,0.726044,0.660893,0.786893,0.634575,0.721720,0.726983,0.669707,0.655934
0.699470,0.645625,0.686349,0.739931,0.730479,0.601320,0.620391,0.630205,0.692620,0.688393
0.769696,0.718385,0.659451,0.655679,0.682901,0.716139,0.747043,0.662485,0.651238,0.619197
0.711917,0.712076,0.727551,0.663009,0.569672,0.822937,0.671317,0.684868,0.749320,0.688181
0.748689,0.658521,0.638634,0.636368,0.722490,0.679883,0.733786,0.707625,0.717098,0.666969
0.710954,0.650477,0.662930,0.797373,0.716100,0.751683,0.750867,0.787765,0.678205,0.718356
0.699191,0.640959,0.709634,0.764373,0.727572,0.624558,0.711029,0.769814,0.696257,0.682971
0.691616,0.679648,0.709422,0.801930,0.909085,0.659181,0.732115,0.641382,0.733711,0.700373
0.714310,0.738636,0.759252,0.669713,0.727773,0.725135,0.770817,0.733349,0.722285,0.683357
0.683436,0.682956,0.697355,0.679362,0.521483,0.734377,0.699488,0.702120,0.683433,0.684288
0.710999,0.728315,0.739752,0.658399,0.656712,0.601292,0.678959,0.649718,0.725374,0.679724
0.672500,0.669438,0.735116,0.684525,0.772740,0.705183,0.715634,0.704946,0.671312,0.706649
0.683965,0.701602,0.617077,0.761500,0.686840,0.590653,0.740529,0.620266,0.656503,0.724564
0.773550,0.793176,0.657389,0.697979,0.566240,0.646176,0.677276,0.741648,0.757085,0.677724
0.646448,0.739058,0.739963,0.622094,0.934668,0.799056,0.656520,0.749522,0.610894,0.655050
0.730145,0.708351,0.690309,0.635817,0.726366,0.533799,0.648893,0.696561,0.675746,0.728164
0.681302,0.687790,0.760632,0.742915,0.633320,0.656646,0.645841,0.706730,0.686465,0.654768
0.764710,0.679255,0.665828,0.517242,0.763652,0.776349,0.679373,0.675252,0.726533,0.689219
0.710680,0.691460,0.695619,0.726290,0.685035,0.641001,0.726564,0.701213,0.718338,0.698974
0.692699,0.658383,0.709212,0.702061,0.860079,0.684644,0.710459,0.653815,0.669903,0.710047
0.677071,0.660258,0.718758,0.647446,0.716129,0.678560,0.689531,0.638733,0.724063,0.698333
0.709503,0.716739,0.767942,0.684443,0.568817,0.627773,0.661774,0.710541,0.663902,0.686687
0.695096,0.658457,0.646724,0.613013,0.766587,0.820830,0.801553,0.704560,0.652000,0.706832
0.650310,0.640879,0.602091,0.682332,0.905112,0.651791,0.782939,0.716563,0.713401,0.729086
0.697502,0.687459,0.621228,0.686372,0.647962,0.764180,0.604915,0.692560,0.699235,0.693985
0.682084,0.702057,0.694349,0.718249,0.603004,0.735564,0.671918,0.691078,0.713831,0.744474
0.709976,0.660841,0.660356,0.765200,0.781609,0.612789,0.650913,0.681795,0.695138,0.684732
0.714526,0.750943,0.727407,0.680338,0.708509,0.698719,0.697789,0.700468,0.695902,0.685502
0.700833,0.733750,0.704290,0.738930,0.681443,0.676875,0.640220,0.709529,0.713648,0.689057
0.720761,0.713371,0.673884,0.631128,0.555013,0.777351,0.682089,0.666769,0.630963,0.644031
0.691227,0.676884,0.710416,0.690227,0.714585,0.729174,0.713756,0.690849,0.672252,0.701396
0.660327,0.694395,0.698542,0.634287,0.569665,0.711384,0.756822,0.663165,0.708385,0.679544
0.680151,0.714929,0.701568,0.630533,0.382145,0.658076,0.732722,0.673121,0.681520,0.696290
0.725591,0.683141,0.729481,0.497047,0.856857,0.730934,0.661222,0.710934,0.720014,0.713142
0.735229,0.709070,0.694676,0.698845,0.760095,0.772482,0.727549,0.657656,0.741347,0.680926
0.679531,0.690347,0.654449,0.704584,0.769400,0.682844,0.657470,0.712290,0.672127,0.688702
0.705190,0.698111,0.698545,0.762393,0.703597,0.647877,0.790840,0.666028,0.677066,0.678272
0.673779,0.696443,0.750609,0.618930,0.738647,0.623239,0.678050,0.732758,0.734848,0.709491
0.630103,0.702448,0.715022,0.717561,0.693274,0.772008,0.662151,0.727995,0.670113,0.696282
0.734889,0.621450,0.700308,0.684499,0.668557,0.659137,0.628862,0.697805,0.705600,0.627441
0.719537,0.680273,0.629978,0.716722,0.662198,0.692706,0.639443,0.683785,0.716247,0.693730
0.723334,0.719418,0.671718,0.705110,0.566575,0.795182,0.738356,0.766304,0.702136,0.635656
0.725696,0.676576,0.706081,0.706373,0.846926,0.608671,0.669118,0.619394,0.657890,0.729087
0.683459,0.732482,0.673634,0.697289,0.728129,0.655381,0.659050,0.670162,0.678132,0.706651
0.685282,0.733263,0.693916,0.648121,0.753520,0.706608,0.721694,0.687943,0.690933,0.723424
0.694114,0.706423,0.720691,0.638273,0.625551,0.734638,0.732169,0.667181,0.678739,0.713968
0.687033,0.696037,0.700838,0.689766,0.568443,0.612489,0.648379,0.701202,0.702390,0.730810
0.701352,0.684598,0.597997,0.701851,0.662901,0.833878,0.630180,0.768069,0.713119,0.662722
0.691436,0.696437,0.694995,0.779958,0.750298,0.656505,0.706414,0.691191,0.686744,0.702129
0.754464,0.735289,0.721036,0.728306,0.828092,0.611184,0.683250,0.617565,0.702542,0.683459
0.715255,0.640624,0.712756,0.618114,0.797945,0.634093,0.682947,0.637716,0.752645,0.646313
0.694308,0.693970,0.676716,0.698920,0.885286,0.783642,0.679779,0.693245,0.647381,0.701780
0.649452,0.675562,0.719297,0.678223,0.549178,0.771958,0.693287,0.671066,0.673677,0.697588
0.694982,0.673367,0.696417,0.695176,0.662872,0.680626,0.697130,0.691848,0.684464,0.691966
0.685741,0.705543,0.732764,0.701509,0.673266,0.669106,0.744483,0.682490,0.692730,0.710954
0.701626,0.706754,0.698023,0.721272,0.732410,0.757577,0.768883,0.660332,0.666214,0.670665
0.711912,0.710513,0.662954,0.645486,0.802912,0.757459,0.752095,0.680368,0.749682,0.711648
0.662418,0.714363,0.660126,0.637693,0.552558,0.748297,0.750993,0.795430,0.681023,0.687673
0.720934,0.719717,0.741673,0.759591,0.495020,0.717457,0.742344,0.680142,0.704538,0.695492
0.730372,0.706833,0.674739,0.744841,0.561105,0.756446,0.688607,0.693041,0.738387,0.649734
0.706798,0.696342,0.732024,0.726232,0.657002,0.669885,0.668762,0.682132,0.696855,0.688540
0.735266,0.699713,0.613802,0.728117,0.603185,0.703094,0.737443,0.711510,0.693389,0.675990
0.709627,0.738205,0.736479,0.634690,0.742685,0.702967,0.678828,0.690505,0.659013,0.719027
0.717266,0.722498,0.673991,0.607245,0.858787,0.768615,0.710451,0.661689,0.673436,0.704571
0.689447,0.752234,0.690992,0.730392,0.686604,0.732137,0.714836,0.689244,0.714875,0.689116
0.685333,0.703376,0.578361,0.789105,0.803412,0.694742,0.584842,0.672284,0.690524,0.695072
0.680546,0.703511,0.694681,0.729805,0.790601,0.678582,0.681631,0.722893,0.644858,0.725100
0.723981,0.681731,0.694878,0.678209,0.675555,0.758396,0.702256,0.715403,0.687620,0.704679
0.689932,0.655945,0.726502,0.732503,0.662458,0.765241,0.678314,0.683483,0.704232,0.688078
0.720120,0.715453,0.749232,0.648263,0.620290,0.819562,0.750039,0.703928,0.738656,0.688807
0.644778,0.703450,0.712566,0.686073,0.753851,0.669654,0.714689,0.676741,0.637553,0.667959
0.638149,0.701076,0.661027,0.567181,0.772623,0.770711,0.758935,0.696000,0.647041,0.720576
0.676100,0.679142,0.661582,0.681748,0.567402,0.725344,0.722939,0.701671,0.690211,0.698031
0.704141,0.653160,0.729362,0.704997,0.728944,0.574019,0.669064,0.714722,0.686945,0.702510
0.748760,0.715163,0.601092,0.721126,0.719516,0.848516,0.732997,0.603114,0.708798,0.615172
0.676300,0.662591,0.638629,0.741218,0.737295,0.620148,0.662318,0.673885,0.699210,0.693555
0.648950,0.691601,0.694637,0.692897,0.608220,0.766201,0.710066,0.689910,0.733668,0.732610
0.683075,0.676056,0.765688,0.802846,0.629034,0.654425,0.708704,0.744439,0.684192,0.668632
0.727875,0.736685,0.613248,0.676890,0.653185,0.792786,0.574197,0.716653,0.660563,0.699587
0.640733,0.688931,0.680827,0.640916,0.662596,0.702807,0.742754,0.715407,0.694650,0.710076
0.677813,0.696085,0.687641,0.695981,0.718270,0.698103,0.733267,0.684488,0.686077,0.721761
0.700977,0.716418,0.687436,0.657274,0.360358,0.667359,0.679515,0.668534,0.699857,0.686215
0.740975,0.660865,0.699205,0.754484,0.817824,0.600949,0.724930,0.686987,0.701423,0.664223
0.669908,0.665542,0.759925,0.695476,0.661097,0.697877,0.637587,0.715628,0.727808,0.699034
0.678755,0.681632,0.739501,0.666300,0.483825,0.646557,0.721662,0.687871,0.672368,0.682280
0.720935,0.672660,0.743703,0.653740,0.624497,0.691301,0.726169,0.676588,0.680423,0.696303
0.706807,0.655889,0.694394,0.732859,0.624473,0.728501,0.781948,0.677316,0.705997,0.701345
0.662501,0.706149,0.647000,0.697966,0.742337,0.625786,0.737072,0.669021,0.710929,0.745598
0.700539,0.736707,0.597802,0.755936,0.538483,0.701919,0.661836,0.686716,0.668304,0.682565
0.842168,0.641844,0.570027,0.663365,0.825306,0.658124,0.775894,0.669064,0.654243,0.846204
0.705855,0.744389,0.669978,0.754799,0.772284,0.710346,0.709599,0.651280,0.776729,0.723571
0.684555,0.719802,0.696639,0.682336,0.577413,0.725011,0.718019,0.699450,0.704124,0.704536
0.712864,0.699044,0.732762,0.702765,0.816970,0.797744,0.670927,0.713725,0.691431,0.648869
0.654701,0.652551,0.605308,0.739919,0.777544,0.645141,0.731665,0.700991,0.692307,0.675913
0.665970,0.673538,0.679649,0.771989,0.621793,0.617094,0.745467,0.742595,0.719472,0.724333
0.700426,0.687712,0.679720,0.647981,0.744788,0.744227,0.705259,0.722459,0.696764,0.701448
0.737884,0.764040,0.688270,0.624940,0.674024,0.563882,0.721843,0.722131,0.694694,0.665584
0.711396,0.661988,0.661624,0.768475,0.565060,0.677579,0.712679,0.697003,0.721545,0.720474
0.692631,0.745368,0.716656,0.760001,0.871703,0.746167,0.677660,0.667863,0.678618,0.676976
0.676296,0.682054,0.757282,0.695651,0.664673,0.708370,0.775900,0.710967,0.676708,0.700807
0.725665,0.687098,0.747697,0.724670,0.586742,0.788451,0.644453,0.739861,0.732870,0.717245
0.680663,0.731522,0.700942,0.771663,0.805144,0.632540,0.713991,0.633520,0.698260,0.691553
0.690309,0.687609,0.686341,0.726704,0.512471,0.643289,0.687062,0.721001,0.685797,0.678044
0.665087,0.724979,0.642691,0.737189,0.502542,0.710001,0.681727,0.699331,0.719025,0.701190
0.694054,0.680270,0.703814,0.736361,0.626303,0.671290,0.757511,0.693232,0.649175,0.700902
0.711443,0.631345,0.728384,0.725861,0.698702,0.683184,0.641468,0.688029,0.721019,0.753176
0.685330,0.689446,0.722588,0.676445,0.694982,0.739009,0.760995,0.676172,0.656325,0.683545
0.746305,0.685271,0.729166,0.760767,0.633494,0.695864,0.718901,0.680895,0.706303,0.661647
0.690865,0.680105,0.662252,0.705605,0.512199,0.657716,0.708362,0.685206,0.699390,0.749996
0.703262,0.781635,0.635821,0.728165,0.789136,0.606254,0.688877,0.729799,0.660478,0.687431
0.669279,0.605995,0.709153,0.608720,0.736407,0.753824,0.762294,0.656453,0.643817,0.688644
0.683644,0.696198,0.709626,0.625945,0.576670,0.686609,0.746870,0.688640,0.667445,0.704687
0.687600,0.698934,0.632600,0.670584,0.693114,0.767747,0.733406,0.680623,0.700756,0.630537
0.755499,0.590091,0.713595,0.763175,0.712252,0.850932,0.746441,0.655287,0.711738,0.698016
0.692665,0.692568,0.683419,0.649776,0.641633,0.722236,0.678507,0.677263,0.670826,0.686607
0.648633,0.690143,0.675014,0.713788,0.552774,0.783747,0.714256,0.702310,0.715657,0.702956
0.731470,0.669954,0.691739,0.674814,0.565530,0.733535,0.746891,0.741985,0.665660,0.666990
0.788117,0.722128,0.549074,0.571312,0.718367,0.745431,0.751648,0.702337,0.677060,0.711803
0.718929,0.705469,0.708899,0.647998,0.609967,0.584218,0.685153,0.708904,0.716226,0.712070
0.695539,0.697608,0.718828,0.688069,0.736015,0.772672,0.669279,0.670304,0.678344,0.717616
0.708413,0.701769,0.744759,0.655487,0.618796,0.660669,0.733512,0.693056,0.697913,0.695588
0.641739,0.667061,0.723607,0.732282,0.576258,0.704597,0.708947,0.582585,0.692617,0.687134
0.663809,0.711134,0.666828,0.710899,0.716985,0.632438,0.629402,0.694381,0.645001,0.686376
0.702091,0.701772,0.678349,0.738558,0.742527,0.529668,0.671202,0.713449,0.694591,0.688278
0.643856,0.658320,0.666901,0.578904,0.599282,0.625421,0.631817,0.745804,0.718246,0.649826
0.676433,0.749975,0.706609,0.570090,0.852620,0.747014,0.693291,0.802480,0.666468,0.711968
0.663166,0.728973,0.638714,0.696775,0.559362,0.684770,0.726833,0.649221,0.727734,0.693173
0.666136,0.630649,0.683578,0.722371,0.612344,0.718681,0.724703,0.689824,0.710908,0.708030
0.699195,0.705648,0.562805,0.705119,0.686095,0.836549,0.596590,0.704156,0.713350,0.693153
0.692336,0.708186,0.702758,0.685410,0.610296,0.738987,0.720478,0.674800,0.714935,0.708771
0.698149,0.673905,0.678046,0.680897,0.431157,0.714533,0.677780,0.683724,0.694558,0.682448
0.722205,0.788865,0.694158,0.657354,0.699111,0.518785,0.681716,0.735483,0.698760,0.707545
0.687977,0.564923,0.723257,0.745766,0.610153,0.627627,0.683435,0.681889,0.696280,0.697517
0.711026,0.749056,0.709494,0.706821,0.842425,0.694687,0.739062,0.702387,0.696816,0.678485
0.686243,0.706153,0.725794,0.685907,0.703077,0.668795,0.659171,0.708994,0.648349,0.736418
0.694770,0.682357,0.665992,0.683836,0.588211,0.735475,0.696617,0.649835,0.706795,0.684650
0.663359,0.681910,0.728109,0.682315,0.702254,0.725764,0.720992,0.723833,0.703299,0.719162
0.694639,0.721088,0.713041,0.697555,0.563360,0.673508,0.717928,0.715432,0.694458,0.669903
0.681829,0.669911,0.671328,0.718420,0.739821,0.617851,0.732936,0.660083,0.716838,0.705280
0.675915,0.712935,0.663902,0.702178,0.604655,0.835796,0.722275,0.722732,0.703989,0.676318
0.698113,0.721028,0.598184,0.783861,0.518606,0.716913,0.611321,0.615821,0.714505,0.697834
0.698531,0.684613,0.700564,0.752759,0.736733,0.763076,0.733543,0.774709,0.687158,0.685966
0.637539,0.708588,0.725770,0.703891,0.902292,0.769763,0.692025,0.649549,0.689779,0.706326
0.680754,0.677810,0.695614,0.675748,0.590246,0.611824,0.720163,0.699385,0.663435,0.684232
0.727873,0.779955,0.783272,0.669880,0.701168,0.789988,0.637382,0.720111,0.739542,0.764400
0.713090,0.728886,0.737491,0.733082,0.588672,0.657309,0.695119,0.706303,0.645569,0.694553
0.699109,0.800007,0.722329,0.734226,0.906206,0.758752,0.734989,0.699670,0.636031,0.694713
0.706845,0.703994,0.657133,0.603416,0.706436,0.629137,0.668504,0.742313,0.699443,0.695068
0.632437,0.699362,0.721677,0.618931,0.629291,0.631066,0.737299,0.661708,0.701021,0.672664
0.708591,0.706856,0.700704,0.746437,0.612793,0.715929,0.703828,0.692605,0.717683,0.672732
0.738726,0.698322,0.721042,0.750159,0.704066,0.693683,0.724913,0.656991,0.703057,0.644609
0.721180,0.720026,0.719710,0.659239,0.668478,0.700934,0.747128,0.721158,0.688366,0.675993
0.677960,0.692446,0.650783,0.666674,0.892600,0.763970,0.733444,0.688873,0.697660,0.731195
0.695104,0.690538,0.716696,0.724523,0.689351,0.712002,0.684387,0.692514,0.726931,0.689174
0.667095,0.743525,0.704568,0.664663,0.743516,0.575950,0.697350,0.729261,0.715732,0.711610
0.677494,0.671657,0.666932,0.643315,0.663584,0.687049,0.658045,0.723983,0.685915,0.719464
0.697965,0.712906,0.636742,0.751783,0.842971,0.783442,0.624343,0.684913,0.703195,0.682419
0.610606,0.680734,0.727455,0.683146,0.884713,0.643307,0.725624,0.685650,0.643671,0.663097
0.698127,0.617247,0.665185,0.734644,0.546191,0.734765,0.680064,0.677261,0.723404,0.676658
0.732056,0.615385,0.681088,0.614036,0.846630,0.614036,0.686321,0.701985,0.699171,0.757381
0.670920,0.663204,0.708686,0.649022,0.701866,0.705649,0.750807,0.698842,0.667011,0.691535
0.690268,0.707098,0.691442,0.662445,0.843153,0.754758,0.713433,0.524337,0.700597,0.716761
0.701366,0.719224,0.694546,0.725530,0.781779,0.609146,0.724568,0.717066,0.703694,0.682478
0.732030,0.704208,0.716867,0.746809,0.614412,0.687493,0.672794,0.716825,0.770839,0.638129
0.700409,0.697168,0.694205,0.667959,0.407762,0.644308,0.675060,0.711802,0.685903,0.704891
0.711867,0.698855,0.633777,0.727319,0.585673,0.686202,0.688214,0.684601,0.676892,0.673438
0.736223,0.690182,0.659522,0.704145,0.780350,0.474483,0.707338,0.718766,0.704054,0.691147
0.703560,0.770291,0.674490,0.737842,0.696800,0.720901,0.666781,0.688741,0.735021,0.698208
0.705061,0.686226,0.661151,0.606841,0.627361,0.707197,0.739248,0.673436,0.665252,0.713736
0.654948,0.667908,0.678684,0.721538,0.667820,0.662171,0.715231,0.697159,0.661223,0.729769
0.673583,0.665741,0.704639,0.703849,0.727692,0.763963,0.762989,0.627020,0.667930,0.702986
0.740663,0.727014,0.678786,0.639904,0.660442,0.483877,0.681789,0.688140,0.706725,0.677106
0.672453,0.677205,0.696344,0.663994,0.610647,0.696922,0.723700,0.689675,0.669470,0.689937
0.612929,0.650707,0.682808,0.729115,0.454877,0.614262,0.697814,0.776787,0.689271,0.712476
0.654634,0.720217,0.718886,0.702902,0.642268,0.710925,0.721968,0.657492,0.681993,0.672925
0.696539,0.679527,0.667949,0.720998,0.649191,0.713797,0.708862,0.710780,0.681594,0.700084
0.733624,0.683458,0.752208,0.705121,0.758286,0.800813,0.712180,0.637951,0.616477,0.634896
0.716518,0.676859,0.675301,0.662570,0.853908,0.722340,0.684553,0.698524,0.718670,0.699536
0.680542,0.715965,0.702895,0.686243,0.692566,0.662586,0.711093,0.692597,0.700049,0.701546
0.705418,0.659735,0.698093,0.578911,0.698079,0.743449,0.754913,0.716953,0.716786,0.685079
0.725159,0.660228,0.730193,0.748083,0.729168,0.751290,0.696716,0.707036,0.716589,0.668601
0.678382,0.694082,0.732554,0.631337,0.891935,0.737234,0.649406,0.647395,0.723627,0.675900
0.725477,0.735168,0.711746,0.663438,0.650512,0.523972,0.629033,0.654354,0.688196,0.734222
0.700195,0.705012,0.734572,0.652922,0.758412,0.852460,0.730867,0.631562,0.680253,0.699437
0.699637,0.727868,0.732354,0.658167,0.456469,0.752289,0.715097,0.678428,0.707350,0.654719
0.645451,0.708865,0.734937,0.708918,0.825767,0.647003,0.703497,0.651642,0.665856,0.673233
0.685137,0.685023,0.616742,0.720013,0.677030,0.783127,0.607322,0.701234,0.664631,0.691359
0.675132,0.705553,0.767165,0.689530,0.642610,0.734551,0.626983,0.683322,0.704296,0.685748
0.673342,0.710883,0.673695,0.695631,0.572172,0.616931,0.708137,0.674744,0.694839,0.721695
0.681084,0.712979,0.675977,0.667352,0.797884,0.613221,0.703428,0.729677,0.656424,0.693496
0.605463,0.656365,0.707402,0.656917,0.621381,0.579958,0.626803,0.748839,0.749851,0.745214
0.686173,0.690622,0.727433,0.694099,0.681142,0.706642,0.748619,0.681087,0.702958,0.702082
0.664289,0.693147,0.713723,0.696730,0.812716,0.631773,0.682637,0.717132,0.651283,0.689901
0.678388,0.712424,0.614569,0.689180,0.814471,0.758984,0.612951,0.691282,0.658155,0.695578
0.673194,0.687910,0.717953,0.686654,0.758521,0.744857,0.766798,0.696066,0.672495,0.716339
0.682137,0.708951,0.728113,0.673271,0.535467,0.690320,0.666218,0.672870,0.679311,0.697997
0.695625,0.629893,0.667893,0.718416,0.613421,0.627025,0.689546,0.701270,0.717070,0.603539
0.649335,0.735424,0.715810,0.836481,0.728379,0.804819,0.728784,0.719186,0.703785,0.738191
0.658861,0.719273,0.642340,0.762981,0.590948,0.623572,0.727013,0.699891,0.755782,0.719028
0.679554,0.740827,0.652282,0.689679,0.446858,0.732607,0.688282,0.697816,0.729832,0.661309
0.698978,0.726610,0.700001,0.636476,0.443350,0.664133,0.715678,0.645918,0.679769,0.665746
0.643802,0.634512,0.723494,0.606365,0.848974,0.733981,0.749124,0.745912,0.690442,0.708295
0.712765,0.693275,0.740802,0.778177,0.791203,0.629940,0.717633,0.664718,0.729797,0.698159
0.701362,0.706956,0.631937,0.681293,0.625544,0.735076,0.725498,0.690960,0.714170,0.669681
0.683246,0.680127,0.708658,0.648128,0.684136,0.720024,0.730863,0.677272,0.686453,0.673123
0.732156,0.707506,0.736632,0.701082,0.672704,0.746193,0.706076,0.717787,0.677658,0.680156
0.696758,0.701457,0.715478,0.688778,0.561373,0.684252,0.721998,0.690910,0.699031,0.700456
0.715051,0.726218,0.687948,0.537756,0.698684,0.631591,0.706035,0.700379,0.765374,0.683634
0.650467,0.696980,0.719511,0.649993,0.713282,0.636815,0.685155,0.739749,0.702093,0.708199
0.689149,0.672475,0.703559,0.687775,0.650674,0.605375,0.799816,0.680172,0.704498,0.687717
0.715320,0.712172,0.671234,0.696653,0.656890,0.756676,0.741921,0.689723,0.670301,0.667627
0.688985,0.671187,0.724305,0.701420,0.629056,0.743243,0.717685,0.720774,0.689925,0.687382
0.642105,0.597202,0.696703,0.711196,0.543713,0.719112,0.763647,0.643515,0.654863,0.719348
0.694372,0.741943,0.688127,0.658960,0.636528,0.545238,0.730244,0.722641,0.636645,0.688987
0.660946,0.641602,0.697090,0.618557,0.759967,0.794499,0.657321,0.658113,0.709262,0.701729
0.695167,0.730471,0.658976,0.617460,0.645644,0.698385,0.723254,0.670559,0.690371,0.685568
0.669307,0.705309,0.762832,0.723453,0.608760,0.674307,0.735106,0.796692,0.732561,0.677605
0.710735,0.692768,0.624479,0.694592,0.712233,0.575466,0.753478,0.740760,0.682167,0.698091
0.685429,0.678372,0.705523,0.648673,0.688049,0.705633,0.718422,0.680500,0.676119,0.699913
0.693418,0.688042,0.615107,0.709067,0.702873,0.758677,0.610231,0.688797,0.683234,0.694750
0.745093,0.715528,0.707586,0.786740,0.587198,0.714852,0.614406,0.620285,0.713634,0.723767
0.750931,0.747772,0.669423,0.667881,0.707570,0.613881,0.738289,0.740150,0.703268,0.750221
0.702750,0.672611,0.675594,0.670556,0.831168,0.626187,0.681435,0.727770,0.691010,0.705955
0.703131,0.707804,0.600038,0.646352,0.823395,0.736074,0.732435,0.679085,0.619529,0.677318
0.677512,0.726030,0.679997,0.672748,0.816857,0.615442,0.741313,0.680197,0.627110,0.729808
0.630989,0.734666,0.562069,0.751325,0.827829,0.698538,0.618619,0.719342,0.668822,0.690507
0.688540,0.722434,0.657372,0.729619,0.679351,0.737916,0.650723,0.701517,0.685309,0.682076
0.694411,0.679956,0.688076,0.627290,0.721717,0.723238,0.679645,0.695497,0.704672,0.730469
0.671005,0.701497,0.665365,0.717921,0.782690,0.615771,0.731806,0.701244,0.688446,0.709655
0.693191,0.652931,0.674330,0.695672,0.727958,0.639638,0.688160,0.726364,0.697642,0.693901
0.694493,0.693150,0.699075,0.793974,0.666389,0.633191,0.675284,0.634608,0.680245,0.722795
0.617585,0.779299,0.824163,0.705575,0.728499,0.679709,0.710463,0.720069,0.762995,0.625155
0.724165,0.673404,0.760117,0.690790,0.595770,0.674222,0.638196,0.714928,0.669543,0.671721
0.700407,0.706220,0.741580,0.700206,0.865278,0.696775,0.642750,0.621539,0.651821,0.703643
0.758240,0.591161,0.679166,0.598587,0.581143,0.701195,0.664115,0.655583,0.734458,0.672852
0.733170,0.675514,0.700171,0.722832,0.683953,0.701253,0.704341,0.671315,0.735191,0.678128
0.623339,0.706103,0.786261,0.572812,0.653715,0.712938,0.671673,0.678594,0.723476,0.748853
0.705570,0.613527,0.657961,0.697814,0.654389,0.547873,0.726101,0.756310,0.602815,0.681537
0.633222,0.665516,0.659971,0.742513,0.733665,0.782864,0.743363,0.647147,0.614478,0.699138
0.709161,0.693429,0.736728,0.682243,0.628012,0.855691,0.709895,0.692190,0.703664,0.683596
0.685599,0.695042,0.676634,0.758729,0.634248,0.731418,0.755165,0.711669,0.648349,0.759517
0.737606,0.725125,0.698283,0.650295,0.690676,0.691940,0.708137,0.712266,0.692327,0.709345
0.671083,0.723421,0.744696,0.832895,0.715261,0.681624,0.694354,0.682391,0.664651,0.685279
0.676115,0.722074,0.653258,0.767060,0.689365,0.713733,0.634292,0.668174,0.676519,0.686978
0.636023,0.702953,0.646629,0.683084,0.850983,0.722507,0.641440,0.715382,0.709799,0.751735
0.657355,0.675890,0.769927,0.707170,0.702037,0.709648,0.644497,0.678001,0.695984,0.663467
0.692922,0.738902,0.707274,0.667599,0.354687,0.653559,0.695456,0.670363,0.660337,0.700766
0.701589,0.628423,0.704498,0.686662,0.711755,0.721955,0.661341,0.693704,0.693909,0.686171
0.703257,0.693421,0.702498,0.701880,0.800516,0.555374,0.698134,0.740538,0.697819,0.696757
0.711586,0.797120,0.717327,0.715355,0.616116,0.689957,0.683870,0.678165,0.729353,0.686753
0.605704,0.709521,0.655192,0.693721,0.532423,0.695334,0.689221,0.678149,0.589474,0.665820
0.699101,0.734414,0.674615,0.755942,0.692287,0.615368,0.661184,0.688941,0.679931,0.698856
0.700007,0.713353,0.622877,0.639730,0.719566,0.737577,0.718342,0.672009,0.758448,0.741054
0.725112,0.686280,0.647268,0.826880,0.741615,0.589155,0.770810,0.694917,0.740641,0.671367
0.610196,0.686985,0.672576,0.789971,0.574464,0.692771,0.694224,0.728646,0.571777,0.700667
0.709116,0.666247,0.657957,0.719568,0.616374,0.589911,0.680344,0.685104,0.716367,0.698649
0.720945,0.653637,0.701604,0.824663,0.601446,0.669989,0.699585,0.684549,0.735793,0.651997
0.701556,0.772081,0.745085,0.622857,0.716749,0.714125,0.595358,0.676269,0.834348,0.718351
0.679317,0.649769,0.766872,0.634238,0.473558,0.685741,0.642718,0.670390,0.682257,0.682355
0.711950,0.711026,0.765401,0.731612,0.603024,0.728158,0.632405,0.758592,0.648540,0.672327
0.712759,0.691471,0.702282,0.701424,0.634254,0.674943,0.630551,0.689400,0.716650,0.712755
0.713411,0.695858,0.682992,0.748182,0.711993,0.654295,0.694894,0.700595,0.731848,0.725246
0.759373,0.677201,0.654430,0.543860,0.883961,0.712431,0.697144,0.764535,0.707056,0.709976
0.672973,0.667863,0.709357,0.702483,0.611368,0.661454,0.719011,0.684234,0.685253,0.667417
0.700034,0.703169,0.704864,0.733135,0.668468,0.582059,0.676454,0.639553,0.712244,0.662113
0.703915,0.726581,0.677688,0.647089,0.519842,0.816242,0.680344,0.709933,0.697482,0.700218
0.738682,0.672527,0.706488,0.724346,0.638472,0.716207,0.687986,0.634110,0.740774,0.672768
0.729955,0.664806,0.718074,0.731279,0.658224,0.626342,0.682857,0.742845,0.645911,0.733018
0.675552,0.679304,0.694614,0.673120,0.454710,0.646546,0.702247,0.705173,0.681602,0.696486
0.698941,0.693979,0.691741,0.658503,0.612963,0.770522,0.704497,0.677097,0.700174,0.672995
0.684707,0.677824,0.709029,0.728017,0.635880,0.686578,0.717485,0.691944,0.710087,0.697812
0.670112,0.679396,0.714063,0.792529,0.907833,0.665965,0.724853,0.619045,0.702630,0.697941
0.682344,0.664939,0.713813,0.719454,0.784685,0.709309,0.713705,0.705367,0.700544,0.683834
0.662307,0.699595,0.727323,0.757453,0.438956,0.683895,0.675083,0.668171,0.744268,0.704597
0.669979,0.691863,0.577426,0.729627,0.767858,0.785435,0.775748,0.702943,0.698954,0.723962
0.684828,0.725754,0.669521,0.681659,0.553232,0.773966,0.699683,0.700005,0.703495,0.680017
0.711235,0.658877,0.736076,0.688279,0.726830,0.742012,0.679173,0.683684,0.732547,0.701140
0.691711,0.683213,0.678309,0.749321,0.764657,0.569999,0.717857,0.721835,0.673060,0.690802
0.670356,0.671724,0.727381,0.705538,0.688965,0.774804,0.689235,0.691532,0.678012,0.717531
0.653575,0.603394,0.614172,0.691575,0.808803,0.544069,0.710512,0.644271,0.645534,0.765158
0.687444,0.711606,0.709238,0.740415,0.630312,0.589215,0.719037,0.707429,0.676813,0.684982
0.776320,0.682998,0.698915,0.600448,0.696651,0.689179,0.671633,0.669193,0.644449,0.632839
0.684362,0.715830,0.674846,0.702926,0.757528,0.700434,0.623774,0.704467,0.751248,0.693120
0.670440,0.719431,0.631600,0.675670,0.517516,0.722286,0.732536,0.700830,0.693856,0.691531
0.638903,0.702881,0.747837,0.693405,0.716922,0.599954,0.647089,0.686084,0.743353,0.691591
0.687040,0.695695,0.721051,0.675292,0.609778,0.791063,0.714106,0.731641,0.696714,0.676376
0.703812,0.628752,0.733619,0.727169,0.815231,0.536085,0.706919,0.734603,0.692850,0.695572
0.658916,0.689272,0.719025,0.701186,0.681530,0.758355,0.759878,0.666667,0.675749,0.685279
0.727938,0.731629,0.576743,0.705513,0.641804,0.816644,0.707249,0.580882,0.725337,0.688876
0.686777,0.737051,0.670206,0.676961,0.658687,0.605695,0.686144,0.719782,0.686507,0.692715
0.747277,0.738930,0.700727,0.740444,0.505909,0.650251,0.632141,0.704474,0.687597,0.646428
0.684238,0.707446,0.667093,0.715026,0.848009,0.737105,0.706395,0.699191,0.682140,0.721645
0.726139,0.759667,0.728974,0.622526,0.706910,0.580380,0.698263,0.714014,0.726812,0.705226
0.674684,0.724183,0.725016,0.684713,0.653957,0.686293,0.717732,0.722158,0.667552,0.685190
0.690154,0.681294,0.730484,0.740724,0.697401,0.550842,0.644312,0.698049,0.714703,0.702550
0.701087,0.660590,0.618134,0.788668,0.718628,0.805400,0.609257,0.647754,0.702786,0.707615
0.703354,0.697998,0.657737,0.711896,0.613931,0.765915,0.739018,0.678230,0.708703,0.711554
0.728460,0.704113,0.690040,0.637865,0.765301,0.522480,0.676010,0.730145,0.686811,0.675446
0.687566,0.699362,0.642551,0.721142,0.744695,0.728659,0.637950,0.692963,0.688592,0.694872
0.704328,0.671637,0.657211,0.701099,0.750892,0.712547,0.712488,0.695984,0.705454,0.701883
0.675429,0.639958,0.704587,0.638930,0.688238,0.637739,0.659119,0.688048,0.715059,0.724707
0.702688,0.658707,0.671517,0.635730,0.867019,0.715989,0.686168,0.717198,0.705050,0.711129
0.699306,0.785443,0.746441,0.841489,0.379221,0.784706,0.644226,0.731500,0.722584,0.623099
0.715685,0.697449,0.666431,0.708454,0.647571,0.698488,0.703071,0.689905,0.648092,0.679446
0.667413,0.650287,0.660774,0.678356,0.764692,0.580844,0.691458,0.735486,0.675184,0.690508
0.724000,0.657819,0.673628,0.760643,0.961750,0.801759,0.749569,0.730632,0.722794,0.716927
0.722033,0.733829,0.697363,0.728449,0.557275,0.680619,0.710461,0.646754,0.672914,0.686964
0.721460,0.730048,0.707813,0.744905,0.525963,0.758209,0.675115,0.721742,0.712015,0.664256
0.639227,0.718127,0.722185,0.669267,0.946524,0.769258,0.692123,0.623136,0.666129,0.700435
0.636182,0.698968,0.666186,0.663209,0.548441,0.804715,0.741675,0.756832,0.734951,0.612128
0.691108,0.696147,0.751785,0.774174,0.793792,0.762220,0.713453,0.704165,0.702592,0.692026
0.722296,0.713493,0.699750,0.725548,0.599005,0.630205,0.683807,0.690551,0.692225,0.694440
0.689754,0.718053,0.634859,0.802261,0.754396,0.724135,0.621098,0.683847,0.663215,0.686681
0.719873,0.710943,0.704313,0.727077,0.568809,0.698443,0.737351,0.659884,0.673500,0.666751
0.688745,0.711527,0.757441,0.705494,0.940190,0.804413,0.675558,0.710748,0.697575,0.693256
0.757660,0.683596,0.686741,0.746482,0.615009,0.623363,0.655466,0.729463,0.736324,0.677764
0.654105,0.666869,0.691628,0.697602,0.685253,0.701494,0.705471,0.660808,0.680340,0.682208
0.728543,0.724616,0.704717,0.759589,0.605486,0.743533,0.730289,0.699651,0.708969,0.717101
0.693132,0.701784,0.604742,0.726241,0.634293,0.704369,0.590476,0.699149,0.688325,0.683717
0.705845,0.689116,0.786200,0.647078,0.632000,0.583624,0.766518,0.676295,0.720176,0.702031
0.751230,0.708807,0.721565,0.772606,0.660085,0.757341,0.683955,0.841203,0.629156,0.715650
0.688476,0.660082,0.694652,0.680392,0.752848,0.590504,0.657312,0.695370,0.658936,0.687146
0.677209,0.671606,0.693707,0.798135,0.780248,0.618957,0.623458,0.622268,0.708300,0.703371
0.728392,0.729305,0.680095,0.731697,0.727171,0.520363,0.696475,0.670548,0.705707,0.694236
0.708388,0.645244,0.678716,0.751114,0.835548,0.686312,0.681646,0.705372,0.724384,0.690580
0.671721,0.669054,0.700746,0.677188,0.972536,0.800385,0.704037,0.731218,0.627103,0.696263
0.669215,0.794771,0.699543,0.612302,0.927542,0.794329,0.708416,0.652249,0.643767,0.680257
0.673535,0.702604,0.676524,0.734232,0.644314,0.683413,0.756902,0.709589,0.714352,0.719650
0.679567,0.698404,0.659217,0.638916,0.587980,0.835179,0.665269,0.736352,0.707840,0.665785
0.637186,0.715706,0.686357,0.690453,0.711428,0.706545,0.690767,0.667499,0.735726,0.698770
0.638825,0.627814,0.644045,0.748583,0.706650,0.745908,0.775713,0.603785,0.679144,0.718253
0.723749,0.702957,0.670367,0.670082,0.756984,0.593770,0.686958,0.739327,0.731517,0.682041
0.675718,0.727071,0.686005,0.686829,0.664759,0.766474,0.679642,0.673468,0.710372,0.717576
0.718430,0.719778,0.663046,0.642842,0.696733,0.559036,0.669176,0.732646,0.686503,0.699689
0.675626,0.736658,0.694802,0.641482,0.700991,0.765507,0.731019,0.718502,0.688072,0.688127
0.679016,0.683241,0.691029,0.686909,0.610191,0.607610,0.733114,0.659948,0.661792,0.716288
0.660916,0.717368,0.646511,0.682762,0.721141,0.742822,0.709635,0.642672,0.681148,0.736589
0.691411,0.750557,0.706773,0.637618,0.574855,0.723134,0.715263,0.672483,0.706352,0.692908
0.691350,0.707925,0.680773,0.674403,0.829906,0.690029,0.697106,0.651795,0.659049,0.679024
0.687064,0.716207,0.720902,0.722918,0.731643,0.705492,0.698128,0.712296,0.686390,0.693261
0.716784,0.688343,0.663946,0.800197,0.748379,0.744079,0.726439,0.742156,0.733084,0.684002
0.692408,0.768264,0.696488,0.598496,0.867745,0.772303,0.700648,0.724223,0.693715,0.691426
0.709607,0.741988,0.670401,0.683241,0.736410,0.606527,0.688615,0.708714,0.718650,0.700635
0.725758,0.685761,0.627285,0.644941,0.716971,0.581347,0.741516,0.756057,0.652473,0.633207
0.691029,0.700022,0.594234,0.770884,0.670887,0.679603,0.578231,0.686559,0.704742,0.714185
0.736314,0.742761,0.638316,0.571531,0.730399,0.605028,0.694774,0.718531,0.715337,0.659909
0.688093,0.686987,0.707131,0.693717,0.960182,0.809520,0.697014,0.718660,0.692586,0.707835
0.699288,0.747127,0.742861,0.686886,0.798344,0.653269,0.656377,0.684129,0.655912,0.699070
0.651915,0.709719,0.695362,0.670325,0.665923,0.653436,0.705582,0.688550,0.753082,0.718974
0.697824,0.708582,0.746165,0.688497,0.709949,0.665714,0.703755,0.685035,0.716058,0.676579
0.679559,0.759552,0.767040,0.649915,0.709691,0.736538,0.752905,0.687245,0.673610,0.665482
0.685236,0.732828,0.666073,0.726867,0.564207,0.733892,0.748972,0.672473,0.721053,0.704151
0.749456,0.715046,0.724700,0.627206,0.746447,0.682659,0.687648,0.665175,0.722541,0.729571
0.664582,0.659636,0.722699,0.749453,0.765916,0.773320,0.721670,0.672419,0.668665,0.696446
0.679490,0.731757,0.748228,0.600860,0.784168,0.755260,0.638461,0.719742,0.669569,0.754906
0.694831,0.701420,0.728039,0.755414,0.676828,0.800756,0.716247,0.761305,0.706273,0.683708
0.729567,0.697873,0.704109,0.633082,0.708957,0.584256,0.715895,0.640586,0.666036,0.674218
0.707842,0.701809,0.723105,0.670706,0.600158,0.683984,0.728078,0.678990,0.698110,0.687983
0.708320,0.649135,0.768341,0.606383,0.650731,0.784934,0.635762,0.728346,0.715635,0.665764
0.725309,0.672613,0.614838,0.664701,0.576847,0.823368,0.697164,0.685458,0.734382,0.695860
0.708697,0.727058,0.766053,0.682835,0.675675,0.692442,0.717345,0.698727,0.708102,0.673393
0.709554,0.625094,0.732936,0.662092,0.600064,0.781319,0.626253,0.657866,0.674882,0.748831
0.654320,0.700295,0.678720,0.840946,0.765355,0.836244,0.713262,0.751622,0.712505,0.684800
0.689221,0.767976,0.626864,0.702643,0.582356,0.866070,0.658693,0.735243,0.703110,0.660807
0.651038,0.716883,0.725596,0.682283,0.735461,0.689728,0.707514,0.654919,0.703702,0.737635
0.697203,0.712066,0.664339,0.594360,0.677712,0.614551,0.668417,0.678048,0.709784,0.683677
0.714238,0.671497,0.783816,0.668628,0.670863,0.726969,0.715454,0.701274,0.672359,0.720588
0.702366,0.761491,0.633227,0.641070,0.911990,0.799841,0.755335,0.722193,0.639183,0.709813
0.664375,0.751011,0.733004,0.632404,0.747727,0.843297,0.651636,0.647337,0.756572,0.731272
0.706404,0.777653,0.703597,0.759041,0.728965,0.766686,0.717421,0.694769,0.698570,0.695862
0.735215,0.714483,0.664170,0.750178,0.834960,0.684461,0.799069,0.762999,0.709225,0.688195
0.728978,0.679970,0.753816,0.734064,0.741766,0.709016,0.700725,0.705514,0.670374,0.632469
0.696441,0.724166,0.672511,0.678748,0.814988,0.562746,0.708222,0.649333,0.671657,0.716154
0.686834,0.676753,0.660420,0.659346,0.889089,0.734342,0.693589,0.699018,0.660776,0.694450
0.693292,0.777070,0.713173,0.618078,0.730925,0.647748,0.687502,0.675653,0.695203,0.688905
0.665807,0.700012,0.777135,0.661635,0.653480,0.764281,0.777592,0.671331,0.691643,0.701034
0.682114,0.677896,0.780083,0.743584,0.535103,0.658726,0.707297,0.705744,0.652480,0.727504
0.687135,0.690879,0.748938,0.657673,0.542578,0.692818,0.750448,0.702580,0.682125,0.694763
0.717135,0.605636,0.700772,0.695898,0.566952,0.689056,0.715147,0.695133,0.692037,0.744446
0.671209,0.684420,0.655542,0.736008,0.668795,0.601259,0.640394,0.734746,0.664682,0.688708
0.651514,0.678898,0.772807,0.691452,0.623893,0.707710,0.601188,0.692943,0.697458,0.692041
0.716290,0.678438,0.721859,0.707643,0.815115,0.736044,0.679472,0.666834,0.675367,0.675985
0.739572,0.694826,0.689804,0.591724,0.714856,0.575917,0.738823,0.718930,0.675006,0.667119
0.677823,0.673321,0.674096,0.683810,0.795745,0.653047,0.703908,0.745198,0.643656,0.688239
0.668890,0.657632,0.673980,0.728531,0.648493,0.667965,0.677442,0.676855,0.650483,0.677512
0.690962,0.572551,0.746534,0.664623,0.910872,0.636018,0.683575,0.693057,0.686607,0.655887
0.672740,0.723602,0.644315,0.634854,0.772620,0.589365,0.722483,0.708217,0.667688,0.709650
0.695349,0.731200,0.780871,0.730466,0.630859,0.667798,0.682579,0.707253,0.704155,0.688432
0.683247,0.691500,0.698321,0.687739,0.710694,0.681799,0.754200,0.688901,0.675746,0.687444
0.725163,0.759619,0.680179,0.709248,0.586432,0.626033,0.690618,0.676784,0.728928,0.694304
0.690676,0.723435,0.682610,0.645144,0.634232,0.614428,0.669119,0.697686,0.661877,0.690837
0.717128,0.645693,0.748161,0.626745,0.834644,0.524870,0.644098,0.730991,0.644843,0.691724
0.660805,0.677065,0.686120,0.761498,0.673798,0.582393,0.717322,0.715425,0.686579,0.697830
0.668310,0.681204,0.678025,0.734356,0.746770,0.668087,0.715072,0.733642,0.685644,0.722007
0.681094,0.652683,0.745241,0.709178,0.741785,0.823627,0.760103,0.695526,0.704740,0.690929
0.702580,0.711568,0.695149,0.651685,0.711873,0.659940,0.697543,0.725718,0.707319,0.699854
0.661503,0.683490,0.691397,0.703068,0.696418,0.814872,0.691868,0.705207,0.658980,0.714147
0.697139,0.704569,0.704560,0.561897,0.516624,0.630220,0.687259,0.685229,0.673812,0.680004
0.650747,0.711295,0.577403,0.626785,0.655189,0.785314,0.817669,0.680232,0.713706,0.628707
0.690224,0.630733,0.661617,0.710082,0.603096,0.803300,0.652932,0.638452,0.691848,0.699233
0.689926,0.669573,0.692235,0.764037,0.840731,0.584198,0.651976,0.690738,0.674059,0.711328
0.627824,0.697310,0.692234,0.671041,0.648935,0.751306,0.731666,0.701731,0.706497,0.654855
0.724074,0.647455,0.681662,0.590924,0.865348,0.704424,0.700616,0.735529,0.773325,0.703478
0.650683,0.675054,0.719647,0.613483,0.670345,0.740091,0.684575,0.708739,0.701172,0.710982
0.729703,0.703719,0.766570,0.745251,0.726873,0.637716,0.645201,0.694738,0.706635,0.726656
0.675516,0.668937,0.705383,0.677373,0.723699,0.648082,0.725397,0.687826,0.710265,0.721989
0.716765,0.709401,0.726003,0.628903,0.714915,0.792007,0.640187,0.701990,0.720297,0.753139
0.702482,0.660270,0.704621,0.702313,0.708175,0.921425,0.634401,0.606194,0.675789,0.662308
0.664936,0.748038,0.662501,0.684174,0.927271,0.820738,0.728284,0.696736,0.704538,0.734170
0.697681,0.681011,0.727855,0.673719,0.580583,0.694437,0.722645,0.677438,0.681669,0.696795
0.737902,0.649074,0.699675,0.669895,0.632841,0.839512,0.689283,0.762842,0.703815,0.661073
0.684602,0.654179,0.708512,0.715841,0.752054,0.819041,0.719962,0.677844,0.710553,0.706373
0.661335,0.663237,0.643244,0.551740,0.711800,0.786745,0.673040,0.723494,0.698701,0.680424
0.652988,0.760139,0.635429,0.747859,0.829219,0.648324,0.674108,0.660777,0.639568,0.737760
0.757245,0.696287,0.691107,0.701854,0.590550,0.752849,0.595536,0.696268,0.682105,0.691925
0.719747,0.602416,0.660856,0.638196,0.688925,0.667499,0.695374,0.676403,0.704848,0.714350
0.702952,0.730632,0.735148,0.710889,0.877751,0.668495,0.683770,0.710509,0.654084,0.618101
0.686383,0.701159,0.699174,0.703781,0.625716,0.696051,0.693993,0.695345,0.699177,0.721459
0.714791,0.604389,0.620636,0.730592,0.663925,0.765210,0.610595,0.700372,0.774063,0.705965
0.698775,0.686972,0.712482,0.663243,0.697192,0.697676,0.744818,0.650970,0.690132,0.693669
0.628089,0.736032,0.693098,0.681064,0.671829,0.547620,0.657614,0.686186,0.733807,0.709433
0.672287,0.663255,0.660197,0.712884,0.334935,0.641416,0.701714,0.708728,0.699627,0.685490
0.685640,0.692997,0.698362,0.754667,0.872929,0.713848,0.667579,0.684287,0.699509,0.695579
0.766923,0.753097,0.724203,0.756753,0.741110,0.746359,0.724625,0.750282,0.723949,0.620984
0.657850,0.689463,0.711873,0.758261,0.554632,0.706891,0.687589,0.689108,0.688331,0.687838
0.697090,0.637100,0.650343,0.771669,0.619003,0.575950,0.619362,0.665140,0.696044,0.681164
0.702037,0.711064,0.634344,0.655404,0.748140,0.670957,0.728935,0.674804,0.747777,0.669675
0.703531,0.719939,0.741649,0.696066,0.836761,0.736119,0.731760,0.695171,0.660982,0.677392
0.729639,0.688213,0.701998,0.698332,0.447128,0.706364,0.647649,0.668215,0.671997,0.692661
0.700104,0.765980,0.703162,0.669686,0.674861,0.597191,0.691210,0.712023,0.700978,0.688616
0.715731,0.660875,0.710396,0.845919,0.593645,0.657170,0.709015,0.668603,0.744579,0.706821
0.692258,0.669020,0.683068,0.730287,0.600137,0.784620,0.708979,0.666407,0.726594,0.686522
0.668500,0.699754,0.723229,0.755493,0.770595,0.663943,0.701599,0.675306,0.729737,0.704036
0.695774,0.689156,0.676451,0.721640,0.750486,0.717624,0.659945,0.672992,0.711186,0.702339
0.680775,0.720519,0.714208,0.708455,0.690257,0.703503,0.710570,0.687791,0.691309,0.697396
0.670907,0.675860,0.709259,0.675147,0.539652,0.663932,0.661470,0.683190,0.752603,0.619802
0.702459,0.669301,0.724240,0.806053,0.661450,0.808566,0.705350,0.691570,0.765388,0.693482
0.686309,0.700987,0.654555,0.726334,0.835359,0.768439,0.648142,0.699448,0.675393,0.697675
0.695325,0.669645,0.662570,0.623271,0.701847,0.688947,0.655994,0.751296,0.680282,0.681521
0.685227,0.696698,0.693743,0.689824,0.730847,0.723746,0.688360,0.679084,0.685958,0.704337
0.703359,0.700756,0.702730,0.671770,0.804000,0.671967,0.704524,0.710986,0.721704,0.696569
0.739182,0.697843,0.689733,0.713043,0.634871,0.802109,0.751334,0.623870,0.676044,0.646417
0.659086,0.669541,0.685553,0.641762,0.882779,0.678412,0.646448,0.758701,0.744938,0.655984
0.749634,0.759568,0.645388,0.554268,0.676004,0.669734,0.698306,0.751077,0.686243,0.670625
0.637612,0.688941,0.675777,0.695675,0.599333,0.702732,0.713138,0.720953,0.714456,0.656912
0.719176,0.693024,0.689181,0.777641,0.677494,0.766557,0.706918,0.656951,0.719038,0.684912
0.605803,0.709859,0.706410,0.654661,0.609603,0.739619,0.682183,0.630191,0.713149,0.724397
0.674585,0.712894,0.636696,0.621243,0.381957,0.624381,0.694969,0.680978,0.710783,0.696412
0.682816,0.695829,0.701486,0.680226,0.725820,0.678943,0.668346,0.714943,0.699289,0.674246
0.715673,0.746696,0.688686,0.696572,0.676563,0.856769,0.701745,0.730989,0.689890,0.700562
0.657958,0.672707,0.701765,0.781179,0.731204,0.800514,0.719330,0.772140,0.695762,0.698464
0.662429,0.632348,0.681082,0.622114,0.843720,0.592585,0.706555,0.712658,0.731836,0.686402
0.712079,0.690266,0.706502,0.559411,0.637575,0.713597,0.684795,0.665795,0.672136,0.665498
0.697855,0.704890,0.677225,0.698338,0.627522,0.703675,0.689497,0.696300,0.719159,0.703797
0.660067,0.695784,0.722690,0.741399,0.827463,0.689042,0.684835,0.709580,0.752578,0.717439
0.693714,0.721248,0.700731,0.720791,0.575228,0.585373,0.664065,0.664064,0.683240,0.672994
0.693854,0.681455,0.639129,0.694288,0.874878,0.781065,0.688940,0.731866,0.666304,0.728162
0.696708,0.671629,0.682217,0.711322,0.682561,0.712047,0.715049,0.712640,0.675766,0.720332
0.710139,0.684574,0.701255,0.658845,0.793391,0.564485,0.679561,0.738937,0.675385,0.664801
0.720733,0.688791,0.659435,0.729775,0.804728,0.712238,0.672756,0.716327,0.696965,0.681641
0.734804,0.698639,0.725078,0.627495,0.714868,0.631830,0.724348,0.689540,0.683198,0.719203
0.687573,0.663337,0.690045,0.709099,0.756741,0.698919,0.706773,0.672638,0.703881,0.706773
0.665732,0.626959,0.654300,0.729807,0.839268,0.580106,0.717402,0.732254,0.672143,0.673498
0.720401,0.723672,0.678019,0.718176,0.957407,0.828409,0.744907,0.687259,0.658734,0.701037
0.673351,0.611986,0.646069,0.706853,0.768351,0.674070,0.747998,0.666501,0.654110,0.708993
0.633458,0.678760,0.689330,0.688716,0.518176,0.698686,0.735533,0.718950,0.646754,0.727466
0.647470,0.724687,0.711657,0.694070,0.636835,0.588939,0.652765,0.676345,0.738748,0.745403
0.664624,0.702553,0.703092,0.638104,0.758385,0.564854,0.701299,0.706834,0.726436,0.661936
0.701798,0.755676,0.703763,0.692811,0.567732,0.726372,0.710549,0.758937,0.706080,0.703818
0.661151,0.687066,0.664611,0.690418,0.593262,0.585917,0.656765,0.719183,0.673719,0.672527
0.692944,0.701176,0.690327,0.733201,0.832270,0.737996,0.674927,0.702968,0.675957,0.700591
0.728802,0.684161,0.636109,0.614096,0.825171,0.656936,0.689425,0.692574,0.669542,0.727554
0.707152,0.739516,0.763074,0.641421,0.861043,0.732161,0.627160,0.746852,0.646014,0.681510
0.690245,0.706414,0.729825,0.658554,0.601429,0.680060,0.671770,0.658571,0.691122,0.717452
0.740610,0.731692,0.710691,0.752674,0.637172,0.703640,0.672838,0.703452,0.712598,0.737613
0.671913,0.728789,0.695163,0.714285,0.716231,0.717781,0.716399,0.685732,0.670630,0.714197
0.723485,0.694294,0.745502,0.696578,0.745196,0.694119,0.634422,0.696217,0.741468,0.695982
0.684285,0.733248,0.706773,0.688075,0.648614,0.721616,0.734584,0.632375,0.685394,0.707701
0.706770,0.693943,0.683593,0.708741,0.574918,0.703327,0.677764,0.671033,0.683748,0.701472
0.673777,0.672265,0.680672,0.521950,0.909589,0.745942,0.663917,0.755035,0.687122,0.683205
0.637605,0.651466,0.609859,0.733890,0.642866,0.623088,0.633807,0.631315,0.678072,0.672476
0.731386,0.646610,0.675021,0.630816,0.762595,0.748383,0.686677,0.772016,0.637849,0.713245
0.764169,0.709839,0.687692,0.685338,0.702785,0.653159,0.710580,0.692634,0.693821,0.656925
0.661182,0.710770,0.705787,0.753209,0.698466,0.668747,0.651019,0.670815,0.698002,0.710439
0.640043,0.761135,0.703465,0.699679,0.777629,0.669095,0.624223,0.631903,0.673797,0.624963
0.649492,0.649394,0.720269,0.715151,0.528754,0.769374,0.741727,0.660264,0.693995,0.697398
0.683413,0.675266,0.689492,0.692319,0.805045,0.654735,0.632703,0.722528,0.666068,0.673663
0.696295,0.728706,0.741393,0.654450,0.734533,0.601540,0.719025,0.685368,0.704117,0.655434
0.681216,0.706555,0.646685,0.727098,0.595914,0.573237,0.599399,0.675439,0.704865,0.677984
0.721407,0.641194,0.716573,0.755310,0.751416,0.578535,0.674006,0.677156,0.683291,0.710452
0.717936,0.721439,0.741237,0.748233,0.594505,0.658885,0.665112,0.680872,0.695778,0.667511
0.693561,0.698509,0.713278,0.701375,0.672207,0.701837,0.672709,0.687842,0.695653,0.693213
0.664657,0.690242,0.724072,0.692516,0.706971,0.682447,0.700942,0.713287,0.683155,0.671962
0.708317,0.688215,0.722219,0.674000,0.755702,0.538060,0.688254,0.752308,0.664014,0.711211
0.697319,0.730554,0.679628,0.769122,0.563984,0.804903,0.711203,0.689738,0.730036,0.675532
0.633090,0.636575,0.710972,0.680071,0.640598,0.721623,0.741878,0.678003,0.666317,0.689411
0.669978,0.702393,0.600507,0.719752,0.811972,0.737551,0.556211,0.686419,0.669703,0.697442
0.719347,0.716658,0.750433,0.700843,0.684379,0.618525,0.658424,0.715821,0.647269,0.717197
0.683031,0.684492,0.726720,0.637759,0.718003,0.651830,0.698395,0.710849,0.712311,0.707856
0.674830,0.727807,0.724033,0.667194,0.811991,0.622512,0.689027,0.623622,0.746716,0.690401
0.674940,0.661574,0.768774,0.689167,0.740410,0.763356,0.743310,0.687744,0.686521,0.712418
0.656093,0.716086,0.629293,0.727750,0.815999,0.711609,0.615132,0.663462,0.680867,0.688684
0.726844,0.652342,0.637555,0.639285,0.701582,0.634557,0.697704,0.748970,0.747159,0.710485
0.696555,0.709432,0.655920,0.661928,0.657684,0.652280,0.604693,0.710235,0.755942,0.649713
0.717183,0.715084,0.774737,0.734421,0.671130,0.703636,0.729999,0.686961,0.711954,0.687790
0.694888,0.685166,0.702471,0.691894,0.524942,0.717810,0.701101,0.684698,0.697280,0.702993
0.591480,0.643206,0.727022,0.767789,0.684790,0.709761,0.634460,0.613273,0.606825,0.677616
0.641517,0.674288,0.725940,0.754298,0.760662,0.619904,0.662569,0.641605,0.697216,0.679099
0.738407,0.725735,0.723275,0.726803,0.839455,0.607238,0.685093,0.655554,0.697785,0.687920
0.703399,0.703938,0.681900,0.742364,0.648763,0.672973,0.709723,0.698328,0.717235,0.680751
0.706148,0.706317,0.732773,0.593826,0.733470,0.554838,0.695884,0.656428,0.752735,0.696752
0.710517,0.650885,0.645608,0.623584,0.540664,0.741742,0.688848,0.683136,0.769030,0.712023
0.674227,0.704214,0.764644,0.737546,0.632753,0.767124,0.612629,0.591398,0.656055,0.633661
0.662355,0.673571,0.702202,0.766232,0.693263,0.757187,0.706484,0.783185,0.651898,0.669685
0.681215,0.699970,0.691619,0.668731,0.807125,0.694142,0.659389,0.714034,0.705933,0.679224
0.714131,0.766593,0.722866,0.696748,0.777256,0.550562,0.705015,0.780621,0.736883,0.659921
0.691739,0.680116,0.642060,0.712862,0.644637,0.704329,0.625649,0.654924,0.709460,0.654760
0.704261,0.652470,0.685218,0.749562,0.724872,0.835754,0.700062,0.703158,0.653859,0.692471
0.753254,0.702766,0.693686,0.601050,0.830493,0.744349,0.680294,0.682795,0.717899,0.688096
0.676967,0.737008,0.655597,0.713461,0.763914,0.695073,0.635843,0.694942,0.664961,0.693169
0.673972,0.737152,0.763998,0.750737,0.454107,0.712203,0.614171,0.735975,0.683555,0.673961
0.655993,0.720607,0.668227,0.647565,0.898925,0.814548,0.719863,0.566705,0.698840,0.710140
0.662896,0.685932,0.640005,0.632114,0.358078,0.682059,0.694770,0.737884,0.693677,0.696688
0.672990,0.621904,0.736716,0.726426,0.593627,0.669612,0.717851,0.693033,0.674503,0.712158
0.722408,0.693445,0.723867,0.673692,0.673159,0.683623,0.680868,0.709267,0.658497,0.641197
0.709872,0.761695,0.748793,0.713601,0.701326,0.735472,0.746262,0.682177,0.688636,0.678281
0.673815,0.736443,0.674945,0.665301,0.432102,0.781349,0.707466,0.708209,0.693252,0.595371
0.655889,0.685223,0.686301,0.713737,0.550014,0.659246,0.637552,0.697062,0.722092,0.716845
0.692228,0.657949,0.680193,0.728732,0.587388,0.628415,0.737514,0.713370,0.702639,0.735423
0.693208,0.709117,0.662113,0.734660,0.598704,0.640326,0.739772,0.785236,0.695044,0.716896
0.742303,0.712441,0.647760,0.585719,0.580869,0.672354,0.712696,0.664009,0.654137,0.636473
0.710547,0.702808,0.660540,0.763564,0.751558,0.763409,0.654649,0.667247,0.704558,0.715369
0.689139,0.702659,0.739787,0.683866,0.794208,0.629630,0.727806,0.714817,0.654384,0.697795
0.679774,0.702173,0.734605,0.631253,0.759601,0.739915,0.694338,0.654365,0.673479,0.718267
0.734898,0.721176,0.734411,0.641247,0.827807,0.699426,0.660092,0.739988,0.739672,0.695412
0.628978,0.695133,0.607330,0.750101,0.790074,0.682354,0.689082,0.660485,0.721282,0.694006
0.712804,0.739465,0.652373,0.568915,0.708331,0.463045,0.716521,0.724963,0.699887,0.716961
0.683045,0.682365,0.733776,0.650951,0.678154,0.699880,0.719157,0.663383,0.668521,0.680086
0.704004,0.695628,0.706800,0.797358,0.912325,0.820320,0.733592,0.695118,0.701144,0.664359
0.686555,0.697721,0.556180,0.681991,0.763388,0.710278,0.783197,0.647058,0.648853,0.669074
0.714958,0.674604,0.752058,0.710796,0.589027,0.854629,0.660181,0.733310,0.677422,0.684331
0.712735,0.663260,0.678794,0.693237,0.414225,0.704068,0.671646,0.739922,0.711695,0.685443
0.633117,0.685781,0.685541,0.663274,0.657785,0.725084,0.756676,0.721622,0.730950,0.638566
0.675201,0.709431,0.699353,0.750284,0.811866,0.646963,0.667621,0.659219,0.675497,0.679647
0.728995,0.673914,0.688653,0.697728,0.917763,0.742212,0.789823,0.632645,0.662417,0.755908
0.686069,0.685276,0.717831,0.723466,0.792904,0.719789,0.698685,0.711714,0.661896,0.689600
0.689934,0.645158,0.738255,0.783290,0.715251,0.595802,0.671317,0.675901,0.691892,0.672935
0.723506,0.723980,0.716949,0.674016,0.520944,0.643302,0.659365,0.649634,0.678484,0.711686
0.694226,0.698408,0.643386,0.631463,0.578109,0.748164,0.599593,0.745255,0.653839,0.689961
0.717300,0.657187,0.706597,0.679940,0.684049,0.653258,0.674551,0.707683,0.688593,0.722079
0.648206,0.688017,0.739391,0.716373,0.546313,0.732298,0.677230,0.718127,0.695984,0.728495
0.713467,0.686615,0.732775,0.676388,0.602581,0.654613,0.667623,0.657528,0.693214,0.706659
0.685580,0.681072,0.632588,0.722886,0.708366,0.659129,0.650115,0.739587,0.706468,0.689586
0.715049,0.693093,0.720071,0.704611,0.492587,0.745494,0.623147,0.793415,0.680107,0.680948
0.703835,0.631000,0.700666,0.671277,0.883615,0.672408,0.655730,0.756095,0.667530,0.680183
0.736438,0.703095,0.725068,0.696622,0.583624,0.751929,0.670681,0.748400,0.666989,0.719055
0.718225,0.684213,0.693863,0.650088,0.792237,0.618596,0.669395,0.671007,0.722508,0.722166
0.704252,0.713977,0.707590,0.682161,0.575157,0.766390,0.638415,0.716319,0.631824,0.701508
0.674606,0.644747,0.639134,0.792298,0.687909,0.580103,0.727950,0.712070,0.718733,0.739284
0.602998,0.691302,0.760821,0.726371,0.714726,0.500779,0.704401,0.737247,0.709629,0.724688
0.723069,0.672617,0.770411,0.679274,0.549335,0.727355,0.769973,0.687542,0.697211,0.670963
0.723394,0.718778,0.680802,0.657596,0.667739,0.739154,0.709137,0.734942,0.679729,0.667681
0.662086,0.689561,0.727798,0.727196,0.748199,0.685582,0.811732,0.659168,0.670911,0.684227
0.719994,0.670248,0.747877,0.655517,0.798394,0.729136,0.645347,0.750450,0.765484,0.752426
0.697385,0.713462,0.669052,0.667719,0.686031,0.665479,0.673652,0.675892,0.658059,0.684239
0.681007,0.713860,0.680683,0.735592,0.780926,0.710004,0.677159,0.704904,0.693943,0.688239
0.702146,0.672309,0.679390,0.644819,0.768866,0.520343,0.718725,0.494784,0.690121,0.708737
0.708965,0.678298,0.655130,0.623827,0.698492,0.654734,0.698605,0.684310,0.688989,0.700893
0.720180,0.682522,0.727766,0.577566,0.863024,0.751801,0.720622,0.663233,0.741331,0.698638
0.727574,0.727739,0.698521,0.630036,0.666886,0.717332,0.680707,0.734296,0.686051,0.730142
0.729283,0.735335,0.649588,0.709646,0.660423,0.753225,0.744423,0.731106,0.685847,0.661126
0.693214,0.729817,0.658224,0.725094,0.526504,0.735083,0.695531,0.653016,0.661360,0.691667
0.678350,0.728391,0.740024,0.616778,0.735645,0.801209,0.759359,0.710596,0.707677,0.676096
0.679271,0.687534,0.731224,0.649877,0.503548,0.645004,0.692047,0.686063,0.709554,0.710107
0.742312,0.686357,0.691761,0.721815,0.744400,0.751172,0.685794,0.660425,0.768044,0.676373
0.672457,0.692972,0.655022,0.791893,0.716607,0.612149,0.583397,0.647375,0.719590,0.659601
0.772114,0.655076,0.720676,0.764108,0.557456,0.691553,0.670971,0.640856,0.674243,0.628859
0.690422,0.690221,0.678015,0.719687,0.591182,0.761493,0.680893,0.664754,0.669897,0.695252
0.667348,0.665686,0.612575,0.595038,0.663324,0.734058,0.628021,0.712183,0.679867,0.704189
0.638110,0.635009,0.655011,0.599196,0.888363,0.676809,0.692136,0.652459,0.720331,0.664816
0.675092,0.732770,0.677198,0.729009,0.687844,0.592597,0.705416,0.716528,0.667685,0.705314
0.691442,0.696534,0.667082,0.691469,0.709870,0.732353,0.702448,0.679742,0.699471,0.694374
0.698313,0.780907,0.726729,0.657079,0.688153,0.591462,0.654381,0.653331,0.771331,0.719385
0.660836,0.703051,0.660487,0.745684,0.822192,0.686279,0.661143,0.722864,0.707072,0.696915
0.721824,0.705691,0.764916,0.702260,0.858461,0.623673,0.639465,0.596075,0.694828,0.659668
0.683789,0.684974,0.704473,0.712660,0.500455,0.665355,0.719557,0.669094,0.654334,0.700264
0.629383,0.732610,0.645501,0.749164,0.671092,0.734847,0.705667,0.628146,0.748588,0.636918
0.707966,0.693580,0.607743,0.635902,0.753036,0.665871,0.740349,0.661481,0.715967,0.706006
0.691472,0.688716,0.688956,0.694021,0.628309,0.670224,0.700116,0.699538,0.688939,0.712574
0.759640,0.751270,0.724530,0.737915,0.631902,0.586624,0.666669,0.708357,0.707806,0.676417
0.697634,0.745563,0.709262,0.630330,0.584155,0.595667,0.682125,0.688467,0.712453,0.698743
0.696970,0.667252,0.762760,0.620503,0.632990,0.716632,0.704334,0.567645,0.638439,0.723673
0.696763,0.695633,0.560927,0.794197,0.546685,0.726139,0.670152,0.718034,0.710770,0.658440
0.698284,0.732252,0.591027,0.630988,0.580050,0.607256,0.585638,0.679352,0.664728,0.681288
0.746658,0.713434,0.660206,0.558437,0.647863,0.691062,0.677053,0.724461,0.672990,0.740600
0.740280,0.710729,0.709854,0.649834,0.520611,0.662288,0.677831,0.668025,0.607568,0.716437
0.762002,0.729407,0.642346,0.635129,0.730173,0.720792,0.747493,0.677134,0.635210,0.681974
0.692323,0.775441,0.687125,0.752554,0.673389,0.737329,0.741217,0.802360,0.689509,0.687021
0.682264,0.666883,0.706862,0.719461,0.669296,0.735138,0.725551,0.698636,0.678662,0.695979
0.708563,0.660659,0.691128,0.674639,0.830118,0.535954,0.716520,0.742833,0.749920,0.674620
0.696151,0.699256,0.669057,0.613926,0.508335,0.766638,0.685616,0.686160,0.685565,0.690597
0.677325,0.690749,0.720675,0.712544,0.697004,0.707286,0.701324,0.695915,0.694876,0.686226
0.729848,0.685748,0.653871,0.727719,0.670940,0.663979,0.667288,0.617378,0.689163,0.686210
0.726112,0.714430,0.708000,0.774411,0.898308,0.851942,0.693065,0.632488,0.728335,0.676674
0.674806,0.731271,0.736277,0.666659,0.844224,0.805701,0.738344,0.683081,0.691975,0.713459
0.686617,0.703154,0.701854,0.559672,0.866120,0.786902,0.684529,0.613748,0.670894,0.699892
0.720490,0.688480,0.680396,0.690786,0.622885,0.767403,0.715899,0.681011,0.715887,0.744862
0.660204,0.731797,0.739934,0.867207,0.769484,0.691276,0.682486,0.680756,0.687827,0.668138
0.671949,0.600372,0.658454,0.710947,0.883193,0.655165,0.750312,0.704066,0.722978,0.691927
0.702128,0.691834,0.673350,0.721887,0.634105,0.698735,0.690857,0.677819,0.713950,0.736353
0.679424,0.710214,0.745404,0.698154,0.777984,0.652609,0.769113,0.717502,0.681519,0.696703
0.668901,0.681057,0.686214,0.725943,0.631030,0.697063,0.687404,0.745749,0.701543,0.672658
0.692997,0.667717,0.661889,0.763844,0.494658,0.788190,0.692087,0.688786,0.729334,0.684118
0.674858,0.644965,0.671977,0.645882,0.781549,0.602205,0.630410,0.700942,0.644620,0.669979
0.711366,0.702034,0.750621,0.728856,0.723527,0.682902,0.717790,0.673774,0.684955,0.729436
0.710839,0.661015,0.699867,0.739863,0.590150,0.712340,0.709807,0.699293,0.710447,0.710558
0.657341,0.617787,0.730396,0.710467,0.716361,0.732738,0.667374,0.725280,0.708168,0.745023
0.717533,0.691562,0.744121,0.738958,0.599468,0.681364,0.778139,0.726745,0.695329,0.686969
0.686686,0.742550,0.727183,0.738926,0.947796,0.837057,0.692216,0.684066,0.733911,0.675943
0.664722,0.676386,0.719449,0.648351,0.526009,0.694259,0.646086,0.725223,0.706709,0.698514
0.680588,0.688479,0.700948,0.698841,0.770122,0.693120,0.734453,0.694739,0.676150,0.704742
0.667587,0.671108,0.705477,0.669451,0.833251,0.665102,0.686416,0.702653,0.650903,0.710222
0.668911,0.709966,0.776449,0.663862,0.507867,0.643158,0.740780,0.656542,0.697451,0.692195
0.695322,0.664419,0.649037,0.706627,0.844637,0.643813,0.648707,0.698673,0.718155,0.711365
0.684393,0.690169,0.718060,0.665398,0.560343,0.695856,0.730857,0.686827,0.689150,0.691778
0.733991,0.738497,0.657104,0.748820,0.726082,0.679078,0.716944,0.768523,0.670481,0.632848
0.715066,0.715472,0.619385,0.647377,0.850280,0.768602,0.659526,0.674477,0.613648,0.693241
0.630855,0.751933,0.657788,0.618879,0.750290,0.711039,0.724577,0.722285,0.743657,0.698109
0.727606,0.764584,0.671404,0.644808,0.913893,0.837640,0.738908,0.672059,0.621675,0.672006
0.787136,0.731766,0.723855,0.774445,0.826029,0.657962,0.666561,0.622645,0.692095,0.698716
0.689897,0.756837,0.711851,0.669428,0.769117,0.672593,0.683950,0.725057,0.642244,0.670465
0.714640,0.646200,0.684038,0.599339,0.694006,0.725547,0.689308,0.760194,0.730114,0.724856
0.661892,0.680450,0.732584,0.685552,0.738976,0.600990,0.683199,0.689504,0.734570,0.707438
0.672669,0.720681,0.712687,0.772297,0.656793,0.818048,0.687555,0.658024,0.721067,0.704227
0.685932,0.646145,0.696594,0.714420,0.659692,0.596709,0.699743,0.692870,0.697791,0.695302
0.705600,0.742101,0.629878,0.797473,0.779579,0.753679,0.600015,0.676024,0.728871,0.706577
0.658144,0.697041,0.702479,0.684901,0.646055,0.697470,0.752058,0.667140,0.700819,0.683368
0.702874,0.655594,0.632543,0.734830,0.797662,0.773689,0.617684,0.715579,0.722954,0.691996
0.682141,0.730637,0.641765,0.675357,0.649873,0.579038,0.626791,0.689239,0.686820,0.709626
0.687512,0.678264,0.744115,0.671704,0.641909,0.647874,0.711403,0.675993,0.684119,0.687376
0.715994,0.677459,0.694219,0.611085,0.800996,0.549795,0.683632,0.752456,0.661493,0.697400
0.700091,0.715135,0.652460,0.735042,0.576681,0.720546,0.688423,0.703392,0.746728,0.711710
0.650174,0.685155,0.734111,0.656092,0.601265,0.694956,0.752392,0.683818,0.714962,0.676950
0.678949,0.704616,0.726620,0.776107,0.773984,0.669333,0.698493,0.638351,0.690596,0.680002
0.702371,0.677733,0.670838,0.699966,0.633610,0.740768,0.740966,0.721907,0.715727,0.722804
0.666416,0.679288,0.701973,0.717585,0.820479,0.632075,0.697384,0.728919,0.660154,0.700162
0.724242,0.665036,0.741856,0.621578,0.827033,0.749849,0.711024,0.654133,0.677171,0.665488
0.686382,0.698864,0.702022,0.610869,0.767162,0.783967,0.700165,0.639220,0.708615,0.682085
0.697799,0.773436,0.760036,0.742905,0.753523,0.759960,0.681520,0.729409,0.698250,0.731308
0.686527,0.699643,0.670267,0.702274,0.597304,0.664493,0.659431,0.670070,0.687745,0.685039
0.678874,0.687095,0.760695,0.710189,0.811372,0.665647,0.722927,0.658174,0.707999,0.717214
0.709949,0.654730,0.719274,0.699998,0.703817,0.806569,0.734168,0.672352,0.703756,0.689959
0.731545,0.660847,0.689983,0.730776,0.547387,0.658044,0.729132,0.687637,0.734125,0.691831
0.701451,0.655736,0.711388,0.602064,0.620425,0.747249,0.678954,0.741086,0.664458,0.696698
0.667209,0.695159,0.688810,0.667379,0.605554,0.676024,0.709252,0.698344,0.671003,0.706248
0.681359,0.702487,0.579138,0.741124,0.800384,0.725084,0.769405,0.719247,0.698673,0.694426
0.724610,0.685811,0.649336,0.769874,0.592918,0.685073,0.636918,0.690795,0.720659,0.680912
0.691269,0.642668,0.719519,0.669865,0.742756,0.598560,0.685300,0.692673,0.711004,0.634719
0.721625,0.718697,0.715978,0.696972,0.717119,0.612969,0.675144,0.638622,0.666997,0.704653
0.743737,0.676114,0.656801,0.681202,0.644167,0.663128,0.680318,0.663154,0.735990,0.747558
0.683934,0.655244,0.698586,0.713497,0.860693,0.562970,0.730602,0.706330,0.662922,0.714792
0.677912,0.694100,0.702893,0.712353,0.658651,0.688463,0.669960,0.694529,0.710937,0.687702
0.720186,0.699659,0.755283,0.718563,0.502029,0.736185,0.720958,0.758892,0.677954,0.667603
0.732219,0.725174,0.662113,0.789480,0.639738,0.631443,0.689472,0.664203,0.699905,0.655279
0.714087,0.652383,0.664484,0.602762,0.603800,0.741871,0.659250,0.752078,0.698839,0.716231
0.719502,0.697848,0.714189,0.695679,0.593942,0.615050,0.738534,0.663682,0.706129,0.749596
0.724737,0.737464,0.686839,0.835078,0.568205,0.710146,0.694945,0.626047,0.725028,0.690785
0.692327,0.643002,0.708394,0.723108,0.704855,0.807360,0.665377,0.663125,0.728341,0.745790
0.741936,0.677000,0.585786,0.738598,0.704237,0.643311,0.732988,0.666811,0.676425,0.700819
0.702756,0.662181,0.661430,0.718319,0.550182,0.630795,0.718132,0.661000,0.694328,0.721940
0.703938,0.655182,0.709504,0.747056,0.566676,0.690299,0.647076,0.716648,0.721380,0.656669
0.716796,0.630260,0.723026,0.728975,0.629753,0.660857,0.642575,0.654928,0.693924,0.712709
0.673264,0.671200,0.709590,0.672355,0.651243,0.705908,0.700358,0.686574,0.675395,0.681516
0.718015,0.677058,0.686120,0.749894,0.665326,0.669567,0.710105,0.663929,0.675118,0.677055
0.701314,0.725215,0.674943,0.580546,0.766846,0.520006,0.729321,0.698922,0.699315,0.686746
0.656455,0.735106,0.589213,0.671303,0.691240,0.795141,0.695404,0.745475,0.729332,0.715544
0.626959,0.691431,0.737895,0.786103,0.798735,0.761725,0.636924,0.760351,0.717434,0.689211
0.701659,0.654304,0.651901,0.642374,0.680384,0.752314,0.721141,0.655060,0.704986,0.663886
0.672441,0.681678,0.707543,0.711906,0.904327,0.661083,0.716227,0.699300,0.642588,0.646547
0.701262,0.660356,0.687063,0.727576,0.521978,0.653698,0.685605,0.683598,0.687859,0.705018
0.832488,0.732457,0.772907,0.683097,0.831545,0.783136,0.637986,0.650132,0.734411,0.650295
0.692126,0.725566,0.750160,0.746016,0.776341,0.635478,0.673480,0.693344,0.674095,0.702923
0.717824,0.706503,0.673893,0.669249,0.798323,0.660794,0.654153,0.718921,0.712065,0.688134
0.695812,0.685809,0.729074,0.713676,0.677205,0.692926,0.712033,0.679733,0.690881,0.719162
0.680831,0.710191,0.694469,0.669106,0.746986,0.808796,0.734182,0.711356,0.703198,0.714002
0.665548,0.698759,0.689967,0.696439,0.736718,0.734932,0.701991,0.687176,0.690857,0.691148
0.677026,0.696411,0.592680,0.681929,0.768686,0.728261,0.590533,0.692055,0.649881,0.683307
0.707312,0.704611,0.680477,0.692242,0.626553,0.659972,0.741673,0.681075,0.678045,0.700110
0.691623,0.674343,0.702368,0.775663,0.565909,0.706263,0.696651,0.621913,0.772893,0.713696
0.711524,0.681130,0.673418,0.805854,0.819711,0.655764,0.661574,0.669425,0.703249,0.693335
0.685793,0.671909,0.672693,0.666076,0.748938,0.655130,0.663321,0.648740,0.677964,0.700478
0.738225,0.712639,0.672436,0.629582,0.686051,0.628417,0.694326,0.711263,0.755835,0.675594
0.670956,0.678162,0.720027,0.711657,0.838405,0.609070,0.672161,0.753392,0.686191,0.646407
0.682926,0.706329,0.701522,0.677550,0.745109,0.761101,0.687582,0.725527,0.690575,0.692994
0.691963,0.672008,0.742781,0.697513,0.817111,0.605131,0.676247,0.681820,0.746559,0.684960
0.689598,0.737818,0.715811,0.629329,0.684272,0.689407,0.666818,0.730496,0.688567,0.665327
0.668064,0.680330,0.723092,0.711970,0.635587,0.679505,0.744011,0.705949,0.683491,0.731143
0.670970,0.691817,0.707221,0.610807,0.538502,0.690422,0.701005,0.695054,0.668706,0.683945
0.678121,0.718556,0.681027,0.675855,0.540315,0.721126,0.754836,0.671322,0.722330,0.683892
0.719294,0.698033,0.689325,0.752692,0.787922,0.649648,0.712708,0.646262,0.720281,0.678220
0.684606,0.702410,0.686451,0.685636,0.683413,0.611203,0.684767,0.682359,0.694030,0.645893
0.666683,0.712482,0.702035,0.664093,0.692213,0.695137,0.680942,0.701588,0.704264,0.693662
0.676964,0.654952,0.647856,0.776226,0.626013,0.776176,0.752407,0.691667,0.687585,0.665006
0.707877,0.649755,0.739387,0.790579,0.843418,0.523193,0.710804,0.686378,0.705715,0.711577
0.704231,0.710613,0.646872,0.797984,0.853235,0.803337,0.690902,0.735907,0.708732,0.678858
0.687823,0.687335,0.695127,0.674890,0.582905,0.592186,0.677300,0.631942,0.725067,0.692557
0.686121,0.702009,0.655223,0.720767,0.702640,0.657889,0.674615,0.688732,0.694390,0.690840
0.701545,0.741515,0.668307,0.668282,0.656815,0.605492,0.669575,0.719865,0.697876,0.634105
0.685588,0.705946,0.716028,0.676471,0.501911,0.669309,0.709169,0.683103,0.717818,0.706218
0.670411,0.680838,0.748024,0.718092,0.595560,0.673683,0.666379,0.718553,0.683140,0.644667
0.675588,0.681962,0.591023,0.677852,0.602829,0.670421,0.586784,0.698183,0.660495,0.704967
0.714059,0.721772,0.689360,0.736615,0.614352,0.656287,0.702663,0.754805,0.665016,0.677433
0.593787,0.704937,0.707156,0.784425,0.763712,0.794697,0.688651,0.779980,0.754216,0.737439
0.730258,0.574183,0.697179,0.780182,0.474855,0.654359,0.652425,0.663829,0.739107,0.636207
0.739127,0.660174,0.691486,0.780945,0.720619,0.573209,0.663908,0.671162,0.687333,0.668160
0.759537,0.676263,0.693161,0.692203,0.911059,0.744240,0.708208,0.652019,0.691974,0.697258
0.615789,0.686767,0.647693,0.639113,0.752853,0.808946,0.654131,0.715806,0.682581,0.663262
0.715993,0.677043,0.671822,0.694060,0.585457,0.809529,0.569765,0.690043,0.680575,0.701400
0.707442,0.720941,0.709979,0.690250,0.483305,0.767555,0.677946,0.786691,0.684988,0.698806
0.701503,0.703741,0.703626,0.689670,0.558342,0.705018,0.692334,0.692451,0.686931,0.696639
0.683901,0.709474,0.687215,0.663733,0.747907,0.611665,0.658756,0.721191,0.670885,0.701708
0.678442,0.710620,0.723118,0.710716,0.880664,0.784996,0.725351,0.660273,0.678316,0.701653
0.670090,0.631767,0.663332,0.646357,0.662983,0.769425,0.696661,0.682331,0.733809,0.686826
0.654159,0.681894,0.745890,0.725595,0.619544,0.739153,0.717904,0.688029,0.705402,0.678236
0.692683,0.696457,0.669344,0.699266,0.674040,0.840401,0.661536,0.691863,0.676369,0.694436
0.705044,0.701628,0.622390,0.600765,0.788136,0.570684,0.702983,0.708362,0.658738,0.724010
0.671297,0.697004,0.684156,0.696757,0.832693,0.708704,0.672322,0.709693,0.655219,0.684622
0.693808,0.678143,0.693686,0.665312,0.640927,0.714599,0.726352,0.721193,0.697465,0.695479
0.664774,0.684238,0.668451,0.659853,0.715908,0.789787,0.680072,0.712407,0.651454,0.710429
0.692490,0.708066,0.710691,0.662080,0.825914,0.542431,0.693767,0.709094,0.710295,0.708832
0.703394,0.709589,0.705318,0.825118,0.844083,0.688382,0.692766,0.714267,0.706608,0.694701
0.649134,0.622168,0.670561,0.788883,0.631096,0.606710,0.717487,0.671064,0.653488,0.704724
0.689481,0.646932,0.750813,0.657350,0.935934,0.766386,0.663326,0.612899,0.716875,0.620288
0.732650,0.688016,0.707750,0.705354,0.605544,0.752239,0.689716,0.743649,0.710224,0.674239
0.690676,0.695269,0.741056,0.776806,0.845524,0.665855,0.686076,0.690532,0.675552,0.698391
0.646472,0.733497,0.708688,0.747597,0.789749,0.619721,0.698431,0.696604,0.710972,0.745047
0.691446,0.641994,0.621640,0.699782,0.415560,0.753451,0.739552,0.677821,0.735183,0.701194
0.674100,0.631456,0.658144,0.763692,0.697352,0.607012,0.675336,0.697694,0.688488,0.672746
0.694382,0.698968,0.788858,0.587425,0.575687,0.737320,0.773995,0.633750,0.662832,0.702061
0.684278,0.700121,0.649430,0.736641,0.828503,0.757524,0.639873,0.703740,0.677228,0.696520
0.709875,0.649150,0.673666,0.723018,0.776449,0.728553,0.623597,0.741754,0.674165,0.691524
0.683631,0.681446,0.698701,0.658354,0.672033,0.739445,0.663565,0.709846,0.682175,0.681530
0.689548,0.723324,0.703535,0.719856,0.758375,0.744159,0.698597,0.688611,0.663502,0.684397
0.710656,0.745114,0.680986,0.779326,0.786410,0.640745,0.658720,0.759242,0.716630,0.665597
0.700567,0.664776,0.666795,0.714270,0.728413,0.698990,0.618765,0.686166,0.689192,0.688237
0.693774,0.716718,0.682038,0.697302,0.957919,0.816109,0.727062,0.635893,0.714002,0.720641
0.728573,0.667205,0.805859,0.753612,0.677553,0.734689,0.660774,0.673928,0.644926,0.704236
0.626410,0.694657,0.731558,0.868272,0.593244,0.750674,0.687465,0.706726,0.715685,0.722503
0.692854,0.685756,0.671541,0.708986,0.758100,0.601382,0.671144,0.741179,0.678926,0.677035
0.628840,0.706963,0.697555,0.634898,0.806523,0.701314,0.722772,0.669295,0.612675,0.703236
0.680362,0.711204,0.657128,0.639058,0.835501,0.760378,0.596808,0.674829,0.651455,0.649171
0.648785,0.687612,0.724148,0.705368,0.707753,0.753470,0.718455,0.706396,0.566212,0.642374
0.683733,0.694895,0.789442,0.671449,0.695562,0.727634,0.738110,0.710760,0.730957,0.697248
0.720894,0.735929,0.585115,0.692729,0.744033,0.555915,0.724164,0.669175,0.692622,0.669665
0.679400,0.660669,0.716489,0.717917,0.538008,0.684127,0.723866,0.681075,0.675935,0.707526
0.712916,0.707302,0.819144,0.691269,0.703185,0.704176,0.822042,0.688662,0.686333,0.699310
0.659260,0.707942,0.604935,0.651156,0.647803,0.685674,0.600472,0.692022,0.649149,0.678318
0.737030,0.674117,0.643054,0.584215,0.647661,0.693377,0.705417,0.716072,0.702643,0.725589
0.683594,0.629824,0.659801,0.728926,0.782518,0.575000,0.675867,0.681717,0.711616,0.681129
0.705203,0.647722,0.662868,0.719156,0.346785,0.593250,0.696596,0.704854,0.698096,0.723994
0.629432,0.740075,0.677536,0.786246,0.476582,0.774369,0.667380,0.699186,0.728301,0.657842
0.706045,0.718689,0.591739,0.816103,0.663204,0.620300,0.559952,0.641721,0.703307,0.690252
0.694328,0.667550,0.711075,0.709114,0.717232,0.732859,0.695042,0.710369,0.678908,0.678459
0.686442,0.724662,0.683917,0.820645,0.635797,0.741849,0.653931,0.614754,0.739102,0.699857
0.699559,0.664406,0.677577,0.651648,0.610682,0.628903,0.690121,0.667440,0.713504,0.684559
0.714867,0.684528,0.721091,0.713338,0.622692,0.665976,0.722174,0.698812,0.716910,0.683466
0.740411,0.664357,0.698660,0.650747,0.726362,0.717893,0.671870,0.716646,0.691022,0.708120
0.716392,0.680618,0.731463,0.631198,0.770210,0.698294,0.651204,0.642813,0.678820,0.691807
0.715229,0.726222,0.716750,0.721811,0.823486,0.641106,0.718226,0.722073,0.704230,0.702897
0.668169,0.674810,0.698789,0.767088,0.662499,0.717045,0.780463,0.698158,0.683076,0.727384
0.689610,0.733279,0.642641,0.792496,0.679309,0.658485,0.658586,0.670557,0.699467,0.681321
0.733631,0.725600,0.695953,0.621393,0.726526,0.556815,0.713790,0.745945,0.671127,0.688971
0.704064,0.734327,0.657614,0.684844,0.678542,0.647334,0.703255,0.693875,0.684749,0.692470
0.684297,0.696018,0.723870,0.653631,0.687421,0.698464,0.753809,0.674070,0.660375,0.679521
0.622126,0.703014,0.718106,0.708656,0.685259,0.674009,0.703244,0.719697,0.713755,0.704991
0.739599,0.649064,0.696072,0.735105,0.703308,0.747840,0.667530,0.630050,0.729112,0.687774
0.719821,0.719687,0.666408,0.702078,0.670022,0.800220,0.636599,0.680284,0.732108,0.683564
0.693332,0.770546,0.653072,0.546267,0.725805,0.788980,0.723270,0.723757,0.728813,0.733995
0.712755,0.649452,0.731339,0.669286,0.680575,0.707705,0.684509,0.705265,0.646564,0.714695
0.730168,0.726323,0.741276,0.769502,0.790078,0.746609,0.683119,0.755958,0.626210,0.693168
0.607980,0.727177,0.555280,0.709479,0.739520,0.630224,0.813366,0.626279,0.645137,0.685281
0.736163,0.679985,0.720903,0.712788,0.853915,0.650619,0.724543,0.658629,0.663554,0.680706
0.613073,0.696598,0.734745,0.756605,0.611309,0.721794,0.679021,0.643105,0.717409,0.697852
0.682240,0.669688,0.662073,0.697756,0.835622,0.503268,0.709692,0.630316,0.722061,0.701251
0.713375,0.694864,0.604862,0.739956,0.649487,0.750329,0.598959,0.704162,0.706807,0.685349
0.700581,0.685077,0.741662,0.704525,0.838391,0.755332,0.723948,0.685918,0.671777,0.682814
0.706111,0.685371,0.755696,0.674354,0.550646,0.646408,0.741537,0.714144,0.669980,0.684447
0.681732,0.676282,0.670042,0.692435,0.584213,0.746775,0.699644,0.699706,0.709453,0.697346
0.673970,0.725329,0.720259,0.687602,0.785483,0.717334,0.697056,0.731056,0.721949,0.692447
0.743200,0.733799,0.749110,0.575499,0.752865,0.723443,0.618756,0.683559,0.691140,0.603483
0.687167,0.696290,0.680563,0.685814,0.495362,0.717544,0.726580,0.691193,0.680971,0.726229
0.685661,0.709396,0.703754,0.679158,0.909988,0.750754,0.697797,0.749353,0.652968,0.698297
0.729804,0.676146,0.613495,0.722638,0.751990,0.524061,0.633903,0.715788,0.770860,0.729400
0.696904,0.684375,0.704086,0.672054,0.460408,0.660712,0.676866,0.698460,0.705968,0.677777
0.690305,0.709887,0.672943,0.668382,0.474318,0.792205,0.666570,0.679435,0.701251,0.697122
0.720386,0.772334,0.691307,0.660618,0.806701,0.829878,0.716768,0.637194,0.697134,0.675641
0.668013,0.698273,0.718106,0.623203,0.647133,0.670655,0.716054,0.669674,0.620193,0.685217
0.711251,0.699923,0.707500,0.660945,0.537402,0.683258,0.751396,0.663731,0.668806,0.663335
0.675406,0.702917,0.604023,0.628403,0.751101,0.712140,0.664943,0.696517,0.672757,0.695888
0.693322,0.676920,0.710145,0.690075,0.635111,0.828888,0.709123,0.649057,0.695553,0.720764
0.665887,0.658329,0.719743,0.643251,0.728271,0.699809,0.687494,0.685906,0.688156,0.686172
0.706740,0.757747,0.720353,0.644213,0.654642,0.750083,0.737983,0.709412,0.701200,0.689927
0.666421,0.685432,0.698199,0.687530,0.639926,0.669633,0.756924,0.685212,0.694884,0.694594
0.667090,0.651335,0.682508,0.711522,0.491867,0.666134,0.734650,0.695823,0.662478,0.732612
0.727561,0.707054,0.670657,0.608134,0.795711,0.479693,0.751759,0.694984,0.667072,0.715491
0.712105,0.708163,0.711455,0.660445,0.572937,0.787159,0.694789,0.703219,0.686286,0.681097
0.746821,0.705478,0.701192,0.638880,0.648534,0.800295,0.695085,0.694493,0.646934,0.710064
0.735997,0.708632,0.665066,0.653214,0.492740,0.672712,0.753056,0.678519,0.694669,0.681549
0.712505,0.743620,0.640972,0.706711,0.688525,0.664191,0.678313,0.631383,0.659132,0.654760
0.672220,0.722749,0.755594,0.659650,0.725577,0.517384,0.692870,0.676183,0.689762,0.647437
0.735277,0.691814,0.758301,0.660897,0.747536,0.551084,0.582740,0.680850,0.634810,0.710627
0.658213,0.678553,0.681146,0.669822,0.536824,0.689950,0.680497,0.706473,0.720891,0.702682
0.675203,0.711630,0.686365,0.803015,0.633695,0.811483,0.656240,0.737884,0.713990,0.703517
0.694445,0.667080,0.722120,0.714864,0.817630,0.595583,0.678831,0.723894,0.678135,0.693936
0.686979,0.683419,0.807611,0.706799,0.611479,0.586540,0.729537,0.689324,0.688473,0.687303
0.671133,0.717579,0.671134,0.686264,0.567158,0.717358,0.724545,0.667907,0.705967,0.720665
0.670537,0.660942,0.723918,0.643322,0.719531,0.624180,0.650210,0.705619,0.692626,0.677452
0.702056,0.696237,0.736658,0.749051,0.791867,0.743414,0.733711,0.688794,0.691535,0.678260
0.687172,0.668537,0.745047,0.752333,0.875122,0.644550,0.733881,0.697901,0.672428,0.679437
0.705007,0.743527,0.727139,0.642426,0.703628,0.550505,0.691571,0.734099,0.717117,0.700206
0.684267,0.683046,0.635031,0.763581,0.789443,0.681645,0.618277,0.680612,0.689632,0.684748
0.686059,0.631106,0.695146,0.766896,0.769599,0.509142,0.720073,0.694107,0.652399,0.653065
0.660084,0.702959,0.739353,0.847471,0.799695,0.711453,0.736783,0.727758,0.685025,0.651068
0.687175,0.693071,0.744111,0.692497,0.740700,0.735238,0.739654,0.666093,0.672324,0.687540
0.692073,0.778784,0.687734,0.713746,0.622078,0.638524,0.685452,0.709445,0.694873,0.677723
0.704497,0.657420,0.672195,0.701721,0.512734,0.657636,0.731193,0.695526,0.660800,0.707249
0.649876,0.698260,0.668447,0.784990,0.851457,0.783033,0.721413,0.730466,0.707173,0.648465
0.697130,0.653941,0.723030,0.735818,0.669692,0.617030,0.736960,0.672849,0.737198,0.717295
0.712573,0.692215,0.685759,0.644441,0.878060,0.634056,0.719035,0.674097,0.638989,0.723620
0.682943,0.657671,0.687919,0.685012,0.780162,0.665906,0.642163,0.620192,0.682437,0.733655
0.688041,0.732395,0.673801,0.704191,0.836700,0.754157,0.709639,0.667990,0.688186,0.700619
0.686325,0.692307,0.684223,0.645774,0.486703,0.722046,0.704487,0.695215,0.675240,0.692043
0.685582,0.670555,0.623995,0.610430,0.645143,0.595951,0.720937,0.693436,0.756308,0.678564
0.679149,0.680957,0.709685,0.653771,0.638033,0.655714,0.699338,0.686325,0.712427,0.730312
0.692076,0.675007,0.709330,0.656316,0.418396,0.669710,0.668595,0.731123,0.650936,0.672548
0.675932,0.631226,0.744013,0.726784,0.573601,0.637002,0.652722,0.713356,0.689682,0.639189
0.703812,0.736427,0.679958,0.616046,0.607589,0.594629,0.604310,0.709249,0.754575,0.700922
0.668550,0.654846,0.672413,0.723878,0.904155,0.741393,0.609917,0.729690,0.668524,0.688009
0.709299,0.506960,0.718660,0.704332,0.505574,0.707298,0.652634,0.672576,0.711647,0.684759
0.706657,0.700625,0.691838,0.742360,0.690161,0.629298,0.670888,0.714251,0.695286,0.690043
0.706845,0.715280,0.714476,0.725862,0.689860,0.590071,0.771385,0.715856,0.732617,0.718345
0.705883,0.694154,0.700095,0.786725,0.637670,0.780235,0.687037,0.702924,0.687273,0.659365
0.720227,0.611516,0.673785,0.638781,0.690256,0.779676,0.668298,0.699583,0.631359,0.721624
0.683752,0.690304,0.676869,0.639285,0.467766,0.628754,0.651053,0.709454,0.690024,0.727108
0.722475,0.653078,0.745407,0.696496,0.583621,0.720060,0.711091,0.650311,0.758329,0.734067
0.705116,0.699802,0.665426,0.742617,0.587778,0.712232,0.713242,0.646780,0.694824,0.682687
0.630780,0.684024,0.695996,0.607209,0.688833,0.664101,0.687811,0.746530,0.657380,0.703099
0.678315,0.674866,0.671219,0.684938,0.649059,0.720301,0.719079,0.717458,0.660186,0.753297
0.623550,0.716647,0.752788,0.645084,0.459072,0.644110,0.609410,0.764321,0.719823,0.669148
0.698948,0.709978,0.704425,0.765408,0.704483,0.629624,0.634193,0.654008,0.645030,0.696359
0.788562,0.650867,0.688788,0.818983,0.694508,0.689290,0.746498,0.685623,0.716404,0.689350
0.704805,0.661205,0.689310,0.742159,0.863684,0.678760,0.704523,0.738662,0.708074,0.690860
0.731248,0.687266,0.663309,0.639080,0.735665,0.822206,0.701655,0.672045,0.652264,0.715961
0.672259,0.680836,0.700863,0.687944,0.848903,0.635265,0.733287,0.723841,0.641248,0.692460
0.665338,0.692955,0.709003,0.709549,0.764247,0.750089,0.729565,0.699938,0.718460,0.717320
0.694057,0.641836,0.617848,0.694656,0.520152,0.716118,0.739535,0.693786,0.644484,0.662135
0.705065,0.683092,0.693744,0.728187,0.686835,0.721802,0.673952,0.661111,0.710455,0.723106
0.695682,0.658540,0.679346,0.745776,0.543019,0.665551,0.675365,0.694959,0.703298,0.745760
0.659851,0.672717,0.715186,0.640352,0.846844,0.724330,0.653264,0.768365,0.676564,0.693393
0.711098,0.704234,0.709487,0.676527,0.736062,0.513343,0.687864,0.726804,0.721043,0.677469
0.745913,0.752476,0.664509,0.624257,0.647666,0.613917,0.695135,0.679283,0.688222,0.657824
0.736218,0.712909,0.658242,0.603615,0.819628,0.726295,0.704459,0.738778,0.706386,0.679541
0.703251,0.714185,0.691898,0.707486,0.776598,0.702205,0.668800,0.701118,0.686682,0.694231
0.701543,0.683029,0.697859,0.676638,0.673813,0.715665,0.731737,0.751763,0.687023,0.714648
0.683483,0.690497,0.710274,0.644440,0.647404,0.693592,0.727914,0.697326,0.652247,0.684919
0.661029,0.682236,0.671831,0.707655,0.782038,0.657139,0.698974,0.717303,0.659058,0.701106
0.683164,0.705517,0.651736,0.748544,0.770654,0.706522,0.774659,0.606980,0.720482,0.712222
0.691524,0.709183,0.632966,0.705910,0.742425,0.492907,0.702682,0.714730,0.672520,0.667708
0.680569,0.662134,0.731139,0.668909,0.610924,0.653119,0.749677,0.694114,0.680797,0.718108
0.683520,0.699768,0.721845,0.669117,0.530248,0.663005,0.708266,0.680473,0.680471,0.692746
0.688359,0.690364,0.606474,0.625462,0.606251,0.636531,0.730502,0.659598,0.671163,0.671549
0.720201,0.754658,0.664132,0.666928,0.749826,0.715504,0.700548,0.678757,0.702636,0.697344
0.704449,0.708688,0.687967,0.656684,0.613274,0.693836,0.707638,0.687242,0.665033,0.734981
0.677011,0.640569,0.704790,0.718154,0.511861,0.670081,0.699394,0.733964,0.672538,0.694311
0.693916,0.711727,0.719767,0.693925,0.550578,0.777012,0.733589,0.675452,0.706098,0.675367
0.691468,0.681575,0.722966,0.722548,0.686232,0.758824,0.704283,0.676571,0.689013,0.693844
0.693815,0.690376,0.653575,0.611494,0.476850,0.703365,0.707603,0.704967,0.680119,0.655588
0.696966,0.649747,0.671052,0.701950,0.858104,0.663049,0.681288,0.747593,0.700415,0.689495
0.665679,0.690550,0.688637,0.591806,0.458282,0.774745,0.661210,0.717224,0.693731,0.692867
0.700740,0.706744,0.732571,0.704853,0.785798,0.585610,0.710704,0.737209,0.682336,0.715693
0.737849,0.740129,0.700902,0.662453,0.721258,0.516418,0.687551,0.653583,0.666417,0.693459
0.682052,0.647684,0.658058,0.639432,0.603191,0.838123,0.715079,0.638922,0.696909,0.710125
0.702958,0.679107,0.710079,0.658256,0.568088,0.638393,0.708070,0.682376,0.721878,0.669139
0.682062,0.671017,0.711078,0.674375,0.634812,0.646806,0.745741,0.702066,0.710914,0.712094
0.741582,0.765987,0.631196,0.695257,0.825196,0.664475,0.746320,0.703658,0.723102,0.743242
0.723156,0.711198,0.672293,0.663526,0.735893,0.674960,0.724008,0.707964,0.695961,0.710309
0.756464,0.694724,0.686215,0.661048,0.688637,0.651115,0.628722,0.738582,0.637165,0.751147
0.728190,0.670419,0.643527,0.613805,0.800867,0.726063,0.709090,0.622638,0.631507,0.720658
0.691406,0.688136,0.718647,0.673214,0.472444,0.649851,0.708828,0.719057,0.675344,0.694908
0.660011,0.689165,0.683472,0.608023,0.761467,0.625149,0.677591,0.721699,0.726926,0.637074
0.763016,0.740080,0.635697,0.740689,0.547500,0.766906,0.701509,0.801073,0.747706,0.684451
0.714503,0.781540,0.750264,0.639086,0.711152,0.719717,0.654042,0.616364,0.718654,0.726273
0.724340,0.602801,0.695270,0.687462,0.900536,0.723479,0.706761,0.680233,0.741589,0.690760
0.729836,0.763949,0.689356,0.567770,0.770334,0.685854,0.720579,0.730205,0.687819,0.693348
0.745879,0.702690,0.614791,0.749601,0.898075,0.768800,0.691232,0.675083,0.662150,0.719947
0.672425,0.680698,0.723087,0.718193,0.680535,0.773192,0.764359,0.681788,0.668528,0.702028
0.692818,0.698157,0.694718,0.779898,0.498710,0.719077,0.677663,0.626354,0.697979,0.686213
0.677132,0.681691,0.658361,0.719109,0.846781,0.757361,0.676141,0.699816,0.680237,0.696116
0.704808,0.734390,0.701807,0.696953,0.502326,0.754705,0.652721,0.686087,0.641354,0.723778
0.680403,0.703847,0.622623,0.743716,0.822738,0.733805,0.622045,0.711480,0.707166,0.695055
0.675158,0.661070,0.635147,0.723400,0.557067,0.705957,0.712956,0.705835,0.679238,0.711037
0.718963,0.682185,0.638195,0.722293,0.560359,0.644980,0.643430,0.710191,0.715757,0.708911
0.701122,0.668516,0.664140,0.706878,0.579626,0.786297,0.709528,0.712710,0.722304,0.716392
0.748638,0.710412,0.716419,0.704112,0.826587,0.608026,0.679305,0.665283,0.723738,0.674279
0.738327,0.699090,0.724468,0.642599,0.660556,0.734915,0.731887,0.702500,0.687097,0.678400
0.729941,0.701825,0.720420,0.631488,0.827178,0.577338,0.678390,0.763454,0.661182,0.725030
0.745572,0.694957,0.750161,0.655691,0.670032,0.721403,0.627774,0.650110,0.735379,0.773175
0.680476,0.711569,0.625651,0.735204,0.871904,0.781584,0.608032,0.686177,0.674576,0.691798
0.688067,0.756540,0.706451,0.788675,0.668541,0.704406,0.698167,0.696476,0.683757,0.669678
0.661531,0.703677,0.696670,0.653862,0.655276,0.716117,0.684469,0.675225,0.674999,0.692938
0.670961,0.676804,0.676241,0.705130,0.506615,0.686737,0.707511,0.700597,0.673957,0.699692
0.715853,0.694706,0.719080,0.722554,0.767265,0.770276,0.736276,0.692925,0.715010,0.698271
0.673378,0.705481,0.661351,0.738779,0.800575,0.652211,0.735562,0.741757,0.745054,0.679215
0.691186,0.701972,0.714754,0.633352,0.588992,0.609207,0.722167,0.708855,0.697128,0.720199
0.643475,0.695026,0.718734,0.588409,0.799331,0.716455,0.626879,0.802213,0.694868,0.757274
0.699728,0.687222,0.675740,0.693177,0.299886,0.632506,0.672191,0.655237,0.688916,0.692053
0.713280,0.711946,0.703513,0.746869,0.562317,0.593744,0.683348,0.699583,0.738670,0.704842
0.678409,0.681081,0.673261,0.682911,0.671607,0.683240,0.723541,0.671049,0.690662,0.702277
0.709264,0.704222,0.708274,0.811804,0.783875,0.592690,0.709266,0.703227,0.686237,0.694780
0.705157,0.670359,0.702778,0.689916,0.620099,0.568675,0.769551,0.691272,0.709631,0.683310
0.671564,0.633468,0.667683,0.683399,0.612721,0.711930,0.683156,0.629669,0.665714,0.705328
0.634467,0.669110,0.740104,0.663575,0.587686,0.601268,0.728331,0.717856,0.692845,0.687887
0.650098,0.721220,0.669528,0.764496,0.630531,0.676094,0.726479,0.700405,0.727707,0.700344
0.701982,0.661297,0.701880,0.721610,0.895006,0.797075,0.696775,0.699648,0.696314,0.694769
0.721872,0.682828,0.707242,0.676297,0.793332,0.797090,0.672798,0.626488,0.648675,0.651989
0.647603,0.690824,0.704546,0.538488,0.618284,0.627573,0.647428,0.678455,0.707042,0.746134
0.667608,0.728543,0.802022,0.682941,0.670057,0.714888,0.799235,0.724115,0.697485,0.635818
0.656159,0.728288,0.712862,0.783039,0.743207,0.673431,0.728364,0.703144,0.710107,0.688454
0.696588,0.734218,0.679438,0.714193,0.538574,0.849699,0.657004,0.724704,0.671220,0.714967
0.695003,0.689781,0.714018,0.758360,0.756144,0.589801,0.690207,0.675124,0.724361,0.682970
0.713536,0.732808,0.675059,0.661145,0.667885,0.749465,0.691251,0.739866,0.731184,0.576640
0.625416,0.667943,0.686435,0.682845,0.629377,0.749519,0.673754,0.640057,0.703001,0.628353
0.707128,0.722749,0.671618,0.680284,0.759862,0.801105,0.677129,0.650677,0.684971,0.681307
0.704483,0.693623,0.700906,0.730721,0.732989,0.650384,0.712860,0.717458,0.680384,0.700811
0.709548,0.635106,0.614922,0.672183,0.687637,0.653339,0.778139,0.674742,0.691310,0.706183
0.716348,0.644130,0.707182,0.714482,0.765360,0.668598,0.695492,0.692404,0.662270,0.721200
0.681735,0.702289,0.669639,0.637370,0.625660,0.748141,0.704306,0.678716,0.725253,0.697921
0.698479,0.655596,0.733311,0.726372,0.609014,0.666192,0.748700,0.728643,0.689644,0.692420
0.707258,0.762726,0.711602,0.737786,0.522501,0.705589,0.717695,0.655163,0.740421,0.712806
0.704176,0.697783,0.693208,0.662111,0.709981,0.717094,0.713422,0.702768,0.671456,0.689497
0.768040,0.724023,0.655869,0.731162,0.783742,0.670372,0.741856,0.659581,0.638844,0.692116
0.749563,0.697958,0.795665,0.782614,0.686077,0.844981,0.685079,0.797297,0.691033,0.698148
0.680856,0.680280,0.714483,0.701003,0.779143,0.612209,0.700941,0.690407,0.674181,0.711070
0.647718,0.699052,0.631818,0.688846,0.762808,0.685014,0.786670,0.706775,0.674895,0.711276
0.681645,0.729557,0.655443,0.779594,0.809138,0.704156,0.641479,0.672979,0.674743,0.694761
0.692896,0.678272,0.660434,0.756584,0.861043,0.657207,0.656738,0.697257,0.678781,0.690611
0.685773,0.579829,0.742952,0.675058,0.816328,0.661543,0.717071,0.752575,0.661209,0.673591
0.659875,0.693866,0.707422,0.754179,0.598024,0.772811,0.701479,0.726901,0.649265,0.709564
0.700688,0.692999,0.678618,0.653301,0.867556,0.636757,0.727787,0.749956,0.664934,0.666346
0.706514,0.690548,0.665039,0.717759,0.762330,0.533606,0.727377,0.727492,0.715411,0.713639
0.701875,0.688043,0.712743,0.778897,0.672239,0.658643,0.694134,0.644499,0.713429,0.674731
0.663070,0.657768,0.746843,0.664387,0.647876,0.740792,0.734146,0.721726,0.683452,0.692379
0.703788,0.722368,0.708903,0.760820,0.645802,0.658096,0.689389,0.742324,0.642803,0.684448
0.674249,0.654945,0.713798,0.694090,0.673334,0.541140,0.672996,0.658934,0.752327,0.671998
0.667402,0.708776,0.636044,0.648323,0.539598,0.640063,0.670258,0.697482,0.719317,0.668971
0.715911,0.725075,0.714494,0.742970,0.896718,0.752569,0.621207,0.676783,0.666075,0.673716
0.725285,0.697969,0.665365,0.682723,0.494098,0.743276,0.675241,0.663390,0.726040,0.695491
0.665390,0.795870,0.792723,0.715297,0.738647,0.683356,0.641979,0.710436,0.738295,0.655742
0.656089,0.712297,0.652834,0.665424,0.798085,0.577557,0.643149,0.709561,0.623310,0.674712
0.730307,0.703688,0.642031,0.657790,0.633645,0.479039,0.738494,0.744708,0.653161,0.649819
0.658136,0.654755,0.601888,0.775147,0.528569,0.659470,0.753736,0.698637,0.700794,0.757110
0.671076,0.703421,0.628679,0.651019,0.676796,0.715992,0.659297,0.716109,0.655366,0.682943
0.674978,0.671949,0.600530,0.778851,0.578435,0.733930,0.809398,0.648484,0.704442,0.704719
0.633597,0.727040,0.683783,0.591730,0.857202,0.791088,0.728161,0.716793,0.787814,0.711055
0.665098,0.622999,0.669407,0.660365,0.486237,0.710814,0.652940,0.711859,0.712719,0.665905
0.695033,0.643498,0.655315,0.740267,0.560641,0.654017,0.724434,0.688847,0.671732,0.736067
0.712154,0.726484,0.710384,0.719427,0.548030,0.768901,0.665577,0.698242,0.686218,0.682994
0.673582,0.719808,0.766244,0.608690,0.621805,0.606560,0.651585,0.685951,0.674842,0.696160
0.636825,0.724744,0.689546,0.678984,0.668779,0.744731,0.706448,0.693258,0.731852,0.674811
0.678951,0.697822,0.713731,0.583232,0.566326,0.562440,0.661116,0.715939,0.684504,0.699490
0.702214,0.679855,0.719479,0.735908,0.652569,0.725012,0.683441,0.671899,0.675750,0.693192
0.687178,0.683473,0.695776,0.674049,0.627782,0.720319,0.713221,0.703470,0.685722,0.692165
0.703933,0.715719,0.694121,0.789262,0.821769,0.606517,0.663014,0.707244,0.675407,0.682375
0.717687,0.750560,0.721264,0.588868,0.748881,0.627405,0.794047,0.708903,0.662462,0.709397
0.764093,0.732086,0.646095,0.703191,0.715386,0.588036,0.726078,0.744147,0.639294,0.679054
0.671587,0.712487,0.648535,0.635022,0.218484,0.671688,0.696511,0.710986,0.675619,0.729432
0.783001,0.693060,0.606147,0.608328,0.654263,0.517111,0.735160,0.677762,0.661578,0.706702
0.642581,0.703638,0.743057,0.735185,0.539416,0.575601,0.688658,0.616971,0.713318,0.736976
0.647630,0.726595,0.695112,0.721753,0.932255,0.761376,0.721388,0.705340,0.674221,0.739058
0.696259,0.653973,0.659435,0.675908,0.697689,0.616238,0.649997,0.703833,0.717349,0.686428
0.680224,0.702822,0.683084,0.719375,0.751628,0.628912,0.700860,0.699583,0.680518,0.691204
0.687407,0.666367,0.677292,0.727233,0.754894,0.693010,0.639216,0.742597,0.678704,0.702925
0.710583,0.688378,0.673663,0.740255,0.706088,0.750794,0.610396,0.694547,0.691909,0.701020
0.705967,0.686418,0.693336,0.710025,0.600721,0.625789,0.652390,0.695436,0.734379,0.692465
0.703208,0.691151,0.705024,0.714675,0.467199,0.657360,0.700586,0.698457,0.673961,0.696247
0.692364,0.683474,0.634535,0.684848,0.679228,0.707886,0.738548,0.634390,0.738864,0.686337
0.693817,0.719469,0.682234,0.757505,0.738847,0.637952,0.666003,0.705528,0.677294,0.680594
0.669275,0.725773,0.756773,0.627247,0.802956,0.754404,0.646334,0.694653,0.770403,0.740485
0.733700,0.729315,0.774725,0.720588,0.462814,0.744215,0.614753,0.591835,0.689604,0.624393
0.671772,0.672722,0.703158,0.687472,0.680803,0.672587,0.733461,0.691089,0.681953,0.709712
0.699372,0.709876,0.754845,0.731892,0.685605,0.658359,0.654513,0.724063,0.753743,0.632107
0.661766,0.694035,0.721321,0.677116,0.655642,0.705262,0.725236,0.672840,0.681234,0.681364
0.686460,0.683445,0.643426,0.725263,0.700607,0.695497,0.531660,0.612513,0.670050,0.696365
0.707859,0.684224,0.696510,0.765121,0.728207,0.649158,0.586174,0.674858,0.688625,0.675050
0.672441,0.700268,0.593225,0.586990,0.439921,0.824965,0.714636,0.706524,0.658673,0.732643
0.734021,0.670984,0.669129,0.637888,0.792934,0.732901,0.689402,0.726807,0.777542,0.700021
0.686001,0.701918,0.658515,0.625820,0.776590,0.735235,0.648749,0.661675,0.631338,0.675080
0.719716,0.618807,0.738721,0.724523,0.894061,0.633192,0.678762,0.709552,0.653266,0.706197
0.681850,0.655115,0.698168,0.689211,0.835337,0.599321,0.687462,0.663065,0.646159,0.678993
0.714315,0.717812,0.772385,0.700298,0.512327,0.688679,0.648046,0.708280,0.636909,0.719181
0.676894,0.733290,0.730536,0.745396,0.765065,0.563124,0.706772,0.725137,0.683203,0.676619
0.684424,0.711934,0.714164,0.749025,0.740093,0.726157,0.736653,0.723833,0.665372,0.689425
0.700696,0.695319,0.736616,0.599532,0.781088,0.724921,0.689444,0.705620,0.695876,0.666338
0.694905,0.708327,0.750462,0.622789,0.524359,0.645577,0.686049,0.671573,0.652658,0.715785
0.715243,0.704468,0.790701,0.724222,0.738554,0.630538,0.612946,0.710505,0.676113,0.719338
0.704559,0.678970,0.691732,0.664046,0.554676,0.776551,0.721339,0.697665,0.731066,0.697383
0.659137,0.706022,0.657616,0.701589,0.876078,0.760838,0.655925,0.662353,0.675444,0.694092
0.681783,0.703237,0.631459,0.715984,0.789686,0.750895,0.622159,0.694596,0.667776,0.679506
0.686492,0.705116,0.686727,0.682855,0.561100,0.727729,0.705473,0.721258,0.738160,0.713317
0.711238,0.690571,0.729214,0.700142,0.728697,0.723288,0.678045,0.718956,0.702715,0.665500
0.659462,0.691217,0.605786,0.655662,0.666009,0.753503,0.760594,0.679107,0.709278,0.667515
0.675916,0.681434,0.678629,0.747132,0.841081,0.644697,0.660686,0.743207,0.685570,0.696996
0.744354,0.689431,0.647550,0.633539,0.680950,0.648848,0.787450,0.712931,0.641778,0.655387
0.704404,0.712538,0.685513,0.731165,0.738390,0.543969,0.708717,0.721883,0.663633,0.673434
0.616390,0.692406,0.654350,0.675093,0.768406,0.603076,0.756190,0.650613,0.683870,0.684569
0.689565,0.689997,0.670802,0.689675,0.736856,0.640535,0.656308,0.742404,0.637888,0.680861
0.692012,0.690649,0.684211,0.711974,0.683216,0.713225,0.678605,0.695879,0.693311,0.691691
0.717835,0.651990,0.712071,0.722330,0.604807,0.681542,0.657306,0.684793,0.655141,0.738515
0.688608,0.659387,0.673332,0.733804,0.722022,0.676539,0.693027,0.695919,0.697228,0.706814
0.708005,0.697416,0.626045,0.656503,0.625831,0.669031,0.736864,0.663109,0.668382,0.683270
0.663181,0.696959,0.660352,0.718384,0.578613,0.706837,0.710929,0.713497,0.715818,0.723324
0.672848,0.702759,0.595147,0.645687,0.643008,0.743694,0.751734,0.632503,0.683632,0.662274
0.692246,0.685253,0.698605,0.669313,0.458400,0.641449,0.661116,0.684905,0.683103,0.679186
0.756629,0.697697,0.691198,0.670743,0.573568,0.743020,0.715924,0.750546,0.688896,0.694147
0.738100,0.700116,0.758431,0.774605,0.605740,0.792119,0.670167,0.780583,0.708751,0.723590
0.751997,0.709066,0.609479,0.606616,0.734364,0.624639,0.732623,0.730840,0.624174,0.707272
0.679397,0.689770,0.705071,0.709121,0.525453,0.658110,0.714950,0.705301,0.713567,0.727471
0.661755,0.707472,0.702811,0.724346,0.740152,0.718886,0.752549,0.709990,0.724941,0.703884
0.673130,0.680841,0.729663,0.682316,0.461492,0.651340,0.720281,0.665236,0.709814,0.692616
0.670124,0.687344,0.675016,0.662646,0.614180,0.718198,0.669692,0.703366,0.688629,0.667733
0.677907,0.718944,0.703134,0.706350,0.613316,0.544691,0.681838,0.755684,0.664311,0.695508
0.669064,0.657554,0.662770,0.668933,0.645019,0.813361,0.681015,0.731431,0.699276,0.684770
0.588767,0.720706,0.686761,0.629773,0.746184,0.584790,0.662118,0.688559,0.727127,0.719054
0.705180,0.711796,0.682271,0.788751,0.840586,0.704308,0.645069,0.689669,0.673823,0.690638
0.723520,0.670237,0.645207,0.688399,0.780903,0.745936,0.570854,0.672705,0.725386,0.653766
0.737092,0.663146,0.645592,0.672754,0.449546,0.663426,0.712868,0.659738,0.704118,0.708173
0.709618,0.626822,0.701105,0.732260,0.671952,0.742491,0.687265,0.672971,0.700080,0.701673
0.708258,0.701373,0.733139,0.775310,0.751753,0.656613,0.688314,0.657558,0.687136,0.666997
0.702514,0.715370,0.773921,0.672421,0.691652,0.684373,0.690979,0.677857,0.671734,0.701720
0.678634,0.787124,0.627425,0.624068,0.841468,0.774813,0.735604,0.733137,0.685487,0.731419
0.688036,0.666162,0.700672,0.696400,0.625398,0.668799,0.714103,0.696130,0.684215,0.691371
0.678927,0.715774,0.620271,0.718267,0.803325,0.745413,0.628177,0.693793,0.661560,0.700545
0.658683,0.719643,0.729014,0.729390,0.736215,0.794726,0.711106,0.723543,0.650566,0.667418
0.704644,0.695499,0.674653,0.755043,0.746059,0.641282,0.671222,0.694389,0.709788,0.697718
0.604391,0.676154,0.777533,0.697649,0.732116,0.711013,0.723143,0.692658,0.749776,0.730417
0.685737,0.692613,0.690838,0.710769,0.738172,0.716649,0.732066,0.705507,0.687631,0.689955
0.716374,0.699985,0.681918,0.679213,0.815571,0.787657,0.660825,0.697258,0.698459,0.684396
0.679737,0.681193,0.660761,0.720883,0.678464,0.727307,0.678226,0.676536,0.728276,0.704388
0.691314,0.694564,0.679314,0.632274,0.863522,0.818699,0.725767,0.667764,0.707932,0.714270
0.643047,0.736457,0.678308,0.685170,0.840748,0.621674,0.725954,0.694194,0.636892,0.674000
0.715937,0.672403,0.673428,0.709535,0.605321,0.681445,0.708784,0.708340,0.708240,0.724191
0.634371,0.666620,0.695518,0.631892,0.643378,0.788385,0.771136,0.705052,0.738140,0.669549
0.686838,0.680155,0.711520,0.647932,0.661399,0.780713,0.709843,0.698794,0.720290,0.704964
0.698584,0.642336,0.684987,0.692661,0.794385,0.663792,0.708071,0.698342,0.732757,0.687173
0.693774,0.705567,0.712839,0.600410,0.459851,0.595800,0.695293,0.650816,0.707369,0.702420
0.711588,0.731445,0.649733,0.717928,0.701725,0.821044,0.707581,0.581151,0.746870,0.689333
0.712532,0.690773,0.611564,0.684096,0.415422,0.651738,0.735931,0.650614,0.678315,0.732099
0.682887,0.697689,0.736522,0.723126,0.796549,0.736638,0.709878,0.707867,0.706133,0.691944
0.760484,0.674608,0.728841,0.582288,0.601130,0.633039,0.667740,0.669168,0.616779,0.676109
0.693629,0.696298,0.757111,0.693826,0.685782,0.724087,0.768711,0.694979,0.692298,0.694403
0.674944,0.701557,0.683946,0.626420,0.311847,0.639186,0.721133,0.694068,0.686028,0.686082
0.665786,0.629411,0.697402,0.672154,0.752937,0.717856,0.698719,0.680379,0.700276,0.657392
0.721588,0.673151,0.681724,0.705949,0.854008,0.603100,0.747953,0.657201,0.685620,0.700287
0.705809,0.699353,0.690570,0.672675,0.788161,0.540605,0.689133,0.732255,0.712423,0.732747
0.676045,0.711218,0.682723,0.750651,0.526757,0.676681,0.703349,0.711595,0.735629,0.744131
0.697400,0.664721,0.683113,0.685637,0.560847,0.733231,0.710601,0.696917,0.657079,0.639010
0.694980,0.672153,0.691498,0.678664,0.746846,0.682020,0.678833,0.707229,0.689367,0.684217
0.688236,0.634955,0.737386,0.656350,0.623017,0.689791,0.610879,0.692925,0.704961,0.746779
0.693814,0.678567,0.731795,0.621679,0.865904,0.724459,0.715333,0.723123,0.779729,0.715847
0.667556,0.686248,0.652380,0.684153,0.656598,0.776652,0.717648,0.706554,0.681699,0.670435
0.689155,0.696436,0.687702,0.672555,0.393948,0.707908,0.666502,0.697767,0.686022,0.693534
0.698832,0.703801,0.729188,0.677102,0.705563,0.639650,0.675226,0.715926,0.664624,0.687184
0.694636,0.730569,0.717302,0.671638,0.575440,0.689729,0.724827,0.646481,0.696306,0.679604
0.666826,0.717169,0.725140,0.719472,0.733487,0.605914,0.663508,0.620637,0.669564,0.650045
0.677306,0.702749,0.714620,0.713313,0.671430,0.678262,0.719450,0.722089,0.686660,0.739589
0.652943,0.694167,0.748317,0.774209,0.821907,0.794390,0.680845,0.706631,0.712626,0.719635
0.652447,0.757862,0.613831,0.736264,0.818481,0.616250,0.643941,0.706885,0.666476,0.664984
0.663375,0.639951,0.691013,0.600008,0.838335,0.713359,0.665854,0.747537,0.784418,0.636590
0.684427,0.692271,0.733543,0.674778,0.613592,0.716751,0.734834,0.691358,0.707282,0.693423
0.689751,0.715485,0.625411,0.759323,0.826490,0.716942,0.605491,0.667104,0.667757,0.711703
0.700499,0.721148,0.721365,0.730869,0.797235,0.756453,0.658907,0.709237,0.741757,0.674940
0.649291,0.734912,0.662974,0.707365,0.619668,0.649211,0.683592,0.694637,0.661406,0.715775
0.663207,0.774464,0.693838,0.561360,0.870700,0.768757,0.676137,0.624177,0.675731,0.675597
0.732265,0.726574,0.747020,0.694938,0.717162,0.603559,0.677430,0.587385,0.668290,0.659328
0.717944,0.670325,0.740938,0.718105,0.807135,0.708337,0.703544,0.698840,0.687268,0.682435
0.720816,0.677528,0.709326,0.683187,0.764519,0.691946,0.670174,0.711035,0.663143,0.692560
0.679715,0.709589,0.715601,0.729462,0.631724,0.583943,0.650116,0.706009,0.728870,0.695480
0.686796,0.683442,0.719039,0.680683,0.583625,0.668556,0.709978,0.661466,0.711437,0.693131
0.683288,0.700991,0.733824,0.665688,0.669258,0.708820,0.727708,0.674537,0.685739,0.695695
0.742410,0.655956,0.755876,0.686682,0.624569,0.701565,0.671839,0.671287,0.672119,0.686741
0.655211,0.739896,0.648027,0.784296,0.710370,0.762515,0.709582,0.718683,0.785653,0.637999
0.634439,0.722430,0.667677,0.748737,0.564488,0.700229,0.700361,0.777214,0.689262,0.706927
0.708730,0.672578,0.699762,0.685684,0.760338,0.567249,0.684065,0.702556,0.717276,0.742486
0.682118,0.692615,0.697085,0.728400,0.514166,0.660866,0.694207,0.767910,0.682177,0.669786
0.703583,0.658642,0.754494,0.673772,0.550317,0.787740,0.693783,0.709422,0.664544,0.674099
0.708456,0.699346,0.699394,0.690250,0.733700,0.709870,0.765101,0.676227,0.681028,0.621173
0.675124,0.737704,0.734549,0.671321,0.906249,0.819871,0.730668,0.649049,0.697191,0.713360
0.643772,0.702178,0.629983,0.608410,0.746203,0.579000,0.735814,0.640646,0.700568,0.697705
0.719285,0.712288,0.715533,0.663259,0.625810,0.739511,0.681563,0.718015,0.687909,0.684422
0.680224,0.717599,0.693586,0.630978,0.677732,0.707385,0.739173,0.676863,0.683602,0.698241
0.728828,0.722653,0.707021,0.717788,0.602539,0.761654,0.670411,0.661071,0.708050,0.670197
0.691863,0.684515,0.675125,0.722840,0.597324,0.679185,0.713911,0.698998,0.682165,0.693244
0.596203,0.732875,0.564425,0.704505,0.542964,0.779002,0.762483,0.681776,0.721493,0.618510
0.658943,0.678005,0.670186,0.687858,0.739702,0.749204,0.751816,0.653215,0.668181,0.674719
0.755051,0.738879,0.698092,0.578881,0.748952,0.791598,0.664621,0.596596,0.743386,0.699384
0.670518,0.647310,0.656879,0.721820,0.694569,0.693929,0.676646,0.745934,0.675427,0.715399
0.686288,0.690726,0.669932,0.694972,0.669528,0.616759,0.657461,0.709662,0.697536,0.674239
0.678734,0.641766,0.708267,0.722634,0.495508,0.645500,0.681327,0.733065,0.680827,0.668445
0.699264,0.692062,0.718429,0.744173,0.604649,0.786219,0.677101,0.654382,0.729196,0.680277
0.693411,0.713938,0.686777,0.683981,0.548570,0.655694,0.720775,0.706781,0.696999,0.687235
0.767968,0.560695,0.722279,0.747426,0.915045,0.622869,0.699761,0.727619,0.775665,0.698673
0.700580,0.688397,0.704281,0.670589,0.458470,0.700152,0.692170,0.687711,0.723956,0.684842
0.726915,0.713628,0.695746,0.612857,0.764781,0.471551,0.684042,0.660637,0.689115,0.693575
0.741297,0.714210,0.672533,0.734740,0.609992,0.723134,0.711902,0.673106,0.721011,0.679557
0.578678,0.709675,0.772604,0.620564,0.582182,0.734653,0.678286,0.718483,0.730606,0.642050
0.619192,0.721843,0.760916,0.660891,0.664110,0.571383,0.680228,0.734768,0.727975,0.726967
0.709335,0.589618,0.737427,0.740040,0.631669,0.684763,0.671959,0.671764,0.603444,0.717581
0.680565,0.714642,0.705747,0.706787,0.719562,0.702737,0.679625,0.696845,0.695062,0.723307
0.683668,0.637781,0.636956,0.629006,0.651815,0.663288,0.650150,0.680081,0.659550,0.712587
0.665562,0.706706,0.686069,0.761262,0.733289,0.569630,0.669148,0.674992,0.647530,0.690248
0.690440,0.620128,0.721494,0.775500,0.665077,0.587564,0.693364,0.669803,0.725312,0.693551
0.726781,0.681461,0.689522,0.622221,0.672663,0.662501,0.697159,0.702030,0.667574,0.697115
0.692795,0.701702,0.730726,0.657035,0.622320,0.700922,0.671692,0.636946,0.678805,0.704189
0.685008,0.657956,0.707674,0.722752,0.633110,0.703753,0.678888,0.680712,0.670470,0.675214
0.704082,0.714387,0.708905,0.739579,0.704686,0.793897,0.746849,0.738478,0.704410,0.702754
0.631189,0.715906,0.676186,0.519588,0.689355,0.688507,0.643820,0.725797,0.789559,0.668545
0.618385,0.697195,0.708811,0.655379,0.637357,0.596995,0.666997,0.711368,0.720097,0.706309
0.675267,0.701352,0.706956,0.646188,0.595630,0.516991,0.670090,0.678635,0.665299,0.702567
0.649832,0.756298,0.664146,0.683730,0.690345,0.813429,0.620838,0.644935,0.683731,0.705521
0.663251,0.683314,0.687437,0.735868,0.783420,0.766864,0.680041,0.667199,0.699522,0.704774
0.693062,0.703849,0.600696,0.749916,0.863916,0.775551,0.606245,0.689891,0.695914,0.715873
0.645693,0.726735,0.587749,0.668385,0.360940,0.716976,0.736474,0.654890,0.720881,0.710654
0.687953,0.712885,0.651780,0.552163,0.798052,0.576471,0.699145,0.687568,0.709075,0.652660
0.669571,0.658710,0.670397,0.747643,0.787685,0.594123,0.668703,0.687704,0.668298,0.692618
0.620338,0.728260,0.689400,0.754340,0.681248,0.708150,0.712406,0.674437,0.716913,0.704062
0.696754,0.703379,0.709699,0.624050,0.710319,0.705956,0.628122,0.740732,0.735177,0.741181
0.710913,0.699279,0.741504,0.668290,0.635835,0.717826,0.640787,0.708904,0.641079,0.651939
0.669901,0.696375,0.665424,0.756311,0.769674,0.694483,0.738358,0.716258,0.673982,0.720992
0.709742,0.638410,0.695870,0.646489,0.828677,0.722591,0.711249,0.734067,0.761608,0.672520
0.728002,0.662149,0.658172,0.708010,0.838636,0.647295,0.730303,0.676531,0.792181,0.676910
0.722123,0.752065,0.671986,0.811264,0.739387,0.761096,0.735143,0.721243,0.686591,0.727506
0.693774,0.679915,0.653169,0.680524,0.465030,0.637457,0.750569,0.678279,0.653334,0.693136
0.631926,0.752445,0.713834,0.619329,0.710856,0.739087,0.682337,0.601580,0.707141,0.722809
0.688053,0.698671,0.674977,0.683625,0.739604,0.727760,0.663494,0.662900,0.714136,0.736272
0.722615,0.754476,0.727258,0.754181,0.662580,0.691019,0.713885,0.635602,0.708695,0.688657
0.681370,0.715069,0.651458,0.678493,0.641841,0.710855,0.751879,0.671397,0.673499,0.674443
0.661638,0.723207,0.676043,0.655892,0.811320,0.723623,0.707504,0.735820,0.650823,0.684761
0.660046,0.718975,0.687456,0.688372,0.769283,0.672517,0.635699,0.740920,0.666462,0.690174
0.682701,0.685798,0.736248,0.685858,0.535537,0.750907,0.643108,0.674230,0.667826,0.669700
0.695899,0.681873,0.669406,0.647139,0.896261,0.705209,0.696191,0.663250,0.708593,0.705670
0.695012,0.641690,0.733295,0.667029,0.748599,0.724340,0.730042,0.697173,0.701413,0.688277
0.694381,0.706319,0.628404,0.703833,0.575144,0.716491,0.687214,0.675605,0.697561,0.685304
0.672710,0.755211,0.654383,0.818801,0.632692,0.702453,0.650850,0.682537,0.698275,0.697128
0.674377,0.664445,0.639080,0.767535,0.711011,0.667567,0.629613,0.676540,0.694434,0.700703
0.755770,0.705949,0.683432,0.729131,0.669876,0.766397,0.710261,0.703051,0.672205,0.651855
0.693680,0.708942,0.730984,0.643476,0.714370,0.661229,0.715132,0.708935,0.718224,0.649823
0.705207,0.712433,0.701048,0.704227,0.568785,0.728076,0.750998,0.730144,0.681167,0.712604
0.728359,0.741160,0.696231,0.679215,0.361544,0.740939,0.653078,0.737948,0.698678,0.669322
0.727187,0.726097,0.705071,0.746823,0.708605,0.601429,0.715608,0.653043,0.711557,0.693061
0.638818,0.701225,0.685839,0.584132,0.711094,0.800003,0.762836,0.727266,0.691203,0.715792
0.714408,0.725972,0.718491,0.653050,0.682916,0.578970,0.686626,0.655076,0.707767,0.704120
0.710892,0.718850,0.732317,0.725717,0.624827,0.761348,0.727200,0.626521,0.753749,0.707687
0.723503,0.705297,0.737146,0.594990,0.761147,0.741458,0.701193,0.686609,0.740803,0.678707
0.665666,0.730070,0.670256,0.819248,0.576753,0.803484,0.762390,0.816466,0.708573,0.705858
0.707197,0.706867,0.683177,0.706559,0.624151,0.562522,0.721641,0.755052,0.656593,0.679103
0.630935,0.667944,0.708855,0.692685,0.841674,0.639933,0.710148,0.722440,0.718692,0.706336
0.708149,0.636340,0.714251,0.815299,0.612464,0.731949,0.700110,0.631847,0.739760,0.717000
0.685378,0.687802,0.716778,0.726533,0.849687,0.789660,0.680672,0.686538,0.650353,0.661385
0.714017,0.680957,0.720590,0.676951,0.611565,0.632778,0.733491,0.668014,0.723744,0.669890
0.686502,0.701513,0.688420,0.672974,0.524430,0.623971,0.685980,0.670251,0.703121,0.727619
0.674117,0.698155,0.670068,0.718266,0.831458,0.779259,0.659349,0.711450,0.686247,0.713187
0.738790,0.641532,0.657968,0.561706,0.877486,0.625815,0.686707,0.758782,0.683164,0.731013
0.685143,0.669788,0.685161,0.729013,0.787840,0.682666,0.684385,0.708521,0.670132,0.713651
0.710621,0.690376,0.706401,0.733079,0.397537,0.677009,0.677555,0.670295,0.730452,0.673766
0.702712,0.742856,0.686475,0.728816,0.736040,0.577246,0.711748,0.731443,0.730494,0.717531
0.671270,0.669143,0.681413,0.727197,0.594601,0.772556,0.673835,0.644103,0.673700,0.709697
0.701399,0.676858,0.690676,0.740441,0.854032,0.648386,0.709083,0.642402,0.678300,0.710593
0.708275,0.696285,0.652338,0.701856,0.652128,0.726497,0.681901,0.683888,0.666412,0.663268
0.707165,0.733904,0.699709,0.743657,0.895862,0.641508,0.706882,0.656286,0.732744,0.691051
0.704179,0.691815,0.706831,0.705162,0.559052,0.693768,0.685247,0.672841,0.693789,0.704214
0.711304,0.646799,0.674030,0.580604,0.616542,0.736836,0.718596,0.680745,0.768261,0.662611
0.679955,0.677150,0.738750,0.754131,0.940480,0.780919,0.755612,0.688418,0.639670,0.684714
0.616615,0.696210,0.733552,0.713661,0.687542,0.703581,0.703035,0.710986,0.676436,0.747059
0.708715,0.683257,0.665895,0.717103,0.722321,0.767739,0.711511,0.701471,0.688595,0.700256
0.705940,0.684608,0.691497,0.657693,0.599370,0.600121,0.758903,0.683280,0.694792,0.631207
0.672764,0.641074,0.696867,0.678824,0.727202,0.712272,0.732780,0.702706,0.624408,0.689372
0.721240,0.659964,0.696298,0.653523,0.918295,0.781830,0.705605,0.668518,0.689554,0.719711
0.697443,0.631229,0.768496,0.781997,0.677922,0.643749,0.654735,0.724989,0.709556,0.678166
0.713533,0.732913,0.680070,0.725401,0.776240,0.726716,0.667771,0.719999,0.702535,0.677559
0.679651,0.686374,0.707187,0.754988,0.865615,0.622639,0.719219,0.672382,0.686679,0.693813
0.684668,0.686685,0.699347,0.651026,0.707227,0.765556,0.710030,0.699913,0.704949,0.698836
0.702507,0.724572,0.688466,0.638888,0.929960,0.793189,0.670661,0.702416,0.736242,0.675789
0.690256,0.633529,0.671464,0.623122,0.790496,0.652350,0.719700,0.682587,0.700072,0.675940
0.718748,0.622604,0.689781,0.742773,0.563021,0.699065,0.745918,0.716343,0.680946,0.720489
0.677841,0.736271,0.756398,0.614673,0.659559,0.544647,0.651199,0.746011,0.714103,0.691515
0.697133,0.764572,0.643102,0.684798,0.734086,0.712834,0.729566,0.690654,0.721581,0.654463
0.721043,0.676666,0.690299,0.770407,0.788287,0.616528,0.734216,0.689896,0.708316,0.692554
0.666651,0.610095,0.687468,0.696541,0.808393,0.707853,0.731407,0.649747,0.703486,0.716082
0.681372,0.685526,0.703809,0.700210,0.747651,0.620800,0.642244,0.713566,0.656034,0.714292
0.686837,0.710515,0.615593,0.755146,0.770744,0.764178,0.617806,0.709037,0.683785,0.685424
0.697660,0.641835,0.666603,0.753947,0.584445,0.802756,0.662848,0.695827,0.701168,0.677684
0.703440,0.702535,0.632763,0.718815,0.553848,0.596577,0.641757,0.646684,0.691659,0.694660
0.675519,0.600801,0.622771,0.733399,0.857729,0.590500,0.730417,0.696241,0.698692,0.700525
0.715791,0.748592,0.723980,0.770185,0.769332,0.750704,0.716461,0.710268,0.705943,0.692310
0.667860,0.693669,0.785612,0.606652,0.493210,0.586316,0.611077,0.639823,0.684055,0.705696
0.652946,0.687131,0.703702,0.698944,0.641806,0.735831,0.724770,0.693506,0.663342,0.660998
0.763910,0.762457,0.684035,0.573554,0.553708,0.752391,0.659731,0.711181,0.796391,0.717881
0.738700,0.721982,0.714125,0.640799,0.673867,0.705911,0.730024,0.636872,0.691026,0.664363
0.755368,0.715425,0.744262,0.859694,0.679281,0.746329,0.690712,0.685917,0.643570,0.684432
0.721331,0.697333,0.673636,0.681296,0.687307,0.604479,0.688953,0.663432,0.703877,0.615194
0.662740,0.672129,0.657950,0.674188,0.833979,0.792339,0.582775,0.759208,0.633759,0.674323
0.687221,0.664610,0.693007,0.651795,0.716675,0.634109,0.627177,0.715150,0.741670,0.709018
0.694365,0.700326,0.730268,0.673684,0.684365,0.718504,0.707843,0.697842,0.678522,0.691471
0.703111,0.716122,0.678260,0.707173,0.598918,0.741292,0.721634,0.722326,0.680775,0.687417
0.693137,0.681274,0.732638,0.676925,0.630988,0.669988,0.725015,0.689992,0.691279,0.685301
0.693418,0.656402,0.712996,0.727171,0.795011,0.589587,0.694175,0.742601,0.699920,0.683286
0.697945,0.696873,0.684866,0.788293,0.704261,0.670926,0.719202,0.698175,0.661311,0.692367
0.687662,0.707553,0.710259,0.727820,0.760883,0.714810,0.690455,0.684418,0.678536,0.705192
0.707170,0.710321,0.722722,0.733883,0.654577,0.664278,0.670380,0.678604,0.691889,0.728601
0.662485,0.742743,0.669861,0.708121,0.622936,0.657310,0.653618,0.697237,0.764804,0.740269
0.674023,0.715424,0.727156,0.597724,0.782245,0.646962,0.722642,0.695719,0.726477,0.680326
0.680830,0.689134,0.727494,0.674844,0.838397,0.603526,0.663662,0.754744,0.639584,0.687929
0.687570,0.699127,0.693578,0.659241,0.582343,0.691321,0.664794,0.692908,0.682581,0.706458
0.680963,0.692642,0.692973,0.715011,0.671715,0.692094,0.689492,0.698899,0.686582,0.691624
0.686997,0.687250,0.687790,0.765816,0.650759,0.706223,0.696255,0.637239,0.720128,0.714991
0.711377,0.729653,0.677575,0.631195,0.727038,0.597323,0.722711,0.725735,0.713635,0.684551
0.700111,0.736527,0.699140,0.662310,0.683233,0.717666,0.699439,0.648371,0.699377,0.684824
0.712129,0.683009,0.721239,0.646188,0.658793,0.654529,0.653612,0.649800,0.744060,0.704778
0.690782,0.679640,0.695741,0.675366,0.675522,0.682777,0.691249,0.677730,0.676507,0.692201
0.682390,0.701268,0.702681,0.745665,0.822328,0.612031,0.713685,0.665508,0.667829,0.685397
0.661774,0.691123,0.664896,0.663154,0.484408,0.703756,0.691471,0.703755,0.717066,0.654404
0.701535,0.772579,0.751412,0.771998,0.871726,0.637761,0.695382,0.668215,0.671448,0.703031
0.670171,0.723936,0.691693,0.684333,0.792588,0.682689,0.701522,0.722517,0.624304,0.758841
0.666873,0.726962,0.746457,0.740544,0.655318,0.765403,0.659130,0.732407,0.658689,0.664300
0.667147,0.670083,0.653452,0.642958,0.553090,0.812551,0.698328,0.668227,0.685246,0.707591
0.666705,0.697356,0.641127,0.676165,0.679512,0.704267,0.629770,0.697017,0.673141,0.697578
0.697769,0.730732,0.680271,0.584500,0.727883,0.505217,0.649374,0.711094,0.725738,0.716254
0.680032,0.721158,0.749264,0.839530,0.595007,0.776977,0.704828,0.640803,0.670990,0.654305
0.660005,0.719263,0.641961,0.555341,0.726825,0.722165,0.737607,0.629407,0.758997,0.704332
0.695384,0.703020,0.707335,0.677566,0.234549,0.637568,0.654483,0.676898,0.710383,0.656097
0.677478,0.676810,0.711265,0.681360,0.696410,0.728190,0.742026,0.683008,0.681663,0.683158
0.695384,0.671574,0.631232,0.779843,0.628699,0.677966,0.604564,0.659583,0.700799,0.706121
0.702074,0.714485,0.692576,0.742130,0.546735,0.711130,0.661538,0.682374,0.708271,0.694267
0.707924,0.680826,0.689337,0.712316,0.599269,0.708011,0.733847,0.671933,0.693144,0.682974
0.685870,0.699828,0.700802,0.669110,0.536598,0.728680,0.721353,0.682357,0.682114,0.689820
0.672904,0.681239,0.766773,0.654379,0.720817,0.704911,0.672346,0.720811,0.690897,0.695371
0.674591,0.715803,0.595048,0.699812,0.707874,0.719480,0.581446,0.693664,0.666085,0.695477
0.711933,0.631417,0.652099,0.713334,0.519760,0.765885,0.705304,0.730317,0.723944,0.705521
0.690760,0.715521,0.682281,0.812538,0.737231,0.612830,0.615313,0.642484,0.634189,0.665061
0.771724,0.707546,0.671755,0.726865,0.662642,0.669499,0.650599,0.691360,0.667501,0.743283
0.676692,0.714347,0.687969,0.716807,0.676873,0.771803,0.713331,0.701799,0.693537,0.685854
0.698195,0.668897,0.708161,0.775177,0.731549,0.696287,0.715493,0.689086,0.723923,0.699437
0.697198,0.674149,0.662666,0.786465,0.674545,0.666804,0.789782,0.716842,0.695848,0.723410
0.600605,0.749429,0.677985,0.718561,0.713448,0.622292,0.725864,0.742228,0.686479,0.674766
0.677835,0.662245,0.662848,0.682879,0.538979,0.712591,0.684757,0.693684,0.675400,0.692147
0.643402,0.676794,0.763090,0.655693,0.673443,0.730189,0.623774,0.662430,0.670087,0.663208
0.685835,0.703307,0.741419,0.687217,0.821222,0.728197,0.722771,0.648830,0.644268,0.715103
0.718305,0.681728,0.788010,0.667684,0.656442,0.712166,0.751030,0.691432,0.691904,0.689301
0.673120,0.682030,0.698825,0.749170,0.679817,0.698736,0.677899,0.696788,0.709439,0.713162
0.701751,0.670285,0.681293,0.659788,0.865270,0.655221,0.667379,0.718705,0.738523,0.662384
0.703657,0.696887,0.713840,0.709725,0.423699,0.605376,0.639949,0.676345,0.717347,0.653782
0.688488,0.715079,0.704639,0.601653,0.655191,0.593161,0.676120,0.703719,0.700525,0.737178
0.655122,0.711035,0.621392,0.677910,0.774279,0.716688,0.653633,0.697346,0.708042,0.738293
0.707396,0.656262,0.671898,0.697769,0.269873,0.593029,0.663205,0.656097,0.723151,0.682384
0.690090,0.658784,0.637807,0.608451,0.832982,0.788466,0.624614,0.691414,0.659759,0.722039
0.697941,0.727446,0.739307,0.835168,0.677526,0.723384,0.739969,0.721197,0.737055,0.696535
0.676058,0.694545,0.708293,0.747642,0.644318,0.724503,0.702443,0.698858,0.652099,0.680507
0.693128,0.677464,0.680561,0.707422,0.555672,0.623536,0.771077,0.681851,0.661887,0.697172
0.659858,0.716480,0.764230,0.651825,0.428018,0.642300,0.586781,0.675821,0.678289,0.686156
0.733829,0.613107,0.661799,0.628196,0.651277,0.629287,0.719936,0.724783,0.683461,0.684921
0.706665,0.673649,0.630464,0.601056,0.799657,0.712651,0.627811,0.682658,0.658358,0.695802
0.708557,0.694840,0.682811,0.707677,0.734532,0.510425,0.702305,0.711086,0.703060,0.686076
0.653536,0.655125,0.705869,0.717738,0.671647,0.664667,0.722958,0.714552,0.672795,0.670918
0.673114,0.674070,0.713442,0.722830,0.621324,0.755488,0.656522,0.685902,0.700426,0.699777
0.678321,0.665496,0.696086,0.746601,0.649751,0.683616,0.704724,0.679416,0.665988,0.715584
0.682772,0.686295,0.652662,0.712474,0.769254,0.735971,0.653831,0.694750,0.681051,0.705537
0.685835,0.682844,0.704981,0.622825,0.809802,0.510996,0.635278,0.701905,0.641869,0.680005
0.682567,0.672188,0.677187,0.647349,0.820463,0.617892,0.709919,0.756776,0.630745,0.671130
0.719553,0.710352,0.644492,0.694910,0.543575,0.652364,0.846305,0.736626,0.694871,0.710849
0.764012,0.678979,0.675133,0.678077,0.562283,0.603016,0.712651,0.686062,0.597711,0.679329
0.705306,0.677761,0.669500,0.762469,0.586893,0.647974,0.649336,0.662986,0.729974,0.693590
0.678088,0.625248,0.682864,0.791559,0.478056,0.651629,0.668881,0.622361,0.741677,0.705544
0.688048,0.647919,0.705552,0.658208,0.613035,0.663677,0.655044,0.736597,0.715626,0.787435
0.734353,0.727593,0.756595,0.692272,0.744829,0.754378,0.653639,0.731224,0.694925,0.628637
0.667803,0.730892,0.690882,0.739124,0.565005,0.774599,0.747607,0.819973,0.667004,0.666380
0.671846,0.686385,0.717652,0.674855,0.737916,0.647646,0.717200,0.701557,0.682745,0.705531
0.598112,0.720910,0.783204,0.697065,0.618590,0.637763,0.644078,0.679870,0.741701,0.716448
0.654333,0.660367,0.711210,0.707127,0.664838,0.692700,0.754042,0.699814,0.688931,0.725904
0.692665,0.628509,0.757354,0.603792,0.635997,0.791393,0.636338,0.727615,0.730346,0.682751
0.697047,0.729264,0.690917,0.653893,0.703705,0.699831,0.665136,0.726032,0.680689,0.701749
0.677815,0.679957,0.717188,0.687627,0.676086,0.672998,0.681596,0.690064,0.676297,0.671825
0.749373,0.653030,0.669957,0.694585,0.518563,0.706932,0.664068,0.670390,0.786368,0.652503
0.646757,0.741951,0.674313,0.682168,0.725759,0.652329,0.607356,0.692936,0.711390,0.705182
0.724500,0.704054,0.683057,0.656152,0.757468,0.582011,0.745658,0.693623,0.680204,0.684103
0.682394,0.699189,0.667431,0.679415,0.545482,0.650759,0.664495,0.672092,0.680767,0.627620
0.722690,0.672922,0.753708,0.750980,0.504017,0.743356,0.644159,0.664956,0.672058,0.689054
0.641518,0.706979,0.684236,0.638344,0.528387,0.690555,0.755049,0.681102,0.716327,0.645485
0.654303,0.659896,0.692066,0.651366,0.714569,0.613007,0.698185,0.716506,0.710590,0.683134
0.760849,0.664643,0.554321,0.737958,0.692854,0.736277,0.786482,0.630895,0.678966,0.679214
0.685112,0.705817,0.596364,0.659596,0.319582,0.665617,0.592616,0.676290,0.676942,0.699991
0.703691,0.671355,0.651601,0.676390,0.377869,0.652020,0.675023,0.690996,0.698558,0.699055
0.768132,0.692552,0.670424,0.627320,0.620408,0.831795,0.663061,0.681225,0.694313,0.714489
0.695492,0.725149,0.712042,0.729160,0.699535,0.586923,0.675013,0.696545,0.736987,0.700142
0.652495,0.721592,0.716371,0.652475,0.675392,0.643003,0.681837,0.637400,0.709070,0.690991
0.697368,0.675719,0.730194,0.666885,0.697721,0.638045,0.695940,0.726411,0.695826,0.697064
0.689094,0.690940,0.700321,0.669254,0.508535,0.675564,0.678438,0.708448,0.670487,0.698223
0.721173,0.684726,0.682920,0.708687,0.697700,0.644219,0.680730,0.692032,0.723807,0.693237
0.703262,0.686708,0.701916,0.656877,0.563005,0.809867,0.721533,0.640797,0.713633,0.697939
0.669295,0.704486,0.663968,0.744925,0.541924,0.702033,0.710212,0.768177,0.723605,0.698994
0.703576,0.772406,0.694939,0.748544,0.686581,0.751684,0.723456,0.773865,0.664373,0.714668
0.694364,0.679742,0.686792,0.676296,0.412598,0.627867,0.662382,0.705834,0.692791,0.677167
0.709604,0.730002,0.680129,0.791695,0.553041,0.706908,0.701949,0.645094,0.686743,0.687844
0.685182,0.698814,0.665386,0.722921,0.790708,0.546978,0.739535,0.702303,0.704352,0.691338
0.702281,0.717883,0.695771,0.739578,0.580049,0.816115,0.714727,0.773187,0.720222,0.729424
0.720028,0.706636,0.671679,0.684090,0.611100,0.741968,0.704868,0.697143,0.682491,0.699356
0.675982,0.674338,0.683080,0.673245,0.801691,0.580864,0.664519,0.748701,0.626451,0.676366
0.699310,0.689709,0.665038,0.712616,0.751780,0.698217,0.671235,0.715553,0.686556,0.679963
0.680905,0.656248,0.709424,0.692883,0.558272,0.642331,0.737611,0.669747,0.684051,0.659940
0.664771,0.662617,0.707941,0.681182,0.836885,0.771221,0.719676,0.662886,0.653368,0.702088
0.691195,0.689514,0.713098,0.704531,0.599896,0.639344,0.630796,0.692766,0.681174,0.675130
0.740446,0.712345,0.737461,0.625902,0.759987,0.758426,0.699369,0.736851,0.635890,0.660284
0.671031,0.667093,0.621284,0.740284,0.801674,0.635849,0.663212,0.699078,0.681553,0.694095
0.649237,0.708438,0.715886,0.665284,0.689739,0.725989,0.695091,0.646543,0.724526,0.677651
0.669846,0.715159,0.693781,0.652225,0.604123,0.620015,0.681524,0.674945,0.669796,0.686108
0.707076,0.694467,0.633765,0.694790,0.743565,0.664348,0.758163,0.696197,0.673465,0.668915
0.706787,0.735557,0.694808,0.705356,0.788410,0.566270,0.702566,0.735294,0.695803,0.685955
0.687763,0.699563,0.678522,0.712115,0.862076,0.735189,0.737964,0.713603,0.690004,0.723704
0.704415,0.685573,0.708940,0.628941,0.529937,0.729748,0.726115,0.700350,0.694884,0.705126
0.708169,0.634077,0.665091,0.811616,0.828315,0.609401,0.706842,0.678425,0.688567,0.721910
0.675741,0.700042,0.732381,0.731552,0.649405,0.674022,0.717090,0.714299,0.694821,0.695388
0.703904,0.661990,0.682860,0.691581,0.694383,0.633415,0.669542,0.653453,0.722670,0.668082
0.716946,0.660681,0.675212,0.592073,0.368119,0.763797,0.641318,0.696802,0.691033,0.706032
0.755397,0.625344,0.682766,0.638386,0.630092,0.756642,0.712363,0.700990,0.707014,0.657644
0.722490,0.700814,0.726484,0.730885,0.633947,0.699967,0.717535,0.727753,0.654167,0.667743
0.672505,0.652963,0.717499,0.647597,0.861766,0.689458,0.657057,0.730726,0.709163,0.709459
0.684341,0.615820,0.719128,0.725590,0.582339,0.778788,0.680707,0.665394,0.718518,0.694510
0.740003,0.672513,0.704661,0.645108,0.755446,0.769849,0.715688,0.763378,0.741664,0.666226
0.689922,0.680188,0.741803,0.657411,0.632659,0.678719,0.765229,0.684020,0.683930,0.704157
0.675213,0.682610,0.683465,0.606139,0.683229,0.698012,0.630761,0.671935,0.705805,0.700402
0.733102,0.712534,0.696674,0.732584,0.741322,0.548968,0.685035,0.710699,0.719908,0.663443
0.687487,0.648669,0.630964,0.727841,0.585226,0.731608,0.690156,0.656779,0.660289,0.666883
0.727136,0.731830,0.738900,0.806922,0.780886,0.713343,0.619187,0.677973,0.639004,0.688335
0.689346,0.692132,0.719357,0.658613,0.641345,0.655348,0.696827,0.671742,0.687862,0.708114
0.692711,0.682948,0.671097,0.766377,0.858532,0.661655,0.657590,0.695707,0.682178,0.677813
0.689021,0.708961,0.682231,0.673405,0.788200,0.671507,0.700996,0.703825,0.703002,0.690776
0.611028,0.679146,0.676830,0.712968,0.775260,0.787808,0.702624,0.645871,0.739531,0.672144
0.654708,0.687616,0.676441,0.690171,0.685927,0.712630,0.691456,0.652631,0.678443,0.701994
0.700788,0.719121,0.725106,0.762089,0.736720,0.596002,0.563484,0.694309,0.676168,0.693845
0.731842,0.669376,0.724185,0.661592,0.797831,0.624112,0.640304,0.710200,0.634303,0.745407
0.699717,0.680829,0.726230,0.660171,0.592690,0.717201,0.696807,0.701221,0.691295,0.682594
0.658741,0.755528,0.651740,0.697842,0.541195,0.751907,0.701349,0.645945,0.694621,0.705762
0.708550,0.714949,0.725463,0.688347,0.805097,0.606538,0.689472,0.727789,0.698739,0.698795
0.702702,0.605575,0.708256,0.715497,0.589223,0.627513,0.687148,0.693592,0.686475,0.718940
0.708864,0.680400,0.639822,0.758265,0.608459,0.636408,0.649469,0.689214,0.696655,0.697658
0.745484,0.680822,0.707072,0.614515,0.597922,0.738733,0.653058,0.732149,0.671784,0.718531
0.680744,0.662711,0.691013,0.717200,0.756870,0.587625,0.696149,0.706349,0.678748,0.699121
0.680746,0.692232,0.739436,0.681530,0.650203,0.726028,0.726744,0.688048,0.697082,0.672637
0.723273,0.705886,0.654985,0.729471,0.471589,0.653581,0.715582,0.736966,0.680809,0.691671
0.705644,0.642298,0.703708,0.685255,0.628100,0.742997,0.673289,0.639972,0.735395,0.671779
0.685638,0.668914,0.704163,0.690342,0.662675,0.750357,0.698656,0.695193,0.719852,0.650835
0.644011,0.698672,0.743277,0.692095,0.748883,0.704929,0.663199,0.679673,0.705575,0.700431
0.732458,0.683417,0.736077,0.634200,0.675736,0.687031,0.669509,0.736432,0.694887,0.663751
0.684281,0.712387,0.655439,0.677421,0.511343,0.747550,0.703786,0.729739,0.696055,0.699386
0.711455,0.718284,0.728201,0.609319,0.687754,0.722450,0.725650,0.618848,0.706745,0.682058
0.654937,0.669650,0.678899,0.638665,0.645365,0.720930,0.735239,0.693280,0.679537,0.658383
0.757466,0.727230,0.698587,0.669385,0.548386,0.731139,0.668066,0.688458,0.672307,0.684834
0.735593,0.746407,0.496574,0.597585,0.675606,0.558961,0.596477,0.698782,0.652442,0.660308
0.670652,0.712249,0.765488,0.594045,0.795028,0.702021,0.751075,0.706982,0.640305,0.677256
0.671013,0.697341,0.615782,0.639530,0.761474,0.674879,0.693249,0.718076,0.701822,0.720191
0.684787,0.641711,0.655328,0.674304,0.691179,0.630994,0.675775,0.737622,0.653202,0.667953
0.687714,0.638325,0.699874,0.544738,0.908990,0.692526,0.686264,0.669373,0.722005,0.673213
0.728223,0.688668,0.651409,0.737145,0.647212,0.746703,0.735946,0.764709,0.671877,0.694294
0.714642,0.691207,0.677838,0.619562,0.692539,0.565453,0.665077,0.670807,0.683723,0.717711
0.707196,0.712419,0.698521,0.687107,0.722528,0.546992,0.694879,0.679503,0.709086,0.669253
0.677024,0.699777,0.605675,0.534455,0.495989,0.772162,0.688168,0.704543,0.707127,0.655970
0.701493,0.665604,0.687256,0.696199,0.497238,0.757427,0.703746,0.712196,0.708038,0.707262
0.699265,0.710502,0.688218,0.748169,0.664145,0.507894,0.674981,0.702256,0.735325,0.691586
0.707311,0.635175,0.670609,0.630970,0.629177,0.628995,0.704647,0.687635,0.690171,0.735772
0.716750,0.703626,0.649486,0.767418,0.680252,0.709867,0.589344,0.680604,0.688163,0.676205
0.710968,0.678188,0.669834,0.716715,0.630842,0.803788,0.697288,0.707483,0.700871,0.710056
0.692431,0.724594,0.661942,0.719327,0.871103,0.772813,0.696679,0.673185,0.684325,0.674397
0.661407,0.640742,0.722992,0.787552,0.597616,0.741564,0.705791,0.681489,0.667804,0.706825
0.714969,0.686474,0.655223,0.629575,0.853305,0.739166,0.734761,0.790233,0.722529,0.673464
0.744005,0.683256,0.701817,0.702749,0.960005,0.794608,0.729310,0.721331,0.651247,0.737017
0.741702,0.785579,0.717655,0.683587,0.651906,0.669831,0.724557,0.647687,0.760005,0.699647
0.700443,0.669593,0.737390,0.746176,0.780040,0.786205,0.728183,0.697189,0.718800,0.711611
0.702432,0.686213,0.707922,0.723483,0.672626,0.717648,0.694201,0.759757,0.695680,0.693553
0.652798,0.701123,0.672412,0.670569,0.775103,0.768026,0.668721,0.708914,0.682177,0.703415
0.667586,0.723516,0.646889,0.633355,0.755301,0.583144,0.695326,0.679538,0.735360,0.670919
0.688392,0.674040,0.617505,0.717967,0.569386,0.666022,0.761478,0.709098,0.653153,0.730033
0.736956,0.647566,0.708223,0.603413,0.781905,0.674662,0.684573,0.746406,0.739245,0.678272
0.703372,0.715143,0.712444,0.745901,0.396491,0.691165,0.700123,0.672002,0.693361,0.702385
0.671510,0.703371,0.701653,0.701282,0.817312,0.565363,0.676863,0.751938,0.632411,0.690587
0.703527,0.777426,0.698271,0.779307,0.751874,0.735595,0.700768,0.705395,0.715918,0.691420
0.723756,0.692173,0.663315,0.623307,0.703240,0.779557,0.710794,0.728887,0.683560,0.708670
0.695377,0.700568,0.679995,0.693400,0.474722,0.703344,0.683478,0.663589,0.710292,0.700110
0.718534,0.690541,0.670617,0.687512,0.321031,0.659723,0.694618,0.676552,0.671459,0.682598
0.684258,0.702362,0.640496,0.752598,0.810949,0.715666,0.673628,0.667936,0.713304,0.690612
0.704593,0.723039,0.692596,0.673325,0.926798,0.780654,0.704879,0.716871,0.726277,0.690560
0.694467,0.664595,0.721607,0.759802,0.550399,0.789168,0.679903,0.669429,0.748734,0.682635
0.630347,0.622507,0.661035,0.652441,0.763680,0.604190,0.717867,0.686798,0.652230,0.648798
0.754073,0.742712,0.625725,0.620570,0.743232,0.632652,0.759580,0.730772,0.691598,0.673778
0.691936,0.777243,0.634972,0.731956,0.363946,0.790951,0.700479,0.694802,0.649459,0.779871
0.735037,0.687701,0.634854,0.656122,0.688243,0.742213,0.678944,0.674074,0.741349,0.671489
0.694524,0.729830,0.652374,0.654536,0.542190,0.602740,0.651744,0.702546,0.676903,0.718367
0.688269,0.701075,0.711872,0.669703,0.364336,0.635554,0.692961,0.723400,0.694267,0.672425
0.752807,0.777521,0.685385,0.726615,0.602426,0.674669,0.722148,0.605183,0.696455,0.732865
0.696442,0.675875,0.715574,0.661245,0.549245,0.669187,0.722399,0.673538,0.681743,0.698375
0.675825,0.683507,0.657529,0.681035,0.837200,0.562257,0.689641,0.683009,0.628612,0.706947
0.700158,0.673333,0.634338,0.782843,0.782711,0.741182,0.590165,0.688687,0.681942,0.695174
0.734061,0.699854,0.684408,0.696787,0.535107,0.686056,0.729853,0.745298,0.688211,0.672621
0.663149,0.702519,0.703873,0.703013,0.544256,0.680012,0.684629,0.727114,0.718375,0.635910
0.702965,0.688783,0.705570,0.659624,0.541343,0.686689,0.718347,0.705240,0.690004,0.699738
0.712338,0.628382,0.725545,0.769265,0.936756,0.743207,0.727172,0.685851,0.729278,0.688858
0.724987,0.663337,0.697130,0.716241,0.861656,0.675967,0.691611,0.669969,0.736440,0.655895
0.657342,0.713198,0.675496,0.709900,0.635520,0.745931,0.802967,0.740595,0.716305,0.689055
0.684284,0.697810,0.657935,0.703945,0.724674,0.710526,0.669096,0.756955,0.644173,0.650260
0.693256,0.692050,0.622016,0.743727,0.661236,0.758070,0.573665,0.685839,0.697408,0.694113
0.671841,0.739067,0.688193,0.636820,0.711790,0.633176,0.694922,0.707154,0.728796,0.672680
0.756819,0.721768,0.659813,0.641809,0.765074,0.602903,0.741750,0.718733,0.707094,0.716943
0.749286,0.719739,0.754662,0.707666,0.903229,0.718139,0.696565,0.667543,0.667418,0.730405
0.705769,0.685339,0.729021,0.684016,0.604863,0.652308,0.728812,0.696699,0.704343,0.691470
0.598927,0.656254,0.679148,0.764409,0.589400,0.785526,0.692557,0.672504,0.705005,0.669806
0.689276,0.678537,0.714321,0.705111,0.607666,0.658353,0.658708,0.699433,0.693129,0.675850
0.704758,0.703882,0.735611,0.717947,0.730352,0.592551,0.659218,0.672503,0.632647,0.603772
0.711427,0.692964,0.661387,0.662824,0.641627,0.682051,0.701388,0.695206,0.678356,0.665711
0.693822,0.716389,0.745025,0.666222,0.757969,0.518390,0.735029,0.670534,0.689383,0.682028
0.742167,0.726566,0.708312,0.694666,0.780419,0.720493,0.724336,0.701194,0.720266,0.692750
0.669043,0.649865,0.694299,0.668052,0.666420,0.709706,0.722113,0.672320,0.671814,0.678832
0.726649,0.733151,0.673557,0.798380,0.805123,0.831181,0.682481,0.705169,0.686949,0.726608
0.666644,0.677660,0.687411,0.678016,0.629660,0.696840,0.708652,0.682171,0.681411,0.691455
0.730091,0.705951,0.645896,0.697918,0.756458,0.579557,0.699272,0.692571,0.688115,0.627918
0.673469,0.702943,0.682019,0.665047,0.587753,0.777127,0.681263,0.644584,0.674830,0.681667
0.698089,0.704083,0.708403,0.614952,0.582789,0.743430,0.672448,0.682468,0.700499,0.694188
0.711887,0.689495,0.712988,0.709337,0.507506,0.694082,0.721512,0.679945,0.707115,0.686522
0.733024,0.641894,0.622566,0.689485,0.611679,0.716689,0.628159,0.697694,0.686642,0.657420
0.602979,0.730661,0.673341,0.829659,0.652151,0.725337,0.700842,0.628967,0.750798,0.688401
0.645461,0.718438,0.724450,0.689819,0.728669,0.586431,0.652905,0.732628,0.717793,0.708308
0.724332,0.689008,0.710306,0.784778,0.610411,0.770343,0.711723,0.733170,0.749491,0.690991
0.690282,0.696275,0.687400,0.698404,0.713833,0.704410,0.714113,0.658854,0.707167,0.709372
0.611104,0.706374,0.693433,0.642183,0.956638,0.799148,0.695844,0.752388,0.673990,0.683853
0.712916,0.691904,0.703226,0.658058,0.305454,0.689699,0.675814,0.676403,0.689634,0.697988
0.686686,0.693071,0.668761,0.690965,0.709887,0.787614,0.714890,0.729902,0.682835,0.685120
0.712974,0.598550,0.693330,0.757961,0.717036,0.768422,0.715734,0.640317,0.690723,0.683677
0.705758,0.688166,0.719575,0.650333,0.692614,0.560252,0.626221,0.676012,0.769747,0.671638
0.703605,0.697718,0.729610,0.728962,0.654402,0.662429,0.729146,0.685726,0.664865,0.702812
0.671677,0.654318,0.706031,0.743563,0.682984,0.580604,0.663079,0.703489,0.691622,0.643282
0.710299,0.734540,0.563067,0.677189,0.752746,0.662504,0.668734,0.639296,0.679332,0.655937
0.695793,0.695465,0.737233,0.691915,0.757186,0.723819,0.721225,0.643913,0.684763,0.682479
0.685229,0.688364,0.690783,0.713095,0.829096,0.741702,0.689378,0.636103,0.647324,0.678370
0.729936,0.686767,0.675971,0.776114,0.508758,0.662692,0.711084,0.733521,0.725790,0.624765
0.619770,0.648282,0.761331,0.729960,0.690951,0.491872,0.642237,0.698926,0.710971,0.724175
0.717166,0.708460,0.668287,0.707847,0.567677,0.726920,0.688483,0.682670,0.693604,0.652155
0.680823,0.706416,0.678250,0.695008,0.678223,0.617021,0.607175,0.683702,0.670599,0.718500
0.737474,0.694048,0.663716,0.731842,0.571470,0.677650,0.771244,0.716120,0.707186,0.728941
0.679479,0.689917,0.660146,0.560105,0.761828,0.658639,0.693878,0.692985,0.736844,0.611754
0.705642,0.712532,0.672868,0.583134,0.625772,0.586137,0.694017,0.687461,0.715436,0.686706
0.669084,0.674674,0.714394,0.772875,0.717086,0.707093,0.697643,0.617520,0.629535,0.693019
0.663795,0.691512,0.695689,0.588824,0.580595,0.614121,0.683207,0.651989,0.687639,0.722026
0.709124,0.770254,0.661922,0.755216,0.543340,0.636441,0.681922,0.644393,0.665283,0.702601
0.715246,0.680983,0.647362,0.704458,0.884238,0.749517,0.688278,0.689177,0.698860,0.668330
0.664121,0.724849,0.675503,0.729508,0.533804,0.738128,0.760379,0.611798,0.674656,0.692970
0.726754,0.680124,0.791889,0.717696,0.747043,0.675767,0.739371,0.666185,0.693195,0.638024
0.673929,0.757651,0.711275,0.640383,0.685536,0.753693,0.686881,0.704517,0.695045,0.668330
0.650879,0.627110,0.781125,0.830572,0.729442,0.772634,0.642129,0.599299,0.703053,0.727526
0.717469,0.761708,0.701829,0.745222,0.610098,0.725593,0.576063,0.676920,0.672212,0.731917
0.753214,0.690172,0.744788,0.628619,0.632757,0.703902,0.637742,0.676810,0.654461,0.705573
0.677813,0.695077,0.773257,0.674530,0.604287,0.708738,0.729849,0.679798,0.680026,0.685396
0.720275,0.672646,0.655234,0.731801,0.369621,0.629913,0.674083,0.720111,0.669404,0.695797
0.711044,0.714185,0.697318,0.737788,0.645184,0.704181,0.707120,0.663903,0.698935,0.703737
0.709399,0.719176,0.716958,0.705428,0.528370,0.737205,0.697137,0.722525,0.695445,0.665835
0.705933,0.656891,0.647616,0.635413,0.563266,0.619679,0.747543,0.694551,0.668538,0.717489
0.690200,0.707164,0.647167,0.657063,0.583012,0.749566,0.745214,0.703608,0.682859,0.674595
0.714801,0.709448,0.733751,0.693673,0.526318,0.798455,0.669587,0.677345,0.697157,0.676297
0.690605,0.679704,0.683961,0.749301,0.845115,0.665670,0.679623,0.707315,0.687548,0.694392
0.663187,0.704089,0.627568,0.677475,0.726900,0.816617,0.766854,0.732522,0.682138,0.634556
0.735920,0.680174,0.702608,0.721627,0.476503,0.630503,0.686650,0.705691,0.691167,0.690967
0.738142,0.706273,0.649622,0.657408,0.744394,0.557011,0.697184,0.708914,0.706483,0.669766
0.691569,0.699113,0.693000,0.693820,0.561182,0.692578,0.726321,0.685117,0.680876,0.707256
0.672336,0.684227,0.704901,0.648716,0.541897,0.665434,0.708686,0.672226,0.668711,0.691893
0.673854,0.656707,0.637986,0.689416,0.662266,0.655337,0.665631,0.691470,0.695991,0.689053
0.661725,0.673059,0.699359,0.678414,0.701456,0.822822,0.702582,0.686669,0.694318,0.699593
0.690459,0.661837,0.688595,0.700716,0.813328,0.604693,0.682755,0.678192,0.654037,0.710865
0.696127,0.707141,0.671452,0.646093,0.793228,0.748832,0.678988,0.698635,0.652383,0.714288
0.715691,0.703406,0.740355,0.692912,0.705389,0.712734,0.725577,0.693061,0.697760,0.676489
0.680257,0.660689,0.690074,0.701388,0.822313,0.726910,0.690071,0.711858,0.676370,0.678361
0.706372,0.787235,0.699355,0.683784,0.662646,0.621343,0.674313,0.621995,0.754398,0.685384
0.690777,0.698345,0.690347,0.680836,0.775275,0.747242,0.708261,0.656884,0.680232,0.693713
0.714750,0.707163,0.721849,0.664126,0.691350,0.718813,0.681226,0.710620,0.665919,0.685036
0.743392,0.815869,0.700143,0.702583,0.645559,0.740766,0.669291,0.699464,0.752620,0.672203
0.716492,0.698568,0.700329,0.745943,0.707201,0.737048,0.654291,0.710619,0.719627,0.676651
0.699216,0.701289,0.645527,0.698787,0.779133,0.624994,0.706010,0.659873,0.667699,0.688961
0.768217,0.702524,0.654194,0.753389,0.647540,0.693181,0.763480,0.729157,0.697926,0.701087
0.692794,0.668980,0.727741,0.676909,0.765702,0.757271,0.717488,0.650954,0.670849,0.691308
0.679173,0.716854,0.674056,0.794243,0.789490,0.623589,0.709267,0.661683,0.698737,0.670400
0.686750,0.700465,0.632637,0.695507,0.653479,0.673187,0.626389,0.685708,0.682968,0.692899
0.731741,0.629025,0.656899,0.734277,0.615375,0.607064,0.674730,0.692664,0.731921,0.639450
0.665992,0.733797,0.662118,0.660397,0.686611,0.719385,0.721936,0.712643,0.716184,0.736948
0.653245,0.679773,0.643782,0.681092,0.433157,0.654484,0.701919,0.682477,0.695922,0.707053
0.746967,0.664411,0.604625,0.628724,0.780712,0.653458,0.745417,0.677132,0.636259,0.732790
0.725437,0.648132,0.720885,0.676271,0.673689,0.743881,0.641848,0.716305,0.718664,0.724549
0.697979,0.659215,0.725224,0.759777,0.480100,0.671796,0.709171,0.702880,0.709635,0.688240
0.682506,0.712346,0.674268,0.665038,0.624662,0.678697,0.698492,0.685628,0.699124,0.687028
0.736788,0.723369,0.648414,0.659088,0.659800,0.741340,0.710876,0.685566,0.666144,0.687558
0.710598,0.655233,0.704527,0.695723,0.939274,0.754035,0.700965,0.722957,0.731100,0.680247
0.678411,0.708174,0.657901,0.731615,0.540636,0.770135,0.681921,0.686907,0.711088,0.659795
0.687881,0.746685,0.685567,0.744633,0.538445,0.706354,0.643481,0.671177,0.698059,0.674949
0.719674,0.694752,0.749767,0.743688,0.637216,0.702042,0.634682,0.683765,0.713397,0.695048
0.698593,0.734032,0.641288,0.713578,0.612113,0.573210,0.683014,0.694467,0.724966,0.732709
0.699172,0.751102,0.668546,0.757840,0.639718,0.795347,0.655369,0.684971,0.694552,0.722723
0.638606,0.656097,0.700494,0.584244,0.843420,0.622898,0.673420,0.702624,0.780791,0.627427
0.669646,0.676692,0.679924,0.687360,0.714552,0.578162,0.665455,0.713247,0.713026,0.701163
0.686993,0.697824,0.714243,0.716309,0.663827,0.656458,0.702983,0.695526,0.683911,0.701237
0.714866,0.699677,0.658140,0.730895,0.889708,0.727859,0.693702,0.685566,0.721707,0.742240
0.665662,0.755182,0.663104,0.738936,0.719742,0.642405,0.665739,0.684773,0.673823,0.690918
0.700388,0.641805,0.667787,0.804367,0.500697,0.680709,0.709286,0.667034,0.713202,0.675301
0.676002,0.756351,0.655433,0.680285,0.618713,0.689392,0.741007,0.725741,0.732072,0.701443
0.668991,0.687278,0.678361,0.722125,0.705291,0.642981,0.656653,0.674278,0.681936,0.684219
0.691446,0.702683,0.666003,0.643065,0.538807,0.628289,0.705510,0.665013,0.681352,0.707613
0.585814,0.708263,0.781478,0.630747,0.738013,0.572507,0.601306,0.722510,0.728505,0.695147
0.717525,0.670842,0.696150,0.663313,0.538130,0.623389,0.653039,0.693680,0.718743,0.680068
0.690696,0.630495,0.659006,0.672866,0.648870,0.682999,0.698525,0.740564,0.789510,0.632242
0.703732,0.741114,0.613384,0.692237,0.652232,0.599489,0.657601,0.715333,0.685387,0.686902
0.717474,0.672174,0.709480,0.625755,0.679873,0.586425,0.690627,0.708346,0.697049,0.715706
0.696523,0.647746,0.728830,0.697108,0.595672,0.657807,0.722022,0.665330,0.720161,0.731569
0.741174,0.776337,0.642345,0.722963,0.746662,0.680499,0.730521,0.745949,0.651577,0.689390
0.666841,0.702159,0.668634,0.719764,0.752709,0.717407,0.660105,0.708459,0.666512,0.713546
0.702867,0.663199,0.726040,0.748336,0.838291,0.771618,0.731558,0.698167,0.722090,0.696242
0.688462,0.689556,0.705618,0.680667,0.935199,0.792634,0.624195,0.731177,0.676379,0.666837
0.688146,0.665280,0.726368,0.690926,0.603051,0.708129,0.722314,0.704405,0.714027,0.693428
0.677868,0.683700,0.681210,0.698215,0.784004,0.645000,0.695051,0.740446,0.706031,0.701396
0.705771,0.723996,0.663039,0.717738,0.565729,0.697184,0.709604,0.735146,0.702904,0.659037
0.669628,0.661784,0.708765,0.577712,0.745991,0.644484,0.759811,0.707355,0.698044,0.685161
0.722556,0.720740,0.734957,0.699353,0.599511,0.709663,0.659399,0.645480,0.702552,0.732657
0.662718,0.718219,0.734254,0.771777,0.640607,0.736258,0.756478,0.808237,0.735987,0.687000
0.710158,0.715237,0.637035,0.764611,0.770696,0.728491,0.657532,0.647984,0.665390,0.696385
0.717844,0.680646,0.748318,0.703696,0.817815,0.641739,0.751739,0.704812,0.717953,0.670532
0.694588,0.690787,0.703243,0.759236,0.661903,0.692126,0.764447,0.744952,0.686350,0.695204
0.678265,0.689568,0.737294,0.709693,0.683222,0.717404,0.743762,0.706552,0.691169,0.692978
0.640580,0.699651,0.730587,0.707730,0.594904,0.713994,0.692999,0.680530,0.665694,0.715363
0.757507,0.692107,0.663981,0.616823,0.606835,0.651185,0.674675,0.693909,0.686592,0.698912
0.710994,0.618289,0.630696,0.700390,0.726881,0.665622,0.690841,0.701047,0.670865,0.725369
0.623071,0.708274,0.723841,0.554275,0.868989,0.746401,0.745971,0.798041,0.753820,0.682155
0.674952,0.739663,0.669740,0.610516,0.804160,0.650628,0.685873,0.743933,0.715716,0.666410
0.690083,0.715984,0.745415,0.702650,0.873287,0.791168,0.719168,0.705631,0.664789,0.661628
0.732274,0.774358,0.642446,0.651048,0.725006,0.704831,0.718590,0.612685,0.721351,0.670865
0.692056,0.688357,0.683968,0.759680,0.776019,0.638714,0.665485,0.662174,0.688109,0.694286
0.670795,0.697409,0.716891,0.675450,0.641236,0.542577,0.772181,0.704783,0.710481,0.740087
0.700776,0.715494,0.754396,0.684406,0.790570,0.681799,0.668400,0.664635,0.650391,0.678763
0.687622,0.694947,0.678424,0.691207,0.535169,0.658055,0.674398,0.686676,0.675413,0.694930
0.713272,0.704553,0.673325,0.634062,0.768004,0.585279,0.689640,0.698319,0.716235,0.747446
0.671918,0.697922,0.703145,0.729462,0.595716,0.734127,0.694090,0.774421,0.744358,0.646353
0.675997,0.674501,0.745076,0.714254,0.728453,0.553357,0.679280,0.743153,0.713239,0.655303
0.728675,0.768894,0.678580,0.657622,0.730069,0.694438,0.672853,0.734814,0.723484,0.697287
0.682932,0.640001,0.683963,0.656814,0.703037,0.706790,0.709718,0.742015,0.701854,0.688952
0.703959,0.694101,0.717619,0.646284,0.500568,0.707567,0.736268,0.705464,0.688433,0.684291
0.625015,0.695049,0.717474,0.597423,0.621673,0.600141,0.624493,0.675015,0.750047,0.670334
0.721437,0.707577,0.678896,0.766352,0.789223,0.705636,0.736582,0.733084,0.725936,0.696409
0.676369,0.699279,0.738631,0.778336,0.731671,0.748869,0.662388,0.706901,0.702365,0.742876
0.693281,0.688712,0.745671,0.566480,0.841499,0.764709,0.690834,0.703981,0.753802,0.681418
0.684769,0.656615,0.694138,0.694267,0.607704,0.687526,0.727269,0.667327,0.660255,0.718981
0.753270,0.728866,0.719893,0.735845,0.744520,0.608360,0.668514,0.631214,0.688074,0.674396
0.704695,0.706401,0.688327,0.658390,0.603432,0.641205,0.675810,0.717112,0.717393,0.679275
0.715378,0.643751,0.741138,0.691746,0.671979,0.759856,0.732872,0.689668,0.696141,0.683984
0.695814,0.722020,0.759593,0.726341,0.681571,0.645604,0.741791,0.684189,0.685751,0.671833
0.633030,0.739280,0.567297,0.656788,0.752681,0.678317,0.780315,0.630359,0.701804,0.650450
0.742835,0.721394,0.579294,0.724757,0.680371,0.704882,0.781226,0.708593,0.712874,0.683751
0.665828,0.682427,0.728690,0.707219,0.848568,0.671898,0.675312,0.713419,0.661328,0.700816
0.696870,0.723054,0.664920,0.700218,0.452975,0.688123,0.697851,0.659968,0.709807,0.682836
0.730150,0.669054,0.687361,0.738723,0.901868,0.843408,0.727723,0.686409,0.657722,0.744559
0.706098,0.704975,0.685345,0.688544,0.698592,0.661132,0.698412,0.706764,0.707363,0.716513
0.703275,0.671379,0.813699,0.746575,0.656755,0.666922,0.622798,0.682042,0.697563,0.714545
0.729646,0.735857,0.676894,0.630178,0.725543,0.554146,0.717801,0.696120,0.692913,0.671160
0.713650,0.639624,0.706012,0.621524,0.518298,0.694221,0.626555,0.691331,0.684260,0.744229
0.699148,0.712468,0.695400,0.691112,0.733695,0.637373,0.737458,0.729540,0.682592,0.696880
0.656244,0.739671,0.663379,0.753363,0.724904,0.562487,0.684597,0.711235,0.700619,0.709450
0.702519,0.660723,0.734758,0.717706,0.705448,0.778671,0.770209,0.697709,0.697458,0.686074
0.680807,0.715476,0.666292,0.747041,0.748244,0.633602,0.676348,0.705784,0.697332,0.699419
0.680791,0.762278,0.665845,0.680289,0.651311,0.617651,0.712856,0.690620,0.732813,0.723234
0.706784,0.721411,0.691774,0.718787,0.892427,0.788222,0.688882,0.687842,0.670111,0.713329
0.686140,0.725513,0.659664,0.680537,0.737045,0.569343,0.719776,0.716599,0.685187,0.665179
0.685393,0.696693,0.727687,0.698584,0.647336,0.694958,0.735379,0.693479,0.684192,0.670503
0.690537,0.624640,0.726328,0.746366,0.642381,0.657448,0.650975,0.689376,0.679880,0.664068
0.720483,0.709302,0.770684,0.675765,0.689471,0.711130,0.689225,0.704167,0.675968,0.678043
0.729288,0.666258,0.755157,0.758702,0.554400,0.675635,0.665236,0.698650,0.727157,0.718448
0.696681,0.693559,0.709885,0.655316,0.787390,0.715244,0.702521,0.746462,0.657935,0.706571
0.709199,0.690188,0.642104,0.698336,0.624012,0.764605,0.689963,0.695446,0.669392,0.696199
0.716305,0.738706,0.747231,0.656334,0.739175,0.565223,0.777534,0.668261,0.697873,0.681275
0.639080,0.652665,0.706104,0.524147,0.809920,0.624900,0.617069,0.712406,0.796135,0.636031
0.686309,0.724419,0.715391,0.619083,0.659097,0.557623,0.644495,0.749545,0.729480,0.709343
0.724375,0.703333,0.676446,0.557147,0.832757,0.588462,0.710941,0.757314,0.610133,0.712996
0.715008,0.699483,0.727628,0.682933,0.676525,0.765400,0.675724,0.707926,0.675567,0.660694
0.702069,0.748498,0.666137,0.674075,0.684209,0.625577,0.689870,0.772244,0.725536,0.732592
0.690550,0.694461,0.705430,0.657850,0.780684,0.746682,0.701698,0.722668,0.690919,0.704848
0.707634,0.705820,0.733606,0.760971,0.490594,0.689129,0.695906,0.726066,0.717768,0.666259
0.801849,0.640755,0.653584,0.615067,0.859142,0.695691,0.687646,0.693171,0.650838,0.771583
0.676899,0.707887,0.673232,0.704129,0.569752,0.610991,0.677270,0.674156,0.711911,0.686020
0.727440,0.709320,0.700175,0.723264,0.928631,0.790346,0.739669,0.647369,0.704931,0.701432
0.685871,0.708302,0.632562,0.739462,0.747187,0.610541,0.634331,0.687196,0.714423,0.691467
0.725937,0.616685,0.691021,0.720583,0.404771,0.672637,0.715172,0.701235,0.707887,0.716533
0.711508,0.688928,0.723230,0.664643,0.711942,0.662380,0.669393,0.637977,0.664494,0.672301
0.683679,0.709296,0.672460,0.768267,0.720030,0.661326,0.676763,0.676844,0.703126,0.694457
0.703054,0.666648,0.712515,0.718891,0.592939,0.716723,0.664450,0.685950,0.733528,0.718068
0.685936,0.617996,0.730910,0.689633,0.717759,0.672309,0.722685,0.734210,0.681989,0.698839
0.660867,0.603743,0.663677,0.691528,0.677599,0.665133,0.698037,0.682706,0.710311,0.623276
0.687595,0.740121,0.746350,0.630210,0.706513,0.542489,0.709839,0.718271,0.639415,0.684675
0.652118,0.631127,0.694305,0.666533,0.653662,0.573183,0.643448,0.756207,0.696007,0.725739
0.686943,0.657589,0.683357,0.673718,0.441155,0.596271,0.671005,0.738660,0.690808,0.673030
0.660181,0.657608,0.763377,0.669681,0.656186,0.852548,0.755934,0.728161,0.660688,0.669135
0.681575,0.729140,0.671147,0.693683,0.373537,0.729027,0.674311,0.693439,0.695737,0.704955
0.627611,0.690278,0.734918,0.753286,0.649747,0.783076,0.711190,0.733109,0.702774,0.737132
0.671978,0.639681,0.723247,0.691294,0.689561,0.802644,0.739392,0.624570,0.628635,0.687787
0.710168,0.703471,0.666921,0.693121,0.824051,0.635897,0.752053,0.700730,0.664273,0.701491
0.699825,0.642237,0.677093,0.690241,0.630001,0.629223,0.736759,0.660631,0.695649,0.697641
0.722941,0.702984,0.652889,0.753783,0.668194,0.708443,0.733450,0.721072,0.657419,0.613758
0.663929,0.701479,0.610768,0.700339,0.835266,0.730514,0.621042,0.678909,0.680142,0.717783
0.679179,0.732350,0.684275,0.632400,0.888392,0.728942,0.702626,0.769881,0.672356,0.720815
0.703416,0.706589,0.627786,0.688652,0.751082,0.715640,0.690828,0.699293,0.699221,0.685047
0.686851,0.669114,0.726048,0.608247,0.839480,0.623912,0.644111,0.681199,0.677085,0.653556
0.745735,0.649544,0.637665,0.674119,0.514139,0.703801,0.728403,0.669078,0.665642,0.677303
0.710253,0.655890,0.629772,0.748758,0.751003,0.600945,0.668407,0.699564,0.704402,0.669755
0.701985,0.705760,0.686508,0.708240,0.821782,0.682456,0.689941,0.710208,0.656073,0.755418
0.675795,0.688259,0.695567,0.591606,0.537932,0.699843,0.743764,0.669183,0.659333,0.676840
0.684733,0.589608,0.733671,0.674232,0.679939,0.772418,0.628518,0.634129,0.647731,0.668366
0.757975,0.657086,0.625231,0.721377,0.864875,0.661810,0.755858,0.721447,0.715196,0.741816
0.715857,0.707809,0.699181,0.629928,0.716610,0.659330,0.706379,0.685824,0.764846,0.688246
0.752323,0.644517,0.677717,0.624782,0.633208,0.667501,0.639192,0.642148,0.657550,0.772363
0.755477,0.648985,0.719089,0.653925,0.760493,0.757966,0.721039,0.638860,0.769681,0.684943
0.738543,0.727755,0.688437,0.676411,0.938752,0.820029,0.733917,0.674767,0.635044,0.688143
0.703322,0.668320,0.689642,0.774395,0.762129,0.836068,0.688737,0.688847,0.704917,0.686765
0.669718,0.720520,0.719008,0.675511,0.629691,0.666718,0.681589,0.676830,0.738212,0.692102
0.686156,0.672670,0.701720,0.636471,0.935036,0.761499,0.671757,0.701507,0.735560,0.666634
0.676316,0.659139,0.658913,0.519682,0.895210,0.698231,0.694801,0.741760,0.719878,0.700925
0.695814,0.673872,0.756974,0.720907,0.729799,0.733537,0.752287,0.707660,0.721359,0.676704
0.707764,0.733650,0.685843,0.723873,0.539637,0.669943,0.700617,0.674218,0.720801,0.708350
0.687582,0.689525,0.684004,0.734567,0.647168,0.597261,0.704855,0.716405,0.709164,0.686124
0.686524,0.715460,0.740528,0.739043,0.718830,0.578191,0.666461,0.743886,0.695752,0.688987
0.716129,0.688555,0.686101,0.753468,0.872686,0.623305,0.718637,0.641077,0.728558,0.708726
0.684661,0.713298,0.707681,0.577401,0.713600,0.752817,0.663517,0.712893,0.716903,0.654240
0.700589,0.678824,0.732939,0.584039,0.799284,0.696307,0.727831,0.722259,0.772150,0.689760
0.670566,0.640343,0.703162,0.655653,0.552373,0.653307,0.679341,0.685493,0.705464,0.712148
0.708115,0.653872,0.691368,0.689880,0.817872,0.540976,0.717913,0.735733,0.735723,0.672258
0.694456,0.690271,0.668861,0.697969,0.588372,0.534837,0.719300,0.697871,0.704009,0.686952
0.729849,0.711936,0.707223,0.620750,0.932123,0.782669,0.708946,0.697479,0.620292,0.704490
0.718472,0.654869,0.678435,0.666288,0.908552,0.778461,0.689844,0.701634,0.655510,0.714298
0.649070,0.648054,0.708848,0.795760,0.691279,0.732552,0.694161,0.791667,0.626779,0.673620
0.719355,0.697776,0.681190,0.762975,0.535874,0.664561,0.685017,0.700712,0.725276,0.703532
0.694231,0.661884,0.567563,0.660512,0.626548,0.778846,0.779914,0.636226,0.682755,0.738561
0.734122,0.709521,0.693819,0.574243,0.786684,0.612879,0.683720,0.753739,0.696524,0.709842
0.608027,0.797615,0.715019,0.670063,0.597238,0.682946,0.655786,0.690617,0.739308,0.732322
0.687096,0.700535,0.701467,0.749260,0.500651,0.639155,0.705213,0.742877,0.697028,0.707755
0.653878,0.653573,0.598126,0.811646,0.592289,0.653393,0.665780,0.679105,0.734539,0.754046
0.757254,0.642199,0.697973,0.623566,0.791003,0.622052,0.714727,0.737357,0.652328,0.788651
0.764875,0.780578,0.660858,0.747348,0.799987,0.608548,0.756352,0.642463,0.668417,0.694119
0.700442,0.701213,0.745872,0.737373,0.620840,0.715016,0.769195,0.708629,0.732208,0.718556
0.705731,0.683425,0.712774,0.561402,0.607066,0.646886,0.663307,0.690675,0.644407,0.669579
0.660313,0.683731,0.689288,0.685561,0.739899,0.693100,0.710142,0.670115,0.676505,0.719335
0.695155,0.696963,0.664112,0.663364,0.684361,0.601648,0.657323,0.686876,0.672133,0.663341
0.674856,0.698456,0.721913,0.778698,0.949357,0.747557,0.713818,0.681404,0.650133,0.698023
0.683447,0.669147,0.719055,0.656092,0.555943,0.715342,0.704243,0.711993,0.703208,0.688976
0.729415,0.670984,0.695101,0.705739,0.532641,0.779165,0.681281,0.750337,0.704007,0.700803
0.665834,0.639670,0.617235,0.712324,0.753301,0.597129,0.618581,0.691164,0.630806,0.695933
0.711290,0.721295,0.716747,0.667241,0.637608,0.744425,0.724590,0.673424,0.676085,0.713549
0.672767,0.650803,0.697953,0.760523,0.921702,0.652459,0.724487,0.667814,0.691833,0.706990
0.701759,0.697588,0.665531,0.726395,0.770449,0.736363,0.608709,0.690532,0.709849,0.673503
0.698394,0.605404,0.666635,0.698180,0.637354,0.661211,0.703818,0.711480,0.682097,0.679653
0.759261,0.784290,0.698875,0.683186,0.686162,0.783482,0.688115,0.685066,0.703364,0.727514
0.701991,0.679919,0.688915,0.635160,0.623087,0.672377,0.700512,0.724878,0.707222,0.729444
0.639720,0.714266,0.712691,0.645208,0.752309,0.730685,0.713936,0.678414,0.797892,0.671404
0.692805,0.690254,0.756388,0.770616,0.650129,0.723374,0.684327,0.721766,0.690919,0.750009
0.673418,0.697804,0.765840,0.769010,0.709688,0.713356,0.703040,0.702592,0.743167,0.689117
0.675533,0.679790,0.636963,0.669766,0.735421,0.655273,0.728723,0.649947,0.675872,0.707277
0.731092,0.719403,0.725293,0.682816,0.844918,0.768796,0.664504,0.711425,0.652501,0.680335
0.712207,0.732376,0.609604,0.782412,0.471831,0.641079,0.722338,0.624061,0.688665,0.708614
0.732964,0.668953,0.713265,0.596141,0.906648,0.736839,0.714105,0.790939,0.667205,0.689211
0.672534,0.708783,0.710544,0.668805,0.658518,0.755769,0.730319,0.706993,0.661605,0.705228
0.699504,0.686579,0.733569,0.697653,0.643880,0.665997,0.670007,0.647378,0.760165,0.709194
0.678648,0.685366,0.667753,0.719732,0.709029,0.660056,0.639558,0.717114,0.712463,0.696823
0.680763,0.701579,0.681124,0.765443,0.682996,0.599894,0.703978,0.660602,0.728133,0.714383
0.707203,0.708839,0.649438,0.761771,0.761324,0.572224,0.684765,0.697616,0.684798,0.710889
0.658147,0.730261,0.726537,0.629197,0.576500,0.702640,0.683671,0.692005,0.641830,0.689449
0.720773,0.691468,0.680989,0.715375,0.452032,0.685450,0.675630,0.689632,0.732567,0.698669
0.657738,0.724384,0.657521,0.740261,0.655754,0.657736,0.738609,0.657396,0.711427,0.695307
0.709033,0.710810,0.705389,0.719145,0.721292,0.725274,0.694280,0.717821,0.703059,0.711866
0.698832,0.681092,0.703130,0.675987,0.646162,0.683406,0.703253,0.675511,0.697713,0.704685
0.664590,0.698878,0.697807,0.662426,0.736889,0.752055,0.732818,0.660122,0.707538,0.665890
0.736410,0.665070,0.659618,0.565863,0.708509,0.769120,0.707760,0.681316,0.668235,0.628361
0.663793,0.681337,0.746196,0.724290,0.665435,0.746272,0.689990,0.689464,0.713060,0.715083
0.727179,0.686446,0.741740,0.613416,0.699375,0.639229,0.661956,0.625991,0.659433,0.690294
0.692567,0.658056,0.675988,0.671280,0.626828,0.638816,0.692181,0.681550,0.702223,0.729522
0.687554,0.669297,0.716657,0.703380,0.612363,0.700813,0.667314,0.668235,0.681668,0.689462
0.693282,0.692393,0.747508,0.677275,0.630247,0.720642,0.741229,0.688774,0.704482,0.690501
0.664454,0.660630,0.711686,0.660329,0.721819,0.703063,0.736966,0.672208,0.689607,0.669936
0.675077,0.690032,0.714942,0.621293,0.813558,0.578911,0.665037,0.744643,0.740194,0.664852
0.699306,0.721188,0.729493,0.673057,0.650741,0.735196,0.737881,0.694299,0.710901,0.694383
0.767550,0.735905,0.694603,0.686142,0.696529,0.576297,0.646408,0.636965,0.670714,0.698666
0.724414,0.688909,0.693013,0.789844,0.718197,0.676847,0.736326,0.734543,0.675028,0.678860
0.722609,0.680929,0.706794,0.663540,0.877474,0.701604,0.718140,0.590215,0.690189,0.697096
0.684340,0.665023,0.654416,0.744734,0.513340,0.625169,0.666712,0.708753,0.701868,0.722373
0.676508,0.697385,0.668492,0.649994,0.196722,0.660355,0.655775,0.717454,0.661967,0.687092
0.638807,0.735233,0.659434,0.628657,0.664274,0.755466,0.769249,0.689977,0.646871,0.676822
0.700552,0.736533,0.689006,0.655585,0.692063,0.524251,0.699857,0.658172,0.703166,0.692767
0.695014,0.684220,0.610205,0.665248,0.822048,0.650636,0.777280,0.606434,0.694600,0.741800
0.635082,0.756554,0.715343,0.733519,0.607537,0.664116,0.647968,0.694596,0.776010,0.735582
0.704813,0.713438,0.660341,0.736488,0.310650,0.639933,0.694252,0.763698,0.719205,0.727255
0.634974,0.721879,0.711939,0.666081,0.689453,0.707159,0.698687,0.641628,0.670710,0.667479
0.658949,0.717250,0.659778,0.636898,0.823502,0.746964,0.676121,0.754944,0.639977,0.719336
0.723953,0.653335,0.680140,0.637435,0.812961,0.645818,0.705936,0.774742,0.697022,0.618452
0.668093,0.698111,0.648823,0.699646,0.580821,0.683463,0.743304,0.687556,0.688057,0.699109
0.707185,0.685919,0.664585,0.721701,0.622033,0.672876,0.673640,0.654285,0.714132,0.666831
0.623468,0.676964,0.672756,0.698804,0.668558,0.732929,0.753472,0.646924,0.691547,0.673660
0.735261,0.675285,0.729340,0.709821,0.726593,0.799942,0.740759,0.715305,0.677662,0.687625
0.690823,0.699818,0.707450,0.582838,0.695360,0.707270,0.638372,0.680994,0.686674,0.727734
0.690231,0.731529,0.685407,0.613209,0.463800,0.756788,0.680193,0.688719,0.699656,0.683813
0.731829,0.632768,0.742865,0.677150,0.704952,0.671379,0.703642,0.692656,0.712353,0.695998
0.708153,0.685200,0.686055,0.665606,0.601373,0.718510,0.788966,0.663895,0.706750,0.644379
0.681979,0.726911,0.767134,0.702357,0.494981,0.762599,0.679430,0.790726,0.648420,0.678326
0.716665,0.727714,0.637627,0.631261,0.753872,0.718625,0.742771,0.698616,0.735387,0.699437
0.771507,0.687892,0.590983,0.660860,0.679132,0.624847,0.778636,0.639666,0.616630,0.697659
0.652498,0.732527,0.640867,0.578095,0.772355,0.687025,0.730345,0.624231,0.739993,0.622350
0.693920,0.671353,0.696733,0.713651,0.805155,0.665673,0.616831,0.677039,0.687041,0.658918
0.693054,0.709172,0.716584,0.704127,0.724631,0.717913,0.720711,0.687213,0.682233,0.692283
0.730540,0.681336,0.639928,0.720963,0.567909,0.766376,0.738405,0.746357,0.662744,0.741376
0.689547,0.696882,0.697390,0.666271,0.647230,0.763910,0.664950,0.663359,0.650794,0.679632
0.731846,0.682615,0.709466,0.698153,0.647416,0.764035,0.733704,0.691003,0.686597,0.683964
0.721875,0.695588,0.670469,0.716149,0.738933,0.668763,0.729315,0.744671,0.703240,0.740524
0.721756,0.659450,0.651780,0.764917,0.689988,0.572077,0.653956,0.749596,0.663254,0.712125
0.684338,0.738075,0.686782,0.636491,0.756404,0.630737,0.691883,0.697152,0.662514,0.702707
0.695934,0.714492,0.643660,0.701924,0.737823,0.361955,0.686873,0.755112,0.644715,0.687186
0.721507,0.658823,0.686736,0.706989,0.684987,0.818405,0.732835,0.786152,0.704118,0.660586
0.653708,0.704254,0.694721,0.718755,0.711352,0.785016,0.732592,0.656866,0.691199,0.710243
0.674562,0.726384,0.709094,0.704010,0.682082,0.754052,0.710453,0.656281,0.681806,0.695657
0.674439,0.686439,0.614381,0.711122,0.740190,0.769927,0.662108,0.677607,0.677263,0.696093
0.727302,0.672801,0.645557,0.680149,0.427113,0.683591,0.742033,0.676058,0.679307,0.710209
0.679293,0.686229,0.711314,0.677001,0.507831,0.618153,0.706053,0.690229,0.687692,0.717612
0.674819,0.711580,0.677127,0.669165,0.743283,0.709820,0.707039,0.695353,0.706448,0.716461
0.695359,0.685338,0.668779,0.642719,0.649860,0.671764,0.725937,0.710951,0.666568,0.700912
0.667987,0.711426,0.674327,0.664984,0.667347,0.728842,0.730689,0.767173,0.641203,0.749416
0.721115,0.687651,0.690032,0.740070,0.698800,0.660849,0.727507,0.699907,0.693626,0.725381
0.714596,0.744553,0.714434,0.624018,0.674085,0.714072,0.709412,0.619472,0.693004,0.686441
0.695067,0.718954,0.694623,0.703981,0.778378,0.698795,0.694234,0.699766,0.686970,0.692684
0.680983,0.599498,0.699137,0.612932,0.460687,0.711347,0.648187,0.680763,0.695143,0.724245
0.688769,0.735978,0.650960,0.625595,0.581584,0.665193,0.733464,0.691251,0.681318,0.694184
0.697640,0.705549,0.673019,0.607154,0.639650,0.680555,0.719577,0.619342,0.766439,0.706709
0.689257,0.690713,0.665136,0.612441,0.529116,0.743101,0.716947,0.667761,0.702094,0.662725
0.687584,0.733429,0.694168,0.625585,0.765335,0.720584,0.705372,0.591994,0.716358,0.701059
0.710965,0.699366,0.763966,0.692396,0.849649,0.740234,0.670890,0.669127,0.687222,0.686454
0.697109,0.711202,0.569295,0.672031,0.712969,0.726650,0.613065,0.634993,0.728261,0.691823
0.679008,0.717713,0.722469,0.654665,0.669737,0.610543,0.699511,0.671922,0.706838,0.711035
0.687574,0.684279,0.646671,0.639840,0.725328,0.648132,0.707269,0.720334,0.691463,0.692335
0.704395,0.678718,0.767103,0.687061,0.630290,0.676721,0.750104,0.671750,0.675610,0.689170
0.670237,0.612507,0.679047,0.669843,0.552440,0.717001,0.681234,0.698442,0.695699,0.677313
0.675519,0.680590,0.673819,0.659185,0.892336,0.741292,0.729771,0.695783,0.698964,0.674077
0.679467,0.687160,0.582306,0.694714,0.744287,0.749963,0.529175,0.694031,0.678795,0.676853
0.740964,0.715881,0.688938,0.589423,0.570450,0.651025,0.672110,0.717570,0.796804,0.710409
0.678725,0.739722,0.635293,0.735435,0.610927,0.566819,0.618427,0.683160,0.639899,0.691444
0.661367,0.730188,0.761078,0.651197,0.710030,0.537641,0.659882,0.697361,0.683777,0.654532
0.716675,0.667486,0.652437,0.726267,0.600749,0.817744,0.634107,0.644919,0.700987,0.683140
0.731704,0.717671,0.689779,0.657352,0.609410,0.709523,0.726021,0.683939,0.744588,0.714514
0.668706,0.715555,0.706196,0.654772,0.666436,0.753680,0.674512,0.627743,0.686299,0.691548
0.683764,0.707896,0.692492,0.655063,0.534813,0.668280,0.732061,0.698447,0.684059,0.716197
0.707822,0.721263,0.686721,0.681824,0.482811,0.706797,0.733831,0.678765,0.676195,0.720008
0.657160,0.657155,0.666781,0.700201,0.669382,0.707084,0.752553,0.641966,0.702619,0.659570
0.717270,0.738251,0.686012,0.690848,0.680901,0.629101,0.734476,0.699557,0.723137,0.665368
0.733344,0.669713,0.723408,0.701237,0.553486,0.841646,0.737577,0.597478,0.705932,0.694146
0.820772,0.679650,0.660606,0.664112,0.816817,0.626917,0.694841,0.621787,0.777963,0.741016
0.654834,0.695360,0.709394,0.635162,0.637713,0.723401,0.786378,0.707851,0.708927,0.666483
0.664507,0.690877,0.673512,0.646525,0.934088,0.769770,0.683671,0.709801,0.597686,0.732317
0.660681,0.694285,0.623450,0.702287,0.709991,0.681851,0.755779,0.720700,0.712668,0.732343
0.708793,0.667875,0.668873,0.749080,0.655682,0.796893,0.681247,0.644803,0.679340,0.683875
0.719381,0.632117,0.624447,0.669183,0.525606,0.792858,0.719958,0.725063,0.754762,0.715723
0.684713,0.668149,0.673444,0.749424,0.765801,0.726845,0.720455,0.653201,0.682035,0.656013
0.707971,0.730795,0.715226,0.749438,0.735635,0.745825,0.763554,0.697116,0.723292,0.685748
0.690457,0.680185,0.612613,0.785829,0.784446,0.698253,0.635057,0.686678,0.680681,0.707107
0.675956,0.717198,0.682950,0.763301,0.656796,0.686989,0.714143,0.654297,0.698509,0.714363
0.742767,0.687323,0.698213,0.739355,0.738326,0.810391,0.716967,0.673014,0.703222,0.692467
0.606103,0.688985,0.620422,0.657253,0.747149,0.646242,0.663528,0.669291,0.694933,0.690029
0.715311,0.658757,0.670322,0.630701,0.853433,0.668413,0.683442,0.690623,0.749863,0.704557
0.699245,0.652107,0.686195,0.710564,0.662646,0.675656,0.656396,0.613733,0.739411,0.735132
0.696866,0.620994,0.681041,0.626453,0.557712,0.768021,0.678917,0.759270,0.720628,0.689007
0.727636,0.686894,0.730242,0.702617,0.507464,0.705797,0.682971,0.681745,0.711483,0.688843
0.701463,0.645241,0.675011,0.720956,0.747855,0.742721,0.657872,0.680453,0.711090,0.676024
0.690655,0.638170,0.669481,0.738856,0.541040,0.744474,0.687780,0.722106,0.685796,0.689613
0.676110,0.680433,0.630666,0.607873,0.826632,0.640684,0.717394,0.612434,0.661404,0.727066
0.714267,0.667185,0.687155,0.742570,0.710567,0.660986,0.680512,0.686922,0.743705,0.724434
0.635952,0.706784,0.686444,0.662028,0.874385,0.813918,0.738613,0.703593,0.656827,0.708675
0.671461,0.718666,0.783500,0.563505,0.568598,0.696410,0.712894,0.714098,0.709844,0.685959
0.723494,0.712093,0.676013,0.748014,0.645344,0.704897,0.718552,0.692147,0.694337,0.710358
0.675158,0.695338,0.753599,0.656042,0.680366,0.699526,0.741132,0.672291,0.677225,0.670666
0.722500,0.677672,0.666095,0.661191,0.655782,0.672673,0.702740,0.684144,0.731156,0.642986
0.747220,0.697340,0.739156,0.802203,0.624535,0.642354,0.655012,0.683691,0.718190,0.680047
0.703968,0.690051,0.725115,0.671968,0.601452,0.735837,0.745140,0.723011,0.720879,0.696344
0.673993,0.698319,0.716508,0.751432,0.751651,0.697890,0.683862,0.674751,0.716423,0.697449
0.666626,0.682233,0.705828,0.805900,0.585781,0.685695,0.694470,0.694173,0.684290,0.694961
0.694696,0.686923,0.720041,0.680833,0.614383,0.668986,0.736753,0.680235,0.701900,0.721415
0.723075,0.660066,0.707922,0.699841,0.732341,0.788447,0.673391,0.715296,0.767605,0.694834
0.674245,0.631403,0.698070,0.679709,0.621396,0.803543,0.699031,0.639992,0.690474,0.687498
0.702931,0.710875,0.698430,0.729590,0.555561,0.768570,0.675406,0.722315,0.695668,0.642618
0.689805,0.703250,0.690348,0.655152,0.571863,0.867697,0.653702,0.692279,0.656453,0.657145
0.702403,0.731111,0.669759,0.727364,0.629378,0.516805,0.639928,0.703296,0.665290,0.685189
0.735899,0.768521,0.669126,0.736280,0.715759,0.628647,0.755577,0.727038,0.656110,0.642391
0.676060,0.743134,0.677315,0.684603,0.893830,0.736967,0.697517,0.708929,0.680219,0.719060
0.650475,0.692917,0.703642,0.722566,0.677270,0.766923,0.750603,0.688950,0.700635,0.682000
0.695523,0.689431,0.675044,0.779333,0.764157,0.599583,0.661921,0.664832,0.689740,0.691020
0.638016,0.719825,0.669915,0.669498,0.572297,0.787163,0.713093,0.687551,0.717187,0.656463
0.693334,0.682456,0.681768,0.675494,0.371634,0.645982,0.710912,0.714091,0.678616,0.695085
0.742391,0.636334,0.670280,0.628448,0.684037,0.744935,0.767364,0.642689,0.724473,0.613512
0.674781,0.740295,0.728651,0.758659,0.875388,0.738694,0.713891,0.683889,0.660604,0.648753
0.683000,0.651648,0.690834,0.680178,0.636035,0.656361,0.641639,0.794816,0.746066,0.695444
0.708998,0.745225,0.752757,0.683756,0.647832,0.675695,0.723127,0.700663,0.687850,0.667299
0.680616,0.733411,0.661735,0.708316,0.798789,0.562296,0.678727,0.656544,0.733488,0.688551
0.718899,0.726274,0.710197,0.645298,0.783797,0.490944,0.698291,0.713674,0.681882,0.725494
0.689512,0.704704,0.678348,0.719295,0.597843,0.649722,0.696078,0.708514,0.676986,0.695524
0.704702,0.689600,0.699473,0.704347,0.488857,0.762261,0.698783,0.665019,0.733386,0.659314
0.672252,0.676549,0.728368,0.718829,0.672998,0.777949,0.691737,0.678932,0.733566,0.659841
0.658514,0.615219,0.730739,0.721939,0.457213,0.633186,0.649956,0.676506,0.700219,0.668430
0.704748,0.682242,0.690407,0.777970,0.744906,0.765672,0.690573,0.740532,0.706565,0.710911
0.745628,0.652277,0.715028,0.779661,0.914834,0.705314,0.700786,0.679456,0.711976,0.683532
0.672661,0.729108,0.725055,0.824745,0.625925,0.756310,0.738913,0.752927,0.672577,0.710333
0.673097,0.693021,0.708455,0.674333,0.630609,0.749887,0.684414,0.664409,0.670977,0.708387
0.689948,0.649176,0.659870,0.741036,0.856356,0.679804,0.647408,0.717512,0.710676,0.645829
0.737397,0.701739,0.676002,0.657828,0.636943,0.562123,0.746585,0.703704,0.684911,0.683006
0.703360,0.662929,0.705329,0.696835,0.660181,0.747616,0.696954,0.673420,0.700120,0.703352
0.681941,0.700973,0.678360,0.760523,0.704385,0.644774,0.704538,0.681676,0.711016,0.673016
0.696568,0.641877,0.683653,0.664812,0.675100,0.685536,0.649652,0.724220,0.679676,0.681483
0.672886,0.718290,0.627887,0.693894,0.687255,0.553408,0.723562,0.738964,0.698919,0.715938
0.766433,0.653535,0.698156,0.711897,0.651158,0.620150,0.686364,0.722735,0.648668,0.672822
0.683755,0.632397,0.681165,0.659432,0.697523,0.655159,0.621758,0.719046,0.682215,0.672556
0.698594,0.655298,0.742645,0.787056,0.918537,0.687989,0.692388,0.667470,0.710488,0.709333
0.701631,0.721455,0.680744,0.597730,0.717419,0.613814,0.669124,0.718144,0.704322,0.681028
0.695068,0.687162,0.751177,0.666892,0.747843,0.759640,0.727436,0.686863,0.689231,0.693767
0.701408,0.693546,0.659799,0.717063,0.675095,0.584193,0.663925,0.668911,0.698478,0.670704
0.667914,0.724977,0.677318,0.541743,0.684805,0.684068,0.687886,0.666491,0.730412,0.673581
0.719400,0.672895,0.677044,0.843751,0.565201,0.754384,0.705661,0.744152,0.695366,0.690155
0.692373,0.679744,0.655688,0.796469,0.700483,0.611397,0.663898,0.709899,0.702930,0.689393
0.698345,0.745849,0.733207,0.760392,0.741750,0.656481,0.706355,0.678622,0.667546,0.680515
0.726712,0.631133,0.709576,0.627363,0.600864,0.761238,0.671209,0.693580,0.711352,0.646623
0.682494,0.657929,0.709078,0.805585,0.709278,0.602966,0.697642,0.676812,0.704388,0.684090
0.698353,0.756625,0.706139,0.697662,0.662412,0.662422,0.718345,0.732974,0.694816,0.746795
0.728571,0.764987,0.715827,0.541804,0.723040,0.798977,0.645872,0.707142,0.728123,0.716971
0.693297,0.718062,0.706896,0.813687,0.598772,0.668481,0.726671,0.752496,0.658062,0.666965
0.689649,0.666795,0.661651,0.742225,0.708955,0.543856,0.708702,0.704248,0.640577,0.688645
0.708795,0.679888,0.653483,0.698960,0.595993,0.709233,0.671228,0.744696,0.712501,0.705369
0.710853,0.735407,0.692460,0.591239,0.668259,0.736493,0.756438,0.648784,0.646862,0.694977
0.685775,0.686390,0.681684,0.657144,0.571124,0.635975,0.690615,0.747689,0.674760,0.689382
0.700586,0.724308,0.685777,0.734150,0.682326,0.688315,0.683101,0.688974,0.688070,0.710385
0.679429,0.731087,0.683721,0.716793,0.562907,0.660506,0.708753,0.683276,0.672361,0.694962
0.727454,0.704651,0.685703,0.660200,0.925540,0.797694,0.717959,0.703132,0.636666,0.689615
0.713262,0.718083,0.690274,0.790008,0.622893,0.626623,0.730358,0.669303,0.681374,0.733333
0.703384,0.712005,0.688810,0.660935,0.548960,0.827453,0.702180,0.662584,0.676485,0.713707
0.682871,0.701661,0.737350,0.695364,0.693624,0.737588,0.727373,0.703969,0.701185,0.699229
0.752255,0.697792,0.643995,0.743612,0.664662,0.685954,0.794770,0.711881,0.686319,0.686911
0.678221,0.687958,0.704258,0.661270,0.437663,0.691155,0.686255,0.663221,0.646754,0.675224
0.692784,0.624720,0.686201,0.692053,0.647958,0.680842,0.663289,0.687475,0.694261,0.698853
0.637123,0.779375,0.679431,0.790514,0.681376,0.646966,0.713292,0.720335,0.720489,0.665838
0.668914,0.650057,0.637046,0.702929,0.790306,0.683743,0.635405,0.592560,0.690640,0.687670
0.728350,0.779759,0.655580,0.631481,0.736288,0.762976,0.718367,0.653758,0.747363,0.712107
0.655051,0.698991,0.688576,0.668079,0.740194,0.638028,0.785153,0.663635,0.669833,0.681678
0.684088,0.690829,0.646250,0.724674,0.772499,0.606020,0.679741,0.715643,0.665243,0.699928
0.715450,0.631102,0.723386,0.746485,0.695968,0.715080,0.743038,0.687751,0.733295,0.703363
0.690874,0.748308,0.635233,0.564358,0.677057,0.890082,0.696426,0.702558,0.666209,0.703186
0.691661,0.693982,0.731850,0.696261,0.683244,0.718949,0.663338,0.701640,0.683451,0.691119
0.715703,0.711038,0.681946,0.710929,0.692737,0.704308,0.700576,0.685601,0.713439,0.702016
0.692616,0.668351,0.705865,0.733823,0.737764,0.546411,0.733273,0.704983,0.693116,0.707944
0.720898,0.771439,0.750362,0.639551,0.653163,0.544647,0.659882,0.621931,0.727473,0.707397
0.668536,0.697932,0.677847,0.709581,0.513512,0.818849,0.707148,0.719636,0.681910,0.703159
0.702669,0.673923,0.681545,0.662159,0.686605,0.752173,0.683753,0.721459,0.721471,0.694915
0.724912,0.687639,0.694159,0.576950,0.571660,0.672870,0.664335,0.695899,0.723656,0.701193
0.713828,0.719641,0.703997,0.780044,0.586217,0.758736,0.713060,0.738657,0.715687,0.696628
0.658979,0.670872,0.736019,0.683968,0.637587,0.584757,0.668873,0.750756,0.721629,0.673347
0.716777,0.634836,0.762629,0.680247,0.497487,0.642249,0.631665,0.752889,0.666206,0.696320
0.743936,0.714286,0.674453,0.676342,0.686485,0.620696,0.744907,0.709681,0.650001,0.662075
0.723364,0.721047,0.682626,0.679706,0.761896,0.632915,0.713223,0.721571,0.686854,0.685698
0.638125,0.699384,0.624517,0.592544,0.832600,0.722860,0.725038,0.746033,0.745296,0.721667
0.712078,0.717281,0.755181,0.583516,0.671614,0.695299,0.677620,0.692366,0.705167,0.711982
0.646887,0.670805,0.701711,0.658303,0.567438,0.751952,0.657844,0.693378,0.673520,0.712538
0.670671,0.693219,0.664457,0.692080,0.688964,0.626204,0.646340,0.725027,0.668215,0.686924
0.712465,0.667299,0.691882,0.706075,0.755933,0.791956,0.681528,0.671089,0.692583,0.737189
0.681014,0.681913,0.603555,0.696435,0.799972,0.634863,0.719706,0.614102,0.624440,0.760597
0.692564,0.723972,0.661040,0.665089,0.778400,0.544742,0.724557,0.687531,0.675854,0.693640
0.666210,0.727484,0.674400,0.695328,0.773705,0.773461,0.753981,0.728500,0.678780,0.691222
0.711025,0.749965,0.629491,0.583959,0.640344,0.730790,0.726738,0.686669,0.638289,0.727702
0.667141,0.699538,0.710038,0.637944,0.768543,0.653158,0.695539,0.677441,0.717051,0.660683
0.620420,0.643891,0.698781,0.765385,0.734326,0.615035,0.685108,0.706492,0.654162,0.712894
0.680137,0.688683,0.669963,0.663432,0.573840,0.630177,0.691821,0.687368,0.670709,0.701002
0.675277,0.728838,0.686356,0.633477,0.658351,0.680927,0.652034,0.605696,0.674139,0.669420
0.674028,0.718590,0.634007,0.702411,0.800098,0.750148,0.641208,0.641840,0.685403,0.692082
0.658749,0.747465,0.592466,0.630347,0.704715,0.737135,0.578739,0.706916,0.652446,0.692755
0.675298,0.690044,0.687862,0.688013,0.739760,0.564257,0.682776,0.651855,0.667371,0.716130
0.726148,0.712844,0.694799,0.753984,0.559961,0.682667,0.678576,0.697059,0.685371,0.654173
0.688329,0.744195,0.712000,0.673866,0.696375,0.665724,0.723846,0.711043,0.724557,0.689319
0.713840,0.725663,0.670564,0.666464,0.603539,0.789793,0.688884,0.663209,0.686574,0.694372
0.675594,0.661561,0.671592,0.671841,0.484462,0.631108,0.678400,0.681159,0.733166,0.674571
0.693938,0.672199,0.713283,0.678262,0.648862,0.742396,0.769006,0.657534,0.667448,0.721211
0.725605,0.702116,0.788860,0.671802,0.562374,0.767184,0.630749,0.747552,0.608283,0.723859
0.762829,0.823130,0.661270,0.670155,0.686730,0.635211,0.726378,0.708503,0.736856,0.683235
0.682090,0.676083,0.648814,0.705088,0.576254,0.543647,0.692754,0.662980,0.643538,0.696351
0.690654,0.732051,0.674715,0.601983,0.680417,0.700474,0.725666,0.706077,0.682793,0.627589
0.690292,0.707713,0.746740,0.718081,0.577301,0.700490,0.732399,0.701723,0.685715,0.691889
0.636070,0.715612,0.660471,0.664504,0.615162,0.755176,0.715350,0.744920,0.703871,0.676511
0.661856,0.683654,0.713643,0.682854,0.563192,0.680453,0.675893,0.715782,0.689539,0.664981
0.714373,0.724801,0.703472,0.605034,0.703636,0.620694,0.680600,0.645127,0.713974,0.702898
0.696255,0.683699,0.615665,0.687314,0.651480,0.844335,0.594093,0.667940,0.695840,0.707134
0.681975,0.668077,0.657692,0.749869,0.856832,0.590431,0.657898,0.731929,0.670228,0.695976
0.699233,0.655293,0.691786,0.710992,0.729478,0.636069,0.674363,0.723384,0.711588,0.690980
0.677860,0.646397,0.704561,0.702625,0.468876,0.665078,0.724270,0.663518,0.679103,0.705590
0.712076,0.749434,0.750088,0.629174,0.775729,0.752370,0.748219,0.645675,0.665071,0.662982
0.697932,0.706119,0.653565,0.742991,0.809033,0.564782,0.734227,0.699237,0.717349,0.695081
0.664118,0.699924,0.693928,0.617564,0.797952,0.762698,0.662628,0.641407,0.684351,0.694071
0.698008,0.674429,0.717963,0.741109,0.678226,0.647414,0.622018,0.689859,0.708980,0.661936
0.653826,0.692748,0.682564,0.704435,0.871145,0.749780,0.674787,0.643037,0.677906,0.692436
0.687482,0.747593,0.775695,0.772845,0.596247,0.818659,0.731863,0.713363,0.707227,0.638737
0.673758,0.587609,0.695341,0.688779,0.637722,0.663927,0.662691,0.720144,0.716038,0.695349
0.701707,0.704331,0.604600,0.706148,0.715163,0.683327,0.689488,0.693799,0.680889,0.689701
0.670743,0.656440,0.645708,0.671488,0.731083,0.769388,0.630314,0.683382,0.655150,0.679865
0.682338,0.688169,0.689615,0.721903,0.714364,0.707322,0.742574,0.698592,0.680339,0.683218
0.729243,0.700921,0.711322,0.774064,0.950737,0.782196,0.732869,0.710117,0.707774,0.699628
0.679145,0.745978,0.632182,0.751066,0.714735,0.698818,0.609410,0.688121,0.675485,0.687562
0.694840,0.711087,0.704253,0.664284,0.562522,0.759049,0.706687,0.712022,0.678892,0.688995
0.718693,0.699212,0.688679,0.655235,0.708302,0.658861,0.687162,0.704817,0.721013,0.729829
0.676778,0.704061,0.743732,0.707918,0.695772,0.698849,0.762596,0.666035,0.681401,0.690361
0.734365,0.736339,0.681647,0.673482,0.827811,0.747250,0.704606,0.599208,0.693129,0.668690
0.700728,0.746365,0.714922,0.716074,0.614323,0.651421,0.710059,0.698954,0.692916,0.713659
0.656038,0.666369,0.649002,0.637298,0.740167,0.721668,0.706040,0.688568,0.703032,0.702880
0.659175,0.671040,0.655651,0.720770,0.770972,0.554458,0.630024,0.705863,0.655713,0.691476
0.696959,0.685963,0.731919,0.673770,0.599684,0.594559,0.649794,0.734723,0.685277,0.713981
0.690033,0.693587,0.675037,0.770773,0.862225,0.793364,0.589226,0.721038,0.693316,0.728447
0.759353,0.667425,0.683423,0.481273,0.780850,0.639869,0.649140,0.663743,0.779311,0.694665
0.672946,0.653364,0.620356,0.600164,0.722955,0.841226,0.625008,0.709863,0.672080,0.702388
0.671098,0.639785,0.694762,0.720815,0.541666,0.687528,0.692712,0.678010,0.748950,0.669621
0.666759,0.736958,0.633298,0.714082,0.758147,0.654802,0.741140,0.713018,0.686355,0.745474
0.669958,0.677467,0.621062,0.702153,0.754237,0.629468,0.776351,0.619466,0.684469,0.705807
0.663803,0.710818,0.675218,0.609576,0.887639,0.732315,0.703294,0.732706,0.703052,0.715676
0.670722,0.617077,0.698160,0.762637,0.669069,0.658272,0.719425,0.671184,0.690530,0.744293
0.669571,0.711824,0.738758,0.711904,0.457206,0.738790,0.623846,0.747884,0.667532,0.689322
0.679716,0.695953,0.692927,0.669909,0.787552,0.746415,0.767377,0.668447,0.712510,0.708304
0.703477,0.680070,0.728884,0.636623,0.736208,0.678339,0.695121,0.661164,0.675012,0.726209
0.648824,0.683678,0.759593,0.692505,0.752633,0.740976,0.673374,0.697620,0.736951,0.658699
0.682330,0.679427,0.715572,0.750204,0.538204,0.695797,0.703601,0.705473,0.669304,0.719483
0.680339,0.675597,0.711179,0.672918,0.733651,0.519936,0.657898,0.716470,0.744336,0.714711
0.741869,0.670989,0.690792,0.652673,0.634375,0.764911,0.643759,0.703925,0.672078,0.720518
0.719401,0.586938,0.695851,0.699435,0.635412,0.768013,0.630970,0.752311,0.705153,0.687155
0.707867,0.673395,0.686969,0.716305,0.713716,0.674691,0.630982,0.653053,0.667781,0.672322
0.669254,0.697334,0.706440,0.720684,0.817332,0.699644,0.663369,0.680357,0.661636,0.699922
0.688390,0.700573,0.743920,0.670593,0.679274,0.706673,0.728734,0.676010,0.670140,0.683360
0.698517,0.665852,0.731929,0.721688,0.650387,0.725762,0.711079,0.697102,0.704769,0.695147
0.692215,0.700637,0.691912,0.668816,0.653532,0.656669,0.698761,0.650863,0.701124,0.675057
0.675224,0.685307,0.629158,0.722310,0.874839,0.765290,0.623579,0.693620,0.669915,0.690150
0.711732,0.692820,0.647372,0.761378,0.645808,0.531468,0.681203,0.667862,0.714451,0.695941
0.680037,0.679255,0.675366,0.716077,0.754558,0.679714,0.651983,0.669329,0.672981,0.665726
0.738252,0.685084,0.658884,0.582354,0.681338,0.608685,0.629993,0.689253,0.788300,0.711972
0.653626,0.721446,0.651696,0.743276,0.732520,0.652983,0.716734,0.732773,0.716476,0.672397
0.741117,0.758903,0.675384,0.620180,0.542707,0.672331,0.675349,0.751778,0.680443,0.664415
0.740906,0.710314,0.652987,0.623258,0.653138,0.641006,0.683871,0.738598,0.727488,0.662047
0.686707,0.676106,0.749518,0.713513,0.709528,0.667135,0.695110,0.693823,0.707746,0.752632
0.706786,0.712499,0.655283,0.725819,0.748346,0.764820,0.663771,0.684127,0.742550,0.714813
0.735547,0.709788,0.702460,0.657372,0.721744,0.659472,0.697256,0.677681,0.741043,0.694859
0.668363,0.693771,0.700966,0.615785,0.716605,0.608436,0.602173,0.714590,0.676581,0.721453
0.663240,0.726993,0.627744,0.695844,0.649186,0.671145,0.651042,0.666843,0.691117,0.727974
0.726741,0.728699,0.694480,0.704587,0.795736,0.660252,0.668658,0.731795,0.710542,0.679030
0.679095,0.680828,0.678532,0.663479,0.892268,0.733026,0.727790,0.696062,0.695709,0.674092
0.674835,0.707329,0.722216,0.680278,0.662626,0.745480,0.739005,0.697165,0.725334,0.686858
0.702245,0.691679,0.688204,0.627753,0.536799,0.728428,0.723639,0.704879,0.700378,0.699968
0.682479,0.634980,0.745507,0.723214,0.662572,0.800963,0.747678,0.644679,0.651330,0.674823
0.689152,0.673352,0.708542,0.792914,0.688484,0.706094,0.711924,0.713854,0.718421,0.698541
0.666967,0.659181,0.704435,0.709660,0.674214,0.712211,0.659581,0.692911,0.672746,0.670363
0.721325,0.724898,0.723385,0.590652,0.730721,0.768527,0.679297,0.712021,0.726867,0.699452
0.687174,0.671044,0.728987,0.693884,0.689312,0.746393,0.714319,0.672645,0.673117,0.686742
0.661118,0.677836,0.658407,0.682894,0.782991,0.783011,0.659311,0.674818,0.655805,0.688594
0.696023,0.704120,0.735191,0.663007,0.759092,0.773137,0.771782,0.676678,0.706240,0.681834
0.621645,0.714955,0.756605,0.652189,0.553503,0.706082,0.637986,0.720053,0.735792,0.667373
0.692969,0.624927,0.632623,0.666072,0.652421,0.736370,0.727564,0.731152,0.691393,0.657984
0.701520,0.696734,0.684180,0.639495,0.647991,0.634296,0.684402,0.727160,0.779589,0.703765
0.693981,0.686309,0.665961,0.718254,0.876744,0.740146,0.681578,0.619309,0.702651,0.691512
0.681708,0.668092,0.696991,0.698124,0.676675,0.674475,0.792587,0.655761,0.670772,0.685086
0.679687,0.688253,0.712054,0.682181,0.599603,0.727607,0.670034,0.774089,0.694747,0.685687
0.662287,0.706428,0.646852,0.749930,0.648884,0.669701,0.735091,0.734538,0.728471,0.675755
0.655130,0.707732,0.692809,0.627777,0.604321,0.618913,0.700099,0.726541,0.707953,0.675615
0.652903,0.731229,0.671097,0.721404,0.611797,0.765413,0.729202,0.714793,0.692470,0.703841
0.704332,0.702809,0.710841,0.757579,0.813792,0.655332,0.685846,0.678769,0.666627,0.705576
0.678387,0.709285,0.637427,0.633860,0.602474,0.724200,0.720914,0.719344,0.666867,0.721694
0.677880,0.653049,0.652982,0.770424,0.805014,0.580600,0.706306,0.701881,0.710012,0.691263
0.696203,0.690399,0.661052,0.690159,0.785822,0.713767,0.658110,0.709423,0.698068,0.708125
0.691647,0.673401,0.624941,0.702035,0.739932,0.694236,0.638380,0.721227,0.696506,0.705218
0.767899,0.677914,0.720735,0.767888,0.592479,0.737574,0.651835,0.721454,0.693914,0.737357
0.700800,0.683850,0.747329,0.697217,0.679520,0.720785,0.743829,0.681965,0.691459,0.685822
0.681953,0.722668,0.651228,0.563481,0.622178,0.581463,0.661963,0.675012,0.701617,0.678961
0.666637,0.664694,0.675188,0.721819,0.708725,0.753846,0.584827,0.706435,0.697866,0.649551
0.728518,0.638494,0.690283,0.703770,0.614548,0.663917,0.635800,0.674050,0.740764,0.709293
0.680488,0.670762,0.727826,0.628474,0.766272,0.588885,0.684492,0.721546,0.678398,0.696627
0.748719,0.699874,0.726537,0.796477,0.582159,0.699079,0.713355,0.650298,0.702602,0.671273
0.682161,0.681512,0.702422,0.744047,0.781699,0.609286,0.701626,0.740864,0.684043,0.676152
0.647332,0.611561,0.745036,0.758920,0.690845,0.733235,0.708297,0.681053,0.657024,0.700305
0.747693,0.656471,0.712818,0.672296,0.743397,0.695467,0.676751,0.680425,0.697805,0.693985
0.694880,0.682737,0.665696,0.702581,0.468080,0.665505,0.684366,0.676905,0.688891,0.668095
0.714008,0.686439,0.671813,0.674124,0.590111,0.766398,0.684528,0.671064,0.728990,0.705968
0.725747,0.652885,0.642229,0.621173,0.877625,0.712168,0.705005,0.762676,0.770527,0.696702
0.697404,0.697389,0.663118,0.701909,0.433999,0.709890,0.746044,0.750383,0.683258,0.683455
0.646800,0.719504,0.763209,0.680821,0.656014,0.687888,0.622741,0.727486,0.716117,0.758555
0.655576,0.663072,0.747779,0.683956,0.716239,0.678364,0.767549,0.714365,0.702194,0.687704
0.675627,0.705532,0.708943,0.659781,0.670233,0.749208,0.674733,0.682469,0.675151,0.665933
0.634781,0.645224,0.709831,0.648050,0.709740,0.648200,0.679603,0.672447,0.759356,0.689745
0.709528,0.715109,0.697951,0.746391,0.659710,0.706993,0.687835,0.709508,0.707723,0.687539
0.672619,0.660896,0.692804,0.652346,0.762844,0.742952,0.677167,0.717556,0.668642,0.702259
0.677842,0.677551,0.647492,0.726429,0.793767,0.746633,0.630481,0.713102,0.681210,0.706594
0.793660,0.693256,0.682287,0.622374,0.763111,0.673768,0.738090,0.656337,0.750038,0.712551
0.685473,0.690538,0.732353,0.676624,0.670353,0.718599,0.708198,0.693051,0.699436,0.685425
0.745085,0.695048,0.601101,0.618068,0.673588,0.757255,0.737548,0.618851,0.709489,0.691528
0.688348,0.659652,0.655584,0.764302,0.533879,0.631611,0.689628,0.694864,0.692426,0.676727
0.686949,0.692030,0.700842,0.641727,0.694417,0.716655,0.747350,0.696317,0.679644,0.702355
0.699941,0.662102,0.739474,0.792360,0.572214,0.773932,0.651574,0.773788,0.672602,0.667268
0.703555,0.707260,0.731729,0.737421,0.571869,0.727418,0.704252,0.670271,0.692577,0.698384
0.719176,0.677151,0.694838,0.677756,0.628290,0.708558,0.714833,0.671836,0.737428,0.672789
0.701311,0.671347,0.753160,0.678754,0.818658,0.712451,0.704688,0.670363,0.778044,0.675689
0.693359,0.624753,0.714261,0.638499,0.760897,0.719497,0.691814,0.632891,0.680630,0.687034
0.685140,0.677257,0.646457,0.599698,0.860666,0.774864,0.759213,0.617974,0.733797,0.717316
0.676055,0.730883,0.755406,0.551022,0.694056,0.569249,0.599939,0.666996,0.725106,0.719150
0.677149,0.685518,0.717431,0.673538,0.609174,0.691062,0.704931,0.694404,0.694674,0.694418
0.655043,0.668701,0.642590,0.646399,0.698152,0.800152,0.627843,0.651650,0.698460,0.767546
0.701003,0.682790,0.687972,0.689297,0.650086,0.604612,0.674160,0.698398,0.671531,0.702832
0.675627,0.755493,0.719379,0.700178,0.776579,0.622385,0.694136,0.622413,0.671163,0.672744
0.694279,0.725744,0.640462,0.749725,0.910136,0.808842,0.641816,0.694687,0.679969,0.692992
0.686584,0.723554,0.679876,0.637705,0.684662,0.566612,0.666550,0.693944,0.701906,0.695987
0.678910,0.724923,0.713003,0.715188,0.775343,0.560961,0.643576,0.652985,0.691585,0.654186
0.650395,0.712261,0.718929,0.744945,0.862979,0.666551,0.700044,0.690610,0.680523,0.681657
0.665971,0.647041,0.651744,0.686882,0.661289,0.728929,0.731317,0.665440,0.687347,0.672786
0.712005,0.605703,0.754633,0.633361,0.938227,0.723222,0.661730,0.719996,0.722424,0.650887
0.689039,0.679220,0.746294,0.691829,0.668747,0.692590,0.741952,0.658072,0.687376,0.674980
0.705499,0.709200,0.739694,0.670280,0.655245,0.655899,0.677467,0.684079,0.699645,0.744395
0.685480,0.735676,0.735748,0.659610,0.744002,0.593126,0.683516,0.709049,0.755802,0.710397
0.677565,0.646220,0.677681,0.697937,0.692460,0.585783,0.668181,0.708431,0.687051,0.677509
0.632912,0.668540,0.655426,0.743731,0.653494,0.713704,0.798397,0.706473,0.671125,0.694110
0.717733,0.604668,0.658876,0.672574,0.561906,0.791564,0.659352,0.691267,0.711972,0.688538
0.751454,0.740756,0.641416,0.656180,0.667664,0.659732,0.726223,0.658314,0.692816,0.646430
0.679218,0.655892,0.686686,0.689291,0.614139,0.763007,0.705545,0.743468,0.735248,0.726199
0.672468,0.695032,0.721271,0.658790,0.722067,0.603442,0.667506,0.685180,0.733539,0.724459
0.731844,0.736829,0.686300,0.722054,0.783036,0.773395,0.683428,0.643337,0.725133,0.716512
0.702713,0.654222,0.715535,0.677775,0.546357,0.673576,0.720484,0.691169,0.678438,0.647559
0.665620,0.675249,0.731255,0.619285,0.592752,0.679769,0.651675,0.627831,0.672753,0.690323
0.717924,0.744046,0.670840,0.570229,0.488391,0.566629,0.667396,0.682022,0.701500,0.701494
0.719113,0.702279,0.684793,0.582719,0.675701,0.674134,0.707238,0.745733,0.731209,0.702242
0.686193,0.697771,0.722224,0.710425,0.539586,0.743687,0.701355,0.764582,0.700070,0.664029
0.748080,0.680307,0.744799,0.802760,0.622346,0.636072,0.653940,0.626541,0.715148,0.665613
0.702403,0.711915,0.641573,0.739257,0.699333,0.665044,0.638965,0.702014,0.713403,0.699002
0.664509,0.617081,0.702102,0.641821,0.854470,0.590357,0.614025,0.712866,0.656016,0.634665
0.685814,0.679004,0.692402,0.708287,0.732188,0.639820,0.688207,0.705959,0.672717,0.701716
0.667131,0.694349,0.703385,0.671797,0.545569,0.665583,0.714152,0.684554,0.692780,0.711310
0.701004,0.638104,0.735481,0.766189,0.715702,0.704993,0.699299,0.714718,0.687568,0.689630
0.632979,0.629586,0.708587,0.672000,0.687263,0.658606,0.715856,0.720562,0.664669,0.699879
0.715386,0.672844,0.699938,0.695686,0.655446,0.701717,0.695993,0.703671,0.660234,0.672707
0.702046,0.684303,0.660537,0.679027,0.143422,0.599184,0.665497,0.663742,0.712921,0.701777
0.683931,0.713184,0.687462,0.629967,0.711802,0.544006,0.668250,0.735044,0.667578,0.733374
0.685473,0.819011,0.720485,0.728178,0.737185,0.632080,0.650376,0.746095,0.677742,0.712140
0.726645,0.743264,0.759530,0.637627,0.648135,0.643501,0.640874,0.682474,0.614383,0.660438
0.701016,0.684863,0.777880,0.679904,0.629997,0.741735,0.604883,0.720376,0.673227,0.697245
0.649218,0.650209,0.656197,0.621718,0.654176,0.661155,0.737980,0.660439,0.614442,0.677899
0.691268,0.695749,0.731086,0.726590,0.562723,0.648807,0.679017,0.697315,0.672502,0.645042
0.710839,0.705423,0.730438,0.700420,0.502834,0.702580,0.661738,0.720179,0.658494,0.706632
0.662388,0.708981,0.696936,0.691410,0.617008,0.772263,0.692460,0.663111,0.706217,0.715215
0.699350,0.739190,0.687659,0.667935,0.694733,0.644368,0.685243,0.671397,0.699531,0.704942
0.679741,0.716740,0.686166,0.792768,0.705770,0.684843,0.650857,0.686549,0.703767,0.707563
0.701155,0.719389,0.737568,0.680441,0.573069,0.706891,0.739738,0.677517,0.687175,0.707004
0.701795,0.656494,0.741778,0.633746,0.713166,0.809893,0.633348,0.590134,0.673095,0.663316
0.625776,0.678504,0.581579,0.625068,0.834434,0.680011,0.678583,0.676049,0.676177,0.672076
0.696043,0.717799,0.703984,0.720678,0.695581,0.814340,0.666933,0.711277,0.721612,0.693101
0.656026,0.723876,0.704448,0.589234,0.656560,0.532128,0.626732,0.708026,0.723352,0.683348
0.678788,0.673243,0.652062,0.708076,0.822975,0.657852,0.670563,0.715588,0.684617,0.700202
0.593385,0.702405,0.711572,0.560221,0.816815,0.720347,0.695515,0.708814,0.783236,0.630690
0.709320,0.682995,0.621608,0.729235,0.420325,0.641467,0.604421,0.681420,0.717398,0.684204
0.700659,0.639361,0.714457,0.695103,0.823090,0.756962,0.668344,0.713535,0.695219,0.699502
0.658673,0.706338,0.643239,0.745809,0.909257,0.682178,0.762799,0.659890,0.675982,0.749538
0.679882,0.670688,0.656129,0.803150,0.653279,0.771008,0.739654,0.712112,0.677780,0.770586
0.631836,0.721075,0.640116,0.800596,0.719945,0.659138,0.717102,0.675709,0.685942,0.729821
0.654328,0.669383,0.664427,0.704861,0.415175,0.683153,0.719332,0.767165,0.656116,0.693975
0.682305,0.691102,0.710666,0.667850,0.653800,0.684844,0.724034,0.698511,0.685082,0.707346
0.654968,0.687880,0.694416,0.670645,0.612807,0.747405,0.786386,0.729448,0.733406,0.645383
0.669523,0.717023,0.730676,0.718274,0.540830,0.642708,0.692361,0.697160,0.720161,0.739191
0.681072,0.714539,0.704066,0.683851,0.821433,0.868460,0.711778,0.679289,0.691808,0.705816
0.670782,0.685707,0.647845,0.764577,0.768139,0.729028,0.617010,0.702386,0.700923,0.688481
0.740400,0.772565,0.665219,0.748755,0.705988,0.546548,0.732753,0.670396,0.685877,0.703630
0.657261,0.689982,0.657931,0.671376,0.679401,0.770733,0.774842,0.674366,0.666728,0.659188
0.692439,0.747479,0.733838,0.803671,0.777530,0.709443,0.683195,0.663811,0.699893,0.697709
0.707560,0.677744,0.745037,0.636286,0.740916,0.500289,0.785159,0.718049,0.674458,0.720002
0.693309,0.687316,0.652246,0.719363,0.805058,0.743393,0.622328,0.689802,0.685128,0.673100
0.672971,0.699980,0.678553,0.693327,0.721238,0.587441,0.720413,0.682911,0.679548,0.694924
0.667076,0.669182,0.677293,0.826107,0.552893,0.689852,0.694945,0.673666,0.736672,0.688951
0.682674,0.784907,0.622857,0.524790,0.734138,0.813556,0.701271,0.689165,0.702921,0.758130
0.730131,0.695383,0.711848,0.621923,0.747958,0.550884,0.646946,0.726165,0.691625,0.690154
0.673892,0.754255,0.705399,0.712463,0.749916,0.563909,0.694957,0.704141,0.772742,0.717104
0.732673,0.700264,0.687760,0.627791,0.772840,0.649852,0.711041,0.703263,0.677061,0.664261
0.771158,0.691583,0.634175,0.753797,0.749913,0.612528,0.748478,0.643462,0.736857,0.702479
0.652139,0.696030,0.633296,0.720623,0.763308,0.681712,0.689550,0.682238,0.689570,0.667856
0.694246,0.735654,0.682840,0.674879,0.642881,0.507733,0.675903,0.713212,0.740837,0.715665
0.680593,0.704071,0.653054,0.774985,0.774733,0.698982,0.650680,0.678262,0.673939,0.707004
0.733554,0.670636,0.637310,0.598338,0.698930,0.771181,0.719352,0.731210,0.655594,0.666702
0.711590,0.746192,0.753126,0.679145,0.751567,0.772880,0.648158,0.686861,0.679596,0.718332
0.718990,0.733095,0.687933,0.666026,0.619897,0.593748,0.732227,0.673597,0.728639,0.693421
0.724420,0.741091,0.748683,0.648708,0.648880,0.583916,0.660761,0.714580,0.710813,0.687275
0.659696,0.731323,0.665118,0.775088,0.670877,0.712998,0.750134,0.707546,0.736972,0.684086
0.746819,0.702488,0.690327,0.786818,0.623149,0.698221,0.700575,0.743422,0.727047,0.724586
0.702204,0.692192,0.732810,0.711553,0.760046,0.674928,0.657913,0.667737,0.723755,0.698006
0.663228,0.673909,0.675939,0.707399,0.751380,0.698971,0.647841,0.720562,0.711650,0.694165
0.703246,0.701247,0.688878,0.720603,0.728030,0.614203,0.708546,0.657630,0.731735,0.660975
0.675627,0.673349,0.709746,0.691842,0.863693,0.693792,0.635163,0.708855,0.781584,0.632086
0.685725,0.688513,0.715366,0.621896,0.671799,0.634173,0.640633,0.689875,0.739565,0.692320
0.665212,0.681887,0.723057,0.652771,0.523201,0.861415,0.686274,0.716277,0.673452,0.675579
0.664068,0.652851,0.666175,0.654019,0.735765,0.619238,0.621105,0.732858,0.683994,0.672102
0.673379,0.696776,0.741129,0.685206,0.686987,0.761244,0.674302,0.678505,0.679506,0.679140
0.660995,0.681814,0.743689,0.728842,0.631622,0.774319,0.652761,0.714112,0.673937,0.718956
0.738631,0.708362,0.719937,0.624462,0.720576,0.759465,0.717043,0.721971,0.638063,0.676556
0.722927,0.717805,0.712868,0.716766,0.944555,0.808164,0.714813,0.690471,0.658641,0.671740
0.682181,0.717637,0.661172,0.638427,0.692365,0.739058,0.649008,0.660751,0.706707,0.721466
0.664293,0.690431,0.688535,0.716015,0.611386,0.638072,0.764151,0.696101,0.675098,0.686261
0.695430,0.719001,0.660339,0.732459,0.608417,0.690321,0.725857,0.738618,0.723744,0.641576
0.697277,0.643943,0.631030,0.723188,0.783985,0.703903,0.670000,0.691139,0.663598,0.664761
0.685559,0.682848,0.701240,0.693189,0.736820,0.666582,0.667836,0.700899,0.702327,0.675296
0.608123,0.695897,0.742899,0.685845,0.541253,0.638578,0.651445,0.688441,0.755648,0.737193
0.714831,0.696882,0.724190,0.689135,0.583930,0.711592,0.696883,0.699155,0.652479,0.668177
0.652759,0.692279,0.695871,0.565335,0.846860,0.686651,0.694604,0.709448,0.608398,0.692004
0.729338,0.677685,0.702181,0.746171,0.683277,0.799460,0.698707,0.672089,0.660113,0.679271
0.695376,0.667439,0.658971,0.663482,0.594407,0.658476,0.686917,0.675042,0.666196,0.685252
0.701000,0.697849,0.613831,0.687850,0.799001,0.725007,0.612767,0.703260,0.694375,0.718478
0.685970,0.653758,0.676555,0.723421,0.514035,0.626028,0.716667,0.718771,0.689004,0.685402
0.732678,0.703183,0.642911,0.671035,0.728951,0.520326,0.667855,0.695227,0.736218,0.684937
0.747050,0.672918,0.746592,0.670794,0.640940,0.737741,0.698473,0.664403,0.598544,0.638977
0.688046,0.814770,0.691712,0.765642,0.694072,0.642750,0.669173,0.748895,0.668073,0.637988
0.712641,0.686729,0.658497,0.760407,0.769744,0.727062,0.659629,0.677041,0.723588,0.698482
0.731205,0.723164,0.679477,0.761847,0.551705,0.777255,0.691492,0.646695,0.723181,0.709481
0.696747,0.676046,0.759764,0.715060,0.608929,0.740380,0.773416,0.690896,0.688937,0.708202
0.683490,0.708999,0.733597,0.697753,0.664608,0.706369,0.680063,0.720736,0.721744,0.727839
0.690481,0.645821,0.650453,0.616423,0.575500,0.774059,0.703921,0.714220,0.712132,0.680182
0.674695,0.742270,0.706653,0.711358,0.590539,0.736540,0.725180,0.661242,0.658280,0.688736
0.673815,0.684975,0.748138,0.746817,0.659100,0.707108,0.671551,0.677625,0.752780,0.711495
0.697515,0.716093,0.720061,0.625954,0.646021,0.541661,0.682695,0.666827,0.714738,0.639536
0.696211,0.715247,0.708325,0.685741,0.609607,0.705749,0.687511,0.734518,0.714583,0.719124
0.706109,0.698784,0.722923,0.623257,0.653529,0.718691,0.614008,0.688110,0.761248,0.695348
0.651019,0.649468,0.661247,0.718465,0.831932,0.568382,0.666992,0.724016,0.707257,0.640716
0.694578,0.712294,0.688165,0.636653,0.669286,0.598719,0.678469,0.691153,0.704446,0.681575
0.688693,0.697446,0.678109,0.674738,0.692035,0.685684,0.719795,0.680448,0.666903,0.688573
0.695988,0.690672,0.706175,0.682431,0.674660,0.716406,0.703368,0.684047,0.675046,0.688982
0.675686,0.714085,0.684964,0.716401,0.700356,0.717019,0.714373,0.747933,0.649470,0.696642
0.724179,0.719471,0.709044,0.692195,0.641409,0.852159,0.744865,0.662026,0.700904,0.684443
0.672048,0.718154,0.736798,0.783895,0.806957,0.626635,0.681294,0.699856,0.635373,0.735082
0.691361,0.711644,0.697581,0.676127,0.738315,0.601734,0.654714,0.707196,0.685354,0.703154
0.644961,0.633464,0.716062,0.862132,0.696646,0.630250,0.707727,0.699102,0.706614,0.712551
0.723360,0.661065,0.700678,0.742558,0.780422,0.537818,0.662609,0.703542,0.670992,0.726087
0.722790,0.695954,0.725778,0.767735,0.636485,0.766309,0.513925,0.681143,0.668881,0.757174
0.694184,0.666133,0.676476,0.760450,0.720071,0.702852,0.673883,0.680088,0.706772,0.693694
0.701509,0.678239,0.750486,0.694409,0.560011,0.729851,0.696393,0.643050,0.656037,0.672399
0.658082,0.683878,0.777750,0.571248,0.529711,0.725855,0.703618,0.649141,0.664231,0.719181
0.701244,0.662159,0.677806,0.606715,0.570036,0.851224,0.680613,0.687193,0.717021,0.732251
0.730870,0.704727,0.670626,0.636799,0.788180,0.541982,0.708344,0.770002,0.686468,0.718830
0.687465,0.654170,0.693578,0.560493,0.710663,0.717479,0.661298,0.691283,0.653787,0.668565
0.674824,0.680515,0.798041,0.763054,0.756254,0.759857,0.683084,0.705223,0.687940,0.700726
0.692335,0.782753,0.683210,0.690902,0.694156,0.735820,0.632245,0.700281,0.724952,0.715232
0.711923,0.700634,0.679991,0.724696,0.768851,0.721657,0.695828,0.693788,0.694260,0.692999
0.681437,0.695839,0.714431,0.780421,0.612130,0.623589,0.677098,0.791609,0.630143,0.686300
0.687130,0.607572,0.677346,0.614263,0.598551,0.732502,0.662365,0.696472,0.666970,0.740927
0.688227,0.717568,0.754216,0.688574,0.675635,0.756707,0.672080,0.699576,0.676265,0.683976
0.680254,0.720075,0.654370,0.749615,0.880608,0.657032,0.661325,0.694889,0.657554,0.705613
0.667685,0.713843,0.690074,0.675856,0.464775,0.731843,0.707708,0.687311,0.684595,0.669094
0.705914,0.678356,0.722561,0.762148,0.649740,0.619550,0.665299,0.693227,0.712464,0.697212
0.676820,0.682132,0.651871,0.631386,0.634284,0.790832,0.796313,0.720222,0.689484,0.667803
0.681615,0.708633,0.662218,0.620563,0.182488,0.632503,0.666503,0.652086,0.653728,0.712172
0.694920,0.697452,0.652300,0.678354,0.453887,0.612072,0.710214,0.657964,0.666731,0.705789
0.670650,0.732211,0.771345,0.628282,0.613362,0.622120,0.682671,0.741235,0.715872,0.772732
0.785907,0.703811,0.746244,0.688399,0.753984,0.737011,0.651877,0.652877,0.694688,0.711605
0.664172,0.675563,0.691533,0.726564,0.771001,0.684626,0.761002,0.701454,0.710101,0.690442
0.702118,0.698713,0.628078,0.716492,0.833707,0.755971,0.637437,0.681520,0.684954,0.712732
0.705872,0.710776,0.758445,0.712512,0.674603,0.739343,0.680263,0.750701,0.681909,0.681281
0.725596,0.641478,0.712959,0.694282,0.688539,0.801448,0.669264,0.592092,0.671762,0.679315
0.611710,0.662836,0.585111,0.732914,0.543767,0.718160,0.812570,0.660552,0.722855,0.743889
0.725210,0.719790,0.727011,0.630078,0.603246,0.653066,0.649217,0.692279,0.798621,0.673439
0.645959,0.690572,0.686637,0.725312,0.840189,0.690260,0.718245,0.661915,0.657747,0.708864
0.683097,0.695132,0.747134,0.663993,0.665759,0.712868,0.762834,0.688235,0.674573,0.704266
0.727384,0.716602,0.673205,0.652711,0.598578,0.874930,0.663182,0.668490,0.664553,0.705583
0.698926,0.673737,0.710320,0.615308,0.789159,0.693091,0.698481,0.706408,0.698807,0.689393
0.723712,0.687194,0.706718,0.735305,0.468208,0.767429,0.660868,0.689569,0.689603,0.727479
0.688146,0.603217,0.637619,0.769406,0.485741,0.636253,0.653558,0.677356,0.674405,0.700907
0.694975,0.737700,0.661002,0.622301,0.626504,0.567506,0.650920,0.707902,0.703636,0.695642
0.671091,0.668453,0.680969,0.694045,0.796266,0.634754,0.687402,0.713126,0.700066,0.683384
0.693094,0.702118,0.628611,0.695584,0.821198,0.721250,0.749528,0.696799,0.669388,0.677639
0.699806,0.663058,0.712013,0.633787,0.462731,0.732984,0.720262,0.629713,0.659342,0.684497
0.758518,0.671568,0.720350,0.640147,0.775654,0.671424,0.707327,0.676569,0.766466,0.689724
0.711039,0.737281,0.691901,0.705184,0.559993,0.705408,0.683796,0.688203,0.702267,0.697892
0.682380,0.639259,0.731785,0.749367,0.829351,0.631121,0.695294,0.698075,0.716549,0.704229
0.714645,0.733766,0.754510,0.709149,0.460833,0.817344,0.668142,0.761676,0.680006,0.670010
0.687259,0.714383,0.708912,0.598851,0.707903,0.658935,0.734648,0.752609,0.703242,0.620843
0.684837,0.642947,0.781174,0.679897,0.662834,0.743194,0.707545,0.602480,0.627324,0.670532
0.717499,0.722003,0.677700,0.743402,0.686438,0.619494,0.702994,0.630806,0.714366,0.678944
0.702587,0.696562,0.743825,0.672874,0.641631,0.682324,0.738358,0.689212,0.682609,0.675121
0.695781,0.700489,0.676980,0.697724,0.854196,0.765145,0.684197,0.724027,0.654886,0.687591
0.616689,0.644103,0.675958,0.651018,0.701452,0.729414,0.689537,0.660319,0.762583,0.589938
0.686006,0.701083,0.580459,0.758688,0.832561,0.746429,0.561000,0.693002,0.688973,0.682331
0.681983,0.686627,0.690868,0.740407,0.491109,0.770824,0.708504,0.655263,0.710890,0.717691
0.711704,0.688821,0.673456,0.703798,0.670865,0.684412,0.687957,0.708668,0.707662,0.697345
0.699015,0.751260,0.723844,0.737697,0.862900,0.738814,0.679224,0.689879,0.707293,0.692090
0.738988,0.671075,0.720338,0.673706,0.524825,0.760357,0.669739,0.687053,0.738552,0.658010
0.672305,0.678520,0.687453,0.648550,0.412946,0.644117,0.646932,0.684343,0.705452,0.683343
0.717814,0.716147,0.702429,0.687342,0.511785,0.719319,0.704429,0.766766,0.687322,0.680628
0.639075,0.739779,0.618042,0.684989,0.756097,0.799793,0.647296,0.697284,0.677876,0.685421
0.713744,0.686302,0.763891,0.727355,0.731010,0.729022,0.769678,0.673491,0.718501,0.648778
0.724889,0.660338,0.661178,0.711245,0.528577,0.725495,0.691011,0.746155,0.755709,0.706316
0.697748,0.672708,0.687858,0.686884,0.702857,0.631080,0.693847,0.664493,0.733848,0.698058
0.702314,0.688725,0.731579,0.686611,0.608127,0.784569,0.725613,0.661869,0.702975,0.695782
0.722449,0.730379,0.680044,0.654562,0.753922,0.596553,0.689084,0.717994,0.739276,0.686440
0.691490,0.642522,0.681267,0.653483,0.745454,0.666734,0.712457,0.740543,0.681401,0.660491
0.679809,0.690586,0.741220,0.650773,0.733312,0.654747,0.677141,0.689494,0.699230,0.681938
0.692530,0.664560,0.744980,0.709101,0.734972,0.582511,0.712613,0.720021,0.725974,0.706492
0.680769,0.648134,0.681156,0.751769,0.722920,0.565791,0.686149,0.690966,0.665439,0.695548
0.701361,0.667662,0.687145,0.635911,0.728152,0.541005,0.701542,0.749406,0.683359,0.679733
0.697074,0.712567,0.720074,0.688337,0.601251,0.730882,0.712246,0.674527,0.693778,0.685115
0.712666,0.658986,0.705720,0.635440,0.646690,0.680226,0.719722,0.704829,0.668302,0.696461
0.696518,0.667441,0.700148,0.741038,0.657930,0.625933,0.680304,0.681071,0.697624,0.695505
0.689962,0.660638,0.703910,0.741776,0.686130,0.540820,0.684119,0.762497,0.710710,0.690336
0.653126,0.676749,0.739372,0.673351,0.636883,0.596284,0.676754,0.692848,0.685094,0.707329
0.700214,0.720807,0.631115,0.806506,0.766652,0.725839,0.667545,0.700742,0.731076,0.706985
0.716333,0.671242,0.664270,0.606864,0.775631,0.621883,0.703638,0.709606,0.706902,0.730534
0.709816,0.684742,0.676295,0.615553,0.714063,0.641637,0.672884,0.634343,0.722695,0.693171
0.711557,0.673103,0.668335,0.740238,0.733038,0.514781,0.797863,0.682948,0.704118,0.678271
0.668342,0.674988,0.621766,0.705271,0.742657,0.740512,0.621219,0.671618,0.688083,0.712241
0.682339,0.704875,0.718641,0.640810,0.618763,0.576567,0.710931,0.692829,0.658352,0.678383
0.775402,0.719738,0.744559,0.653772,0.592599,0.815444,0.634168,0.639514,0.660832,0.693218
0.681041,0.692837,0.740625,0.744040,0.728777,0.542863,0.697160,0.681398,0.711849,0.725940
0.675068,0.696611,0.672554,0.743838,0.823171,0.601477,0.688688,0.686172,0.669269,0.681484
0.715812,0.667913,0.715234,0.711090,0.683144,0.597316,0.688585,0.714603,0.671306,0.670936
0.691624,0.643878,0.676350,0.736510,0.667483,0.658703,0.650338,0.664195,0.722067,0.706999
0.698235,0.681042,0.690425,0.783578,0.766030,0.589257,0.724786,0.688872,0.700361,0.694463
0.733511,0.716307,0.700796,0.628436,0.766316,0.549357,0.674445,0.719564,0.712809,0.674037
0.667818,0.733570,0.699986,0.656547,0.645345,0.739204,0.716151,0.689601,0.731717,0.725053
0.694701,0.708222,0.664986,0.652043,0.776268,0.731562,0.691186,0.708285,0.691280,0.698143
0.692910,0.656912,0.717279,0.651911,0.477712,0.653454,0.648035,0.683433,0.727797,0.662943
0.674651,0.688208,0.690383,0.671662,0.688517,0.496425,0.704147,0.724628,0.642849,0.707101
0.699242,0.680247,0.627855,0.578158,0.471474,0.717065,0.719518,0.649607,0.661288,0.701902
0.695644,0.666338,0.650912,0.654729,0.472798,0.650601,0.703693,0.689082,0.678571,0.666830
0.733145,0.654671,0.672524,0.661195,0.722618,0.625054,0.670470,0.726167,0.710208,0.681014
0.722034,0.669857,0.720729,0.781211,0.557342,0.672713,0.724768,0.645229,0.714007,0.674156
0.685478,0.695167,0.699441,0.726837,0.686635,0.709929,0.698529,0.703089,0.709435,0.689952
0.709798,0.693090,0.680178,0.669453,0.539591,0.687935,0.645092,0.689731,0.682235,0.692282
0.684006,0.654882,0.693906,0.710126,0.793139,0.591581,0.655346,0.726173,0.685745,0.683040
0.704856,0.671849,0.603607,0.715935,0.567784,0.652408,0.567596,0.682455,0.709025,0.682618
0.730059,0.651875,0.657818,0.742612,0.669481,0.707988,0.733832,0.722930,0.670721,0.679608
0.698293,0.699505,0.678029,0.668622,0.669372,0.750824,0.733410,0.688269,0.675735,0.697052
0.688147,0.664931,0.757199,0.765775,0.780361,0.625595,0.633444,0.669304,0.735300,0.760717
0.672295,0.683720,0.679266,0.722755,0.567282,0.691587,0.738894,0.672033,0.660468,0.710338
0.665138,0.738736,0.675677,0.674763,0.570025,0.758894,0.706347,0.689734,0.701904,0.729430
0.640647,0.655131,0.722477,0.661037,0.686499,0.725452,0.711767,0.725434,0.717188,0.681289
0.726275,0.621373,0.709702,0.643814,0.746752,0.705021,0.649425,0.728610,0.736165,0.633359
0.681455,0.707257,0.645815,0.750970,0.478247,0.742888,0.734881,0.761579,0.671027,0.729652
0.764565,0.643291,0.732897,0.694484,0.902103,0.753610,0.666817,0.716565,0.719152,0.692489
0.745893,0.734246,0.701144,0.586909,0.614844,0.645351,0.791297,0.704721,0.672508,0.649043
0.776342,0.668816,0.746663,0.627000,0.854919,0.769815,0.703590,0.698709,0.719642,0.620849
0.673353,0.741479,0.650609,0.800632,0.731551,0.699506,0.740954,0.703624,0.701487,0.695043
0.683781,0.698954,0.671065,0.694011,0.495536,0.676964,0.681902,0.685167,0.717836,0.682132
0.704364,0.689228,0.723562,0.603518,0.628803,0.769928,0.601321,0.755332,0.683568,0.691372
0.667191,0.709550,0.686238,0.683634,0.502402,0.704036,0.645778,0.676381,0.726375,0.699008
0.701656,0.596720,0.690068,0.601997,0.644843,0.674525,0.678045,0.686900,0.685347,0.682778
0.757763,0.637060,0.730130,0.650630,0.794305,0.750728,0.750811,0.723526,0.725704,0.689153
0.717170,0.813084,0.675407,0.735998,0.778205,0.608578,0.706731,0.677298,0.690633,0.665391
0.722518,0.697561,0.696292,0.800155,0.663874,0.665140,0.653599,0.624140,0.761230,0.619652
0.645092,0.717907,0.656195,0.662588,0.516953,0.676496,0.702786,0.662250,0.715900,0.712635
0.710205,0.704707,0.677898,0.794251,0.668294,0.603802,0.710506,0.694138,0.697223,0.695532
0.686043,0.734367,0.716258,0.699045,0.746769,0.732220,0.635571,0.708309,0.691626,0.701964
0.700054,0.712447,0.749778,0.688702,0.430264,0.668164,0.678484,0.716297,0.668142,0.724855
0.703015,0.659744,0.706063,0.637418,0.681313,0.759771,0.688624,0.716789,0.638838,0.693630
0.595261,0.710089,0.663141,0.735210,0.608959,0.814133,0.705840,0.726071,0.756537,0.676111
0.725058,0.655258,0.710943,0.735418,0.879596,0.701109,0.628394,0.670196,0.704985,0.657984
0.714945,0.639795,0.677879,0.644584,0.728547,0.715670,0.625641,0.750857,0.656331,0.726672
0.618672,0.677069,0.634177,0.633677,0.460567,0.778147,0.721231,0.703385,0.699833,0.651346
0.646540,0.716875,0.712584,0.614746,0.742496,0.672190,0.636845,0.707602,0.732975,0.679382
0.719649,0.725219,0.635128,0.713800,0.679934,0.657846,0.719512,0.658172,0.721277,0.651074
0.676757,0.702897,0.649968,0.687555,0.714847,0.578916,0.712598,0.719539,0.722111,0.678930
0.640665,0.695970,0.635159,0.674477,0.393807,0.710923,0.696290,0.671936,0.706911,0.679534
0.690724,0.729250,0.731103,0.765183,0.867770,0.713462,0.713847,0.670568,0.699592,0.665026
0.683267,0.678162,0.686618,0.663687,0.634415,0.772213,0.769083,0.691402,0.687069,0.754044
0.699228,0.668702,0.687340,0.774778,0.808183,0.642045,0.669574,0.708907,0.704386,0.696070
0.709014,0.702013,0.732987,0.630052,0.718719,0.717974,0.648204,0.655292,0.700593,0.696541
0.689504,0.610700,0.741954,0.755812,0.711105,0.648072,0.656844,0.668659,0.710024,0.727099
0.735179,0.684930,0.711116,0.779692,0.694476,0.709334,0.685685,0.662243,0.723442,0.637828
0.726713,0.663452,0.490762,0.674085,0.683166,0.746392,0.818270,0.630410,0.701096,0.683037
0.695687,0.637534,0.722992,0.817772,0.710615,0.711312,0.696048,0.727767,0.638522,0.698126
0.676758,0.667109,0.702518,0.693783,0.740148,0.716375,0.735192,0.693362,0.707773,0.715446
0.661427,0.731831,0.734636,0.662277,0.664351,0.561086,0.670943,0.722795,0.728450,0.685666
0.688697,0.697773,0.728731,0.692384,0.767150,0.751759,0.741450,0.698023,0.688898,0.693066
0.698880,0.715349,0.691686,0.666009,0.537707,0.632319,0.683270,0.681035,0.681553,0.691458
0.700011,0.672908,0.731024,0.672959,0.607152,0.681219,0.680693,0.686692,0.692763,0.690771
0.708094,0.700432,0.675869,0.758613,0.590164,0.780867,0.703809,0.707977,0.739144,0.711468
0.706955,0.642162,0.664133,0.705811,0.667397,0.599616,0.679838,0.713995,0.693890,0.693974
0.706120,0.705253,0.678159,0.648104,0.705703,0.713411,0.747485,0.688732,0.660599,0.676185
0.674805,0.660656,0.652490,0.710140,0.824027,0.643622,0.718561,0.661036,0.690105,0.675915
0.662472,0.684539,0.754808,0.604594,0.660148,0.731399,0.657421,0.724880,0.693896,0.739739
0.711219,0.663185,0.735408,0.718868,0.734039,0.722083,0.641579,0.673950,0.707295,0.651551
0.718730,0.727145,0.702082,0.585554,0.727344,0.549762,0.670529,0.678996,0.713081,0.642545
0.722183,0.688774,0.671036,0.779203,0.609355,0.696354,0.736492,0.619432,0.689641,0.658303
0.662524,0.673669,0.727235,0.647995,0.798549,0.508380,0.699399,0.763515,0.680506,0.666051
0.751655,0.747873,0.657761,0.742766,0.646086,0.512202,0.663320,0.687924,0.671110,0.707461
0.558087,0.688952,0.626775,0.639014,0.665807,0.757597,0.681269,0.680067,0.688668,0.644314
0.661699,0.735180,0.680192,0.782832,0.756376,0.552357,0.692751,0.699402,0.710731,0.734920
0.684481,0.726420,0.595913,0.734058,0.576445,0.717717,0.650643,0.694410,0.693773,0.738490
0.699762,0.650073,0.760337,0.678788,0.499084,0.721884,0.779409,0.643358,0.690412,0.642342
0.727927,0.676286,0.670954,0.685251,0.683107,0.683249,0.700146,0.607776,0.686154,0.682562
0.704644,0.686094,0.748378,0.803856,0.821193,0.807252,0.746027,0.703621,0.690591,0.680412
0.689949,0.707049,0.710412,0.664277,0.658512,0.699595,0.705389,0.722197,0.681147,0.728656
0.716419,0.701784,0.661136,0.675638,0.607346,0.793325,0.652078,0.716330,0.727770,0.683593
0.706596,0.710261,0.727967,0.710891,0.779625,0.589014,0.701037,0.602105,0.619552,0.674780
0.666881,0.689065,0.724821,0.684493,0.732525,0.552263,0.649865,0.708186,0.708581,0.704317
0.690048,0.737788,0.662144,0.668068,0.734134,0.581805,0.739306,0.666844,0.737688,0.711489
0.646882,0.662977,0.658714,0.640212,0.614378,0.742588,0.682959,0.720627,0.706072,0.634457
0.672885,0.663655,0.680248,0.759545,0.702535,0.642108,0.622015,0.691259,0.682517,0.683340
0.641964,0.709159,0.704667,0.697508,0.627920,0.742378,0.681107,0.722647,0.662978,0.698377
0.712965,0.676817,0.606010,0.662915,0.826449,0.742746,0.639621,0.763002,0.668197,0.692209
0.716778,0.706869,0.700055,0.663716,0.773441,0.558421,0.666983,0.723454,0.702657,0.711509
0.618039,0.648551,0.699976,0.693727,0.729319,0.601740,0.712499,0.681973,0.704059,0.662623
0.698602,0.698688,0.670697,0.647290,0.457866,0.679073,0.675723,0.693750,0.662939,0.719088
0.774940,0.747479,0.610289,0.721502,0.759669,0.592742,0.752901,0.716277,0.712507,0.733618
0.712366,0.621097,0.644235,0.646338,0.631196,0.748532,0.642031,0.687337,0.731053,0.648449
0.690672,0.674736,0.699110,0.693973,0.613486,0.571607,0.681290,0.624615,0.688268,0.688899
0.684864,0.690252,0.700966,0.631464,0.508437,0.691623,0.710842,0.667351,0.666158,0.694070
0.690717,0.695845,0.612960,0.706386,0.636280,0.670401,0.610807,0.679369,0.685708,0.678742
0.678925,0.707086,0.669710,0.747146,0.728867,0.688880,0.646988,0.678828,0.679923,0.705135
0.690906,0.717800,0.706205,0.664028,0.816732,0.646871,0.667154,0.707497,0.707281,0.691074
0.688714,0.723186,0.707163,0.719931,0.765350,0.729407,0.706487,0.671691,0.683857,0.688258
0.679902,0.690783,0.688064,0.679897,0.335904,0.627444,0.670646,0.660343,0.677207,0.687788
0.688230,0.739273,0.677984,0.664766,0.652757,0.595217,0.674261,0.726202,0.688875,0.701896
0.709736,0.700017,0.657172,0.729601,0.588836,0.895026,0.683588,0.750388,0.710745,0.701597
0.679134,0.678056,0.681400,0.662072,0.579932,0.675216,0.686555,0.705846,0.675232,0.692773
0.731448,0.728561,0.699099,0.713421,0.621793,0.737810,0.685201,0.657739,0.749882,0.690833
0.708031,0.672591,0.683387,0.692844,0.665384,0.558474,0.693284,0.742336,0.687240,0.698196
0.669436,0.674105,0.598971,0.660384,0.401125,0.669876,0.714882,0.642582,0.689779,0.695910
0.705929,0.688244,0.664994,0.712198,0.547944,0.699538,0.670914,0.715749,0.722264,0.671381
0.698755,0.698973,0.653222,0.654583,0.510482,0.718284,0.726135,0.662778,0.680003,0.690101
0.711948,0.687525,0.586615,0.758253,0.719843,0.790078,0.577386,0.691851,0.701576,0.720188
0.702245,0.689991,0.757796,0.694477,0.565405,0.696357,0.749798,0.674764,0.703508,0.721864
0.717082,0.655762,0.721322,0.730657,0.628856,0.720447,0.706168,0.659998,0.711245,0.684570
0.696920,0.781390,0.677330,0.617097,0.722990,0.772508,0.676491,0.803104,0.710677,0.689653
0.688993,0.685650,0.681122,0.762185,0.678702,0.628821,0.653664,0.679190,0.703012,0.699288
0.712100,0.736052,0.689757,0.720185,0.751827,0.569027,0.656919,0.739464,0.726758,0.724091
0.702343,0.659564,0.678337,0.644698,0.618394,0.746361,0.690687,0.699446,0.716505,0.716498
0.679148,0.716639,0.636326,0.642421,0.708344,0.710574,0.614645,0.655845,0.669315,0.699385
0.749593,0.731164,0.690749,0.535567,0.736796,0.824318,0.680245,0.718501,0.705971,0.658425
0.666814,0.682792,0.689571,0.696167,0.488908,0.618617,0.714119,0.659060,0.703652,0.712534
0.704478,0.684464,0.693211,0.712545,0.611768,0.637789,0.642553,0.696253,0.682188,0.696663
0.706110,0.722697,0.689412,0.725658,0.571004,0.691959,0.652068,0.691364,0.687508,0.661778
0.742087,0.730739,0.702097,0.683559,0.954255,0.817334,0.706786,0.682594,0.663693,0.687271
0.696692,0.633435,0.727168,0.636996,0.903879,0.687984,0.709552,0.747779,0.716538,0.667188
0.710350,0.673355,0.676415,0.733775,0.614459,0.808715,0.704734,0.679865,0.725182,0.700695
0.733936,0.694156,0.721476,0.590107,0.546839,0.602825,0.661609,0.633732,0.701836,0.702857
0.627567,0.664081,0.695524,0.579419,0.615470,0.803057,0.685084,0.747703,0.703255,0.699535
0.715159,0.711158,0.708150,0.677874,0.770076,0.620004,0.729422,0.730201,0.666008,0.675884
0.738592,0.710205,0.648820,0.801901,0.553658,0.696224,0.749987,0.751764,0.633715,0.653761
0.695392,0.681634,0.722647,0.692161,0.692932,0.679310,0.717552,0.690876,0.664269,0.717459
0.679721,0.638645,0.708744,0.635881,0.818614,0.728414,0.716705,0.698723,0.663279,0.696334
0.642906,0.672220,0.684144,0.640230,0.525629,0.798088,0.723765,0.773704,0.683213,0.686207
0.686716,0.701465,0.686588,0.713479,0.679526,0.694571,0.698483,0.677060,0.673873,0.686647
0.715109,0.702623,0.719427,0.638838,0.677679,0.591980,0.798728,0.676442,0.713627,0.711093
0.688256,0.689347,0.726967,0.772247,0.861667,0.668746,0.716891,0.637779,0.705863,0.672758
0.697983,0.638546,0.683331,0.716967,0.707806,0.614388,0.683868,0.732431,0.689601,0.748106
0.687087,0.634813,0.703033,0.713134,0.668541,0.669054,0.713734,0.709736,0.692778,0.683246
0.636804,0.660117,0.726589,0.819476,0.770712,0.620330,0.709179,0.656937,0.627263,0.680894
0.718515,0.633717,0.677639,0.616931,0.529778,0.664720,0.702588,0.684649,0.687024,0.700114
0.750081,0.680239,0.671410,0.712530,0.695969,0.787771,0.709225,0.747537,0.737306,0.698477
0.669014,0.802281,0.686717,0.727924,0.771268,0.736066,0.702649,0.700354,0.730593,0.686789
0.685217,0.683950,0.755983,0.719693,0.534944,0.702288,0.708440,0.727600,0.664431,0.702786
0.685432,0.679968,0.648672,0.625763,0.385080,0.688692,0.673184,0.702464,0.700709,0.712256
0.690498,0.677643,0.760428,0.660420,0.587194,0.717787,0.755267,0.692104,0.671722,0.694290
0.654219,0.693041,0.731846,0.677697,0.589539,0.659504,0.651999,0.675999,0.666920,0.697835
0.713588,0.693794,0.721660,0.621782,0.795767,0.649113,0.674309,0.665706,0.611176,0.718375
0.718967,0.670288,0.732047,0.653167,0.862094,0.728873,0.666791,0.602238,0.670993,0.722346
0.672579,0.744086,0.652365,0.707542,0.759599,0.632625,0.678891,0.728287,0.674575,0.715386
0.694580,0.656167,0.756282,0.708033,0.686006,0.700215,0.743992,0.681925,0.694192,0.662179
0.699312,0.738297,0.745409,0.682627,0.523053,0.715179,0.633308,0.691718,0.670627,0.702975
0.700495,0.699162,0.699973,0.611867,0.740597,0.634006,0.670691,0.710404,0.734777,0.700386
0.706506,0.702323,0.645583,0.722280,0.708966,0.777274,0.597122,0.698430,0.655958,0.711062
0.724987,0.667134,0.714305,0.640202,0.657920,0.673240,0.678997,0.683000,0.695120,0.679555
0.744780,0.665486,0.663720,0.716863,0.770801,0.622214,0.724534,0.710688,0.701070,0.744255
0.701974,0.723999,0.673380,0.623982,0.151089,0.675723,0.662514,0.702113,0.687475,0.706048
0.696188,0.738762,0.690246,0.629867,0.747924,0.508964,0.700099,0.706139,0.664134,0.696136
0.727554,0.716414,0.750024,0.712805,0.750686,0.592116,0.661409,0.731223,0.692182,0.702000
0.661289,0.759560,0.709390,0.600048,0.784300,0.670649,0.666749,0.692020,0.674584,0.675947
0.709712,0.686488,0.692553,0.675993,0.593963,0.801159,0.675694,0.654007,0.693898,0.739732
0.662920,0.715580,0.713940,0.692632,0.601131,0.775565,0.673070,0.672151,0.732348,0.734115
0.756007,0.699750,0.730762,0.680704,0.683661,0.637146,0.641156,0.720245,0.691954,0.716532
0.766114,0.689175,0.683238,0.497294,0.780918,0.753556,0.674421,0.666095,0.734569,0.698214
0.710406,0.702845,0.767485,0.691141,0.724776,0.714848,0.732377,0.682428,0.667093,0.695816
0.711818,0.727241,0.684738,0.622305,0.618347,0.817365,0.683492,0.658336,0.702061,0.675916
0.708785,0.712125,0.734747,0.723142,0.658153,0.758049,0.699752,0.672155,0.634241,0.735477
0.690091,0.699317,0.684234,0.709348,0.653607,0.700285,0.685942,0.693207,0.688809,0.688435
0.697002,0.697634,0.750625,0.701002,0.632969,0.675241,0.750184,0.658213,0.688953,0.697836
0.706264,0.702527,0.718077,0.751021,0.728290,0.593928,0.746310,0.686992,0.709596,0.700795
0.688586,0.712249,0.663953,0.653768,0.467713,0.761044,0.706710,0.695428,0.696537,0.688647
0.689912,0.664697,0.691278,0.719264,0.684548,0.617086,0.672656,0.689494,0.697390,0.675353
0.671884,0.656226,0.693803,0.645905,0.662399,0.700700,0.742288,0.664048,0.675270,0.686044
0.723192,0.721012,0.679258,0.637331,0.772001,0.746800,0.712038,0.723858,0.697531,0.687845
0.714237,0.747313,0.681780,0.656121,0.655605,0.807371,0.689424,0.691805,0.623535,0.681215
0.703845,0.676277,0.801987,0.669223,0.667916,0.714586,0.652395,0.616896,0.605536,0.629532
0.746542,0.695246,0.707790,0.788534,0.820163,0.578624,0.745386,0.655137,0.723631,0.740337
0.697597,0.684609,0.693106,0.684911,0.677033,0.667096,0.694858,0.705958,0.692198,0.716824
0.702499,0.720982,0.750578,0.654393,0.712786,0.704019,0.642558,0.763988,0.729238,0.683444
0.679831,0.686399,0.647475,0.696784,0.710642,0.717441,0.648296,0.695997,0.679590,0.694313
0.633714,0.714707,0.698501,0.724663,0.861964,0.749840,0.704463,0.578161,0.705718,0.644670
0.645521,0.698808,0.749235,0.642437,0.694242,0.650332,0.699897,0.725721,0.759029,0.704072
0.680368,0.676725,0.686910,0.649491,0.704769,0.614049,0.638874,0.706617,0.703638,0.679530
0.744214,0.659585,0.651965,0.652967,0.767610,0.652757,0.744796,0.698278,0.739021,0.708995
0.744826,0.696066,0.724836,0.735975,0.820158,0.769066,0.726623,0.682739,0.677433,0.658666
0.686745,0.720124,0.667681,0.548345,0.687152,0.557605,0.678678,0.582214,0.729228,0.678844
0.666410,0.668632,0.640126,0.721859,0.784623,0.647027,0.759230,0.663986,0.685530,0.706471
0.726562,0.655853,0.708555,0.680564,0.688244,0.668631,0.702744,0.637731,0.732304,0.663801
0.662717,0.719892,0.717755,0.623782,0.819110,0.563788,0.634731,0.696028,0.689875,0.666131
0.672488,0.634867,0.677370,0.729488,0.583886,0.763469,0.690524,0.647270,0.684072,0.722280
0.667010,0.675432,0.711092,0.745948,0.692446,0.782293,0.681624,0.701627,0.698006,0.697294
0.678516,0.669153,0.650000,0.769719,0.573045,0.594594,0.661323,0.673051,0.732369,0.718479
0.672679,0.722254,0.626946,0.677455,0.882336,0.773572,0.610387,0.699093,0.618608,0.682134
0.667157,0.717282,0.761818,0.681549,0.768430,0.691535,0.758055,0.658910,0.651824,0.693563
0.682367,0.692459,0.718839,0.660694,0.690981,0.694275,0.737736,0.702336,0.676675,0.726111
0.699585,0.665903,0.702431,0.668116,0.646278,0.644682,0.728556,0.702918,0.729975,0.700130
0.685089,0.684812,0.717586,0.666341,0.560390,0.649054,0.721714,0.680228,0.686702,0.689962
0.703290,0.710390,0.770446,0.659276,0.648087,0.662638,0.589340,0.655662,0.759534,0.735995
0.679514,0.646902,0.650079,0.679410,0.794921,0.694338,0.671888,0.731111,0.675967,0.704552
0.633565,0.723959,0.679716,0.645888,0.525462,0.667339,0.702411,0.707979,0.684189,0.711102
0.702561,0.687370,0.769349,0.696648,0.756954,0.750222,0.782494,0.679860,0.697895,0.695848
0.640006,0.672960,0.670989,0.637444,0.854310,0.785735,0.699612,0.760660,0.674832,0.683347
0.743224,0.696927,0.657750,0.629165,0.697491,0.610246,0.719759,0.720780,0.675480,0.660495
0.700707,0.735162,0.716027,0.730428,0.631422,0.732555,0.727360,0.705814,0.692241,0.710953
0.609062,0.623341,0.673075,0.701145,0.783997,0.652468,0.667568,0.715308,0.692753,0.614317
0.738693,0.739779,0.709164,0.740439,0.838531,0.597088,0.680350,0.646733,0.685793,0.692904
0.672309,0.706746,0.699639,0.659184,0.627751,0.696828,0.691191,0.689560,0.668912,0.704015
0.692470,0.681540,0.659161,0.695534,0.791874,0.724028,0.657649,0.690004,0.675362,0.673460
0.716783,0.633855,0.685623,0.773370,0.717776,0.769048,0.660496,0.692863,0.704120,0.743031
0.726343,0.667951,0.642131,0.761136,0.717077,0.806797,0.739816,0.729918,0.679779,0.664226
0.708186,0.687210,0.699495,0.680907,0.329781,0.669307,0.622373,0.645702,0.665400,0.685511
0.683478,0.706583,0.711390,0.708960,0.904532,0.787986,0.643980,0.725689,0.653298,0.630252
0.689109,0.598132,0.685234,0.711050,0.559928,0.644866,0.666620,0.687317,0.696766,0.748195
0.703356,0.647431,0.703261,0.721667,0.696341,0.689062,0.671054,0.665280,0.720392,0.684279
0.714494,0.633899,0.749071,0.699147,0.878553,0.714270,0.664649,0.702515,0.692292,0.631790
0.696681,0.699619,0.717070,0.729832,0.695881,0.689167,0.697422,0.697919,0.665499,0.704075
0.660856,0.683429,0.777052,0.679573,0.542080,0.724473,0.703378,0.680320,0.704499,0.711538
0.695396,0.684021,0.659749,0.702623,0.737019,0.768865,0.699561,0.707485,0.687510,0.687947
0.722242,0.771025,0.630248,0.649895,0.563008,0.638322,0.592715,0.687488,0.701438,0.693171
0.746085,0.695200,0.675912,0.644444,0.826459,0.630531,0.730282,0.709149,0.684824,0.754418
0.676309,0.718387,0.796152,0.704284,0.662228,0.648594,0.785909,0.705141,0.666112,0.704100
0.688178,0.705531,0.701781,0.645587,0.580335,0.664565,0.664061,0.681314,0.691673,0.701751
0.687208,0.706958,0.700280,0.677582,0.714276,0.713652,0.695147,0.687998,0.683186,0.706319
0.736048,0.740566,0.643872,0.662313,0.714530,0.580654,0.733708,0.693906,0.685007,0.694752
0.727235,0.709158,0.698356,0.566719,0.711608,0.780518,0.775925,0.678089,0.666048,0.725306
0.710467,0.652565,0.684308,0.682976,0.551893,0.778410,0.693601,0.749809,0.730990,0.661978
0.672718,0.693555,0.754577,0.754568,0.709060,0.783515,0.730554,0.809428,0.654792,0.662985
0.692969,0.676847,0.684847,0.692117,0.649109,0.796959,0.707261,0.727213,0.750438,0.701095
0.752631,0.683891,0.649350,0.766586,0.748501,0.694773,0.734082,0.711386,0.733353,0.718553
0.669685,0.688149,0.679810,0.679883,0.737552,0.695920,0.642100,0.688154,0.678593,0.681714
0.705005,0.697190,0.681702,0.743989,0.822387,0.746221,0.719659,0.737677,0.702314,0.688488
0.654380,0.686418,0.716095,0.608201,0.717400,0.668275,0.693368,0.677286,0.697197,0.700385
0.714550,0.657784,0.697924,0.592773,0.702480,0.763625,0.729147,0.645385,0.632636,0.626071
0.694618,0.640026,0.702799,0.675379,0.568236,0.636049,0.626462,0.653886,0.697702,0.702746
0.780889,0.690739,0.689684,0.660522,0.723069,0.511792,0.701242,0.703957,0.640820,0.658885
0.678664,0.734759,0.779311,0.626044,0.862670,0.762281,0.608171,0.708403,0.671547,0.648517
0.650194,0.636220,0.602156,0.616286,0.709393,0.799697,0.734558,0.625403,0.714063,0.692313
0.670776,0.702630,0.632597,0.718923,0.735180,0.688087,0.746851,0.743747,0.693544,0.700429
0.676740,0.704922,0.602732,0.663850,0.505077,0.692762,0.694347,0.717188,0.693738,0.673068
0.723164,0.716591,0.637528,0.632825,0.635738,0.563701,0.666318,0.683061,0.708606,0.684609
0.770606,0.805272,0.656154,0.731222,0.801263,0.632946,0.765300,0.704195,0.660834,0.725626
0.711437,0.723172,0.748942,0.632304,0.619317,0.794232,0.782430,0.662599,0.689818,0.658127
0.674060,0.699802,0.717955,0.670395,0.801639,0.733933,0.751375,0.685826,0.703080,0.719165
0.702177,0.727398,0.692132,0.744284,0.555906,0.591623,0.698505,0.685042,0.695359,0.681774
0.697520,0.735963,0.751966,0.713935,0.648595,0.641642,0.681745,0.676166,0.691719,0.714233
0.694969,0.679352,0.626772,0.720955,0.839444,0.750586,0.589539,0.694134,0.681309,0.689971
0.744397,0.722753,0.633626,0.579616,0.718343,0.723112,0.705245,0.725181,0.646463,0.694049
0.715357,0.741212,0.649256,0.696283,0.764476,0.762236,0.643329,0.669745,0.683299,0.674003
0.693576,0.734434,0.686566,0.668056,0.630672,0.706671,0.637444,0.693276,0.704329,0.698819
0.712692,0.685322,0.756328,0.682415,0.707587,0.710055,0.703759,0.634786,0.664773,0.702052
0.723877,0.672681,0.687831,0.748623,0.618848,0.670293,0.715795,0.629442,0.788091,0.654414
0.728480,0.682658,0.682560,0.610798,0.709787,0.740164,0.703464,0.744884,0.679982,0.706847
0.683282,0.726187,0.690995,0.761384,0.820684,0.707601,0.691381,0.696047,0.695872,0.713336
0.708443,0.699902,0.652262,0.703553,0.509755,0.723472,0.713139,0.688165,0.694569,0.738438
0.703124,0.695243,0.658266,0.697207,0.455025,0.695915,0.687845,0.685567,0.716954,0.661364
0.719526,0.712341,0.667475,0.723040,0.808902,0.586186,0.732919,0.737397,0.716966,0.648230
0.695486,0.668903,0.707564,0.703384,0.738141,0.782666,0.683186,0.732967,0.776585,0.706711
0.720916,0.590345,0.707205,0.676620,0.828207,0.712310,0.651821,0.719031,0.703188,0.694096
0.676392,0.648421,0.675411,0.693402,0.854077,0.655429,0.707840,0.737048,0.708718,0.697182
0.700500,0.680445,0.590907,0.730392,0.661331,0.528138,0.752756,0.669381,0.693346,0.768023
0.678375,0.634322,0.757173,0.746945,0.639265,0.725974,0.699997,0.688227,0.691841,0.683760
0.735316,0.682829,0.642848,0.571654,0.612211,0.730945,0.693528,0.776643,0.678732,0.688658
0.658045,0.669643,0.707598,0.605259,0.543265,0.701923,0.616385,0.727084,0.721670,0.687873
0.606966,0.703296,0.731202,0.647779,0.904953,0.786793,0.686936,0.658956,0.715835,0.679591
0.704429,0.759699,0.720383,0.677606,0.788665,0.572877,0.707829,0.691712,0.704395,0.691994
0.740853,0.709561,0.694634,0.667055,0.648427,0.670729,0.701434,0.694181,0.713550,0.640663
0.682477,0.727889,0.708063,0.712981,0.676689,0.733124,0.677196,0.728260,0.698006,0.706061
0.715517,0.689622,0.658433,0.738481,0.564852,0.638054,0.675144,0.688928,0.671267,0.675529
0.693515,0.725331,0.699544,0.756040,0.619786,0.706962,0.655556,0.703408,0.696600,0.677318
0.657013,0.649916,0.666883,0.684750,0.809440,0.585051,0.694087,0.716810,0.689335,0.693689
0.682998,0.691301,0.679286,0.695934,0.725036,0.629441,0.707345,0.686744,0.658778,0.694567
0.702955,0.732546,0.704475,0.758344,0.563077,0.734136,0.689469,0.703614,0.686610,0.664372
0.676084,0.710376,0.700027,0.647597,0.625669,0.635381,0.672787,0.608599,0.662864,0.654528
0.724842,0.673884,0.564038,0.737630,0.603149,0.677819,0.786031,0.686667,0.662719,0.705627
0.697294,0.683308,0.675425,0.666134,0.955960,0.783406,0.694719,0.735297,0.701451,0.709573
0.715250,0.751401,0.768256,0.724754,0.787766,0.696994,0.795363,0.681720,0.609046,0.671711
0.718529,0.728178,0.644719,0.693015,0.688770,0.586808,0.672878,0.700074,0.687266,0.686124
0.704423,0.719708,0.754688,0.723695,0.685997,0.712935,0.645054,0.694741,0.652116,0.641113
0.759424,0.641419,0.680362,0.639620,0.853008,0.617565,0.699199,0.643577,0.682200,0.752456
0.685862,0.702157,0.644680,0.667663,0.712594,0.765667,0.633505,0.708190,0.665705,0.694607
0.758413,0.745451,0.720680,0.569540,0.843943,0.802386,0.695406,0.701793,0.680920,0.660871
0.651713,0.737230,0.742468,0.690227,0.629583,0.646865,0.685117,0.708855,0.741555,0.677312
0.706527,0.697482,0.703038,0.684505,0.818266,0.810560,0.729586,0.730520,0.713163,0.695267
0.709710,0.700585,0.728149,0.681619,0.713405,0.667127,0.701673,0.697812,0.694302,0.701136
0.689264,0.665707,0.698655,0.725596,0.808738,0.634515,0.710249,0.711674,0.711530,0.709001
0.662509,0.717158,0.721855,0.744618,0.904773,0.676791,0.751516,0.616643,0.682586,0.700389
0.681686,0.714221,0.682842,0.674081,0.649503,0.717205,0.705823,0.700596,0.669274,0.679969
0.667702,0.699385,0.704407,0.645105,0.721215,0.547805,0.685644,0.758558,0.709698,0.675429
0.706863,0.691506,0.739945,0.686358,0.698790,0.717517,0.711126,0.632986,0.697014,0.702380
0.695476,0.744598,0.670790,0.711974,0.861658,0.716003,0.709674,0.692969,0.709528,0.682541
0.715023,0.726022,0.768637,0.657907,0.672888,0.585475,0.629396,0.712304,0.708451,0.687777
0.704870,0.730058,0.694736,0.690863,0.656958,0.596013,0.669226,0.657439,0.717184,0.705784
0.691904,0.712047,0.714751,0.697912,0.660478,0.661291,0.692465,0.670415,0.722413,0.663722
0.671904,0.677036,0.644192,0.687150,0.801293,0.738021,0.644921,0.715756,0.677195,0.682424
0.675059,0.689891,0.657198,0.700400,0.731576,0.717500,0.737412,0.673091,0.693718,0.675062
0.674332,0.700654,0.677098,0.574938,0.687654,0.584769,0.665336,0.616757,0.716548,0.663270
0.676131,0.744311,0.704496,0.720088,0.767563,0.771125,0.687688,0.671806,0.694262,0.668409
0.690918,0.695460,0.708022,0.668823,0.927763,0.806061,0.711583,0.699684,0.680676,0.717257
0.671578,0.647765,0.655697,0.686149,0.877492,0.650275,0.667105,0.681861,0.667086,0.711020
0.676108,0.694817,0.665144,0.748496,0.737689,0.604379,0.675124,0.698191,0.686232,0.687450
0.677061,0.739916,0.627596,0.803665,0.621629,0.712234,0.639353,0.644308,0.670944,0.693411
0.713961,0.719238,0.612124,0.682620,0.670134,0.632300,0.703908,0.659790,0.677588,0.711235
0.726364,0.700820,0.678794,0.586557,0.748905,0.584746,0.718899,0.690553,0.703924,0.728676
0.660142,0.676359,0.673060,0.675893,0.582951,0.739448,0.691401,0.670739,0.650606,0.688740
0.692582,0.725489,0.678650,0.652144,0.409954,0.731420,0.673061,0.672518,0.674271,0.716733
0.669578,0.740118,0.667761,0.575786,0.667964,0.769546,0.702330,0.699208,0.704513,0.714664
0.762019,0.725768,0.637592,0.608730,0.704154,0.680588,0.725206,0.717156,0.657096,0.720263
0.713097,0.631807,0.765092,0.692647,0.784404,0.688819,0.627987,0.744450,0.757218,0.731243
0.715267,0.683072,0.760812,0.702806,0.685440,0.696229,0.705953,0.684885,0.673593,0.710282
0.750865,0.714139,0.625167,0.655666,0.727148,0.639394,0.704448,0.717352,0.670935,0.682482
0.709911,0.701462,0.633989,0.665521,0.555171,0.690218,0.732484,0.664787,0.667596,0.672257
0.684563,0.715796,0.660246,0.770945,0.638000,0.707861,0.669897,0.760435,0.667199,0.683768
0.701130,0.685217,0.707294,0.639494,0.847573,0.570746,0.705014,0.752945,0.669811,0.695357
0.706911,0.666397,0.766854,0.653961,0.493102,0.683685,0.572205,0.623433,0.650733,0.697098
0.676081,0.704525,0.629399,0.687402,0.719304,0.711976,0.637338,0.661647,0.644513,0.721277
0.713100,0.646150,0.695443,0.737471,0.926603,0.648508,0.726707,0.693534,0.711591,0.733133
0.716153,0.742597,0.676735,0.646989,0.681705,0.640714,0.705603,0.673918,0.706859,0.696863
0.714492,0.626457,0.648653,0.590559,0.632621,0.830062,0.678686,0.745311,0.723487,0.712450
0.654635,0.722263,0.680939,0.643560,0.693556,0.571327,0.660667,0.620578,0.758991,0.698249
0.652042,0.708668,0.624722,0.652030,0.607888,0.638578,0.657504,0.703120,0.700242,0.728112
0.707932,0.625349,0.832074,0.691901,0.826609,0.676678,0.612746,0.726686,0.736105,0.646128
0.726999,0.693350,0.635123,0.648846,0.814644,0.659451,0.695878,0.676697,0.735463,0.704429
0.718611,0.692178,0.606148,0.636880,0.785964,0.681338,0.755558,0.634931,0.666137,0.699847
0.690339,0.619075,0.619067,0.734839,0.661903,0.688157,0.727581,0.703027,0.727216,0.679403
0.747853,0.637731,0.642245,0.634228,0.658082,0.745430,0.708674,0.701649,0.715214,0.674841
0.719084,0.687395,0.687464,0.653082,0.348584,0.693727,0.655924,0.721081,0.682799,0.705869
0.654945,0.672079,0.632304,0.642258,0.807042,0.672717,0.764298,0.628074,0.676868,0.675428
0.687882,0.716786,0.654348,0.639527,0.624632,0.734017,0.670466,0.643660,0.646842,0.695472
0.723664,0.697685,0.679202,0.712101,0.604702,0.675671,0.696738,0.691229,0.725511,0.679449
0.707696,0.675658,0.684788,0.691704,0.611708,0.739368,0.696231,0.727643,0.740222,0.727176
0.673453,0.734121,0.692394,0.751856,0.896257,0.746115,0.697276,0.660703,0.687727,0.705360
0.710749,0.693113,0.698784,0.639411,0.785988,0.667674,0.657802,0.720759,0.686989,0.714199
0.759440,0.663843,0.704619,0.667864,0.831110,0.663224,0.675690,0.658737,0.750581,0.649281
0.680548,0.669950,0.714112,0.721487,0.810938,0.760128,0.697428,0.688694,0.656841,0.678739
0.739681,0.743769,0.621837,0.703410,0.748098,0.647145,0.765236,0.737190,0.688380,0.666337
0.686171,0.669055,0.639380,0.736440,0.638782,0.733951,0.722567,0.676443,0.696533,0.714060
0.683205,0.672968,0.653747,0.681502,0.527703,0.713930,0.713198,0.685390,0.702365,0.722241
0.665445,0.700363,0.660524,0.645119,0.601319,0.665323,0.746575,0.709643,0.725079,0.662985
0.679252,0.688648,0.740615,0.628429,0.744585,0.622364,0.645343,0.684560,0.700476,0.724311
0.630563,0.677963,0.727218,0.688615,0.660563,0.713876,0.733414,0.737594,0.723839,0.694874
0.592497,0.712419,0.704303,0.660200,0.905137,0.792722,0.694206,0.684210,0.744170,0.665580
0.685316,0.707827,0.732215,0.679718,0.635239,0.661581,0.753297,0.726018,0.706765,0.674448
0.675110,0.714009,0.724918,0.760462,0.860927,0.551884,0.708891,0.687440,0.667982,0.680982
0.684170,0.671210,0.682442,0.641366,0.751525,0.718131,0.673651,0.727000,0.707890,0.709207
0.735175,0.689042,0.668029,0.608859,0.784727,0.624485,0.622379,0.726189,0.743325,0.701874
0.710376,0.720657,0.680480,0.643850,0.932421,0.809520,0.712567,0.691918,0.634880,0.689236
0.712477,0.678961,0.694896,0.657970,0.689691,0.678083,0.629574,0.706222,0.754730,0.704985
0.723788,0.689258,0.693585,0.765726,0.622668,0.780390,0.716316,0.734429,0.695735,0.680983
0.709274,0.623836,0.675338,0.735948,0.501314,0.706584,0.672971,0.660216,0.710810,0.727788
0.700061,0.729301,0.685985,0.719687,0.565295,0.629333,0.706633,0.701945,0.706328,0.700997
0.675180,0.729742,0.664696,0.709227,0.341347,0.703409,0.684083,0.686642,0.699463,0.691757
0.728740,0.660317,0.702176,0.785662,0.899348,0.613925,0.687763,0.715488,0.708467,0.709815
0.695692,0.664330,0.733569,0.681910,0.636232,0.814855,0.709913,0.669847,0.698669,0.687697
0.706833,0.708156,0.685964,0.708619,0.796240,0.795321,0.708451,0.668953,0.664702,0.685004
0.750442,0.675012,0.746622,0.723574,0.736303,0.804374,0.663199,0.729626,0.682416,0.741530
0.694155,0.657138,0.648122,0.688259,0.749565,0.673064,0.626811,0.715908,0.706246,0.670708
0.670319,0.681100,0.739431,0.692198,0.667393,0.704595,0.733287,0.706686,0.691268,0.696843
0.731834,0.659810,0.672452,0.698509,0.475179,0.693564,0.649825,0.699170,0.717402,0.686104
0.689090,0.648982,0.715322,0.730831,0.810970,0.677654,0.704419,0.671027,0.703675,0.684586
0.661748,0.704507,0.696632,0.667220,0.550363,0.693313,0.688198,0.659721,0.684926,0.692494
0.716906,0.702803,0.705616,0.662943,0.616325,0.682363,0.734166,0.701044,0.657959,0.696375
0.664044,0.691545,0.807251,0.686848,0.621786,0.675842,0.596424,0.695117,0.705312,0.707351
0.689454,0.729094,0.654060,0.721981,0.673936,0.702979,0.639223,0.687676,0.702540,0.693607
0.703882,0.741386,0.596303,0.733525,0.596030,0.831893,0.739506,0.699629,0.712809,0.741337
0.634970,0.684583,0.700487,0.617971,0.439339,0.521112,0.721298,0.685017,0.671266,0.705783
0.627066,0.739044,0.705445,0.634167,0.610093,0.702972,0.702529,0.710436,0.709732,0.704489
0.713843,0.748801,0.710407,0.738121,0.723156,0.815274,0.632792,0.704405,0.663227,0.723839
0.710613,0.680123,0.640522,0.731353,0.797083,0.663278,0.599905,0.661605,0.661515,0.748540
0.650512,0.627084,0.715689,0.767312,0.560556,0.649982,0.671397,0.688494,0.688727,0.635529
0.715011,0.712259,0.701815,0.652391,0.746607,0.579232,0.689275,0.681548,0.758195,0.736265
0.656560,0.686586,0.615395,0.725883,0.732645,0.515657,0.683722,0.701514,0.655811,0.672248
0.695397,0.614198,0.690907,0.673872,0.577805,0.760158,0.737929,0.744337,0.713812,0.642515
0.653493,0.728356,0.691279,0.696169,0.778088,0.632295,0.716113,0.718498,0.692335,0.655679
0.686701,0.649733,0.730857,0.727863,0.642336,0.696402,0.678081,0.672459,0.664955,0.729475
0.645935,0.725621,0.700577,0.719428,0.661977,0.642948,0.736179,0.716456,0.712576,0.703252
0.688204,0.782668,0.713362,0.658383,0.710027,0.676795,0.786960,0.694008,0.712529,0.718992
0.702038,0.698235,0.641687,0.722004,0.607176,0.690138,0.644816,0.673243,0.707353,0.704406
0.685319,0.717422,0.722776,0.668880,0.590142,0.734992,0.718190,0.676662,0.690582,0.693438
0.702961,0.793561,0.693133,0.594425,0.852124,0.772227,0.708036,0.726274,0.666682,0.688056
0.736511,0.649067,0.728793,0.725105,0.895293,0.761422,0.733146,0.657721,0.691774,0.728626
0.693357,0.687602,0.723097,0.807663,0.690247,0.795369,0.772838,0.721000,0.666823,0.681019
0.719101,0.659503,0.778890,0.682437,0.574043,0.733972,0.652462,0.673186,0.641667,0.681804
0.692870,0.713777,0.696697,0.708890,0.606948,0.689799,0.710721,0.690483,0.705198,0.707901
0.685922,0.699406,0.664672,0.685969,0.825406,0.524136,0.721787,0.748100,0.703122,0.697568
0.674787,0.704083,0.658048,0.711397,0.755108,0.657883,0.636491,0.709986,0.668104,0.692839
0.685826,0.701944,0.612514,0.707307,0.514452,0.658953,0.721366,0.715865,0.639325,0.715198
0.704990,0.706835,0.687256,0.670622,0.592886,0.756709,0.730699,0.688423,0.710899,0.677998
0.750488,0.712301,0.781907,0.670788,0.685373,0.731578,0.713977,0.714776,0.666151,0.709245
0.644370,0.729565,0.735964,0.687156,0.639049,0.754083,0.662566,0.709044,0.701223,0.673290
0.681344,0.661391,0.680576,0.673935,0.518448,0.655627,0.682807,0.699346,0.681948,0.686531
0.668257,0.689519,0.675660,0.713925,0.809246,0.591728,0.764957,0.667063,0.685894,0.746541
0.705209,0.771029,0.686303,0.599947,0.670213,0.434144,0.708069,0.694976,0.675894,0.687286
0.736245,0.662414,0.654943,0.598301,0.589111,0.709664,0.756359,0.721514,0.664697,0.696908
0.679979,0.733375,0.772103,0.644096,0.530321,0.717664,0.666508,0.683292,0.629958,0.691837
0.673781,0.677006,0.731380,0.700854,0.563106,0.656548,0.715102,0.706995,0.684228,0.687747
0.621893,0.664157,0.636969,0.652643,0.594745,0.631619,0.686107,0.737953,0.739439,0.663198
0.667381,0.698651,0.715802,0.672741,0.770669,0.811889,0.667258,0.713288,0.682972,0.696744
0.670488,0.662147,0.684897,0.735142,0.826168,0.610071,0.752920,0.666265,0.698830,0.670739
0.704619,0.693327,0.689834,0.668222,0.776778,0.599503,0.722217,0.715828,0.685479,0.689444
0.677169,0.714450,0.622973,0.732179,0.781936,0.586935,0.601539,0.721816,0.653371,0.696704
0.659743,0.668685,0.691639,0.760968,0.823037,0.820426,0.672384,0.640244,0.684158,0.691284
0.691982,0.758832,0.801393,0.724995,0.814144,0.765674,0.681234,0.630434,0.710889,0.697464
0.685576,0.743784,0.697616,0.637097,0.699367,0.705196,0.716577,0.692095,0.669237,0.701050
0.738353,0.718632,0.711752,0.683562,0.752338,0.654411,0.644914,0.598781,0.784434,0.662227
0.679293,0.731304,0.661465,0.721865,0.664313,0.611418,0.725667,0.688930,0.671863,0.659516
0.620503,0.691841,0.672470,0.591178,0.792888,0.662385,0.703214,0.689952,0.665025,0.685956
0.675719,0.736124,0.661038,0.582424,0.742546,0.775933,0.707153,0.689973,0.694527,0.696287
0.708216,0.682729,0.663005,0.635164,0.481783,0.707713,0.709012,0.711913,0.676091,0.693521
0.679403,0.641472,0.649690,0.696899,0.793716,0.642730,0.667299,0.725123,0.697059,0.684591
0.696858,0.695631,0.643104,0.750145,0.815220,0.768997,0.619459,0.695697,0.689878,0.686728
0.657379,0.644962,0.702580,0.719714,0.782257,0.585777,0.751236,0.643683,0.663171,0.671171
0.765906,0.741984,0.783774,0.682123,0.525430,0.734156,0.701720,0.667163,0.708776,0.748723
0.682133,0.680689,0.708933,0.811241,0.632070,0.736234,0.758285,0.638015,0.760967,0.673825
0.701133,0.675477,0.705309,0.692683,0.673278,0.736098,0.700879,0.703057,0.697377,0.682047
0.696360,0.635577,0.746171,0.691937,0.884120,0.612258,0.652083,0.725565,0.667892,0.670448
0.731284,0.695166,0.728949,0.725910,0.602087,0.628438,0.684762,0.656545,0.642273,0.740007
0.682756,0.699528,0.636267,0.722000,0.726254,0.712808,0.608678,0.680831,0.686061,0.682909
0.684218,0.709467,0.674201,0.716927,0.887442,0.808120,0.652140,0.726720,0.684135,0.694540
0.733154,0.716994,0.656196,0.622230,0.669397,0.669639,0.725181,0.635970,0.671583,0.719136
0.695091,0.679854,0.726068,0.708067,0.695635,0.633380,0.711228,0.642094,0.686212,0.712660
0.745029,0.723515,0.672561,0.562882,0.737698,0.788128,0.678794,0.630957,0.756353,0.739331
0.684856,0.703828,0.701585,0.654688,0.416639,0.683186,0.714350,0.667500,0.702665,0.698020
0.687712,0.688222,0.723430,0.668234,0.599730,0.720151,0.691601,0.687715,0.657923,0.681563
0.705745,0.732336,0.671151,0.719252,0.488425,0.668817,0.709141,0.638612,0.664096,0.664016
0.683944,0.712415,0.691418,0.655661,0.691154,0.703558,0.688428,0.670676,0.658923,0.697539
0.689265,0.653034,0.735353,0.637567,0.823090,0.716904,0.683476,0.714000,0.694279,0.689500
0.740218,0.646756,0.743720,0.726144,0.662730,0.765262,0.636254,0.712784,0.702694,0.639018
0.766168,0.669686,0.696987,0.751227,0.792681,0.721142,0.670448,0.701342,0.655279,0.711861
0.633041,0.642667,0.743061,0.673740,0.723015,0.572344,0.659250,0.729227,0.683498,0.728847
0.654223,0.656189,0.711336,0.748151,0.828424,0.850341,0.659762,0.663656,0.657773,0.681736
0.693077,0.703858,0.718507,0.686531,0.613853,0.717918,0.730163,0.688759,0.694845,0.708163
0.683087,0.750238,0.642172,0.727842,0.533162,0.708996,0.637723,0.665181,0.678769,0.696356
0.702051,0.688210,0.761169,0.708541,0.775402,0.736334,0.728777,0.700611,0.703314,0.712099
0.690730,0.601709,0.691667,0.701690,0.621106,0.713609,0.708231,0.713910,0.668133,0.729706
0.705045,0.708418,0.684975,0.656559,0.413064,0.731321,0.704435,0.663665,0.683031,0.660347
0.659865,0.678253,0.742031,0.661678,0.661887,0.744757,0.688116,0.665395,0.657350,0.675491
0.599589,0.718978,0.758692,0.773563,0.668086,0.803220,0.636748,0.665311,0.736883,0.820225
0.708155,0.670580,0.643411,0.605243,0.799145,0.577715,0.702688,0.721221,0.686243,0.621659
0.673893,0.639989,0.685290,0.648028,0.770410,0.645262,0.712699,0.753211,0.797441,0.671175
0.724343,0.639651,0.755515,0.702484,0.500836,0.699802,0.735294,0.648752,0.656199,0.747590
0.672474,0.726459,0.764575,0.670952,0.676408,0.610190,0.676939,0.693915,0.709205,0.678370
0.681432,0.713499,0.768604,0.635983,0.682578,0.806693,0.663924,0.670922,0.654852,0.696361
0.734354,0.693095,0.735440,0.612857,0.790389,0.752963,0.705665,0.707945,0.679531,0.670722
0.696841,0.687689,0.721220,0.703487,0.634314,0.636218,0.669787,0.679034,0.733772,0.675471
0.715873,0.786937,0.702090,0.651857,0.753916,0.701432,0.745018,0.733549,0.696244,0.695705
0.679368,0.648819,0.680155,0.773403,0.655052,0.684070,0.704846,0.732068,0.720484,0.624612
0.687918,0.688055,0.767462,0.703012,0.563826,0.701423,0.739330,0.729720,0.711701,0.667189
0.707322,0.725622,0.721711,0.675170,0.764976,0.682684,0.656055,0.704921,0.673910,0.704546
0.683130,0.706061,0.720612,0.713858,0.786725,0.735605,0.713537,0.694364,0.685132,0.678426
0.729979,0.725046,0.682240,0.618033,0.712492,0.616473,0.744124,0.685198,0.720412,0.657715
0.672851,0.684538,0.714471,0.641361,0.269864,0.676643,0.654811,0.682391,0.675689,0.704179
0.667126,0.701186,0.651050,0.724197,0.939298,0.800782,0.668535,0.672746,0.684513,0.720257
0.683480,0.725953,0.702357,0.739697,0.327988,0.634829,0.655566,0.717370,0.711911,0.683356
0.683209,0.670998,0.714407,0.592753,0.680828,0.648404,0.676047,0.661334,0.701045,0.683643
0.668959,0.704973,0.735744,0.711675,0.599438,0.720086,0.730926,0.651569,0.679388,0.704305
0.698494,0.697544,0.674685,0.657085,0.679107,0.686382,0.728195,0.705881,0.678822,0.675379
0.707288,0.708040,0.678489,0.818140,0.576312,0.729587,0.712329,0.728664,0.691241,0.711206
0.695159,0.725879,0.621273,0.579070,0.823832,0.766238,0.684019,0.773254,0.635952,0.723688
0.667084,0.708880,0.664461,0.637270,0.777450,0.439268,0.705067,0.675424,0.670507,0.704758
0.684422,0.736021,0.685503,0.612417,0.795210,0.730155,0.689331,0.542057,0.685549,0.652204
0.702774,0.691466,0.586769,0.704374,0.746464,0.711222,0.620337,0.689748,0.661493,0.727351
0.602331,0.720601,0.585668,0.668329,0.515515,0.726581,0.761558,0.690429,0.765930,0.686907
0.685215,0.667388,0.680845,0.731603,0.726142,0.695979,0.676750,0.712896,0.710196,0.716873
0.714733,0.676777,0.696402,0.666108,0.684700,0.784558,0.676731,0.724439,0.690303,0.710322
0.636631,0.728111,0.662106,0.739285,0.596003,0.583387,0.644626,0.679939,0.747975,0.720479
0.705767,0.712290,0.695790,0.670513,0.599466,0.761952,0.689972,0.705000,0.722500,0.679225
0.662306,0.716433,0.696234,0.784476,0.711011,0.612905,0.712577,0.648569,0.675755,0.718545
0.694311,0.677031,0.676968,0.649282,0.737074,0.814038,0.683856,0.640937,0.652848,0.630135
0.713424,0.701057,0.721656,0.678352,0.814289,0.646141,0.666674,0.728413,0.664140,0.687553
0.636284,0.667378,0.661186,0.589854,0.791647,0.566102,0.708212,0.723615,0.689000,0.728085
0.694418,0.714302,0.687214,0.700467,0.805731,0.746767,0.662733,0.728531,0.756166,0.707632
0.700823,0.704733,0.691246,0.707414,0.631164,0.593043,0.685053,0.699380,0.728733,0.685216
0.714636,0.663154,0.740382,0.679036,0.769517,0.637756,0.596013,0.699785,0.787349,0.752405
0.667690,0.656836,0.662247,0.777096,0.715772,0.791457,0.742031,0.754276,0.625309,0.682287
0.700725,0.678118,0.709832,0.707150,0.661652,0.705296,0.764219,0.680646,0.701921,0.710258
0.681877,0.688199,0.683194,0.718459,0.592113,0.630670,0.741622,0.690006,0.728858,0.699659
0.623200,0.576967,0.677507,0.617949,0.636683,0.686902,0.656419,0.711531,0.737143,0.645367
0.701379,0.681472,0.670241,0.660926,0.755018,0.601280,0.698358,0.695402,0.689640,0.702635
0.703877,0.655003,0.695390,0.614337,0.777658,0.666774,0.685551,0.675987,0.748193,0.710328
0.668878,0.709062,0.640504,0.772018,0.737631,0.579599,0.765786,0.709857,0.690340,0.717607
0.703990,0.695999,0.720039,0.725937,0.749282,0.740065,0.650407,0.669073,0.694737,0.688781
0.611795,0.703337,0.782211,0.596878,0.540936,0.695925,0.755200,0.663400,0.725401,0.747173
0.666547,0.673557,0.720948,0.725233,0.704067,0.760627,0.708475,0.653574,0.654044,0.678446
0.759769,0.654141,0.675249,0.660238,0.670226,0.636145,0.760295,0.730007,0.685369,0.687622
0.645711,0.703947,0.674741,0.779310,0.718394,0.754476,0.755745,0.761824,0.732745,0.701839
0.677306,0.706992,0.675855,0.828541,0.736820,0.860458,0.753487,0.760758,0.677516,0.687077
0.662641,0.659642,0.650601,0.666215,0.821617,0.680838,0.664843,0.701466,0.686624,0.678072
0.693563,0.695084,0.669240,0.742712,0.422492,0.687721,0.713479,0.700442,0.699599,0.709103
0.704761,0.696577,0.613645,0.764440,0.856486,0.791036,0.594064,0.694017,0.730853,0.685416
0.689994,0.712560,0.673789,0.722432,0.818186,0.762606,0.675977,0.693474,0.686004,0.697393
0.613685,0.728966,0.671129,0.585065,0.676775,0.613956,0.665979,0.645452,0.752034,0.662706
0.655187,0.700384,0.712366,0.692538,0.580829,0.732415,0.693260,0.700483,0.690615,0.682339
0.653660,0.736566,0.623705,0.609721,0.714136,0.700693,0.703568,0.691258,0.693399,0.704956
0.688412,0.699901,0.713431,0.692644,0.640641,0.690552,0.710543,0.693538,0.694827,0.697656
0.708717,0.606988,0.708664,0.755158,0.594723,0.612065,0.713818,0.752452,0.712076,0.652071
0.726390,0.645941,0.647242,0.742571,0.459252,0.595105,0.704043,0.697894,0.686283,0.682822
0.684558,0.678119,0.720799,0.712210,0.585797,0.710971,0.688797,0.688856,0.706315,0.690495
0.737866,0.713448,0.698483,0.641103,0.709999,0.652547,0.691037,0.720037,0.695478,0.678908
0.660498,0.684875,0.681100,0.709047,0.635117,0.679810,0.727815,0.718577,0.678360,0.684446
0.690285,0.719078,0.678650,0.722204,0.762195,0.621504,0.702593,0.709392,0.687780,0.693366
0.669028,0.681098,0.711963,0.785311,0.676967,0.749996,0.728148,0.728449,0.658011,0.704798
0.690147,0.705287,0.665135,0.662397,0.693384,0.630604,0.612783,0.708280,0.693724,0.716717
0.662352,0.688664,0.668575,0.684738,0.654299,0.658276,0.720674,0.704362,0.689701,0.727367
0.699401,0.683025,0.645506,0.617881,0.697736,0.827485,0.716362,0.665860,0.692015,0.691738
0.692197,0.706536,0.693734,0.661852,0.605659,0.763990,0.674134,0.695958,0.685699,0.699006
0.705810,0.692436,0.637330,0.702476,0.821728,0.650087,0.718287,0.698335,0.732705,0.712026
0.690766,0.690756,0.696917,0.721653,0.836088,0.756807,0.686464,0.713695,0.672496,0.692977
0.683249,0.757993,0.678481,0.725355,0.711110,0.512330,0.711889,0.678703,0.719743,0.699647
0.676052,0.703413,0.623904,0.731010,0.558306,0.675640,0.593563,0.669705,0.713934,0.688822
0.711944,0.675646,0.701985,0.716548,0.645479,0.694763,0.703820,0.688061,0.709990,0.697066
0.716151,0.701826,0.656189,0.734403,0.758825,0.739198,0.683797,0.711766,0.702778,0.689512
0.736663,0.675027,0.694318,0.668076,0.651750,0.700591,0.685239,0.656670,0.727107,0.654965
0.668099,0.687355,0.731239,0.707207,0.582216,0.719349,0.660305,0.686893,0.702307,0.712064
0.761563,0.662569,0.658380,0.666760,0.601126,0.597021,0.831192,0.705523,0.655829,0.723839
0.684267,0.720016,0.692432,0.659341,0.806625,0.472062,0.683901,0.740329,0.661006,0.694373
0.705609,0.689886,0.708458,0.689699,0.839051,0.629907,0.692970,0.765560,0.703175,0.685427
0.730240,0.687438,0.707611,0.731447,0.921122,0.731513,0.689479,0.738383,0.680017,0.702032
0.683946,0.703248,0.630328,0.665136,0.764219,0.752048,0.751694,0.655450,0.711418,0.663405
0.676027,0.764362,0.709708,0.663781,0.743976,0.592186,0.661347,0.605993,0.654176,0.658355
0.692867,0.609703,0.699619,0.773320,0.568172,0.649614,0.732983,0.644955,0.663939,0.663118
0.674713,0.683614,0.681744,0.747458,0.867721,0.823307,0.672852,0.683421,0.660231,0.690722
0.660053,0.702993,0.671719,0.699798,0.527407,0.774754,0.695045,0.737438,0.721856,0.614293
0.747041,0.686026,0.649907,0.772567,0.451203,0.706468,0.696865,0.639573,0.703623,0.695642
0.705775,0.677328,0.726206,0.783012,0.882636,0.564731,0.707909,0.629751,0.701536,0.705230
0.703362,0.714645,0.703169,0.685705,0.754676,0.800549,0.719651,0.654969,0.704957,0.703714
0.669937,0.670442,0.658031,0.623217,0.724466,0.546959,0.698607,0.681615,0.652257,0.713844
0.680465,0.690033,0.656591,0.635561,0.688749,0.797911,0.698063,0.711999,0.682242,0.721395
0.694542,0.642832,0.704550,0.683355,0.660027,0.717325,0.721041,0.689573,0.696593,0.701579
0.704746,0.649142,0.688483,0.610013,0.547021,0.799909,0.715236,0.723403,0.715476,0.677268
0.663539,0.656004,0.669113,0.681964,0.657087,0.707237,0.703930,0.695051,0.735456,0.627775
0.675491,0.656795,0.680562,0.748606,0.737557,0.642534,0.712477,0.683869,0.694939,0.659360
0.649766,0.680563,0.631590,0.669868,0.634933,0.691771,0.637874,0.683022,0.665224,0.663056
0.689331,0.679004,0.686636,0.767767,0.732093,0.620200,0.646641,0.692663,0.678842,0.679565
0.674844,0.687524,0.730781,0.649865,0.594853,0.675103,0.731428,0.697352,0.661395,0.697834
0.691678,0.681870,0.721474,0.707127,0.764211,0.692136,0.667328,0.719661,0.691021,0.669941
0.724318,0.742613,0.697729,0.675842,0.537852,0.581885,0.687765,0.688652,0.689852,0.719690
0.685170,0.691809,0.716956,0.709236,0.731274,0.671554,0.682365,0.685165,0.688391,0.689143
0.687022,0.669649,0.695550,0.671817,0.940560,0.792280,0.707041,0.717290,0.694258,0.743625
0.699822,0.693708,0.644746,0.753426,0.790512,0.648695,0.624251,0.709976,0.699156,0.681928
0.719929,0.750396,0.703698,0.604391,0.598195,0.548168,0.702196,0.708476,0.721160,0.703613
0.723200,0.694110,0.715837,0.659603,0.842884,0.685293,0.751496,0.642063,0.652060,0.657999
0.694814,0.680235,0.694213,0.678764,0.615626,0.712509,0.733539,0.683730,0.674346,0.703621
0.697850,0.680731,0.711857,0.714467,0.579396,0.740271,0.692965,0.668335,0.682584,0.666180
0.743576,0.694640,0.710897,0.675482,0.767034,0.587596,0.691336,0.695907,0.661915,0.667132
0.699919,0.699046,0.848987,0.704132,0.641212,0.684017,0.619933,0.736953,0.646259,0.718397
0.640923,0.786223,0.706314,0.717465,0.594444,0.751747,0.704243,0.689594,0.651469,0.707297
0.665395,0.666059,0.661695,0.659238,0.667608,0.704177,0.690230,0.688539,0.690978,0.689349
0.687398,0.703343,0.728766,0.711097,0.441353,0.715599,0.725108,0.700415,0.682791,0.698472
0.669973,0.737654,0.699836,0.786893,0.778323,0.617649,0.640286,0.645818,0.665753,0.710049
0.673415,0.715401,0.683826,0.749890,0.582724,0.678514,0.562198,0.663610,0.708623,0.675204
0.701844,0.648703,0.775908,0.722158,0.763744,0.799399,0.779500,0.688485,0.730298,0.701237
0.656630,0.686616,0.682603,0.766567,0.660115,0.636334,0.681126,0.658888,0.696634,0.660658
0.638923,0.704133,0.660579,0.645582,0.849198,0.792846,0.650776,0.705663,0.655193,0.704868
0.720345,0.659924,0.636266,0.589913,0.802733,0.755888,0.732596,0.705931,0.746899,0.654465
0.735931,0.729518,0.712237,0.690966,0.778826,0.553983,0.692225,0.711395,0.707561,0.703224
0.756943,0.711105,0.662782,0.662404,0.789520,0.742171,0.706012,0.652036,0.650454,0.703862
0.689436,0.682256,0.677129,0.750123,0.868591,0.580078,0.675521,0.733940,0.679258,0.701594
0.662525,0.708048,0.678926,0.695722,0.612148,0.751224,0.759669,0.695880,0.695759,0.703938
0.658081,0.704131,0.658516,0.710271,0.527120,0.707074,0.697113,0.711663,0.710114,0.671123
0.696208,0.634181,0.718693,0.779902,0.810980,0.697431,0.677852,0.686882,0.712588,0.669283
0.695390,0.645144,0.727153,0.600098,0.512932,0.660238,0.737861,0.703140,0.701336,0.703145
0.709793,0.725747,0.679198,0.665975,0.660540,0.663036,0.659223,0.696233,0.703459,0.696467
0.666418,0.699546,0.727632,0.593057,0.782723,0.574008,0.643914,0.720792,0.653373,0.648702
0.714410,0.685792,0.710504,0.670600,0.696199,0.644866,0.721029,0.707938,0.730864,0.698226
0.710180,0.717106,0.671570,0.696688,0.818076,0.598403,0.680651,0.695941,0.698985,0.653129
0.733367,0.672860,0.733164,0.657770,0.888037,0.707365,0.695761,0.586260,0.684481,0.678992
0.691668,0.682615,0.685719,0.688183,0.647663,0.769640,0.746966,0.699270,0.716962,0.674574
0.714469,0.676401,0.722346,0.738403,0.771804,0.633582,0.680496,0.671893,0.667180,0.663335
0.663089,0.697490,0.671969,0.578795,0.728807,0.668960,0.698963,0.740070,0.635325,0.681970
0.694988,0.695268,0.691363,0.688145,0.642464,0.685428,0.702289,0.692606,0.691856,0.690248
0.617118,0.709924,0.736278,0.677870,0.650483,0.713452,0.620104,0.753347,0.713788,0.664942
0.667475,0.749571,0.725789,0.749475,0.840351,0.602691,0.693623,0.601832,0.665082,0.735748
0.753507,0.629683,0.636272,0.772913,0.633194,0.527190,0.724728,0.751038,0.676959,0.622431
0.713482,0.663327,0.714902,0.753507,0.668510,0.647255,0.659841,0.707606,0.719246,0.706732
0.728670,0.692278,0.692672,0.646608,0.750877,0.704152,0.683855,0.610180,0.717679,0.697677
0.702398,0.664643,0.778998,0.641206,0.515891,0.712058,0.695423,0.715115,0.692582,0.723464
0.709930,0.687085,0.715805,0.674751,0.604567,0.733910,0.610781,0.672675,0.684554,0.718484
0.711183,0.723614,0.694539,0.683634,0.904545,0.732044,0.728273,0.600802,0.622135,0.696531
0.652576,0.715045,0.661381,0.736258,0.830413,0.680986,0.681222,0.661538,0.652939,0.633491
0.717671,0.737138,0.696760,0.750480,0.660948,0.596968,0.668368,0.678820,0.693667,0.686915
0.699137,0.723172,0.707854,0.728590,0.662898,0.799195,0.745582,0.656163,0.672898,0.657334
0.674724,0.631084,0.653334,0.638502,0.633685,0.780582,0.666967,0.711324,0.708230,0.684635
0.708711,0.689693,0.704656,0.715761,0.487062,0.660135,0.732886,0.679225,0.692793,0.684762
0.698076,0.615846,0.678412,0.763652,0.571137,0.676605,0.706629,0.637808,0.705699,0.742373
0.665385,0.724238,0.738836,0.601861,0.696012,0.676926,0.630153,0.690157,0.671436,0.687524
0.653203,0.664629,0.687266,0.714187,0.748217,0.670078,0.645813,0.647186,0.672710,0.676325
0.684494,0.692995,0.669667,0.674170,0.479764,0.662536,0.660559,0.672398,0.674579,0.689414
0.714733,0.696045,0.678917,0.674631,0.874046,0.714528,0.726293,0.691822,0.696581,0.674878
0.683015,0.634682,0.632287,0.662875,0.684394,0.674729,0.614347,0.696394,0.702676,0.682214
0.667715,0.702471,0.630439,0.785423,0.704183,0.659922,0.739169,0.605470,0.740621,0.712582
0.718611,0.677785,0.689721,0.665450,0.477619,0.780552,0.660836,0.703470,0.679124,0.715006
0.707651,0.689755,0.729864,0.725259,0.673199,0.722178,0.767871,0.683741,0.700111,0.687863
0.676747,0.695427,0.710561,0.744913,0.638924,0.684728,0.685593,0.619826,0.656259,0.698730
0.692258,0.713666,0.683563,0.675497,0.430903,0.667217,0.694345,0.678072,0.696576,0.715927
0.679132,0.679736,0.750943,0.776463,0.790312,0.617480,0.695425,0.669275,0.692297,0.665970
0.629720,0.720969,0.761529,0.815410,0.661837,0.865859,0.681965,0.740995,0.742153,0.663547
0.790792,0.732248,0.691806,0.625570,0.771236,0.765033,0.736792,0.693166,0.617045,0.669210
0.719967,0.752067,0.632903,0.607590,0.687355,0.642852,0.672516,0.719261,0.739817,0.705903
0.688141,0.675837,0.713849,0.680062,0.790975,0.624447,0.675179,0.712607,0.701892,0.682576
0.642145,0.667641,0.702380,0.703678,0.695174,0.715922,0.721586,0.698364,0.701999,0.727915
