-3.144, -3.293, -3.408, -5.848, -1.239, -3.775, -3.194, -3.838, -3.160, -3.155
-3.249, -3.020, -2.937, -2.818, -4.741, -1.825, -3.245, -3.737, -2.817, -3.498
-3.415, -2.705, -3.127, -3.869, -1.404, -5.037, -2.947, -3.654, -3.617, -3.175
-3.779, -2.864, -3.006, -3.404, -7.177, -2.796, -3.448, -2.723, -3.225, -3.907
-3.815, -3.608, -2.611, -5.733, -1.808, -3.946, -3.217, -3.457, -2.954, -3.506
-3.113, -3.148, -3.226, -2.318, -4.040, -1.940, -3.354, -2.913, -3.291, -3.266
-2.746, -4.167, -2.953, -3.831, -2.123, -4.912, -2.806, -4.379, -4.072, -3.842
-3.194, -3.019, -3.175, -3.348, -1.586, -4.416, -3.749, -2.701, -2.541, -3.585
-3.546, -3.418, -2.725, -3.191, -9.407, -3.065, -3.366, -3.481, -3.099, -3.089
-3.338, -3.524, -3.005, -3.026, -4.707, -1.794, -3.448, -2.827, -3.417, -3.308
-3.070, -3.347, -3.337, -3.259, -5.832, -2.113, -3.350, -3.224, -3.212, -3.499
-3.381, -4.025, -3.195, -3.606, -8.247, -2.713, -3.266, -3.422, -3.430, -3.556
-3.193, -4.127, -2.848, -3.298, -2.507, -5.364, -3.400, -2.907, -3.007, -3.496
-3.335, -3.523, -3.711, -3.814, -1.824, -4.663, -3.338, -3.691, -3.305, -3.288
-2.617, -3.562, -3.367, -3.385, -1.229, -4.142, -3.090, -3.848, -3.001, -3.585
-3.517, -4.058, -3.757, -3.462, -2.360, -5.902, -2.472, -3.343, -2.880, -3.313
-3.520, -3.635, -2.963, -3.868, -5.788, -1.711, -3.595, -3.335, -3.154, -3.156
-2.915, -3.606, -4.201, -3.703, -5.715, -2.486, -3.303, -2.104, -2.947, -3.157
-3.974, -3.382, -3.286, -3.510, -1.994, -4.989, -2.928, -3.755, -3.757, -3.150
-3.980, -3.268, -3.121, -3.623, -2.391, -5.255, -3.512, -3.328, -3.066, -3.549
-3.137, -3.759, -3.082, -3.565, -1.862, -5.285, -3.608, -3.119, -3.240, -3.162
-2.861, -3.371, -3.609, -3.709, -1.421, -4.351, -3.132, -4.067, -3.411, -3.318
-3.882, -3.029, -3.093, -2.452, -4.234, -1.673, -3.071, -2.416, -2.668, -3.786
-2.641, -4.293, -3.653, -4.221, -11.159, -2.795, -2.819, -2.514, -2.938, -4.008
-3.509, -3.882, -2.954, -4.126, -1.700, -4.745, -3.776, -3.506, -3.271, -3.354
-3.289, -3.625, -2.859, -3.933, -2.366, -6.414, -2.770, -3.212, -3.567, -3.308
-2.752, -3.587, -3.301, -3.871, -2.706, -5.469, -3.192, -3.085, -3.082, -3.707
-3.269, -3.495, -3.353, -1.958, -6.929, -2.195, -2.979, -3.295, -3.347, -3.669
-4.027, -3.076, -3.283, -3.252, -3.533, -6.971, -2.466, -2.779, -2.939, -2.854
-3.218, -3.522, -3.813, -2.576, -2.248, -5.917, -3.340, -3.959, -2.797, -3.445
-3.942, -3.828, -3.068, -4.376, -9.426, -3.038, -3.568, -2.914, -2.589, -3.455
-3.098, -2.936, -3.529, -4.737, -2.549, -5.833, -3.386, -2.955, -2.939, -3.555
-3.217, -3.120, -3.501, -3.774, -1.633, -4.773, -3.487, -3.287, -3.251, -3.173
-3.361, -2.865, -3.593, -3.053, -6.101, -2.767, -3.336, -3.526, -3.234, -3.095
-3.111, -3.204, -3.728, -2.675, -9.372, -2.867, -2.906, -3.512, -3.429, -3.092
-3.712, -3.129, -3.268, -2.341, -1.833, -5.344, -2.491, -2.820, -3.425, -3.323
-3.334, -3.110, -3.087, -3.333, -9.049, -3.534, -4.198, -3.248, -3.388, -2.839
-2.639, -2.481, -4.139, -4.505, -1.085, -4.917, -3.546, -2.837, -2.991, -3.959
-3.333, -3.460, -2.813, -2.473, -20.042, -3.506, -3.225, -3.378, -3.158, -2.927
-3.061, -3.458, -3.533, -3.299, -4.769, -1.383, -3.845, -2.568, -3.077, -3.251
-2.984, -3.115, -3.352, -4.526, -1.760, -5.180, -3.867, -3.830, -2.857, -3.352
-4.133, -4.081, -3.013, -3.168, -7.358, -2.440, -2.799, -2.541, -3.629, -3.772
-3.292, -3.190, -2.941, -3.579, -7.660, -3.059, -3.229, -3.259, -3.330, -3.214
-3.619, -3.414, -3.123, -2.962, -2.103, -5.198, -3.588, -4.134, -3.393, -3.106
-3.473, -2.879, -2.862, -2.199, -1.405, -4.849, -4.064, -3.147, -3.442, -3.426
-3.646, -2.692, -3.001, -3.705, -2.262, -5.297, -3.247, -3.076, -3.805, -3.359
-2.888, -2.905, -3.448, -3.704, -1.056, -4.831, -3.528, -3.412, -3.233, -2.476
-3.528, -3.937, -2.947, -2.985, -13.734, -3.581, -3.169, -3.201, -3.294, -3.539
-3.492, -3.184, -3.544, -3.716, -1.981, -6.590, -3.993, -3.409, -3.599, -3.045
-3.099, -3.402, -3.258, -3.668, -1.960, -5.510, -3.446, -3.411, -3.233, -3.332
-2.848, -3.409, -3.053, -3.330, -1.884, -5.837, -3.713, -3.104, -3.099, -3.455
-2.911, -2.951, -3.660, -3.627, -2.134, -5.717, -3.578, -2.662, -2.867, -3.543
-3.390, -2.998, -2.958, -2.640, -9.514, -3.417, -3.502, -3.042, -2.965, -2.999
-3.121, -2.624, -3.028, -5.441, -1.699, -4.499, -3.604, -3.524, -3.388, -2.912
-2.288, -2.605, -2.944, -3.231, -1.409, -4.121, -3.433, -3.261, -3.443, -2.202
-3.534, -3.065, -3.118, -2.379, -4.725, -1.643, -3.017, -2.614, -3.096, -2.629
-2.745, -3.089, -3.298, -2.800, -7.070, -2.869, -2.370, -2.672, -3.522, -4.424
-3.520, -2.361, -3.962, -3.522, -1.671, -5.187, -3.383, -3.688, -2.832, -3.623
-3.206, -2.416, -4.058, -3.960, -1.061, -5.193, -3.436, -3.056, -3.163, -3.802
-3.382, -4.133, -2.859, -3.390, -2.730, -5.328, -2.664, -2.806, -3.552, -3.453
-3.678, -2.929, -3.091, -2.542, -4.968, -1.515, -3.430, -3.345, -3.272, -3.388
-3.239, -3.162, -3.563, -3.966, -2.147, -5.326, -3.997, -3.467, -2.887, -3.686
-2.756, -3.442, -3.040, -2.871, -7.202, -1.638, -2.984, -2.734, -2.790, -3.600
-3.084, -2.219, -2.957, -3.700, -1.463, -4.924, -3.395, -3.873, -3.423, -3.317
-3.466, -3.179, -2.586, -2.167, -9.224, -2.387, -3.150, -2.988, -3.271, -3.321
-3.176, -3.338, -3.186, -3.822, -1.878, -5.662, -3.290, -3.290, -3.305, -3.676
-3.184, -3.771, -3.498, -2.074, -3.297, -1.176, -2.431, -2.973, -3.086, -3.717
-3.804, -3.210, -3.255, -3.006, -3.140, -1.051, -2.648, -3.497, -3.117, -2.992
-3.271, -3.480, -3.294, -3.133, -1.404, -4.068, -2.486, -3.311, -1.920, -4.451
-3.120, -2.864, -3.002, -5.312, -0.917, -3.228, -3.235, -3.032, -2.994, -3.287
-2.673, -3.731, -2.501, -2.317, -2.925, -5.929, -3.422, -3.606, -2.995, -3.597
-2.733, -2.640, -3.633, -3.737, -0.688, -3.701, -3.076, -3.863, -3.204, -3.244
-4.332, -3.392, -2.979, -3.464, -1.588, -4.726, -2.921, -3.694, -2.967, -4.008
-2.890, -3.523, -3.443, -4.245, -1.695, -4.448, -3.011, -3.335, -3.955, -2.874
-3.226, -3.193, -2.960, -1.840, -7.346, -3.385, -3.191, -3.379, -3.213, -2.992
-3.306, -2.719, -3.388, -3.807, -1.713, -6.335, -3.353, -4.151, -3.076, -3.867
-3.211, -2.941, -2.636, -3.477, -1.522, -4.003, -2.970, -3.237, -2.996, -3.065
-3.593, -3.568, -3.204, -2.388, -5.089, -1.735, -3.654, -3.187, -3.444, -3.167
-3.246, -2.313, -3.321, -3.138, -1.563, -4.926, -2.877, -3.111, -3.463, -3.346
-3.473, -3.361, -2.363, -1.753, -6.420, -2.318, -3.608, -3.177, -3.104, -3.835
-2.745, -2.286, -2.431, -3.235, -7.488, -2.542, -4.179, -3.219, -2.820, -2.452
-3.325, -3.355, -3.279, -3.718, -1.829, -6.140, -3.714, -2.992, -3.328, -3.416
-3.666, -2.990, -2.859, -2.695, -5.376, -1.856, -3.537, -3.655, -3.340, -3.147
-2.544, -4.601, -2.979, -4.139, -8.010, -2.348, -2.620, -2.541, -2.911, -3.737
-3.500, -3.286, -3.305, -3.019, -6.961, -2.648, -3.326, -3.453, -3.480, -3.421
-3.401, -3.223, -3.139, -3.245, -10.381, -4.490, -3.263, -2.969, -3.284, -2.997
-2.696, -3.070, -3.228, -5.442, -2.239, -5.055, -2.948, -3.687, -3.526, -3.241
-2.866, -3.147, -2.825, -2.747, -5.595, -1.972, -3.301, -2.587, -3.653, -3.130
-2.782, -2.777, -3.257, -2.379, -6.574, -2.139, -3.131, -2.608, -3.778, -3.071
-3.036, -3.583, -3.147, -2.841, -9.493, -2.576, -3.447, -3.382, -3.515, -3.593
-3.388, -2.523, -2.654, -3.581, -1.201, -4.014, -3.356, -2.954, -3.062, -3.061
-3.328, -3.148, -3.004, -3.832, -1.599, -4.423, -3.285, -3.340, -3.420, -3.328
-3.303, -3.957, -3.300, -3.377, -7.587, -3.033, -3.665, -3.225, -3.304, -3.357
-3.295, -3.540, -3.808, -4.593, -1.849, -5.556, -3.912, -3.286, -3.782, -3.760
-3.108, -3.594, -4.379, -2.818, -5.357, -2.097, -3.756, -3.009, -3.556, -3.374
-3.623, -3.877, -3.222, -3.011, -6.594, -2.005, -3.308, -3.395, -3.305, -3.412
-3.193, -3.376, -2.994, -2.720, -14.948, -3.386, -3.085, -3.037, -3.306, -3.083
-2.877, -3.699, -3.121, -2.826, -2.412, -5.568, -3.350, -3.618, -3.043, -3.230
-3.573, -3.182, -2.921, -3.691, -6.877, -2.550, -3.617, -2.498, -2.889, -3.966
-3.050, -2.848, -2.935, -2.565, -5.405, -1.736, -3.396, -2.508, -3.269, -2.699
-3.346, -3.961, -3.237, -3.183, -1.760, -5.056, -3.278, -2.658, -3.497, -3.423
-2.862, -2.480, -3.458, -4.505, -0.682, -3.671, -3.268, -2.971, -2.828, -3.361
-2.830, -2.914, -3.390, -4.836, -0.960, -4.444, -3.209, -3.024, -3.193, -3.073
-4.012, -3.691, -2.589, -2.921, -8.976, -3.137, -3.880, -3.377, -3.382, -3.008
-3.935, -2.972, -3.749, -5.505, -1.048, -6.264, -3.859, -4.408, -3.407, -3.456
-3.385, -3.498, -3.386, -3.239, -2.352, -5.925, -3.430, -2.930, -3.703, -3.114
-2.885, -4.607, -2.995, -3.914, -5.882, -1.545, -2.677, -2.837, -3.266, -3.241
-3.381, -3.425, -2.778, -3.097, -2.157, -5.907, -4.055, -3.120, -3.203, -3.615
-3.699, -3.505, -4.198, -3.101, -4.061, -1.894, -3.487, -2.945, -2.665, -3.097
-3.046, -2.660, -3.011, -2.833, -1.465, -4.201, -2.718, -3.037, -2.577, -3.191
-3.359, -3.102, -2.946, -3.849, -5.184, -1.474, -3.782, -3.102, -2.754, -2.973
-3.371, -3.400, -3.537, -3.010, -9.549, -4.064, -3.218, -2.923, -3.299, -3.596
-3.469, -2.640, -2.959, -4.679, -1.277, -4.303, -3.448, -3.556, -2.902, -3.078
-3.166, -3.730, -3.086, -3.117, -2.925, -6.221, -3.461, -3.155, -2.619, -3.573
-3.139, -3.439, -3.326, -3.619, -1.635, -4.687, -4.079, -2.985, -3.433, -3.302
-4.014, -3.132, -3.517, -3.295, -1.474, -6.252, -3.561, -2.665, -4.105, -3.153
-3.457, -3.710, -3.547, -4.065, -9.314, -3.010, -3.237, -2.798, -3.425, -3.381
-3.371, -3.342, -3.183, -3.316, -5.680, -2.263, -3.058, -3.571, -3.260, -3.318
-3.078, -3.567, -3.352, -4.039, -1.121, -3.909, -3.454, -4.503, -2.859, -3.239
-3.572, -3.622, -2.942, -2.832, -16.184, -4.176, -3.587, -4.075, -3.462, -3.305
-3.550, -2.593, -3.320, -3.437, -1.990, -6.035, -3.827, -2.977, -3.139, -3.326
-3.587, -3.718, -3.666, -2.568, -2.088, -5.986, -3.356, -3.228, -3.235, -3.271
-3.473, -3.243, -3.757, -3.856, -2.111, -6.339, -3.451, -3.005, -3.539, -3.367
-3.537, -3.019, -3.733, -3.791, -1.359, -5.565, -3.732, -2.738, -3.584, -3.441
-3.134, -3.344, -3.135, -3.670, -8.919, -2.687, -3.361, -3.235, -3.020, -3.068
-3.379, -3.093, -3.404, -2.793, -7.473, -3.139, -2.788, -3.055, -3.526, -3.483
-2.946, -2.844, -3.199, -3.817, -1.391, -4.535, -3.362, -3.483, -3.112, -3.314
-3.109, -3.406, -3.241, -2.777, -5.774, -2.449, -2.571, -3.326, -2.654, -3.266
-3.509, -3.207, -3.601, -4.231, -1.301, -4.307, -3.578, -3.595, -3.358, -3.307
-2.987, -3.344, -3.554, -4.069, -11.197, -3.702, -3.278, -3.294, -2.999, -3.757
-3.260, -3.261, -3.282, -5.083, -2.204, -4.764, -3.656, -3.464, -3.444, -3.183
-3.246, -2.733, -3.585, -3.559, -1.352, -5.685, -2.835, -3.099, -3.795, -3.590
-2.786, -3.202, -3.946, -3.882, -0.869, -3.812, -3.072, -2.826, -3.542, -3.057
-3.533, -3.171, -2.862, -4.779, -1.901, -4.025, -3.139, -3.092, -3.645, -3.387
-3.734, -3.316, -3.684, -3.166, -1.423, -6.003, -3.794, -3.305, -3.972, -3.188
-3.941, -3.772, -2.541, -2.857, -7.587, -2.272, -4.040, -3.088, -3.021, -3.887
-3.313, -3.631, -1.897, -3.271, -2.729, -5.614, -3.056, -3.156, -3.633, -3.429
-3.498, -3.309, -3.072, -3.980, -6.904, -2.287, -3.464, -2.509, -3.363, -3.547
-3.956, -2.896, -2.929, -3.700, -5.466, -2.092, -3.507, -3.379, -3.107, -3.544
-3.122, -2.898, -3.116, -4.153, -1.906, -4.946, -3.425, -3.531, -3.081, -3.650
-2.917, -2.866, -3.419, -3.105, -1.534, -4.635, -2.888, -2.999, -3.553, -3.933
-3.646, -3.330, -3.384, -2.973, -6.641, -3.160, -3.715, -3.112, -3.164, -3.387
-3.597, -3.373, -4.195, -2.994, -6.812, -3.162, -3.271, -3.529, -2.997, -3.087
-3.232, -3.090, -3.347, -4.006, -2.160, -6.313, -3.271, -3.110, -3.169, -3.389
-3.721, -3.470, -3.257, -2.677, -7.400, -3.148, -3.185, -3.289, -3.253, -3.499
-3.083, -4.244, -2.759, -2.268, -5.111, -1.343, -4.296, -3.154, -3.533, -4.262
-3.599, -4.015, -3.957, -4.084, -5.796, -2.320, -2.872, -3.181, -3.189, -3.411
-3.352, -3.351, -2.600, -3.119, -10.291, -3.478, -3.314, -2.944, -3.534, -3.219
-3.411, -3.301, -3.297, -2.652, -5.314, -2.203, -3.357, -3.511, -3.594, -2.964
-3.303, -3.232, -2.954, -2.489, -2.466, -5.634, -3.004, -3.314, -3.534, -3.156
-2.946, -3.054, -3.639, -5.053, -1.682, -4.889, -3.566, -3.390, -3.136, -3.277
-3.534, -2.826, -3.044, -3.250, -1.325, -4.744, -4.271, -2.611, -3.392, -2.759
-3.196, -3.900, -3.423, -3.110, -6.273, -2.342, -3.774, -3.475, -3.040, -3.248
-3.003, -3.217, -3.614, -2.949, -5.988, -2.615, -3.082, -3.227, -3.236, -3.818
-3.449, -3.565, -3.227, -2.291, -6.041, -1.779, -3.289, -3.126, -3.355, -3.269
-3.535, -2.722, -2.887, -3.821, -2.861, -5.252, -2.425, -3.225, -3.792, -3.752
-3.060, -3.391, -3.212, -2.979, -6.468, -1.538, -2.660, -4.178, -3.655, -1.810
-3.191, -2.935, -3.965, -3.347, -4.317, -1.665, -3.578, -3.486, -3.074, -3.424
-4.505, -2.978, -3.539, -3.660, -2.893, -7.066, -2.718, -2.475, -2.932, -2.796
-3.906, -3.529, -2.642, -4.041, -1.313, -3.731, -3.708, -2.949, -2.834, -3.446
-2.252, -3.486, -3.187, -3.217, -4.560, -1.822, -3.527, -2.686, -3.770, -2.863
-3.290, -3.877, -3.064, -3.170, -9.124, -3.294, -2.921, -3.364, -3.088, -3.312
-3.686, -3.500, -3.236, -2.054, -6.052, -1.394, -3.569, -2.971, -2.988, -3.397
-3.358, -2.561, -2.849, -3.815, -2.216, -5.044, -3.228, -3.470, -3.051, -3.474
-2.411, -3.485, -3.058, -2.809, -2.392, -5.708, -3.688, -3.159, -3.357, -4.217
-2.756, -3.784, -3.658, -3.778, -1.577, -4.536, -3.065, -3.812, -3.383, -3.349
-3.572, -3.101, -2.874, -2.383, -5.809, -1.444, -3.354, -2.966, -3.251, -3.480
-3.351, -3.237, -2.552, -2.782, -6.820, -2.571, -3.831, -3.835, -2.914, -2.857
-4.156, -2.809, -2.449, -3.181, -2.033, -4.835, -2.848, -3.079, -4.062, -3.628
-3.344, -3.152, -3.182, -3.158, -5.660, -2.079, -3.636, -3.257, -3.168, -2.264
-4.150, -3.528, -3.059, -2.274, -4.621, -1.468, -3.305, -3.759, -2.670, -3.974
-3.179, -2.704, -2.437, -4.431, -1.934, -4.806, -2.796, -3.308, -3.167, -3.298
-3.691, -2.940, -3.378, -3.939, -0.881, -4.085, -3.791, -3.377, -3.435, -3.073
-3.399, -3.236, -3.111, -4.097, -1.632, -4.049, -2.653, -3.486, -3.965, -3.673
-3.758, -3.705, -3.565, -4.979, -2.697, -5.510, -2.985, -2.320, -3.228, -3.431
-3.240, -3.305, -3.451, -5.036, -2.442, -5.079, -3.597, -3.194, -3.471, -3.250
-3.049, -2.877, -3.711, -3.571, -6.523, -1.784, -3.822, -3.890, -2.873, -3.425
-3.561, -3.662, -3.169, -3.183, -9.532, -3.662, -3.078, -3.545, -3.236, -3.295
-3.438, -3.349, -3.407, -3.624, -1.654, -5.397, -4.184, -2.938, -3.279, -3.029
-2.852, -3.385, -3.595, -3.710, -1.455, -4.387, -3.114, -3.858, -3.405, -3.337
-3.357, -3.204, -3.011, -2.344, -6.985, -3.299, -3.068, -4.001, -4.135, -3.221
-3.523, -2.725, -3.123, -3.736, -1.176, -4.952, -3.206, -2.960, -3.322, -3.645
-3.319, -3.031, -3.799, -3.947, -1.489, -5.581, -3.594, -2.742, -3.617, -3.358
-3.658, -3.145, -2.179, -4.116, -2.640, -6.270, -2.809, -2.593, -3.718, -3.360
-3.408, -2.851, -3.145, -3.675, -1.905, -4.672, -3.462, -3.526, -3.350, -3.352
-3.252, -3.618, -3.333, -3.420, -5.657, -2.260, -3.509, -3.646, -3.418, -3.071
-4.024, -2.425, -3.824, -3.293, -4.440, -1.947, -3.231, -4.342, -3.746, -3.052
-3.333, -3.771, -3.439, -3.830, -6.815, -2.613, -3.191, -2.592, -3.254, -3.261
-2.854, -3.661, -3.578, -3.821, -1.663, -4.480, -3.176, -3.443, -3.497, -3.306
-3.550, -3.084, -3.391, -3.962, -2.232, -5.723, -3.489, -2.900, -3.353, -3.216
-3.221, -3.203, -3.208, -3.441, -1.248, -4.324, -3.634, -3.169, -3.709, -2.922
-3.516, -3.495, -3.098, -2.889, -10.346, -3.112, -3.184, -3.175, -3.643, -2.842
-3.425, -3.243, -2.855, -4.686, -1.652, -5.167, -2.955, -4.157, -3.360, -3.416
-3.520, -3.007, -3.360, -3.280, -5.376, -1.585, -3.688, -3.228, -3.190, -3.392
-3.503, -3.702, -3.395, -3.034, -2.701, -6.550, -3.203, -2.772, -3.131, -2.625
-2.888, -3.183, -3.361, -3.413, -2.172, -5.299, -3.803, -2.424, -3.378, -3.791
-3.513, -3.042, -2.069, -4.702, -1.790, -4.508, -2.671, -3.117, -3.558, -3.329
-3.193, -3.212, -3.466, -2.667, -1.883, -5.566, -2.992, -3.139, -3.209, -3.051
-2.965, -2.710, -2.738, -2.609, -5.161, -1.507, -4.128, -3.306, -3.313, -3.192
-3.775, -3.167, -3.455, -2.963, -7.005, -2.883, -3.267, -3.610, -3.409, -3.182
-2.874, -3.249, -3.080, -2.528, -1.336, -4.462, -3.115, -3.213, -3.023, -2.612
-3.014, -3.286, -3.107, -3.566, -2.640, -5.972, -3.464, -2.587, -3.589, -3.568
-3.073, -3.099, -4.049, -4.703, -1.309, -4.600, -2.922, -2.978, -3.505, -2.893
-3.327, -3.533, -4.021, -3.872, -1.511, -5.689, -3.414, -3.207, -2.929, -3.599
-2.972, -3.325, -3.768, -3.227, -6.420, -2.562, -3.081, -3.717, -3.385, -3.508
-3.148, -3.583, -3.734, -3.290, -5.302, -2.448, -3.615, -2.935, -3.207, -3.279
-3.219, -3.953, -5.238, -4.349, -1.917, -5.354, -2.412, -2.834, -2.969, -4.129
-3.181, -2.965, -3.271, -3.338, -6.396, -2.485, -3.465, -3.078, -3.113, -3.076
-3.314, -3.133, -3.793, -4.038, -6.866, -2.565, -2.899, -2.259, -3.450, -3.227
-2.803, -3.474, -3.871, -2.590, -6.118, -2.582, -2.941, -3.337, -3.533, -4.176
-3.233, -2.961, -3.316, -3.608, -2.659, -6.953, -3.059, -2.924, -3.712, -3.214
-3.551, -3.203, -4.119, -2.936, -6.895, -3.297, -3.751, -3.335, -3.501, -3.274
-3.563, -2.992, -3.409, -3.952, -0.956, -4.130, -3.763, -3.446, -3.355, -3.163
-3.192, -3.585, -3.383, -3.524, -5.587, -2.057, -3.463, -3.527, -3.602, -3.293
-3.341, -3.306, -3.759, -3.223, -3.525, -1.427, -3.627, -3.786, -3.294, -3.130
-3.219, -3.548, -3.126, -2.694, -2.934, -5.593, -2.023, -4.132, -2.736, -3.934
-3.394, -3.543, -3.498, -2.363, -6.890, -1.790, -2.758, -3.194, -3.594, -3.475
-4.093, -4.243, -3.788, -2.255, -4.001, -1.372, -2.369, -3.534, -2.997, -3.106
-3.180, -3.637, -2.774, -2.468, -5.157, -2.042, -4.168, -3.421, -2.952, -3.683
-3.058, -2.915, -3.505, -2.444, -7.827, -3.027, -2.002, -3.183, -3.455, -3.384
-3.281, -3.499, -4.281, -2.817, -4.872, -2.131, -3.299, -3.469, -3.277, -3.613
-3.238, -3.342, -2.963, -2.351, -3.840, -1.589, -3.563, -3.116, -3.604, -3.259
-3.406, -3.144, -4.034, -2.377, -3.952, -1.071, -2.926, -3.574, -3.887, -2.989
-3.026, -2.841, -3.922, -4.676, -1.321, -4.093, -2.676, -4.107, -3.481, -3.221
-3.631, -3.076, -3.412, -3.513, -8.878, -3.582, -2.910, -3.590, -3.624, -3.380
-3.430, -3.932, -3.959, -2.825, -2.470, -6.076, -3.197, -2.885, -3.148, -3.452
-3.030, -2.596, -3.215, -4.441, -0.937, -4.314, -3.727, -3.363, -2.713, -3.725
-3.431, -3.327, -3.027, -2.417, -5.359, -1.977, -3.100, -3.454, -3.380, -3.289
-3.093, -2.773, -3.329, -2.374, -5.486, -1.999, -3.620, -2.937, -3.043, -3.521
-2.653, -3.691, -3.416, -4.925, -5.333, -1.846, -3.786, -2.683, -4.008, -2.429
-3.202, -3.301, -2.811, -3.038, -1.975, -6.584, -4.379, -2.281, -3.776, -2.882
-2.776, -3.217, -3.859, -2.550, -5.369, -2.284, -2.556, -3.015, -3.640, -2.955
-3.773, -3.458, -3.205, -3.949, -0.938, -4.037, -4.325, -3.405, -2.887, -3.076
-3.457, -3.250, -3.696, -2.942, -6.060, -1.490, -3.341, -3.479, -3.389, -3.428
-3.039, -2.868, -2.759, -5.250, -1.599, -4.688, -3.121, -3.659, -2.963, -3.361
-3.031, -3.470, -3.909, -2.349, -7.067, -2.509, -3.750, -3.396, -4.276, -3.055
-3.389, -3.091, -3.480, -2.958, -6.576, -2.776, -3.371, -3.296, -3.525, -3.280
-4.406, -3.434, -3.025, -3.445, -1.685, -4.863, -2.867, -3.524, -2.906, -4.049
-3.360, -2.636, -3.233, -3.566, -1.403, -4.318, -3.087, -3.537, -4.186, -3.226
-2.993, -3.985, -3.680, -4.049, -1.491, -4.484, -3.179, -4.077, -3.825, -3.094
-3.202, -3.794, -3.934, -2.865, -7.218, -2.539, -3.392, -3.512, -3.163, -3.846
-2.844, -2.734, -5.220, -3.471, -5.433, -2.385, -2.773, -2.804, -3.909, -2.831
-3.237, -2.733, -3.171, -4.133, -1.738, -4.523, -3.165, -3.867, -3.342, -3.393
-3.541, -2.645, -3.028, -4.019, -2.473, -6.700, -3.286, -2.884, -3.855, -3.287
-3.898, -3.114, -3.050, -3.331, -1.426, -4.216, -2.886, -3.767, -3.935, -3.359
-3.092, -2.784, -3.535, -3.635, -1.711, -5.271, -3.321, -2.815, -3.658, -3.412
-3.431, -3.443, -3.932, -3.543, -7.557, -2.989, -3.553, -3.220, -3.429, -3.229
-3.467, -3.358, -3.265, -2.783, -4.314, -1.292, -3.017, -3.664, -3.733, -3.458
-3.505, -2.714, -3.548, -4.201, -0.701, -4.026, -3.696, -3.579, -3.245, -3.109
-3.386, -3.177, -3.578, -2.673, -7.186, -3.223, -2.959, -2.595, -3.544, -3.106
-3.678, -2.907, -3.569, -3.361, -1.567, -4.988, -3.503, -2.426, -3.881, -3.454
-3.364, -2.434, -3.077, -2.888, -0.841, -3.735, -3.697, -2.692, -2.503, -3.393
-3.699, -3.190, -3.054, -3.866, -1.826, -4.460, -3.674, -4.535, -3.556, -2.852
-2.996, -3.466, -3.340, -4.085, -8.245, -2.484, -3.104, -2.434, -3.479, -3.613
-3.688, -3.362, -2.650, -2.305, -6.162, -1.634, -2.810, -3.315, -3.205, -3.522
-3.632, -3.435, -2.931, -3.592, -2.114, -6.230, -3.526, -3.052, -3.726, -3.488
-3.234, -2.921, -3.662, -3.752, -1.839, -5.654, -3.744, -3.682, -3.375, -3.090
-3.928, -3.792, -3.451, -4.375, -1.092, -4.087, -4.001, -2.920, -3.515, -3.731
-2.972, -3.389, -2.886, -3.335, -2.143, -6.137, -4.989, -2.973, -3.709, -2.750
-3.662, -3.859, -4.319, -2.712, -5.785, -2.970, -2.663, -3.411, -4.148, -3.324
-2.825, -3.533, -2.848, -5.575, -1.751, -4.009, -3.064, -3.539, -2.854, -3.060
-3.460, -3.366, -3.566, -4.735, -2.640, -5.571, -3.583, -3.225, -3.689, -3.319
-4.041, -3.463, -3.544, -4.053, -4.306, -1.516, -2.842, -3.035, -2.747, -3.236
-3.433, -3.400, -3.148, -2.520, -2.030, -5.331, -3.252, -2.933, -2.939, -2.781
-2.907, -2.493, -3.282, -4.312, -1.821, -4.057, -2.590, -3.659, -3.497, -3.679
-3.269, -3.172, -3.266, -2.397, -5.826, -2.443, -3.250, -3.667, -3.416, -3.353
-3.491, -3.601, -2.766, -2.443, -17.281, -3.317, -3.368, -3.412, -3.225, -2.792
-3.437, -3.474, -2.978, -3.239, -8.146, -2.163, -3.244, -2.493, -2.643, -3.233
-3.388, -2.692, -3.683, -2.848, -1.256, -5.597, -3.149, -3.297, -3.718, -3.728
-2.788, -3.092, -3.875, -4.396, -7.114, -2.120, -2.684, -2.489, -3.695, -3.054
-2.939, -2.818, -3.255, -4.212, -2.233, -5.146, -2.829, -3.967, -3.179, -3.273
-2.871, -3.538, -3.167, -3.978, -5.494, -1.594, -3.766, -3.317, -3.389, -2.847
-3.489, -3.287, -2.649, -2.409, -8.870, -2.943, -3.063, -3.289, -3.480, -3.451
-3.414, -3.013, -3.059, -4.634, -1.762, -4.334, -3.369, -3.697, -3.320, -3.460
-3.210, -3.446, -3.342, -3.898, -8.091, -3.255, -3.726, -1.828, -3.080, -3.147
-3.055, -3.658, -3.130, -2.931, -5.338, -2.363, -3.636, -3.134, -3.145, -3.171
-3.362, -3.111, -3.376, -3.392, -0.978, -3.996, -3.546, -3.399, -3.274, -3.119
-2.339, -2.974, -3.506, -3.311, -2.074, -5.071, -3.276, -4.265, -3.833, -3.033
-3.338, -3.246, -3.262, -3.446, -1.102, -4.134, -3.770, -3.082, -3.200, -3.170
-3.262, -2.837, -3.083, -3.382, -1.828, -7.594, -3.621, -2.666, -3.895, -2.939
-3.170, -3.689, -3.429, -3.254, -6.663, -2.361, -3.074, -2.161, -3.450, -3.215
-3.874, -3.663, -2.955, -3.268, -4.245, -1.444, -4.479, -3.146, -2.399, -3.551
-3.321, -3.118, -4.233, -3.176, -4.064, -1.791, -3.213, -3.224, -3.048, -3.310
-3.399, -3.205, -3.360, -2.048, -5.625, -2.806, -3.333, -2.972, -3.565, -3.633
-3.751, -2.356, -3.690, -2.810, -5.146, -2.508, -3.046, -3.317, -3.321, -3.323
-3.839, -3.806, -3.343, -3.485, -2.314, -6.343, -3.986, -2.406, -3.319, -2.853
-3.362, -3.527, -3.371, -2.694, -2.030, -6.343, -3.355, -2.333, -3.787, -3.129
-3.262, -2.651, -2.296, -4.092, -2.183, -4.340, -2.775, -3.274, -3.089, -3.327
-2.980, -2.816, -3.183, -3.166, -5.405, -2.242, -3.361, -2.608, -2.878, -3.737
-3.035, -2.910, -2.931, -2.981, -1.572, -4.911, -3.084, -2.909, -3.476, -3.100
-3.432, -3.128, -3.748, -3.945, -1.519, -6.196, -3.247, -2.846, -3.648, -3.308
-3.466, -3.895, -3.121, -3.545, -2.866, -6.087, -2.555, -3.154, -3.126, -3.236
-3.027, -3.773, -3.544, -2.733, -2.207, -6.544, -3.301, -3.038, -3.525, -2.878
-2.992, -3.246, -3.490, -4.011, -1.577, -6.217, -3.791, -3.520, -3.476, -3.319
-3.111, -2.828, -3.910, -5.554, -1.311, -5.621, -3.434, -4.105, -2.986, -3.374
-2.933, -3.424, -3.717, -2.741, -6.884, -2.783, -2.640, -3.268, -3.654, -3.249
-3.478, -3.203, -3.825, -3.360, -2.953, -6.612, -2.759, -3.658, -3.428, -3.053
-3.340, -3.247, -3.063, -3.367, -1.802, -5.202, -3.908, -2.229, -3.546, -3.404
-2.978, -3.649, -3.630, -3.715, -2.049, -5.963, -2.904, -3.491, -3.048, -3.300
-3.187, -2.497, -3.157, -3.067, -9.930, -3.489, -2.683, -3.269, -3.224, -3.612
-3.194, -3.371, -3.441, -4.234, -2.426, -6.401, -3.358, -3.481, -3.406, -3.471
-3.190, -3.440, -3.862, -2.069, -4.557, -2.223, -4.164, -3.607, -3.406, -3.445
-3.117, -3.516, -3.098, -3.193, -10.409, -4.135, -3.197, -3.159, -2.920, -3.138
-3.242, -3.549, -3.169, -2.014, -5.068, -1.812, -2.763, -3.515, -3.430, -3.408
-3.184, -3.996, -2.854, -2.962, -5.573, -1.907, -2.829, -3.458, -2.883, -3.436
-2.925, -3.804, -3.568, -3.090, -11.485, -3.269, -2.721, -3.386, -3.682, -3.284
-3.679, -2.898, -3.804, -2.604, -6.031, -2.757, -2.832, -4.060, -3.520, -4.160
-3.392, -3.094, -4.008, -4.297, -1.633, -4.528, -3.409, -3.543, -2.665, -3.174
-3.561, -3.387, -3.073, -2.872, -11.221, -3.402, -2.956, -3.236, -3.522, -2.984
-2.850, -3.095, -2.800, -3.767, -1.635, -4.664, -3.258, -3.068, -3.957, -3.097
-3.209, -2.981, -3.825, -4.428, -1.893, -5.705, -3.768, -3.503, -3.503, -2.977
-3.261, -3.181, -3.000, -3.162, -5.160, -1.970, -2.932, -3.738, -3.209, -3.472
-3.320, -3.316, -3.205, -2.652, -10.029, -3.940, -3.395, -3.453, -3.399, -3.395
-3.430, -2.826, -3.147, -3.530, -2.093, -4.781, -2.875, -2.884, -3.385, -3.414
-3.217, -2.788, -4.805, -3.120, -6.368, -2.915, -4.198, -4.017, -3.371, -3.981
-3.268, -3.322, -3.306, -2.944, -1.740, -5.379, -3.187, -2.439, -3.593, -3.392
-2.977, -3.231, -3.359, -3.927, -6.352, -2.330, -3.588, -2.915, -3.244, -2.599
-3.348, -3.413, -3.102, -4.240, -9.248, -3.092, -3.927, -2.023, -3.041, -3.133
-3.235, -2.712, -3.101, -4.445, -2.108, -4.854, -3.376, -3.198, -2.907, -3.207
-2.680, -3.013, -3.803, -5.434, -1.018, -3.540, -3.249, -3.412, -3.133, -2.976
-3.162, -3.164, -3.012, -2.622, -6.712, -3.097, -3.648, -3.079, -3.572, -3.289
-3.622, -3.420, -4.007, -3.952, -1.181, -4.300, -3.504, -3.143, -3.654, -3.553
-3.019, -3.037, -3.756, -5.271, -1.799, -3.980, -2.473, -3.529, -3.549, -3.091
-3.553, -3.180, -2.808, -2.325, -4.470, -1.673, -3.835, -3.501, -3.725, -3.102
-3.768, -3.253, -2.724, -2.855, -1.626, -4.750, -3.768, -3.804, -4.345, -2.596
-3.409, -3.341, -3.258, -3.580, -10.750, -3.851, -3.305, -2.736, -3.591, -3.322
-3.549, -3.202, -2.896, -3.320, -1.794, -4.605, -3.214, -3.611, -3.133, -3.713
-3.854, -3.248, -3.165, -3.574, -5.384, -2.177, -3.651, -3.203, -2.917, -3.202
-2.450, -2.762, -2.836, -3.438, -1.983, -4.630, -3.901, -3.670, -3.064, -3.091
-2.991, -3.529, -3.852, -3.472, -1.928, -5.701, -1.626, -3.280, -4.508, -4.087
-2.703, -3.747, -3.561, -3.732, -1.712, -4.514, -3.147, -3.420, -3.351, -3.366
-4.245, -3.448, -2.413, -3.204, -7.818, -2.475, -5.374, -2.427, -3.026, -2.998
-3.348, -3.050, -3.287, -3.222, -5.451, -1.696, -2.998, -2.757, -3.374, -3.134
-3.382, -3.118, -3.500, -2.981, -1.285, -5.386, -2.561, -3.458, -3.112, -4.042
-2.689, -3.862, -3.576, -3.794, -1.646, -4.601, -3.187, -4.108, -3.454, -3.374
-3.178, -3.629, -3.354, -3.817, -7.947, -2.895, -3.392, -2.605, -3.409, -3.134
-3.239, -3.532, -3.061, -2.540, -5.685, -1.909, -3.313, -3.170, -3.036, -3.040
-3.038, -2.673, -3.589, -4.471, -1.175, -4.769, -3.671, -3.363, -2.557, -3.516
-3.585, -2.581, -3.219, -2.494, -1.538, -4.780, -3.525, -3.072, -2.752, -3.396
-3.275, -3.725, -2.461, -4.181, -1.674, -3.672, -3.048, -4.054, -3.412, -3.152
-2.934, -3.773, -2.847, -3.347, -7.380, -2.416, -3.104, -2.706, -3.267, -2.973
-3.177, -2.455, -3.523, -2.504, -3.808, -1.277, -3.962, -3.820, -3.481, -3.544
-3.192, -3.475, -3.018, -4.034, -1.916, -5.218, -4.057, -3.254, -3.005, -3.288
-2.812, -2.933, -3.280, -2.849, -6.356, -2.182, -4.020, -3.260, -2.707, -2.751
-3.364, -2.871, -2.925, -2.549, -5.818, -2.384, -4.161, -2.939, -3.314, -3.400
-3.577, -2.781, -3.598, -3.572, -4.515, -1.859, -3.957, -3.659, -3.556, -3.014
-3.178, -3.502, -3.387, -3.190, -5.525, -2.295, -3.067, -3.305, -3.146, -3.322
-2.720, -2.877, -3.499, -5.128, -0.975, -4.078, -3.495, -3.648, -3.199, -3.176
-3.268, -3.251, -3.196, -3.513, -5.821, -2.114, -3.475, -3.325, -3.784, -3.576
-3.134, -3.438, -3.236, -2.866, -6.525, -2.407, -3.391, -3.799, -3.373, -3.335
-2.991, -2.445, -3.653, -4.337, -0.920, -3.965, -3.394, -3.219, -3.187, -3.491
-3.619, -3.339, -3.739, -4.083, -3.180, -7.392, -3.290, -2.645, -3.270, -3.332
-3.147, -3.483, -3.912, -5.440, -0.622, -3.169, -3.534, -3.812, -3.239, -3.324
-3.810, -3.541, -3.108, -3.625, -0.818, -3.508, -3.654, -4.185, -2.946, -3.217
-2.618, -2.335, -3.564, -3.370, -1.557, -4.623, -2.964, -2.737, -3.382, -2.235
-3.282, -3.650, -3.455, -3.017, -5.243, -2.347, -3.280, -3.489, -3.489, -3.212
-3.660, -3.633, -3.919, -3.224, -5.049, -2.164, -3.185, -3.670, -3.410, -3.343
-2.730, -3.234, -4.273, -5.897, -1.108, -4.719, -3.091, -4.340, -3.103, -3.342
-2.971, -2.631, -3.153, -4.446, -2.457, -5.714, -3.659, -3.292, -3.374, -3.424
-3.281, -2.830, -3.390, -2.975, -0.907, -3.740, -3.325, -4.328, -3.149, -3.264
-3.430, -3.540, -5.156, -3.501, -5.674, -3.144, -3.821, -2.570, -3.374, -3.498
-3.771, -3.010, -3.281, -3.316, -1.622, -4.810, -3.977, -2.869, -3.675, -3.241
-3.360, -3.037, -3.507, -3.922, -1.869, -5.495, -3.575, -2.699, -3.554, -3.323
-3.388, -3.129, -4.186, -2.823, -5.565, -2.542, -3.176, -3.442, -3.359, -3.144
-3.216, -2.799, -2.900, -3.406, -6.248, -2.565, -3.799, -3.777, -3.861, -3.376
-2.733, -4.304, -3.592, -2.941, -2.497, -6.418, -3.243, -3.181, -3.939, -4.104
-3.481, -3.031, -3.028, -5.108, -2.235, -4.347, -2.529, -4.289, -3.089, -3.168
-3.850, -3.390, -3.420, -2.431, -4.430, -1.976, -3.440, -2.929, -3.137, -4.825
-3.269, -3.121, -4.381, -2.897, -1.800, -6.330, -2.656, -3.253, -3.393, -4.294
-3.102, -2.422, -4.392, -3.229, -1.372, -5.917, -2.483, -3.942, -3.498, -2.929
-3.598, -2.953, -3.378, -3.488, -7.609, -2.511, -3.312, -2.918, -3.312, -3.056
-3.767, -3.572, -3.325, -4.007, -1.986, -4.632, -3.415, -4.072, -3.385, -3.151
-3.611, -3.805, -2.610, -4.278, -5.520, -1.545, -3.844, -4.437, -2.513, -4.049
-2.601, -3.255, -3.327, -4.193, -4.243, -1.389, -4.161, -3.671, -4.208, -3.298
-2.841, -3.189, -4.583, -4.176, -4.861, -1.972, -2.579, -2.844, -3.283, -3.012
-3.692, -3.457, -3.228, -3.570, -0.944, -3.775, -3.306, -3.001, -3.744, -3.332
-4.468, -3.100, -3.674, -2.865, -4.884, -2.044, -3.898, -2.572, -3.030, -3.135
-3.904, -2.535, -3.819, -2.809, -5.254, -2.212, -2.766, -2.949, -2.736, -4.079
-3.107, -3.070, -1.938, -3.174, -2.352, -4.402, -2.254, -3.669, -4.023, -2.669
-3.136, -3.618, -3.437, -3.736, -2.840, -5.609, -2.363, -3.147, -3.359, -3.168
-3.687, -2.481, -3.348, -3.357, -0.808, -4.450, -3.683, -3.385, -3.372, -3.333
-3.080, -3.990, -2.950, -3.042, -2.208, -5.459, -3.497, -3.472, -3.194, -3.256
-3.573, -3.127, -3.466, -2.285, -6.357, -3.176, -3.973, -3.279, -3.290, -3.371
-3.401, -3.517, -3.133, -3.037, -2.100, -6.832, -3.703, -3.134, -3.372, -3.185
-2.139, -2.893, -3.250, -3.383, -9.326, -3.042, -2.874, -2.782, -3.899, -2.705
-2.742, -2.964, -2.642, -2.499, -7.399, -1.940, -2.908, -3.861, -2.856, -3.051
-3.820, -3.351, -3.269, -2.785, -5.851, -2.633, -2.985, -3.172, -3.691, -3.390
-3.170, -2.960, -2.950, -3.263, -5.210, -1.946, -3.334, -2.639, -2.900, -3.691
-3.231, -2.876, -4.167, -3.049, -5.426, -2.130, -3.046, -3.088, -3.723, -3.543
-3.533, -2.795, -2.764, -3.690, -1.899, -6.342, -4.470, -2.397, -3.530, -2.881
-3.526, -3.313, -3.551, -2.621, -6.253, -2.745, -2.642, -3.022, -3.871, -3.405
-3.302, -3.264, -3.242, -4.165, -1.919, -4.736, -3.482, -3.356, -2.996, -3.516
-3.138, -2.191, -3.533, -3.612, -1.070, -4.658, -2.872, -2.522, -3.278, -3.213
-3.571, -2.789, -3.283, -3.781, -1.654, -7.488, -3.765, -2.902, -3.631, -2.900
-2.766, -3.944, -3.358, -3.433, -3.349, -7.346, -2.988, -3.165, -3.109, -3.467
-3.337, -3.116, -2.613, -3.899, -1.675, -3.990, -2.917, -3.192, -3.246, -3.134
-3.267, -3.342, -4.299, -3.203, -4.499, -1.980, -3.877, -3.448, -3.443, -3.481
-3.594, -3.264, -2.987, -2.615, -5.589, -2.273, -3.630, -3.121, -3.183, -3.846
-3.261, -3.594, -2.668, -4.385, -1.525, -4.314, -3.232, -3.577, -2.904, -3.170
-4.084, -3.669, -2.485, -3.282, -8.048, -2.797, -4.423, -3.514, -2.907, -3.143
-3.094, -3.656, -2.580, -4.365, -2.922, -5.026, -2.982, -3.219, -3.376, -3.381
-3.253, -3.223, -3.582, -3.174, -1.549, -4.167, -1.934, -3.571, -3.380, -3.635
-3.406, -3.248, -3.568, -3.867, -4.999, -1.348, -3.622, -4.373, -3.205, -2.987
-3.229, -3.004, -4.044, -2.566, -5.789, -2.694, -3.991, -3.202, -3.425, -3.460
-3.101, -2.201, -3.036, -3.513, -1.644, -4.746, -3.430, -2.793, -3.345, -3.440
-3.293, -3.253, -2.957, -4.700, -2.425, -4.641, -3.006, -3.690, -3.369, -3.337
-3.267, -3.120, -3.770, -2.408, -5.556, -2.119, -3.007, -3.687, -3.592, -3.525
-3.298, -3.567, -4.171, -3.721, -1.868, -5.815, -3.176, -3.858, -3.147, -3.464
-3.528, -3.218, -3.238, -3.162, -1.867, -5.041, -3.563, -2.568, -3.838, -3.278
-3.194, -2.650, -3.568, -3.828, -1.114, -4.765, -3.204, -3.103, -3.420, -3.353
-2.652, -3.607, -3.221, -3.216, -5.751, -2.177, -3.123, -3.136, -4.215, -2.838
-3.406, -3.011, -3.049, -2.600, -8.329, -3.190, -2.219, -3.754, -3.998, -3.010
-3.129, -2.854, -3.698, -3.071, -1.518, -4.544, -3.058, -3.292, -3.149, -3.297
-4.383, -4.211, -3.544, -3.523, -2.362, -6.296, -3.019, -3.117, -3.871, -3.232
-3.288, -3.267, -3.057, -3.326, -6.916, -2.660, -3.096, -3.397, -3.352, -3.277
-3.087, -3.792, -3.351, -2.526, -2.188, -5.774, -3.410, -2.895, -3.306, -3.736
-3.168, -3.247, -4.056, -3.927, -2.335, -5.864, -2.561, -3.960, -2.973, -3.482
-3.594, -4.949, -3.962, -5.994, -0.815, -3.160, -3.700, -4.237, -3.702, -3.162
-3.113, -3.012, -3.260, -4.541, -2.489, -6.220, -3.558, -3.514, -3.195, -3.436
-3.445, -3.495, -3.636, -5.515, -1.719, -5.817, -4.346, -4.502, -3.036, -3.744
-3.157, -3.552, -3.013, -3.402, -8.284, -2.463, -3.457, -3.376, -3.463, -3.089
-2.971, -3.591, -2.868, -2.631, -6.264, -2.606, -3.766, -3.524, -3.400, -3.288
-3.597, -3.010, -2.683, -2.561, -1.860, -5.395, -4.139, -3.127, -2.903, -3.654
-3.164, -3.872, -2.928, -2.943, -2.498, -5.611, -3.279, -2.909, -3.119, -3.250
-3.411, -3.097, -3.333, -3.150, -8.628, -3.820, -3.629, -3.111, -3.198, -3.341
-2.666, -2.979, -4.473, -5.251, -0.766, -4.093, -3.042, -3.569, -3.266, -3.130
-3.464, -3.369, -2.769, -2.572, -6.926, -2.131, -3.685, -2.954, -3.139, -2.982
-3.299, -3.338, -3.400, -4.183, -1.394, -4.299, -3.635, -3.622, -3.195, -3.103
-3.098, -2.878, -3.613, -4.506, -1.328, -6.056, -3.822, -4.261, -3.110, -3.408
-3.203, -3.543, -3.393, -3.545, -2.326, -7.535, -3.657, -3.250, -3.375, -3.546
-3.785, -3.397, -3.393, -3.017, -7.019, -2.925, -4.423, -3.680, -3.039, -3.134
-2.563, -2.974, -3.465, -4.597, -1.312, -4.217, -3.116, -3.411, -2.833, -2.928
-3.119, -2.951, -2.551, -3.865, -2.646, -5.144, -4.201, -3.403, -2.860, -3.040
-3.495, -3.236, -3.224, -3.189, -1.880, -6.675, -3.678, -2.959, -3.285, -3.153
-3.404, -3.599, -3.764, -3.077, -2.215, -6.007, -2.075, -4.414, -3.643, -3.358
-3.147, -3.797, -3.464, -4.725, -4.294, -1.518, -3.785, -2.246, -3.165, -2.605
-2.707, -3.689, -3.721, -4.599, -6.315, -2.345, -3.624, -2.981, -3.193, -3.682
-3.110, -3.390, -3.251, -3.040, -2.154, -5.626, -3.275, -2.814, -3.085, -2.803
-3.611, -2.825, -3.249, -2.384, -5.653, -2.222, -4.182, -3.711, -2.958, -3.739
-2.994, -3.202, -3.482, -4.764, -1.013, -3.978, -3.424, -3.867, -3.371, -2.765
-3.399, -3.374, -3.175, -3.720, -2.123, -5.516, -4.076, -3.208, -3.142, -3.322
-3.476, -3.503, -3.613, -5.188, -1.753, -4.983, -3.617, -3.586, -3.336, -3.330
-2.835, -2.986, -3.373, -3.803, -2.216, -5.627, -3.448, -3.197, -2.758, -3.987
-3.407, -3.527, -3.777, -3.332, -2.096, -5.553, -3.411, -2.595, -3.633, -3.434
-3.219, -3.211, -3.605, -3.410, -5.178, -2.281, -3.497, -3.284, -3.452, -3.122
-3.343, -3.160, -3.235, -3.082, -9.337, -3.918, -3.585, -3.049, -3.500, -3.269
-3.261, -3.602, -3.363, -2.322, -6.115, -1.813, -3.305, -2.795, -3.328, -2.809
-3.093, -2.743, -3.598, -3.915, -2.230, -6.106, -3.049, -2.911, -2.799, -3.576
-2.997, -2.727, -3.314, -1.933, -5.729, -1.955, -2.685, -2.504, -3.125, -3.304
-4.048, -3.301, -3.032, -3.047, -1.576, -5.822, -2.867, -3.031, -4.283, -3.208
-3.236, -3.681, -3.727, -3.194, -4.121, -1.552, -2.849, -3.461, -3.352, -3.384
-3.117, -3.444, -2.845, -2.696, -5.392, -2.420, -3.472, -2.718, -3.541, -3.277
-2.488, -3.733, -2.964, -3.327, -2.625, -5.286, -3.379, -3.271, -3.013, -3.451
-3.403, -2.999, -3.117, -4.408, -1.566, -4.899, -2.838, -3.330, -3.545, -3.053
-3.965, -3.870, -2.804, -3.290, -2.178, -5.654, -4.109, -3.674, -3.259, -3.198
-3.554, -3.628, -3.733, -3.121, -5.071, -2.458, -3.882, -3.331, -3.830, -3.246
-3.014, -3.351, -3.123, -3.174, -4.679, -1.775, -2.959, -3.373, -3.082, -3.291
-3.233, -3.246, -2.950, -2.424, -9.252, -3.747, -4.260, -3.834, -3.644, -3.311
-3.437, -3.040, -3.757, -2.765, -2.001, -5.284, -2.356, -2.588, -3.976, -3.564
-2.871, -3.423, -3.632, -4.288, -4.383, -1.309, -2.805, -2.775, -3.074, -3.343
-2.951, -4.455, -3.735, -3.342, -2.278, -5.448, -3.338, -2.228, -2.827, -3.806
-3.241, -3.510, -3.354, -4.566, -2.020, -4.817, -3.332, -3.195, -3.286, -3.272
-3.781, -2.937, -3.815, -3.612, -1.459, -4.522, -3.399, -3.437, -3.389, -3.260
-4.383, -3.040, -2.805, -2.701, -4.897, -2.226, -3.439, -2.755, -3.538, -3.673
-3.027, -3.713, -3.595, -3.602, -7.578, -2.897, -2.901, -3.105, -3.289, -2.558
-3.420, -3.537, -3.516, -3.121, -6.646, -2.293, -3.233, -4.007, -3.598, -3.428
-3.363, -3.848, -2.846, -3.503, -11.120, -3.463, -3.800, -2.758, -3.137, -2.739
-3.549, -3.020, -3.406, -3.727, -5.188, -1.813, -3.176, -3.152, -3.082, -3.119
-3.309, -3.125, -2.526, -4.379, -2.982, -5.098, -2.596, -2.743, -3.575, -3.010
-3.530, -3.738, -2.657, -3.392, -5.890, -2.048, -3.411, -2.623, -2.853, -3.014
-3.350, -3.145, -2.877, -2.796, -14.717, -3.877, -3.339, -3.617, -3.187, -3.186
-3.246, -3.520, -3.007, -4.310, -1.987, -4.327, -3.476, -3.988, -2.850, -3.547
-2.987, -3.038, -2.596, -3.404, -5.385, -2.049, -3.576, -2.840, -3.040, -3.466
-3.345, -2.570, -3.692, -4.725, -1.542, -4.515, -3.538, -4.208, -3.100, -3.061
-3.111, -3.810, -2.713, -1.877, -5.125, -2.096, -2.740, -2.568, -2.638, -3.401
-3.476, -2.673, -3.227, -2.732, -1.377, -4.688, -3.521, -3.452, -3.675, -2.872
-3.650, -2.738, -2.770, -3.198, -1.179, -3.917, -3.150, -3.458, -3.582, -3.067
-3.115, -3.453, -2.395, -1.664, -5.195, -2.228, -3.627, -3.443, -3.568, -3.876
-2.852, -3.623, -3.261, -3.995, -1.568, -4.391, -3.937, -2.889, -3.365, -3.022
-2.721, -3.089, -3.882, -2.444, -7.938, -2.840, -2.433, -3.121, -3.791, -3.176
-3.043, -2.704, -3.167, -4.169, -1.748, -4.388, -3.192, -3.241, -3.009, -3.251
-3.366, -2.950, -3.405, -4.356, -0.790, -3.427, -4.014, -3.293, -2.972, -3.141
-3.547, -3.400, -4.226, -2.455, -6.653, -3.310, -3.656, -3.484, -3.300, -3.109
-3.470, -3.294, -3.923, -5.684, -0.831, -4.108, -3.735, -4.481, -3.060, -3.473
-3.387, -3.446, -2.864, -2.366, -6.288, -2.437, -3.169, -3.093, -3.593, -2.951
-3.530, -3.109, -3.251, -2.190, -4.419, -1.669, -2.579, -3.728, -3.255, -3.688
-3.622, -3.535, -6.610, -2.285, -3.999, -2.686, -3.975, -3.481, -3.498, -3.478
-2.840, -3.696, -2.718, -3.138, -2.281, -7.094, -4.516, -3.285, -3.418, -2.770
-3.204, -2.908, -3.888, -3.096, -5.850, -2.410, -1.777, -3.192, -4.041, -2.925
-3.736, -3.232, -3.394, -3.092, -2.330, -6.288, -3.296, -3.114, -3.572, -3.399
-3.282, -2.885, -4.124, -4.371, -1.549, -5.935, -2.610, -3.377, -3.239, -3.231
-3.371, -2.937, -3.733, -3.616, -2.092, -5.615, -3.388, -2.834, -3.351, -3.445
-3.626, -4.433, -3.613, -5.637, -1.285, -3.953, -3.459, -4.111, -3.379, -3.659
-3.228, -2.964, -3.660, -2.816, -3.400, -1.243, -3.814, -2.996, -3.425, -3.295
-3.610, -3.357, -3.009, -2.391, -14.329, -4.408, -3.813, -3.528, -3.553, -3.415
-3.481, -3.359, -3.545, -2.816, -1.955, -6.153, -3.313, -3.118, -3.704, -3.600
-3.474, -3.156, -3.135, -3.607, -9.252, -3.708, -3.033, -3.213, -2.811, -3.843
-3.183, -3.552, -3.263, -2.858, -2.267, -6.253, -3.491, -3.146, -3.452, -3.650
-2.638, -3.349, -3.552, -3.588, -2.650, -5.629, -2.900, -3.412, -3.326, -3.733
-3.573, -3.144, -3.708, -4.394, -2.459, -5.662, -3.086, -3.089, -2.925, -3.235
-3.415, -4.237, -2.870, -3.432, -2.620, -6.038, -2.611, -3.471, -3.295, -3.506
-3.346, -3.769, -2.616, -3.454, -6.643, -2.499, -3.483, -2.995, -2.769, -3.031
-3.597, -2.711, -3.003, -3.077, -1.313, -4.651, -3.451, -3.043, -3.313, -3.257
-3.186, -2.821, -2.975, -2.862, -2.516, -7.050, -3.211, -3.509, -4.511, -3.286
-3.300, -3.084, -3.939, -3.005, -5.754, -2.478, -3.516, -3.769, -2.771, -3.218
-3.012, -3.631, -2.524, -3.934, -2.790, -5.347, -2.875, -3.263, -3.512, -3.392
-3.482, -3.507, -3.364, -5.639, -1.647, -4.400, -3.248, -4.705, -3.020, -3.329
-3.557, -3.403, -3.394, -2.390, -5.397, -1.239, -2.749, -3.713, -3.734, -3.282
-3.530, -3.722, -3.178, -2.930, -6.472, -2.862, -3.076, -3.260, -3.537, -3.290
-3.589, -3.212, -3.326, -4.054, -1.095, -3.971, -3.946, -3.326, -3.545, -3.270
-3.612, -3.680, -2.779, -2.395, -26.211, -3.521, -3.275, -3.406, -3.381, -2.971
-3.217, -2.731, -3.704, -4.529, -1.321, -4.974, -3.553, -3.013, -3.100, -3.298
-3.264, -3.111, -3.169, -3.477, -10.624, -2.884, -2.824, -2.385, -3.100, -3.876
-3.377, -3.088, -3.402, -4.480, -1.945, -4.538, -3.311, -3.070, -3.252, -3.281
-3.034, -4.186, -3.048, -3.692, -2.651, -5.465, -3.350, -4.151, -3.352, -3.193
-4.006, -3.744, -4.331, -3.915, -5.392, -2.152, -2.510, -2.493, -2.653, -3.979
-3.437, -4.290, -3.389, -3.301, -2.011, -5.818, -3.435, -2.860, -3.337, -3.290
-3.576, -3.222, -3.267, -3.111, -10.598, -3.978, -3.309, -3.364, -3.343, -3.454
-2.808, -2.992, -3.353, -3.060, -6.836, -2.374, -2.878, -3.065, -3.492, -3.693
-3.959, -4.094, -3.041, -2.997, -3.898, -1.375, -3.585, -3.912, -2.996, -3.217
-2.923, -3.241, -3.689, -3.676, -1.828, -5.345, -3.257, -3.231, -3.231, -3.660
-3.504, -3.379, -3.093, -2.594, -10.492, -3.130, -3.232, -2.941, -3.398, -3.590
-3.185, -3.226, -3.294, -3.887, -2.163, -5.148, -3.671, -2.937, -3.016, -3.734
-4.121, -3.044, -3.445, -3.047, -5.362, -2.371, -3.085, -2.517, -3.196, -4.214
-3.581, -3.584, -3.921, -4.032, -8.572, -3.789, -3.670, -2.921, -3.790, -3.378
-4.809, -3.429, -3.480, -3.731, -5.044, -1.969, -4.771, -2.958, -2.935, -4.313
-2.264, -2.716, -3.186, -2.831, -1.283, -4.196, -3.122, -3.985, -2.704, -3.581
-3.269, -2.243, -2.966, -3.712, -1.336, -4.411, -3.452, -2.625, -3.063, -3.030
-3.180, -3.420, -3.554, -2.256, -6.643, -1.894, -3.851, -2.422, -3.253, -3.063
-4.249, -3.613, -2.582, -2.950, -7.162, -2.342, -3.939, -2.769, -3.068, -4.710
-3.775, -3.006, -2.978, -4.290, -2.251, -4.897, -3.120, -3.617, -3.698, -3.116
-3.646, -3.387, -3.685, -5.631, -0.857, -4.254, -3.624, -3.613, -3.142, -3.978
-3.141, -3.460, -3.104, -3.397, -1.137, -4.293, -3.832, -3.308, -3.000, -3.208
-3.378, -3.212, -3.803, -3.461, -5.500, -2.518, -3.579, -3.204, -3.586, -3.515
-3.314, -3.066, -3.163, -3.089, -1.933, -5.597, -3.516, -2.445, -3.570, -3.605
-3.333, -3.073, -3.381, -3.050, -2.807, -5.985, -2.818, -3.004, -2.640, -3.044
-3.270, -3.592, -3.496, -3.514, -2.326, -6.395, -3.606, -3.185, -3.050, -3.441
-3.493, -2.976, -3.934, -3.231, -2.457, -7.145, -3.420, -2.632, -3.495, -2.859
-3.075, -3.177, -2.927, -2.366, -7.044, -2.120, -3.333, -2.573, -3.290, -3.088
-3.368, -2.677, -3.694, -1.580, -5.010, -2.646, -4.427, -3.085, -2.947, -3.407
-3.669, -3.711, -3.059, -3.229, -6.612, -2.851, -3.449, -3.519, -3.606, -3.323
-3.284, -3.558, -3.253, -2.574, -2.265, -6.180, -3.023, -3.283, -2.954, -2.381
-4.187, -3.733, -2.771, -4.221, -7.204, -2.026, -5.874, -3.471, -3.277, -2.565
-3.462, -2.983, -2.507, -1.552, -7.036, -2.745, -3.306, -2.653, -3.304, -3.502
-3.324, -3.200, -3.837, -3.135, -6.934, -3.284, -3.937, -2.973, -3.163, -3.207
-3.363, -3.270, -2.639, -5.087, -1.600, -4.748, -2.640, -3.615, -3.518, -3.591
-3.042, -3.146, -3.098, -2.471, -8.130, -2.534, -2.967, -2.868, -3.211, -3.482
-3.619, -3.536, -3.148, -3.172, -8.500, -3.514, -3.671, -3.078, -3.397, -3.141
-3.686, -2.975, -3.494, -3.480, -2.272, -5.863, -3.274, -2.527, -3.506, -3.579
-3.467, -3.439, -2.969, -3.140, -6.000, -2.575, -3.753, -3.006, -3.428, -2.992
-3.334, -3.545, -2.824, -2.732, -11.585, -3.551, -3.145, -3.062, -3.152, -3.013
-3.505, -2.856, -3.553, -4.099, -0.762, -3.676, -3.485, -3.310, -3.315, -3.492
-3.607, -3.312, -4.082, -3.693, -2.273, -5.180, -2.488, -3.252, -2.982, -3.474
-3.600, -2.772, -3.415, -2.528, -2.291, -5.724, -3.375, -4.705, -3.506, -3.451
-2.720, -3.359, -3.734, -3.621, -4.193, -1.175, -2.755, -2.373, -3.321, -2.993
-3.175, -3.344, -3.041, -2.796, -4.686, -1.758, -3.312, -2.958, -3.511, -3.389
-3.055, -3.756, -2.922, -2.905, -5.232, -2.147, -3.467, -3.355, -3.136, -3.504
-3.487, -3.459, -3.129, -3.985, -8.127, -2.777, -3.382, -3.000, -2.796, -2.875
-3.124, -2.954, -2.968, -4.118, -2.943, -6.705, -3.984, -3.682, -2.922, -3.529
-3.681, -3.718, -3.421, -2.731, -7.175, -3.289, -3.550, -3.557, -4.230, -3.256
-3.375, -3.204, -3.097, -2.489, -7.112, -3.444, -3.492, -3.046, -3.575, -3.158
-3.522, -2.565, -3.293, -3.666, -0.706, -3.531, -3.829, -2.837, -3.328, -2.988
-3.188, -3.688, -3.106, -2.891, -5.631, -2.218, -3.309, -2.951, -3.529, -3.370
-3.257, -3.523, -3.302, -3.440, -1.416, -4.725, -3.702, -2.715, -3.507, -3.743
-3.519, -3.214, -2.739, -2.396, -8.072, -2.815, -2.851, -3.127, -3.564, -3.444
-2.689, -3.756, -3.528, -3.125, -1.432, -4.350, -3.406, -3.973, -2.842, -2.866
-3.723, -2.880, -3.255, -3.202, -2.612, -6.080, -3.386, -3.182, -3.131, -3.619
-3.086, -3.344, -3.127, -2.650, -7.057, -3.135, -3.461, -3.616, -2.609, -2.784
-3.517, -3.264, -3.884, -3.498, -4.935, -2.182, -3.648, -3.426, -3.369, -3.301
-2.652, -3.149, -3.432, -3.659, -7.734, -2.210, -3.299, -3.450, -3.062, -2.931
-3.422, -2.797, -3.141, -4.428, -1.966, -4.358, -3.364, -3.665, -3.063, -3.265
-3.211, -3.230, -3.964, -2.724, -6.715, -2.844, -3.306, -2.967, -3.732, -3.038
-3.292, -3.153, -2.471, -4.286, -2.138, -4.490, -3.180, -3.391, -3.084, -3.188
-3.052, -2.253, -2.444, -4.515, -1.217, -4.426, -3.510, -2.829, -2.665, -3.180
-3.512, -3.297, -2.705, -2.628, -4.953, -2.033, -3.071, -3.096, -3.142, -3.516
-3.851, -2.459, -3.548, -3.436, -2.690, -6.012, -2.973, -3.073, -3.276, -2.614
-3.309, -2.729, -3.840, -2.791, -5.769, -2.303, -3.807, -2.807, -3.406, -3.271
-3.354, -3.682, -2.868, -2.387, -inf, -3.503, -3.068, -3.211, -3.410, -3.104
-3.537, -3.405, -4.007, -2.306, -9.657, -4.414, -3.785, -3.779, -3.354, -3.447
-3.172, -3.291, -3.548, -3.971, -1.573, -4.713, -3.620, -3.155, -3.566, -2.872
-3.219, -3.444, -3.396, -3.258, -1.066, -3.796, -3.412, -5.582, -3.056, -3.209
-2.663, -3.189, -4.334, -3.305, -5.037, -2.628, -3.972, -2.480, -2.679, -2.964
-3.739, -3.019, -2.812, -2.935, -1.012, -4.097, -3.620, -3.703, -3.389, -3.093
-3.172, -3.416, -4.139, -3.343, -5.758, -2.227, -4.194, -3.574, -3.329, -2.993
-3.391, -2.682, -3.140, -3.659, -2.759, -5.470, -2.950, -3.866, -3.580, -3.179
-3.055, -2.726, -3.649, -4.307, -1.944, -5.758, -4.116, -3.000, -2.975, -3.404
-3.126, -3.437, -3.164, -3.059, -2.029, -5.507, -4.248, -3.756, -3.354, -3.149
-3.658, -3.389, -2.978, -2.817, -7.161, -3.048, -3.543, -3.363, -3.503, -3.328
-3.513, -3.064, -3.450, -2.882, -6.460, -2.918, -3.485, -3.447, -3.342, -3.169
-2.972, -3.125, -3.140, -3.386, -4.756, -1.952, -4.226, -3.102, -3.686, -3.861
-3.224, -3.162, -4.152, -3.475, -7.144, -2.688, -3.433, -3.272, -3.482, -3.699
-2.151, -2.318, -2.557, -4.360, -2.212, -4.413, -4.374, -3.144, -2.558, -2.764
-2.875, -3.533, -3.411, -4.248, -1.652, -5.107, -3.574, -2.918, -3.494, -3.407
-3.533, -3.236, -3.803, -3.853, -5.701, -2.391, -3.431, -3.130, -2.971, -3.170
-3.355, -3.395, -7.415, -3.396, -4.117, -2.541, -3.930, -3.147, -3.351, -3.200
-3.612, -3.279, -3.494, -3.825, -1.730, -5.899, -3.408, -3.359, -3.410, -3.911
-3.310, -3.611, -3.644, -2.511, -6.654, -1.984, -3.255, -3.372, -3.392, -3.766
-3.262, -3.629, -3.077, -2.465, -2.920, -6.845, -3.116, -2.597, -3.291, -3.310
-3.631, -3.189, -3.171, -2.235, -1.785, -5.397, -3.460, -2.992, -3.012, -4.048
-2.970, -3.282, -3.610, -4.080, -7.066, -2.830, -2.975, -3.423, -3.333, -2.925
-3.440, -3.533, -2.936, -2.929, -7.018, -2.170, -3.302, -3.697, -3.026, -3.374
-3.295, -3.521, -3.089, -3.579, -10.501, -3.401, -3.353, -2.754, -3.260, -3.369
-2.552, -3.937, -3.623, -3.803, -1.701, -4.477, -3.042, -4.361, -3.358, -3.396
-3.570, -3.170, -3.233, -3.108, -1.808, -6.610, -3.904, -3.348, -2.821, -4.111
-3.640, -2.926, -3.818, -4.144, -5.604, -2.003, -2.737, -3.323, -2.900, -3.483
-3.305, -2.496, -3.378, -4.233, -1.787, -5.169, -3.069, -3.348, -3.644, -2.916
-3.120, -3.683, -3.456, -3.871, -6.389, -1.777, -2.602, -3.718, -3.319, -3.209
-3.381, -3.391, -3.411, -3.249, -7.089, -2.441, -2.893, -3.002, -3.697, -3.574
-2.884, -2.217, -3.561, -3.934, -0.781, -4.101, -3.361, -2.609, -2.954, -3.240
-2.761, -3.763, -3.035, -3.785, -7.135, -2.638, -3.807, -3.226, -3.809, -2.766
-3.194, -3.463, -3.523, -3.129, -7.441, -3.246, -3.458, -3.391, -3.755, -3.301
-2.898, -3.970, -3.740, -4.079, -2.742, -7.334, -3.996, -2.781, -3.076, -3.272
-3.000, -3.416, -3.340, -4.921, -1.511, -4.554, -2.816, -3.162, -3.377, -3.577
-2.790, -3.687, -3.915, -3.366, -6.173, -2.725, -2.784, -3.503, -4.144, -3.040
-2.871, -2.550, -3.664, -3.901, -1.474, -6.047, -3.975, -3.126, -3.171, -3.088
-3.172, -3.522, -3.548, -3.806, -1.901, -4.761, -2.862, -3.323, -3.479, -3.147
-3.714, -3.808, -2.960, -4.279, -12.185, -3.676, -3.996, -2.849, -3.493, -2.726
-3.255, -2.439, -3.439, -2.777, -1.261, -6.141, -2.981, -3.604, -3.795, -2.852
-3.247, -3.735, -3.362, -3.219, -15.630, -4.235, -2.983, -3.389, -3.449, -3.561
-3.526, -3.317, -3.068, -4.462, -1.949, -4.760, -4.226, -3.233, -2.798, -2.774
-3.198, -2.767, -3.603, -2.574, -3.978, -1.705, -3.416, -2.426, -3.160, -3.016
-3.683, -3.559, -3.228, -3.217, -5.171, -1.616, -2.985, -3.800, -3.438, -3.462
-3.171, -3.249, -3.529, -3.295, -1.003, -3.694, -3.241, -3.470, -2.643, -3.750
-3.374, -3.019, -3.378, -2.926, -8.951, -3.766, -2.891, -3.092, -3.600, -3.234
-2.892, -3.386, -2.989, -3.485, -9.883, -2.734, -3.131, -3.150, -2.596, -3.351
-3.521, -3.443, -2.763, -4.299, -1.972, -5.802, -4.178, -3.485, -3.469, -3.129
-3.275, -3.262, -2.875, -3.008, -6.270, -2.354, -3.205, -3.516, -3.444, -3.370
-3.759, -3.701, -3.602, -2.744, -2.224, -6.396, -2.614, -4.007, -3.026, -3.927
-3.054, -2.966, -3.285, -2.852, -1.872, -5.677, -3.019, -2.333, -2.616, -4.173
-3.171, -2.984, -3.695, -4.280, -1.739, -4.829, -3.186, -2.889, -3.445, -3.593
-3.506, -3.539, -3.164, -3.369, -7.801, -3.320, -2.811, -2.795, -3.321, -3.083
-2.664, -3.521, -3.374, -3.786, -1.586, -4.436, -3.317, -4.500, -3.444, -3.435
-3.637, -3.182, -3.239, -3.039, -1.785, -5.734, -3.714, -2.936, -3.540, -3.439
-3.573, -3.514, -3.209, -3.721, -2.336, -5.658, -3.351, -4.137, -2.950, -3.506
-3.177, -3.651, -3.584, -4.443, -2.231, -5.117, -3.180, -4.013, -3.151, -2.804
-3.622, -3.571, -3.797, -4.335, -1.354, -5.434, -3.360, -3.378, -3.609, -3.467
-3.226, -2.820, -3.511, -2.757, -5.778, -2.725, -3.532, -2.778, -3.084, -3.202
-3.222, -2.986, -2.880, -4.604, -2.033, -5.720, -3.187, -3.439, -3.048, -3.227
-2.865, -2.695, -3.485, -4.100, -0.875, -4.205, -3.278, -3.037, -3.137, -3.070
-3.399, -3.237, -3.507, -4.068, -1.100, -4.161, -3.221, -3.145, -3.796, -3.199
-3.565, -3.415, -3.284, -2.758, -5.717, -2.384, -3.068, -2.912, -3.438, -3.372
-3.171, -3.269, -3.134, -2.979, -6.515, -2.338, -3.253, -3.067, -3.139, -2.543
-3.242, -3.487, -3.597, -3.506, -2.050, -4.974, -3.222, -4.002, -2.824, -3.268
-4.613, -3.140, -2.825, -3.075, -7.171, -2.585, -3.769, -2.849, -3.013, -4.181
-3.948, -2.644, -3.032, -4.169, -1.914, -6.150, -3.332, -3.177, -3.312, -3.105
-3.399, -3.785, -2.971, -4.857, -10.471, -3.004, -3.124, -3.294, -3.187, -3.256
-2.803, -2.960, -2.076, -2.794, -4.500, -1.224, -2.889, -2.207, -3.075, -3.011
-3.739, -3.371, -3.830, -2.668, -2.225, -7.218, -3.841, -2.965, -3.622, -3.376
-2.814, -3.451, -3.550, -4.670, -7.110, -2.513, -2.508, -3.088, -3.422, -3.780
-3.534, -3.586, -2.943, -2.761, -5.388, -0.835, -3.230, -4.179, -3.299, -2.933
-3.325, -3.487, -3.551, -4.381, -2.566, -5.303, -3.421, -2.560, -2.915, -3.364
-3.132, -2.697, -3.253, -2.089, -4.185, -2.188, -3.701, -3.319, -3.321, -3.172
-3.247, -3.125, -3.339, -3.452, -5.111, -1.963, -2.510, -2.976, -2.837, -3.078
-3.578, -2.835, -3.528, -3.672, -1.466, -5.035, -3.349, -2.858, -3.734, -3.216
-3.483, -2.727, -4.078, -4.933, -1.437, -4.728, -3.073, -4.270, -2.591, -3.133
-3.428, -2.974, -3.688, -2.807, -2.079, -6.721, -3.225, -2.622, -3.592, -3.926
-3.727, -3.821, -3.906, -2.439, -2.692, -7.134, -2.489, -3.354, -3.061, -3.678
-3.812, -2.567, -2.648, -3.751, -1.930, -4.652, -3.673, -3.001, -3.225, -2.649
-3.633, -3.818, -3.157, -3.204, -1.806, -5.033, -3.572, -2.406, -3.677, -3.642
-3.094, -3.273, -4.131, -2.716, -5.314, -2.639, -3.179, -3.150, -3.670, -3.030
-2.949, -3.860, -2.825, -3.515, -8.883, -2.525, -3.450, -2.813, -3.089, -3.484
-3.062, -4.343, -2.848, -4.115, -5.083, -0.681, -3.258, -3.216, -2.774, -3.445
-2.627, -3.991, -3.570, -3.510, -1.628, -4.426, -3.066, -4.031, -3.276, -3.320
-3.684, -2.862, -3.421, -4.319, -0.708, -3.807, -3.821, -3.710, -3.235, -3.122
-3.167, -3.027, -3.307, -2.605, -1.924, -5.991, -2.872, -2.729, -2.747, -4.038
-3.969, -3.375, -3.566, -3.395, -3.388, -6.716, -2.461, -2.903, -2.947, -3.081
-3.438, -3.317, -3.300, -2.781, -4.935, -1.919, -3.250, -3.144, -3.427, -3.342
-3.251, -3.339, -3.706, -4.002, -2.177, -5.565, -2.753, -2.747, -2.945, -3.520
-3.155, -2.984, -2.659, -3.067, -8.346, -2.354, -3.235, -3.337, -3.288, -3.238
-3.180, -3.106, -3.460, -3.123, -1.141, -3.948, -3.221, -3.418, -2.317, -3.576
-3.260, -4.042, -2.792, -3.845, -2.708, -5.210, -3.337, -3.333, -2.744, -3.214
-3.258, -3.466, -3.257, -2.225, -3.095, -7.096, -3.328, -3.022, -3.623, -3.015
-3.088, -3.505, -3.955, -4.002, -1.166, -4.410, -3.235, -3.155, -3.376, -3.112
-3.404, -3.211, -2.428, -4.477, -1.967, -4.634, -2.827, -3.205, -3.309, -3.191
-3.527, -3.594, -3.590, -2.576, -9.039, -3.749, -3.788, -3.592, -3.435, -3.286
-3.466, -3.786, -3.156, -2.970, -5.239, -2.097, -3.354, -3.348, -3.345, -3.287
-3.932, -2.981, -3.063, -3.454, -8.184, -3.411, -3.807, -2.400, -3.685, -3.293
-3.501, -3.291, -2.953, -3.970, -1.909, -4.936, -3.672, -3.080, -3.153, -3.082
-3.609, -3.872, -3.200, -4.355, -0.941, -3.781, -4.139, -3.465, -3.535, -3.224
-3.101, -3.348, -3.274, -3.112, -1.783, -4.959, -3.077, -2.891, -3.601, -3.066
-2.607, -2.565, -3.047, -2.680, -1.093, -4.111, -3.783, -3.937, -3.157, -2.610
-3.319, -2.976, -3.140, -2.670, -7.457, -3.459, -2.848, -2.765, -3.439, -3.619
-3.733, -3.384, -2.523, -2.377, -6.778, -2.836, -3.798, -3.240, -3.233, -2.959
-3.541, -3.617, -3.887, -4.718, -1.659, -6.265, -3.288, -3.569, -3.291, -3.544
-3.201, -3.554, -3.848, -2.601, -5.068, -2.583, -2.878, -2.614, -4.487, -3.557
-3.332, -2.295, -3.375, -3.195, -1.084, -4.131, -3.367, -2.733, -3.056, -3.141
-3.190, -2.952, -4.618, -2.692, -6.056, -3.042, -2.951, -3.019, -3.329, -2.903
-3.240, -2.954, -3.097, -3.258, -5.658, -2.305, -4.057, -3.015, -3.445, -3.079
-3.966, -3.462, -2.950, -2.991, -6.117, -2.528, -3.550, -3.622, -3.217, -3.250
-3.529, -3.626, -3.587, -2.549, -4.335, -1.745, -3.122, -2.649, -3.394, -3.047
-3.614, -2.835, -3.203, -3.039, -1.491, -4.841, -3.524, -3.500, -3.768, -2.798
-3.164, -2.911, -2.687, -3.152, -2.804, -5.960, -3.781, -2.996, -3.871, -3.068
-2.806, -2.982, -3.297, -3.926, -2.016, -7.805, -3.742, -4.137, -3.323, -3.284
-3.750, -3.875, -3.619, -2.528, -9.337, -3.702, -3.632, -3.292, -3.633, -3.341
-3.681, -3.982, -3.527, -3.420, -2.450, -6.513, -3.253, -3.094, -3.419, -3.335
-3.139, -3.247, -3.433, -3.019, -7.194, -3.191, -3.231, -3.391, -2.945, -3.426
-2.778, -3.436, -2.694, -3.803, -7.535, -2.954, -3.854, -2.480, -3.770, -2.809
-3.136, -3.712, -3.515, -2.804, -6.067, -2.306, -3.705, -3.530, -3.986, -2.303
-3.328, -3.477, -3.313, -2.814, -5.409, -1.952, -3.273, -4.008, -2.878, -3.561
-2.925, -3.300, -3.144, -4.157, -6.749, -1.976, -3.056, -3.044, -2.652, -3.293
-3.522, -3.149, -2.882, -4.043, -1.739, -4.136, -3.115, -3.117, -3.531, -3.288
-3.109, -3.490, -3.324, -3.296, -2.552, -5.849, -3.303, -2.406, -3.190, -3.109
-3.068, -3.443, -3.134, -3.594, -8.392, -2.850, -3.299, -3.260, -2.948, -2.935
-2.963, -3.314, -3.623, -3.295, -4.502, -1.614, -2.449, -2.768, -3.549, -3.127
-3.492, -3.280, -3.323, -3.108, -5.591, -2.216, -2.957, -3.900, -3.382, -3.574
-3.608, -2.875, -2.617, -3.746, -1.643, -4.489, -3.347, -3.244, -3.102, -3.213
-3.388, -3.505, -2.673, -3.469, -2.698, -6.498, -3.698, -3.041, -3.587, -3.653
-3.246, -3.334, -3.520, -1.923, -7.197, -3.681, -2.749, -3.868, -3.879, -3.370
-3.571, -3.652, -2.213, -3.778, -7.011, -2.409, -4.203, -3.072, -3.146, -3.542
-3.214, -2.923, -3.639, -2.968, -4.231, -1.667, -2.535, -2.990, -3.196, -3.949
-3.737, -2.966, -4.285, -2.371, -5.152, -2.910, -2.865, -2.954, -3.208, -2.856
-2.989, -2.538, -3.167, -3.715, -1.365, -3.961, -3.421, -3.596, -3.011, -3.318
-4.686, -3.109, -2.367, -1.997, -6.879, -1.980, -3.657, -3.657, -3.038, -3.718
-3.303, -3.380, -3.611, -3.075, -0.992, -4.025, -3.084, -3.439, -2.925, -3.803
-2.377, -3.394, -3.865, -3.803, -8.212, -2.625, -2.695, -2.844, -3.641, -2.943
-3.683, -3.505, -3.246, -3.779, -1.602, -4.997, -2.595, -2.645, -3.336, -3.597
-3.400, -3.089, -2.215, -4.628, -1.930, -4.470, -2.674, -3.220, -3.380, -3.300
-2.963, -2.590, -2.614, -2.609, -3.694, -1.282, -3.431, -3.485, -3.202, -3.421
-3.227, -3.612, -3.175, -4.908, -1.768, -4.543, -2.954, -3.119, -3.584, -3.445
-3.417, -2.798, -3.067, -3.358, -2.356, -5.670, -3.334, -2.981, -3.191, -3.379
-3.567, -3.224, -3.853, -2.476, -3.828, -1.022, -2.512, -3.823, -2.874, -3.177
-3.338, -3.400, -3.652, -5.115, -0.929, -3.346, -3.815, -3.600, -2.970, -3.075
-3.276, -3.352, -3.479, -3.444, -5.867, -2.438, -3.549, -3.796, -3.435, -3.246
-3.151, -3.452, -2.963, -3.198, -7.769, -3.199, -3.730, -3.244, -3.643, -2.606
-3.147, -2.555, -3.922, -3.795, -1.850, -5.704, -3.303, -2.784, -3.338, -3.265
-2.858, -3.371, -3.276, -3.409, -9.556, -2.903, -3.616, -3.466, -2.755, -3.068
-3.152, -3.162, -3.415, -4.330, -1.758, -4.307, -3.297, -3.276, -3.281, -3.338
-3.514, -2.849, -3.299, -2.955, -7.938, -2.445, -3.628, -2.925, -3.249, -3.219
-3.385, -3.091, -3.948, -2.820, -4.967, -2.211, -3.837, -2.985, -3.111, -3.643
-3.692, -3.310, -3.016, -2.798, -6.289, -2.486, -3.750, -2.928, -3.227, -3.674
-2.857, -2.948, -4.033, -3.628, -4.137, -1.268, -2.441, -4.073, -3.517, -3.180
-3.351, -3.844, -3.144, -2.400, -7.064, -2.491, -3.170, -3.370, -3.230, -3.440
-3.439, -3.458, -3.642, -3.864, -4.585, -1.380, -3.003, -3.501, -3.111, -3.724
-2.972, -3.267, -3.760, -4.803, -1.362, -4.142, -3.533, -3.613, -3.014, -3.335
-3.077, -3.147, -3.256, -2.729, -4.992, -1.468, -2.915, -2.837, -4.226, -2.312
-3.536, -2.934, -2.410, -3.586, -2.256, -4.754, -3.202, -2.956, -3.399, -3.304
-3.686, -3.560, -3.911, -4.044, -4.792, -1.573, -3.995, -2.163, -2.726, -4.023
-3.180, -2.450, -3.076, -4.895, -1.702, -4.179, -3.287, -3.908, -2.746, -3.325
-3.369, -2.938, -4.597, -3.405, -4.142, -1.496, -3.351, -2.762, -3.762, -3.267
-3.333, -3.532, -3.261, -3.464, -6.947, -3.196, -4.016, -2.664, -3.542, -2.844
-2.985, -3.448, -3.202, -4.917, -2.894, -5.216, -3.003, -3.688, -3.345, -3.130
-3.460, -3.169, -3.019, -3.930, -2.823, -5.554, -3.281, -3.232, -3.444, -3.119
-3.177, -2.849, -3.558, -2.957, -1.177, -4.659, -3.597, -3.237, -3.070, -3.576
-3.411, -3.118, -2.873, -2.975, -7.526, -2.658, -3.767, -3.299, -3.441, -2.731
-3.232, -3.300, -3.004, -3.133, -1.633, -5.452, -3.330, -3.190, -4.064, -2.661
-3.855, -3.097, -2.615, -3.205, -2.772, -5.935, -3.633, -3.567, -4.060, -3.044
-3.298, -4.107, -3.393, -3.997, -1.715, -4.332, -3.487, -3.469, -2.703, -3.056
-3.201, -2.885, -3.133, -2.934, -5.465, -2.530, -3.882, -3.429, -3.252, -2.575
-2.468, -2.948, -3.195, -5.120, -1.456, -4.316, -4.599, -3.047, -2.712, -3.436
-3.297, -2.987, -1.902, -5.314, -2.040, -3.149, -2.403, -3.439, -3.085, -3.294
-3.636, -3.664, -3.244, -3.620, -8.304, -2.856, -3.329, -2.911, -3.233, -3.327
-3.351, -3.324, -3.392, -4.607, -1.332, -5.312, -3.772, -2.990, -2.989, -3.765
-3.261, -3.250, -2.998, -2.679, -5.989, -2.110, -3.502, -2.903, -3.428, -2.983
-2.983, -3.411, -3.591, -3.455, -6.606, -1.555, -2.811, -2.685, -2.843, -3.228
-3.433, -4.102, -2.658, -1.966, -3.496, -1.049, -3.605, -3.185, -3.659, -3.198
-3.133, -2.724, -2.514, -4.326, -2.121, -4.319, -2.620, -3.526, -3.472, -3.833
-3.292, -3.677, -3.267, -3.024, -7.736, -3.060, -3.172, -3.093, -3.510, -3.082
-3.514, -2.758, -3.303, -4.277, -0.723, -4.535, -3.582, -4.112, -3.398, -2.882
-3.331, -2.770, -3.585, -5.351, -1.472, -6.420, -3.712, -4.335, -3.095, -3.292
-3.722, -2.920, -3.612, -3.848, -1.625, -5.319, -3.489, -3.439, -3.507, -3.318
-3.148, -2.837, -3.227, -3.017, -1.505, -5.372, -3.427, -3.287, -3.828, -2.649
-3.781, -3.998, -2.781, -2.673, -9.232, -2.458, -3.966, -3.340, -3.083, -3.210
-3.334, -3.290, -3.683, -3.512, -5.723, -1.971, -3.381, -3.709, -3.318, -3.111
-3.100, -2.779, -3.515, -2.250, -6.883, -2.354, -2.771, -3.347, -2.955, -2.909
-3.405, -3.138, -3.275, -3.033, -6.753, -3.018, -3.350, -2.898, -3.353, -3.231
-3.752, -3.326, -2.229, -3.470, -2.216, -6.746, -2.892, -2.851, -3.798, -3.356
-3.438, -3.362, -3.689, -2.882, -5.075, -1.587, -3.666, -3.117, -3.248, -3.459
-2.670, -3.471, -2.518, -2.998, -2.635, -6.531, -4.255, -3.845, -3.630, -3.328
-3.102, -3.716, -3.815, -4.016, -8.569, -3.011, -3.538, -3.035, -3.087, -3.398
-3.757, -2.680, -1.721, -4.000, -3.025, -4.892, -3.816, -3.792, -2.898, -3.770
-3.207, -3.664, -3.649, -3.203, -6.133, -2.807, -4.302, -2.691, -3.525, -3.012
-3.330, -3.327, -3.170, -3.648, -5.701, -1.830, -3.064, -2.479, -3.401, -3.858
-3.316, -2.863, -3.580, -2.532, -6.250, -2.097, -3.594, -3.013, -3.486, -3.365
-2.911, -3.880, -3.570, -3.298, -2.149, -6.128, -3.291, -2.861, -3.046, -3.309
-2.932, -3.448, -3.262, -3.067, -9.051, -2.970, -2.609, -3.906, -3.723, -3.604
-3.376, -2.797, -3.614, -3.907, -1.946, -6.497, -3.693, -2.647, -3.277, -3.401
-3.536, -3.143, -3.281, -2.571, -4.111, -2.108, -5.229, -2.991, -3.299, -3.676
-3.126, -2.987, -3.853, -4.554, -0.844, -3.585, -3.481, -3.645, -3.182, -2.900
-3.366, -4.012, -2.788, -3.512, -2.401, -5.114, -3.218, -3.175, -3.129, -3.394
-3.622, -3.436, -3.386, -3.403, -6.652, -2.838, -3.371, -3.776, -3.252, -3.283
-2.855, -3.548, -3.571, -3.113, -5.012, -2.165, -2.194, -2.399, -3.956, -2.414
-3.147, -3.695, -2.670, -2.718, -4.995, -1.478, -3.356, -3.725, -2.747, -3.349
-2.914, -3.276, -3.608, -2.781, -9.549, -2.734, -3.246, -3.658, -3.567, -3.416
-4.794, -3.209, -3.939, -3.603, -5.128, -2.176, -3.371, -2.971, -2.343, -3.110
-3.551, -3.588, -3.279, -3.366, -1.654, -5.309, -3.270, -2.393, -3.465, -3.289
-2.668, -4.201, -3.691, -3.875, -1.694, -4.613, -3.047, -3.967, -3.430, -3.259
-3.332, -3.479, -3.722, -2.579, -4.822, -2.068, -3.733, -2.973, -3.321, -3.117
-3.615, -2.624, -2.818, -3.104, -2.027, -4.913, -3.441, -3.169, -3.495, -3.476
-3.214, -2.955, -3.356, -3.120, -6.159, -2.558, -3.080, -3.355, -3.201, -3.477
-2.350, -3.422, -3.487, -3.873, -0.908, -3.385, -3.181, -3.628, -3.250, -3.283
-3.429, -3.802, -3.649, -3.815, -7.229, -2.706, -3.070, -2.857, -3.290, -2.849
-3.457, -2.955, -2.505, -2.333, -6.198, -2.185, -4.036, -3.497, -3.676, -2.689
-3.003, -2.456, -3.384, -3.948, -0.982, -4.333, -3.772, -3.315, -2.789, -3.080
-3.550, -4.057, -2.883, -3.628, -6.679, -1.704, -3.382, -2.983, -3.682, -3.307
-3.459, -3.313, -3.109, -2.988, -12.026, -4.328, -2.735, -3.462, -3.499, -3.856
-2.885, -2.428, -3.229, -4.108, -0.978, -4.164, -3.913, -3.141, -2.649, -3.188
-3.624, -3.183, -3.404, -2.691, -12.982, -3.491, -2.772, -3.450, -3.497, -3.155
-2.964, -2.843, -4.676, -2.638, -3.902, -1.261, -3.129, -3.267, -3.377, -2.653
-3.987, -4.182, -3.718, -2.960, -6.006, -1.664, -3.290, -3.470, -3.814, -3.340
-3.507, -2.417, -3.855, -3.354, -6.163, -2.395, -2.751, -2.547, -2.818, -3.907
-2.927, -3.314, -3.474, -2.554, -4.530, -1.559, -3.029, -3.686, -3.595, -3.447
-3.105, -2.928, -2.683, -3.544, -7.284, -2.845, -3.367, -3.747, -3.533, -3.430
-3.846, -2.530, -3.491, -3.882, -2.372, -5.492, -3.346, -3.052, -3.096, -3.346
-3.611, -3.433, -3.708, -4.428, -4.892, -1.548, -2.955, -2.480, -2.949, -4.043
-3.264, -3.310, -2.932, -4.745, -2.129, -4.588, -3.386, -3.523, -3.327, -2.795
-3.545, -3.201, -3.592, -3.512, -0.911, -4.181, -3.453, -4.724, -3.504, -3.359
-3.665, -4.115, -3.079, -3.800, -5.856, -2.490, -4.280, -3.219, -5.031, -3.140
-2.951, -3.102, -4.015, -5.149, -1.131, -4.367, -3.317, -3.644, -3.085, -3.459
-3.596, -2.284, -3.521, -3.652, -1.225, -4.499, -3.869, -2.582, -3.049, -3.151
-3.216, -3.543, -3.959, -3.331, -7.854, -2.758, -3.077, -2.819, -3.199, -3.081
-3.219, -3.100, -2.858, -3.787, -4.534, -1.128, -3.250, -3.562, -2.995, -3.461
-2.978, -3.141, -3.179, -2.651, -2.642, -8.948, -3.458, -4.173, -3.269, -3.053
-3.472, -3.484, -3.529, -2.759, -1.976, -5.425, -3.269, -2.541, -3.344, -3.621
-2.927, -2.488, -3.380, -3.891, -1.032, -3.899, -3.858, -3.270, -2.740, -3.500
-3.138, -3.630, -3.104, -3.651, -2.012, -4.952, -3.273, -3.088, -3.284, -3.334
-3.038, -3.362, -3.638, -2.956, -5.901, -2.319, -3.446, -3.437, -3.260, -3.102
-3.316, -3.414, -2.944, -2.852, -6.542, -2.688, -3.464, -3.032, -3.108, -3.110
-3.000, -2.833, -3.387, -3.262, -1.820, -5.627, -3.644, -2.779, -2.814, -3.586
-3.162, -3.426, -3.098, -3.584, -11.153, -3.568, -3.157, -2.210, -3.484, -3.506
-3.214, -2.508, -3.587, -3.318, -5.961, -1.951, -3.386, -2.590, -2.861, -3.503
-3.307, -3.522, -3.268, -3.144, -7.636, -3.046, -3.764, -3.091, -3.513, -3.064
-3.184, -2.941, -3.360, -2.836, -6.740, -2.434, -3.085, -3.418, -3.132, -3.390
-2.792, -3.939, -3.189, -2.947, -2.584, -6.420, -3.289, -2.993, -2.569, -2.828
-2.563, -3.600, -3.394, -3.289, -1.450, -4.183, -2.967, -3.672, -3.086, -3.236
-3.607, -3.536, -3.081, -2.438, -6.407, -2.785, -2.697, -3.225, -2.798, -2.693
-2.833, -3.057, -3.516, -3.255, -5.478, -1.802, -3.068, -3.598, -3.335, -2.838
-3.257, -3.064, -2.638, -2.257, -7.242, -3.062, -2.573, -3.099, -3.470, -3.285
-3.069, -3.084, -3.106, -3.515, -2.591, -6.737, -2.981, -3.158, -3.118, -3.056
-3.299, -3.186, -3.095, -2.642, -1.611, -4.896, -2.233, -3.525, -3.093, -3.484
-3.678, -3.831, -3.169, -3.068, -1.849, -4.859, -3.317, -2.881, -2.898, -2.950
-3.194, -2.866, -2.751, -2.434, -1.676, -4.976, -3.492, -2.438, -3.160, -3.225
-3.676, -3.191, -2.462, -3.125, -2.663, -5.533, -2.760, -2.985, -3.875, -3.361
-2.859, -3.750, -2.227, -3.148, -2.561, -5.090, -4.022, -3.500, -3.243, -3.442
-2.733, -4.495, -3.515, -3.850, -1.459, -4.422, -2.968, -3.890, -3.509, -2.876
-3.328, -4.252, -2.875, -2.077, -2.878, -6.407, -3.103, -2.875, -2.903, -2.808
-3.632, -3.248, -2.972, -3.629, -1.775, -5.379, -2.919, -3.268, -3.331, -3.574
-3.431, -3.600, -4.096, -3.265, -6.067, -2.317, -2.728, -2.013, -3.721, -3.333
-2.641, -3.844, -3.538, -3.695, -1.541, -4.377, -2.932, -3.758, -3.328, -3.122
-3.009, -3.116, -2.590, -2.442, -4.244, -1.489, -3.244, -3.139, -2.816, -3.414
-3.137, -3.855, -3.281, -2.608, -7.643, -2.455, -3.060, -3.257, -3.593, -3.316
-3.311, -3.585, -3.453, -3.754, -8.877, -3.136, -3.419, -2.782, -3.606, -2.905
-2.820, -3.244, -2.830, -2.331, -5.450, -2.404, -3.546, -3.803, -3.575, -3.730
-3.231, -3.437, -2.775, -4.555, -4.180, -1.065, -3.529, -2.484, -2.634, -2.970
-3.321, -3.064, -3.255, -2.930, -1.777, -5.670, -3.129, -2.522, -3.511, -3.386
-3.208, -3.228, -2.177, -4.471, -1.771, -4.245, -2.623, -2.887, -3.602, -3.387
-3.059, -3.730, -3.600, -2.746, -1.845, -5.183, -2.801, -3.240, -2.813, -3.220
-3.480, -2.600, -3.082, -2.559, -1.782, -5.770, -2.986, -4.072, -3.534, -3.825
-2.764, -2.878, -3.380, -4.220, -1.068, -4.004, -3.567, -3.271, -2.769, -3.390
-2.734, -3.758, -3.512, -4.306, -2.244, -4.680, -2.632, -3.003, -2.998, -3.559
-3.048, -3.357, -2.793, -3.431, -8.130, -3.182, -3.195, -2.562, -3.193, -2.972
-3.088, -3.580, -3.455, -3.912, -4.870, -1.543, -3.190, -1.581, -2.676, -2.968
-3.100, -2.863, -2.945, -3.228, -2.114, -5.120, -3.707, -3.311, -3.203, -2.855
-3.401, -2.984, -2.446, -4.470, -2.851, -5.393, -2.471, -3.517, -3.363, -3.132
-3.373, -4.096, -3.159, -3.722, -7.145, -2.492, -2.790, -2.545, -2.625, -3.447
-2.724, -3.139, -3.030, -3.367, -2.846, -5.778, -3.336, -3.198, -2.725, -3.044
-3.535, -3.418, -2.357, -3.197, -11.231, -3.439, -3.210, -2.903, -2.795, -3.229
-2.816, -2.986, -3.115, -3.892, -6.498, -2.507, -3.852, -2.565, -2.765, -3.002
-3.658, -2.563, -3.014, -3.539, -0.649, -3.410, -4.329, -2.571, -2.688, -3.219
-2.681, -3.635, -3.399, -3.333, -2.406, -5.571, -3.155, -4.018, -3.201, -4.475
-3.397, -2.915, -3.640, -4.076, -0.959, -3.687, -3.029, -3.642, -3.159, -3.295
-3.535, -3.318, -4.109, -2.250, -5.772, -3.348, -3.848, -3.617, -3.605, -2.902
-3.149, -1.947, -3.824, -2.821, -0.800, -3.938, -2.836, -3.166, -3.244, -3.642
-2.481, -3.025, -4.080, -5.319, -0.891, -4.168, -2.586, -3.603, -3.321, -2.935
-3.232, -3.667, -2.712, -5.157, -1.376, -3.102, -2.826, -3.147, -3.322, -3.168
-3.123, -2.588, -3.458, -3.751, -5.681, -1.874, -2.332, -2.315, -3.549, -2.581
-4.192, -2.800, -3.071, -2.296, -1.733, -6.486, -3.391, -2.824, -3.488, -3.780
-3.150, -3.046, -3.440, -2.726, -5.363, -2.081, -3.401, -3.313, -3.054, -3.211
-3.266, -2.864, -2.638, -2.386, -5.412, -1.721, -3.540, -2.670, -2.796, -3.285
-3.236, -3.610, -3.092, -2.729, -6.309, -1.868, -3.191, -2.027, -4.010, -3.029
-2.795, -3.030, -3.344, -3.862, -2.258, -4.989, -3.143, -3.430, -3.014, -3.598
-2.230, -2.132, -3.871, -3.082, -1.075, -4.188, -2.867, -3.115, -3.197, -3.098
-3.049, -3.093, -2.740, -2.397, -8.444, -2.865, -3.013, -2.905, -3.213, -3.224
-3.329, -3.193, -3.083, -3.349, -7.152, -2.831, -3.800, -1.651, -3.240, -2.975
-3.036, -3.176, -3.419, -2.759, -6.278, -2.184, -3.437, -3.351, -3.033, -3.237
-2.929, -2.948, -3.815, -3.458, -0.840, -3.832, -2.615, -3.510, -3.430, -3.544
-3.584, -2.944, -2.793, -2.542, -5.252, -2.287, -3.096, -3.378, -3.522, -3.317
-3.318, -3.145, -2.894, -2.521, -4.668, -1.572, -3.333, -2.921, -3.418, -2.809
-3.256, -2.634, -3.037, -4.442, -1.971, -4.820, -2.973, -3.084, -3.236, -3.205
-2.782, -2.829, -3.052, -4.018, -1.919, -4.632, -2.505, -3.008, -3.026, -3.369
-2.694, -3.698, -2.740, -2.290, -2.806, -6.464, -3.867, -2.899, -3.040, -3.078
-3.348, -2.758, -3.463, -3.165, -1.047, -4.133, -3.044, -2.673, -3.345, -3.145
-2.939, -3.823, -3.741, -3.218, -7.357, -3.144, -3.020, -3.272, -3.282, -3.400
-3.694, -3.201, -3.713, -2.738, -4.335, -1.869, -3.541, -2.706, -2.717, -2.381
-2.957, -2.609, -3.666, -2.435, -1.566, -5.599, -2.448, -2.690, -3.856, -3.149
-3.212, -3.475, -3.111, -3.257, -9.798, -3.406, -3.509, -2.858, -2.914, -3.062
-3.616, -2.617, -2.870, -2.944, -4.151, -1.484, -3.144, -3.765, -3.520, -2.922
-2.964, -2.418, -3.133, -3.680, -0.938, -3.370, -3.295, -3.616, -2.813, -3.038
-3.504, -3.449, -3.657, -2.886, -7.610, -3.615, -2.871, -3.085, -3.174, -3.260
-3.213, -2.784, -3.331, -3.653, -4.224, -1.392, -3.145, -3.774, -3.241, -3.209
-3.340, -3.238, -2.759, -2.612, -6.185, -2.363, -3.511, -2.919, -3.477, -3.018
-3.201, -2.144, -2.565, -3.643, -2.171, -5.103, -3.046, -3.118, -3.248, -3.052
-3.647, -3.224, -3.877, -2.566, -2.511, -6.117, -2.598, -3.073, -3.331, -3.447
-3.800, -3.293, -3.175, -2.708, -1.874, -4.838, -3.203, -4.214, -2.961, -3.609
-2.894, -2.470, -2.645, -4.199, -1.944, -4.569, -2.503, -3.252, -2.989, -3.194
-3.317, -3.156, -2.764, -3.200, -7.177, -2.507, -3.067, -3.079, -3.049, -2.982
-3.529, -3.346, -3.044, -3.045, -1.585, -4.591, -3.026, -2.645, -3.247, -3.131
-3.520, -3.028, -3.484, -3.162, -1.951, -5.385, -3.304, -2.812, -3.245, -3.141
-3.288, -2.901, -4.020, -4.111, -1.135, -3.934, -2.719, -3.604, -2.540, -3.218
-2.971, -4.096, -3.117, -2.958, -3.151, -6.497, -3.331, -2.963, -2.642, -3.225
-2.761, -3.374, -3.073, -3.839, -9.508, -3.484, -2.849, -2.590, -3.139, -3.443
-3.416, -3.435, -2.388, -2.988, -2.808, -6.450, -3.693, -3.313, -3.992, -3.077
-3.054, -2.693, -3.415, -3.208, -5.484, -2.043, -3.560, -2.843, -3.260, -2.934
-3.043, -3.260, -2.914, -2.827, -11.078, -3.781, -3.295, -3.142, -3.192, -3.089
-2.836, -3.068, -3.178, -3.522, -6.886, -2.693, -2.882, -3.424, -2.920, -3.394
-3.260, -3.297, -3.351, -2.715, -7.580, -3.263, -3.370, -3.507, -3.040, -3.104
-2.551, -2.978, -2.599, -3.291, -1.748, -5.072, -3.089, -3.414, -2.987, -3.329
-2.732, -2.814, -3.305, -2.279, -5.732, -1.411, -2.764, -2.378, -3.869, -2.777
-2.883, -2.989, -3.333, -3.605, -1.320, -4.019, -3.183, -3.815, -3.283, -3.053
-3.116, -2.796, -2.523, -3.707, -1.174, -3.371, -2.866, -3.573, -2.900, -3.344
-2.823, -3.421, -2.892, -3.882, -8.400, -2.210, -3.251, -2.701, -2.758, -3.215
-3.337, -2.797, -2.359, -3.863, -2.195, -4.290, -2.735, -3.169, -3.218, -3.212
-3.090, -3.199, -3.215, -2.777, -6.332, -2.937, -3.192, -3.301, -3.332, -3.152
-3.545, -3.089, -3.407, -2.922, -1.653, -6.080, -2.665, -3.434, -3.070, -3.430
-3.319, -3.066, -4.766, -3.140, -4.847, -2.667, -3.268, -2.688, -3.112, -2.921
-3.505, -3.787, -3.125, -4.371, -1.755, -4.569, -3.073, -3.360, -3.248, -3.395
-3.261, -2.963, -3.863, -3.006, -6.230, -3.040, -3.546, -3.477, -3.225, -3.208
-3.331, -3.344, -2.744, -2.601, -8.987, -3.879, -3.204, -3.212, -3.109, -2.798
-3.355, -3.294, -2.876, -2.444, -9.574, -4.044, -3.230, -3.082, -3.402, -3.162
-3.744, -3.619, -3.117, -2.411, -5.553, -1.696, -3.039, -2.913, -3.534, -2.812
-3.022, -3.200, -3.456, -3.650, -1.817, -4.643, -3.047, -3.241, -2.933, -3.009
-2.869, -3.044, -2.954, -2.809, -5.967, -2.265, -2.673, -2.503, -2.843, -3.170
-2.574, -3.296, -3.017, -3.279, -5.953, -2.195, -2.892, -1.897, -3.038, -3.545
-2.911, -3.095, -3.479, -3.920, -1.390, -4.121, -3.354, -2.532, -3.247, -3.003
-3.606, -3.271, -3.084, -3.318, -6.937, -3.072, -3.441, -3.087, -3.213, -2.726
-2.372, -3.537, -3.671, -2.965, -5.827, -1.987, -2.597, -2.804, -3.493, -3.220
-2.165, -3.110, -3.670, -3.717, -6.222, -2.304, -3.262, -2.304, -3.469, -2.740
-2.673, -3.084, -3.363, -3.494, -1.230, -4.119, -3.358, -3.264, -2.876, -2.979
-3.659, -3.291, -2.375, -2.581, -6.673, -2.338, -4.992, -3.457, -2.847, -3.335
-3.444, -2.823, -2.823, -3.956, -1.784, -4.419, -2.827, -2.716, -3.531, -3.188
-3.262, -2.446, -2.820, -3.334, -1.196, -4.475, -4.012, -2.914, -2.792, -3.240
-3.053, -2.725, -3.803, -4.623, -0.721, -3.245, -2.940, -3.486, -2.968, -2.989
-3.457, -3.184, -2.906, -3.860, -1.678, -4.407, -3.193, -3.254, -3.425, -3.324
-2.908, -3.157, -2.850, -4.310, -2.859, -5.171, -3.227, -3.533, -2.524, -2.619
-3.701, -2.641, -3.352, -3.520, -2.531, -8.601, -3.268, -2.185, -3.652, -3.356
-3.281, -3.095, -2.548, -2.739, -10.816, -3.261, -3.126, -2.995, -2.625, -3.542
-2.668, -2.821, -3.172, -3.582, -1.830, -4.105, -3.106, -5.116, -2.765, -3.372
-2.592, -3.282, -3.418, -3.434, -1.430, -4.182, -2.938, -3.695, -3.090, -3.299
-2.870, -2.967, -3.078, -2.190, -5.711, -1.891, -3.761, -2.802, -3.333, -3.128
-3.394, -3.320, -3.186, -3.924, -9.310, -3.540, -3.139, -2.870, -3.225, -3.359
-3.600, -3.201, -3.090, -3.148, -2.318, -5.507, -2.659, -2.494, -3.540, -3.431
-2.699, -3.493, -2.851, -3.323, -2.359, -5.272, -3.547, -3.363, -2.683, -3.369
-2.756, -2.848, -3.966, -4.857, -1.566, -4.303, -3.323, -3.601, -2.858, -3.035
-2.892, -2.716, -3.268, -2.996, -1.425, -4.510, -2.937, -2.926, -3.008, -3.120
-3.401, -3.711, -3.028, -3.176, -1.631, -4.831, -2.905, -3.776, -3.571, -3.416
-3.462, -2.548, -3.730, -3.506, -3.216, -1.235, -3.757, -3.965, -3.403, -2.942
-3.157, -2.734, -3.202, -2.611, -6.602, -2.649, -3.044, -3.168, -2.899, -3.018
-3.452, -2.988, -3.288, -3.441, -2.077, -5.480, -3.267, -3.237, -3.138, -3.443
-3.739, -2.643, -3.445, -3.467, -1.509, -4.487, -2.929, -3.782, -2.938, -2.776
-2.945, -3.265, -2.957, -2.748, -5.815, -2.541, -3.044, -3.288, -3.333, -3.073
-3.544, -3.734, -3.006, -4.540, -2.415, -5.126, -3.202, -3.088, -2.884, -2.687
-2.833, -2.417, -3.160, -2.976, -0.850, -3.699, -3.755, -2.573, -2.663, -3.130
-3.415, -3.594, -2.883, -2.893, -7.201, -3.229, -3.812, -2.775, -2.982, -3.197
-3.821, -3.366, -2.538, -2.822, -1.949, -4.763, -2.781, -2.955, -3.980, -3.369
-3.139, -2.954, -2.664, -2.798, -4.665, -1.893, -3.499, -3.488, -2.893, -2.711
-3.019, -3.225, -2.814, -2.907, -5.410, -2.169, -3.191, -3.161, -3.201, -3.007
-3.319, -2.962, -3.245, -3.478, -0.908, -3.921, -3.482, -3.182, -3.154, -2.988
-3.483, -4.079, -2.634, -2.566, -4.234, -1.048, -3.182, -3.210, -3.230, -3.403
-2.999, -4.375, -2.866, -3.148, -9.695, -2.732, -2.897, -3.129, -3.669, -2.628
-2.809, -2.496, -2.587, -2.590, -8.857, -2.545, -2.891, -2.542, -2.542, -2.841
-3.302, -3.203, -3.218, -3.461, -2.097, -5.086, -3.505, -2.860, -3.355, -3.218
-3.722, -3.512, -2.954, -4.090, -2.758, -5.367, -3.184, -3.385, -2.719, -3.673
-3.351, -3.151, -4.186, -2.652, -6.448, -3.152, -3.992, -3.222, -3.246, -2.997
-2.748, -3.030, -2.613, -2.640, -2.196, -5.300, -3.046, -2.739, -3.129, -3.742
-3.245, -3.514, -3.240, -3.049, -1.406, -4.595, -3.239, -3.506, -3.208, -3.396
-3.302, -3.153, -2.738, -3.039, -11.449, -3.867, -3.192, -2.818, -3.001, -2.902
-4.097, -3.131, -3.098, -3.514, -7.269, -2.398, -3.780, -2.581, -2.534, -3.523
-2.532, -3.631, -3.017, -2.365, -2.421, -5.337, -2.816, -3.413, -2.874, -3.388
-2.780, -3.571, -3.624, -3.059, -6.023, -2.307, -3.549, -2.472, -3.005, -3.660
-3.109, -2.755, -3.329, -4.006, -0.478, -2.940, -3.426, -3.059, -2.426, -3.930
-4.088, -4.266, -2.709, -3.777, -7.729, -2.601, -4.032, -3.397, -3.240, -2.673
-3.303, -3.346, -3.441, -2.879, -1.556, -6.026, -2.644, -3.248, -3.265, -3.405
-3.506, -2.810, -2.964, -3.205, -1.736, -4.851, -3.363, -3.314, -3.529, -2.917
-4.043, -2.924, -3.953, -3.184, -3.995, -1.698, -3.255, -3.555, -3.334, -3.227
-3.334, -3.159, -3.678, -4.757, -1.054, -4.435, -3.173, -3.142, -3.366, -3.206
-2.825, -3.124, -3.184, -4.017, -1.170, -4.098, -3.492, -3.857, -2.800, -2.977
-2.962, -3.110, -2.625, -3.888, -1.315, -3.362, -2.488, -3.122, -3.698, -3.338
-3.704, -3.368, -2.893, -2.831, -5.576, -1.444, -3.329, -3.436, -3.844, -2.864
-2.892, -2.663, -3.341, -2.860, -4.520, -1.815, -3.359, -3.381, -2.939, -3.059
-3.296, -3.196, -2.785, -3.001, -5.343, -1.872, -3.364, -2.298, -2.925, -2.996
-3.628, -2.970, -3.134, -3.743, -2.124, -7.574, -3.917, -3.037, -3.690, -2.974
-3.122, -2.755, -3.125, -2.741, -4.252, -1.750, -2.466, -2.811, -3.203, -3.359
-3.668, -2.632, -4.878, -3.689, -5.391, -2.702, -3.328, -3.526, -3.437, -3.141
-2.985, -3.695, -3.135, -3.567, -6.705, -1.459, -3.121, -2.030, -2.936, -2.663
-2.857, -3.330, -2.653, -3.305, -2.110, -4.876, -4.001, -3.422, -3.204, -3.361
-3.016, -2.063, -3.233, -3.480, -0.245, -2.793, -3.431, -3.400, -2.873, -2.843
-2.908, -3.347, -3.295, -3.070, -7.009, -3.007, -3.003, -3.134, -2.775, -3.279
-3.039, -3.326, -3.132, -4.015, -2.181, -4.653, -3.263, -2.953, -2.787, -2.900
-3.281, -2.978, -3.975, -2.320, -5.185, -2.361, -2.822, -2.981, -3.214, -2.956
-3.163, -3.147, -3.570, -2.389, -6.110, -2.425, -3.911, -3.152, -2.919, -2.791
-3.086, -3.127, -3.603, -4.390, -1.536, -5.513, -3.062, -3.518, -2.868, -2.967
-3.040, -2.877, -3.439, -3.039, -2.069, -5.749, -4.195, -2.577, -3.526, -3.115
-3.102, -2.387, -2.268, -4.305, -2.334, -5.241, -2.761, -3.112, -3.113, -3.211
-3.057, -2.431, -3.177, -3.717, -5.742, -2.257, -3.551, -2.497, -2.589, -2.840
-3.545, -3.234, -2.250, -2.070, -7.074, -1.643, -3.863, -3.026, -3.518, -2.662
-2.700, -2.605, -3.451, -4.031, -0.689, -3.404, -3.225, -3.387, -2.914, -2.993
-3.113, -2.701, -3.270, -2.435, -2.215, -6.455, -2.534, -2.985, -3.187, -3.632
-3.570, -2.997, -3.356, -2.761, -6.652, -3.059, -2.874, -3.247, -3.104, -3.241
-2.938, -3.593, -3.254, -4.065, -1.458, -4.137, -3.053, -3.208, -3.341, -2.685
-2.535, -3.672, -3.426, -3.579, -1.592, -4.338, -2.901, -3.689, -3.113, -3.269
-3.604, -3.922, -2.879, -2.492, -7.351, -2.075, -3.118, -2.910, -3.653, -3.199
-2.719, -2.526, -3.307, -4.967, -1.259, -3.584, -2.649, -4.092, -4.060, -3.157
-2.768, -3.385, -2.618, -2.834, -2.366, -5.525, -3.142, -3.750, -3.520, -3.207
-3.417, -3.050, -3.306, -3.914, -2.934, -5.449, -2.344, -3.103, -3.230, -3.126
-3.211, -3.031, -3.583, -3.556, -0.786, -3.463, -2.928, -3.381, -3.113, -3.378
-3.352, -2.986, -3.772, -2.806, -7.214, -2.957, -3.417, -2.761, -3.430, -3.142
-3.203, -2.862, -2.621, -3.919, -2.191, -4.958, -2.962, -3.059, -3.556, -3.046
-2.774, -3.407, -2.699, -2.704, -5.467, -2.049, -3.453, -2.722, -2.984, -3.262
-3.134, -3.613, -3.206, -2.386, -7.087, -2.782, -3.165, -3.205, -3.686, -3.199
-3.320, -3.344, -2.889, -2.839, -5.846, -2.386, -2.806, -2.966, -3.824, -2.323
-3.145, -4.358, -3.941, -4.330, -1.176, -3.894, -2.941, -3.461, -3.490, -3.078
-3.185, -3.685, -3.549, -3.412, -2.433, -6.496, -2.552, -2.999, -2.836, -3.296
-3.397, -3.502, -2.888, -2.678, -5.589, -2.196, -2.977, -2.961, -3.283, -3.403
-3.071, -2.694, -3.500, -2.764, -1.082, -4.026, -3.060, -4.161, -3.257, -3.288
-3.408, -2.633, -2.169, -3.289, -1.772, -4.456, -2.887, -2.498, -3.081, -3.177
-3.090, -3.678, -3.443, -3.093, -1.753, -4.865, -3.263, -3.011, -2.990, -3.424
-3.636, -3.578, -2.996, -3.947, -5.940, -1.868, -4.777, -3.092, -4.023, -2.464
-2.426, -4.036, -3.025, -2.409, -3.536, -1.429, -3.499, -2.818, -2.771, -3.113
-2.920, -2.541, -3.252, -3.816, -0.658, -3.509, -3.574, -2.617, -3.147, -2.718
-3.564, -2.899, -2.636, -3.443, -2.263, -5.417, -2.344, -2.971, -3.414, -3.142
-3.203, -3.215, -3.139, -2.378, -5.802, -1.960, -3.064, -3.005, -3.020, -3.254
-3.137, -2.520, -2.838, -2.233, -4.268, -1.576, -3.067, -2.852, -2.887, -3.179
-2.876, -3.475, -2.127, -3.977, -2.183, -4.297, -3.335, -3.832, -3.593, -3.267
-2.952, -2.786, -2.642, -4.218, -2.128, -4.237, -2.822, -3.314, -3.187, -3.259
-3.046, -3.256, -3.539, -3.418, -7.728, -3.440, -3.777, -2.989, -3.121, -3.001
-2.579, -4.358, -2.946, -3.334, -6.105, -2.333, -4.006, -2.694, -4.285, -2.997
-2.890, -3.701, -2.701, -2.433, -4.906, -2.018, -3.335, -3.252, -3.663, -3.416
-2.380, -2.631, -3.554, -3.839, -1.357, -3.852, -2.526, -2.856, -2.175, -2.753
-3.253, -3.448, -3.008, -2.144, -2.256, -6.531, -3.340, -2.732, -3.126, -2.640
-3.091, -3.292, -3.261, -4.533, -1.390, -4.272, -3.182, -3.343, -2.733, -3.479
-3.588, -2.739, -2.380, -2.006, -6.135, -1.550, -3.628, -2.690, -2.493, -3.868
-3.937, -2.743, -3.011, -3.171, -1.399, -5.368, -4.139, -3.719, -3.158, -3.217
-2.558, -2.555, -2.879, -2.214, -5.322, -1.680, -2.783, -2.354, -2.779, -3.040
-3.040, -3.244, -2.890, -3.212, -10.808, -3.787, -3.029, -2.924, -3.051, -2.964
-2.717, -2.960, -3.378, -4.137, -1.682, -5.072, -3.648, -2.647, -3.175, -3.041
-3.554, -3.487, -3.216, -2.398, -1.724, -4.979, -2.453, -3.107, -3.160, -3.529
-2.431, -2.815, -3.228, -2.844, -7.842, -2.765, -2.638, -2.641, -2.842, -3.739
-3.014, -3.147, -3.299, -3.799, -2.804, -6.641, -3.235, -3.041, -2.580, -2.790
-2.943, -3.048, -3.287, -4.335, -2.023, -5.055, -3.084, -2.845, -2.657, -3.198
-3.163, -2.932, -3.042, -3.641, -1.340, -4.498, -3.545, -2.480, -2.743, -3.158
-3.785, -3.492, -3.634, -3.144, -2.613, -6.079, -2.938, -2.749, -3.433, -2.664
-2.770, -2.754, -3.026, -2.517, -5.570, -2.613, -3.237, -2.739, -2.779, -2.960
-2.899, -2.622, -3.236, -2.661, -4.045, -1.161, -3.148, -2.681, -2.726, -2.956
-3.503, -3.401, -2.683, -2.513, -13.171, -3.403, -3.389, -2.959, -3.329, -2.724
-3.505, -3.397, -3.228, -2.251, -6.502, -3.146, -2.891, -3.232, -3.153, -3.052
-2.380, -3.314, -3.288, -3.244, -1.625, -4.307, -3.028, -3.589, -2.981, -3.546
-3.007, -3.211, -3.115, -2.906, -1.082, -3.759, -3.383, -5.020, -2.846, -3.004
-3.170, -2.350, -2.853, -4.087, -2.743, -7.058, -3.095, -2.991, -3.308, -3.145
-3.180, -3.177, -3.291, -2.688, -12.553, -3.763, -2.784, -2.993, -3.494, -3.379
-2.985, -3.552, -2.859, -2.355, -3.873, -1.034, -2.868, -3.239, -3.090, -3.394
-2.925, -3.433, -3.353, -2.600, -3.654, -1.081, -2.590, -2.935, -3.531, -3.100
-2.895, -3.271, -2.611, -2.140, -10.443, -2.565, -2.773, -2.840, -2.880, -3.284
-3.753, -2.860, -2.829, -2.542, -8.117, -3.129, -3.862, -3.666, -2.549, -3.279
-3.758, -3.182, -3.123, -3.236, -6.842, -2.718, -3.294, -2.494, -2.973, -3.294
-2.790, -2.744, -3.315, -3.215, -2.364, -6.643, -3.478, -3.146, -3.180, -3.208
-3.194, -2.997, -3.189, -2.602, -1.495, -4.572, -3.279, -4.045, -2.751, -3.437
-3.147, -2.662, -3.188, -3.536, -5.358, -1.605, -2.964, -3.300, -2.918, -3.443
-3.245, -3.448, -2.749, -3.437, -5.139, -2.067, -3.792, -2.455, -2.549, -3.216
-3.229, -3.012, -3.049, -4.531, -0.906, -3.445, -2.899, -2.904, -3.311, -3.179
-2.624, -3.818, -3.280, -2.539, -5.337, -2.063, -3.087, -2.662, -3.610, -2.843
-3.065, -2.814, -3.663, -2.802, -4.442, -1.381, -3.272, -2.577, -3.553, -2.826
-2.957, -2.907, -2.883, -2.565, -6.653, -2.007, -3.375, -3.712, -3.476, -2.801
-2.743, -3.667, -3.022, -3.682, -2.761, -5.645, -3.247, -3.461, -3.105, -3.145
-2.439, -3.442, -3.346, -3.496, -1.607, -4.291, -3.040, -4.143, -3.159, -3.439
-2.996, -2.669, -2.998, -4.278, -1.887, -4.394, -2.914, -3.599, -2.998, -3.094
-3.326, -3.644, -2.829, -3.162, -8.503, -2.701, -3.027, -3.166, -3.116, -3.030
-3.145, -2.744, -2.900, -3.817, -2.477, -5.001, -2.909, -3.358, -3.085, -3.253
-3.049, -3.042, -2.762, -2.405, -3.901, -1.664, -3.632, -3.198, -3.368, -3.567
-3.473, -3.413, -2.140, -3.680, -2.125, -4.616, -2.496, -2.802, -3.642, -3.119
-3.262, -3.027, -3.600, -3.408, -1.531, -5.386, -3.123, -2.831, -3.284, -3.180
-2.425, -3.170, -2.931, -3.009, -0.870, -3.451, -3.500, -3.591, -2.766, -2.961
-3.370, -2.894, -3.047, -3.893, -1.641, -4.479, -3.102, -2.672, -3.244, -3.041
-3.118, -3.376, -3.352, -3.357, -8.044, -2.470, -2.632, -2.843, -3.382, -3.059
-2.826, -3.465, -2.805, -2.676, -4.406, -1.135, -2.905, -3.468, -3.628, -3.041
-2.917, -3.760, -3.321, -3.971, -5.502, -1.669, -2.686, -2.928, -3.867, -3.198
-3.517, -3.456, -2.777, -2.676, -8.577, -2.933, -2.555, -2.655, -3.483, -3.091
-3.931, -3.339, -3.189, -3.356, -5.119, -1.789, -3.737, -3.320, -3.009, -3.161
-3.514, -3.407, -3.313, -3.061, -2.282, -5.283, -2.455, -4.350, -3.856, -3.161
-3.410, -3.561, -3.990, -3.569, -2.514, -5.471, -2.542, -3.467, -2.325, -3.023
-3.370, -2.849, -3.235, -3.217, -7.116, -3.140, -2.885, -2.855, -3.237, -3.347
-2.783, -3.274, -2.888, -2.960, -5.269, -2.165, -3.119, -3.055, -3.272, -3.134
-3.089, -3.098, -2.963, -3.214, -9.094, -3.406, -2.831, -3.053, -3.048, -3.235
-2.564, -3.712, -3.238, -3.770, -7.572, -2.317, -3.276, -2.148, -3.258, -2.926
-3.330, -4.737, -3.112, -5.994, -6.941, -1.995, -3.658, -2.500, -3.834, -2.906
-2.251, -3.235, -3.760, -3.315, -4.959, -1.913, -1.987, -3.244, -3.871, -2.835
-2.540, -3.450, -2.911, -2.083, -5.829, -1.649, -2.537, -3.241, -3.775, -2.855
-3.398, -3.131, -3.275, -3.347, -7.178, -2.947, -3.489, -2.635, -2.846, -3.129
-3.307, -3.390, -2.975, -2.560, -7.680, -2.962, -3.071, -3.055, -3.427, -3.187
-2.996, -2.946, -2.797, -2.511, -4.117, -1.346, -3.397, -2.894, -2.946, -3.296
-4.133, -2.959, -3.949, -2.924, -4.411, -1.704, -3.253, -3.643, -3.311, -3.258
-2.867, -2.810, -3.015, -3.444, -1.961, -7.604, -3.893, -3.250, -2.952, -3.635
-2.551, -3.822, -3.245, -2.475, -5.268, -2.047, -3.153, -2.551, -3.434, -2.888
-3.117, -3.072, -3.527, -3.957, -2.145, -5.081, -3.476, -2.865, -3.219, -3.522
-3.098, -3.464, -3.341, -3.223, -1.704, -5.303, -3.796, -3.073, -2.946, -3.057
-2.941, -3.581, -3.373, -3.240, -2.297, -5.410, -1.360, -3.076, -3.299, -4.344
-3.359, -2.959, -3.116, -4.407, -1.950, -4.235, -3.309, -4.031, -2.873, -3.093
-3.100, -2.962, -3.220, -3.280, -1.708, -4.568, -2.429, -3.153, -3.608, -2.813
-3.656, -3.392, -2.934, -2.337, -6.046, -2.155, -2.699, -3.669, -3.272, -3.163
-3.385, -2.796, -2.477, -3.139, -2.278, -5.182, -2.568, -2.628, -2.872, -3.155
-2.988, -2.928, -3.093, -3.323, -2.356, -5.087, -2.918, -3.299, -3.135, -2.890
-3.188, -3.332, -3.346, -2.930, -2.401, -6.090, -3.078, -2.591, -3.029, -3.185
-3.057, -3.276, -3.355, -5.201, -1.424, -3.941, -3.082, -3.851, -3.170, -2.916
-2.622, -2.502, -2.853, -2.269, -5.575, -2.408, -3.230, -3.836, -3.235, -2.794
-3.194, -3.284, -2.924, -2.976, -8.600, -3.807, -2.978, -2.942, -3.383, -2.970
-2.881, -2.786, -3.589, -3.956, -1.636, -4.277, -2.828, -2.882, -2.631, -2.916
-3.295, -3.252, -3.705, -2.886, -2.735, -6.827, -3.054, -2.547, -3.121, -3.290
-3.036, -3.283, -3.086, -2.965, -1.318, -4.382, -3.471, -3.102, -2.957, -3.044
-3.507, -3.264, -3.448, -3.141, -5.176, -2.379, -4.127, -3.321, -2.978, -3.354
-2.900, -3.371, -3.906, -3.194, -1.343, -4.527, -2.421, -3.487, -3.272, -3.170
-3.014, -2.984, -3.052, -3.160, -1.174, -4.283, -2.750, -3.091, -2.939, -3.247
-3.438, -3.481, -3.733, -2.807, -7.581, -2.973, -2.518, -3.860, -2.507, -2.886
-2.763, -3.290, -3.371, -2.295, -5.114, -2.604, -3.296, -3.166, -3.443, -2.939
-2.662, -3.092, -3.171, -3.076, -2.551, -5.348, -2.892, -3.306, -2.976, -3.130
-2.636, -2.630, -2.743, -3.003, -6.395, -2.630, -2.820, -2.759, -2.611, -3.189
-3.003, -2.335, -3.406, -3.412, -1.410, -4.586, -2.873, -3.004, -3.144, -3.484
-3.050, -3.170, -3.658, -2.625, -5.987, -2.967, -3.605, -3.027, -3.252, -3.272
-3.237, -3.664, -3.154, -2.835, -2.721, -6.741, -3.125, -3.307, -3.354, -3.449
-3.401, -3.634, -3.001, -2.741, -2.601, -6.180, -3.570, -2.938, -3.184, -2.549
-3.507, -3.484, -2.147, -3.496, -2.307, -4.853, -4.224, -2.939, -3.029, -3.326
-2.804, -3.736, -3.143, -3.177, -5.543, -2.005, -3.096, -2.337, -3.093, -3.303
-3.553, -2.819, -3.878, -1.929, -4.371, -2.314, -2.896, -2.694, -3.833, -3.202
-3.069, -3.382, -3.333, -3.581, -1.424, -4.122, -2.929, -3.730, -2.726, -3.084
-2.920, -3.138, -3.137, -2.585, -7.272, -2.158, -2.608, -3.211, -3.629, -3.135
-2.747, -3.470, -4.196, -2.640, -4.112, -1.703, -3.639, -3.039, -2.680, -3.230
-2.877, -3.025, -2.408, -2.933, -5.083, -1.825, -2.873, -3.203, -3.150, -2.743
-3.093, -3.441, -3.774, -3.364, -5.446, -1.970, -3.674, -2.445, -2.795, -2.573
-3.330, -3.399, -3.465, -2.329, -2.169, -5.989, -2.857, -3.047, -2.808, -3.638
-3.171, -3.139, -3.040, -4.389, -1.792, -4.882, -3.709, -3.306, -2.984, -3.139
-3.162, -2.971, -3.583, -4.232, -1.749, -4.655, -3.905, -2.801, -3.083, -3.598
-3.098, -3.410, -3.372, -3.144, -1.721, -5.422, -3.069, -2.953, -3.092, -3.312
-3.025, -3.071, -3.185, -3.182, -9.077, -3.318, -2.483, -3.042, -3.123, -3.522
-3.018, -3.336, -3.348, -3.195, -1.411, -4.644, -3.768, -3.116, -3.109, -2.883
-3.529, -3.240, -2.783, -2.882, -6.081, -2.357, -4.030, -3.100, -3.087, -3.132
-3.386, -3.304, -3.199, -2.824, -3.813, -1.181, -2.811, -3.378, -2.784, -3.628
-3.670, -3.996, -3.274, -3.254, -3.004, -6.211, -3.174, -3.419, -2.790, -3.053
-3.898, -2.835, -3.115, -3.072, -2.578, -5.507, -2.569, -3.004, -3.072, -2.549
-3.236, -3.258, -1.201, -4.548, -1.573, -2.502, -1.999, -3.107, -3.234, -3.075
-3.248, -3.016, -2.903, -3.965, -1.214, -4.731, -3.037, -2.665, -3.321, -3.053
-3.827, -3.407, -2.727, -3.220, -8.120, -3.303, -3.890, -2.385, -3.102, -2.720
-2.945, -3.122, -3.212, -3.326, -3.128, -6.436, -2.934, -2.899, -2.614, -3.168
-3.592, -3.409, -3.425, -2.624, -4.062, -1.888, -3.588, -3.338, -3.410, -3.175
-3.007, -3.453, -3.244, -2.904, -5.209, -1.223, -2.980, -3.325, -3.169, -3.457
-2.925, -2.776, -3.514, -4.802, -1.282, -5.739, -3.543, -2.947, -3.138, -3.078
-3.207, -2.936, -3.389, -4.094, -1.227, -3.808, -3.255, -3.869, -3.436, -2.810
-3.061, -3.274, -2.899, -3.785, -2.580, -5.498, -2.975, -2.919, -3.181, -3.223
-3.242, -2.961, -3.166, -2.575, -4.488, -1.419, -3.358, -3.024, -3.503, -3.247
-3.580, -2.954, -3.444, -3.523, -1.567, -4.716, -2.696, -3.373, -3.241, -3.395
-2.842, -2.880, -3.150, -2.248, -4.376, -1.544, -2.409, -2.500, -3.300, -2.652
-3.028, -2.960, -3.043, -2.706, -5.256, -2.014, -3.025, -2.774, -3.051, -2.930
-3.098, -4.096, -2.763, -4.444, -2.016, -4.406, -3.330, -3.026, -3.142, -3.119
-3.287, -3.264, -3.140, -2.726, -7.670, -3.033, -2.342, -3.052, -3.510, -3.310
-2.982, -3.438, -2.788, -3.766, -10.146, -3.819, -3.324, -2.337, -2.870, -2.751
-3.280, -4.274, -3.050, -4.361, -5.666, -1.608, -2.902, -2.060, -3.959, -3.466
-3.037, -2.996, -3.803, -3.809, -5.038, -1.966, -2.817, -3.272, -3.291, -3.271
-3.388, -2.944, -2.624, -2.459, -6.159, -2.876, -3.694, -2.981, -3.315, -2.916
-2.951, -2.484, -2.842, -3.460, -1.652, -5.013, -3.921, -3.249, -2.586, -2.731
-3.274, -3.337, -2.709, -2.880, -16.653, -4.179, -2.988, -3.103, -3.154, -3.061
-3.657, -3.081, -3.098, -3.817, -2.075, -5.077, -3.237, -3.730, -3.531, -3.575
-3.053, -4.230, -3.421, -4.202, -1.180, -3.812, -3.108, -3.841, -3.035, -3.263
-3.128, -3.450, -3.400, -2.982, -5.134, -1.637, -3.165, -3.569, -3.021, -3.371
-2.632, -3.666, -3.379, -3.127, -2.164, -5.111, -3.078, -2.942, -3.103, -3.071
-3.021, -2.571, -2.928, -3.402, -1.628, -4.391, -2.929, -2.956, -3.184, -2.835
-2.840, -2.633, -2.960, -4.262, -1.978, -4.680, -2.787, -3.470, -3.089, -3.183
-2.729, -3.766, -3.370, -3.411, -2.122, -5.842, -3.186, -3.263, -3.874, -3.295
-2.667, -3.113, -3.545, -2.998, -1.680, -4.910, -3.808, -3.788, -2.970, -3.012
-3.272, -3.052, -2.729, -2.631, -8.693, -3.364, -3.000, -3.161, -3.070, -3.434
-2.952, -3.193, -2.910, -1.918, -3.160, -1.303, -2.400, -2.502, -4.323, -3.362
-3.055, -2.776, -3.428, -2.728, -6.775, -3.379, -3.283, -2.542, -3.285, -3.030
-3.438, -3.592, -3.118, -3.192, -2.016, -5.674, -2.521, -3.389, -2.947, -3.461
-3.326, -3.048, -2.218, -2.163, -6.103, -2.453, -3.775, -3.400, -2.725, -2.716
-2.843, -2.750, -3.537, -2.820, -6.775, -2.221, -3.610, -2.555, -2.595, -2.982
-2.891, -3.480, -3.258, -2.876, -5.281, -2.342, -3.126, -3.381, -3.407, -2.867
-3.562, -3.565, -3.165, -2.831, -2.391, -6.532, -3.198, -2.844, -3.416, -3.329
-4.088, -2.991, -2.465, -3.810, -1.570, -4.156, -4.139, -2.596, -2.599, -3.292
-3.061, -3.425, -3.651, -3.425, -7.118, -3.322, -3.684, -2.044, -3.045, -3.375
-3.825, -4.177, -3.256, -3.629, -7.825, -2.806, -3.471, -2.781, -4.371, -3.550
-2.769, -3.828, -2.928, -3.428, -4.388, -1.543, -3.607, -3.074, -3.474, -2.941
-3.040, -2.618, -3.021, -3.259, -4.742, -1.959, -3.232, -2.413, -2.921, -3.492
-3.306, -2.586, -3.187, -3.831, -0.681, -3.469, -3.294, -3.137, -3.308, -2.964
-3.346, -3.378, -2.963, -2.917, -8.092, -3.299, -3.700, -3.043, -3.108, -2.943
-3.380, -2.896, -3.376, -4.189, -0.839, -3.684, -3.165, -3.651, -3.567, -3.083
-3.060, -2.934, -2.950, -2.452, -4.313, -1.941, -3.302, -2.818, -2.908, -3.057
-2.940, -3.090, -2.999, -3.136, -4.448, -1.112, -2.919, -4.023, -2.974, -3.575
-3.466, -2.963, -3.332, -3.382, -1.564, -5.771, -2.865, -2.868, -3.286, -3.463
-2.568, -3.384, -3.249, -4.365, -2.433, -6.664, -3.521, -3.379, -2.825, -3.519
-3.694, -3.554, -3.309, -3.229, -2.416, -5.615, -3.607, -3.927, -3.344, -3.297
-2.856, -2.966, -4.145, -3.322, -3.987, -1.846, -2.669, -2.322, -3.477, -2.754
-3.511, -3.131, -3.359, -4.964, -1.135, -5.452, -3.219, -3.882, -2.978, -3.187
-2.815, -3.718, -3.139, -2.820, -1.847, -4.746, -2.006, -2.777, -2.717, -3.212
-3.319, -3.140, -2.842, -4.295, -1.171, -3.562, -3.364, -2.856, -3.502, -3.377
-3.247, -2.762, -3.189, -3.428, -1.608, -5.539, -3.539, -2.680, -3.030, -3.537
-2.594, -2.972, -3.123, -3.658, -1.960, -6.044, -3.923, -2.883, -3.386, -3.227
-3.075, -3.808, -4.096, -3.250, -7.014, -2.929, -3.305, -2.850, -3.872, -3.190
-3.875, -3.065, -2.233, -3.013, -5.311, -1.978, -4.620, -2.829, -2.831, -2.749
-3.437, -3.114, -3.002, -2.800, -6.178, -2.280, -2.977, -3.132, -3.597, -3.069
-3.450, -3.349, -3.489, -4.257, -4.888, -1.516, -4.211, -3.131, -2.887, -3.701
-3.192, -3.243, -2.988, -2.260, -5.478, -2.430, -2.852, -3.224, -3.512, -3.189
-3.413, -4.050, -3.743, -3.372, -6.068, -2.663, -4.013, -3.534, -3.070, -2.852
-2.585, -3.356, -3.299, -3.142, -1.213, -3.952, -3.061, -3.383, -2.917, -3.446
-3.086, -3.602, -3.170, -4.220, -4.836, -1.658, -3.023, -1.750, -3.205, -3.047
-3.179, -3.094, -3.501, -2.850, -2.026, -6.055, -3.390, -2.304, -3.319, -3.250
-3.604, -3.259, -3.488, -2.726, -7.926, -3.587, -3.079, -2.771, -4.155, -2.946
-3.317, -3.479, -2.778, -2.639, -4.607, -1.765, -3.406, -2.747, -3.525, -2.860
-3.306, -2.655, -2.685, -2.650, -4.727, -1.787, -3.079, -3.636, -2.703, -2.911
-3.125, -2.567, -3.053, -3.850, -3.757, -1.252, -3.041, -2.172, -2.888, -3.117
-3.906, -2.921, -3.113, -2.938, -2.821, -6.023, -2.517, -2.405, -3.270, -3.245
-3.000, -3.138, -3.421, -3.048, -1.310, -4.152, -3.021, -3.902, -3.435, -3.165
-2.955, -3.202, -3.365, -3.163, -5.206, -1.825, -3.761, -2.666, -3.390, -3.226
-3.363, -3.820, -4.014, -3.016, -5.763, -2.830, -3.670, -3.307, -3.271, -3.126
-2.919, -3.667, -3.333, -3.566, -2.793, -5.853, -2.801, -2.781, -3.132, -3.034
-3.898, -3.545, -3.814, -3.183, -4.833, -1.907, -3.305, -3.334, -3.425, -3.226
-3.008, -4.578, -3.395, -3.592, -1.923, -4.820, -3.860, -3.916, -3.305, -2.924
-3.451, -2.971, -3.121, -3.732, -2.244, -5.086, -3.554, -2.862, -3.243, -3.125
-3.233, -3.435, -4.514, -2.348, -5.480, -3.210, -4.212, -3.166, -3.144, -3.167
-3.439, -2.907, -2.531, -3.631, -2.154, -5.068, -3.266, -2.785, -3.487, -3.199
-3.099, -2.707, -3.797, -4.183, -1.193, -4.206, -3.059, -2.857, -3.021, -3.133
-3.001, -3.080, -2.725, -4.219, -2.239, -4.383, -2.497, -4.157, -3.736, -2.771
-3.168, -3.469, -2.880, -2.762, -5.153, -1.949, -3.175, -3.383, -3.317, -2.578
-3.348, -3.208, -3.446, -2.386, -5.987, -3.033, -3.264, -3.268, -3.849, -3.475
-3.166, -3.693, -2.856, -2.498, -2.751, -5.938, -3.171, -3.416, -2.751, -3.879
-3.019, -3.350, -3.110, -3.573, -2.199, -6.106, -3.264, -3.076, -3.007, -2.661
-3.145, -3.396, -3.161, -2.809, -1.841, -5.714, -3.651, -2.496, -3.825, -3.000
-3.150, -3.728, -3.215, -3.384, -7.232, -3.060, -3.084, -2.761, -3.037, -3.365
-3.260, -3.774, -3.726, -3.676, -1.568, -5.479, -3.064, -3.118, -3.494, -3.107
-3.317, -3.159, -3.462, -2.690, -6.338, -2.940, -3.439, -3.391, -3.303, -3.310
-3.943, -2.893, -4.014, -2.675, -2.377, -6.281, -2.620, -2.968, -2.765, -3.642
-3.499, -3.258, -2.932, -1.868, -3.395, -1.435, -2.717, -2.798, -3.792, -3.442
-3.707, -3.807, -3.271, -2.714, -3.890, -1.260, -2.757, -2.810, -3.271, -2.964
-3.553, -3.558, -3.147, -2.443, -5.262, -1.930, -3.807, -2.080, -3.016, -3.883
-3.437, -3.583, -3.320, -3.677, -0.972, -3.860, -3.263, -3.204, -3.066, -3.463
-3.363, -3.358, -3.299, -2.716, -3.088, -6.437, -2.962, -2.964, -3.312, -3.331
-3.053, -2.934, -3.131, -3.257, -9.040, -3.680, -3.101, -2.713, -3.327, -3.271
-2.840, -3.571, -3.318, -3.683, -2.226, -5.348, -3.441, -2.921, -3.025, -3.392
-3.246, -3.097, -3.031, -3.043, -4.655, -1.801, -3.318, -3.291, -3.163, -2.999
-3.097, -3.185, -2.915, -2.764, -4.623, -1.474, -2.816, -2.620, -3.236, -3.432
-2.623, -3.633, -3.303, -3.074, -2.289, -5.535, -2.958, -3.356, -3.484, -2.959
-3.741, -3.070, -3.814, -3.568, -1.729, -5.821, -3.168, -3.361, -3.879, -2.997
-2.846, -3.074, -3.510, -4.238, -2.623, -5.731, -3.314, -3.548, -3.002, -3.216
-3.185, -3.076, -2.768, -3.657, -2.248, -5.204, -4.121, -3.300, -3.074, -2.820
-3.094, -2.781, -2.986, -5.020, -0.980, -3.047, -3.365, -3.864, -2.748, -3.146
-2.712, -3.365, -3.278, -2.477, -5.001, -2.469, -4.315, -2.855, -3.344, -3.333
-2.740, -2.566, -3.326, -3.977, -0.844, -3.497, -2.924, -2.682, -3.097, -3.126
-3.444, -3.376, -3.844, -2.343, -4.320, -1.486, -3.240, -3.091, -2.702, -3.254
-3.202, -3.389, -3.443, -2.724, -7.648, -3.600, -3.317, -3.244, -3.006, -3.258
-3.624, -3.974, -2.994, -3.127, -5.914, -2.575, -3.864, -2.641, -3.437, -3.323
-3.368, -3.183, -3.009, -3.195, -6.117, -1.744, -3.488, -2.360, -2.723, -3.518
-2.780, -2.926, -3.412, -4.306, -1.692, -5.010, -3.252, -3.541, -2.728, -3.429
-3.088, -3.279, -2.846, -3.168, -8.834, -3.534, -2.958, -2.549, -3.178, -3.235
-2.941, -2.998, -3.256, -2.813, -5.087, -2.169, -3.513, -3.128, -2.727, -3.112
-3.659, -3.431, -2.957, -2.888, -5.707, -1.781, -3.207, -3.079, -3.033, -3.504
-3.341, -3.156, -3.676, -3.104, -6.112, -2.471, -3.365, -2.841, -3.232, -3.111
-3.751, -4.070, -2.995, -3.100, -1.544, -4.604, -2.894, -3.343, -3.751, -3.236
-2.637, -3.419, -3.769, -3.475, -6.834, -2.622, -2.420, -2.893, -4.224, -3.452
-3.571, -3.736, -2.893, -3.263, -6.029, -2.366, -3.361, -2.970, -3.090, -2.840
-4.009, -3.000, -3.526, -2.458, -2.209, -5.833, -2.289, -3.600, -2.920, -3.208
-3.230, -2.676, -2.934, -3.461, -1.763, -7.299, -3.242, -2.302, -3.401, -3.211
-3.117, -2.501, -3.782, -3.545, -4.070, -1.580, -3.531, -4.090, -3.609, -2.790
-3.405, -2.232, -3.256, -3.801, -1.200, -5.072, -3.519, -3.735, -3.120, -3.032
-2.950, -3.048, -3.023, -3.421, -2.517, -5.231, -3.188, -2.993, -2.746, -2.732
-2.913, -2.685, -3.316, -3.574, -1.615, -5.357, -3.315, -2.243, -3.630, -2.798
-3.493, -3.405, -2.538, -5.212, -2.183, -5.324, -3.690, -3.882, -2.435, -3.057
-3.154, -3.277, -2.928, -2.451, -7.442, -3.038, -2.896, -2.676, -2.937, -3.231
-3.354, -2.710, -3.389, -3.422, -1.295, -4.988, -3.623, -3.014, -3.502, -2.862
-3.007, -3.633, -3.403, -2.253, -6.075, -2.770, -3.387, -3.319, -3.539, -3.127
-3.132, -2.715, -3.578, -3.110, -5.295, -2.006, -3.106, -4.690, -3.399, -3.167
-3.131, -3.482, -3.459, -2.727, -4.924, -1.884, -2.828, -3.567, -3.220, -3.071
-3.085, -3.871, -2.251, -3.903, -1.639, -3.649, -2.660, -2.890, -3.246, -3.010
-2.876, -2.812, -2.900, -3.164, -7.629, -3.006, -2.984, -2.610, -2.988, -3.263
-3.260, -3.657, -3.192, -4.066, -7.006, -2.316, -3.288, -3.370, -2.601, -2.984
-2.829, -3.201, -2.906, -2.951, -7.216, -2.263, -2.761, -2.564, -3.487, -2.830
-3.171, -3.396, -2.956, -2.425, -5.090, -1.709, -3.052, -3.108, -3.138, -3.092
-3.199, -2.558, -2.362, -3.819, -2.318, -4.520, -2.538, -3.366, -3.377, -3.309
-3.379, -3.626, -2.886, -3.065, -1.846, -5.281, -3.994, -3.251, -2.574, -3.370
-3.454, -4.170, -3.084, -2.095, -3.131, -6.959, -2.777, -2.993, -2.919, -2.961
-3.468, -3.079, -3.260, -2.784, -7.149, -3.164, -3.027, -3.549, -3.730, -3.384
-3.528, -2.963, -2.553, -3.926, -1.606, -3.849, -2.919, -3.503, -3.481, -3.038
-3.067, -3.544, -3.603, -3.294, -4.272, -1.641, -2.977, -2.063, -3.747, -3.045
-2.969, -3.017, -3.198, -4.099, -1.757, -4.590, -3.051, -3.383, -3.171, -3.254
-3.088, -3.858, -3.271, -3.052, -6.319, -2.204, -2.657, -3.004, -3.676, -3.043
-3.092, -2.816, -3.640, -4.062, -0.807, -3.778, -3.096, -2.968, -3.123, -3.348
-3.630, -3.452, -3.993, -2.745, -5.605, -2.465, -3.343, -3.344, -3.262, -3.400
-3.356, -3.791, -3.454, -2.430, -6.150, -2.680, -3.266, -3.579, -3.515, -3.058
-3.220, -2.727, -2.943, -3.210, -1.957, -4.753, -2.805, -2.772, -3.298, -3.210
-2.907, -3.625, -3.638, -3.213, -8.605, -3.241, -2.673, -3.131, -3.221, -3.945
-3.561, -3.492, -3.449, -2.432, -1.849, -5.500, -3.389, -2.384, -3.478, -3.251
-2.499, -3.167, -2.755, -3.543, -1.462, -4.674, -4.420, -2.744, -2.933, -2.722
-2.923, -2.020, -3.221, -2.573, -1.005, -4.152, -2.902, -3.194, -3.389, -3.143
-2.561, -3.257, -3.054, -4.137, -7.969, -2.622, -3.113, -1.749, -3.006, -2.867
-3.419, -3.256, -3.167, -2.432, -10.114, -3.834, -3.546, -3.168, -3.217, -3.260
-3.361, -3.275, -2.647, -2.462, -2.830, -6.921, -2.979, -2.851, -3.406, -3.157
-2.986, -3.375, -3.209, -3.895, -0.989, -3.561, -3.294, -4.434, -2.778, -3.099
-3.446, -3.445, -3.488, -3.377, -5.450, -1.693, -2.780, -3.161, -3.124, -3.232
-3.521, -2.650, -3.603, -3.378, -1.964, -7.482, -3.023, -2.706, -3.455, -3.514
-3.138, -3.218, -3.493, -3.585, -1.378, -4.190, -3.263, -3.032, -3.481, -2.900
-3.361, -4.435, -2.992, -4.430, -6.681, -2.108, -3.347, -2.930, -2.913, -3.278
-3.187, -3.003, -1.935, -4.431, -2.119, -4.064, -2.752, -3.478, -2.985, -3.040
-3.597, -3.122, -3.736, -2.947, -5.044, -2.233, -3.885, -2.744, -2.755, -3.201
-2.887, -2.635, -3.335, -3.766, -0.649, -3.764, -3.581, -3.175, -2.977, -2.664
-3.240, -3.302, -3.122, -2.571, -5.779, -2.070, -3.100, -3.076, -3.275, -3.189
-3.689, -3.041, -2.918, -2.559, -4.840, -1.558, -2.796, -3.951, -2.693, -2.794
-3.354, -3.196, -2.823, -1.848, -4.715, -1.561, -3.141, -2.570, -3.337, -3.238
-2.799, -2.931, -2.838, -3.003, -7.367, -3.258, -4.027, -3.413, -3.419, -2.941
-2.871, -2.442, -3.042, -3.460, -1.639, -4.054, -2.207, -3.359, -3.329, -3.179
-3.159, -2.700, -3.373, -4.521, -0.956, -3.835, -3.563, -3.819, -2.775, -3.239
-3.102, -2.682, -3.594, -4.040, -1.399, -4.479, -3.281, -3.040, -2.534, -3.530
-3.965, -4.294, -3.208, -2.919, -7.143, -2.639, -2.878, -2.787, -4.878, -3.315
-3.114, -3.554, -3.235, -3.260, -6.528, -2.606, -3.067, -3.063, -3.286, -3.086
-2.028, -2.752, -2.632, -4.225, -1.677, -4.131, -4.719, -2.902, -2.461, -3.364
-3.358, -3.275, -3.010, -2.691, -7.700, -2.917, -3.306, -3.316, -3.176, -3.001
-3.132, -3.041, -2.808, -4.529, -2.030, -4.018, -2.839, -3.266, -3.188, -3.133
-2.810, -3.375, -3.819, -3.475, -2.133, -6.001, -3.023, -2.905, -2.705, -3.205
-2.565, -2.740, -3.050, -2.134, -3.525, -1.466, -2.907, -3.655, -3.234, -3.029
-3.571, -3.348, -2.710, -3.789, -2.616, -5.237, -2.829, -3.251, -2.690, -2.888
-3.169, -3.019, -2.519, -2.858, -1.708, -4.977, -4.455, -3.154, -3.115, -3.503
-3.495, -3.113, -2.657, -3.025, -3.115, -5.969, -2.718, -2.606, -3.205, -3.010
-2.584, -2.867, -3.869, -3.568, -5.093, -1.773, -2.256, -2.129, -3.933, -3.049
-3.028, -3.363, -2.650, -4.162, -2.359, -4.828, -3.242, -3.115, -3.307, -2.946
-2.516, -2.971, -3.500, -2.144, -4.911, -1.891, -3.281, -2.828, -3.257, -3.003
-3.401, -3.336, -2.798, -3.973, -6.369, -2.543, -3.946, -2.363, -3.387, -2.721
-3.207, -2.335, -3.265, -4.385, -1.316, -5.173, -3.424, -3.521, -3.293, -3.411
-3.204, -3.566, -2.989, -2.979, -1.769, -4.986, -3.423, -3.736, -3.445, -2.869
-2.991, -3.219, -3.046, -4.893, -2.189, -4.582, -3.132, -3.639, -2.844, -3.079
-3.263, -3.155, -3.228, -3.733, -2.153, -5.678, -2.920, -2.992, -3.410, -3.324
-3.125, -3.034, -4.517, -2.638, -5.828, -3.178, -3.570, -3.196, -3.095, -3.567
-3.233, -2.936, -2.890, -4.838, -1.836, -5.557, -3.265, -3.112, -3.299, -2.823
-3.079, -2.943, -3.946, -4.057, -1.807, -5.051, -2.733, -3.246, -3.192, -3.545
-3.350, -2.390, -3.744, -3.397, -1.230, -4.176, -3.227, -3.375, -3.074, -3.473
-3.562, -3.049, -3.909, -2.748, -5.682, -2.519, -1.990, -3.492, -3.690, -3.374
-2.649, -3.099, -2.779, -1.325, -5.441, -2.632, -2.325, -2.774, -2.934, -2.508
-3.188, -2.695, -4.489, -2.772, -3.992, -1.517, -3.371, -3.479, -3.557, -3.474
-3.306, -3.569, -3.145, -3.252, -1.727, -4.537, -3.185, -3.239, -3.557, -3.181
-3.408, -3.884, -3.200, -3.657, -2.143, -5.323, -3.662, -3.023, -3.648, -3.097
-2.504, -3.821, -2.539, -3.063, -2.970, -5.786, -3.482, -3.075, -3.806, -3.868
-3.262, -2.546, -3.491, -4.027, -1.284, -4.833, -2.938, -2.822, -3.516, -2.940
-3.157, -3.103, -3.095, -3.262, -0.938, -3.830, -3.644, -3.284, -2.989, -3.016
-3.800, -3.482, -2.977, -2.039, -8.220, -3.394, -2.727, -3.183, -3.138, -2.891
-3.452, -3.604, -2.970, -2.334, -5.824, -2.505, -3.221, -3.383, -3.288, -3.125
-3.267, -3.338, -4.375, -2.688, -5.414, -2.682, -1.999, -3.014, -3.095, -2.979
-3.441, -4.254, -3.145, -4.063, -6.622, -2.725, -4.330, -2.835, -2.496, -3.082
-3.218, -3.400, -2.875, -2.699, -6.560, -2.337, -3.447, -3.147, -3.122, -3.251
-3.560, -2.900, -3.157, -2.549, -5.884, -1.939, -2.837, -2.857, -3.107, -3.158
-3.382, -3.256, -2.783, -2.958, -1.662, -5.165, -3.643, -2.352, -3.306, -2.829
-2.742, -3.403, -3.389, -1.963, -7.126, -3.378, -2.460, -3.340, -3.832, -2.962
-2.973, -2.264, -3.011, -3.503, -0.548, -3.010, -3.239, -2.491, -2.903, -3.075
-4.109, -2.930, -2.636, -2.488, -6.688, -2.146, -3.765, -3.056, -2.933, -3.746
-3.314, -3.240, -3.107, -3.016, -1.771, -5.727, -3.535, -3.046, -3.561, -3.326
-3.759, -2.589, -3.588, -3.515, -1.773, -6.037, -2.596, -3.045, -3.060, -3.019
-3.024, -3.172, -3.068, -3.590, -2.372, -4.973, -2.979, -3.120, -3.164, -3.401
-3.232, -2.859, -3.576, -2.720, -5.585, -2.448, -4.560, -2.936, -3.675, -2.815
-3.197, -3.188, -3.611, -2.825, -6.224, -2.791, -3.165, -3.027, -3.204, -3.431
-2.834, -2.784, -3.232, -2.940, -1.613, -5.420, -3.467, -2.578, -2.529, -3.406
-3.772, -3.206, -3.040, -2.796, -5.179, -1.864, -3.930, -2.421, -2.555, -4.264
-2.903, -2.880, -3.325, -4.653, -1.232, -4.896, -3.205, -3.605, -2.921, -3.084
-3.846, -2.793, -3.670, -3.949, -2.146, -6.415, -3.199, -2.737, -3.164, -2.807
-4.028, -2.344, -2.761, -2.747, -3.949, -1.488, -3.390, -3.114, -3.081, -3.154
-3.097, -3.292, -3.168, -2.973, -12.574, -3.847, -2.671, -3.376, -2.991, -3.649
-3.496, -3.178, -3.230, -3.553, -1.245, -4.606, -3.679, -3.202, -3.331, -3.024
-3.131, -3.466, -3.272, -2.854, -2.127, -6.220, -3.287, -2.706, -3.537, -2.679
-3.145, -3.785, -3.159, -4.554, -4.462, -1.471, -3.734, -2.163, -2.868, -2.740
-2.742, -2.861, -2.398, -1.990, -1.313, -4.372, -3.313, -3.539, -2.818, -2.605
-3.122, -2.682, -3.324, -3.580, -2.240, -5.571, -2.997, -3.148, -3.200, -3.295
-3.468, -2.788, -3.581, -4.445, -2.435, -5.687, -2.769, -2.952, -2.642, -2.777
-2.954, -3.467, -2.862, -3.197, -1.733, -4.457, -3.105, -3.131, -3.148, -3.691
-2.816, -3.335, -3.481, -3.715, -1.336, -4.033, -3.005, -4.613, -3.779, -4.104
-2.850, -3.348, -2.337, -3.902, -1.858, -5.082, -2.952, -3.155, -3.018, -3.252
-3.139, -3.286, -3.687, -3.756, -1.767, -4.474, -3.040, -3.032, -2.635, -3.184
-2.966, -3.923, -2.847, -2.131, -3.094, -6.597, -3.171, -3.499, -3.343, -3.266
-2.831, -3.536, -3.726, -3.689, -5.425, -1.858, -2.768, -1.889, -3.255, -2.520
-3.063, -2.795, -4.221, -2.789, -4.192, -1.852, -3.353, -4.026, -3.500, -3.233
-2.990, -2.114, -3.150, -2.990, -0.996, -4.814, -3.405, -3.400, -2.824, -3.154
-3.141, -2.656, -2.933, -4.064, -2.129, -4.714, -2.857, -3.057, -3.101, -3.171
-2.928, -3.415, -2.263, -1.898, -1.823, -5.362, -2.390, -2.907, -3.299, -3.176
-3.035, -2.660, -2.733, -3.538, -2.165, -5.381, -2.223, -2.832, -4.093, -3.347
-3.185, -3.510, -3.116, -3.526, -1.076, -3.995, -3.647, -3.233, -3.038, -3.049
-3.340, -3.062, -3.384, -4.322, -2.737, -6.698, -3.383, -2.590, -2.933, -2.853
-2.723, -3.377, -2.973, -4.081, -5.776, -1.813, -2.923, -2.935, -2.509, -3.195
-2.888, -3.282, -3.507, -4.781, -2.384, -4.770, -3.275, -2.968, -3.022, -3.616
-2.992, -3.545, -3.153, -2.537, -2.298, -5.472, -2.959, -2.418, -2.940, -3.370
-3.262, -3.307, -3.066, -2.530, -7.900, -2.734, -2.920, -3.260, -3.281, -3.132
-3.068, -2.602, -3.163, -3.470, -1.013, -3.683, -3.382, -3.369, -2.917, -2.913
-3.394, -3.000, -2.858, -3.915, -1.489, -3.810, -2.872, -2.557, -3.218, -3.112
-4.076, -2.934, -2.361, -3.338, -1.683, -4.709, -2.995, -2.768, -3.128, -3.703
-2.993, -2.978, -2.741, -3.102, -10.020, -4.043, -3.400, -2.955, -4.084, -2.999
-2.833, -3.256, -2.928, -3.166, -9.422, -3.178, -2.784, -2.583, -3.204, -3.939
-3.294, -3.057, -3.488, -2.593, -1.595, -5.640, -3.220, -2.622, -3.489, -3.106
-2.357, -2.606, -4.719, -3.451, -6.411, -2.183, -1.662, -2.948, -4.227, -3.122
-2.371, -3.321, -2.253, -3.019, -2.338, -4.900, -3.828, -2.582, -2.851, -3.075
-2.899, -2.966, -3.382, -3.090, -0.869, -3.793, -3.005, -3.451, -3.039, -2.768
-2.997, -3.181, -3.371, -3.065, -6.719, -2.469, -3.460, -3.343, -3.331, -3.152
-2.551, -2.894, -3.100, -2.022, -5.852, -1.855, -3.048, -2.581, -2.651, -3.555
-2.808, -2.663, -2.692, -2.347, -8.316, -2.685, -2.855, -2.747, -3.175, -3.463
-3.048, -2.861, -3.435, -3.935, -1.688, -5.507, -3.105, -2.867, -3.183, -3.309
-3.071, -2.358, -3.174, -4.064, -1.460, -5.555, -3.416, -2.745, -2.903, -3.163
-2.944, -3.042, -3.037, -2.944, -5.657, -2.163, -3.215, -2.717, -3.231, -2.514
-2.804, -3.181, -3.003, -4.403, -1.574, -4.117, -4.166, -2.775, -2.733, -3.271
-2.690, -2.862, -3.902, -3.830, -5.038, -1.954, -3.597, -3.810, -3.119, -3.058
-3.129, -3.671, -2.813, -2.952, -6.948, -2.208, -3.700, -2.125, -3.248, -2.989
-3.139, -3.243, -3.249, -2.724, -1.935, -5.417, -3.596, -3.326, -3.287, -3.521
-3.196, -3.199, -3.078, -2.859, -14.933, -4.084, -2.866, -3.152, -3.084, -3.203
-3.128, -3.049, -3.379, -2.555, -1.429, -4.876, -3.263, -2.451, -3.471, -3.114
-3.172, -3.384, -3.294, -3.128, -6.057, -1.656, -2.904, -3.300, -2.896, -3.318
-2.776, -3.027, -2.896, -2.342, -5.096, -2.054, -3.636, -2.695, -3.733, -3.136
-3.186, -3.103, -2.981, -3.436, -2.347, -5.306, -3.137, -3.105, -3.391, -3.063
-3.370, -3.497, -3.109, -2.765, -1.865, -6.521, -3.072, -2.591, -3.553, -3.132
-3.000, -3.001, -2.880, -2.600, -6.168, -2.362, -3.033, -3.499, -2.962, -3.141
-3.487, -3.160, -3.154, -2.310, -1.648, -5.140, -3.044, -2.749, -3.600, -3.251
-4.051, -2.676, -3.511, -3.331, -7.726, -3.431, -3.682, -3.393, -3.567, -3.479
-3.077, -3.061, -2.484, -2.481, -5.287, -2.212, -3.958, -2.856, -2.988, -3.134
-2.657, -3.009, -2.977, -3.588, -2.802, -6.612, -3.974, -2.589, -3.370, -3.027
-3.168, -2.711, -2.968, -3.121, -2.344, -5.116, -2.884, -3.336, -3.629, -2.863
-2.973, -2.685, -3.819, -2.451, -7.562, -3.434, -2.087, -3.787, -3.310, -3.502
-3.666, -3.541, -3.643, -2.930, -4.176, -1.388, -2.224, -3.448, -2.806, -3.571
-3.230, -2.733, -2.815, -1.754, -6.532, -1.714, -2.687, -2.719, -3.165, -3.372
-2.794, -2.927, -4.694, -2.990, -5.176, -2.727, -3.821, -3.247, -3.194, -3.449
-3.195, -2.793, -2.415, -2.543, -5.782, -2.342, -3.468, -3.708, -3.200, -2.542
-3.209, -2.774, -3.283, -3.159, -2.086, -5.721, -3.020, -2.630, -2.981, -3.108
-3.223, -3.433, -4.377, -3.687, -5.826, -2.650, -4.258, -2.786, -2.735, -3.311
-3.033, -3.631, -3.502, -3.508, -2.428, -5.594, -3.327, -2.649, -2.969, -3.033
-3.154, -3.244, -2.379, -5.029, -1.899, -3.956, -2.135, -3.691, -3.176, -3.042
-3.144, -2.726, -3.299, -3.280, -5.551, -1.838, -3.426, -3.354, -3.072, -3.180
-2.538, -3.715, -3.362, -3.327, -5.401, -2.147, -2.540, -2.354, -3.137, -3.742
-3.074, -2.936, -2.839, -2.829, -11.320, -3.521, -2.938, -2.803, -3.147, -3.289
-2.961, -3.270, -4.227, -2.898, -4.963, -2.264, -2.177, -2.483, -4.389, -2.770
-2.519, -2.516, -3.245, -3.162, -0.851, -4.180, -3.299, -3.469, -2.968, -2.675
-3.248, -2.994, -2.603, -2.423, -8.265, -3.196, -3.107, -3.062, -3.056, -2.933
-3.320, -3.692, -2.659, -4.076, -2.002, -4.754, -2.720, -2.948, -3.314, -3.212
-3.415, -2.870, -2.569, -2.936, -2.214, -4.986, -3.137, -3.210, -3.803, -3.162
-2.962, -3.350, -3.379, -2.768, -4.802, -2.049, -3.106, -3.040, -3.308, -3.322
-3.991, -3.409, -3.090, -3.063, -2.595, -5.900, -3.596, -4.634, -3.264, -3.054
-2.684, -3.127, -3.403, -2.537, -5.920, -2.809, -3.294, -2.683, -3.062, -3.513
-2.602, -4.056, -2.752, -3.584, -4.796, -1.281, -4.120, -3.037, -3.344, -3.124
-3.382, -3.216, -2.506, -3.424, -7.701, -2.934, -4.131, -3.203, -2.768, -3.853
-3.000, -3.459, -3.123, -2.743, -2.107, -5.678, -3.442, -3.040, -3.154, -3.244
-3.319, -3.000, -3.232, -2.227, -3.524, -1.496, -2.699, -2.897, -3.376, -3.333
-3.033, -2.418, -3.548, -3.896, -1.174, -4.769, -3.658, -3.698, -2.754, -2.942
-3.515, -3.314, -3.576, -3.138, -5.853, -2.756, -4.392, -2.492, -2.923, -3.286
-3.045, -3.948, -3.053, -2.774, -2.467, -5.704, -3.283, -2.808, -2.871, -2.659
-3.105, -3.381, -3.471, -3.816, -1.724, -4.772, -3.153, -2.830, -2.928, -3.310
-3.601, -3.261, -2.861, -3.804, -2.415, -6.501, -3.512, -3.367, -3.650, -3.334
-3.288, -2.982, -2.912, -3.386, -5.388, -2.143, -3.312, -3.475, -3.277, -3.079
-2.774, -2.893, -3.308, -5.290, -1.171, -3.866, -3.811, -3.644, -2.902, -3.471
-2.687, -3.987, -3.248, -3.234, -1.624, -4.489, -3.315, -4.344, -2.859, -3.330
-2.551, -3.674, -2.670, -2.312, -2.778, -6.822, -3.416, -2.784, -3.275, -2.999
-3.381, -3.523, -3.434, -3.797, -2.064, -5.495, -3.546, -2.720, -3.819, -2.845
-2.981, -3.412, -2.892, -2.465, -5.077, -2.158, -3.107, -3.502, -4.067, -3.759
-3.105, -3.074, -3.011, -2.920, -5.247, -2.006, -2.895, -3.187, -3.186, -3.296
-2.826, -3.058, -3.028, -2.628, -5.835, -1.562, -2.781, -3.748, -3.285, -3.314
-3.307, -3.118, -2.314, -4.391, -1.572, -3.564, -2.878, -3.287, -3.149, -3.162
-3.187, -3.110, -2.779, -2.286, -6.409, -3.021, -3.509, -3.036, -3.339, -3.646
-3.271, -2.764, -3.229, -3.674, -1.312, -4.191, -3.746, -2.966, -3.087, -3.259
-2.524, -2.619, -3.179, -3.841, -1.733, -5.418, -3.073, -3.679, -3.298, -3.028
-3.174, -3.662, -2.807, -2.597, -5.280, -2.057, -2.910, -3.017, -3.277, -3.238
-3.077, -2.857, -3.022, -2.316, -5.589, -2.649, -3.242, -3.207, -3.176, -3.033
-3.192, -3.140, -2.058, -3.990, -1.345, -3.078, -2.663, -3.138, -3.039, -3.086
-3.538, -2.412, -2.830, -3.661, -1.515, -4.733, -3.642, -2.703, -3.350, -3.381
-3.156, -3.624, -3.041, -2.291, -2.379, -5.625, -2.808, -3.012, -3.245, -2.917
-2.800, -3.050, -3.671, -3.110, -6.266, -2.620, -3.368, -2.698, -3.094, -3.054
-3.155, -3.310, -3.209, -2.992, -2.334, -5.810, -3.050, -2.646, -3.103, -3.047
-3.180, -2.894, -3.574, -2.584, -6.357, -2.178, -1.937, -3.367, -2.883, -3.394
-3.132, -2.893, -3.554, -3.923, -2.541, -5.539, -3.367, -2.926, -2.957, -3.098
-3.306, -2.586, -3.237, -3.729, -1.468, -4.325, -3.163, -3.255, -3.314, -3.249
-3.181, -3.546, -2.975, -3.039, -7.140, -2.894, -3.396, -2.272, -3.672, -3.022
-2.552, -2.288, -3.433, -3.227, -0.810, -4.136, -2.971, -3.271, -3.504, -2.893
-3.013, -3.421, -3.551, -5.339, -1.673, -5.030, -3.384, -3.079, -2.936, -2.789
-3.103, -3.089, -3.468, -3.925, -1.249, -3.973, -3.122, -3.866, -3.552, -2.930
-2.989, -3.246, -2.816, -3.542, -2.415, -5.277, -3.724, -2.995, -2.810, -3.349
-2.736, -3.434, -3.266, -3.194, -6.584, -2.461, -4.404, -3.037, -3.550, -2.697
-3.434, -3.223, -3.425, -3.238, -7.187, -3.072, -2.749, -2.564, -3.487, -3.565
-3.425, -3.352, -2.716, -2.375, -14.756, -3.918, -2.970, -3.701, -3.648, -2.927
-3.003, -3.778, -2.742, -2.602, -2.273, -5.407, -3.937, -3.484, -2.806, -3.657
-3.313, -3.363, -3.064, -3.348, -9.018, -2.878, -3.484, -2.375, -3.231, -2.851
-2.690, -3.291, -3.099, -3.167, -4.280, -1.622, -3.267, -2.470, -3.330, -2.872
-3.170, -3.414, -3.112, -3.307, -6.593, -2.534, -2.959, -2.616, -2.817, -3.693
-3.410, -3.336, -3.220, -2.464, -5.646, -2.356, -3.118, -2.927, -3.309, -3.280
-3.596, -2.938, -2.904, -3.497, -2.147, -5.033, -3.522, -3.670, -3.533, -3.268
-2.921, -2.740, -3.607, -2.874, -5.787, -1.996, -2.706, -3.146, -3.644, -3.020
-2.837, -3.543, -2.514, -2.359, -2.271, -5.112, -3.234, -3.046, -2.943, -2.972
-3.420, -3.096, -3.081, -2.619, -6.762, -3.216, -3.183, -3.242, -3.464, -3.086
-3.016, -3.076, -2.821, -2.715, -7.223, -2.928, -3.309, -2.751, -3.024, -2.959
-3.332, -2.987, -3.334, -3.077, -8.361, -2.624, -3.579, -2.661, -2.546, -3.314
-3.526, -2.827, -2.871, -2.989, -2.240, -5.242, -3.156, -3.155, -3.566, -3.132
-2.956, -3.717, -3.844, -3.354, -6.667, -1.716, -2.653, -2.339, -3.392, -3.430
-3.515, -3.762, -3.917, -3.126, -2.163, -5.597, -2.531, -2.567, -2.578, -3.936
-4.160, -4.035, -3.686, -2.655, -3.826, -1.105, -2.506, -3.015, -3.042, -3.668
-2.720, -2.796, -3.564, -3.506, -1.085, -4.669, -3.184, -3.715, -3.325, -3.015
-3.673, -3.046, -3.798, -3.104, -5.136, -1.907, -4.741, -3.048, -2.464, -3.640
-3.050, -4.634, -3.612, -5.922, -8.329, -2.061, -2.436, -2.684, -2.867, -4.108
-3.305, -3.025, -2.708, -2.802, -5.470, -1.979, -3.339, -3.524, -3.041, -2.969
-3.383, -3.626, -3.188, -3.450, -9.865, -3.150, -3.250, -2.858, -3.005, -3.040
-2.937, -3.096, -3.816, -3.672, -4.682, -1.856, -2.759, -2.923, -3.398, -3.068
-3.855, -3.215, -3.373, -4.141, -0.685, -3.460, -3.807, -3.077, -3.605, -3.082
-3.512, -3.146, -2.802, -2.910, -1.799, -5.122, -3.573, -2.502, -3.331, -3.587
-2.795, -3.006, -6.237, -2.489, -4.225, -2.321, -2.919, -3.535, -3.665, -2.743
-3.176, -2.881, -2.439, -4.241, -1.528, -3.915, -2.943, -2.950, -3.116, -3.004
-3.043, -2.136, -3.168, -2.961, -1.306, -4.697, -2.180, -3.155, -3.441, -3.870
-3.072, -2.316, -3.331, -3.656, -1.187, -4.935, -2.844, -2.831, -3.400, -3.282
-3.188, -3.154, -3.059, -4.495, -2.161, -4.453, -3.007, -3.513, -3.252, -3.101
-3.091, -2.943, -2.482, -4.885, -2.017, -4.259, -2.626, -3.714, -3.194, -3.200
-3.125, -3.234, -3.478, -2.571, -3.563, -1.708, -5.289, -2.972, -3.002, -3.809
-2.910, -2.354, -3.682, -3.579, -0.961, -3.971, -2.825, -2.949, -3.733, -2.971
-3.520, -2.618, -2.966, -2.369, -5.488, -1.803, -2.932, -2.880, -2.814, -2.974
-2.819, -3.448, -3.480, -2.396, -2.224, -6.280, -2.662, -2.761, -3.063, -3.105
-3.170, -2.246, -3.052, -4.098, -1.588, -5.664, -2.693, -3.194, -3.582, -3.650
-3.332, -2.953, -3.317, -4.341, -0.831, -3.566, -3.763, -3.699, -2.653, -3.095
-2.524, -3.075, -3.342, -3.350, -8.588, -2.618, -3.084, -2.534, -3.267, -2.670
-3.346, -2.879, -2.711, -2.620, -5.505, -1.964, -3.337, -2.911, -2.804, -3.421
-3.460, -3.125, -3.895, -2.975, -1.825, -6.077, -3.426, -2.519, -3.623, -3.189
-3.448, -2.949, -3.211, -3.270, -2.635, -5.994, -3.295, -3.479, -3.907, -3.196
-3.045, -2.869, -3.302, -4.784, -1.244, -3.689, -3.328, -3.094, -3.008, -3.166
-3.153, -3.230, -3.106, -3.449, -5.651, -2.291, -4.331, -3.656, -2.710, -2.401
-3.092, -2.917, -3.271, -3.219, -1.695, -5.110, -2.891, -2.970, -3.380, -2.833
-3.400, -2.596, -3.123, -3.214, -0.604, -3.488, -3.556, -3.574, -2.858, -3.122
-3.096, -3.403, -3.132, -2.770, -5.162, -1.616, -3.287, -3.556, -3.404, -2.932
-3.177, -2.921, -3.211, -2.889, -7.159, -2.742, -2.846, -2.972, -2.977, -2.733
-3.177, -2.874, -2.908, -2.623, -7.077, -2.679, -3.685, -3.281, -3.256, -2.984
-3.000, -2.750, -2.830, -3.031, -5.229, -1.125, -3.647, -2.888, -3.269, -3.143
-3.161, -3.028, -3.671, -4.229, -0.806, -3.720, -3.051, -3.108, -3.200, -3.345
-3.135, -3.078, -3.475, -3.002, -8.253, -3.506, -3.485, -2.713, -3.359, -3.177
-2.689, -2.971, -4.014, -3.538, -4.815, -1.428, -2.006, -3.142, -3.675, -3.748
-2.471, -3.144, -3.308, -4.385, -0.819, -3.102, -3.331, -3.285, -3.183, -3.065
-2.748, -3.044, -3.153, -2.964, -6.342, -2.333, -3.433, -2.439, -3.522, -2.921
-2.663, -2.749, -3.489, -3.651, -0.712, -3.416, -2.911, -3.148, -2.763, -3.119
-3.569, -3.344, -2.894, -2.537, -2.187, -7.141, -3.421, -3.403, -3.386, -2.997
-3.979, -2.976, -3.444, -4.118, -2.297, -5.171, -2.678, -3.144, -3.333, -3.234
-4.085, -2.965, -3.411, -2.817, -4.955, -2.277, -3.862, -3.425, -2.579, -3.482
-3.336, -2.977, -3.233, -3.809, -1.886, -4.567, -3.434, -3.644, -3.293, -3.011
-3.623, -3.169, -2.973, -3.894, -2.458, -5.734, -3.430, -3.457, -3.139, -3.302
-3.200, -2.728, -3.729, -3.153, -2.001, -6.647, -2.508, -3.514, -3.516, -3.497
-2.787, -2.936, -2.951, -3.565, -2.147, -5.037, -3.993, -3.356, -3.492, -3.829
-3.110, -2.817, -3.331, -2.352, -5.082, -1.771, -3.282, -2.490, -3.139, -2.908
-2.820, -3.726, -3.618, -3.074, -5.124, -2.583, -5.065, -2.827, -3.559, -2.915
-3.183, -3.388, -3.297, -2.892, -5.357, -2.388, -2.875, -3.053, -3.232, -3.152
-3.334, -2.764, -3.152, -3.657, -1.951, -4.852, -3.437, -2.656, -3.274, -2.927
-3.366, -2.953, -3.600, -2.841, -9.163, -3.219, -3.581, -3.072, -2.834, -3.287
-3.402, -2.584, -2.728, -4.070, -1.771, -4.961, -3.653, -3.111, -3.313, -3.306
-3.327, -2.710, -3.529, -3.479, -1.418, -5.884, -3.556, -2.723, -3.632, -3.005
-2.670, -2.840, -2.861, -2.047, -3.902, -1.490, -2.609, -2.603, -3.324, -2.924
-3.115, -2.891, -3.190, -5.119, -1.128, -4.202, -3.288, -3.283, -2.888, -3.038
-3.824, -2.986, -2.973, -3.840, -1.625, -5.243, -2.961, -3.695, -3.926, -3.068
-3.896, -3.380, -3.539, -2.717, -5.414, -2.518, -2.914, -2.805, -2.955, -3.334
-3.352, -3.206, -2.952, -2.835, -8.096, -2.607, -3.377, -2.641, -3.091, -3.065
-2.940, -2.166, -3.031, -3.367, -2.022, -5.061, -3.443, -3.822, -2.987, -3.763
-3.324, -3.374, -3.416, -2.706, -5.571, -2.499, -3.459, -3.060, -3.180, -2.839
-3.231, -3.822, -4.172, -2.769, -3.478, -1.736, -3.635, -3.164, -3.258, -3.148
-2.956, -3.619, -3.414, -3.179, -7.685, -2.888, -2.269, -3.264, -3.144, -3.501
-3.334, -2.956, -3.150, -3.297, -1.000, -4.197, -3.480, -3.195, -3.225, -2.998
-2.994, -2.747, -3.520, -2.904, -5.151, -2.133, -3.141, -2.981, -2.720, -3.109
-2.785, -2.478, -2.777, -4.219, -1.895, -4.333, -3.110, -3.110, -3.143, -3.049
-3.153, -3.214, -3.465, -5.311, -1.853, -5.414, -3.568, -3.024, -3.393, -3.108
-2.949, -3.132, -3.151, -2.987, -6.975, -2.722, -3.594, -2.292, -2.729, -3.240
-3.723, -3.203, -2.895, -2.281, -8.027, -2.808, -3.358, -3.391, -3.578, -3.187
-3.253, -4.109, -3.065, -3.584, -2.957, -5.782, -3.446, -3.361, -2.838, -3.101
-3.023, -3.661, -2.551, -3.537, -7.014, -2.093, -3.111, -2.052, -2.785, -2.987
-3.707, -4.233, -3.490, -3.780, -0.750, -3.375, -3.031, -3.730, -3.544, -3.636
-2.992, -1.978, -3.327, -2.499, -1.116, -4.398, -2.971, -2.800, -3.131, -3.162
-3.439, -3.591, -3.117, -2.506, -4.904, -1.504, -2.943, -3.335, -3.202, -3.060
-3.407, -2.464, -2.824, -4.301, -2.145, -5.559, -3.449, -3.617, -2.820, -3.250
-3.156, -3.158, -3.275, -4.602, -6.024, -1.966, -3.310, -2.277, -3.167, -3.335
-3.373, -2.505, -3.117, -3.724, -3.350, -6.640, -3.273, -3.134, -3.620, -3.288
-3.135, -2.948, -3.143, -3.142, -11.021, -3.422, -2.481, -3.034, -3.538, -3.264
-3.238, -3.476, -3.079, -2.853, -3.322, -0.779, -2.919, -2.961, -3.178, -3.105
-3.031, -3.242, -2.802, -2.444, -8.067, -3.153, -3.069, -2.873, -3.638, -2.695
-2.923, -3.011, -3.252, -2.603, -6.203, -2.547, -2.855, -3.609, -3.398, -2.691
-3.864, -2.699, -3.189, -2.755, -6.376, -2.893, -3.030, -3.806, -3.014, -2.963
-2.725, -2.714, -4.046, -2.630, -1.213, -4.541, -2.374, -3.428, -3.258, -3.196
-3.167, -4.349, -3.155, -3.137, -2.132, -6.048, -3.821, -2.560, -2.827, -2.935
-3.722, -2.889, -3.868, -2.716, -4.771, -1.629, -3.214, -4.130, -3.599, -3.470
-2.870, -2.922, -3.610, -3.738, -6.143, -2.264, -3.132, -2.625, -2.468, -2.878
-2.941, -3.308, -2.835, -5.069, -1.384, -3.068, -2.671, -3.818, -3.082, -3.485
-2.341, -3.679, -3.369, -3.498, -1.842, -4.377, -2.807, -3.647, -2.872, -3.405
-3.032, -3.374, -3.751, -5.356, -1.860, -4.168, -2.901, -3.547, -3.248, -3.210
-3.342, -2.836, -2.828, -3.623, -1.485, -4.262, -3.608, -2.431, -3.005, -3.374
-3.029, -3.950, -3.091, -2.705, -2.849, -6.118, -3.234, -2.611, -3.194, -3.142
-3.344, -2.864, -2.942, -3.836, -1.048, -3.973, -3.029, -2.780, -3.360, -3.051
-3.292, -2.311, -3.065, -3.195, -1.176, -5.577, -3.691, -3.131, -3.129, -2.828
-3.333, -2.988, -3.472, -2.337, -6.587, -2.758, -3.209, -3.281, -3.437, -3.131
-3.528, -3.159, -3.228, -2.400, -2.270, -5.559, -2.604, -3.767, -3.052, -3.450
-3.122, -2.626, -3.904, -4.152, -0.885, -3.980, -2.933, -3.092, -3.466, -3.232
-3.155, -2.851, -3.830, -3.188, -1.485, -4.702, -2.449, -3.458, -3.618, -3.912
-2.972, -3.664, -2.795, -2.229, -4.247, -1.720, -2.862, -2.993, -3.144, -3.328
-3.928, -3.005, -3.807, -3.221, -6.347, -2.653, -3.082, -2.805, -2.803, -2.990
-2.887, -4.333, -3.395, -3.490, -8.639, -3.133, -2.653, -3.318, -3.447, -3.561
-3.601, -3.007, -2.788, -1.588, -3.737, -1.884, -2.931, -2.454, -3.950, -3.139
-3.073, -2.812, -4.697, -2.421, -4.407, -2.364, -3.919, -2.802, -3.154, -3.259
-2.768, -3.267, -3.184, -3.148, -1.450, -4.192, -3.436, -4.171, -2.339, -3.474
-2.599, -2.802, -3.313, -2.205, -7.182, -3.020, -3.179, -3.085, -3.069, -2.984
-2.588, -3.088, -4.794, -3.553, -6.006, -1.775, -2.362, -2.756, -3.530, -3.282
-3.559, -3.001, -3.485, -2.682, -5.568, -1.267, -2.963, -2.875, -3.353, -3.399
-3.884, -3.432, -3.360, -3.913, -1.165, -5.182, -3.893, -3.453, -3.739, -2.927
-3.333, -3.449, -2.645, -2.540, -7.068, -2.533, -3.102, -2.544, -3.204, -3.177
-2.847, -2.787, -3.126, -3.855, -2.148, -5.369, -2.802, -3.037, -3.517, -2.733
-3.114, -3.161, -3.113, -3.066, -6.446, -2.203, -2.554, -3.148, -2.876, -2.944
-3.632, -3.663, -3.525, -3.060, -3.189, -6.809, -2.725, -3.146, -2.647, -2.906
-2.763, -2.612, -3.564, -4.605, -0.881, -4.006, -3.295, -3.241, -2.876, -3.073
-2.410, -2.666, -3.344, -3.436, -1.180, -4.341, -3.083, -3.687, -3.466, -3.488
-2.968, -3.300, -3.183, -2.807, -6.725, -2.962, -2.979, -3.045, -3.598, -3.027
-3.167, -3.498, -2.664, -3.600, -2.011, -4.419, -2.564, -3.074, -3.430, -3.110
-3.414, -2.527, -2.538, -2.745, -2.033, -5.044, -2.827, -2.796, -3.300, -3.109
-2.736, -2.557, -3.453, -3.732, -1.007, -3.349, -2.928, -3.372, -2.386, -3.536
-3.557, -2.967, -3.119, -2.490, -9.138, -3.444, -3.087, -2.645, -3.414, -3.402
-3.284, -3.180, -2.382, -2.446, -4.012, -0.968, -4.025, -3.839, -3.729, -3.264
-3.551, -2.775, -2.782, -3.935, -10.547, -4.055, -3.494, -3.548, -2.795, -2.926
-3.404, -3.772, -4.251, -2.623, -6.979, -3.037, -4.493, -3.116, -3.162, -3.188
-2.820, -3.329, -3.895, -3.267, -1.311, -4.096, -2.307, -4.446, -3.256, -3.581
-3.636, -2.128, -2.460, -2.935, -2.168, -5.762, -3.002, -2.629, -2.965, -3.964
-3.436, -2.628, -3.360, -3.440, -2.678, -6.787, -2.963, -2.970, -3.120, -3.093
-2.999, -2.729, -2.799, -2.652, -1.847, -5.110, -3.474, -4.302, -3.004, -2.777
-3.468, -2.790, -3.742, -4.049, -1.867, -6.256, -3.178, -3.102, -3.264, -3.162
-2.920, -3.471, -2.687, -2.796, -2.075, -4.750, -3.356, -3.830, -3.178, -3.098
-3.107, -3.470, -3.730, -4.079, -1.181, -3.850, -3.421, -3.976, -2.759, -3.444
-3.764, -2.986, -3.499, -3.417, -1.677, -4.834, -3.237, -4.058, -3.386, -2.971
-2.757, -3.331, -3.393, -2.588, -1.830, -4.870, -2.863, -3.227, -3.447, -3.501
-3.972, -2.624, -2.740, -3.317, -1.881, -5.409, -4.415, -3.151, -3.460, -2.700
-3.139, -4.359, -2.472, -3.185, -2.306, -6.320, -4.264, -3.028, -3.423, -2.842
-3.044, -2.314, -3.480, -3.788, -0.923, -3.907, -3.214, -2.931, -3.271, -3.433
-3.030, -2.867, -3.561, -4.710, -1.232, -4.615, -3.369, -2.730, -3.214, -2.940
-3.043, -3.818, -2.992, -2.560, -7.369, -1.899, -2.673, -3.020, -3.623, -3.067
-3.617, -3.311, -3.073, -3.126, -1.605, -4.773, -3.731, -3.452, -3.385, -3.485
-3.613, -3.688, -2.487, -4.057, -2.934, -5.934, -3.875, -2.809, -3.261, -3.008
-3.609, -2.331, -2.434, -3.432, -1.422, -4.740, -3.557, -3.829, -3.137, -2.825
-3.192, -2.949, -2.768, -3.018, -9.978, -3.255, -2.962, -2.641, -2.792, -3.138
-2.910, -2.465, -3.572, -4.088, -0.956, -4.651, -3.315, -2.715, -2.997, -3.383
-2.906, -3.124, -3.204, -2.884, -9.379, -3.809, -2.700, -3.052, -3.290, -3.234
-2.858, -3.109, -3.684, -3.393, -1.261, -4.671, -2.899, -3.900, -2.901, -3.563
-3.180, -2.509, -3.443, -3.769, -0.954, -4.496, -3.094, -3.364, -3.322, -3.457
-3.285, -2.905, -3.582, -4.462, -2.004, -5.049, -3.296, -3.508, -3.269, -2.924
-3.358, -2.503, -2.456, -2.751, -5.126, -2.118, -3.806, -3.007, -2.650, -2.894
-3.492, -3.097, -2.691, -2.755, -0.999, -4.146, -3.468, -3.582, -3.162, -2.918
-3.527, -3.010, -3.179, -4.590, -0.799, -4.051, -3.831, -3.043, -2.870, -3.261
-3.364, -3.832, -3.016, -2.728, -2.369, -5.654, -3.497, -3.001, -4.010, -3.476
-2.670, -2.680, -2.653, -2.144, -6.656, -2.173, -3.167, -2.973, -3.481, -2.820
-2.904, -2.937, -3.421, -3.602, -2.375, -5.551, -3.513, -3.388, -2.847, -2.939
-2.942, -3.630, -3.282, -3.394, -2.720, -6.357, -3.108, -2.977, -2.827, -3.272
-3.158, -3.851, -2.789, -3.047, -4.585, -1.560, -2.705, -3.053, -3.293, -3.125
-2.874, -3.336, -3.791, -3.769, -5.452, -2.096, -3.431, -2.476, -2.907, -2.982
-2.928, -2.953, -3.894, -4.086, -4.147, -1.481, -2.780, -2.927, -3.426, -2.806
-2.892, -3.051, -3.496, -2.929, -1.780, -6.005, -3.339, -2.751, -3.595, -2.968
-2.816, -3.697, -3.352, -3.426, -2.103, -5.680, -3.681, -3.170, -3.354, -2.892
-3.245, -3.715, -2.758, -3.345, -1.942, -4.996, -3.101, -3.647, -2.665, -3.230
-3.405, -4.089, -2.694, -2.348, -4.455, -1.840, -2.996, -3.404, -3.194, -3.079
-3.015, -2.945, -3.201, -3.956, -2.842, -5.628, -3.333, -2.729, -3.552, -3.106
-3.842, -3.371, -3.393, -3.752, -2.171, -5.266, -3.422, -3.140, -3.071, -3.572
-3.438, -3.729, -4.228, -4.331, -1.452, -4.565, -3.380, -3.146, -3.560, -3.180
-3.091, -3.445, -2.974, -2.854, -6.875, -2.513, -3.954, -2.652, -3.272, -3.636
-3.124, -2.301, -3.016, -3.093, -4.791, -2.033, -2.916, -2.110, -2.818, -3.212
-3.167, -3.293, -2.536, -4.057, -1.895, -4.857, -2.756, -3.099, -2.701, -2.696
-2.655, -3.049, -3.184, -3.522, -1.298, -4.165, -3.070, -3.970, -3.164, -3.185
-3.012, -4.026, -3.276, -3.214, -4.852, -1.909, -3.229, -3.045, -3.053, -2.889
-2.738, -2.365, -3.576, -2.292, -3.863, -1.231, -3.378, -3.257, -3.242, -3.471
-3.295, -3.114, -2.772, -3.548, -2.183, -5.662, -3.067, -3.288, -3.283, -3.080
-2.667, -3.024, -3.399, -4.918, -1.969, -4.564, -2.782, -2.847, -2.914, -3.359
-3.087, -3.359, -2.980, -2.845, -7.883, -2.710, -3.019, -3.236, -3.043, -3.238
-3.627, -3.714, -3.079, -3.059, -7.781, -2.960, -3.257, -3.189, -3.525, -3.236
-3.274, -3.346, -3.190, -3.939, -1.738, -4.393, -3.166, -2.510, -2.982, -3.293
-2.930, -2.938, -3.773, -3.374, -4.548, -1.335, -2.582, -2.666, -3.427, -3.285
-2.885, -2.803, -2.724, -2.458, -8.054, -2.830, -2.988, -2.903, -3.052, -3.120
-2.852, -2.881, -3.940, -2.668, -5.235, -2.075, -3.531, -3.151, -3.498, -3.491
-3.325, -3.080, -2.768, -2.763, -11.775, -4.358, -2.979, -3.236, -3.474, -3.066
-3.377, -3.649, -3.747, -2.878, -6.780, -3.002, -3.715, -2.568, -3.434, -3.106
-3.271, -3.327, -3.212, -3.603, -8.056, -2.752, -3.263, -2.925, -3.611, -3.122
-3.156, -3.416, -3.835, -3.104, -7.302, -3.452, -2.768, -2.870, -3.501, -2.769
-3.273, -2.972, -3.019, -3.761, -1.044, -4.596, -3.246, -3.269, -3.274, -3.049
-3.299, -3.331, -3.425, -3.647, -3.199, -6.147, -3.168, -3.246, -3.062, -3.230
-3.338, -2.499, -2.596, -3.312, -2.094, -4.629, -3.181, -2.748, -2.988, -3.385
-3.018, -2.964, -3.054, -2.881, -5.174, -1.758, -2.781, -3.876, -3.944, -3.392
-3.457, -3.273, -3.273, -2.956, -4.039, -1.648, -2.510, -2.510, -3.122, -2.646
-3.128, -3.073, -3.035, -2.864, -7.773, -3.431, -3.153, -3.158, -3.291, -3.415
-3.192, -2.931, -3.068, -2.486, -4.624, -2.044, -3.146, -2.368, -3.484, -2.441
-3.107, -3.011, -3.589, -3.272, -1.803, -6.334, -2.641, -2.745, -3.145, -3.465
-3.092, -3.177, -4.171, -2.446, -5.003, -2.483, -3.621, -3.184, -3.173, -3.109
-2.933, -2.785, -2.668, -2.202, -6.031, -2.264, -2.913, -2.691, -2.986, -3.219
-3.364, -3.513, -3.269, -3.003, -5.050, -1.648, -2.982, -4.042, -2.640, -3.785
-3.084, -3.574, -3.240, -3.749, -1.994, -5.786, -4.132, -4.211, -2.696, -3.849
-3.557, -2.692, -2.834, -3.434, -1.941, -5.543, -3.064, -3.607, -3.082, -2.882
-3.188, -3.402, -3.157, -3.712, -6.720, -2.453, -4.126, -2.681, -3.110, -2.629
-3.125, -3.309, -2.976, -2.323, -4.309, -1.910, -3.053, -2.982, -3.374, -2.944
-3.624, -3.537, -2.547, -3.833, -2.356, -5.061, -3.422, -4.335, -3.368, -2.932
-3.522, -3.038, -2.578, -2.299, -8.755, -3.140, -2.964, -3.296, -3.278, -3.263
-3.105, -3.533, -3.372, -2.256, -1.671, -5.032, -2.866, -3.318, -3.314, -3.172
-3.537, -3.104, -2.619, -2.585, -13.363, -4.031, -2.914, -2.879, -3.192, -3.467
-2.984, -2.926, -3.499, -3.655, -10.091, -3.781, -2.792, -2.433, -3.209, -3.819
-3.225, -3.381, -2.682, -4.689, -2.814, -5.735, -3.615, -3.726, -3.548, -3.271
-2.547, -3.102, -3.232, -2.658, -6.151, -2.498, -2.560, -3.131, -3.249, -2.856
-2.737, -5.184, -3.962, -4.305, -6.023, -2.012, -3.270, -4.182, -2.710, -3.486
-3.865, -3.510, -3.116, -2.513, -4.770, -2.058, -3.958, -2.562, -3.145, -3.349
-3.257, -3.087, -2.976, -2.523, -4.379, -2.001, -2.904, -2.710, -3.539, -2.876
-3.529, -2.905, -3.259, -4.226, -0.817, -3.852, -3.649, -3.184, -3.184, -3.042
-3.300, -3.038, -3.136, -2.875, -9.574, -3.848, -3.287, -3.562, -3.247, -3.104
-3.617, -2.744, -3.575, -3.539, -1.301, -6.624, -3.235, -3.351, -3.896, -3.148
-3.124, -3.379, -2.299, -3.034, -4.795, -1.374, -3.102, -3.569, -3.109, -2.986
-2.967, -3.256, -3.041, -3.354, -1.930, -5.134, -3.455, -2.901, -3.284, -2.931
-3.085, -3.360, -2.792, -3.516, -1.913, -4.403, -2.999, -3.189, -3.603, -2.679
-3.087, -3.603, -2.493, -3.271, -1.894, -4.121, -2.631, -2.879, -2.824, -3.149
-4.261, -3.504, -2.662, -2.769, -6.296, -2.682, -3.521, -3.105, -3.193, -2.791
-3.148, -3.016, -3.278, -4.534, -2.377, -4.963, -3.407, -3.089, -3.139, -3.086
-3.105, -3.712, -3.514, -4.740, -2.615, -5.180, -3.127, -3.049, -2.982, -2.851
-2.828, -2.563, -3.608, -2.802, -5.047, -2.508, -3.589, -2.537, -3.517, -2.847
-3.145, -2.790, -2.930, -3.386, -6.538, -2.492, -3.272, -3.274, -3.648, -2.664
-2.693, -3.086, -3.294, -3.143, -1.240, -4.625, -3.485, -3.362, -3.667, -2.458
-3.817, -2.660, -3.085, -2.958, -1.196, -4.748, -3.777, -2.896, -3.571, -2.977
-3.433, -3.141, -3.106, -2.451, -1.805, -4.503, -2.265, -3.454, -2.360, -3.129
-3.307, -2.638, -3.010, -3.985, -0.983, -4.080, -2.979, -3.764, -3.306, -3.283
-3.416, -3.732, -2.998, -2.819, -7.233, -2.110, -3.408, -2.990, -3.146, -4.488
-3.423, -4.390, -2.923, -3.909, -2.250, -5.183, -3.631, -2.211, -2.707, -3.628
-2.821, -3.642, -3.244, -4.995, -2.184, -4.385, -2.198, -3.629, -2.808, -3.158
-3.080, -3.141, -4.633, -4.214, -4.869, -1.929, -2.287, -2.295, -3.535, -3.817
-3.559, -2.713, -2.944, -3.760, -1.313, -5.446, -3.143, -2.874, -3.461, -3.105
-3.325, -2.774, -3.403, -2.603, -5.439, -2.638, -3.390, -3.370, -3.238, -2.877
-2.977, -2.962, -3.347, -3.707, -1.306, -3.987, -3.183, -3.829, -3.342, -2.967
-3.133, -2.851, -2.912, -3.230, -1.933, -6.597, -4.451, -2.545, -3.893, -2.775
-3.421, -2.207, -3.174, -3.414, -1.350, -4.608, -3.405, -2.856, -2.600, -3.478
-3.666, -2.788, -2.440, -3.756, -3.103, -5.437, -2.584, -2.857, -3.941, -3.418
-3.592, -2.747, -3.109, -3.226, -0.855, -4.010, -3.160, -2.910, -3.733, -2.929
-3.199, -2.870, -3.297, -4.943, -0.890, -3.804, -3.930, -3.603, -2.725, -3.365
-3.416, -3.061, -3.358, -2.903, -4.089, -1.689, -3.340, -3.330, -3.203, -3.268
-3.461, -3.014, -3.298, -4.002, -2.289, -5.542, -2.904, -3.488, -3.141, -3.057
-2.730, -2.288, -2.818, -3.995, -1.744, -4.041, -2.462, -3.158, -3.190, -2.924
-3.411, -3.561, -3.557, -2.849, -1.924, -6.146, -2.969, -3.421, -3.100, -3.229
-2.750, -2.999, -3.507, -3.624, -1.250, -4.015, -3.299, -2.695, -3.159, -2.950
-2.768, -3.193, -3.253, -3.429, -1.782, -4.574, -3.030, -3.026, -3.241, -2.944
-3.025, -3.224, -3.701, -3.531, -1.379, -4.190, -2.638, -3.272, -2.716, -3.721
-3.169, -2.717, -3.365, -2.529, -5.656, -2.459, -3.061, -4.070, -3.574, -3.355
-3.837, -3.474, -3.032, -3.708, -1.915, -4.735, -2.559, -3.407, -3.747, -3.841
-2.920, -2.646, -2.907, -2.106, -4.501, -2.004, -3.142, -3.204, -3.227, -2.809
-2.679, -3.078, -3.175, -2.660, -4.935, -1.685, -3.383, -2.791, -3.016, -2.516
-2.913, -2.438, -3.390, -3.480, -1.244, -4.426, -3.677, -2.797, -3.286, -3.655
-3.204, -2.949, -3.663, -3.017, -7.308, -2.934, -1.937, -3.113, -3.802, -2.814
-3.163, -3.224, -3.325, -2.811, -7.412, -2.996, -3.393, -2.963, -3.032, -3.437
-2.847, -2.793, -3.488, -2.965, -1.476, -4.661, -3.093, -2.523, -3.222, -3.127
-3.528, -3.441, -2.294, -3.181, -9.953, -3.735, -3.276, -2.598, -2.862, -3.021
-3.115, -2.761, -2.647, -2.359, -7.608, -3.268, -3.205, -3.101, -3.013, -2.636
-2.908, -3.186, -3.151, -2.125, -5.202, -2.392, -3.002, -2.288, -3.157, -3.041
-3.204, -3.051, -4.139, -2.395, -6.246, -3.111, -3.774, -3.244, -3.224, -3.159
-2.927, -3.023, -2.812, -5.022, -1.710, -3.649, -2.881, -3.471, -3.100, -3.165
-3.012, -3.319, -3.047, -3.190, -1.186, -3.973, -3.565, -3.023, -2.916, -3.060
-2.539, -3.134, -3.365, -3.590, -1.081, -4.055, -3.302, -3.245, -2.639, -2.974
-3.159, -3.071, -3.048, -3.273, -1.911, -4.869, -2.945, -2.807, -2.841, -2.750
-3.199, -3.807, -2.748, -3.616, -9.185, -2.855, -3.504, -3.274, -2.806, -3.222
-2.369, -3.473, -3.240, -4.447, -8.761, -2.402, -2.901, -2.670, -3.426, -2.715
-2.953, -3.030, -3.432, -3.758, -1.251, -3.993, -3.064, -3.777, -3.412, -3.018
-3.773, -3.035, -3.443, -3.353, -1.547, -5.570, -3.307, -3.051, -3.537, -3.241
-2.516, -3.047, -3.193, -3.635, -5.526, -1.527, -2.560, -1.387, -3.305, -3.025
-2.981, -3.185, -3.668, -4.335, -4.850, -1.941, -3.401, -1.673, -3.366, -3.187
-2.846, -4.149, -3.346, -3.663, -2.279, -4.948, -3.004, -3.419, -3.508, -3.375
-3.326, -2.115, -3.361, -3.071, -1.224, -5.550, -3.290, -3.380, -2.861, -3.200
-2.971, -2.968, -3.291, -2.774, -5.986, -2.580, -2.371, -3.163, -3.324, -3.065
-3.392, -2.932, -3.084, -3.785, -2.634, -6.243, -3.512, -3.167, -3.537, -3.099
-2.745, -2.925, -3.451, -3.153, -4.728, -1.970, -2.664, -3.603, -4.048, -2.582
-3.015, -3.859, -2.859, -2.450, -2.324, -6.098, -3.452, -3.023, -3.207, -2.820
-3.271, -3.283, -3.534, -2.523, -5.035, -2.155, -3.768, -4.432, -3.684, -3.780
-3.463, -3.231, -3.694, -3.199, -5.271, -2.322, -3.237, -2.965, -2.976, -2.930
-3.013, -3.252, -2.763, -3.590, -7.583, -3.103, -3.830, -2.791, -3.358, -3.059
-3.247, -3.419, -2.707, -1.911, -3.414, -1.261, -3.549, -2.873, -3.466, -3.028
-3.101, -3.589, -2.885, -2.932, -6.690, -2.181, -2.547, -2.876, -3.158, -3.201
-2.901, -3.231, -4.110, -3.018, -4.280, -2.020, -3.137, -3.101, -3.302, -3.175
-3.592, -2.612, -2.441, -3.220, -1.447, -4.635, -2.181, -3.209, -3.468, -3.596
-3.020, -2.693, -3.493, -3.387, -0.709, -3.894, -2.907, -3.775, -3.779, -2.719
-3.684, -3.054, -3.068, -2.834, -8.434, -3.661, -2.722, -3.147, -3.370, -3.255
-3.372, -2.975, -3.647, -3.630, -1.429, -5.501, -3.117, -3.818, -2.607, -2.966
-3.346, -2.740, -3.236, -4.049, -1.292, -4.369, -3.565, -2.727, -3.434, -3.129
-2.881, -3.261, -4.389, -3.058, -7.050, -3.456, -2.815, -2.982, -3.412, -3.384
-2.825, -3.317, -3.053, -2.949, -4.592, -1.604, -2.372, -3.549, -3.875, -2.715
-3.199, -2.967, -2.661, -4.066, -1.284, -3.643, -2.889, -3.114, -3.348, -3.192
-3.132, -3.727, -3.648, -3.127, -2.208, -5.828, -2.767, -3.149, -3.152, -3.472
-3.473, -3.109, -2.793, -4.355, -5.821, -2.069, -3.849, -1.320, -3.268, -3.274
-3.182, -3.462, -3.035, -3.893, -8.858, -3.067, -3.270, -2.392, -3.149, -2.955
-2.660, -2.754, -3.473, -4.678, -1.858, -4.199, -3.045, -3.460, -2.924, -3.460
-3.421, -3.316, -4.872, -2.973, -3.438, -1.652, -2.641, -3.170, -3.435, -3.227
-3.240, -3.966, -3.553, -3.738, -1.964, -5.247, -3.698, -2.602, -3.194, -3.093
-2.830, -2.755, -4.399, -2.935, -6.605, -2.012, -3.834, -3.489, -3.142, -3.195
-3.240, -3.228, -2.954, -3.066, -1.662, -5.611, -3.663, -2.517, -3.023, -3.119
-2.829, -3.015, -3.115, -3.528, -2.121, -5.673, -3.821, -2.282, -3.307, -3.246
-3.015, -3.641, -3.630, -3.348, -1.228, -4.525, -2.626, -3.661, -3.166, -3.217
-3.308, -3.339, -4.385, -2.732, -4.912, -2.332, -3.421, -3.237, -3.274, -3.229
-2.945, -2.815, -2.658, -4.133, -0.943, -3.507, -3.802, -2.603, -3.344, -3.510
-3.046, -3.089, -2.955, -3.010, -9.597, -3.434, -2.401, -3.769, -3.579, -3.267
-2.882, -3.085, -3.267, -2.151, -4.756, -1.578, -2.430, -2.965, -3.706, -3.277
-3.348, -3.536, -2.731, -2.402, -2.292, -5.440, -3.583, -3.154, -2.491, -3.241
-3.548, -2.807, -3.245, -4.337, -0.702, -3.539, -3.721, -3.455, -3.053, -3.052
-2.779, -3.163, -3.728, -2.486, -5.536, -2.213, -3.404, -3.252, -3.438, -3.028
-3.424, -3.068, -3.506, -3.030, -2.646, -7.126, -2.787, -3.153, -4.017, -2.988
-3.849, -3.181, -2.796, -2.152, -5.376, -1.478, -3.153, -3.144, -2.842, -2.773
-3.486, -3.181, -3.197, -2.639, -5.869, -2.688, -2.848, -3.199, -3.804, -3.606
-3.273, -2.788, -3.238, -3.102, -1.530, -5.937, -3.804, -2.607, -3.267, -2.938
-3.398, -2.876, -2.733, -2.964, -11.707, -4.081, -3.423, -3.160, -3.593, -2.772
-2.972, -2.913, -2.693, -3.777, -1.915, -4.221, -2.835, -3.075, -3.042, -3.127
-3.440, -3.270, -2.875, -2.320, -8.151, -3.316, -2.944, -3.415, -3.333, -3.036
-3.772, -2.929, -3.477, -2.968, -5.168, -2.214, -3.044, -3.444, -3.311, -3.124
-3.262, -3.244, -3.067, -2.778, -7.202, -3.245, -3.397, -3.102, -2.924, -3.089
-2.695, -2.450, -3.627, -4.339, -0.901, -4.595, -3.227, -3.394, -2.741, -3.187
-3.109, -3.316, -3.510, -3.630, -8.534, -3.249, -3.056, -2.495, -3.346, -3.470
-3.187, -3.777, -3.047, -2.675, -7.316, -2.589, -3.279, -3.683, -3.241, -3.205
-3.559, -3.012, -3.293, -2.491, -1.998, -6.413, -3.215, -2.773, -3.658, -3.500
-3.245, -2.752, -3.108, -4.061, -4.300, -0.939, -2.971, -1.650, -3.108, -3.525
-3.404, -3.704, -3.113, -3.484, -5.416, -1.856, -3.117, -2.644, -2.733, -3.392
-3.311, -3.221, -3.489, -4.202, -1.595, -4.456, -2.797, -3.228, -2.968, -3.199
-3.725, -3.052, -2.336, -3.595, -2.697, -5.734, -3.361, -3.075, -3.553, -3.421
-3.292, -3.058, -3.086, -3.374, -0.917, -3.791, -3.606, -3.550, -3.073, -2.984
-2.575, -3.432, -3.323, -3.686, -1.529, -4.074, -3.159, -4.566, -3.468, -3.179
-2.943, -3.745, -3.294, -3.846, -0.940, -3.856, -3.287, -3.649, -2.732, -3.187
-3.141, -3.486, -3.084, -4.625, -1.906, -4.722, -2.741, -2.914, -2.958, -3.363
-3.076, -3.155, -3.297, -3.477, -2.856, -5.716, -2.822, -3.238, -3.282, -3.597
-3.415, -3.216, -3.406, -2.530, -1.882, -5.794, -2.996, -3.030, -3.219, -3.274
-4.160, -3.501, -3.401, -2.066, -4.144, -2.185, -4.711, -3.841, -3.068, -2.718
-2.678, -2.791, -3.337, -3.856, -0.924, -3.377, -2.990, -3.248, -2.714, -3.079
-3.126, -3.751, -2.738, -2.765, -11.978, -3.570, -3.316, -3.166, -3.362, -2.842
-3.605, -3.955, -3.578, -3.948, -1.496, -4.388, -3.006, -4.382, -3.451, -2.634
-3.420, -3.604, -3.363, -4.262, -6.964, -2.619, -3.318, -3.202, -2.893, -3.041
-3.318, -3.169, -3.242, -3.382, -1.121, -4.603, -3.753, -2.928, -3.177, -3.051
-3.490, -3.061, -3.351, -3.325, -1.488, -4.969, -3.260, -3.194, -3.518, -3.075
-4.213, -3.120, -2.689, -3.014, -6.410, -2.537, -4.825, -2.815, -2.926, -3.210
-3.443, -2.702, -3.051, -3.731, -2.513, -5.801, -2.815, -2.608, -3.313, -3.417
-3.341, -2.876, -2.613, -3.382, -5.902, -2.352, -4.053, -2.508, -3.144, -3.334
-3.120, -3.307, -3.558, -2.177, -4.462, -1.649, -3.378, -2.936, -3.327, -3.025
-2.955, -3.170, -3.787, -3.018, -3.998, -1.330, -3.169, -3.177, -3.077, -3.282
-3.270, -3.455, -3.534, -2.531, -3.754, -1.854, -3.281, -2.690, -3.192, -2.784
-3.276, -3.402, -3.839, -4.831, -1.188, -4.684, -3.000, -3.410, -3.204, -3.935
-3.544, -2.750, -2.140, -4.974, -2.536, -4.496, -2.446, -3.780, -3.439, -3.118
-3.827, -2.878, -3.167, -2.557, -5.549, -1.930, -3.607, -2.219, -3.158, -3.251
-2.988, -3.768, -3.332, -4.466, -4.883, -1.709, -3.823, -2.533, -2.939, -3.735
-2.826, -2.942, -3.634, -3.836, -4.708, -1.189, -2.606, -2.445, -3.754, -3.130
-3.153, -2.954, -3.494, -3.741, -0.880, -3.759, -3.107, -2.910, -3.066, -3.366
-3.422, -3.353, -3.032, -3.773, -2.118, -6.254, -3.253, -3.530, -3.249, -3.191
-3.116, -2.674, -3.406, -2.564, -1.033, -4.486, -2.997, -3.161, -3.414, -3.301
-3.039, -3.133, -3.301, -2.971, -7.896, -3.084, -3.354, -2.791, -2.929, -3.458
-3.125, -3.141, -3.895, -2.510, -5.539, -2.816, -3.828, -3.440, -3.110, -3.375
-3.276, -3.276, -1.749, -4.658, -1.880, -3.153, -2.475, -3.425, -3.197, -3.153
-2.508, -3.449, -2.793, -2.450, -5.417, -1.583, -2.495, -3.502, -3.302, -3.176
-3.158, -2.721, -2.568, -1.997, -4.820, -1.654, -3.173, -3.390, -3.217, -2.874
-2.973, -2.976, -3.498, -3.593, -6.998, -2.748, -2.745, -2.663, -3.477, -3.437
-2.780, -3.430, -3.159, -2.308, -2.330, -6.524, -3.037, -3.588, -3.306, -3.114
-2.808, -3.879, -3.130, -3.037, -1.724, -5.139, -3.589, -2.726, -3.465, -3.059
-3.023, -3.174, -3.607, -4.204, -1.336, -4.934, -3.059, -3.116, -3.682, -2.772
-2.809, -2.833, -3.327, -2.774, -5.061, -1.632, -3.055, -3.724, -2.945, -3.320
-2.754, -1.925, -3.486, -2.851, -4.163, -1.700, -2.572, -3.150, -3.779, -3.763
-3.209, -2.867, -3.407, -3.541, -1.179, -4.041, -3.402, -3.374, -2.743, -2.658
-2.811, -3.232, -2.904, -3.249, -8.769, -3.293, -2.902, -2.850, -3.370, -2.539
-3.547, -3.319, -3.021, -2.436, -8.233, -3.224, -3.019, -3.150, -3.187, -3.401
-3.374, -3.016, -2.518, -3.683, -1.495, -4.415, -3.486, -4.181, -3.373, -3.337
-2.810, -2.555, -2.859, -3.009, -1.527, -5.083, -3.699, -2.558, -2.602, -2.778
-3.224, -3.558, -2.926, -2.821, -2.169, -5.265, -3.704, -3.247, -3.390, -3.187
-3.514, -2.417, -3.247, -3.877, -6.125, -2.254, -2.876, -2.305, -3.323, -3.336
-3.603, -3.347, -2.415, -2.974, -5.939, -2.494, -4.017, -2.399, -2.964, -3.517
-4.025, -2.596, -3.306, -2.472, -4.535, -1.527, -2.174, -3.404, -3.394, -3.156
-2.852, -2.459, -3.380, -2.894, -0.779, -3.866, -3.000, -3.196, -3.441, -2.986
-4.122, -3.088, -3.606, -3.005, -4.948, -1.516, -4.050, -2.644, -3.031, -3.525
-3.093, -3.222, -2.690, -3.229, -7.851, -3.081, -3.644, -3.465, -2.852, -2.383
-3.067, -3.355, -3.031, -3.821, -2.422, -5.300, -3.112, -3.034, -3.205, -3.379
-3.293, -3.147, -3.021, -3.110, -6.192, -2.505, -3.167, -2.757, -3.081, -2.989
-3.974, -2.783, -3.143, -2.011, -4.185, -1.884, -3.063, -2.511, -2.887, -3.104
-3.608, -2.655, -3.391, -2.809, -6.066, -2.334, -3.117, -3.112, -2.920, -3.112
-3.130, -2.841, -2.798, -2.889, -5.460, -2.511, -3.659, -2.494, -3.280, -2.741
-3.540, -2.648, -3.420, -3.726, -0.890, -4.724, -3.518, -4.471, -3.150, -3.359
-3.541, -3.014, -2.756, -3.003, -1.535, -4.995, -3.268, -3.292, -3.947, -2.977
-3.049, -2.933, -3.065, -3.838, -4.982, -1.911, -3.178, -2.528, -3.135, -3.068
-2.666, -2.846, -3.568, -4.282, -0.550, -3.223, -2.993, -3.373, -2.785, -3.099
-3.531, -3.447, -2.907, -2.834, -8.724, -3.675, -3.153, -2.602, -3.635, -2.982
-3.613, -3.316, -4.033, -2.821, -7.572, -2.713, -3.108, -2.711, -2.669, -3.880
-3.706, -2.835, -2.372, -3.628, -1.821, -4.118, -3.366, -2.904, -2.895, -3.336
-2.919, -3.132, -2.909, -3.093, -9.846, -3.558, -3.265, -3.390, -3.510, -3.272
-4.081, -2.358, -3.176, -2.700, -5.438, -2.545, -3.525, -2.365, -2.575, -3.173
-2.713, -3.867, -3.471, -3.810, -1.653, -4.475, -3.044, -3.553, -3.344, -3.160
-3.290, -2.558, -3.252, -2.717, -1.747, -5.158, -3.292, -2.410, -3.538, -3.325
-2.847, -2.843, -2.156, -3.596, -2.505, -5.446, -3.265, -3.179, -2.847, -2.371
-2.912, -3.584, -3.277, -3.548, -6.021, -2.465, -3.466, -2.989, -2.822, -3.415
-3.204, -3.182, -3.500, -2.917, -8.625, -3.874, -3.112, -2.645, -3.209, -3.285
-3.706, -3.312, -3.177, -2.928, -1.915, -5.503, -3.884, -2.703, -3.192, -2.919
-3.165, -3.062, -2.551, -3.426, -2.883, -5.764, -3.392, -2.421, -3.796, -3.439
-3.187, -2.728, -4.342, -3.412, -5.623, -2.557, -4.301, -3.549, -2.733, -3.399
-2.089, -3.385, -3.327, -2.100, -5.768, -2.194, -2.048, -2.886, -4.134, -3.046
-3.415, -3.011, -4.055, -3.748, -1.777, -4.708, -2.162, -3.405, -3.630, -3.718
-2.689, -3.073, -4.083, -1.895, -5.386, -1.902, -1.966, -3.629, -4.081, -2.509
-3.480, -2.665, -2.676, -3.820, -1.702, -5.262, -3.969, -2.611, -3.380, -2.971
-3.516, -3.078, -2.917, -3.264, -1.762, -5.091, -3.145, -2.532, -3.604, -3.216
-3.355, -3.188, -3.504, -4.237, -1.402, -4.453, -3.192, -2.627, -3.238, -3.276
-2.737, -4.012, -3.265, -3.028, -2.113, -5.298, -3.304, -2.627, -3.039, -3.436
-3.717, -2.817, -3.504, -3.272, -5.176, -1.886, -3.483, -3.715, -3.422, -2.807
-3.265, -2.848, -2.917, -3.119, -11.070, -4.175, -2.807, -2.815, -3.311, -2.991
-2.410, -2.395, -3.425, -2.790, -5.385, -2.653, -3.062, -2.490, -4.092, -3.010
-3.351, -2.837, -3.267, -2.928, -5.477, -2.179, -3.080, -2.657, -3.785, -3.420
-2.656, -3.014, -2.922, -4.744, -1.803, -5.708, -2.586, -3.497, -3.087, -3.034
-3.757, -3.876, -2.705, -2.973, -7.034, -2.687, -3.504, -3.089, -3.347, -2.931
-2.860, -3.183, -3.490, -3.786, -2.214, -6.453, -3.052, -4.077, -2.535, -3.114
-3.242, -2.691, -2.976, -3.216, -6.982, -3.047, -3.071, -2.613, -3.849, -2.994
-3.587, -3.067, -3.470, -2.814, -4.776, -2.213, -3.607, -3.842, -3.335, -2.889
-3.438, -3.501, -2.613, -3.944, -1.088, -3.648, -2.960, -3.134, -3.580, -3.004
-3.112, -2.827, -2.636, -2.650, -5.114, -1.528, -2.854, -2.736, -2.906, -2.778
-2.874, -2.893, -3.202, -2.811, -7.349, -2.426, -3.162, -3.173, -2.797, -3.329
-3.338, -2.187, -2.571, -3.710, -1.325, -4.580, -3.965, -3.155, -3.040, -3.067
-3.117, -3.551, -3.552, -3.353, -7.107, -2.758, -2.440, -2.481, -3.400, -3.575
-2.956, -3.998, -3.583, -5.903, -1.500, -3.587, -2.872, -4.093, -3.372, -3.341
-3.067, -2.751, -3.281, -4.130, -1.229, -4.310, -3.236, -3.078, -3.157, -3.473
-3.780, -3.334, -2.754, -3.303, -6.882, -2.749, -3.212, -3.932, -3.214, -3.016
-3.370, -2.500, -3.362, -3.292, -2.253, -6.164, -2.941, -2.845, -3.206, -3.354
-3.117, -3.301, -3.154, -3.011, -1.956, -5.336, -3.503, -2.683, -3.222, -2.921
-3.336, -3.321, -2.968, -3.496, -7.739, -2.476, -3.167, -2.793, -3.127, -3.271
-3.315, -2.922, -3.357, -3.534, -1.502, -4.542, -3.461, -2.940, -3.512, -3.154
-3.576, -2.806, -3.506, -3.901, -1.669, -6.313, -3.586, -3.265, -3.585, -3.042
-2.994, -2.978, -3.650, -4.555, -1.074, -4.953, -3.181, -3.993, -3.111, -3.031
-3.207, -3.679, -3.156, -3.641, -1.639, -4.448, -3.109, -3.677, -3.287, -3.259
-3.157, -2.414, -3.086, -3.679, -1.737, -5.497, -3.297, -3.394, -3.464, -4.068
-3.242, -3.828, -3.027, -5.107, -2.729, -4.786, -3.045, -3.302, -3.161, -3.338
-3.338, -3.434, -3.328, -3.184, -1.765, -5.414, -2.923, -2.622, -3.256, -2.982
-2.522, -3.424, -3.396, -4.850, -2.177, -4.427, -2.249, -3.643, -3.818, -2.606
-3.413, -3.086, -2.880, -3.435, -1.914, -6.030, -3.179, -2.645, -3.608, -3.218
-2.842, -2.891, -3.308, -2.615, -5.838, -2.521, -2.692, -3.134, -3.274, -3.179
-3.318, -3.201, -3.286, -3.380, -1.710, -4.938, -3.318, -3.103, -3.071, -2.717
-2.747, -3.051, -3.268, -3.278, -1.829, -4.776, -3.103, -3.797, -2.508, -3.096
-3.119, -3.172, -2.819, -4.712, -2.201, -4.093, -2.794, -3.579, -3.094, -3.110
-3.016, -3.641, -3.528, -2.554, -5.612, -2.648, -3.513, -3.006, -3.103, -3.675
-2.668, -3.826, -3.294, -3.814, -1.517, -4.469, -2.938, -3.758, -3.389, -3.144
-2.440, -3.344, -3.301, -2.525, -1.725, -4.669, -3.107, -3.763, -3.061, -3.496
-3.656, -2.088, -2.852, -3.555, -1.305, -5.176, -4.254, -3.042, -2.843, -3.462
-3.010, -2.685, -3.364, -3.302, -0.754, -3.454, -3.150, -2.727, -2.741, -3.151
-3.250, -2.827, -2.303, -3.636, -2.087, -4.123, -2.541, -2.851, -3.162, -3.065
-3.473, -2.833, -3.486, -3.724, -1.764, -4.621, -3.090, -2.924, -3.151, -3.132
-2.971, -3.303, -2.832, -3.007, -9.110, -2.865, -3.164, -2.887, -3.097, -2.745
-3.191, -3.283, -2.610, -2.424, -7.435, -2.900, -3.114, -3.411, -3.367, -3.263
-3.223, -3.171, -3.274, -2.618, -5.510, -2.306, -3.351, -2.992, -2.880, -2.953
-3.291, -3.040, -3.852, -6.067, -1.337, -5.000, -3.502, -3.897, -2.887, -3.032
-2.571, -2.116, -3.207, -3.552, -1.048, -4.222, -2.673, -3.140, -3.114, -3.482
-3.590, -3.929, -3.787, -3.453, -6.689, -1.972, -2.695, -2.517, -3.052, -3.485
-2.891, -3.196, -2.984, -2.125, -5.261, -2.349, -3.205, -3.116, -3.535, -3.369
-3.567, -2.720, -4.036, -4.354, -1.438, -5.322, -2.884, -3.353, -3.784, -3.631
-3.473, -2.621, -2.833, -2.468, -8.005, -2.801, -3.079, -2.915, -3.266, -3.501
-3.082, -3.285, -3.537, -3.067, -6.875, -3.082, -3.294, -2.610, -2.777, -2.845
-3.373, -2.646, -3.218, -4.159, -1.010, -4.112, -3.474, -2.567, -3.252, -3.092
-3.375, -3.124, -3.008, -2.999, -9.461, -3.990, -2.914, -3.588, -3.350, -3.240
-3.118, -3.078, -3.489, -3.881, -1.415, -4.278, -3.147, -2.862, -3.334, -3.221
-2.747, -4.288, -3.692, -3.252, -4.447, -1.815, -2.990, -2.380, -2.912, -2.622
-3.339, -3.109, -2.760, -2.411, -6.674, -3.042, -2.811, -3.138, -3.315, -3.076
-3.082, -2.917, -2.693, -3.665, -2.837, -5.196, -3.023, -3.290, -2.978, -3.122
-2.936, -3.048, -2.994, -3.731, -1.984, -5.207, -3.045, -3.020, -3.004, -2.974
-3.276, -3.276, -3.706, -3.140, -5.376, -1.897, -3.227, -2.882, -3.073, -3.778
-2.679, -3.421, -3.647, -3.084, -1.584, -4.999, -3.730, -3.492, -3.306, -2.701
-3.470, -2.735, -3.106, -3.298, -1.517, -4.612, -3.166, -2.671, -3.469, -3.094
-3.151, -2.774, -3.087, -3.708, -2.433, -5.800, -2.907, -2.950, -3.284, -3.578
-2.554, -2.404, -3.337, -3.539, -1.254, -4.074, -2.758, -2.676, -2.995, -3.292
-3.215, -3.072, -3.255, -2.903, -4.436, -1.742, -2.611, -3.459, -3.364, -3.470
-2.746, -3.310, -3.159, -4.368, -1.956, -5.330, -3.412, -2.663, -3.888, -3.237
-2.610, -3.114, -3.230, -3.037, -4.365, -1.780, -2.744, -2.782, -3.729, -3.134
-2.993, -2.858, -2.876, -3.900, -1.573, -4.493, -3.614, -2.807, -2.898, -3.172
-3.517, -2.754, -3.825, -4.800, -0.878, -4.182, -3.632, -3.270, -3.181, -3.103
-3.188, -2.870, -3.259, -3.558, -1.793, -4.902, -3.264, -3.013, -2.809, -3.348
-3.175, -3.660, -3.035, -2.404, -10.934, -2.496, -2.939, -2.916, -3.271, -3.312
-3.168, -3.189, -2.180, -3.588, -5.354, -1.021, -4.543, -2.604, -2.433, -2.576
-3.200, -3.093, -2.801, -3.366, -7.918, -2.860, -3.681, -2.816, -3.569, -2.583
-3.108, -2.911, -3.492, -4.326, -1.664, -5.178, -3.256, -2.788, -2.937, -2.875
-3.152, -3.777, -3.157, -3.080, -2.353, -5.719, -3.034, -3.557, -2.606, -3.232
-3.266, -3.231, -2.810, -2.411, -5.445, -1.890, -2.965, -2.783, -3.109, -3.203
-2.964, -2.933, -2.627, -2.570, -5.364, -2.271, -3.111, -3.202, -3.454, -3.043
-3.650, -2.816, -3.330, -2.730, -1.626, -6.777, -3.093, -2.609, -4.010, -3.004
-3.213, -2.958, -2.963, -2.623, -6.670, -2.963, -3.166, -3.297, -3.080, -3.254
-3.116, -4.303, -3.319, -2.968, -3.366, -1.088, -2.644, -3.799, -3.335, -3.246
-2.762, -2.422, -2.929, -3.356, -1.502, -5.035, -3.748, -2.593, -3.154, -3.215
-3.171, -3.182, -3.105, -3.371, -1.949, -5.451, -3.146, -2.742, -3.563, -3.396
-2.979, -2.959, -3.346, -2.817, -2.524, -5.705, -2.809, -3.047, -2.710, -2.933
-2.632, -3.706, -2.656, -2.075, -4.145, -1.396, -4.471, -3.752, -4.136, -3.249
-3.185, -3.335, -3.118, -3.134, -12.430, -3.585, -2.530, -3.296, -4.042, -3.281
-3.368, -2.602, -3.266, -4.043, -1.890, -5.238, -3.281, -2.874, -3.662, -3.321
-3.360, -3.378, -3.774, -3.231, -5.992, -2.513, -2.935, -3.125, -2.994, -3.625
-3.355, -2.845, -2.638, -3.962, -1.332, -4.578, -2.918, -2.692, -3.417, -3.110
-3.634, -3.042, -2.947, -3.687, -6.730, -2.273, -3.541, -2.542, -3.265, -3.344
-3.477, -3.396, -3.403, -2.557, -2.571, -0.785, -3.192, -3.858, -3.505, -3.386
-3.023, -3.526, -2.905, -3.216, -1.805, -4.678, -3.477, -3.799, -2.922, -2.810
-3.615, -3.182, -2.686, -2.761, -9.647, -3.793, -3.602, -3.410, -3.228, -3.033
-3.177, -2.776, -3.677, -4.600, -2.618, -5.267, -3.064, -3.114, -2.855, -3.082
-3.631, -2.356, -3.102, -3.943, -1.936, -6.021, -3.390, -2.869, -3.531, -3.245
-3.325, -3.572, -3.125, -3.294, -1.979, -5.093, -3.204, -3.057, -3.029, -3.020
-2.899, -3.816, -3.694, -3.298, -7.819, -2.654, -3.091, -3.131, -3.318, -3.521
-3.481, -2.821, -3.682, -3.815, -6.000, -2.459, -3.360, -3.671, -3.254, -3.145
-3.157, -3.017, -3.580, -2.571, -4.894, -2.180, -3.649, -2.896, -3.015, -3.075
-2.862, -3.142, -2.977, -3.789, -1.415, -3.822, -3.522, -3.822, -2.580, -3.233
-3.470, -3.592, -3.106, -2.629, -2.385, -7.192, -3.298, -2.912, -3.314, -2.901
-3.237, -3.196, -2.983, -2.911, -8.056, -2.956, -2.882, -3.109, -3.255, -3.160
-2.865, -3.110, -3.113, -3.104, -6.085, -2.423, -2.707, -2.301, -3.583, -2.924
-3.359, -3.909, -2.434, -4.080, -2.215, -4.504, -2.387, -2.946, -3.233, -3.097
-3.037, -2.988, -3.664, -2.708, -5.237, -2.445, -3.775, -2.899, -3.013, -3.054
-3.629, -3.332, -2.858, -3.419, -2.205, -5.129, -2.634, -2.805, -3.484, -3.561
-3.417, -2.663, -3.354, -4.136, -0.694, -3.712, -3.531, -3.495, -3.128, -2.996
-3.265, -3.081, -3.187, -3.810, -6.132, -2.222, -3.343, -3.667, -2.929, -2.904
-3.429, -2.864, -2.134, -4.478, -1.662, -3.984, -2.977, -3.064, -2.973, -3.003
-2.897, -3.294, -2.937, -2.409, -4.159, -1.112, -2.826, -2.905, -3.547, -3.161
-3.383, -2.734, -3.651, -4.052, -1.377, -5.688, -3.067, -3.511, -3.318, -3.255
-3.257, -2.983, -2.261, -4.248, -1.692, -3.851, -2.687, -3.257, -3.326, -3.144
-1.675, -4.091, -3.408, -3.847, -5.170, -1.467, -2.333, -1.979, -3.463, -3.286
-3.182, -3.259, -2.826, -2.146, -5.345, -1.659, -2.953, -2.900, -3.163, -3.039
-3.088, -3.264, -2.894, -4.120, -2.488, -4.976, -3.271, -3.012, -3.016, -3.002
-3.202, -1.908, -2.632, -3.430, -1.966, -5.612, -2.789, -2.764, -3.079, -3.954
-3.309, -2.841, -3.346, -3.641, -4.447, -1.666, -3.708, -3.821, -3.827, -3.074
-3.538, -3.568, -3.347, -3.234, -9.259, -3.666, -2.543, -3.251, -3.316, -3.385
-3.191, -3.372, -2.818, -2.856, -6.428, -1.990, -2.937, -3.340, -3.070, -3.141
-3.023, -2.974, -3.087, -2.369, -7.000, -1.777, -2.802, -3.687, -3.202, -3.191
-3.139, -3.343, -2.447, -3.850, -7.085, -2.512, -4.729, -2.149, -3.262, -3.191
-2.851, -3.603, -4.014, -3.532, -7.258, -2.610, -2.851, -3.732, -3.747, -2.542
-2.930, -3.644, -3.347, -3.489, -5.249, -1.971, -3.506, -2.723, -3.238, -2.679
-3.190, -3.166, -3.459, -3.084, -5.848, -2.724, -3.101, -2.497, -3.133, -3.430
-3.664, -2.616, -2.292, -3.811, -2.410, -5.066, -2.651, -3.106, -3.753, -3.511
-3.602, -3.065, -3.316, -2.850, -4.793, -2.120, -3.228, -2.819, -3.028, -3.617
-2.819, -3.101, -3.178, -3.737, -6.544, -2.258, -2.753, -3.204, -3.288, -2.746
-3.190, -4.260, -2.881, -2.802, -10.182, -2.977, -3.079, -3.221, -3.272, -2.789
-3.238, -2.557, -3.004, -3.806, -1.839, -5.444, -3.952, -3.354, -3.175, -2.936
-3.380, -3.111, -3.380, -4.479, -0.602, -3.402, -3.670, -3.395, -2.968, -3.236
-3.299, -3.405, -2.776, -2.963, -5.793, -2.497, -3.457, -2.733, -3.096, -3.059
-3.124, -2.947, -3.361, -4.562, -1.132, -4.441, -3.953, -2.560, -2.990, -3.169
-3.606, -3.331, -3.044, -3.660, -6.983, -2.621, -3.729, -2.093, -3.043, -3.092
-2.585, -2.951, -3.707, -4.244, -1.397, -4.358, -2.877, -3.549, -2.998, -2.936
-2.857, -3.131, -3.430, -2.213, -5.117, -2.487, -2.607, -2.967, -3.138, -3.110
-2.670, -3.750, -3.523, -2.922, -2.703, -6.308, -3.358, -2.733, -2.476, -3.181
-3.172, -2.871, -2.789, -2.865, -1.832, -5.191, -3.116, -3.061, -2.962, -3.589
-3.400, -3.297, -2.841, -2.467, -1.718, -5.306, -3.806, -2.950, -3.179, -3.380
-2.332, -3.804, -3.294, -3.505, -5.545, -2.227, -2.496, -2.420, -3.547, -2.842
-3.151, -3.864, -3.445, -3.831, -7.063, -2.063, -3.228, -2.618, -2.993, -3.004
-3.232, -2.937, -3.627, -3.263, -5.488, -2.310, -3.396, -3.627, -3.150, -3.433
-3.156, -2.802, -3.511, -2.497, -6.657, -2.657, -3.401, -4.007, -3.623, -3.286
-2.730, -3.758, -3.439, -3.409, -11.152, -2.759, -2.443, -2.673, -3.551, -3.376
-2.871, -3.401, -4.172, -4.434, -1.177, -4.501, -2.483, -2.972, -3.529, -3.283
-3.274, -3.513, -3.463, -3.450, -0.988, -3.805, -3.116, -3.577, -2.873, -3.341
-2.991, -3.619, -3.139, -3.826, -7.800, -2.766, -3.224, -2.540, -3.086, -3.436
-3.270, -3.009, -3.501, -3.058, -2.164, -6.153, -3.141, -2.621, -3.309, -3.225
-3.326, -2.462, -3.299, -4.265, -2.270, -5.845, -3.492, -3.167, -3.666, -3.649
-3.277, -3.597, -3.414, -2.251, -2.653, -6.052, -2.502, -3.520, -2.753, -3.014
-3.104, -3.411, -3.053, -2.768, -2.376, -5.359, -3.014, -2.998, -2.957, -2.863
-3.268, -3.117, -3.070, -2.479, -7.703, -2.371, -3.357, -3.209, -2.998, -3.195
-2.936, -3.793, -3.238, -2.462, -6.378, -2.738, -3.206, -3.325, -3.613, -3.133
-2.461, -2.739, -3.569, -4.341, -0.813, -4.151, -3.124, -3.343, -2.850, -2.681
-3.009, -2.483, -2.996, -4.009, -1.916, -4.802, -3.146, -3.272, -3.057, -3.263
-3.117, -2.798, -3.032, -2.850, -6.477, -2.981, -3.311, -3.237, -3.354, -2.873
-3.048, -3.482, -3.270, -2.736, -5.821, -2.387, -3.679, -3.242, -3.495, -3.084
-3.275, -3.114, -3.057, -3.007, -6.463, -2.571, -3.032, -2.815, -3.114, -3.135
-3.449, -3.101, -3.259, -3.734, -1.307, -4.270, -3.543, -3.183, -3.006, -3.078
-3.518, -3.124, -3.329, -2.640, -2.111, -5.710, -3.001, -2.880, -3.584, -3.188
-3.453, -3.141, -3.157, -2.827, -2.626, -7.769, -3.024, -2.604, -3.512, -3.271
-3.145, -3.020, -4.924, -3.107, -4.167, -1.953, -2.300, -2.950, -3.304, -2.874
-3.285, -3.255, -3.324, -3.068, -5.310, -1.839, -2.928, -3.485, -3.019, -3.270
-3.252, -3.701, -3.191, -2.412, -5.931, -2.055, -3.261, -2.696, -3.738, -3.511
-3.131, -3.180, -3.370, -2.806, -4.467, -1.892, -2.705, -2.811, -2.973, -3.184
-3.244, -2.817, -2.641, -4.177, -2.217, -4.240, -2.854, -3.279, -3.183, -3.323
-3.089, -2.959, -2.682, -5.123, -1.188, -3.255, -3.353, -3.413, -2.921, -3.379
-3.076, -2.445, -3.437, -3.091, -2.068, -4.841, -2.676, -3.172, -1.886, -3.198
-3.248, -3.167, -2.522, -2.063, -5.955, -1.419, -2.800, -2.808, -3.220, -3.220
-2.849, -2.486, -2.751, -3.425, -5.651, -2.286, -3.490, -2.733, -2.821, -3.013
-3.651, -2.632, -2.848, -3.267, -2.355, -5.288, -2.690, -2.690, -3.330, -3.525
-3.669, -2.133, -2.807, -2.782, -2.809, -5.944, -2.699, -2.911, -3.338, -3.426
-3.306, -3.329, -4.810, -2.520, -6.295, -2.049, -3.812, -3.596, -3.119, -3.049
-3.166, -2.365, -3.116, -2.725, -4.954, -1.918, -2.978, -2.975, -3.134, -3.626
-4.065, -2.908, -3.807, -4.059, -4.798, -1.910, -2.740, -2.525, -2.568, -3.418
-3.075, -2.810, -3.337, -3.536, -8.060, -3.182, -2.940, -2.784, -2.865, -3.602
-3.537, -2.920, -3.260, -4.512, -2.488, -4.978, -2.970, -3.326, -3.057, -3.323
-3.181, -2.793, -2.997, -2.721, -7.075, -2.382, -3.566, -3.497, -3.314, -3.119
-2.733, -2.379, -2.570, -3.527, -1.596, -3.867, -3.173, -3.011, -2.816, -2.739
-3.216, -2.440, -2.577, -4.585, -2.695, -4.473, -2.635, -3.829, -2.911, -3.167
-3.263, -2.686, -3.119, -3.878, -4.303, -1.109, -2.624, -3.315, -2.494, -3.186
-3.051, -2.856, -2.815, -3.435, -1.639, -6.339, -3.627, -3.037, -3.783, -2.974
-3.335, -2.787, -3.759, -2.527, -3.387, -1.603, -3.579, -2.836, -3.134, -2.822
-3.391, -3.066, -3.272, -2.577, -10.193, -3.810, -3.139, -3.190, -3.370, -3.248
-3.003, -3.311, -2.519, -2.614, -5.236, -2.101, -3.574, -2.693, -2.867, -3.452
-3.418, -2.690, -3.099, -3.187, -1.643, -4.518, -2.852, -2.781, -3.559, -2.954
-3.616, -3.343, -2.155, -4.028, -6.500, -2.328, -4.901, -2.606, -2.909, -2.942
-3.058, -3.207, -3.372, -4.696, -1.804, -4.896, -3.512, -3.220, -3.474, -3.219
-2.791, -3.507, -3.087, -3.298, -4.897, -1.962, -3.873, -2.310, -3.136, -3.915
-3.292, -2.727, -3.599, -2.991, -4.862, -2.238, -3.263, -3.179, -3.321, -3.212
-3.656, -2.837, -3.711, -2.831, -2.250, -6.375, -3.373, -2.283, -3.066, -2.931
-3.169, -2.971, -2.461, -4.034, -2.437, -4.844, -3.861, -2.596, -2.805, -2.708
-2.971, -3.992, -3.477, -3.084, -3.465, -1.045, -3.441, -3.526, -2.920, -3.066
-3.120, -2.823, -3.175, -3.881, -2.635, -7.022, -2.943, -3.194, -3.164, -2.721
-3.407, -2.618, -3.197, -2.785, -4.193, -1.738, -3.080, -3.323, -3.306, -3.012
-2.845, -3.555, -3.265, -3.348, -7.636, -3.117, -2.925, -2.544, -3.481, -3.400
-2.489, -2.707, -3.456, -4.479, -0.755, -3.027, -3.164, -3.341, -3.077, -3.307
-2.841, -2.617, -3.457, -3.131, -0.855, -3.959, -3.025, -3.039, -3.580, -2.749
-3.263, -3.839, -3.203, -4.618, -1.562, -5.032, -2.913, -3.150, -3.406, -3.192
-3.048, -2.704, -3.828, -5.052, -0.940, -4.261, -3.314, -3.617, -3.260, -3.191
-3.321, -3.095, -3.635, -3.760, -1.701, -5.127, -3.128, -2.473, -3.501, -3.159
-3.339, -2.664, -3.804, -3.746, -1.270, -4.536, -3.078, -3.109, -3.409, -2.656
-3.276, -3.316, -3.935, -3.501, -2.073, -6.162, -2.445, -2.611, -3.091, -3.323
-3.438, -2.949, -3.393, -3.394, -1.520, -4.307, -2.832, -2.435, -3.213, -3.771
-3.063, -2.948, -2.927, -2.616, -5.886, -2.303, -3.282, -3.071, -3.223, -2.828
-3.310, -3.152, -3.365, -4.961, -2.164, -5.009, -3.026, -2.966, -3.354, -2.937
-2.627, -3.004, -3.034, -2.200, -4.342, -1.171, -2.605, -2.639, -3.618, -2.781
-3.623, -2.634, -2.705, -3.490, -1.591, -4.910, -2.993, -2.795, -2.911, -3.867
-3.098, -3.398, -3.855, -2.820, -5.741, -2.897, -3.732, -2.902, -3.155, -2.859
-3.379, -2.656, -2.677, -2.360, -5.486, -1.725, -3.108, -2.927, -3.159, -3.230
-3.084, -2.974, -3.195, -2.982, -1.643, -4.789, -2.864, -3.568, -2.136, -3.122
-3.684, -3.028, -4.429, -1.951, -5.493, -2.748, -2.910, -3.719, -3.448, -2.846
-3.827, -2.991, -3.236, -3.747, -1.072, -5.092, -3.658, -3.295, -3.278, -3.388
-2.462, -2.555, -3.380, -3.403, -1.369, -3.959, -2.736, -2.521, -2.844, -3.119
-3.205, -3.200, -3.494, -4.102, -1.113, -4.120, -3.280, -4.052, -3.558, -2.771
-2.474, -2.676, -3.137, -3.127, -1.329, -5.284, -3.577, -3.880, -2.794, -3.030
-3.268, -3.807, -3.353, -3.116, -6.625, -2.720, -2.995, -3.342, -3.163, -3.087
-2.080, -2.585, -3.063, -3.591, -1.417, -3.700, -2.764, -3.183, -2.564, -3.366
-3.170, -3.722, -3.087, -3.199, -5.940, -2.407, -2.691, -3.239, -3.865, -2.782
-2.800, -3.869, -3.123, -2.622, -2.193, -5.866, -3.340, -3.040, -2.931, -3.379
-3.343, -3.250, -3.179, -2.516, -6.046, -2.030, -3.242, -3.599, -3.319, -3.064
-3.268, -3.017, -3.655, -2.801, -4.865, -2.240, -2.973, -3.040, -3.371, -3.340
-2.883, -3.229, -2.822, -1.874, -7.293, -3.608, -3.675, -3.032, -3.264, -3.654
-3.229, -2.939, -3.149, -3.188, -2.433, -5.563, -3.599, -3.243, -2.978, -3.442
-3.188, -3.356, -3.264, -1.751, -2.194, -5.796, -2.535, -3.918, -3.173, -3.143
-3.535, -3.012, -2.811, -3.005, -5.581, -1.930, -4.116, -3.448, -3.330, -3.490
-3.407, -2.702, -3.199, -3.104, -1.552, -4.439, -3.071, -3.548, -3.739, -3.323
-3.474, -2.065, -2.741, -3.433, -1.078, -4.158, -4.123, -3.038, -2.909, -2.856
-3.121, -3.085, -3.132, -2.914, -6.312, -2.446, -3.178, -3.029, -3.058, -3.102
-2.806, -2.862, -2.660, -1.380, -1.415, -4.651, -3.405, -3.586, -2.763, -3.107
-3.512, -3.304, -4.370, -3.446, -4.644, -1.825, -2.871, -3.538, -3.275, -3.206
-2.311, -3.886, -4.516, -3.024, -5.559, -2.644, -2.865, -3.492, -3.158, -2.487
-3.383, -3.050, -3.880, -4.341, -6.892, -2.544, -2.278, -3.490, -3.931, -2.904
-2.830, -3.388, -3.095, -2.830, -5.454, -1.642, -3.593, -3.332, -3.288, -3.346
-2.745, -2.879, -3.566, -3.696, -0.844, -3.819, -2.897, -3.377, -2.859, -3.064
-2.895, -3.290, -4.356, -2.700, -4.751, -1.702, -4.265, -3.242, -4.404, -2.908
-3.388, -3.350, -2.343, -3.224, -2.801, -5.629, -2.546, -2.836, -3.165, -3.106
-3.230, -2.882, -2.885, -3.220, -1.556, -5.969, -3.474, -4.008, -2.794, -3.059
-3.069, -2.989, -3.554, -3.315, -1.368, -4.472, -3.047, -3.424, -3.129, -3.552
-3.050, -3.251, -3.511, -3.500, -1.041, -3.814, -2.988, -2.875, -2.761, -3.260
-2.809, -2.667, -3.701, -2.184, -4.192, -2.116, -3.318, -2.828, -3.152, -3.135
-3.168, -2.931, -3.292, -2.730, -7.152, -2.838, -2.841, -2.884, -3.336, -3.265
-3.442, -3.176, -2.818, -2.757, -11.808, -4.310, -3.027, -3.071, -3.349, -3.034
-3.331, -3.151, -3.017, -2.934, -8.508, -3.752, -3.435, -3.262, -3.182, -2.879
-3.343, -3.330, -2.975, -4.725, -1.203, -3.317, -2.962, -3.137, -3.199, -3.081
-2.857, -2.961, -3.217, -3.326, -1.431, -4.302, -2.830, -4.126, -3.700, -2.705
-3.190, -3.339, -3.363, -2.817, -6.635, -2.824, -3.110, -2.618, -2.950, -3.392
-2.926, -2.649, -3.781, -4.235, -1.288, -4.374, -3.077, -3.769, -2.769, -3.068
-3.232, -3.237, -2.724, -2.477, -7.645, -3.087, -2.869, -3.077, -3.492, -3.124
-3.278, -3.759, -3.165, -4.332, -2.694, -5.389, -3.209, -3.300, -2.980, -3.477
-3.263, -3.066, -2.789, -2.863, -2.149, -5.704, -3.217, -2.358, -3.304, -3.185
-2.676, -3.415, -3.029, -4.777, -8.290, -3.003, -3.209, -2.610, -3.464, -2.822
-3.294, -3.117, -2.674, -2.476, -9.991, -4.197, -2.674, -3.329, -3.485, -3.240
-3.865, -3.721, -2.947, -3.257, -9.138, -3.514, -3.334, -2.828, -2.766, -2.630
-2.880, -2.445, -2.467, -2.349, -6.190, -1.390, -2.984, -2.654, -2.759, -2.752
-3.091, -3.531, -2.882, -3.267, -1.752, -4.934, -2.588, -2.690, -3.725, -2.965
-2.960, -4.626, -2.952, -4.585, -6.212, -1.957, -3.094, -2.284, -3.048, -2.902
-3.038, -2.985, -2.996, -2.410, -4.000, -1.198, -2.728, -3.097, -3.436, -3.160
-2.788, -3.516, -3.577, -3.132, -3.815, -1.367, -3.759, -3.577, -3.149, -3.290
-3.288, -2.486, -3.204, -2.946, -1.385, -6.236, -3.528, -3.046, -3.384, -2.901
-3.432, -2.580, -2.950, -3.838, -5.909, -2.003, -3.016, -2.818, -2.769, -2.891
-2.544, -3.298, -2.774, -3.176, -2.245, -5.156, -3.216, -3.025, -2.611, -3.948
-3.596, -3.084, -2.489, -2.071, -10.294, -3.358, -3.336, -3.252, -3.037, -3.215
-3.331, -3.173, -3.308, -2.513, -2.685, -6.304, -2.928, -3.188, -4.309, -3.242
-3.216, -3.091, -3.368, -5.060, -2.434, -5.372, -3.443, -3.091, -3.366, -3.209
-3.458, -3.037, -3.197, -3.733, -1.525, -4.327, -3.523, -2.773, -2.898, -3.394
-3.122, -3.284, -3.015, -3.147, -5.809, -2.351, -3.106, -2.843, -3.166, -3.428
-3.239, -2.732, -2.199, -4.036, -2.299, -4.589, -2.728, -3.263, -3.217, -3.181
-3.158, -3.403, -3.623, -2.562, -4.497, -2.220, -3.200, -2.861, -3.228, -3.228
-2.588, -2.804, -3.551, -3.662, -1.530, -4.854, -2.443, -4.496, -3.686, -3.081
-3.651, -3.038, -3.206, -2.250, -5.982, -2.379, -2.088, -3.469, -3.281, -3.483
-3.011, -3.476, -4.051, -2.841, -4.180, -1.896, -1.883, -2.908, -3.593, -2.262
-3.029, -2.698, -3.411, -3.904, -1.495, -4.264, -3.333, -3.175, -2.938, -3.103
-3.277, -2.533, -2.928, -2.823, -4.315, -1.730, -2.758, -2.771, -2.652, -3.047
-3.176, -3.145, -3.354, -3.820, -5.015, -1.907, -3.316, -3.104, -3.075, -2.943
-3.814, -3.122, -2.712, -3.719, -1.374, -4.731, -3.555, -2.678, -2.967, -3.239
-3.154, -3.299, -2.873, -5.474, -2.426, -4.190, -3.051, -3.579, -3.162, -3.243
-2.376, -3.131, -2.985, -3.002, -4.923, -2.093, -3.278, -2.730, -4.055, -2.444
-2.941, -2.601, -3.679, -3.970, -1.534, -6.085, -2.604, -3.427, -3.601, -2.937
-3.130, -2.898, -3.445, -3.251, -4.952, -1.543, -3.315, -3.493, -3.050, -3.147
-4.061, -2.976, -2.550, -3.945, -2.393, -5.885, -3.873, -3.268, -3.423, -3.270
-3.065, -3.951, -2.941, -3.215, -5.745, -1.677, -3.184, -2.059, -2.669, -3.407
-2.964, -3.588, -3.325, -3.730, -4.879, -1.893, -3.196, -2.311, -2.855, -2.588
-3.418, -3.297, -2.808, -4.007, -1.518, -4.434, -3.442, -2.314, -3.639, -2.927
-3.519, -3.412, -3.178, -2.944, -6.619, -2.673, -3.341, -3.247, -3.226, -3.478
-3.559, -2.696, -3.789, -3.388, -5.306, -2.431, -3.483, -3.502, -3.564, -2.936
-3.268, -3.452, -3.396, -3.562, -1.637, -4.410, -3.005, -3.586, -3.201, -3.018
-3.061, -3.134, -2.568, -3.744, -7.231, -2.754, -3.884, -2.015, -2.949, -2.937
-2.948, -2.636, -3.097, -2.096, -5.154, -2.293, -3.554, -3.248, -2.961, -2.970
-3.668, -2.821, -2.652, -3.265, -1.999, -5.093, -2.729, -2.642, -3.662, -3.231
-3.644, -3.490, -2.847, -3.256, -5.473, -2.338, -3.935, -2.820, -3.245, -2.911
-3.216, -2.981, -2.945, -4.868, -1.192, -3.564, -3.902, -2.860, -2.497, -3.446
-3.324, -2.923, -3.469, -3.919, -2.071, -4.695, -2.929, -2.452, -2.558, -3.324
-3.463, -2.556, -3.032, -4.115, -0.883, -3.724, -3.372, -3.177, -2.808, -3.902
-3.468, -2.670, -2.559, -3.320, -6.403, -2.211, -3.438, -2.665, -2.339, -2.895
-3.290, -2.468, -2.881, -3.513, -1.944, -5.147, -2.755, -2.753, -3.373, -3.159
-3.226, -3.052, -2.967, -3.252, -4.066, -1.471, -3.576, -3.348, -2.865, -2.973
-3.192, -3.134, -3.296, -3.067, -4.696, -1.841, -2.826, -3.014, -3.290, -3.051
-2.599, -2.942, -3.613, -4.171, -8.329, -3.510, -3.672, -2.603, -3.178, -2.771
-3.566, -2.804, -3.109, -3.100, -4.521, -1.401, -3.539, -4.315, -3.348, -3.205
-2.764, -3.736, -2.706, -2.786, -2.377, -6.300, -3.067, -3.163, -3.316, -2.798
-3.310, -2.934, -3.662, -2.254, -4.807, -2.074, -2.753, -3.431, -3.250, -3.186
-4.236, -2.820, -2.787, -1.931, -6.234, -3.156, -3.504, -3.583, -2.706, -3.159
-2.822, -3.334, -3.157, -2.262, -1.985, -6.371, -4.069, -3.163, -3.583, -2.892
-2.789, -3.056, -3.469, -2.959, -1.926, -5.363, -2.766, -2.809, -2.366, -2.744
-3.316, -3.133, -3.434, -4.250, -2.235, -5.106, -3.325, -2.878, -3.062, -2.982
-3.313, -2.450, -2.721, -3.409, -1.334, -4.716, -4.205, -3.839, -2.465, -3.106
-3.288, -3.255, -3.271, -2.885, -8.837, -3.011, -2.807, -3.192, -3.050, -3.552
-2.774, -3.809, -3.196, -3.699, -7.083, -2.438, -3.076, -3.005, -3.037, -3.127
-3.281, -3.202, -3.068, -2.952, -1.824, -4.735, -3.011, -2.353, -3.162, -3.065
-3.389, -2.944, -2.755, -3.174, -3.355, -1.013, -3.100, -3.475, -3.156, -3.009
-3.267, -2.968, -3.128, -3.688, -1.866, -5.347, -3.365, -2.964, -3.339, -3.227
-3.372, -3.254, -3.133, -2.418, -6.940, -2.192, -3.125, -3.603, -3.375, -3.171
-3.405, -2.363, -3.348, -3.867, -1.815, -5.736, -3.497, -3.643, -3.150, -2.901
-3.012, -3.198, -3.661, -4.309, -1.464, -4.787, -3.047, -4.184, -3.260, -3.137
-3.038, -2.847, -3.324, -4.825, -0.790, -3.570, -3.311, -3.876, -3.066, -3.067
-2.865, -2.901, -3.028, -4.147, -4.983, -1.142, -2.695, -3.026, -3.392, -3.027
-2.911, -4.001, -3.515, -4.541, -1.896, -4.563, -3.242, -3.178, -3.132, -2.996
-3.819, -2.839, -3.695, -4.318, -1.824, -6.477, -3.559, -3.985, -3.680, -3.305
-3.655, -4.002, -2.710, -3.815, -5.439, -1.763, -3.878, -1.981, -2.596, -3.089
-3.363, -3.002, -3.071, -2.394, -1.829, -5.831, -2.516, -3.040, -3.819, -3.320
-2.853, -2.163, -3.249, -3.998, -1.547, -5.078, -3.009, -2.492, -3.089, -3.313
-2.552, -2.624, -3.023, -3.894, -2.765, -5.177, -3.049, -3.375, -2.870, -3.849
-2.850, -2.470, -3.269, -2.652, -0.972, -4.261, -2.816, -2.893, -2.891, -3.369
-3.029, -3.069, -3.493, -2.451, -5.489, -2.703, -3.507, -3.088, -3.171, -3.023
-3.139, -3.880, -2.849, -2.595, -14.091, -3.003, -3.065, -3.027, -3.146, -2.873
-3.177, -3.318, -3.513, -2.690, -4.313, -1.999, -3.445, -3.530, -3.074, -3.008
-3.259, -3.207, -3.244, -2.791, -5.719, -2.687, -3.641, -3.351, -3.157, -3.166
-3.134, -3.958, -2.625, -3.158, -5.200, -1.361, -3.036, -3.670, -2.993, -3.174
-3.499, -3.005, -3.189, -3.042, -2.594, -0.838, -3.114, -2.946, -3.769, -3.316
-3.107, -3.324, -3.108, -3.065, -1.300, -4.532, -3.544, -3.188, -3.011, -3.041
-2.763, -2.688, -3.495, -3.866, -1.007, -3.428, -2.933, -3.471, -2.425, -3.586
-2.707, -2.937, -4.025, -2.005, -6.610, -3.676, -3.116, -3.699, -3.579, -3.039
-3.214, -2.896, -3.239, -3.285, -6.177, -2.368, -3.566, -3.347, -2.950, -3.216
-3.242, -3.238, -2.971, -3.299, -5.837, -2.152, -3.063, -2.913, -3.286, -3.324
-2.947, -2.879, -2.315, -3.694, -1.645, -3.699, -2.764, -3.018, -3.007, -3.189
-3.299, -2.221, -2.503, -3.186, -1.172, -4.048, -2.923, -2.875, -3.447, -3.165
-2.873, -2.972, -3.189, -2.822, -1.802, -5.052, -3.923, -3.867, -3.178, -2.938
-2.903, -3.337, -3.396, -2.744, -7.114, -2.616, -2.859, -3.386, -3.318, -2.691
-3.043, -3.252, -3.119, -4.021, -2.330, -4.892, -3.340, -3.318, -3.327, -3.263
-3.252, -4.096, -3.583, -3.217, -5.501, -2.519, -3.475, -3.229, -3.509, -2.925
-2.834, -2.702, -2.972, -2.708, -4.056, -1.460, -2.696, -2.463, -2.815, -3.827
-2.548, -2.972, -2.162, -3.553, -2.472, -5.599, -2.819, -2.895, -2.325, -2.744
-3.345, -3.721, -2.995, -3.871, -1.625, -4.072, -3.217, -3.202, -3.379, -3.220
-3.333, -2.931, -3.318, -3.020, -6.587, -2.556, -3.633, -3.146, -3.128, -2.984
-2.971, -3.599, -2.863, -2.817, -2.687, -6.436, -2.615, -3.019, -3.196, -3.177
-3.318, -3.367, -2.994, -5.030, -1.613, -3.587, -3.066, -3.323, -3.266, -3.149
-3.085, -3.044, -3.174, -2.619, -6.058, -2.825, -3.157, -3.099, -3.224, -3.277
-2.966, -3.134, -2.981, -3.486, -2.353, -5.442, -3.729, -2.765, -2.918, -2.896
-3.431, -2.894, -3.191, -2.545, -4.817, -1.766, -3.570, -3.527, -2.739, -3.273
-3.335, -3.760, -3.008, -2.700, -1.818, -5.171, -3.439, -2.402, -3.472, -3.128
-3.087, -2.967, -2.850, -3.193, -1.691, -4.219, -2.699, -3.602, -3.799, -2.873
-2.890, -2.374, -3.393, -3.019, -1.426, -5.104, -2.950, -2.543, -3.335, -2.722
-3.318, -1.970, -2.436, -3.511, -2.037, -5.100, -3.573, -2.779, -2.765, -2.938
-2.575, -2.392, -2.962, -2.850, -0.819, -3.536, -3.598, -2.876, -2.341, -3.327
-2.718, -2.641, -3.463, -4.076, -1.821, -6.927, -3.207, -3.211, -2.921, -3.281
-2.879, -3.090, -2.941, -2.699, -9.125, -3.128, -2.782, -2.824, -3.367, -2.997
-3.334, -2.983, -3.314, -3.038, -1.065, -4.122, -3.200, -3.935, -3.294, -3.037
-2.982, -3.039, -3.380, -4.575, -1.105, -3.461, -3.132, -3.125, -2.966, -3.422
-3.090, -3.819, -3.126, -2.876, -1.935, -5.130, -3.008, -3.039, -3.309, -2.790
-3.682, -3.222, -2.467, -2.300, -11.390, -2.933, -3.593, -3.243, -3.032, -2.777
-3.168, -2.992, -2.577, -2.005, -6.505, -2.856, -3.771, -3.752, -3.577, -3.055
-4.185, -3.378, -2.897, -2.051, -4.536, -1.852, -3.109, -3.186, -4.219, -3.038
-3.528, -3.416, -2.863, -2.707, -5.963, -1.953, -3.931, -3.047, -2.966, -3.169
-3.827, -2.462, -2.709, -3.602, -1.263, -5.549, -4.444, -2.932, -2.261, -3.130
-2.729, -2.832, -3.213, -2.659, -5.719, -2.638, -3.253, -2.807, -2.956, -2.969
-3.554, -2.606, -2.901, -3.158, -1.893, -5.959, -3.242, -2.646, -3.678, -2.904
-2.948, -2.686, -3.144, -3.531, -0.757, -3.569, -3.064, -3.012, -3.198, -3.134
-3.216, -2.897, -4.089, -2.826, -6.214, -3.101, -3.991, -2.759, -3.267, -3.156
-3.420, -3.396, -3.185, -3.252, -7.339, -2.597, -2.617, -3.592, -2.856, -3.056
-3.343, -2.398, -3.222, -3.809, -3.929, -6.781, -2.733, -2.934, -3.085, -3.287
-2.473, -3.194, -3.183, -2.630, -4.778, -1.528, -2.890, -2.781, -3.047, -3.405
-3.506, -3.266, -2.910, -3.232, -5.518, -2.188, -3.274, -2.637, -2.765, -4.221
-2.526, -3.395, -3.439, -2.973, -1.067, -4.019, -2.855, -3.423, -3.267, -3.479
-3.587, -3.253, -3.186, -3.258, -1.744, -4.948, -2.959, -2.449, -3.886, -3.183
-2.979, -3.385, -3.249, -3.083, -10.004, -3.817, -2.367, -2.620, -3.561, -3.479
-3.421, -3.003, -1.464, -2.869, -2.604, -4.531, -2.333, -3.395, -4.024, -3.306
-3.568, -2.530, -3.219, -3.381, -1.388, -4.368, -2.939, -3.156, -3.729, -3.370
-3.446, -2.749, -3.122, -3.625, -9.176, -3.793, -3.337, -2.536, -3.346, -3.434
-3.039, -2.751, -3.288, -2.219, -5.422, -1.566, -2.877, -3.678, -3.554, -3.213
-3.002, -2.640, -3.771, -4.048, -1.623, -5.058, -3.408, -3.165, -2.729, -2.930
-3.663, -2.839, -2.946, -3.925, -2.149, -4.900, -3.354, -2.000, -3.575, -3.148
-2.780, -2.669, -3.147, -4.200, -1.392, -4.020, -2.532, -3.307, -3.424, -2.918
-2.941, -3.251, -3.942, -3.733, -5.838, -2.681, -3.410, -3.053, -3.254, -2.598
-3.893, -3.936, -2.800, -3.189, -5.576, -1.997, -3.729, -3.005, -3.250, -2.779
-3.190, -3.022, -2.770, -4.236, -1.309, -3.582, -2.857, -3.129, -3.309, -3.357
-3.046, -2.896, -3.487, -4.802, -1.886, -5.801, -3.623, -2.828, -3.058, -3.011
-3.371, -2.587, -3.186, -3.414, -1.590, -5.533, -3.533, -2.561, -3.674, -3.088
-3.323, -3.660, -2.393, -2.867, -2.736, -5.842, -3.825, -4.094, -2.497, -3.038
-3.189, -2.880, -3.200, -5.880, -2.817, -5.255, -2.478, -2.987, -2.665, -2.921
-2.198, -3.096, -3.908, -1.816, -4.588, -2.585, -2.929, -3.245, -3.886, -3.056
-2.547, -2.383, -3.219, -2.877, -6.638, -2.201, -2.171, -2.422, -3.181, -3.025
-2.819, -3.630, -3.029, -3.760, -5.316, -1.757, -2.996, -3.591, -3.042, -3.614
-3.210, -2.852, -4.399, -2.426, -4.470, -1.903, -4.197, -3.619, -3.625, -3.026
-3.326, -2.943, -3.943, -3.044, -5.176, -1.773, -3.076, -4.110, -3.580, -3.631
-3.079, -3.228, -3.263, -3.742, -1.612, -5.783, -3.628, -2.813, -2.885, -3.497
-4.295, -3.435, -3.396, -2.895, -2.678, -5.963, -2.454, -2.890, -2.919, -2.773
-3.016, -3.089, -3.214, -2.337, -4.716, -2.190, -3.229, -2.715, -2.960, -3.268
-3.139, -2.866, -2.689, -4.537, -1.884, -4.767, -2.855, -3.033, -3.150, -3.250
-3.364, -3.258, -2.578, -3.939, -2.416, -5.606, -2.786, -3.427, -3.864, -3.261
-2.748, -3.794, -3.644, -2.370, -2.344, -6.235, -3.768, -2.795, -3.170, -3.220
-3.620, -3.363, -4.769, -3.549, -1.590, -5.441, -3.054, -2.875, -3.289, -3.304
-3.125, -2.900, -3.611, -4.760, -1.024, -4.031, -3.153, -3.011, -3.136, -3.292
-2.719, -2.996, -2.898, -3.444, -2.154, -6.856, -3.185, -2.826, -2.751, -2.974
-2.959, -3.222, -2.745, -2.905, -6.192, -2.192, -3.015, -2.510, -2.975, -2.569
-2.845, -2.269, -3.041, -2.348, -1.283, -4.382, -2.902, -2.627, -2.786, -3.248
-2.395, -3.222, -3.412, -3.319, -1.321, -4.143, -2.900, -3.683, -2.857, -3.410
-3.229, -2.096, -3.244, -3.170, -0.956, -3.752, -3.157, -2.775, -3.119, -2.563
-3.189, -4.244, -3.117, -4.533, -4.738, -1.439, -2.994, -2.312, -2.883, -3.637
-3.354, -3.397, -3.400, -4.778, -1.677, -4.940, -4.106, -2.772, -3.268, -3.160
-3.613, -3.165, -2.286, -4.218, -2.103, -4.143, -2.854, -3.050, -3.705, -3.612
-3.011, -3.115, -3.206, -2.567, -6.451, -3.077, -2.953, -2.879, -3.670, -3.057
-3.185, -3.081, -2.376, -4.238, -1.644, -3.535, -2.749, -3.102, -3.112, -3.331
-3.790, -3.073, -2.634, -3.448, -2.655, -6.118, -2.969, -2.879, -3.798, -3.252
-3.355, -2.827, -3.107, -3.422, -3.336, -7.426, -3.250, -2.917, -3.401, -3.143
-3.720, -3.601, -2.287, -2.854, -8.810, -2.848, -4.185, -3.698, -2.730, -2.996
-3.604, -3.833, -2.942, -3.993, -1.441, -4.003, -2.954, -2.400, -4.077, -2.946
-3.974, -3.789, -3.030, -2.481, -5.778, -2.251, -3.337, -2.239, -2.577, -3.735
-2.897, -3.230, -3.352, -3.399, -2.489, -5.837, -3.072, -3.287, -2.878, -3.053
-3.187, -3.117, -2.937, -2.292, -5.499, -2.548, -3.566, -3.509, -3.062, -3.574
-3.262, -3.391, -3.149, -2.622, -1.977, -5.295, -3.329, -2.689, -3.605, -3.431
-3.479, -2.768, -3.228, -3.850, -0.721, -3.709, -3.684, -3.441, -3.102, -2.955
-2.770, -3.703, -3.168, -2.842, -6.569, -2.879, -2.970, -3.379, -3.310, -3.258
-3.190, -2.704, -3.442, -4.261, -1.058, -4.630, -3.312, -2.766, -3.445, -2.890
-2.986, -3.605, -2.764, -3.906, -2.452, -4.749, -2.893, -2.865, -3.222, -3.237
-2.884, -3.493, -3.006, -3.060, -6.438, -2.222, -2.437, -2.361, -3.462, -2.254
-3.045, -2.803, -3.473, -3.865, -1.510, -4.281, -2.805, -2.836, -3.330, -3.324
-3.422, -3.619, -3.317, -2.559, -2.210, -6.024, -3.090, -2.979, -3.347, -3.257
-2.921, -3.767, -3.699, -4.355, -1.315, -4.203, -3.154, -3.055, -2.732, -3.242
-3.022, -3.249, -3.841, -2.438, -4.960, -2.237, -2.494, -2.882, -2.654, -3.441
-3.156, -2.552, -3.157, -4.409, -0.859, -3.858, -2.880, -3.033, -3.178, -3.147
-3.501, -3.062, -3.116, -3.805, -2.792, -5.800, -3.338, -3.268, -3.797, -3.296
-3.211, -2.820, -2.908, -2.642, -7.137, -2.704, -3.701, -3.217, -3.207, -2.965
-2.637, -2.829, -3.306, -3.382, -0.744, -3.528, -3.304, -3.179, -2.773, -3.153
-3.057, -3.140, -3.470, -3.355, -7.329, -2.326, -3.230, -3.425, -2.954, -3.242
-3.446, -2.655, -2.967, -3.229, -1.254, -4.817, -3.941, -2.513, -3.754, -3.125
-3.002, -2.367, -3.715, -3.681, -4.235, -1.674, -3.449, -3.057, -3.408, -2.951
-2.727, -2.734, -3.237, -3.239, -6.998, -2.443, -3.081, -3.014, -2.868, -3.193
-3.503, -2.876, -3.527, -4.294, -0.716, -3.856, -3.528, -3.241, -3.583, -3.008
-2.750, -2.507, -2.797, -2.128, -5.697, -2.484, -2.815, -2.563, -2.990, -3.203
-2.415, -2.795, -2.897, -3.905, -5.475, -1.567, -3.584, -3.880, -2.339, -2.942
-3.603, -3.099, -3.601, -2.351, -5.454, -2.770, -3.431, -3.394, -3.500, -3.178
-2.935, -2.730, -3.140, -2.630, -4.182, -1.175, -3.975, -2.577, -3.253, -2.934
-2.701, -3.084, -3.214, -5.524, -2.003, -3.833, -2.918, -3.660, -2.967, -3.209
-3.016, -3.804, -2.907, -2.639, -14.400, -3.096, -2.971, -3.105, -3.124, -2.997
-3.079, -3.476, -3.032, -2.746, -8.837, -3.463, -3.014, -3.483, -3.117, -3.227
-3.382, -2.772, -3.196, -3.670, -0.819, -3.814, -3.659, -3.198, -3.082, -2.981
-3.349, -3.174, -2.289, -2.535, -7.590, -3.261, -3.613, -3.130, -3.208, -3.450
-3.478, -3.331, -2.748, -3.935, -8.596, -2.937, -3.384, -2.452, -2.689, -3.233
-3.353, -3.572, -3.088, -3.653, -8.692, -3.337, -3.036, -1.973, -3.091, -3.660
-3.300, -2.395, -3.094, -3.906, -1.080, -4.222, -3.155, -3.490, -2.986, -2.903
-2.834, -3.331, -3.513, -5.462, -0.980, -3.753, -3.298, -3.677, -3.158, -2.975
-3.408, -2.564, -3.201, -3.685, -1.981, -5.404, -3.609, -3.332, -2.876, -3.165
-3.587, -3.741, -3.241, -3.614, -7.716, -3.103, -2.899, -3.139, -3.557, -3.091
-3.088, -3.233, -3.011, -2.578, -6.390, -2.787, -2.861, -2.932, -3.134, -2.816
-3.006, -3.499, -3.090, -2.567, -7.203, -2.371, -3.121, -2.954, -3.212, -3.347
-3.028, -3.261, -3.153, -3.336, -2.529, -5.492, -3.111, -2.724, -3.331, -3.488
-3.068, -2.814, -3.229, -2.635, -1.829, -5.144, -3.245, -3.280, -3.140, -3.145
-2.609, -3.390, -3.526, -3.470, -1.437, -4.129, -2.839, -3.673, -3.005, -3.212
-3.332, -3.189, -3.401, -3.323, -5.705, -2.441, -3.239, -4.158, -3.134, -2.535
-3.630, -4.087, -3.424, -4.473, -1.371, -4.660, -3.840, -3.238, -3.759, -2.898
-3.085, -3.554, -2.632, -2.514, -9.530, -3.146, -3.003, -3.287, -3.191, -2.884
-3.409, -3.062, -2.847, -2.267, -8.160, -2.916, -3.462, -3.594, -3.725, -3.161
-3.034, -3.079, -3.773, -3.207, -6.180, -2.092, -3.218, -3.113, -2.900, -2.922
-2.972, -2.986, -2.802, -2.351, -4.300, -1.446, -3.400, -2.704, -2.710, -2.820
-2.799, -3.875, -3.585, -3.877, -5.411, -1.747, -3.288, -3.273, -2.740, -3.410
-3.278, -3.581, -2.850, -3.213, -5.584, -1.399, -2.997, -2.131, -2.684, -3.260
-2.877, -2.964, -3.033, -3.267, -8.965, -3.077, -3.192, -3.239, -3.044, -3.454
-3.324, -3.256, -3.031, -2.822, -5.686, -1.698, -3.151, -3.288, -3.053, -3.246
-2.956, -2.528, -2.824, -4.084, -1.710, -4.726, -3.137, -2.843, -3.063, -3.197
-3.495, -3.046, -2.991, -3.490, -5.905, -2.580, -4.335, -2.784, -3.146, -2.817
-3.300, -2.637, -2.369, -4.408, -1.863, -4.377, -3.389, -3.282, -3.014, -3.215
-2.701, -3.024, -3.621, -3.496, -0.983, -3.511, -2.912, -3.973, -2.387, -3.684
-2.694, -2.738, -3.553, -2.750, -5.195, -2.026, -2.104, -2.822, -3.594, -3.102
-2.722, -2.921, -3.069, -3.255, -5.219, -2.115, -3.363, -2.477, -3.778, -3.185
-3.175, -3.355, -3.186, -2.611, -7.420, -3.080, -3.346, -3.541, -3.506, -3.279
-2.730, -3.613, -2.852, -3.045, -9.431, -2.813, -2.987, -2.976, -2.957, -3.004
-3.131, -3.373, -2.972, -2.292, -7.186, -1.892, -3.153, -2.926, -3.152, -3.349
-2.730, -3.535, -3.217, -3.123, -1.854, -4.126, -2.179, -3.780, -2.623, -3.849
-3.119, -2.658, -3.531, -3.806, -0.824, -3.909, -3.345, -3.338, -3.067, -3.274
-3.858, -3.121, -2.528, -2.041, -6.328, -2.001, -4.041, -2.883, -2.623, -3.185
-3.374, -3.311, -2.537, -2.664, -4.285, -1.374, -2.644, -3.935, -3.700, -3.265
-2.555, -3.865, -3.061, -4.172, -2.047, -4.388, -3.205, -3.000, -2.742, -3.550
-2.934, -3.303, -2.816, -2.516, -5.918, -2.514, -2.777, -2.545, -3.392, -3.015
-3.383, -3.273, -3.308, -3.359, -2.737, -6.127, -3.038, -2.570, -2.667, -2.506
-2.746, -2.212, -2.527, -1.636, -5.196, -2.325, -2.736, -2.678, -3.059, -3.147
-2.628, -3.308, -3.303, -3.600, -1.352, -4.289, -2.956, -3.653, -3.160, -3.234
-3.032, -2.788, -2.630, -2.425, -11.164, -3.233, -2.972, -2.579, -2.874, -2.901
-2.928, -3.000, -3.670, -4.070, -1.341, -4.667, -2.808, -3.017, -3.266, -2.939
-3.034, -2.726, -3.173, -3.250, -3.760, -0.952, -3.292, -4.200, -3.388, -3.245
-3.056, -3.358, -3.102, -2.730, -7.636, -2.676, -3.322, -3.552, -3.339, -3.592
-2.104, -1.908, -3.557, -3.932, -0.762, -4.118, -3.129, -2.766, -2.343, -3.064
-3.323, -2.963, -3.255, -5.179, -1.403, -3.789, -3.141, -3.644, -3.035, -3.064
-3.248, -3.326, -3.109, -3.267, -1.442, -4.743, -2.936, -3.585, -3.028, -3.524
-3.274, -2.776, -3.518, -3.252, -1.655, -4.324, -2.949, -3.627, -2.406, -4.302
-3.202, -3.094, -3.428, -2.575, -1.780, -5.619, -2.996, -2.608, -3.427, -3.214
-3.456, -2.899, -3.589, -2.061, -5.790, -2.593, -3.322, -2.993, -3.403, -3.372
-2.916, -2.665, -2.917, -3.564, -4.126, -0.965, -3.628, -3.981, -2.847, -3.584
-3.461, -3.025, -3.341, -3.338, -0.803, -3.634, -3.341, -4.384, -3.398, -3.093
-3.406, -2.946, -3.128, -3.702, -5.086, -1.709, -2.840, -3.000, -2.924, -3.102
-3.547, -2.817, -3.187, -3.855, -2.830, -6.074, -2.803, -3.023, -3.403, -3.060
-2.971, -3.734, -3.642, -3.814, -4.810, -1.414, -2.526, -2.876, -3.285, -3.287
-3.286, -3.451, -2.791, -3.787, -2.421, -5.311, -3.045, -3.269, -3.451, -3.942
-2.637, -3.794, -2.778, -4.121, -5.477, -2.012, -4.695, -2.890, -3.320, -2.727
-3.520, -3.729, -2.735, -2.848, -5.417, -1.669, -3.614, -2.929, -2.556, -3.227
-3.237, -3.958, -3.042, -2.438, -4.462, -1.799, -2.990, -3.482, -3.300, -3.174
-3.155, -3.337, -2.632, -3.318, -7.755, -3.185, -3.807, -3.056, -3.706, -2.744
-3.270, -3.885, -3.726, -3.731, -2.508, -5.776, -2.637, -3.302, -3.545, -2.904
-3.258, -3.588, -2.848, -2.910, -5.274, -2.195, -3.576, -3.208, -3.000, -3.309
-3.081, -3.657, -3.027, -2.979, -6.169, -1.801, -2.851, -2.915, -3.358, -3.143
-3.093, -3.573, -2.812, -2.408, -16.333, -3.348, -2.893, -3.059, -3.270, -2.991
-3.213, -3.342, -3.872, -2.915, -4.100, -1.838, -3.396, -3.930, -3.377, -3.243
-3.305, -2.986, -3.491, -2.544, -2.292, -6.457, -2.159, -3.146, -2.831, -3.240
-3.035, -3.108, -2.963, -3.164, -9.374, -3.508, -3.058, -3.521, -3.037, -3.173
-3.093, -3.006, -3.533, -4.934, -0.812, -3.616, -3.569, -3.850, -2.684, -3.095
-3.146, -3.095, -2.767, -4.437, -2.080, -4.216, -3.094, -3.207, -3.202, -3.185
-3.441, -3.830, -3.102, -4.092, -8.106, -2.858, -2.899, -2.560, -3.205, -3.502
-2.943, -3.320, -2.606, -3.397, -5.675, -1.922, -3.210, -3.037, -2.903, -3.519
-3.709, -2.758, -3.060, -2.700, -2.418, -5.520, -2.900, -3.754, -3.398, -3.697
-3.427, -3.219, -2.469, -4.602, -1.875, -4.138, -2.811, -3.605, -3.519, -3.181
-3.499, -2.800, -3.318, -4.622, -1.188, -3.579, -3.215, -3.707, -3.018, -3.163
-3.294, -3.790, -3.581, -3.002, -2.423, -6.292, -2.677, -3.622, -3.572, -3.611
-3.140, -3.797, -3.586, -4.129, -1.167, -4.206, -3.495, -3.545, -3.189, -2.955
-2.877, -2.816, -3.584, -4.272, -1.244, -4.038, -3.088, -3.364, -2.604, -3.090
-3.511, -2.875, -3.867, -2.667, -4.808, -1.951, -3.331, -3.696, -3.293, -3.027
-3.315, -3.592, -3.416, -2.446, -2.532, -6.474, -2.898, -2.313, -3.392, -2.985
-2.647, -3.255, -2.519, -2.282, -6.649, -1.994, -2.785, -3.267, -3.177, -3.127
-3.216, -3.228, -3.912, -4.261, -1.591, -5.642, -3.375, -3.042, -3.329, -3.029
-3.080, -2.641, -2.842, -4.378, -2.170, -4.583, -3.178, -3.608, -3.286, -3.259
-3.330, -3.517, -3.157, -4.417, -1.415, -4.922, -3.384, -3.421, -3.350, -3.078
-3.001, -2.815, -2.668, -5.006, -1.151, -4.071, -2.904, -3.327, -2.983, -3.165
-2.943, -2.584, -3.497, -2.989, -0.894, -4.042, -3.569, -3.050, -3.066, -2.976
-2.760, -2.592, -3.377, -3.401, -2.073, -6.315, -3.082, -3.136, -3.274, -3.192
-3.265, -2.815, -2.690, -2.665, -2.316, -6.061, -3.239, -2.501, -3.668, -2.754
-3.340, -2.964, -2.945, -4.124, -2.220, -5.766, -2.610, -3.445, -3.319, -2.934
-2.867, -2.542, -3.555, -3.946, -1.240, -4.814, -3.466, -2.757, -3.182, -2.980
-3.028, -2.816, -2.332, -4.211, -1.526, -3.978, -3.887, -3.633, -3.166, -2.836
-2.839, -3.064, -3.292, -3.045, -1.731, -4.677, -3.074, -3.417, -2.869, -2.973
-3.782, -3.155, -2.826, -4.454, -1.666, -3.937, -3.550, -3.073, -2.802, -3.336
-3.258, -4.635, -2.684, -3.905, -3.170, -5.666, -2.758, -3.272, -2.798, -3.406
-3.233, -2.942, -3.165, -3.579, -2.290, -5.004, -3.013, -3.440, -2.865, -2.946
-3.050, -3.892, -3.728, -3.341, -1.748, -4.627, -2.256, -3.996, -3.154, -4.012
-3.083, -3.596, -2.919, -3.013, -5.994, -2.216, -3.150, -2.994, -3.111, -3.161
-2.899, -3.237, -3.276, -4.492, -2.289, -4.965, -3.236, -3.206, -2.263, -2.922
-3.708, -2.908, -2.778, -3.368, -2.383, -6.263, -2.772, -3.087, -3.688, -3.163
-3.345, -2.842, -3.762, -4.500, -1.721, -5.290, -3.442, -3.561, -3.215, -3.786
-3.632, -3.311, -3.672, -3.631, -2.542, -5.543, -2.912, -3.399, -2.894, -2.924
-3.197, -2.641, -3.148, -2.334, -7.967, -2.948, -3.163, -2.596, -3.179, -2.862
-3.485, -3.156, -3.228, -4.115, -1.628, -5.105, -3.360, -4.310, -3.176, -3.032
-3.233, -2.450, -3.487, -4.015, -1.495, -5.301, -3.571, -3.326, -2.739, -3.721
-2.625, -3.561, -3.358, -2.985, -4.642, -1.751, -2.502, -2.506, -4.153, -2.929
-3.137, -2.563, -3.105, -4.317, -2.343, -4.940, -2.992, -3.109, -3.200, -3.276
-2.793, -3.389, -3.448, -3.194, -7.413, -2.450, -3.056, -3.413, -3.034, -3.622
-3.469, -3.218, -3.172, -3.552, -1.767, -6.070, -3.220, -2.864, -3.414, -2.918
-2.574, -4.169, -3.728, -4.807, -1.679, -4.470, -3.539, -2.947, -2.710, -3.313
-3.272, -3.078, -3.065, -2.614, -9.446, -3.718, -3.060, -3.408, -3.323, -3.276
-3.292, -3.528, -2.707, -3.190, -7.032, -2.795, -3.583, -2.786, -3.621, -2.742
-3.233, -3.554, -2.281, -2.944, -6.725, -2.840, -4.700, -3.368, -3.283, -3.159
-3.446, -3.015, -3.027, -4.358, -1.162, -4.728, -3.357, -3.712, -2.831, -3.165
-2.506, -3.404, -3.355, -3.464, -1.530, -4.270, -3.049, -4.038, -3.141, -3.353
-2.749, -2.851, -4.507, -3.488, -5.207, -2.477, -3.597, -3.179, -3.704, -3.015
-2.842, -2.903, -3.005, -2.890, -4.839, -1.964, -2.962, -2.733, -2.729, -2.751
-3.573, -2.734, -2.712, -2.946, -7.586, -2.840, -3.459, -3.763, -3.137, -3.497
-3.457, -3.122, -3.209, -3.978, -3.890, -0.661, -3.403, -2.350, -2.805, -3.191
-3.366, -3.014, -3.627, -3.480, -2.006, -5.381, -2.569, -4.183, -3.105, -3.786
-2.836, -2.237, -3.485, -3.878, -0.575, -3.241, -3.251, -3.142, -2.642, -3.389
-3.507, -3.187, -3.299, -3.971, -2.119, -5.423, -2.511, -2.842, -3.133, -3.757
-3.530, -2.469, -2.306, -2.989, -1.290, -3.582, -2.562, -3.472, -3.606, -3.160
-3.153, -3.669, -3.268, -3.547, -2.633, -5.370, -3.091, -3.562, -2.811, -3.605
-3.626, -2.911, -3.067, -3.532, -1.233, -4.037, -3.158, -3.069, -3.337, -3.202
-3.135, -2.847, -2.913, -2.248, -5.219, -2.556, -3.339, -2.986, -3.351, -2.774
-4.192, -3.386, -3.794, -2.220, -4.407, -1.772, -2.039, -3.391, -2.420, -3.235
-2.878, -3.149, -2.731, -2.472, -10.947, -3.309, -2.903, -3.105, -3.050, -3.252
-3.209, -3.144, -3.435, -3.415, -1.698, -4.790, -2.636, -2.629, -3.462, -2.875
-2.731, -3.206, -3.615, -3.161, -5.346, -2.093, -3.549, -3.794, -2.678, -3.501
-3.292, -2.713, -3.486, -2.043, -4.136, -2.225, -3.138, -2.510, -2.760, -2.740
-3.044, -2.436, -3.339, -3.694, -1.116, -4.567, -3.014, -3.381, -3.224, -3.038
-3.139, -3.115, -2.378, -4.151, -1.552, -3.564, -2.832, -3.131, -3.140, -3.162
-3.160, -2.778, -3.869, -3.059, -2.453, -5.621, -2.067, -3.818, -3.271, -3.360
-3.159, -2.902, -2.986, -2.482, -8.461, -3.579, -3.446, -2.850, -3.708, -3.263
-3.109, -2.931, -3.496, -3.939, -1.157, -3.905, -3.346, -2.611, -3.396, -3.086
-3.072, -2.974, -3.007, -2.207, -6.368, -2.744, -2.858, -3.224, -3.352, -2.736
-3.087, -3.155, -3.564, -2.429, -5.502, -2.006, -2.520, -2.914, -3.301, -3.976
-3.196, -3.186, -2.827, -4.462, -2.161, -4.898, -2.838, -3.012, -2.874, -2.795
-3.707, -3.226, -2.609, -2.506, -4.764, -1.628, -3.244, -3.070, -3.097, -2.621
-2.371, -2.988, -3.450, -3.055, -6.233, -2.854, -2.611, -3.197, -4.409, -2.391
-2.749, -3.763, -3.540, -3.651, -7.215, -2.899, -3.138, -2.349, -3.172, -3.491
-3.506, -2.671, -3.655, -3.223, -6.061, -2.450, -3.240, -3.441, -3.476, -3.252
-3.326, -3.117, -2.717, -3.023, -8.241, -3.177, -3.269, -2.949, -3.307, -2.920
-3.114, -2.873, -3.390, -3.560, -1.228, -4.277, -3.271, -2.320, -3.326, -3.089
-3.006, -2.698, -3.267, -3.019, -6.408, -2.580, -2.679, -2.972, -3.077, -2.845
-2.972, -2.790, -2.928, -2.325, -0.964, -3.825, -3.085, -3.562, -2.748, -3.900
-2.927, -2.481, -3.585, -3.940, -1.084, -4.805, -3.306, -3.399, -3.134, -3.163
-2.714, -3.732, -3.293, -4.158, -2.722, -6.215, -3.018, -2.624, -2.701, -3.053
-2.817, -3.210, -2.951, -3.381, -10.401, -3.999, -3.126, -2.612, -3.147, -3.219
-2.772, -2.850, -2.903, -3.020, -5.714, -2.393, -3.661, -3.156, -3.280, -2.799
-2.702, -2.551, -3.575, -4.995, -1.214, -3.694, -3.110, -3.448, -2.643, -2.955
-2.907, -3.419, -4.087, -2.988, -5.391, -2.321, -2.287, -2.340, -4.220, -2.892
-2.997, -3.082, -3.382, -2.731, -4.950, -1.803, -3.460, -3.857, -2.942, -3.132
-3.117, -2.688, -3.474, -4.944, -0.775, -3.295, -3.529, -3.430, -3.129, -3.301
-3.104, -2.500, -3.438, -2.970, -1.223, -4.186, -2.755, -2.655, -3.690, -3.225
-3.280, -3.041, -2.698, -2.298, -5.959, -2.080, -3.337, -3.569, -3.486, -3.120
-3.535, -2.948, -2.854, -3.869, -7.262, -2.176, -3.474, -4.014, -2.808, -3.054
-3.986, -3.240, -3.025, -2.844, -2.253, -5.832, -2.713, -2.443, -3.730, -3.564
-2.980, -2.956, -3.826, -4.552, -2.253, -5.365, -3.145, -3.453, -2.981, -3.479
-3.244, -3.609, -3.131, -3.059, -2.886, -0.813, -3.152, -3.917, -2.888, -2.802
-2.947, -3.262, -4.132, -2.364, -5.161, -2.041, -2.604, -2.898, -3.249, -3.786
-2.479, -4.397, -3.282, -3.935, -4.162, -1.319, -2.754, -2.491, -3.252, -2.422
-3.508, -2.941, -3.282, -4.492, -1.735, -4.835, -3.501, -3.817, -3.216, -3.081
-3.226, -3.257, -4.478, -2.399, -6.013, -3.067, -3.648, -3.210, -3.217, -3.177
-2.874, -3.216, -3.442, -2.288, -4.994, -1.884, -2.908, -3.110, -3.254, -2.950
-2.766, -2.202, -3.222, -4.103, -0.568, -3.587, -3.769, -2.989, -2.427, -3.046
-3.799, -2.952, -3.266, -2.902, -4.967, -1.602, -3.235, -3.091, -2.582, -3.224
-3.025, -3.068, -2.811, -3.770, -3.026, -6.290, -3.423, -3.194, -3.180, -2.839
-2.974, -3.739, -2.619, -4.121, -1.896, -4.913, -3.215, -3.089, -3.035, -3.210
-3.519, -2.667, -3.329, -2.009, -4.288, -1.533, -2.783, -3.898, -3.712, -3.083
-3.465, -3.484, -3.365, -3.893, -2.014, -5.540, -3.515, -3.330, -3.587, -3.208
-2.382, -2.654, -3.248, -2.930, -6.989, -2.423, -2.267, -2.887, -2.804, -3.348
-2.814, -3.086, -3.548, -2.852, -0.967, -4.175, -2.875, -3.662, -3.373, -3.773
-3.082, -3.429, -2.639, -2.242, -9.953, -2.653, -2.822, -2.999, -3.337, -3.387
-3.159, -2.570, -2.743, -4.525, -1.211, -4.529, -3.101, -3.257, -2.707, -3.549
-2.457, -2.548, -2.968, -4.400, -1.528, -4.058, -2.320, -3.130, -3.041, -3.054
-2.975, -3.208, -3.433, -3.679, -6.327, -2.714, -3.670, -3.587, -3.274, -2.862
-3.095, -3.006, -3.460, -3.132, -7.586, -3.178, -3.534, -2.586, -3.105, -3.260
-3.465, -3.393, -3.351, -3.388, -7.409, -3.476, -3.998, -3.405, -3.684, -2.718
-2.490, -2.449, -3.104, -3.193, -2.196, -4.812, -2.363, -3.282, -3.543, -3.197
-3.268, -3.108, -2.847, -2.700, -6.720, -2.668, -3.657, -3.261, -3.158, -3.372
-3.387, -3.347, -3.603, -3.341, -1.116, -4.572, -2.990, -3.559, -3.896, -3.192
-2.902, -2.767, -2.521, -2.524, -2.247, -5.006, -3.128, -3.816, -2.487, -3.586
-3.174, -2.775, -3.481, -4.170, -1.457, -5.512, -3.163, -3.288, -3.237, -3.661
-4.153, -3.278, -4.827, -2.163, -5.319, -3.114, -3.524, -3.550, -2.603, -2.525
-3.181, -2.432, -2.966, -3.179, -0.896, -3.631, -3.657, -2.936, -2.800, -3.055
-3.809, -2.908, -3.116, -2.988, -1.847, -5.268, -3.718, -2.654, -3.685, -2.714
-3.531, -3.140, -3.394, -3.289, -1.679, -6.786, -3.329, -3.422, -3.210, -2.879
-3.046, -3.662, -2.845, -2.059, -2.758, -5.918, -2.733, -2.943, -2.790, -2.895
-2.715, -2.946, -3.184, -2.201, -7.087, -2.815, -3.101, -3.027, -2.595, -2.985
-3.170, -2.642, -2.861, -4.005, -1.129, -4.416, -3.005, -3.043, -3.355, -3.020
-3.500, -3.186, -3.261, -5.222, -1.021, -4.995, -3.304, -3.050, -3.281, -3.305
-3.209, -3.201, -3.285, -2.793, -8.676, -3.315, -2.670, -3.461, -3.355, -3.704
-3.500, -3.433, -3.783, -4.162, -6.950, -2.750, -3.803, -2.601, -3.696, -3.180
-3.413, -2.624, -2.442, -4.318, -1.946, -5.106, -3.216, -3.363, -3.362, -2.598
-3.335, -3.239, -3.333, -4.269, -1.127, -3.954, -3.208, -4.056, -3.651, -2.711
-3.034, -3.382, -3.157, -3.066, -1.436, -4.505, -3.290, -3.446, -2.642, -3.230
-3.004, -2.698, -2.766, -2.594, -5.266, -1.539, -2.934, -1.887, -3.041, -3.296
-4.287, -3.377, -3.328, -3.018, -4.322, -1.167, -2.450, -2.798, -2.807, -3.938
-2.399, -2.973, -3.180, -4.224, -2.121, -4.841, -3.517, -2.755, -3.172, -3.477
-3.739, -2.805, -2.737, -2.360, -5.529, -1.648, -2.918, -3.411, -3.347, -3.202
-2.463, -2.581, -3.020, -2.544, -1.226, -4.194, -3.268, -2.658, -3.168, -2.871
-3.342, -3.035, -3.573, -5.090, -0.926, -3.899, -2.885, -4.079, -3.193, -3.159
-3.234, -3.985, -3.081, -2.954, -9.636, -2.879, -3.111, -3.086, -3.653, -3.105
-3.025, -3.090, -3.039, -3.871, -1.969, -6.219, -3.653, -2.341, -3.182, -3.002
-3.351, -3.568, -3.197, -3.438, -2.200, -5.005, -2.546, -3.669, -3.185, -3.695
-3.709, -3.220, -2.582, -2.305, -4.253, -1.756, -3.319, -2.570, -2.935, -2.686
-3.449, -3.222, -2.506, -2.549, -9.096, -3.232, -3.311, -3.144, -2.637, -3.528
-3.133, -3.517, -2.978, -2.912, -3.872, -0.995, -3.934, -3.571, -2.883, -2.919
-2.755, -2.398, -2.852, -3.245, -1.731, -4.188, -3.114, -3.534, -2.932, -2.986
-2.912, -2.982, -2.776, -4.119, -1.394, -3.456, -2.900, -3.352, -3.151, -2.653
-3.413, -3.477, -3.636, -5.045, -1.050, -3.204, -2.818, -3.746, -3.344, -3.707
-4.026, -2.863, -2.610, -2.961, -2.095, -5.448, -3.553, -3.102, -3.279, -3.404
-2.872, -3.205, -2.476, -4.857, -5.626, -1.416, -3.005, -2.675, -2.576, -3.817
-3.356, -3.476, -3.215, -3.988, -2.300, -5.149, -2.619, -2.917, -2.986, -2.915
-2.892, -2.867, -3.699, -4.445, -1.372, -4.758, -3.019, -3.621, -3.480, -3.543
-2.905, -3.908, -3.117, -3.430, -2.855, -5.707, -2.831, -2.895, -3.571, -3.492
-3.193, -2.825, -3.625, -4.528, -0.849, -3.661, -3.133, -2.912, -3.144, -3.332
-2.767, -3.508, -3.252, -4.158, -2.144, -5.784, -2.895, -3.257, -2.891, -3.368
-3.635, -3.075, -3.651, -2.794, -1.596, -5.732, -2.647, -3.259, -3.293, -3.386
-3.255, -3.571, -2.885, -3.226, -14.787, -3.998, -2.978, -3.076, -2.757, -3.230
-2.694, -3.034, -2.598, -3.237, -2.101, -6.125, -4.994, -3.454, -3.714, -2.571
-3.300, -3.127, -3.370, -2.815, -8.982, -3.571, -3.289, -2.609, -2.977, -3.313
-3.106, -3.699, -3.955, -2.821, -6.433, -2.528, -3.346, -2.472, -2.909, -2.857
-2.825, -2.910, -3.607, -3.170, -5.714, -2.341, -3.150, -2.245, -2.713, -3.438
-3.154, -4.007, -3.144, -2.930, -2.213, -5.314, -2.497, -3.222, -3.576, -3.566
-3.255, -3.423, -2.605, -3.272, -2.646, -8.804, -3.312, -2.428, -3.795, -3.227
-3.337, -3.013, -3.417, -3.499, -2.324, -5.972, -2.999, -2.683, -3.184, -3.077
-3.657, -2.727, -3.262, -2.727, -1.830, -5.230, -3.715, -3.643, -3.751, -3.588
-3.121, -3.382, -3.042, -3.130, -1.465, -4.581, -3.774, -2.962, -3.547, -3.107
-3.468, -3.113, -2.827, -3.998, -2.150, -5.549, -2.852, -2.833, -3.332, -3.302
-2.681, -3.345, -3.459, -3.079, -1.963, -5.648, -3.796, -2.830, -3.457, -3.501
-3.360, -3.918, -2.993, -2.200, -4.697, -0.348, -2.413, -3.134, -3.340, -3.443
-2.353, -3.540, -3.418, -3.387, -1.874, -4.359, -2.781, -3.667, -2.828, -3.479
-2.944, -3.231, -3.065, -2.930, -4.736, -2.053, -2.945, -2.338, -3.375, -3.059
-3.530, -3.764, -3.502, -3.201, -1.551, -5.309, -3.668, -3.009, -3.929, -2.901
-3.262, -2.985, -3.260, -3.621, -2.265, -5.268, -3.377, -2.915, -3.495, -3.423
-3.240, -2.592, -3.074, -2.810, -4.311, -1.660, -2.870, -3.377, -2.988, -3.488
-2.761, -4.024, -3.343, -3.126, -3.778, -1.065, -2.798, -2.623, -2.744, -2.985
-3.004, -2.906, -3.420, -3.978, -1.240, -4.061, -3.133, -2.931, -3.324, -2.884
-3.521, -3.212, -3.024, -3.359, -5.738, -1.705, -3.403, -2.847, -3.242, -3.048
-3.166, -3.063, -2.703, -2.560, -7.303, -2.527, -3.044, -2.520, -3.251, -3.289
-3.410, -3.353, -2.746, -2.986, -1.940, -6.356, -3.250, -3.629, -3.329, -2.819
-3.320, -3.208, -3.624, -5.090, -1.326, -4.519, -3.277, -3.773, -3.193, -3.455
-3.186, -3.636, -3.149, -2.672, -6.141, -2.248, -2.908, -3.296, -3.560, -3.187
-3.240, -3.018, -3.094, -4.479, -1.866, -4.672, -3.215, -3.014, -3.188, -3.158
-2.520, -3.530, -3.125, -2.167, -5.957, -2.211, -2.655, -3.232, -3.499, -3.360
-3.082, -2.706, -3.489, -3.971, -1.206, -4.782, -3.113, -3.180, -3.082, -3.554
-3.017, -3.509, -4.234, -2.990, -6.949, -2.857, -2.975, -3.170, -3.565, -2.988
-2.614, -3.424, -3.320, -4.254, -1.655, -4.344, -3.635, -2.817, -3.060, -3.261
-3.284, -3.108, -3.464, -3.604, -2.113, -4.945, -3.085, -3.064, -2.422, -2.818
-3.369, -2.969, -3.506, -3.713, -2.220, -5.904, -3.715, -3.006, -3.331, -3.098
-3.492, -2.984, -2.895, -3.090, -9.101, -3.756, -3.027, -3.601, -3.068, -3.160
-3.746, -3.260, -3.330, -3.259, -1.142, -4.118, -3.797, -3.617, -2.953, -2.929
-2.924, -2.730, -3.329, -3.812, -5.855, -2.026, -2.746, -3.053, -2.875, -3.543
-3.225, -2.757, -2.689, -3.183, -2.010, -4.834, -3.188, -2.990, -3.055, -3.088
-3.276, -2.966, -3.140, -4.036, -1.775, -5.304, -3.490, -3.169, -3.536, -3.040
-3.093, -2.992, -3.652, -3.136, -2.421, -6.186, -2.400, -2.929, -3.747, -4.047
-3.685, -3.097, -3.454, -3.452, -4.688, -1.486, -2.562, -2.901, -2.783, -3.185
-3.398, -2.693, -2.954, -4.013, -2.867, -5.296, -2.865, -3.213, -3.139, -2.944
-3.659, -2.731, -4.463, -2.870, -3.620, -1.363, -3.666, -2.737, -3.488, -3.479
-2.839, -2.841, -3.684, -4.219, -1.041, -3.639, -3.605, -3.295, -2.818, -3.099
-3.770, -2.739, -2.830, -2.533, -7.618, -3.020, -3.447, -2.929, -2.761, -3.144
-2.148, -3.505, -2.856, -3.941, -5.866, -1.988, -3.697, -3.574, -3.074, -2.933
-2.826, -3.523, -2.581, -2.596, -4.335, -0.835, -2.899, -3.062, -3.016, -2.795
-3.531, -3.388, -3.432, -3.394, -6.754, -2.587, -2.294, -2.490, -3.448, -3.231
-3.105, -3.069, -3.186, -3.028, -6.270, -2.317, -2.477, -3.331, -2.852, -3.471
-3.275, -3.023, -3.026, -3.019, -10.191, -3.655, -2.358, -2.927, -3.401, -3.908
-3.515, -2.677, -3.786, -3.329, -7.708, -3.417, -3.223, -3.424, -4.101, -2.893
-3.013, -2.945, -3.099, -4.479, -1.069, -3.335, -3.254, -3.477, -2.935, -3.180
-3.016, -2.689, -2.690, -2.302, -6.930, -2.675, -3.541, -3.095, -3.184, -2.158
-3.452, -2.157, -2.766, -2.879, -6.681, -2.423, -3.630, -2.513, -3.601, -2.766
-3.183, -3.240, -3.992, -2.808, -5.466, -2.435, -2.800, -3.417, -3.042, -2.733
-3.017, -3.116, -3.202, -5.121, -1.852, -4.807, -3.442, -3.775, -3.059, -3.117
-3.070, -3.291, -3.755, -2.846, -6.394, -3.127, -3.674, -3.069, -3.121, -2.981
-2.894, -2.801, -4.253, -2.075, -5.212, -2.136, -3.003, -2.801, -2.934, -2.753
-3.329, -3.495, -3.349, -3.851, -1.250, -4.089, -3.439, -2.674, -3.473, -3.442
-3.367, -2.962, -3.292, -3.103, -1.489, -5.033, -3.415, -3.220, -3.864, -3.026
-2.713, -3.631, -3.887, -4.012, -5.871, -2.156, -2.064, -2.820, -3.586, -2.867
-3.426, -2.978, -3.492, -2.703, -1.661, -5.806, -2.964, -2.490, -3.132, -3.278
-3.070, -3.401, -3.282, -2.718, -2.788, -6.366, -2.757, -3.279, -2.976, -3.444
-2.998, -2.971, -2.721, -2.024, -4.533, -1.992, -3.310, -2.910, -3.275, -3.136
-2.482, -2.634, -3.049, -3.009, -1.722, -4.756, -4.091, -2.629, -3.132, -3.067
-3.027, -3.618, -2.892, -2.929, -2.325, -6.017, -3.495, -2.535, -3.242, -3.262
-3.064, -2.909, -3.250, -3.130, -1.616, -4.244, -2.245, -3.615, -3.920, -3.288
-3.136, -3.752, -3.284, -3.633, -2.437, -5.376, -3.107, -3.387, -2.777, -2.849
-3.103, -2.758, -6.319, -2.452, -4.160, -2.191, -3.206, -2.688, -3.121, -3.410
-3.296, -3.157, -3.383, -3.718, -1.524, -5.231, -3.006, -3.210, -3.376, -3.259
-2.254, -2.911, -3.260, -3.811, -8.951, -3.238, -2.423, -2.589, -3.255, -3.349
-3.847, -3.895, -3.462, -3.085, -2.449, -5.473, -2.534, -3.192, -2.862, -3.016
-3.075, -2.900, -3.095, -3.805, -6.153, -2.311, -3.372, -2.664, -3.606, -3.508
-3.338, -2.868, -3.230, -3.177, -1.239, -4.322, -3.408, -2.672, -3.467, -3.100
-2.087, -3.185, -3.085, -3.051, -1.006, -3.501, -3.046, -3.348, -2.816, -2.739
-3.042, -2.761, -2.954, -2.520, -7.069, -2.150, -3.353, -3.082, -2.694, -2.825
-2.685, -3.800, -3.367, -3.407, -2.140, -6.197, -2.865, -2.738, -3.192, -3.859
-2.560, -2.865, -3.143, -3.822, -0.839, -3.525, -3.638, -3.105, -3.442, -3.065
-3.056, -2.713, -3.169, -3.037, -2.063, -5.930, -3.245, -2.803, -3.268, -3.211
-3.197, -3.250, -2.888, -2.586, -9.913, -3.691, -2.700, -3.136, -3.472, -3.015
-3.331, -3.712, -2.900, -3.064, -7.106, -2.467, -3.343, -2.540, -3.293, -2.628
-3.503, -2.815, -3.379, -3.811, -0.891, -4.198, -3.485, -3.733, -2.912, -3.003
-2.930, -3.677, -3.092, -2.685, -5.943, -2.190, -2.756, -3.297, -2.777, -3.610
-3.046, -3.067, -3.275, -2.891, -7.060, -2.758, -2.939, -3.012, -3.165, -3.201
-3.079, -3.269, -3.128, -2.814, -8.528, -2.985, -2.945, -3.068, -2.816, -3.146
-2.815, -2.843, -2.557, -2.118, -7.026, -2.681, -3.269, -2.381, -3.007, -3.235
-2.871, -4.248, -2.526, -2.856, -2.944, -6.630, -3.474, -2.673, -2.620, -2.789
-2.582, -3.539, -3.301, -3.557, -7.445, -2.796, -2.228, -2.970, -3.707, -3.133
-3.168, -3.375, -3.207, -2.764, -8.527, -3.457, -3.116, -3.369, -3.398, -3.272
-3.631, -2.708, -3.192, -3.004, -1.185, -5.284, -3.093, -3.388, -3.590, -2.969
-3.328, -3.162, -4.129, -3.276, -6.421, -3.148, -3.291, -3.195, -3.158, -3.127
-3.165, -3.665, -4.095, -3.255, -5.474, -2.663, -3.856, -3.442, -3.045, -3.040
-3.173, -2.271, -3.210, -2.274, -4.633, -1.876, -2.869, -4.549, -3.712, -3.255
-3.084, -3.200, -2.720, -2.192, -5.482, -1.443, -3.146, -2.904, -3.529, -2.765
-3.290, -2.890, -3.115, -2.875, -4.584, -1.919, -3.555, -3.706, -3.103, -2.887
-3.017, -3.601, -3.525, -5.495, -1.297, -4.476, -3.581, -4.700, -3.056, -2.696
-2.964, -2.694, -2.723, -4.450, -1.923, -4.186, -3.340, -3.911, -3.049, -3.362
-3.192, -3.177, -3.289, -2.892, -4.083, -1.758, -3.262, -2.591, -3.851, -3.230
-3.182, -3.322, -3.141, -3.160, -2.120, -5.242, -3.639, -3.030, -3.277, -2.957
-2.928, -3.033, -3.156, -3.600, -4.035, -1.571, -3.904, -3.145, -3.408, -2.888
-3.093, -3.182, -3.330, -3.611, -1.202, -4.586, -3.423, -3.966, -3.452, -3.116
-3.504, -3.647, -3.944, -3.775, -6.907, -2.735, -1.850, -2.901, -3.207, -4.203
-3.000, -3.737, -3.210, -3.309, -2.057, -4.925, -3.281, -2.656, -3.182, -3.296
-3.065, -3.270, -3.905, -3.875, -1.272, -4.062, -2.302, -3.109, -2.220, -3.543
-2.752, -3.293, -3.048, -2.540, -2.320, -5.625, -2.994, -2.713, -3.347, -3.408
-3.236, -3.365, -2.812, -3.213, -2.581, -5.509, -3.494, -2.917, -3.124, -3.205
-3.023, -2.984, -2.920, -3.263, -1.027, -3.844, -4.086, -4.709, -3.366, -2.224
-3.312, -2.694, -2.769, -4.321, -1.875, -4.713, -3.492, -3.075, -2.924, -3.161
-2.657, -2.896, -3.747, -3.254, -5.088, -1.467, -3.568, -4.474, -3.107, -3.164
-3.173, -3.188, -2.944, -3.571, -9.845, -3.622, -2.894, -3.124, -2.933, -3.509
-3.202, -2.651, -3.958, -4.150, -5.209, -2.025, -3.314, -3.473, -3.344, -3.357
-3.224, -3.126, -3.630, -4.466, -2.597, -5.294, -3.194, -3.338, -3.290, -3.211
-3.223, -3.321, -3.201, -3.719, -1.641, -4.296, -2.963, -4.564, -2.991, -2.777
-3.321, -2.785, -2.432, -3.723, -2.626, -4.910, -2.722, -3.017, -3.227, -3.180
-3.023, -3.123, -3.325, -2.658, -8.320, -3.291, -2.867, -3.255, -3.306, -3.234
-2.780, -3.603, -3.059, -3.055, -3.255, -6.717, -2.897, -2.886, -2.581, -3.212
-3.144, -2.883, -3.072, -3.590, -1.925, -5.527, -3.916, -2.844, -2.903, -3.289
-2.551, -3.420, -2.619, -2.222, -5.598, -2.136, -3.707, -3.292, -2.711, -3.425
-3.195, -2.862, -3.525, -4.553, -1.817, -5.304, -3.337, -3.302, -2.990, -3.008
-2.784, -2.529, -3.226, -2.800, -1.188, -4.865, -3.559, -3.018, -2.711, -3.350
-2.517, -2.916, -3.389, -2.922, -5.565, -2.346, -2.785, -3.246, -2.742, -3.622
-3.150, -3.296, -2.749, -2.898, -7.816, -2.458, -3.019, -3.414, -3.014, -3.095
-3.019, -3.095, -3.168, -3.478, -14.498, -3.866, -2.727, -3.400, -3.055, -3.720
-3.050, -3.038, -3.106, -2.769, -6.254, -1.777, -3.412, -4.164, -2.782, -2.965
-3.210, -3.381, -3.478, -4.684, -1.341, -4.229, -3.143, -2.864, -3.174, -3.259
-3.530, -2.736, -3.411, -3.611, -3.432, -0.885, -1.997, -3.085, -2.789, -3.296
-3.525, -3.241, -2.535, -2.436, -6.229, -1.986, -3.517, -2.906, -2.707, -4.073
-3.175, -2.929, -2.819, -3.266, -5.542, -2.222, -3.133, -2.993, -3.151, -3.010
-2.494, -3.225, -3.581, -4.659, -1.711, -4.735, -3.772, -3.675, -2.908, -2.587
-3.416, -2.621, -3.273, -4.048, -0.678, -3.579, -3.639, -3.416, -3.021, -2.970
-3.148, -3.208, -2.254, -4.632, -2.406, -4.770, -2.934, -3.323, -2.971, -2.917
-3.389, -3.571, -2.752, -3.365, -2.007, -5.599, -4.712, -3.696, -2.507, -2.798
-2.989, -2.660, -3.175, -4.143, -1.873, -6.113, -3.831, -3.281, -3.236, -3.333
-2.793, -2.056, -3.741, -3.966, -3.598, -1.058, -3.668, -2.893, -3.385, -2.650
-3.317, -3.577, -2.709, -2.309, -14.506, -3.153, -3.077, -3.073, -3.203, -2.820
-3.303, -2.376, -2.679, -3.478, -2.656, -5.394, -3.814, -3.201, -2.849, -2.959
-3.789, -3.113, -3.117, -3.025, -1.990, -5.055, -2.922, -3.935, -3.430, -3.729
-2.843, -2.234, -2.814, -3.872, -1.643, -5.878, -2.991, -3.186, -3.007, -3.518
-2.718, -2.789, -3.573, -4.723, -1.348, -3.711, -3.315, -3.181, -2.696, -3.073
-3.247, -3.323, -3.199, -3.524, -0.952, -3.895, -3.513, -3.339, -3.099, -3.003
-3.098, -3.019, -3.459, -3.158, -1.831, -5.844, -2.985, -2.709, -3.196, -3.019
-2.631, -3.082, -2.837, -2.952, -10.131, -3.213, -3.023, -3.350, -2.753, -2.872
-3.060, -3.605, -3.012, -3.819, -7.982, -3.039, -3.370, -2.602, -3.209, -2.640
-3.509, -2.811, -5.348, -3.228, -5.069, -2.540, -3.538, -2.927, -3.536, -2.889
-2.932, -3.340, -2.751, -3.817, -1.847, -4.407, -3.416, -3.249, -3.443, -3.392
-3.173, -2.965, -2.974, -2.405, -4.649, -1.399, -2.940, -3.241, -2.993, -3.323
-3.233, -2.985, -2.862, -3.166, -7.018, -2.266, -3.052, -3.577, -3.222, -3.148
-2.986, -3.235, -3.107, -3.647, -9.223, -3.286, -3.389, -3.242, -3.046, -3.578
-3.296, -3.298, -2.493, -2.652, -9.292, -4.076, -3.952, -3.314, -3.249, -3.453
-3.261, -3.109, -4.063, -2.187, -6.695, -2.934, -3.296, -3.169, -3.183, -2.899
-3.288, -3.206, -2.670, -2.539, -4.571, -1.541, -2.988, -2.646, -2.970, -3.533
-2.274, -3.532, -3.561, -2.694, -4.502, -1.742, -2.350, -3.838, -3.842, -3.163
-2.813, -2.960, -4.174, -3.662, -0.959, -4.282, -2.467, -3.235, -3.308, -3.887
-2.795, -3.182, -2.926, -3.208, -2.285, -5.455, -3.339, -4.027, -3.295, -3.223
-3.268, -3.096, -3.311, -3.104, -4.729, -1.743, -3.215, -3.600, -3.287, -2.973
-3.053, -2.583, -4.397, -3.775, -6.360, -2.559, -2.260, -3.162, -2.656, -3.378
-3.010, -3.745, -3.856, -2.411, -4.628, -2.150, -3.563, -3.147, -3.259, -3.078
-3.255, -2.759, -3.462, -3.943, -1.343, -4.864, -3.383, -2.962, -3.653, -3.277
-3.176, -3.178, -3.420, -2.749, -4.323, -1.843, -3.138, -3.079, -2.981, -3.217
-2.996, -3.377, -2.604, -3.006, -6.019, -2.137, -2.926, -3.244, -3.242, -2.826
-3.348, -3.363, -2.604, -5.118, -2.273, -4.144, -3.081, -3.850, -3.323, -3.189
-2.598, -2.305, -3.401, -2.910, -0.785, -3.502, -2.923, -2.648, -2.542, -3.515
-3.548, -3.113, -2.723, -3.827, -2.278, -5.200, -3.186, -2.892, -3.271, -3.225
-3.443, -3.545, -3.090, -2.641, -3.903, -1.647, -3.202, -2.917, -3.341, -2.927
-2.954, -3.700, -3.586, -2.926, -6.278, -1.936, -3.412, -3.390, -3.854, -2.953
-2.873, -3.245, -4.129, -3.491, -5.952, -2.618, -3.246, -2.381, -3.439, -3.497
-3.420, -2.772, -2.727, -4.002, -2.289, -5.848, -3.510, -2.779, -2.988, -3.142
-2.928, -3.439, -3.394, -3.711, -1.554, -4.853, -2.587, -3.420, -2.554, -2.847
-3.009, -2.584, -2.949, -3.112, -10.698, -3.414, -2.792, -3.103, -3.080, -3.343
-2.962, -2.834, -2.893, -4.423, -2.603, -5.089, -3.121, -4.004, -3.805, -3.600
-2.824, -2.481, -3.505, -4.640, -0.913, -4.282, -3.334, -3.201, -2.691, -2.993
-3.181, -2.028, -2.569, -3.389, -1.247, -3.872, -3.135, -3.634, -3.168, -2.614
-4.846, -3.587, -3.361, -1.920, -3.157, -0.927, -1.828, -2.648, -3.014, -2.840
-3.474, -2.951, -2.657, -3.729, -1.654, -4.557, -2.906, -2.864, -3.546, -3.143
-3.140, -2.222, -2.767, -3.069, -1.427, -6.032, -3.376, -3.006, -3.151, -2.862
-3.557, -3.083, -3.107, -4.886, -1.095, -4.572, -4.686, -2.690, -2.987, -2.990
-2.522, -3.259, -3.226, -3.477, -1.437, -3.999, -3.487, -3.167, -2.288, -3.465
-2.747, -2.975, -2.665, -2.169, -5.024, -1.891, -3.212, -2.142, -3.038, -3.266
-3.715, -2.686, -3.094, -3.211, -2.140, -6.667, -3.018, -2.318, -2.801, -3.088
-3.311, -3.356, -3.170, -2.486, -5.701, -1.740, -2.808, -3.215, -3.378, -3.275
-2.529, -3.614, -2.808, -2.485, -4.963, -2.179, -4.323, -3.240, -4.309, -2.786
-3.185, -2.754, -3.357, -2.566, -4.612, -2.304, -3.233, -2.074, -2.897, -3.486
-3.210, -3.744, -3.376, -3.192, -4.602, -1.967, -3.201, -2.500, -3.367, -3.195
-2.942, -2.725, -3.314, -3.811, -1.717, -5.779, -3.425, -2.828, -2.861, -2.999
-3.485, -1.745, -2.964, -2.108, -4.300, -1.641, -2.367, -3.986, -3.192, -3.810
-3.055, -3.762, -3.579, -3.348, -5.427, -1.759, -3.210, -3.393, -3.082, -2.873
-3.095, -3.795, -4.708, -2.992, -4.795, -2.555, -3.178, -2.715, -3.579, -3.486
-3.095, -2.926, -3.125, -2.611, -2.278, -5.666, -3.493, -6.120, -3.225, -2.909
-2.885, -2.855, -3.440, -2.823, -6.104, -2.247, -3.679, -2.763, -2.511, -2.739
-3.064, -3.461, -3.420, -3.904, -7.998, -3.157, -3.150, -3.438, -3.205, -3.045
-3.403, -2.758, -3.165, -2.643, -3.730, -1.532, -3.115, -3.529, -2.811, -3.270
-3.277, -3.011, -3.311, -2.363, -8.750, -3.991, -3.081, -3.384, -3.505, -2.882
-3.256, -2.440, -3.444, -3.671, -1.454, -6.771, -3.674, -2.537, -3.455, -2.753
-3.325, -3.153, -5.814, -1.847, -4.129, -2.491, -3.820, -3.165, -3.512, -3.461
-3.104, -2.643, -3.327, -3.128, -1.587, -6.477, -3.221, -2.278, -3.247, -3.046
-3.921, -2.809, -3.164, -3.378, -5.881, -2.413, -3.615, -2.977, -3.291, -3.303
-3.409, -2.534, -3.068, -1.961, -5.064, -2.106, -2.669, -3.081, -2.877, -2.829
-3.939, -3.010, -3.870, -3.083, -2.014, -5.952, -3.072, -3.600, -3.073, -3.397
-3.157, -3.491, -3.381, -3.961, -1.715, -4.069, -2.690, -3.271, -2.713, -3.178
-3.632, -2.593, -2.977, -3.651, -2.096, -5.427, -2.443, -3.604, -4.009, -3.900
-3.320, -3.414, -2.899, -2.299, -5.594, -1.211, -3.217, -2.769, -3.121, -3.162
-3.160, -3.186, -3.473, -2.748, -5.463, -2.373, -3.451, -3.403, -3.055, -3.175
-3.333, -2.776, -3.026, -4.795, -1.026, -4.556, -3.596, -3.197, -2.877, -3.108
-3.222, -2.792, -2.759, -2.387, -4.993, -1.552, -2.792, -2.941, -2.940, -2.953
-3.197, -2.384, -3.140, -3.248, -2.149, -6.071, -2.889, -2.853, -3.720, -3.512
-3.557, -3.056, -2.594, -2.485, -8.904, -3.283, -3.406, -2.639, -3.076, -3.103
-2.875, -2.930, -3.154, -3.650, -1.476, -4.615, -3.571, -2.588, -2.980, -3.262
-3.191, -2.916, -2.667, -3.396, -2.069, -4.977, -2.573, -3.303, -3.485, -2.940
-3.263, -3.334, -2.871, -2.580, -11.138, -3.281, -3.199, -3.017, -3.209, -2.996
-3.207, -3.437, -3.428, -2.893, -1.994, -5.692, -3.336, -2.426, -3.611, -2.979
-3.328, -2.595, -3.020, -2.675, -4.573, -1.508, -3.270, -2.554, -2.700, -3.476
-2.460, -3.405, -3.387, -3.300, -1.643, -4.316, -2.898, -3.522, -2.938, -3.378
-3.051, -3.353, -2.888, -3.360, -1.464, -4.148, -3.590, -4.289, -3.388, -3.269
-3.201, -2.808, -3.183, -2.248, -5.147, -2.255, -3.130, -3.213, -3.362, -3.227
-3.112, -2.998, -3.244, -4.778, -1.804, -4.247, -3.445, -3.260, -2.797, -3.110
-2.709, -3.202, -2.944, -2.859, -2.495, -5.975, -3.396, -2.976, -3.086, -3.536
-3.125, -3.283, -3.331, -3.330, -3.760, -1.399, -3.557, -2.638, -2.723, -3.025
-2.529, -3.441, -3.228, -3.592, -2.226, -5.685, -3.043, -3.057, -2.587, -3.115
-3.350, -3.684, -3.414, -2.813, -1.479, -4.797, -3.041, -2.776, -3.490, -3.253
-3.229, -2.887, -3.533, -3.895, -1.194, -4.262, -3.074, -3.489, -3.153, -3.885
-3.326, -2.951, -2.700, -3.201, -9.062, -3.581, -3.128, -2.836, -3.209, -3.364
-3.288, -3.499, -2.588, -5.041, -5.282, -1.362, -4.046, -1.668, -2.585, -3.225
-3.495, -3.733, -3.411, -2.752, -6.582, -2.614, -3.107, -2.954, -3.139, -2.915
-4.155, -2.604, -3.187, -2.702, -5.384, -2.451, -3.427, -2.431, -2.731, -3.083
-3.715, -2.945, -2.603, -3.238, -2.465, -5.227, -3.415, -2.982, -3.253, -3.158
-2.521, -2.923, -3.080, -3.161, -2.300, -5.429, -3.012, -2.461, -2.948, -3.506
-3.483, -3.123, -3.480, -3.197, -1.506, -6.288, -2.745, -3.280, -3.515, -3.718
-3.557, -2.896, -3.615, -2.643, -1.951, -5.876, -3.111, -2.324, -3.258, -3.525
-2.950, -3.405, -3.281, -2.987, -1.836, -4.943, -3.061, -2.598, -2.936, -3.223
-2.542, -2.938, -2.922, -3.956, -2.117, -4.954, -4.161, -2.655, -3.113, -3.026
-3.323, -2.522, -2.556, -3.627, -2.290, -5.274, -2.935, -3.015, -3.290, -2.749
-3.000, -2.928, -3.234, -3.014, -4.367, -1.845, -3.900, -3.294, -2.613, -3.504
-3.167, -3.075, -2.821, -3.783, -1.784, -4.938, -3.204, -3.012, -3.010, -3.322
-3.261, -3.533, -3.120, -2.555, -2.007, -5.481, -2.997, -2.343, -3.144, -3.349
-3.036, -2.836, -2.674, -2.988, -6.658, -2.389, -3.002, -3.109, -3.017, -3.119
-3.467, -3.736, -3.558, -3.312, -2.022, -5.041, -2.704, -2.948, -3.101, -3.380
-2.857, -2.638, -3.274, -4.583, -0.921, -3.831, -3.413, -2.864, -2.674, -3.120
-3.418, -3.767, -3.674, -5.136, -1.242, -4.586, -3.495, -3.334, -3.560, -3.216
-3.243, -3.419, -3.293, -2.522, -5.953, -1.766, -2.923, -3.319, -3.498, -3.198
-2.431, -4.319, -3.197, -3.610, -1.921, -5.056, -2.894, -3.886, -3.117, -3.103
-3.320, -2.903, -3.489, -3.798, -1.905, -5.421, -2.691, -2.933, -2.712, -3.175
-3.890, -2.711, -3.046, -3.790, -2.417, -6.031, -3.702, -2.867, -3.174, -3.095
-3.038, -2.444, -3.237, -3.313, -0.934, -4.460, -2.846, -3.547, -3.098, -3.714
-3.044, -3.385, -3.128, -2.974, -7.204, -2.218, -3.228, -2.881, -3.114, -3.112
-3.060, -3.008, -3.427, -2.656, -4.434, -1.927, -3.351, -3.293, -3.063, -3.354
-3.575, -2.925, -2.653, -2.525, -10.956, -4.635, -3.088, -3.618, -3.642, -3.256
-2.978, -3.409, -2.737, -4.735, -2.778, -5.065, -3.085, -2.686, -3.042, -3.245
-2.964, -3.185, -3.076, -3.350, -2.677, -5.823, -3.316, -2.954, -3.080, -3.237
-2.071, -2.693, -2.899, -3.674, -1.715, -4.320, -3.797, -3.565, -3.110, -2.993
-3.744, -2.855, -3.946, -3.040, -1.735, -7.128, -2.547, -3.867, -3.649, -3.876
-3.337, -2.964, -2.473, -2.213, -5.437, -2.441, -3.587, -3.498, -2.809, -2.984
-3.105, -2.747, -2.973, -3.660, -1.839, -5.591, -3.333, -2.862, -2.932, -3.353
-3.166, -3.071, -3.049, -2.789, -5.529, -2.495, -3.323, -3.055, -3.350, -3.207
-2.453, -3.415, -3.528, -3.455, -1.361, -4.036, -2.926, -3.720, -2.972, -3.371
-2.754, -2.887, -3.195, -3.597, -1.893, -5.205, -3.023, -3.703, -3.198, -3.418
-3.275, -3.131, -2.502, -2.591, -7.394, -2.785, -3.605, -3.729, -2.888, -2.722
-3.392, -2.817, -3.187, -3.466, -1.608, -4.988, -2.896, -3.631, -3.712, -3.104
-3.411, -3.148, -2.967, -2.229, -7.799, -3.619, -3.065, -3.285, -3.392, -3.132
-3.429, -3.091, -3.588, -2.617, -6.941, -3.447, -3.117, -3.266, -3.225, -3.282
-2.872, -3.060, -3.131, -3.017, -5.924, -2.459, -3.163, -3.264, -3.257, -3.487
-3.301, -3.179, -3.511, -3.327, -4.879, -1.947, -3.470, -2.996, -3.238, -3.215
-2.880, -2.382, -3.591, -2.342, -4.403, -2.004, -2.864, -2.261, -3.012, -2.959
-3.301, -3.463, -2.128, -3.525, -1.347, -3.412, -3.033, -2.874, -3.417, -3.330
-2.858, -3.404, -3.136, -3.210, -8.891, -2.722, -2.744, -2.142, -3.491, -2.781
-3.159, -2.968, -2.638, -2.257, -9.796, -3.656, -2.923, -3.275, -3.226, -3.245
-2.834, -3.985, -2.126, -3.224, -2.353, -5.644, -2.639, -2.681, -3.650, -3.156
-2.837, -2.765, -3.341, -2.488, -4.735, -2.053, -2.738, -2.349, -3.211, -3.160
-3.071, -2.881, -2.914, -2.616, -5.110, -2.190, -3.388, -3.112, -2.693, -2.983
-3.158, -2.757, -2.641, -3.182, -7.317, -2.773, -2.834, -3.585, -3.287, -3.109
-3.341, -2.646, -2.467, -2.116, -6.500, -2.731, -3.006, -2.529, -3.166, -2.701
-3.320, -2.849, -3.705, -3.718, -1.352, -5.093, -3.103, -2.972, -3.324, -3.230
-3.337, -3.605, -3.903, -5.426, -1.074, -3.686, -3.714, -3.648, -3.059, -3.288
-3.426, -2.478, -3.624, -4.094, -1.173, -6.010, -3.374, -3.707, -2.976, -3.750
-2.863, -2.663, -3.171, -4.963, -1.154, -4.388, -3.234, -3.427, -2.666, -2.988
-3.606, -3.273, -3.315, -3.308, -7.708, -2.941, -2.803, -2.912, -3.670, -3.240
-3.422, -3.211, -3.494, -2.625, -1.984, -6.059, -2.741, -2.745, -3.069, -3.342
-3.371, -4.058, -3.320, -4.091, -1.391, -4.201, -3.710, -3.447, -2.815, -3.081
-3.235, -3.550, -2.617, -2.961, -15.445, -4.122, -3.183, -3.080, -3.543, -3.049
-3.327, -3.868, -2.895, -3.790, -2.253, -4.716, -2.400, -2.940, -3.546, -3.274
-3.704, -3.234, -3.536, -2.680, -4.104, -1.793, -2.401, -2.272, -2.791, -2.874
-2.926, -3.151, -3.192, -3.302, -6.115, -2.513, -2.368, -1.982, -3.391, -3.314
-2.879, -3.121, -3.751, -3.243, -6.927, -3.026, -2.948, -3.410, -2.660, -4.092
-3.249, -3.419, -3.513, -4.966, -0.892, -4.053, -3.632, -3.446, -2.350, -3.479
-3.111, -3.199, -3.078, -3.270, -1.029, -3.948, -3.735, -3.142, -2.976, -3.058
-2.999, -3.576, -3.397, -3.977, -2.182, -5.624, -3.314, -3.390, -2.866, -3.115
-3.031, -2.330, -2.399, -3.780, -2.744, -5.574, -4.232, -3.224, -3.851, -3.436
-3.548, -2.696, -3.322, -2.851, -2.325, -6.346, -2.658, -3.219, -3.380, -3.391
-3.070, -2.288, -3.018, -3.337, -1.232, -3.839, -3.397, -3.451, -2.961, -3.174
-3.066, -3.066, -3.045, -3.348, -7.420, -2.990, -3.387, -2.935, -2.833, -2.945
-2.753, -3.028, -3.046, -2.564, -6.811, -2.778, -2.903, -3.130, -2.887, -3.030
-3.307, -3.129, -5.613, -3.438, -6.030, -3.084, -3.777, -3.277, -3.982, -3.068
-2.849, -3.443, -3.314, -3.053, -2.258, -5.407, -2.639, -3.174, -3.495, -3.330
-2.880, -3.014, -3.607, -3.731, -1.218, -4.285, -3.072, -2.615, -2.990, -3.098
-3.027, -3.287, -3.463, -3.465, -1.821, -4.572, -2.988, -4.219, -2.404, -2.928
-2.919, -3.861, -3.070, -3.374, -1.472, -4.183, -3.703, -3.545, -2.914, -3.167
-3.097, -3.412, -3.811, -2.662, -4.725, -2.029, -3.856, -3.288, -3.051, -3.221
-2.744, -2.672, -2.921, -2.457, -1.118, -3.840, -2.630, -2.770, -2.262, -3.262
-3.005, -3.447, -3.405, -3.423, -1.919, -5.077, -3.235, -2.611, -3.174, -3.481
-3.344, -3.011, -3.107, -4.014, -1.995, -5.199, -3.191, -3.219, -2.969, -3.391
-3.290, -2.636, -2.855, -2.546, -4.350, -1.511, -3.573, -3.896, -3.085, -2.971
-4.012, -3.139, -2.718, -3.544, -1.748, -4.435, -3.359, -3.763, -2.914, -3.890
-3.081, -3.108, -2.905, -2.617, -6.898, -2.871, -2.727, -3.288, -2.992, -3.597
-3.427, -2.817, -3.311, -4.585, -1.028, -4.202, -3.317, -4.013, -3.251, -2.940
-3.530, -2.988, -3.001, -3.360, -1.380, -4.304, -3.153, -2.856, -3.691, -3.185
-2.638, -3.539, -3.945, -3.419, -5.609, -2.131, -3.583, -2.969, -3.077, -3.053
-2.930, -3.032, -2.657, -2.338, -7.070, -2.795, -2.919, -3.015, -3.355, -3.418
-3.232, -3.271, -2.570, -2.176, -3.554, -1.369, -3.811, -3.196, -2.928, -3.590
-3.065, -3.465, -2.871, -2.955, -1.449, -4.158, -3.187, -3.076, -3.518, -3.227
-2.991, -3.096, -2.731, -2.524, -5.946, -2.387, -3.085, -2.900, -2.810, -3.147
-3.053, -3.289, -2.814, -2.462, -6.165, -2.166, -3.737, -2.763, -3.570, -3.508
-3.322, -3.130, -2.409, -2.534, -10.183, -3.515, -2.772, -3.337, -3.332, -3.065
-3.365, -2.718, -3.169, -3.676, -4.697, -1.714, -3.113, -2.581, -3.309, -3.275
-2.461, -2.737, -3.098, -4.514, -1.978, -4.308, -3.558, -3.355, -2.682, -2.925
-3.074, -3.176, -3.211, -3.076, -8.280, -3.201, -3.286, -3.087, -3.224, -3.018
-3.156, -3.233, -2.853, -2.307, -5.840, -2.278, -3.167, -3.260, -3.275, -3.191
-3.385, -3.503, -3.028, -3.892, -1.495, -4.072, -3.174, -2.653, -3.434, -3.124
-2.758, -3.486, -3.074, -3.083, -4.795, -1.848, -3.562, -2.607, -3.275, -3.208
-3.396, -3.321, -3.140, -3.479, -7.147, -2.479, -2.759, -3.040, -2.960, -3.393
-2.969, -3.053, -3.074, -2.433, -10.212, -4.228, -3.026, -3.316, -3.707, -3.311
-3.007, -2.932, -2.959, -3.146, -1.524, -4.405, -3.044, -3.005, -3.557, -2.949
-2.907, -3.127, -3.480, -3.230, -3.964, -1.270, -2.513, -2.921, -3.149, -3.293
-3.015, -2.794, -3.515, -3.254, -6.438, -2.215, -2.567, -2.584, -2.827, -3.353
-3.404, -2.893, -3.294, -3.082, -1.501, -5.614, -3.287, -3.879, -4.034, -2.566
-3.283, -3.756, -3.554, -2.479, -2.824, -0.957, -3.359, -2.817, -3.239, -3.154
-3.558, -3.384, -3.317, -2.455, -4.309, -1.781, -3.491, -3.371, -3.248, -3.372
-3.187, -3.622, -3.423, -4.075, -1.287, -4.458, -3.197, -3.920, -3.760, -2.891
-3.245, -3.705, -2.818, -3.885, -8.899, -3.443, -3.232, -2.969, -2.919, -2.916
-3.263, -3.557, -3.428, -4.029, -1.924, -5.488, -2.934, -3.070, -3.021, -2.916
-2.634, -3.133, -2.844, -3.307, -2.154, -6.470, -3.486, -2.862, -3.131, -3.159
-3.036, -3.421, -3.733, -3.035, -3.282, -6.815, -2.881, -2.599, -2.775, -2.760
-2.682, -2.901, -3.190, -2.836, -5.581, -1.722, -3.046, -2.907, -3.233, -3.204
-3.802, -2.749, -3.210, -2.303, -7.404, -2.954, -3.083, -2.530, -2.719, -2.832
-3.268, -2.607, -3.355, -4.462, -1.206, -5.997, -3.836, -3.196, -2.958, -2.972
-2.742, -3.249, -3.094, -3.468, -8.203, -3.300, -3.994, -3.667, -2.691, -2.788
-2.429, -3.902, -3.462, -3.685, -1.757, -4.290, -2.784, -3.992, -3.132, -3.201
-3.057, -2.866, -3.070, -4.140, -5.779, -1.739, -3.150, -2.777, -2.922, -2.856
-2.813, -3.116, -3.440, -2.895, -1.624, -4.710, -2.488, -3.372, -3.314, -3.463
-3.573, -3.038, -3.095, -2.463, -6.818, -2.811, -3.722, -2.451, -3.108, -2.951
-2.957, -3.001, -3.539, -3.669, -2.044, -4.850, -3.127, -2.730, -3.007, -3.453
-3.037, -3.028, -3.365, -2.574, -5.212, -2.073, -2.671, -3.277, -2.712, -3.032
-3.195, -3.361, -3.223, -3.361, -6.429, -2.638, -2.876, -2.850, -2.837, -3.327
-3.179, -2.807, -4.821, -3.419, -3.908, -1.839, -3.305, -3.719, -3.283, -3.088
-3.146, -3.310, -3.350, -2.512, -7.843, -2.314, -3.138, -3.558, -3.037, -3.146
-2.960, -3.028, -3.546, -3.160, -8.102, -3.015, -2.991, -2.738, -3.211, -3.115
-3.033, -2.942, -3.366, -4.204, -1.551, -4.232, -3.277, -2.607, -3.273, -3.244
-3.265, -3.528, -2.924, -3.358, -8.741, -3.278, -3.072, -2.770, -3.979, -2.721
-3.239, -2.826, -3.581, -2.678, -6.228, -2.956, -2.740, -2.841, -3.482, -3.018
-3.301, -2.516, -2.821, -4.434, -1.569, -4.620, -4.127, -3.219, -3.030, -3.471
-3.439, -3.087, -2.825, -3.465, -1.743, -5.157, -3.251, -2.441, -3.345, -3.247
-3.308, -2.755, -3.347, -4.716, -1.414, -3.613, -3.048, -3.389, -2.817, -3.405
-2.477, -2.938, -2.847, -3.027, -1.822, -4.954, -3.544, -3.299, -2.826, -2.809
-2.788, -3.286, -3.081, -3.771, -1.983, -4.641, -3.582, -3.395, -3.027, -3.008
-3.477, -3.059, -3.280, -2.532, -2.582, -6.152, -2.605, -2.700, -3.727, -3.180
-3.017, -3.499, -3.260, -3.790, -4.689, -1.738, -3.434, -2.225, -2.838, -2.720
-3.378, -3.285, -3.554, -2.944, -1.664, -4.962, -3.291, -2.761, -3.770, -2.910
-3.666, -2.781, -2.687, -1.709, -5.669, -2.281, -2.776, -3.312, -3.022, -3.419
-3.058, -3.437, -3.117, -4.664, -1.592, -4.558, -3.548, -3.216, -3.056, -3.250
-2.679, -2.549, -3.338, -2.115, -6.252, -3.008, -2.752, -2.985, -3.003, -3.035
-2.763, -2.987, -3.261, -4.156, -10.074, -3.359, -2.823, -2.361, -3.442, -3.130
-2.846, -2.428, -2.909, -4.493, -1.515, -3.801, -3.091, -3.269, -2.840, -3.167
-3.173, -3.506, -4.730, -2.634, -5.583, -2.315, -4.013, -2.850, -3.317, -3.242
-2.662, -3.575, -3.253, -3.745, -6.548, -2.549, -3.011, -2.204, -2.978, -3.517
-3.534, -2.693, -3.404, -3.208, -6.434, -2.787, -3.316, -3.946, -3.239, -3.530
-3.468, -2.958, -3.021, -3.672, -1.400, -4.802, -3.049, -3.508, -3.872, -2.895
-3.313, -2.736, -3.292, -2.842, -1.312, -4.922, -2.984, -3.060, -3.291, -3.043
-3.200, -2.807, -3.292, -3.154, -6.743, -2.815, -3.313, -3.068, -3.046, -2.913
-3.363, -3.402, -2.936, -3.255, -4.327, -1.533, -3.665, -2.810, -2.996, -3.417
-3.504, -2.870, -3.141, -4.442, -1.765, -4.873, -3.710, -3.892, -3.321, -3.267
-2.960, -4.190, -2.963, -3.603, -1.516, -4.294, -3.753, -3.554, -3.010, -3.105
-3.106, -3.184, -3.247, -3.642, -2.195, -8.361, -3.217, -2.644, -2.997, -3.191
-2.961, -3.660, -3.508, -2.990, -4.429, -1.660, -3.878, -3.691, -3.026, -3.107
-3.180, -3.868, -2.617, -4.132, -2.186, -5.475, -2.671, -2.968, -3.250, -3.096
-3.415, -3.215, -2.960, -3.016, -4.495, -1.933, -3.428, -2.651, -3.130, -2.736
-2.674, -2.711, -3.171, -2.549, -7.952, -3.211, -3.118, -2.857, -2.665, -3.651
-3.076, -2.706, -3.487, -2.935, -0.997, -4.279, -3.010, -4.495, -3.161, -3.449
-3.386, -2.615, -3.082, -3.152, -6.055, -2.018, -3.259, -3.518, -3.199, -2.915
-3.264, -2.995, -3.062, -2.836, -4.458, -1.615, -2.822, -3.276, -3.231, -3.158
-3.378, -2.762, -2.468, -3.704, -9.280, -3.593, -3.969, -2.680, -3.144, -2.658
-2.658, -2.893, -3.284, -2.683, -1.815, -6.160, -3.027, -3.473, -3.678, -2.831
-3.419, -2.983, -2.541, -3.000, -9.625, -3.123, -3.360, -2.389, -2.391, -4.075
-3.425, -2.988, -3.562, -4.733, -0.823, -3.528, -3.450, -4.147, -3.007, -3.146
-3.057, -2.524, -3.146, -3.328, -0.900, -3.695, -2.879, -2.906, -3.141, -3.232
-3.436, -3.407, -2.577, -3.530, -7.625, -3.060, -3.937, -2.350, -2.587, -3.264
-3.048, -3.051, -4.069, -2.992, -5.417, -2.013, -3.534, -3.634, -3.379, -3.500
-3.149, -3.248, -3.060, -3.792, -8.301, -3.164, -2.723, -2.508, -2.614, -3.080
-3.692, -2.720, -3.090, -4.584, -1.499, -5.134, -2.622, -3.007, -3.546, -3.285
-2.962, -2.610, -2.539, -4.484, -1.979, -5.314, -2.952, -3.776, -3.356, -3.898
-2.745, -3.032, -3.343, -4.712, -1.532, -4.007, -2.707, -3.579, -3.078, -2.839
-3.310, -3.043, -2.870, -2.157, -4.855, -1.799, -3.500, -2.788, -3.293, -3.103
-3.080, -3.028, -2.847, -2.713, -8.520, -3.657, -3.241, -3.522, -3.237, -3.097
-3.222, -3.377, -3.210, -2.728, -1.578, -4.514, -2.681, -3.561, -3.806, -2.644
-3.700, -3.002, -2.858, -3.043, -2.507, -7.746, -2.926, -2.572, -3.617, -3.123
-3.455, -3.728, -3.424, -2.107, -3.944, -1.270, -3.324, -3.645, -3.926, -3.334
-3.348, -3.292, -2.523, -4.085, -2.484, -4.409, -2.408, -2.960, -3.291, -3.196
-3.088, -3.038, -3.869, -2.667, -5.732, -2.719, -3.715, -3.078, -3.311, -3.155
-3.367, -3.113, -3.136, -2.781, -7.185, -2.722, -2.989, -3.090, -3.498, -3.238
-3.501, -3.195, -2.797, -3.827, -1.581, -3.942, -2.868, -3.726, -3.588, -3.413
-3.512, -3.202, -3.303, -4.350, -2.460, -5.483, -3.548, -3.031, -3.515, -2.967
-2.999, -3.651, -3.131, -2.164, -6.304, -3.173, -3.623, -3.360, -3.677, -3.365
-3.617, -3.228, -3.290, -2.368, -2.109, -5.775, -2.867, -3.053, -2.790, -3.333
-3.098, -3.420, -2.899, -3.159, -6.261, -1.750, -3.625, -3.184, -3.056, -3.480
-3.006, -3.322, -3.727, -4.522, -7.894, -2.606, -2.754, -2.421, -3.771, -3.432
-3.311, -2.764, -2.619, -3.182, -7.339, -2.769, -2.872, -3.564, -3.139, -3.228
-3.367, -3.450, -3.548, -3.804, -1.319, -4.949, -3.436, -3.393, -2.935, -3.317
-3.045, -2.995, -2.947, -4.449, -1.529, -4.894, -3.208, -3.495, -3.133, -2.998
-2.873, -3.162, -2.666, -2.868, -1.935, -5.027, -2.628, -3.169, -2.833, -3.318
-3.236, -2.902, -3.770, -1.692, -3.889, -2.167, -3.142, -2.761, -3.452, -3.511
-2.901, -3.362, -3.017, -3.104, -7.619, -2.624, -2.911, -2.476, -3.183, -3.252
-2.955, -3.290, -3.581, -3.411, -1.774, -4.930, -2.860, -3.591, -3.283, -3.367
-3.352, -2.949, -2.968, -3.478, -1.873, -4.531, -3.249, -2.707, -3.065, -3.298
-3.064, -3.609, -2.740, -2.028, -5.457, -2.428, -3.457, -3.658, -3.337, -2.842
-3.611, -3.412, -3.015, -2.534, -5.125, -2.489, -4.131, -1.985, -3.228, -3.234
-2.708, -4.666, -3.568, -3.661, -2.508, -5.490, -3.156, -2.806, -3.110, -3.199
-3.573, -3.037, -3.350, -2.617, -6.046, -2.499, -2.900, -3.868, -3.489, -3.327
-3.007, -3.928, -3.221, -3.998, -2.135, -5.033, -3.126, -3.075, -2.665, -3.564
-3.083, -3.018, -2.579, -4.232, -1.639, -4.137, -2.904, -3.457, -3.412, -3.341
-3.150, -2.845, -3.235, -2.694, -8.219, -3.120, -3.477, -3.172, -3.218, -2.946
-3.532, -3.233, -3.048, -2.362, -4.749, -1.861, -2.865, -3.296, -3.314, -2.946
-3.028, -2.254, -3.446, -3.201, -0.860, -4.598, -3.143, -3.339, -3.134, -3.436
-2.802, -3.396, -3.587, -4.007, -1.461, -4.617, -2.944, -3.046, -2.464, -3.584
-3.490, -3.389, -3.232, -2.565, -7.748, -3.004, -3.368, -3.725, -3.278, -2.855
-2.719, -3.155, -3.211, -4.661, -4.422, -1.304, -3.800, -2.807, -3.044, -2.941
-3.498, -3.752, -3.666, -2.349, -2.255, -6.509, -3.297, -2.792, -3.531, -3.208
-3.607, -2.746, -3.380, -2.841, -2.396, -6.760, -3.028, -2.383, -3.635, -3.359
-3.126, -2.753, -2.404, -1.895, -8.492, -2.096, -3.062, -2.446, -2.403, -3.376
-3.348, -2.948, -3.280, -3.285, -2.096, -5.131, -3.077, -3.004, -3.075, -3.316
-2.816, -3.172, -2.617, -3.937, -2.239, -4.523, -3.163, -3.510, -2.825, -3.487
-2.919, -3.110, -3.571, -2.905, -6.596, -2.773, -3.450, -3.037, -2.757, -3.121
-3.277, -3.274, -2.984, -3.349, -2.381, -5.913, -2.832, -2.913, -3.333, -3.250
-2.954, -2.797, -3.159, -2.527, -5.461, -2.224, -2.961, -2.944, -2.910, -3.293
-3.261, -3.141, -2.728, -2.325, -2.875, -6.136, -2.861, -3.178, -3.361, -2.971
-3.399, -3.187, -2.374, -1.951, -6.349, -1.411, -2.928, -2.836, -3.125, -3.266
-3.056, -3.473, -3.015, -3.258, -7.133, -2.953, -2.920, -3.222, -3.615, -2.871
-2.999, -2.668, -3.760, -4.315, -0.915, -4.246, -3.725, -2.952, -2.987, -3.105
-3.158, -3.250, -3.332, -3.045, -6.602, -1.775, -2.958, -3.926, -2.812, -3.241
-3.130, -3.246, -3.170, -3.879, -10.534, -3.883, -3.455, -2.973, -2.665, -3.090
-3.718, -2.652, -3.724, -3.444, -5.498, -2.241, -3.649, -3.605, -3.057, -3.121
-3.641, -3.421, -3.752, -2.847, -4.977, -2.205, -3.407, -3.685, -3.601, -3.159
-2.684, -2.409, -2.853, -2.174, -5.792, -1.944, -2.918, -2.523, -2.803, -2.849
-3.179, -3.219, -2.851, -3.214, -16.299, -4.392, -2.871, -3.026, -3.139, -3.337
-3.115, -3.114, -3.638, -2.951, -6.859, -3.156, -2.849, -3.203, -3.240, -3.366
-3.515, -3.055, -2.726, -3.814, -1.370, -4.059, -3.523, -3.508, -3.441, -3.226
-3.073, -2.833, -2.987, -2.788, -5.023, -2.300, -3.616, -3.160, -3.154, -2.597
-3.317, -3.131, -3.253, -3.055, -8.404, -3.543, -2.803, -3.406, -3.308, -3.625
-2.903, -3.293, -3.217, -4.477, -1.862, -4.743, -3.239, -3.930, -2.908, -2.917
-3.388, -3.102, -3.230, -3.224, -6.028, -2.096, -3.516, -3.218, -2.919, -2.952
-2.442, -3.016, -3.294, -2.518, -6.645, -2.360, -2.480, -3.016, -3.322, -2.761
-3.319, -3.214, -3.160, -2.197, -10.071, -3.516, -3.204, -3.313, -3.135, -2.960
-3.220, -2.508, -3.546, -3.695, -1.643, -5.082, -2.849, -3.219, -2.545, -2.972
-3.098, -3.187, -3.246, -2.726, -7.535, -3.266, -2.980, -3.073, -2.933, -3.262
-2.887, -3.397, -2.871, -5.083, -6.010, -1.474, -3.646, -2.903, -2.659, -2.929
-2.744, -2.532, -3.634, -3.274, -1.539, -5.026, -2.620, -3.279, -3.252, -3.041
-3.155, -2.504, -3.668, -3.137, -1.059, -4.267, -2.527, -2.759, -3.492, -3.437
-3.407, -2.705, -2.962, -3.143, -1.937, -5.543, -3.384, -2.667, -3.444, -3.195
-3.246, -3.241, -2.695, -3.137, -2.033, -5.997, -3.553, -2.840, -3.775, -3.002
-3.201, -3.718, -2.842, -3.414, -5.317, -1.383, -2.826, -2.768, -3.457, -2.921
-2.906, -3.380, -3.562, -3.155, -5.529, -1.920, -2.730, -3.362, -3.192, -3.377
-2.783, -3.391, -3.426, -3.770, -1.529, -4.155, -2.953, -3.863, -3.468, -3.157
-2.939, -2.841, -3.575, -3.523, -3.917, -1.524, -4.470, -3.307, -3.248, -3.549
-2.879, -2.783, -2.757, -2.121, -8.629, -2.301, -2.675, -3.126, -3.257, -2.993
-2.504, -4.011, -3.797, -4.218, -6.409, -2.221, -2.750, -2.458, -2.778, -2.840
-2.922, -2.345, -2.950, -3.328, -1.806, -5.114, -2.781, -2.912, -3.500, -3.104
-2.986, -3.640, -3.506, -2.460, -2.117, -5.815, -3.560, -3.321, -3.128, -3.141
-3.101, -3.045, -2.759, -2.486, -7.017, -2.352, -2.908, -2.887, -3.172, -3.259
-3.028, -2.700, -2.922, -3.040, -5.843, -2.315, -2.718, -3.722, -3.445, -2.885
-3.563, -2.923, -3.191, -4.049, -0.729, -3.639, -3.751, -3.419, -3.120, -2.994
-2.929, -3.245, -2.709, -3.633, -4.546, -0.937, -3.210, -2.483, -2.984, -3.086
-3.004, -3.301, -2.933, -2.834, -1.754, -5.870, -3.539, -3.375, -2.847, -3.000
-3.468, -3.017, -3.427, -3.317, -1.536, -6.691, -3.422, -2.985, -3.582, -2.961
-3.531, -2.867, -3.306, -3.918, -0.810, -4.282, -3.680, -3.309, -3.217, -3.008
-2.755, -3.407, -3.639, -3.329, -5.026, -1.760, -2.314, -3.016, -3.829, -3.123
-3.107, -2.366, -2.459, -2.574, -5.658, -2.197, -3.948, -2.319, -2.480, -2.754
-3.241, -3.591, -2.905, -2.683, -7.701, -2.675, -2.985, -3.426, -3.411, -2.883
-3.589, -3.498, -2.928, -3.126, -2.771, -6.375, -3.751, -2.982, -3.278, -3.232
-3.051, -3.227, -4.058, -2.918, -1.131, -4.299, -2.751, -3.443, -3.466, -3.428
-3.729, -3.638, -3.074, -2.911, -5.994, -2.080, -3.079, -2.680, -2.869, -2.684
-3.137, -2.577, -4.646, -2.673, -5.828, -2.863, -3.718, -3.166, -3.115, -2.889
-3.555, -3.777, -2.720, -3.796, -1.503, -4.546, -3.565, -3.077, -3.160, -3.109
-2.710, -3.301, -3.000, -3.419, -1.985, -4.591, -3.784, -3.729, -2.688, -3.605
-3.107, -3.087, -2.826, -3.085, -6.508, -1.684, -3.579, -3.719, -2.732, -3.111
-3.184, -3.147, -3.278, -2.904, -1.986, -5.467, -2.997, -3.467, -3.323, -3.355
-3.080, -3.377, -2.926, -2.815, -5.629, -2.196, -3.431, -2.555, -3.202, -3.047
-3.312, -2.762, -3.159, -2.817, -2.389, -6.127, -3.689, -2.566, -3.382, -2.770
-2.892, -3.695, -3.829, -4.049, -2.266, -5.326, -2.505, -2.947, -2.796, -3.880
-3.144, -3.313, -2.807, -2.755, -5.810, -2.149, -3.268, -3.052, -3.053, -3.165
-2.778, -4.152, -3.306, -3.575, -2.840, -5.821, -3.440, -3.474, -3.046, -3.105
-3.634, -3.156, -2.640, -3.448, -6.424, -2.433, -3.925, -2.936, -3.056, -3.081
-2.927, -3.023, -2.974, -3.579, -7.530, -2.564, -2.968, -2.760, -3.326, -2.330
-3.599, -3.964, -3.171, -2.893, -5.086, -1.767, -3.402, -3.103, -3.357, -3.354
-3.042, -3.250, -3.171, -3.388, -7.088, -2.975, -3.113, -2.821, -3.058, -3.167
-2.965, -3.488, -3.318, -2.568, -1.663, -4.862, -2.987, -3.913, -3.346, -2.979
-2.947, -2.755, -2.936, -3.699, -2.108, -5.051, -3.457, -2.643, -3.297, -3.176
-3.442, -3.374, -3.544, -3.342, -4.701, -1.876, -3.389, -3.496, -2.639, -2.998
-3.517, -2.468, -2.914, -3.796, -1.266, -4.745, -3.915, -3.453, -2.650, -2.951
-3.290, -3.123, -2.828, -2.547, -6.965, -2.266, -2.978, -3.267, -3.275, -2.753
-3.507, -3.105, -2.968, -2.115, -6.735, -2.184, -2.827, -2.867, -3.102, -3.187
-3.174, -3.455, -3.961, -3.139, -6.041, -2.058, -3.734, -3.333, -3.301, -2.806
-2.872, -2.605, -3.842, -3.351, -5.004, -2.370, -3.401, -3.006, -3.524, -2.339
-3.688, -4.247, -3.021, -3.693, -1.977, -5.184, -3.895, -3.171, -3.180, -2.573
-3.135, -3.563, -4.274, -2.203, -5.950, -2.514, -2.863, -2.976, -2.828, -3.571
-3.163, -2.818, -2.818, -2.307, -6.282, -2.822, -3.146, -3.852, -3.070, -3.080
-2.152, -2.768, -3.130, -4.611, -0.862, -3.486, -3.951, -3.440, -2.822, -3.044
-3.083, -3.002, -3.478, -2.673, -6.650, -2.864, -3.489, -3.137, -2.878, -2.867
-3.157, -3.296, -2.839, -5.284, -1.778, -3.508, -2.660, -3.532, -3.414, -3.368
-3.017, -3.063, -3.392, -2.754, -4.487, -2.034, -3.035, -2.783, -3.097, -3.466
-2.896, -3.376, -4.640, -3.523, -5.788, -2.800, -2.838, -2.796, -3.693, -3.644
-3.530, -2.114, -2.636, -2.606, -6.308, -2.388, -3.714, -3.927, -2.491, -3.546
-2.522, -2.171, -3.222, -2.988, -5.861, -2.573, -2.572, -2.488, -3.614, -2.899
-2.585, -3.418, -3.431, -3.482, -1.508, -4.300, -2.966, -3.610, -3.122, -3.283
-3.224, -3.101, -3.806, -3.473, -4.975, -2.185, -2.898, -3.101, -3.305, -2.968
-3.323, -2.698, -3.570, -3.833, -1.713, -4.359, -2.537, -3.566, -3.188, -3.138
-4.033, -2.821, -2.756, -2.500, -2.115, -5.389, -3.682, -2.997, -3.320, -3.256
-3.132, -3.709, -3.596, -2.609, -2.711, -6.142, -2.706, -3.031, -2.599, -4.198
-2.767, -4.006, -2.957, -3.009, -6.772, -2.153, -3.168, -3.215, -2.743, -3.037
-3.396, -4.450, -3.036, -3.691, -1.513, -4.702, -4.281, -3.818, -3.092, -3.011
-3.767, -2.198, -2.427, -3.140, -1.838, -5.278, -3.704, -3.822, -3.643, -2.312
-3.400, -2.784, -3.286, -3.778, -0.721, -3.842, -3.705, -3.249, -3.074, -2.989
-2.835, -2.360, -2.894, -3.824, -2.086, -4.667, -2.334, -3.187, -3.560, -3.278
-3.149, -3.450, -3.442, -2.770, -2.337, -6.218, -3.127, -2.474, -3.389, -3.408
-3.321, -2.483, -3.039, -3.208, -1.352, -4.323, -3.069, -3.257, -3.965, -3.055
-3.371, -3.431, -4.026, -3.622, -5.201, -2.237, -2.461, -2.180, -2.811, -3.818
-2.882, -3.044, -3.401, -4.473, -1.356, -3.803, -2.790, -3.604, -3.027, -3.174
-3.054, -3.135, -3.365, -2.932, -2.130, -5.352, -3.285, -3.722, -3.566, -3.295
-3.354, -2.954, -2.639, -2.393, -5.169, -2.040, -3.003, -2.841, -3.194, -3.280
-2.890, -3.701, -2.852, -3.497, -1.829, -4.452, -2.695, -3.367, -3.123, -3.336
-4.307, -3.191, -3.434, -2.915, -6.298, -2.717, -2.528, -2.563, -2.962, -3.097
-3.092, -3.577, -2.898, -3.056, -6.240, -2.281, -2.999, -3.492, -3.517, -3.860
-3.195, -3.425, -2.512, -6.099, -1.434, -3.535, -2.616, -3.419, -3.286, -3.108
-2.658, -3.873, -2.654, -3.084, -1.735, -4.290, -3.701, -4.501, -2.945, -2.802
-2.884, -3.303, -3.332, -2.962, -2.659, -5.778, -3.035, -2.757, -2.872, -3.368
-3.617, -3.077, -3.543, -4.121, -0.705, -3.593, -3.419, -2.896, -3.646, -3.114
-3.153, -2.963, -3.076, -3.775, -1.728, -4.230, -2.849, -3.154, -3.287, -3.128
-3.297, -3.268, -2.954, -2.702, -4.799, -1.206, -2.746, -3.163, -3.643, -3.655
-2.369, -3.678, -3.389, -3.575, -1.900, -4.343, -2.777, -3.844, -2.951, -3.385
-3.695, -3.048, -3.779, -3.795, -5.673, -1.902, -2.429, -2.825, -2.548, -3.747
-3.131, -2.802, -3.578, -2.668, -6.165, -2.439, -2.948, -3.196, -3.213, -3.282
-3.016, -2.564, -2.755, -3.945, -6.401, -2.384, -3.313, -3.428, -2.917, -2.853
-3.307, -2.988, -3.306, -2.530, -6.555, -1.683, -2.755, -3.102, -3.101, -3.209
-3.301, -3.135, -3.098, -2.618, -6.227, -2.792, -3.334, -3.150, -3.372, -3.179
-3.282, -3.024, -3.101, -3.942, -4.734, -1.616, -3.252, -2.755, -2.979, -3.404
-2.877, -2.929, -3.330, -3.802, -5.510, -2.314, -3.895, -2.321, -3.390, -2.168
-2.572, -2.796, -3.371, -4.042, -1.736, -4.414, -3.536, -3.256, -3.181, -3.511
-2.978, -3.276, -3.132, -3.436, -2.411, -5.612, -3.217, -2.733, -3.009, -3.351
-3.717, -3.247, -2.950, -3.952, -2.689, -5.445, -3.636, -3.948, -3.130, -3.002
-2.995, -3.771, -2.624, -2.331, -8.630, -3.342, -3.388, -2.730, -3.448, -3.328
-2.795, -2.426, -3.397, -4.768, -2.075, -5.090, -2.945, -3.507, -3.458, -3.723
-2.888, -2.978, -2.981, -2.829, -6.374, -2.117, -2.824, -3.038, -3.406, -2.893
-3.025, -2.371, -2.956, -2.427, -5.044, -2.264, -3.065, -2.385, -2.842, -3.237
-3.343, -3.063, -3.535, -2.930, -5.951, -2.238, -2.919, -3.268, -3.357, -3.464
-3.081, -2.715, -3.593, -2.980, -4.515, -1.839, -3.788, -2.929, -3.127, -2.892
-3.251, -3.209, -2.731, -2.925, -5.801, -2.448, -3.594, -2.477, -2.703, -3.884
-3.131, -3.784, -2.995, -4.018, -2.492, -5.447, -3.672, -3.238, -2.877, -3.652
-2.906, -2.974, -3.376, -3.223, -6.493, -2.398, -2.666, -2.261, -3.236, -3.195
-2.981, -3.304, -3.165, -3.219, -8.326, -2.783, -2.674, -2.640, -3.335, -3.424
-3.284, -3.165, -2.802, -3.777, -1.940, -4.489, -3.599, -2.912, -3.122, -3.190
-3.399, -3.161, -2.615, -2.896, -7.459, -3.087, -2.882, -2.973, -3.552, -3.150
-3.417, -3.144, -3.083, -2.044, -5.660, -1.332, -3.522, -2.882, -2.822, -3.305
-3.674, -3.258, -3.521, -4.447, -2.532, -5.120, -2.950, -3.390, -2.825, -2.991
-3.072, -3.082, -2.934, -4.913, -1.758, -4.258, -2.990, -3.782, -3.018, -3.201
-3.308, -3.318, -3.068, -2.955, -2.292, -5.974, -2.883, -4.011, -2.556, -3.499
-2.831, -2.583, -2.732, -4.219, -2.056, -5.485, -4.845, -3.158, -3.362, -3.520
-2.997, -2.456, -3.146, -3.720, -0.878, -3.250, -3.282, -3.686, -2.840, -3.048
-3.090, -3.393, -2.834, -3.155, -6.037, -2.274, -2.813, -3.754, -3.132, -3.134
-3.372, -3.405, -2.635, -2.190, -5.361, -2.014, -3.017, -3.007, -3.321, -3.137
-3.227, -2.916, -3.335, -2.940, -9.474, -4.019, -2.556, -3.339, -3.272, -3.731
-4.097, -2.660, -2.849, -2.434, -5.446, -2.241, -3.749, -3.628, -3.254, -2.897
-3.325, -3.204, -4.135, -3.042, -4.334, -1.884, -3.651, -3.277, -3.146, -2.958
-3.308, -2.649, -3.527, -3.228, -0.624, -3.476, -2.922, -3.205, -3.675, -3.458
-3.443, -3.028, -3.283, -3.072, -6.316, -2.469, -2.640, -3.421, -3.442, -3.236
-3.397, -2.494, -2.853, -2.480, -5.080, -2.097, -2.988, -2.880, -2.559, -3.630
-3.411, -2.697, -2.927, -2.635, -4.295, -1.584, -2.994, -2.770, -3.690, -3.215
-3.040, -2.966, -3.356, -3.108, -8.113, -3.436, -2.452, -2.872, -3.317, -2.997
-3.010, -2.919, -3.338, -3.775, -1.264, -3.864, -3.227, -3.701, -3.303, -2.948
-3.423, -2.884, -3.628, -4.128, -1.958, -5.831, -3.031, -2.940, -3.136, -3.155
-3.686, -2.872, -2.525, -3.523, -2.251, -5.109, -2.639, -3.004, -3.557, -3.167
-3.305, -3.372, -3.092, -2.379, -5.777, -2.359, -2.982, -3.100, -3.733, -2.791
-3.100, -3.303, -2.908, -3.398, -5.687, -1.893, -3.371, -2.869, -2.958, -2.558
-2.974, -2.932, -3.271, -2.492, -7.284, -3.176, -2.890, -3.154, -3.262, -3.169
-2.853, -3.186, -3.386, -2.998, -1.519, -4.804, -3.473, -2.849, -3.318, -2.799
-2.588, -2.642, -3.721, -4.653, -1.098, -5.153, -3.175, -2.952, -2.936, -3.285
-3.060, -2.659, -2.843, -3.830, -8.420, -3.180, -3.358, -2.071, -3.110, -2.992
-2.884, -2.237, -2.780, -3.597, -0.760, -3.101, -3.149, -3.282, -2.678, -3.191
-3.549, -3.195, -2.881, -3.271, -1.761, -5.053, -3.662, -2.808, -3.502, -3.141
-3.112, -3.606, -2.903, -2.960, -1.724, -5.162, -3.193, -3.366, -4.508, -2.938
-3.013, -3.109, -4.010, -4.721, -1.656, -4.613, -2.867, -3.018, -2.635, -3.227
-3.236, -3.445, -3.463, -3.664, -2.052, -7.418, -3.288, -2.646, -3.255, -3.315
-2.946, -3.159, -3.689, -6.065, -0.944, -3.381, -3.408, -4.027, -2.839, -3.284
-2.673, -3.124, -3.244, -2.687, -4.467, -2.044, -3.148, -1.985, -2.556, -3.101
-3.064, -3.699, -2.584, -3.508, -3.788, -6.572, -2.933, -3.240, -3.540, -3.097
-3.601, -2.853, -2.707, -3.810, -1.536, -4.723, -2.893, -3.440, -3.617, -3.112
-3.571, -3.647, -3.350, -3.782, -4.924, -2.187, -3.936, -1.717, -3.422, -3.520
-3.248, -2.887, -3.131, -3.615, -1.656, -4.866, -3.234, -2.970, -2.942, -2.770
-3.607, -3.070, -3.158, -2.614, -8.597, -3.812, -2.827, -3.254, -3.036, -3.079
-2.717, -3.436, -3.533, -2.874, -5.062, -2.390, -2.597, -2.311, -3.639, -2.867
-3.066, -3.477, -3.103, -3.941, -1.773, -4.103, -2.960, -3.319, -3.086, -3.106
-3.596, -3.370, -3.253, -3.152, -8.531, -2.913, -2.567, -2.809, -3.751, -4.206
-3.182, -3.279, -3.149, -3.036, -6.999, -2.382, -3.175, -2.555, -3.371, -2.920
-3.244, -3.624, -3.009, -2.685, -8.686, -2.969, -2.844, -3.266, -2.937, -3.468
-3.533, -2.534, -2.121, -3.330, -2.138, -4.675, -2.909, -3.020, -3.794, -2.765
-3.535, -2.997, -3.334, -2.893, -4.812, -1.929, -3.986, -2.599, -3.162, -3.324
-3.276, -2.794, -2.913, -3.492, -1.550, -4.757, -3.466, -2.489, -3.447, -2.915
-3.383, -2.832, -3.324, -2.068, -4.363, -1.896, -2.524, -3.881, -2.963, -2.397
-3.573, -2.917, -3.360, -5.533, -1.514, -3.805, -3.039, -3.281, -2.935, -2.783
-3.377, -2.359, -2.651, -3.493, -1.460, -4.365, -3.209, -3.216, -3.514, -3.911
-3.529, -3.216, -3.286, -3.691, -5.848, -2.010, -2.746, -2.740, -3.330, -3.271
-3.478, -2.862, -4.007, -3.963, -1.867, -6.664, -2.834, -2.821, -3.123, -3.209
-3.417, -3.236, -4.951, -2.886, -3.607, -1.892, -3.327, -2.757, -3.198, -3.590
-3.665, -3.217, -3.378, -2.305, -1.945, -6.458, -2.915, -2.998, -3.876, -3.358
-2.702, -2.903, -3.119, -3.318, -5.435, -2.136, -3.032, -2.482, -3.113, -3.071
-3.307, -3.807, -3.375, -3.169, -4.449, -1.222, -2.596, -3.213, -3.362, -3.467
-2.956, -2.735, -3.353, -3.001, -1.369, -4.861, -3.239, -3.285, -3.256, -3.039
-3.133, -2.611, -2.731, -2.331, -4.770, -2.201, -3.476, -2.926, -2.925, -3.351
-2.533, -3.392, -3.218, -3.664, -1.677, -4.161, -3.155, -4.455, -3.447, -3.317
-3.037, -3.223, -2.799, -3.368, -14.287, -3.777, -3.092, -2.615, -2.943, -3.027
-3.282, -3.311, -3.697, -2.561, -4.671, -2.418, -4.413, -2.980, -2.915, -3.259
-3.844, -3.417, -2.644, -2.391, -4.337, -1.952, -3.352, -2.631, -3.001, -2.680
-3.915, -3.273, -3.321, -4.268, -0.662, -3.373, -3.978, -3.115, -3.520, -3.038
-3.405, -3.246, -3.744, -3.122, -1.864, -5.295, -3.243, -3.028, -3.530, -3.128
-3.325, -3.468, -3.486, -2.937, -4.747, -1.957, -3.140, -3.499, -3.358, -3.265
-3.118, -2.678, -3.095, -2.918, -5.633, -2.022, -3.349, -3.114, -3.168, -2.899
-3.724, -3.659, -3.317, -5.712, -1.834, -4.425, -3.324, -4.061, -3.646, -3.393
-3.104, -3.492, -3.137, -3.093, -6.327, -1.821, -3.011, -3.091, -2.974, -3.427
-2.868, -3.084, -3.164, -3.721, -1.304, -4.141, -3.041, -3.882, -3.321, -3.043
-2.260, -2.984, -3.801, -3.546, -6.337, -1.685, -2.272, -2.684, -3.686, -3.157
-2.909, -3.098, -3.704, -2.883, -5.770, -2.670, -3.109, -2.852, -3.176, -3.554
-3.278, -3.118, -3.545, -3.876, -2.276, -5.392, -2.654, -3.328, -3.325, -3.235
-3.112, -2.626, -3.211, -2.404, -4.457, -1.974, -3.044, -3.582, -3.630, -3.287
-3.676, -3.516, -3.205, -3.358, -7.713, -2.750, -3.462, -2.580, -2.516, -3.423
-3.124, -3.461, -3.184, -3.334, -10.321, -3.194, -2.505, -2.857, -3.675, -3.230
-3.453, -3.157, -3.130, -2.384, -6.683, -2.234, -3.273, -3.160, -2.848, -3.095
-2.999, -3.044, -4.722, -3.212, -7.061, -2.554, -3.516, -2.949, -3.618, -2.973
-2.837, -3.151, -3.639, -3.536, -5.536, -2.339, -2.691, -1.627, -3.163, -2.976
-3.275, -3.086, -3.379, -4.519, -0.725, -3.879, -3.477, -3.237, -3.129, -3.153
-2.750, -3.833, -3.023, -2.987, -8.782, -2.559, -2.718, -2.619, -3.207, -3.453
-2.988, -2.857, -3.583, -2.774, -5.445, -1.616, -3.082, -3.666, -3.304, -3.402
-3.324, -2.883, -4.343, -1.906, -4.769, -1.856, -3.291, -2.777, -2.717, -2.933
-3.153, -3.225, -3.034, -2.859, -1.955, -5.621, -3.245, -2.516, -3.318, -3.547
-2.702, -2.750, -3.424, -3.695, -1.917, -7.266, -3.204, -2.937, -3.077, -3.124
-2.813, -3.224, -3.454, -3.131, -4.227, -1.400, -2.871, -2.576, -3.189, -3.276
-2.753, -2.158, -3.746, -3.777, -0.897, -4.593, -2.872, -3.120, -3.265, -3.522
-3.535, -4.114, -3.298, -5.015, -6.663, -1.610, -3.133, -2.569, -2.812, -3.034
-3.789, -2.732, -2.704, -3.059, -1.295, -4.747, -3.181, -3.736, -3.619, -2.806
-3.449, -3.546, -2.927, -6.030, -1.666, -3.797, -2.772, -4.410, -3.354, -3.323
-3.530, -3.362, -3.006, -3.260, -6.330, -2.490, -3.229, -3.760, -3.230, -3.112
-3.252, -3.079, -2.559, -4.643, -2.101, -4.149, -3.536, -3.655, -2.919, -3.493
-3.300, -3.459, -2.434, -5.127, -2.683, -4.550, -2.910, -3.352, -2.565, -2.977
-2.740, -3.858, -2.720, -3.231, -5.303, -1.906, -3.876, -2.461, -3.686, -3.296
-3.324, -4.038, -2.572, -3.426, -2.432, -5.613, -2.777, -2.961, -3.044, -2.931
-3.061, -3.509, -3.431, -3.721, -2.084, -5.472, -4.248, -2.942, -3.206, -3.186
-3.130, -3.051, -3.267, -2.453, -2.288, -6.980, -3.111, -2.716, -3.645, -3.089
-2.890, -3.662, -3.471, -3.642, -1.171, -3.834, -2.941, -3.490, -2.767, -3.310
-3.109, -3.461, -2.080, -3.234, -1.845, -4.629, -6.197, -4.234, -2.361, -3.673
-3.524, -3.080, -3.006, -3.129, -2.517, -8.178, -3.050, -3.121, -3.690, -3.384
-2.781, -2.922, -3.345, -2.789, -6.648, -2.821, -3.085, -3.122, -3.051, -3.570
-3.079, -2.958, -3.221, -2.845, -5.100, -1.916, -3.275, -3.336, -2.521, -2.722
-3.072, -3.246, -3.117, -3.412, -7.907, -3.008, -2.692, -2.461, -3.240, -3.251
-3.257, -2.863, -3.454, -2.712, -6.502, -2.983, -3.267, -3.195, -3.079, -3.009
-2.503, -3.019, -3.449, -3.022, -7.325, -2.699, -2.818, -3.160, -3.396, -3.838
-3.127, -2.995, -3.754, -3.313, -6.598, -2.991, -3.550, -2.513, -3.145, -3.072
-2.875, -2.887, -3.451, -3.051, -4.380, -1.533, -2.147, -2.976, -3.794, -3.293
-3.170, -3.284, -3.289, -2.439, -2.505, -6.896, -3.077, -3.039, -3.162, -3.381
-2.588, -3.223, -3.042, -3.397, -9.968, -3.796, -3.104, -2.776, -3.457, -3.134
-2.305, -3.642, -3.355, -3.576, -1.893, -4.591, -2.804, -4.018, -2.840, -3.340
-3.092, -3.129, -3.433, -3.448, -3.445, -0.993, -2.519, -2.839, -3.059, -3.068
-3.181, -2.762, -3.398, -3.550, -1.403, -4.012, -3.220, -3.137, -2.152, -4.001
-3.029, -3.503, -2.900, -3.262, -4.827, -1.646, -2.917, -2.669, -3.483, -2.963
-2.918, -2.923, -3.191, -2.368, -5.354, -1.966, -2.573, -3.875, -3.206, -3.703
-3.752, -3.561, -3.316, -3.358, -1.670, -4.315, -2.167, -2.794, -2.856, -3.436
-2.781, -2.738, -3.491, -3.902, -1.368, -4.527, -3.100, -4.035, -3.045, -3.224
-3.484, -3.026, -2.888, -1.962, -3.344, -1.304, -2.824, -4.043, -2.973, -2.897
-4.205, -3.056, -3.179, -3.839, -1.256, -4.882, -3.333, -3.582, -3.122, -3.929
-3.102, -2.457, -2.601, -3.722, -2.181, -5.294, -2.783, -3.931, -3.080, -3.154
-3.832, -2.012, -2.933, -3.270, -0.941, -4.637, -3.704, -3.318, -3.110, -2.910
-3.111, -3.108, -3.480, -3.342, -4.438, -1.528, -3.409, -3.526, -3.085, -2.952
-3.344, -3.055, -3.401, -3.152, -1.534, -4.834, -2.937, -2.365, -2.854, -3.448
-3.006, -3.118, -3.640, -3.731, -5.703, -2.600, -3.960, -2.895, -3.052, -2.967
-3.897, -3.574, -3.163, -2.582, -5.777, -2.704, -3.094, -2.872, -2.977, -2.952
-3.093, -2.663, -3.506, -3.348, -1.483, -5.923, -3.181, -3.088, -3.259, -3.243
-2.940, -3.621, -3.013, -2.379, -4.137, -1.727, -3.075, -3.616, -3.125, -3.389
-2.981, -2.587, -3.132, -4.063, -1.440, -5.475, -3.607, -2.856, -2.307, -3.708
-3.089, -2.878, -3.428, -2.029, -5.760, -2.753, -2.721, -3.045, -3.239, -3.424
-3.262, -2.694, -3.238, -2.823, -8.657, -3.831, -2.255, -2.804, -3.482, -3.265
-3.421, -4.388, -2.321, -4.586, -6.411, -2.054, -3.966, -2.808, -3.099, -2.817
-3.584, -2.893, -2.475, -3.736, -2.186, -4.959, -2.860, -2.799, -3.592, -3.194
-3.088, -3.144, -3.068, -3.325, -7.190, -2.901, -2.828, -2.535, -3.825, -2.907
-2.798, -3.160, -2.323, -3.569, -1.942, -4.561, -2.391, -3.394, -2.820, -3.671
-3.020, -2.905, -3.288, -3.940, -1.459, -4.536, -3.680, -2.857, -3.459, -3.143
-3.072, -2.776, -3.120, -2.729, -5.750, -2.523, -2.856, -3.155, -3.481, -3.024
-3.477, -3.324, -2.534, -3.995, -1.924, -5.266, -1.985, -2.781, -3.259, -3.104
-3.108, -3.163, -3.133, -3.622, -7.840, -2.893, -3.030, -2.808, -2.784, -3.304
-3.376, -2.768, -3.529, -3.070, -5.738, -2.050, -3.465, -3.932, -3.234, -3.041
-3.289, -3.420, -3.324, -2.995, -1.772, -5.275, -4.080, -3.156, -3.381, -2.579
-2.891, -3.606, -3.941, -3.332, -5.394, -2.099, -3.050, -2.364, -2.774, -2.667
-3.237, -2.585, -3.502, -3.185, -1.084, -3.810, -2.906, -3.308, -2.420, -3.579
-3.104, -2.872, -2.657, -3.283, -1.972, -4.817, -3.763, -3.202, -3.342, -2.841
-3.030, -3.600, -2.915, -2.625, -5.635, -1.733, -3.078, -2.956, -3.149, -3.113
-3.130, -3.538, -2.992, -2.261, -7.689, -1.639, -2.960, -3.369, -3.285, -2.945
-2.690, -3.542, -2.772, -3.694, -2.370, -5.819, -3.522, -3.296, -2.744, -2.413
-3.176, -3.073, -3.310, -2.469, -2.274, -6.305, -3.353, -2.820, -3.474, -3.227
-2.665, -3.536, -2.963, -4.102, -9.501, -3.709, -3.145, -2.081, -3.367, -2.818
-3.142, -3.401, -3.675, -3.166, -5.148, -2.160, -3.544, -3.409, -3.012, -3.390
-3.157, -3.319, -3.252, -3.401, -6.492, -2.926, -3.563, -2.377, -3.735, -3.288
-2.769, -3.447, -3.140, -2.870, -2.160, -5.619, -3.488, -3.607, -3.238, -3.413
-3.264, -3.264, -3.214, -2.820, -5.320, -1.631, -3.054, -3.820, -2.858, -2.733
-2.793, -2.372, -3.065, -2.152, -6.021, -2.200, -2.372, -2.692, -3.303, -3.675
-3.300, -2.725, -3.675, -2.762, -6.653, -2.822, -3.180, -3.206, -3.328, -3.187
-2.752, -3.121, -2.788, -4.828, -2.179, -4.247, -3.428, -3.628, -3.127, -3.611
-2.911, -3.525, -3.322, -2.891, -2.503, -6.439, -3.679, -2.471, -3.641, -3.628
-2.710, -2.365, -2.850, -2.823, -0.720, -3.395, -3.172, -2.866, -3.294, -2.578
-3.345, -3.311, -3.704, -2.831, -1.980, -6.032, -3.205, -2.596, -3.342, -3.668
-3.107, -2.617, -3.688, -3.478, -1.674, -6.713, -3.127, -2.790, -3.033, -3.567
-2.961, -3.429, -3.577, -3.622, -5.109, -1.180, -2.853, -2.429, -2.932, -3.244
-3.298, -3.336, -2.675, -2.610, -6.622, -2.719, -2.915, -3.027, -3.311, -3.083
-3.272, -4.145, -3.067, -2.745, -2.677, -6.058, -3.246, -2.924, -3.611, -3.171
-2.641, -2.437, -3.044, -3.387, -2.262, -6.669, -3.395, -2.979, -3.711, -3.060
-3.079, -2.590, -2.596, -3.241, -7.587, -2.419, -4.086, -3.403, -2.650, -3.085
-2.708, -3.485, -2.621, -5.365, -2.698, -6.151, -3.455, -3.541, -2.972, -3.098
-3.263, -2.965, -3.190, -3.047, -9.002, -3.447, -2.891, -2.932, -3.201, -3.452
-3.457, -4.009, -3.077, -2.915, -5.312, -1.423, -3.226, -3.907, -3.093, -3.091
-3.187, -3.381, -2.847, -2.600, -7.840, -2.699, -3.138, -3.121, -3.066, -3.618
-2.786, -2.609, -3.421, -3.469, -2.104, -6.006, -3.091, -2.577, -2.679, -3.395
-3.804, -2.818, -2.822, -3.692, -1.956, -6.357, -3.238, -3.638, -3.651, -3.332
-3.129, -2.562, -4.536, -3.468, -1.570, -5.356, -3.375, -2.873, -3.208, -3.021
-2.979, -3.490, -3.659, -5.645, -1.402, -3.610, -3.189, -3.006, -3.044, -3.159
-3.003, -2.796, -2.926, -2.239, -4.838, -1.375, -3.076, -3.248, -2.886, -2.723
-3.561, -2.306, -2.959, -2.579, -1.358, -4.587, -2.337, -2.907, -3.580, -3.918
-3.843, -3.274, -2.815, -2.442, -6.490, -2.536, -3.305, -2.552, -3.114, -3.375
-3.186, -3.967, -2.838, -3.017, -12.178, -2.980, -2.901, -2.571, -3.037, -3.481
-2.597, -3.593, -3.382, -3.179, -2.081, -5.134, -3.302, -3.184, -2.910, -3.133
-3.439, -3.276, -3.190, -3.150, -8.619, -3.847, -3.764, -3.475, -3.126, -2.813
-3.228, -3.400, -3.045, -2.563, -2.121, -5.490, -3.961, -3.126, -3.312, -3.136
-3.161, -3.116, -3.260, -4.077, -4.546, -0.860, -2.991, -2.420, -2.596, -3.752
-3.411, -4.082, -3.316, -2.680, -2.404, -7.281, -3.399, -2.920, -3.000, -2.692
-2.984, -2.681, -3.303, -4.303, -0.827, -4.221, -3.320, -2.844, -2.836, -3.397
-3.198, -3.675, -3.088, -2.535, -1.753, -4.744, -2.709, -3.005, -3.275, -2.656
-3.261, -3.151, -3.088, -3.367, -8.227, -3.398, -3.509, -2.926, -3.298, -2.840
-3.105, -3.186, -3.061, -3.267, -1.712, -4.785, -3.136, -2.570, -3.411, -3.140
-3.050, -3.565, -3.153, -2.858, -2.260, -5.238, -2.501, -3.397, -3.011, -3.402
-3.599, -2.998, -2.869, -2.281, -4.521, -1.037, -2.874, -2.287, -3.046, -3.407
-2.374, -3.794, -3.478, -3.793, -1.607, -4.028, -2.809, -3.836, -3.100, -3.296
-2.408, -3.409, -3.446, -4.536, -7.752, -2.752, -2.679, -2.342, -3.812, -3.135
-3.511, -3.652, -2.202, -2.427, -2.224, -4.796, -2.480, -2.995, -3.723, -3.021
-2.779, -3.512, -2.898, -3.503, -8.414, -3.174, -2.912, -3.065, -3.194, -2.903
-3.584, -3.074, -2.770, -1.784, -4.396, -1.996, -3.189, -3.420, -3.048, -3.274
-2.975, -3.141, -3.641, -3.658, -2.047, -5.014, -2.999, -2.968, -2.907, -3.670
-2.629, -5.061, -2.764, -4.701, -2.441, -4.427, -2.900, -2.801, -3.330, -2.756
-2.874, -3.734, -3.076, -4.129, -2.507, -5.030, -3.857, -3.176, -2.535, -3.262
-2.922, -3.760, -3.461, -3.355, -2.428, -5.846, -2.990, -2.753, -2.933, -3.121
-3.713, -3.666, -2.749, -2.803, -5.822, -2.364, -3.855, -2.893, -3.798, -2.840
-3.549, -3.709, -3.035, -2.812, -1.695, -5.435, -3.794, -4.038, -3.299, -3.372
-3.093, -2.383, -3.198, -3.040, -0.620, -3.609, -2.952, -3.090, -3.503, -3.253
-3.494, -2.806, -3.564, -3.319, -4.954, -1.795, -3.463, -3.324, -3.105, -3.688
-3.132, -3.155, -2.561, -4.102, -1.662, -4.009, -2.875, -3.029, -3.241, -3.116
-2.988, -3.118, -3.661, -4.321, -0.711, -3.584, -2.876, -3.308, -3.535, -3.216
-3.398, -3.051, -3.408, -2.384, -1.869, -5.591, -3.159, -2.209, -3.569, -3.055
-3.853, -4.050, -3.005, -2.258, -2.812, -6.634, -3.222, -2.720, -3.297, -3.235
-3.075, -3.685, -3.765, -3.837, -1.532, -4.668, -3.112, -3.369, -3.202, -2.908
-2.987, -3.218, -3.623, -3.293, -7.457, -2.277, -3.035, -2.426, -3.696, -2.907
-3.252, -3.534, -3.101, -2.767, -6.822, -2.502, -3.072, -3.230, -3.177, -2.918
-3.217, -3.205, -2.173, -4.692, -1.594, -3.698, -2.631, -3.396, -3.143, -3.135
-3.990, -3.404, -3.365, -2.992, -1.978, -5.755, -2.834, -3.264, -2.961, -3.238
-3.477, -2.627, -3.357, -2.636, -5.130, -2.217, -3.025, -3.801, -2.840, -3.414
-3.352, -2.659, -3.939, -2.507, -6.470, -3.234, -2.338, -3.442, -3.290, -3.277
-3.125, -3.632, -2.299, -3.902, -1.585, -3.586, -2.948, -2.906, -2.957, -2.783
-2.833, -2.713, -3.261, -3.196, -0.953, -3.344, -2.648, -3.199, -2.313, -3.942
-3.290, -3.517, -3.477, -2.425, -5.703, -2.695, -2.230, -2.697, -4.034, -2.502
-2.721, -3.557, -3.393, -3.614, -1.914, -4.783, -3.005, -3.696, -3.042, -3.641
-3.199, -4.490, -3.619, -2.843, -4.987, -2.373, -2.803, -1.644, -3.079, -3.204
-3.096, -2.927, -2.920, -3.009, -7.275, -2.877, -3.040, -3.293, -3.171, -3.308
-3.348, -3.160, -3.845, -2.089, -4.276, -2.361, -3.591, -2.632, -3.014, -3.053
-2.789, -3.309, -3.001, -2.379, -1.709, -4.809, -3.242, -3.803, -2.903, -2.616
-2.845, -3.421, -3.312, -2.944, -8.487, -2.550, -2.959, -2.789, -3.423, -3.235
-2.991, -2.632, -3.096, -4.066, -1.526, -5.089, -3.263, -2.825, -3.029, -3.167
-3.091, -3.208, -2.920, -2.796, -11.632, -3.645, -2.921, -2.848, -2.919, -2.963
-3.265, -3.117, -2.645, -2.009, -17.416, -3.657, -2.822, -3.268, -3.390, -3.044
-2.839, -2.993, -3.438, -2.905, -3.946, -1.533, -3.616, -3.880, -3.341, -3.319
-3.675, -3.214, -2.876, -2.164, -4.472, -2.176, -3.726, -2.889, -3.173, -2.680
-3.094, -2.790, -3.488, -3.124, -6.448, -2.981, -3.121, -2.742, -3.053, -3.152
-2.865, -3.118, -3.221, -2.999, -2.237, -5.570, -4.208, -3.671, -3.087, -2.827
-3.141, -3.289, -3.474, -2.931, -5.698, -2.641, -3.063, -2.575, -2.938, -3.412
-2.750, -3.565, -3.076, -3.130, -2.909, -6.110, -3.289, -2.952, -3.672, -3.169
-3.405, -2.736, -3.348, -2.435, -5.182, -2.191, -3.290, -3.735, -2.952, -3.023
-3.431, -3.764, -3.620, -2.564, -2.612, -0.888, -3.550, -3.023, -3.202, -2.960
-3.308, -3.050, -3.979, -2.682, -6.943, -3.118, -3.552, -3.416, -3.179, -3.177
-3.783, -4.061, -2.187, -3.730, -1.725, -4.199, -2.923, -2.988, -3.418, -3.539
-3.882, -3.345, -2.913, -2.129, -4.732, -1.770, -3.116, -2.813, -3.266, -3.154
-3.565, -3.350, -3.012, -2.634, -7.602, -2.649, -3.117, -3.333, -3.330, -3.020
-3.427, -2.857, -3.527, -2.610, -4.995, -2.080, -2.426, -2.335, -3.099, -3.666
-3.047, -3.043, -3.159, -2.352, -4.387, -2.081, -3.345, -3.340, -3.065, -3.006
-2.643, -3.439, -2.813, -4.249, -1.987, -4.901, -3.480, -3.340, -2.949, -3.078
-3.344, -3.618, -2.955, -2.907, -5.378, -1.818, -3.065, -2.733, -3.750, -3.393
-3.016, -3.423, -2.679, -3.649, -7.223, -3.055, -4.477, -2.315, -3.392, -2.292
-3.198, -2.671, -3.227, -4.855, -6.008, -2.322, -3.790, -2.020, -2.924, -3.020
-3.787, -3.211, -3.118, -2.513, -6.285, -2.829, -2.868, -3.565, -3.248, -3.287
-3.171, -3.240, -2.768, -2.695, -10.369, -3.890, -2.960, -3.561, -3.695, -3.246
-2.694, -3.223, -2.764, -3.394, -9.477, -3.073, -3.050, -2.692, -3.155, -3.047
-3.152, -2.458, -2.979, -3.777, -0.976, -3.929, -3.490, -2.756, -2.863, -3.408
-3.347, -3.219, -3.314, -3.419, -1.376, -4.320, -3.264, -2.692, -2.941, -3.224
-3.375, -2.874, -3.204, -3.586, -1.912, -5.665, -3.425, -3.511, -3.290, -3.027
-3.288, -2.985, -3.145, -3.050, -6.876, -3.053, -2.841, -2.559, -3.101, -3.723
-3.318, -3.058, -3.467, -2.199, -6.695, -3.208, -2.979, -2.989, -3.207, -3.353
-3.170, -3.113, -3.435, -2.647, -4.839, -1.708, -2.859, -3.398, -3.345, -3.385
-3.407, -2.803, -2.827, -3.420, -9.488, -3.799, -3.397, -2.995, -3.041, -3.263
-3.336, -3.091, -3.363, -3.126, -2.040, -5.993, -3.238, -3.066, -2.887, -3.183
-2.887, -2.957, -3.468, -3.781, -1.853, -5.047, -2.829, -3.559, -3.511, -3.249
-3.573, -3.238, -3.787, -2.378, -4.699, -2.045, -3.066, -2.751, -3.108, -3.186
-2.644, -3.698, -2.900, -2.605, -4.846, -1.774, -2.274, -3.336, -3.703, -3.247
-2.903, -3.139, -3.546, -2.895, -6.687, -2.834, -2.840, -3.092, -3.479, -3.223
-3.353, -3.786, -2.666, -4.595, -1.562, -3.628, -3.352, -2.933, -2.763, -2.969
-3.034, -3.160, -3.287, -3.264, -1.926, -5.098, -3.195, -2.594, -3.133, -3.135
-3.260, -3.647, -3.304, -2.554, -5.291, -1.455, -3.235, -3.288, -3.151, -3.086
-3.331, -3.025, -3.271, -2.838, -4.938, -2.202, -3.349, -3.201, -2.885, -3.293
-2.969, -2.554, -2.455, -4.210, -1.945, -4.266, -2.370, -3.146, -3.124, -3.280
-3.633, -2.719, -3.809, -3.239, -6.529, -3.021, -3.260, -2.546, -2.897, -3.357
-3.016, -3.686, -2.814, -4.298, -1.740, -4.460, -2.439, -2.900, -3.147, -3.055
-3.351, -3.338, -3.277, -4.901, -1.557, -3.796, -3.391, -3.689, -3.084, -3.160
-3.157, -3.212, -3.033, -3.269, -7.223, -2.936, -4.028, -2.499, -3.285, -3.256
-2.964, -3.564, -4.389, -2.478, -4.129, -1.976, -4.133, -3.574, -3.261, -3.607
-3.778, -3.124, -2.969, -2.901, -3.479, -1.300, -3.386, -2.899, -3.050, -3.217
-3.163, -3.029, -5.578, -2.315, -5.111, -3.044, -4.411, -2.955, -3.040, -3.045
-2.786, -3.906, -2.785, -3.742, -5.584, -2.062, -3.547, -2.506, -3.140, -2.935
-3.120, -3.022, -3.409, -2.905, -6.315, -2.753, -2.958, -3.091, -3.104, -3.186
-3.370, -2.902, -1.841, -3.825, -1.680, -3.507, -2.255, -2.968, -3.403, -3.229
-3.375, -2.843, -2.621, -2.380, -1.747, -4.813, -3.666, -3.354, -3.282, -3.037
-3.669, -3.228, -2.711, -3.576, -2.476, -5.141, -2.640, -2.951, -3.481, -3.122
-3.553, -3.302, -2.513, -3.222, -7.312, -3.041, -3.403, -2.435, -2.861, -2.907
-2.955, -2.829, -2.909, -1.741, -3.979, -1.982, -3.131, -2.382, -2.720, -3.254
-2.921, -2.794, -3.015, -2.823, -7.693, -3.002, -3.613, -3.000, -3.065, -3.134
-3.493, -3.037, -3.366, -2.974, -2.240, -6.286, -3.285, -2.663, -3.006, -3.199
-3.281, -2.755, -3.182, -3.421, -1.901, -5.694, -2.849, -2.505, -3.293, -3.337
-3.189, -2.516, -2.843, -3.476, -1.524, -4.730, -3.015, -2.381, -2.892, -2.920
-3.023, -3.326, -3.302, -3.783, -8.112, -3.022, -3.301, -1.831, -2.855, -3.025
-4.061, -3.450, -2.436, -3.037, -6.632, -1.847, -3.497, -2.884, -3.541, -3.205
-3.077, -4.539, -2.940, -2.253, -4.088, -1.710, -2.901, -3.128, -2.885, -2.789
-3.369, -2.918, -3.110, -3.084, -1.132, -4.545, -3.677, -3.333, -3.274, -3.196
-3.010, -2.912, -3.173, -3.039, -8.012, -2.383, -3.099, -2.640, -3.759, -2.694
-3.207, -3.574, -3.016, -3.169, -6.383, -2.666, -2.465, -2.729, -3.525, -2.996
-3.150, -2.895, -3.010, -3.056, -1.291, -4.386, -3.440, -2.613, -3.080, -3.379
-3.513, -3.168, -3.335, -2.982, -7.161, -2.948, -2.617, -2.455, -3.007, -3.571
-2.947, -2.247, -3.282, -2.876, -1.518, -4.589, -2.928, -3.117, -3.192, -3.323
-3.073, -3.686, -2.919, -3.097, -7.505, -3.177, -3.484, -3.048, -3.436, -3.087
-2.885, -3.228, -2.895, -2.797, -2.499, -5.807, -3.293, -2.431, -3.211, -2.472
-2.920, -3.883, -2.889, -4.098, -5.547, -1.182, -3.623, -2.138, -2.756, -3.167
-2.738, -3.306, -2.959, -2.526, -2.064, -5.311, -3.474, -2.262, -3.331, -2.861
-3.101, -3.368, -3.652, -3.049, -8.021, -3.538, -3.459, -3.030, -3.083, -2.887
-2.915, -2.683, -3.047, -2.742, -1.251, -3.777, -2.101, -3.953, -3.289, -3.244
-3.508, -3.637, -3.633, -2.475, -5.066, -2.361, -3.326, -3.074, -3.093, -3.231
-3.053, -2.026, -3.269, -3.673, -0.613, -3.767, -3.749, -2.916, -2.442, -3.224
-3.337, -2.939, -3.007, -4.425, -1.025, -3.690, -3.524, -2.908, -2.781, -3.147
-2.896, -2.273, -3.071, -2.992, -5.233, -1.844, -3.020, -4.087, -2.825, -3.329
-3.156, -2.645, -2.991, -2.440, -6.376, -2.029, -3.399, -2.972, -3.020, -2.867
-3.204, -2.982, -3.467, -3.724, -2.164, -5.215, -2.968, -2.592, -2.908, -3.372
-2.922, -2.693, -3.500, -4.245, -0.347, -2.832, -3.334, -3.042, -2.866, -3.156
-3.128, -3.210, -3.237, -2.691, -5.907, -2.438, -2.131, -3.541, -2.959, -2.617
-3.388, -3.760, -2.499, -3.630, -2.789, -5.553, -3.017, -2.513, -3.398, -3.657
-3.438, -2.945, -3.718, -5.237, -1.172, -4.682, -3.373, -3.083, -3.456, -3.222
-4.106, -2.982, -2.663, -2.244, -4.626, -2.110, -3.871, -3.847, -2.905, -3.106
-2.614, -3.570, -2.995, -3.145, -6.690, -2.791, -3.004, -2.668, -3.422, -3.029
-3.537, -3.583, -3.775, -3.585, -6.768, -2.779, -3.439, -3.060, -2.191, -3.460
-3.566, -2.990, -3.116, -3.352, -1.274, -5.066, -3.865, -2.605, -3.231, -2.816
-2.821, -2.907, -3.459, -3.889, -0.910, -3.690, -3.123, -3.179, -3.544, -2.938
-3.286, -3.179, -3.556, -2.456, -6.167, -2.554, -3.757, -2.589, -2.947, -3.183
-3.225, -3.091, -3.394, -3.927, -2.298, -5.248, -3.080, -2.743, -3.217, -3.395
-3.206, -2.712, -3.474, -3.692, -9.359, -3.699, -2.540, -3.014, -3.419, -2.857
-2.960, -3.227, -3.696, -3.114, -5.205, -2.140, -2.975, -2.776, -3.156, -3.319
-3.481, -2.719, -2.633, -2.879, -8.085, -3.227, -3.432, -3.062, -3.253, -3.288
-3.351, -3.349, -2.041, -4.432, -1.481, -3.796, -2.357, -3.449, -3.495, -3.168
-3.079, -2.792, -3.037, -4.121, -0.963, -3.395, -3.060, -3.070, -3.158, -3.077
-3.060, -2.902, -3.388, -2.793, -5.028, -1.227, -3.297, -2.589, -3.194, -3.177
-2.276, -3.187, -3.121, -3.012, -5.704, -2.282, -2.886, -2.456, -2.785, -2.692
-2.943, -2.567, -3.098, -4.223, -2.247, -5.295, -3.193, -3.005, -3.614, -3.230
-2.588, -2.659, -3.203, -2.870, -3.937, -1.496, -3.113, -2.334, -3.147, -3.596
-3.126, -2.989, -3.093, -2.515, -5.588, -2.022, -3.218, -3.046, -2.932, -3.174
-3.315, -3.342, -3.224, -2.945, -1.792, -5.664, -3.365, -2.813, -3.411, -3.061
-3.216, -3.936, -4.534, -4.349, -4.447, -1.707, -3.267, -2.912, -3.010, -3.911
-3.319, -2.820, -3.382, -3.422, -5.313, -1.678, -3.404, -2.844, -4.125, -2.675
-2.992, -3.378, -2.823, -2.996, -5.528, -2.111, -3.006, -3.138, -2.993, -3.393
-3.493, -3.549, -3.335, -2.691, -5.243, -2.448, -3.694, -2.618, -3.272, -3.198
-3.203, -3.659, -3.074, -3.264, -8.011, -2.548, -2.694, -2.275, -3.450, -3.362
-3.034, -2.872, -3.185, -2.586, -5.506, -1.944, -2.968, -2.506, -3.479, -2.797
-2.850, -3.602, -3.412, -4.279, -13.097, -3.625, -2.659, -3.296, -2.427, -3.944
-3.357, -3.478, -3.425, -3.642, -9.275, -3.046, -2.872, -2.119, -3.057, -3.397
-3.126, -2.944, -3.374, -4.722, -0.969, -4.005, -3.113, -3.093, -3.283, -3.236
-3.036, -3.045, -3.955, -2.221, -6.696, -2.500, -2.410, -3.966, -4.009, -2.307
-3.237, -2.937, -3.218, -3.329, -5.101, -1.814, -3.403, -3.852, -2.684, -3.090
-3.307, -2.649, -3.126, -4.010, -1.681, -5.147, -3.149, -2.845, -3.259, -3.198
-2.395, -3.563, -2.983, -3.597, -1.952, -5.842, -3.820, -3.562, -3.126, -3.042
-2.932, -3.793, -2.805, -1.938, -3.000, -6.672, -3.637, -2.788, -3.123, -2.881
-3.651, -3.614, -2.104, -3.683, -1.578, -4.033, -2.707, -2.806, -3.654, -3.253
-3.473, -3.348, -2.980, -2.155, -9.662, -3.195, -2.773, -2.972, -3.107, -3.334
-2.700, -3.728, -3.648, -3.738, -1.378, -4.330, -2.996, -3.870, -3.364, -3.096
-3.518, -3.635, -4.325, -2.501, -5.149, -2.491, -2.581, -3.776, -3.022, -3.522
-2.682, -3.333, -2.976, -3.027, -6.726, -2.880, -2.940, -2.634, -3.389, -2.850
-3.286, -3.097, -3.278, -3.829, -1.747, -5.265, -3.532, -3.175, -2.946, -2.602
-2.778, -3.734, -3.057, -3.141, -2.609, -6.015, -3.289, -2.878, -2.779, -3.115
-3.000, -3.509, -3.573, -3.661, -1.576, -4.634, -3.024, -2.679, -3.093, -3.178
-3.294, -4.032, -3.310, -4.340, -1.984, -5.238, -3.640, -3.093, -2.851, -3.199
-3.262, -3.170, -3.250, -4.423, -2.459, -5.840, -3.032, -3.508, -3.188, -3.291
-3.575, -2.982, -3.090, -2.975, -9.453, -3.281, -3.105, -3.049, -3.166, -3.652
-2.747, -2.824, -4.145, -2.728, -5.306, -1.946, -2.242, -3.616, -3.204, -3.789
-2.740, -3.754, -3.392, -3.409, -6.613, -2.491, -3.159, -3.304, -2.870, -2.499
-3.331, -2.930, -2.581, -1.885, -5.255, -1.380, -3.047, -3.081, -3.205, -3.441
-3.243, -3.235, -5.093, -2.081, -4.771, -2.617, -3.770, -3.946, -3.545, -3.026
-3.278, -3.450, -2.712, -2.852, -8.731, -3.369, -3.550, -3.013, -3.413, -2.970
-2.900, -2.760, -2.648, -4.598, -2.280, -4.578, -2.432, -3.519, -3.185, -3.166
-2.902, -3.121, -2.795, -2.108, -5.209, -2.488, -3.266, -2.328, -3.108, -3.417
-2.695, -3.535, -2.866, -3.212, -1.519, -4.672, -3.346, -4.166, -2.671, -2.983
-3.679, -3.156, -3.378, -3.785, -1.860, -6.354, -3.489, -3.178, -3.138, -3.348
-2.982, -2.747, -3.059, -3.304, -1.665, -5.186, -2.793, -2.656, -3.533, -3.082
-3.145, -2.531, -2.659, -3.903, -1.412, -5.216, -4.298, -2.695, -3.099, -3.237
-3.497, -2.824, -2.399, -3.056, -5.034, -1.780, -3.901, -3.176, -3.632, -3.155
-3.309, -2.687, -2.221, -2.673, -9.890, -3.088, -3.337, -2.830, -2.779, -3.093
-2.846, -2.927, -3.268, -3.321, -1.360, -4.391, -3.942, -3.650, -3.319, -3.042
-3.314, -2.869, -3.924, -3.927, -1.959, -4.984, -3.077, -3.630, -3.147, -2.603
-3.338, -3.186, -2.934, -2.887, -8.433, -3.195, -3.179, -2.366, -3.527, -2.889
-3.419, -3.347, -2.376, -2.480, -9.845, -2.472, -3.661, -2.773, -2.560, -3.041
-3.233, -2.628, -3.085, -3.428, -2.189, -6.101, -3.144, -3.037, -3.322, -3.097
-2.646, -3.128, -3.296, -2.872, -5.213, -2.044, -2.574, -3.118, -3.609, -3.006
-3.420, -3.023, -3.256, -2.617, -2.484, -6.005, -3.332, -2.669, -3.575, -3.032
-3.699, -3.147, -3.433, -4.029, -0.759, -3.593, -3.578, -2.798, -3.624, -3.185
-2.921, -2.820, -2.739, -3.935, -2.445, -4.846, -3.383, -3.172, -2.594, -2.653
-2.996, -3.243, -3.085, -3.591, -2.528, -5.192, -3.347, -3.007, -2.476, -3.100
-3.231, -2.865, -3.340, -4.594, -0.962, -4.546, -3.490, -3.598, -3.172, -2.860
-3.437, -3.001, -3.061, -3.406, -1.439, -4.641, -3.679, -3.208, -3.363, -3.122
-3.320, -3.244, -3.462, -2.900, -2.799, -7.070, -3.441, -2.530, -3.182, -2.775
-3.142, -2.998, -3.632, -5.151, -1.441, -4.555, -3.294, -3.349, -3.165, -3.481
-3.113, -3.062, -2.673, -2.552, -9.372, -3.904, -2.852, -3.470, -3.262, -3.412
-3.143, -3.154, -2.766, -3.169, -2.293, -5.812, -3.274, -2.846, -2.953, -3.225
-2.670, -2.601, -3.081, -2.890, -5.175, -1.477, -2.728, -2.514, -2.740, -2.746
-2.914, -2.443, -2.802, -4.438, -2.476, -4.754, -3.075, -3.260, -3.193, -3.163
-3.123, -4.168, -2.816, -2.159, -4.735, -2.221, -3.453, -2.860, -3.132, -3.410
-3.084, -2.588, -3.630, -4.624, -0.830, -4.507, -3.373, -3.134, -3.091, -3.265
-3.375, -2.523, -3.225, -2.775, -1.319, -4.568, -3.335, -2.038, -3.450, -3.238
-3.331, -2.909, -3.085, -2.604, -5.810, -2.589, -3.677, -3.745, -3.280, -3.347
-3.260, -2.955, -4.071, -3.065, -6.410, -2.769, -2.827, -3.475, -3.361, -3.202
-2.556, -3.891, -3.496, -3.648, -1.639, -4.447, -2.944, -3.600, -3.233, -3.207
-3.237, -3.072, -3.391, -2.702, -3.805, -0.815, -2.371, -3.418, -3.414, -3.452
-2.935, -2.663, -2.709, -3.648, -1.178, -4.204, -3.541, -2.888, -2.932, -3.392
-3.097, -3.763, -2.684, -2.829, -6.984, -2.833, -3.481, -3.017, -3.531, -2.860
-3.059, -2.882, -4.372, -2.953, -5.037, -2.509, -3.623, -3.309, -3.045, -3.216
-3.416, -2.514, -3.092, -2.600, -1.462, -4.988, -3.320, -2.743, -3.580, -3.216
-3.739, -2.678, -2.667, -3.800, -1.189, -3.858, -4.460, -3.049, -2.410, -3.472
-3.162, -2.646, -3.387, -5.077, -1.408, -5.960, -2.947, -2.924, -3.137, -3.136
-3.260, -3.452, -3.108, -3.267, -6.535, -2.018, -3.248, -2.360, -3.047, -3.064
-2.794, -3.484, -3.454, -2.765, -2.322, -5.698, -3.641, -3.363, -3.126, -2.936
-3.310, -3.166, -2.880, -3.763, -1.850, -5.810, -3.226, -3.799, -3.274, -3.042
-3.256, -3.086, -2.721, -3.551, -1.749, -4.422, -2.808, -3.212, -3.265, -3.169
-2.731, -3.102, -3.378, -3.452, -1.407, -4.190, -3.011, -3.835, -3.230, -3.203
-3.830, -2.593, -3.428, -3.035, -5.348, -2.338, -3.277, -3.730, -3.637, -3.105
-3.090, -3.444, -2.799, -1.667, -4.976, -2.272, -3.064, -3.125, -3.546, -3.114
-3.357, -3.132, -3.159, -3.448, -2.037, -4.790, -3.641, -3.609, -2.800, -3.463
-2.974, -2.592, -2.460, -4.194, -1.733, -4.404, -2.599, -2.995, -3.080, -3.133
-3.376, -2.747, -3.156, -3.274, -1.097, -3.978, -2.940, -2.306, -3.579, -3.190
-3.327, -3.200, -3.567, -4.155, -2.166, -5.624, -3.132, -3.442, -3.068, -3.167
-3.298, -3.476, -3.012, -2.548, -6.929, -1.636, -2.901, -2.618, -2.985, -3.524
-2.950, -3.273, -3.107, -3.122, -4.212, -1.601, -3.401, -3.725, -3.058, -3.071
-2.956, -2.772, -2.877, -4.323, -1.793, -4.099, -3.011, -3.259, -3.095, -3.308
-3.142, -2.796, -3.407, -5.249, -1.238, -4.819, -3.229, -3.914, -3.144, -3.143
-3.364, -3.506, -3.467, -2.777, -5.902, -2.071, -3.123, -3.566, -3.429, -3.265
-3.185, -3.510, -2.918, -2.435, -7.391, -2.448, -3.045, -3.529, -3.210, -3.093
-3.070, -3.062, -3.839, -3.737, -1.312, -3.841, -2.625, -3.441, -2.202, -4.162
-3.006, -3.821, -3.104, -3.159, -7.521, -3.418, -3.447, -2.583, -2.967, -2.857
-2.744, -2.518, -2.887, -2.400, -6.191, -2.225, -3.048, -2.609, -3.070, -3.448
-3.089, -3.305, -3.519, -3.743, -0.840, -3.531, -3.087, -3.393, -3.051, -3.352
-3.624, -2.647, -2.869, -3.055, -1.828, -4.655, -3.283, -2.883, -3.115, -3.125
-2.672, -3.321, -3.720, -3.656, -5.447, -2.162, -2.508, -2.505, -3.437, -3.390
-3.670, -3.867, -3.039, -1.729, -3.708, -1.640, -2.473, -3.108, -3.023, -2.890
-3.293, -2.505, -2.454, -4.187, -2.019, -5.062, -3.020, -2.747, -3.418, -3.274
-2.586, -2.105, -3.300, -2.777, -6.382, -2.428, -3.401, -2.385, -2.738, -2.693
-3.311, -3.099, -3.049, -2.020, -5.283, -1.935, -4.039, -2.785, -3.212, -3.194
-3.266, -3.292, -3.129, -2.068, -6.974, -2.145, -2.782, -2.910, -3.674, -2.890
-3.393, -2.911, -3.156, -2.343, -8.799, -3.309, -2.924, -3.426, -3.218, -3.456
-3.015, -2.446, -2.941, -3.913, -1.675, -5.980, -4.058, -2.794, -2.659, -2.968
-3.195, -3.801, -2.162, -3.366, -2.715, -5.361, -2.944, -2.945, -3.107, -3.137
-3.236, -2.984, -2.993, -2.543, -7.087, -2.962, -3.095, -2.909, -2.999, -3.310
-3.513, -2.743, -2.808, -3.926, -2.062, -4.509, -2.975, -3.237, -3.419, -3.162
-3.096, -2.975, -3.524, -3.610, -1.556, -4.880, -2.785, -2.898, -2.959, -3.120
-3.235, -2.734, -3.654, -3.197, -0.758, -3.906, -2.836, -4.971, -3.894, -3.203
-3.050, -3.205, -3.052, -2.904, -1.703, -5.569, -3.452, -2.632, -3.148, -2.809
-3.493, -3.406, -3.572, -2.480, -1.674, -5.463, -3.119, -2.546, -3.650, -3.264
-3.393, -3.143, -3.473, -2.856, -6.796, -3.223, -3.350, -3.351, -3.285, -3.448
-3.369, -3.028, -3.531, -4.280, -2.424, -5.879, -2.783, -3.256, -2.702, -3.019
-2.965, -3.104, -3.705, -4.248, -1.662, -5.055, -2.815, -3.064, -2.714, -2.896
-3.561, -2.994, -4.198, -2.492, -7.395, -3.155, -3.604, -3.119, -3.140, -3.339
-3.309, -2.895, -3.394, -2.067, -4.062, -1.919, -2.814, -3.296, -3.372, -2.809
-3.623, -2.338, -2.937, -2.906, -1.486, -5.081, -3.303, -3.168, -3.499, -2.897
-3.434, -3.326, -3.159, -3.455, -7.283, -2.859, -3.673, -1.791, -3.481, -3.123
-2.921, -2.937, -3.380, -3.841, -4.463, -1.653, -3.404, -2.281, -3.664, -3.422
-2.766, -3.177, -3.351, -3.287, -2.397, -6.210, -2.617, -3.507, -3.797, -3.120
-3.217, -3.164, -3.362, -3.119, -1.481, -5.296, -3.624, -3.470, -2.985, -3.133
-3.142, -3.354, -3.375, -2.792, -1.655, -5.316, -3.097, -2.972, -2.957, -2.971
-3.381, -3.596, -3.396, -2.951, -4.624, -1.610, -4.070, -2.933, -3.431, -2.698
-2.805, -3.412, -3.025, -3.552, -1.833, -4.633, -3.805, -2.643, -2.944, -3.745
-3.685, -2.993, -3.085, -2.184, -8.236, -3.103, -3.013, -3.244, -3.299, -3.358
-2.953, -2.673, -3.852, -4.711, -1.472, -5.615, -3.171, -3.255, -3.043, -2.931
-3.595, -2.840, -3.284, -2.857, -5.942, -2.522, -3.071, -2.829, -2.785, -3.288
-3.860, -3.040, -2.209, -3.069, -2.843, -5.883, -2.561, -3.144, -3.458, -3.333
-2.861, -2.526, -3.408, -4.021, -3.038, -6.208, -3.747, -2.944, -2.933, -3.441
-2.968, -3.103, -2.982, -3.296, -7.739, -3.283, -3.346, -2.844, -2.930, -3.217
-3.732, -3.035, -3.515, -2.652, -4.117, -1.518, -2.956, -3.134, -3.240, -3.265
-3.474, -3.482, -3.679, -2.924, -2.372, -6.351, -3.181, -2.619, -3.380, -3.155
-3.177, -3.021, -3.340, -3.128, -1.502, -5.399, -2.919, -3.089, -3.074, -3.423
-3.758, -3.564, -3.308, -3.159, -1.479, -4.267, -2.423, -3.683, -2.576, -3.662
-3.301, -3.207, -2.560, -2.983, -8.842, -3.360, -3.908, -3.076, -3.022, -3.184
-3.089, -3.371, -2.958, -3.653, -6.624, -2.436, -3.227, -3.147, -3.774, -2.980
-3.496, -3.566, -2.640, -1.963, -4.568, -1.865, -3.194, -2.486, -3.127, -4.022
-2.906, -3.315, -2.724, -1.982, -4.959, -0.897, -3.158, -2.527, -3.045, -3.276
-3.156, -3.218, -3.032, -2.723, -5.393, -2.435, -3.417, -2.997, -3.215, -3.290
-3.254, -3.087, -3.462, -2.745, -5.744, -1.739, -3.122, -3.797, -3.468, -2.985
-2.940, -3.371, -3.653, -3.848, -1.220, -4.158, -3.035, -3.805, -3.536, -3.012
-3.620, -2.916, -3.202, -2.811, -1.754, -5.673, -3.605, -2.992, -3.396, -3.140
-2.705, -3.715, -3.475, -5.044, -1.649, -4.302, -4.079, -3.696, -2.816, -2.659
-3.273, -3.762, -3.507, -4.591, -1.659, -5.265, -3.200, -2.979, -3.175, -3.345
-3.335, -2.973, -2.957, -1.885, -7.599, -3.051, -3.002, -3.281, -3.247, -3.177
-2.833, -2.502, -2.708, -3.139, -1.444, -4.480, -3.022, -3.068, -3.002, -2.894
-3.316, -3.172, -2.571, -2.941, -8.778, -3.506, -4.061, -3.161, -2.809, -3.026
-3.288, -3.349, -3.249, -3.100, -1.259, -4.764, -3.665, -3.568, -3.128, -3.100
-2.923, -2.623, -3.402, -4.091, -2.323, -5.559, -3.150, -3.102, -3.008, -3.521
-2.810, -3.748, -3.340, -3.151, -5.395, -1.773, -2.981, -3.041, -3.773, -3.314
-3.046, -3.469, -3.485, -4.335, -1.432, -4.056, -3.202, -2.802, -3.459, -2.946
-2.944, -2.917, -3.431, -3.840, -0.852, -4.025, -3.447, -3.067, -3.184, -3.066
-3.502, -3.237, -3.320, -2.662, -4.634, -1.609, -4.170, -2.734, -3.050, -2.879
-3.281, -3.454, -3.742, -2.932, -6.405, -2.757, -2.842, -3.188, -3.299, -2.856
-2.843, -2.735, -3.021, -3.160, -9.156, -3.558, -3.555, -3.241, -2.973, -3.247
-3.285, -3.032, -2.933, -2.544, -7.998, -3.268, -3.112, -3.342, -3.130, -3.231
-3.328, -2.685, -3.150, -1.915, -6.215, -1.945, -3.173, -2.774, -2.981, -3.219
-3.682, -2.976, -3.574, -2.113, -4.415, -2.216, -2.870, -2.616, -2.506, -2.752
-3.265, -2.678, -2.937, -2.986, -1.778, -4.907, -2.623, -4.367, -3.131, -3.152
-2.765, -2.281, -2.411, -1.986, -5.530, -1.948, -3.014, -2.259, -2.675, -3.163
-3.298, -2.859, -2.689, -3.788, -2.366, -4.861, -3.416, -3.104, -3.048, -3.382
-2.469, -2.450, -2.792, -2.718, -1.210, -4.391, -2.917, -3.479, -2.871, -2.817
-3.832, -3.528, -3.035, -2.699, -5.764, -2.448, -2.838, -4.150, -3.473, -2.990
-3.307, -3.274, -3.414, -2.976, -7.143, -2.675, -3.268, -3.294, -3.117, -3.174
-2.829, -2.847, -3.509, -2.891, -11.297, -3.563, -2.158, -3.209, -3.367, -3.200
-3.271, -3.710, -2.818, -4.212, -2.040, -4.541, -2.642, -3.229, -2.704, -3.057
-3.237, -2.923, -3.169, -3.289, -0.834, -3.724, -3.536, -3.295, -3.110, -2.971
-2.417, -3.125, -2.381, -4.326, -1.793, -4.097, -4.994, -2.635, -2.892, -3.160
-3.192, -2.226, -3.214, -3.705, -1.412, -5.447, -3.714, -3.234, -2.645, -3.222
-3.074, -3.478, -2.834, -3.438, -7.257, -2.201, -3.220, -2.291, -2.980, -3.464
-3.308, -3.522, -3.107, -3.402, -1.680, -4.949, -2.907, -3.006, -3.202, -3.124
-3.254, -3.753, -2.580, -3.332, -2.409, -5.534, -2.350, -3.624, -2.890, -3.270
-2.606, -3.300, -2.531, -2.900, -2.745, -5.665, -3.067, -3.147, -2.743, -3.249
-3.447, -2.848, -3.831, -4.544, -1.728, -5.784, -3.232, -3.401, -3.083, -3.097
-3.281, -3.378, -2.969, -3.063, -8.156, -3.422, -2.616, -2.569, -3.620, -3.531
-2.907, -3.432, -4.378, -3.045, -5.880, -2.996, -2.876, -2.972, -3.397, -2.785
-2.706, -2.482, -3.916, -3.255, -5.095, -2.048, -2.782, -2.766, -2.973, -3.302
-2.980, -3.409, -2.599, -3.084, -5.473, -1.793, -3.611, -3.168, -2.999, -3.088
-3.020, -2.646, -3.499, -2.872, -3.354, -1.090, -3.559, -2.837, -3.287, -2.908
-2.987, -3.059, -3.439, -3.171, -5.019, -2.007, -3.291, -2.846, -2.757, -3.151
-3.455, -2.882, -3.358, -3.300, -1.614, -5.699, -2.419, -2.856, -2.787, -3.317
-3.067, -2.964, -3.026, -3.723, -0.696, -3.024, -3.203, -3.247, -2.803, -3.216
-3.308, -3.624, -3.056, -3.150, -6.674, -2.679, -3.399, -2.596, -3.137, -3.005
-3.092, -3.177, -3.309, -2.940, -9.635, -3.563, -2.957, -3.543, -3.042, -2.986
-3.073, -3.197, -3.447, -2.429, -5.400, -2.278, -3.674, -3.239, -2.931, -2.950
-3.440, -2.545, -2.475, -3.496, -2.182, -4.388, -2.385, -3.211, -3.333, -3.248
-3.317, -3.421, -2.532, -2.525, -10.176, -3.044, -2.932, -3.062, -3.207, -2.930
-3.250, -3.324, -2.816, -2.961, -2.481, -5.872, -3.158, -3.281, -2.907, -3.466
-3.716, -2.762, -3.258, -2.635, -2.214, -5.740, -3.774, -3.931, -3.294, -3.300
-3.150, -3.138, -3.193, -2.133, -4.178, -1.749, -3.102, -2.915, -3.306, -3.159
-3.240, -3.275, -2.853, -2.069, -1.825, -5.009, -3.356, -4.113, -3.380, -2.849
-2.995, -3.305, -3.406, -5.164, -2.103, -4.520, -3.296, -3.043, -3.293, -3.155
-3.290, -3.549, -3.518, -2.247, -2.470, -6.185, -2.937, -2.695, -3.169, -2.789
-3.206, -2.644, -2.879, -4.431, -1.430, -3.973, -3.255, -3.286, -2.706, -3.090
-3.341, -2.527, -2.653, -3.450, -2.202, -5.088, -3.123, -3.097, -3.302, -3.212
-3.584, -3.023, -2.666, -3.584, -1.535, -4.303, -3.371, -4.266, -3.123, -2.731
-3.727, -3.153, -3.440, -3.511, -1.608, -5.854, -3.535, -2.405, -3.789, -3.105
-3.032, -3.235, -3.939, -4.393, -1.747, -4.621, -2.895, -2.183, -2.901, -3.293
-3.067, -2.560, -3.083, -3.272, -2.128, -5.108, -3.048, -2.372, -3.060, -3.146
