2.4712, 1.7555
2.6138, 2.3711
2.3507, 1.9705
2.2270, 2.4159
2.1713, 2.3625
2.5168, 2.2838
2.0760, 2.5662
2.2684, 2.7656
2.4628, 2.2771
2.5280, 2.1333
2.2396, 2.3283
2.4449, 2.6622
2.5469, 1.9776
2.4194, 2.5332
1.9333, 2.3707
2.4370, 1.8723
2.2728, 2.0075
2.0046, 2.5181
2.3207, 2.4234
2.0323, 2.5409
1.9542, 2.7076
2.2749, 2.2114
2.4552, 2.3193
2.2540, 1.9917
2.6346, 2.0354
2.7257, 2.0997
2.3930, 2.2979
2.3494, 2.7101
2.2833, 2.5735
1.9580, 2.8087
2.3868, 1.9912
2.5791, 2.3335
2.1722, 2.3222
2.5446, 1.9498
2.4295, 1.9635
2.2051, 2.3015
2.3190, 2.1524
2.4412, 2.1743
2.2556, 2.2428
2.5210, 2.3899
2.4578, 2.0572
2.4683, 2.1223
2.1636, 2.4180
2.5835, 2.0775
2.1393, 2.2662
2.3757, 2.4012
2.0743, 2.5039
2.4839, 2.2377
2.4351, 2.0509
2.3050, 2.6277
2.6709, 2.1455
2.4417, 2.1623
2.1809, 2.4625
2.5161, 2.3908
2.3374, 2.1642
2.2092, 2.5497
2.2911, 2.6481
2.3637, 1.9463
2.4991, 1.9814
2.4440, 2.8087
2.4067, 1.8985
2.4696, 2.0057
2.4081, 2.3105
2.1156, 2.3276
2.5165, 1.9648
2.4936, 2.7610
2.1176, 2.2337
2.2967, 2.2116
2.3069, 2.4903
2.2324, 1.9019
2.3121, 2.2392
2.4810, 2.1708
2.5474, 1.8674
2.3701, 2.2134
2.3433, 2.0510
2.4314, 2.3391
2.2358, 2.4883
2.0193, 2.4127
2.4979, 2.1170
1.8334, 2.6885
2.3422, 2.3532
2.1097, 2.1008
2.3826, 2.4287
2.6308, 2.4470
2.6288, 2.6255
2.0619, 2.2028
2.3783, 2.4329
1.9029, 2.6594
2.5414, 2.7246
2.4145, 2.8845
2.3090, 2.1642
2.0426, 2.5980
2.2650, 2.2676
2.1869, 2.3195
2.3852, 2.1051
2.3724, 2.0727
2.3857, 2.2416
2.1141, 2.3451
2.4146, 1.9468
2.3388, 2.2884
2.2019, 2.3430
2.2697, 2.5068
2.4377, 2.5218
2.4368, 2.2278
2.3666, 2.4818
2.2642, 2.4692
2.3772, 2.1962
2.3480, 2.1548
2.3128, 2.5568
2.2822, 2.6371
2.3625, 2.1952
2.1177, 2.6623
2.2892, 2.6727
2.1187, 2.2192
2.2296, 2.5322
2.3227, 2.7736
2.0560, 2.2133
2.3111, 2.0239
2.2145, 2.0475
2.4600, 2.4933
2.5445, 2.6170
2.5068, 1.9391
2.4531, 2.6785
1.9308, 2.6504
2.4029, 2.0693
2.1375, 2.0973
2.3767, 2.0649
2.0768, 2.6270
2.2967, 2.7115
2.3613, 2.2817
2.1450, 2.0483
2.2464, 2.0481
2.7118, 2.2214
2.3435, 2.2365
2.3376, 2.1864
2.7858, 2.1786
2.3852, 1.7964
2.3165, 2.5566
2.7554, 2.3991
1.8610, 2.5746
2.3651, 1.8309
2.3375, 2.6270
2.1522, 2.7608
2.2707, 2.3796
2.3592, 2.0358
2.7343, 2.3257
2.1936, 2.6788
2.3868, 2.6431
2.4719, 2.7472
2.3654, 2.1321
2.2204, 2.1585
2.4611, 1.9946
2.3152, 2.2310
2.5788, 2.3338
2.5518, 1.7513
2.4683, 1.9001
1.9801, 2.4555
2.0931, 2.2149
2.3461, 2.2857
2.5729, 2.8731
1.9253, 2.3754
2.1051, 2.4678
2.1490, 2.3969
2.5987, 2.0363
2.2917, 2.6412
2.5598, 2.0638
2.4137, 2.0210
2.7218, 2.0570
2.3662, 2.5531
2.2499, 2.1929
2.2744, 2.3615
2.3382, 2.1959
2.3665, 1.9807
2.3745, 2.3616
2.5907, 2.4548
2.0882, 2.5650
2.3953, 2.4102
2.0509, 2.4845
2.3102, 2.8351
2.2561, 2.4441
2.4972, 2.2265
2.0467, 2.6129
2.4047, 2.5734
2.3309, 2.4518
2.4764, 2.1705
2.2644, 2.5486
2.5837, 2.3490
2.2419, 1.9723
2.1938, 2.4386
2.4951, 2.7456
2.1708, 2.3182
2.5164, 2.0834
2.2926, 2.7607
2.6538, 1.9404
2.2749, 2.0523
2.2773, 1.9762
2.2208, 2.1157
2.3402, 1.8442
2.3605, 2.2750
2.6848, 2.4562
2.4189, 2.1701
2.3932, 2.7452
2.4829, 1.7206
2.3861, 2.6203
2.3282, 2.1407
2.4458, 2.6469
2.3555, 2.6571
2.4804, 2.2862
2.3369, 1.9821
2.2141, 2.6092
2.0822, 2.3827
1.9884, 2.6174
2.6354, 2.0513
2.4408, 2.2055
2.4835, 2.6884
2.3299, 2.4070
2.0953, 2.5233
2.4666, 2.1368
1.9824, 2.5833
2.1840, 2.6518
2.5902, 2.5526
2.2288, 2.3421
2.0238, 2.1226
2.6399, 2.3610
2.4186, 2.1637
2.4221, 2.4532
2.4513, 1.6788
2.5682, 2.4243
2.5326, 2.2427
2.4063, 2.1755
2.5368, 1.9716
2.4603, 2.9999
2.3629, 2.3569
2.3336, 2.5589
2.1045, 2.3011
2.4483, 1.9419
2.3073, 2.1683
2.2029, 2.1828
2.1056, 2.3796
2.2796, 2.4521
2.4378, 2.4977
2.0131, 2.3406
2.3572, 2.2218
2.2138, 2.2602
2.3512, 2.2843
2.1175, 2.5012
2.3831, 2.8216
2.0847, 2.7763
2.2520, 2.2183
2.4962, 2.2765
2.4366, 2.1007
2.1040, 2.6266
1.9063, 2.6368
2.2129, 2.3485
2.2690, 2.3237
2.4797, 2.1163
2.1815, 2.3547
2.3837, 2.2467
2.2927, 2.4816
2.5098, 2.2852
2.4379, 2.1888
2.1104, 2.6153
2.5555, 2.6111
2.3012, 2.2792
2.5108, 2.3571
2.4977, 2.3014
2.5204, 2.6408
2.3055, 2.6097
2.4347, 2.5738
2.1545, 2.2772
2.4042, 2.3562
2.5536, 2.5466
2.3393, 2.5241
2.4776, 2.4870
2.3923, 2.2221
2.0093, 2.5696
2.6356, 2.0882
2.1028, 2.4163
2.5312, 1.9435
2.2816, 2.3204
2.2576, 2.7190
2.1971, 2.0853
2.4597, 2.5132
2.4147, 2.4016
2.3488, 2.5705
2.4379, 2.1131
2.5925, 2.1836
2.2973, 2.3845
2.6520, 1.9071
2.5342, 2.0247
2.3857, 2.2045
2.1673, 2.3363
2.1353, 2.4932
2.6481, 1.9768
1.9551, 2.5953
2.4299, 2.0720
2.3832, 2.0790
2.6849, 2.2913
2.6915, 2.1759
2.7081, 2.2972
2.1631, 2.4286
2.1433, 2.5918
2.4344, 2.2500
2.4737, 2.3450
2.4028, 2.5932
2.7827, 2.2536
2.2062, 2.7477
2.6317, 2.0371
2.5471, 2.2671
2.3303, 2.3120
2.6758, 2.2927
2.2786, 2.3883
2.4406, 2.0960
2.1568, 2.5120
2.2891, 2.5364
2.4421, 2.0666
2.6368, 2.0686
2.2443, 2.5142
2.3121, 2.2258
2.0577, 2.2855
1.9478, 2.5563
2.4300, 2.4969
2.2944, 2.4647
2.3713, 2.1828
2.0502, 2.5984
2.4333, 2.1456
1.9607, 2.6955
2.1996, 2.5739
2.1232, 2.4182
2.5506, 2.4515
2.4350, 2.0692
2.3036, 2.0165
2.6614, 2.3803
2.5708, 2.0261
2.3521, 2.0709
2.0194, 2.6861
2.2429, 2.0878
2.1370, 2.5161
2.4600, 1.9480
2.4655, 2.1429
2.2765, 2.7553
2.0833, 2.5150
2.8548, 2.1683
2.5547, 2.5003
2.4851, 2.4296
2.2003, 2.5245
2.5541, 1.6111
2.0194, 2.7675
1.9144, 2.6324
2.5436, 2.3441
1.8124, 2.7214
2.2471, 2.3895
2.2406, 2.2511
2.3165, 2.4058
1.9602, 2.4288
2.1849, 2.1141
2.0471, 2.4574
2.5831, 2.6146
2.3132, 2.2373
2.1525, 2.2260
2.3103, 2.3433
2.2248, 1.9946
2.3967, 2.2065
2.5232, 2.1322
2.2260, 2.5268
2.5798, 2.2408
2.1667, 2.4649
2.3445, 2.2121
2.2802, 2.2332
2.3579, 2.6002
2.4438, 2.4002
2.4153, 1.8512
2.3826, 2.3602
2.3495, 2.6917
2.6903, 2.1682
2.4604, 2.3109
2.1179, 2.4057
2.4678, 2.0613
2.1077, 2.3437
2.4204, 2.0525
2.1792, 2.5192
1.9527, 2.5840
2.3759, 2.4525
2.2239, 2.3309
2.2309, 2.3949
2.4434, 2.3434
2.5983, 2.2716
2.6258, 2.1054
2.3622, 2.2530
2.2907, 2.3618
2.4375, 2.2208
2.7896, 1.8427
2.1215, 2.1394
2.5327, 2.3312
2.3851, 2.3063
2.4319, 2.0469
1.9465, 2.6088
2.6024, 2.1520
2.3236, 2.1219
2.0187, 2.5418
2.4716, 2.1856
2.5658, 2.2622
2.3966, 2.2611
2.4710, 2.0441
2.4256, 2.1063
2.3352, 2.5376
2.1372, 2.7015
2.3138, 2.2914
2.2181, 2.2148
2.5415, 2.5545
2.2822, 1.8728
2.5080, 2.2902
1.9586, 2.4996
1.9562, 2.5980
2.3717, 2.3514
2.0742, 2.5271
2.4451, 2.7099
2.4221, 2.2747
2.4378, 1.6960
1.9854, 2.5225
2.5044, 2.1639
2.5049, 2.1824
2.0471, 2.5662
2.4082, 2.3758
2.3603, 2.3013
2.4342, 2.8098
2.5456, 2.0026
2.4327, 2.3875
2.4851, 2.2407
2.3556, 2.4569
2.3381, 2.8589
2.1477, 2.7477
2.4464, 1.9836
1.9375, 2.2533
1.8733, 2.6166
2.5218, 2.6864
2.0202, 2.6909
2.4132, 1.9625
2.3922, 2.0035
2.3996, 2.4226
2.4043, 2.0294
2.4175, 2.0071
2.2650, 2.5901
2.0666, 2.1816
2.2957, 2.3594
2.4646, 2.0288
2.3592, 2.2892
2.5762, 1.9454
2.3761, 2.3084
2.5706, 2.1846
2.3130, 2.7135
2.4671, 2.0220
2.3335, 1.9772
2.6721, 1.7015
2.5050, 2.0455
2.3577, 2.3308
2.4209, 2.2586
2.1143, 2.7831
2.2006, 2.5802
2.3844, 2.0282
2.2344, 2.6275
2.3202, 2.6294
2.3996, 2.4745
2.4091, 2.3603
2.3481, 2.0483
2.4799, 2.2167
2.4736, 1.7380
2.4048, 1.8093
2.5270, 2.1607
2.4900, 2.2745
2.4705, 1.7547
1.9783, 2.3726
2.4510, 2.0923
2.0057, 2.5468
2.2543, 2.2737
2.6285, 2.2524
2.4598, 2.0675
2.4749, 2.0207
2.4338, 2.2576
1.9655, 2.8098
2.0552, 2.5187
2.3846, 2.7827
2.3920, 2.7253
2.7002, 1.4229
2.2561, 2.2128
2.3324, 2.2842
2.2689, 2.2239
2.4293, 1.9406
2.2264, 2.4105
2.3480, 2.7460
2.3565, 2.4878
2.0646, 2.1499
2.8348, 1.9908
2.4047, 2.0574
2.6596, 2.1413
2.6093, 2.2665
2.2158, 2.6383
1.8814, 2.6799
2.4372, 2.7373
2.2436, 2.2837
2.2005, 2.2866
2.5850, 1.8000
2.4995, 1.8768
2.2168, 2.4460
2.5761, 2.2767
2.0501, 2.4352
2.3545, 2.7465
2.1004, 2.3666
2.4902, 2.4365
2.4131, 2.3134
2.5274, 2.5915
2.1622, 2.1683
2.5172, 2.1074
2.2530, 1.9880
2.4697, 2.2624
2.3107, 2.1818
2.3810, 2.3789
2.4651, 1.9774
1.9716, 2.5827
2.5469, 2.3262
2.5503, 2.2458
2.1296, 2.7531
2.3151, 2.1631
2.3721, 2.5091
1.9824, 2.2044
2.1814, 2.4290
2.2348, 2.2824
2.5147, 2.0582
2.2320, 2.2475
2.4098, 2.3429
2.5049, 2.1262
2.3908, 2.1379
2.5662, 2.0582
2.5536, 2.4544
2.3239, 2.4834
1.9782, 2.6379
2.2743, 2.0406
2.5856, 2.0403
2.5091, 2.6202
2.3956, 2.4671
2.4785, 2.1077
2.3404, 2.1156
2.0552, 2.8829
2.2191, 2.4506
2.5047, 1.5254
2.6556, 1.8747
2.4247, 2.6431
2.4073, 2.1707
2.4262, 2.2639
2.1935, 2.5544
2.2618, 2.7533
2.1901, 2.3044
2.5803, 2.2022
2.2415, 1.9454
1.7869, 2.6322
2.3910, 2.5785
2.3979, 2.5440
2.3720, 2.2269
2.0982, 2.5274
2.3511, 1.8662
2.4118, 2.1375
2.1499, 2.3764
2.4122, 2.3809
2.1980, 2.5118
2.5171, 2.1773
2.4901, 2.4738
2.4113, 2.2444
2.4433, 2.6217
2.2298, 2.1467
2.4264, 2.2392
2.3248, 2.3247
2.3426, 2.7613
1.8983, 2.3447
2.2116, 2.4436
2.1814, 2.5364
2.3106, 2.1410
2.4384, 2.4204
1.9221, 2.6818
2.3630, 2.3466
1.9305, 2.7506
2.3350, 2.8172
2.3774, 2.8168
2.3994, 2.2349
2.0601, 2.5917
1.9876, 2.6932
2.1787, 2.2532
2.5004, 2.7547
2.4642, 1.9732
2.2960, 2.2192
2.7455, 2.2040
2.5729, 2.3745
2.0755, 2.3842
2.2353, 2.5634
2.3387, 2.4016
2.3351, 2.3183
2.4612, 2.6566
2.3335, 2.1219
2.4523, 2.7311
2.2577, 2.5863
2.6241, 1.7905
2.4867, 1.9945
1.9518, 2.7194
2.2848, 2.9022
2.5613, 2.4168
2.2342, 2.3500
2.5389, 2.8112
2.2361, 1.9935
2.1088, 2.5838
2.9520, 2.1408
2.5468, 2.1368
2.1993, 2.4176
2.3607, 2.4482
2.3897, 2.7898
2.2619, 2.2720
2.3931, 2.0692
2.6136, 1.9531
1.9883, 2.6824
2.2691, 2.3865
1.9460, 2.8017
2.2364, 2.5379
2.4443, 2.0115
2.2036, 2.4859
2.2211, 2.6454
2.4035, 2.2234
2.0049, 2.2628
2.2536, 2.2551
1.9918, 2.5979
2.3637, 2.0659
2.5289, 2.0387
2.8337, 1.9948
2.5706, 2.2722
2.3003, 2.6373
2.2387, 2.7791
2.3893, 2.1681
2.4158, 2.0955
2.1981, 2.3008
2.2907, 2.1489
2.4058, 2.0704
2.6517, 2.2202
2.0709, 2.4665
2.4729, 2.2528
1.9108, 2.5655
2.4521, 2.5253
2.1350, 2.6515
2.2193, 2.6124
2.3878, 2.4432
2.0502, 2.4765
2.3226, 2.2698
2.3579, 2.0942
2.9129, 1.8913
2.4345, 1.9984
2.4447, 2.3844
2.2492, 2.2561
2.2563, 2.4162
2.4159, 2.2100
2.4376, 1.9744
2.0043, 2.8170
2.2821, 2.6861
2.4691, 2.6505
2.1939, 2.1541
2.3567, 2.1022
2.2280, 2.4858
2.4371, 2.2834
2.7295, 2.2375
2.1241, 2.1379
2.1300, 2.4565
2.0883, 2.3698
2.3623, 2.1300
2.5036, 1.9443
2.8364, 1.7704
2.4444, 2.0699
2.2903, 2.8076
2.4843, 2.7639
2.1168, 2.3917
2.6036, 2.2667
2.3083, 2.3436
2.3792, 2.3266
2.2285, 2.0219
2.4680, 2.7403
2.2799, 2.2996
2.5131, 2.2836
2.0945, 2.0562
2.5661, 2.0147
2.2997, 2.2920
2.3981, 2.0993
2.3034, 2.1119
2.3341, 2.4166
2.1894, 2.4975
2.3546, 2.0496
2.1446, 2.5161
2.4490, 2.0389
2.2352, 2.5894
1.8759, 2.7075
2.2968, 2.6061
2.4561, 2.2944
2.2121, 2.1825
2.0813, 2.1705
2.2685, 2.2872
1.9605, 2.4912
2.5213, 2.2487
2.0914, 2.3652
2.3991, 2.2019
2.9230, 2.2322
2.4218, 2.5154
2.3669, 2.2331
2.4387, 2.0982
2.5310, 2.1570
2.6044, 2.2857
2.2958, 2.3581
2.7937, 2.2784
2.3790, 2.2903
2.8464, 2.2422
2.2579, 2.6456
2.2248, 2.4265
2.5096, 2.5625
2.1557, 2.8288
2.3449, 2.4930
2.0492, 2.4649
2.3837, 2.3616
2.4709, 2.0186
2.4336, 2.9927
2.2884, 2.1141
2.4498, 2.7014
2.3064, 2.0338
2.6064, 2.4859
2.2247, 1.9687
2.2591, 2.3867
2.3067, 2.3911
2.3620, 2.1474
2.2897, 2.1141
2.0994, 2.5922
2.3540, 1.9714
2.2496, 2.4294
2.2673, 2.0567
2.2700, 2.0170
2.7201, 2.1824
2.5024, 2.1019
2.4563, 2.0672
2.2062, 2.6760
2.5238, 2.7385
2.2802, 1.9809
2.4631, 2.4356
2.6999, 2.1243
2.5842, 2.7925
2.4830, 2.0617
2.3891, 2.1711
2.1729, 2.4358
2.3179, 2.2279
2.4163, 2.3266
2.3368, 2.1548
2.3082, 2.6445
2.0234, 2.4529
2.2705, 2.1004
2.3523, 2.0727
2.3690, 2.1443
2.1382, 2.8487
2.2760, 2.1556
2.5189, 2.4040
2.1667, 2.7085
2.0798, 2.3121
2.3287, 2.3427
2.3557, 2.0748
2.2202, 2.3369
2.2613, 2.7182
2.5707, 2.2480
2.0184, 2.6411
2.3918, 2.1629
2.3149, 2.1468
2.4656, 1.9985
2.3121, 2.2947
2.1694, 2.6276
2.4106, 2.0902
2.1531, 2.8761
2.2093, 2.3276
2.2618, 2.5013
2.7352, 2.4284
2.3026, 2.5250
1.9486, 2.6852
2.4353, 2.3265
2.1797, 2.7587
2.3160, 2.0303
2.1233, 2.5935
2.0614, 2.1440
2.2285, 2.0900
2.0187, 2.6717
2.4758, 2.0288
2.3970, 2.3566
2.2071, 2.3944
2.2434, 2.1680
2.3933, 2.7587
2.2454, 2.7257
2.2327, 2.1608
2.0166, 2.4116
2.4217, 2.1755
2.3370, 2.1692
2.3454, 2.3354
2.1848, 2.4956
2.4192, 2.0435
2.1422, 2.3509
2.3378, 2.1275
2.5267, 2.3714
2.4784, 2.6259
2.3792, 2.2236
2.1636, 2.1250
2.4307, 2.5540
2.3578, 2.1022
2.5044, 2.5454
2.2578, 2.0151
2.4783, 2.0215
2.6443, 1.9512
2.3700, 2.3602
2.3470, 2.1502
2.5332, 2.1384
2.1450, 2.4981
1.9658, 2.5257
1.7688, 2.7406
2.2066, 2.0888
2.4044, 2.8427
2.4445, 2.6442
2.5334, 2.2330
2.5119, 2.0922
2.1801, 2.4697
2.1975, 2.8479
2.1006, 2.4824
2.7840, 1.9531
2.2996, 2.4155
2.3797, 2.2857
2.3266, 2.2556
2.4598, 2.3647
2.4335, 2.2339
2.4365, 2.3376
2.3523, 2.3672
2.1744, 2.3757
2.4951, 2.6187
2.1263, 2.4126
2.2213, 2.1122
2.4602, 2.1221
2.3936, 2.2651
2.1937, 2.3929
2.4181, 2.7438
2.2569, 2.3413
2.4832, 2.4059
2.1076, 2.8208
2.3841, 2.1042
2.0524, 2.3289
2.7658, 1.9552
2.3502, 2.6060
2.7727, 1.9841
2.1105, 2.4528
2.3522, 2.1404
2.4909, 2.3350
2.2485, 2.4595
2.2987, 2.3104
2.6754, 2.2466
2.3734, 2.0420
2.3076, 2.2585
2.4379, 2.3023
2.3233, 2.3939
2.2281, 2.4553
2.2055, 2.1225
2.3229, 1.9844
2.5917, 2.1530
2.6379, 2.1124
2.1225, 2.4099
2.5641, 2.2671
2.5240, 1.9571
2.6210, 2.0574
2.3220, 2.0874
2.3433, 2.2258
2.2286, 2.4583
2.2728, 2.4274
2.3454, 2.4458
2.2701, 2.3953
2.3362, 2.0405
2.4768, 2.0333
2.0706, 2.4532
2.2684, 2.2593
2.1694, 2.2345
2.5050, 2.6998
2.3786, 2.4915
1.8460, 2.7101
2.7368, 1.9804
2.3693, 2.5807
2.6035, 2.2786
2.5996, 1.8612
2.4038, 1.9967
2.3237, 2.2045
2.5278, 2.1102
2.5658, 1.8335
2.4968, 2.0994
2.1218, 2.3475
2.3192, 2.6199
2.3849, 1.8559
1.8692, 2.1227
2.3811, 1.7654
1.8718, 2.6577
2.4191, 2.7990
2.1601, 2.4118
2.6448, 2.0233
2.7344, 2.2212
2.8102, 2.3744
2.6037, 2.2329
2.4827, 2.6836
2.0571, 2.4802
2.2915, 2.2815
2.6596, 1.9960
1.9949, 2.3359
2.3864, 2.5792
2.3881, 2.5275
2.8142, 2.0488
2.2985, 2.4592
2.5180, 2.8482
2.3025, 2.3568
2.1015, 2.4594
2.8819, 1.9524
2.6471, 1.6557
2.4721, 2.3454
2.1427, 2.2679
2.3698, 2.0670
2.1965, 2.8975
2.3165, 2.3890
2.1256, 2.4906
2.5030, 2.0574
2.5559, 2.0336
2.1372, 2.5846
2.3098, 2.2768
2.2277, 2.6048
2.0394, 2.4702
2.5620, 2.4276
2.4109, 2.2996
2.2279, 2.5036
2.4204, 2.2055
2.3974, 2.1660
2.2992, 2.4360
2.0408, 2.7174
2.2626, 2.3834
1.8989, 2.4742
2.3477, 2.4933
2.5278, 2.4524
2.3684, 2.7186
2.2194, 2.0507
2.4128, 2.3578
2.3383, 1.8146
2.5706, 2.3229
2.3668, 2.1385
2.1354, 2.2112
2.0641, 2.3597
2.1931, 2.5470
2.3462, 2.0272
2.7410, 2.1934
2.0024, 2.3106
2.4256, 2.0512
2.3609, 2.1529
2.4611, 1.7831
2.3286, 2.1201
2.3338, 2.3874
2.2787, 2.6576
2.7798, 2.1210
2.3425, 2.3777
2.0484, 2.5258
2.4239, 2.1916
2.4246, 2.2839
2.3986, 2.4065
2.1210, 2.1966
2.2923, 2.4605
2.5988, 2.2860
2.4778, 2.2457
2.6338, 2.1737
2.4173, 2.2159
2.3856, 2.0053
2.0762, 2.5510
1.9382, 2.5339
2.2982, 2.2510
2.2909, 2.1661
1.7754, 2.5313
2.2670, 2.6539
2.5155, 2.3978
2.3845, 2.2317
2.2272, 2.3142
2.3180, 1.9556
2.3968, 2.2631
1.9207, 2.6663
2.5836, 2.5574
2.3971, 1.9744
2.3775, 2.1081
2.0272, 2.3460
2.3909, 2.1043
2.1094, 2.6485
2.2981, 2.8133
2.2141, 2.4120
2.0449, 2.3515
2.4636, 2.4502
2.5662, 2.4108
2.1501, 2.3978
2.3920, 2.1697
2.3321, 2.1661
2.3592, 2.2085
2.6453, 2.5102
2.3802, 2.5949
2.3740, 2.0376
2.3808, 2.5065
2.2055, 2.2030
2.5777, 2.0875
2.2394, 2.2265
1.8926, 2.4546
2.1987, 2.3201
2.5131, 2.2191
2.3267, 2.4009
2.7270, 2.2154
2.2709, 2.3186
2.0406, 2.5746
2.0484, 2.4877
2.3747, 2.6614
2.6736, 1.8539
1.9941, 2.4502
2.2366, 2.3120
2.4750, 2.0374
2.3380, 2.5291
2.6616, 1.8151
2.6749, 1.5370
2.6164, 2.1044
2.1601, 2.5234
2.0067, 2.6424
2.5720, 1.8957
2.4964, 2.1085
2.9502, 2.0847
2.3359, 2.1034
2.2324, 2.7249
2.2193, 2.1863
2.3695, 2.1850
2.1613, 2.2650
2.3712, 2.1606
2.0161, 2.6838
2.3642, 2.4010
2.2896, 2.2605
2.2726, 2.2270
2.1581, 2.9346
2.2587, 2.5577
2.1046, 2.4289
2.1618, 2.2998
2.4681, 2.2992
2.4616, 2.4896
1.8864, 2.4848
2.3975, 2.2326
2.0474, 2.6373
2.2053, 2.2305
2.1738, 2.5483
2.0450, 2.3451
2.0066, 2.8982
2.4183, 2.3380
2.3088, 2.1120
2.1019, 2.5927
2.2531, 2.3788
2.3627, 2.0561
2.0681, 2.3057
2.5315, 2.5987
2.1218, 2.5157
2.5967, 2.2981
2.3397, 2.2182
2.5788, 2.0310
2.1684, 2.1410
2.2655, 2.0132
2.2037, 2.1461
2.7046, 2.2061
2.4999, 2.2881
2.1599, 2.0586
2.5849, 1.9530
2.3450, 2.0443
2.1863, 2.3900
2.3949, 2.2604
2.4234, 2.1229
2.4551, 1.9783
2.5248, 2.1306
2.5383, 2.4931
2.0535, 2.4666
2.5118, 1.7206
2.4753, 2.3384
2.5885, 2.4110
2.1614, 2.0985
1.5793, 2.7111
2.4196, 2.1310
1.8548, 2.3876
2.3092, 2.4699
2.3036, 2.2816
2.5497, 2.0867
2.5404, 2.6758
2.2093, 2.1084
2.5590, 2.1729
1.9903, 2.4579
1.9384, 2.6010
2.3569, 2.1453
2.1978, 2.2316
2.3392, 2.0850
2.2310, 2.6354
2.7140, 1.9579
2.4296, 2.4253
2.1510, 2.3039
2.2900, 2.2796
2.0323, 2.6020
2.2497, 2.3281
2.6600, 2.2533
2.5696, 2.0194
2.4264, 2.5001
2.3856, 2.1551
2.4133, 2.4585
2.4615, 2.1852
2.3306, 2.7466
2.1291, 2.6559
2.3469, 2.5191
2.3131, 1.9923
1.9117, 2.6562
2.2896, 2.1299
2.6965, 2.0630
2.2010, 2.3287
2.1004, 2.2542
2.4087, 2.5514
2.2834, 2.9191
2.3463, 2.1145
2.4580, 1.9128
2.2723, 2.3369
2.3805, 2.2300
2.6055, 2.5588
2.2554, 2.1455
2.7737, 2.0164
2.4109, 1.7343
2.3462, 2.8066
2.4418, 1.9851
2.4688, 2.3903
2.3306, 2.1827
2.3939, 2.5318
2.4903, 2.3086
2.3323, 2.7515
2.2678, 2.1467
2.3031, 2.7037
2.0157, 2.8186
2.1306, 2.7118
2.3631, 2.6513
2.5213, 2.6695
2.3018, 2.1393
1.9334, 2.5939
2.2151, 2.1060
2.4752, 1.9777
2.3895, 2.3900
2.0227, 2.6402
2.0061, 2.3341
2.3258, 2.3255
1.8568, 2.7214
2.3618, 2.2607
2.0981, 2.3727
2.4798, 1.9830
2.4301, 2.1285
2.5590, 2.0358
2.2284, 2.3885
2.5905, 2.7731
2.0547, 2.2630
2.4003, 2.1685
2.4320, 2.2344
2.5018, 2.0416
2.2601, 2.8082
2.4341, 2.6084
2.5062, 2.0227
2.3520, 2.2272
2.3629, 2.5147
2.3777, 2.8710
2.3219, 2.1069
2.2108, 2.4030
2.2294, 2.1571
2.4961, 2.7194
2.4565, 1.4013
2.3422, 2.4449
2.4791, 1.6728
2.5929, 1.9773
2.3441, 2.2923
2.1511, 2.2019
2.5026, 2.1829
2.3829, 2.5964
2.2364, 2.5977
2.0171, 2.7165
2.4548, 2.6152
2.2458, 2.0352
2.3545, 2.6612
2.5225, 2.5337
2.2052, 2.2986
2.1781, 2.3679
2.1745, 2.3513
2.5167, 2.2837
1.9305, 2.4579
2.1388, 2.4072
2.0234, 2.3306
2.3559, 2.0761
2.4001, 1.4337
2.3251, 2.3066
2.3333, 2.5494
2.4518, 1.9687
2.5480, 2.3718
2.4513, 2.1541
2.5672, 2.1868
2.3187, 1.9759
2.4028, 2.0260
2.0889, 2.4438
2.4131, 1.9754
2.5504, 2.5415
2.4636, 2.1765
2.0363, 2.4978
2.4722, 1.9363
2.3195, 2.3504
2.2576, 2.2707
2.3058, 2.7820
2.5696, 2.2360
2.3213, 1.9977
2.0326, 2.2585
2.5909, 2.5358
2.4672, 2.3982
1.9327, 2.7074
2.2872, 1.8771
2.3994, 2.2548
2.3460, 2.3564
2.4416, 2.6610
2.3532, 2.2822
2.2237, 2.4770
2.7763, 2.2353
2.1865, 2.3802
2.2166, 2.1308
1.9576, 2.6202
2.3757, 2.5961
2.3386, 2.5331
1.9288, 2.4927
2.4750, 2.1928
1.8246, 2.6218
2.3976, 2.5516
2.4821, 2.2444
2.6133, 2.2339
2.4181, 2.6205
1.9019, 2.7188
2.5347, 2.2474
2.4851, 2.0374
2.6092, 1.7596
2.2407, 2.1785
2.0888, 2.4256
2.5088, 2.5773
2.4388, 1.8506
2.5660, 1.8775
2.0509, 2.7953
2.6894, 2.0792
2.4623, 2.4049
2.3604, 2.4161
2.4734, 2.6538
2.4050, 2.3492
2.1605, 2.3436
2.2039, 2.0438
2.1463, 2.2353
2.1759, 2.4820
2.2368, 2.4119
2.1834, 1.7541
2.5561, 2.0482
2.3999, 2.2651
1.9491, 2.3910
2.4875, 2.0218
2.2920, 1.9758
2.0258, 2.6083
2.4017, 2.2169
2.5711, 2.4315
2.2626, 2.4398
1.9813, 2.6555
2.2828, 2.4977
2.3864, 1.6301
2.5173, 2.1966
2.4538, 2.3511
2.3896, 2.0554
1.9064, 2.5531
2.1618, 2.4847
2.5183, 2.2133
2.3842, 2.1381
2.4770, 2.7822
2.4306, 2.5451
1.9433, 2.5060
1.9135, 2.8198
2.4233, 1.9561
2.4635, 2.5472
2.2898, 2.0825
2.3981, 2.1835
2.4348, 2.2734
2.5568, 2.0080
2.5350, 2.5859
2.1998, 2.2547
2.1880, 2.4672
2.1194, 2.2524
2.7448, 2.1933
2.6136, 2.1135
2.5202, 2.1346
2.1713, 2.4742
2.0958, 2.2196
2.5146, 2.2236
2.5535, 2.1208
2.5590, 2.1689
2.7551, 2.3976
2.1133, 2.2928
2.1656, 2.8092
2.2517, 1.9508
2.5302, 2.0514
2.5359, 2.3102
2.3487, 2.0679
2.1646, 1.9435
2.2189, 2.1614
2.2157, 1.9597
2.2968, 2.4014
2.0414, 2.5310
2.1460, 2.6707
1.9982, 2.3431
2.4924, 2.6098
2.3797, 2.0463
2.3742, 1.8910
2.2839, 2.0884
2.3760, 2.6200
2.2682, 2.1152
2.2895, 2.1065
2.4492, 2.3298
2.2146, 2.5619
2.0895, 2.3567
2.4530, 2.2003
2.2337, 2.7025
2.3791, 1.9530
2.4069, 2.3358
2.7253, 2.1381
2.1418, 2.7262
2.1762, 2.2882
2.4937, 2.0966
2.4405, 2.3842
2.5913, 1.4409
2.3355, 1.7454
2.1253, 2.5396
2.1658, 2.3193
2.2151, 2.6387
2.2378, 2.2983
2.3675, 2.2587
2.1526, 2.3416
2.5270, 2.1248
2.5681, 2.1392
2.4730, 2.7174
2.2449, 2.5698
2.4707, 2.6741
2.0313, 2.6359
2.4707, 2.1559
2.3723, 2.5017
2.5248, 2.3463
2.3600, 2.1666
2.3472, 2.3048
2.1167, 2.0166
2.1351, 2.4256
2.3281, 2.3793
2.2614, 2.7683
2.3241, 2.2063
2.0426, 2.4340
2.3007, 2.3443
2.4754, 2.3414
2.2803, 2.2201
2.3639, 2.4916
2.2431, 1.7564
1.8491, 2.6668
2.4419, 2.4469
2.1370, 2.5101
2.2299, 2.6866
2.4224, 1.9617
2.3240, 2.7378
2.3724, 2.2046
2.5951, 2.0099
2.1790, 2.4275
2.6291, 2.1559
2.3642, 2.6952
1.9407, 2.2542
2.3979, 2.2856
2.4046, 2.4752
2.3511, 2.6126
2.3645, 2.6042
2.3965, 2.1992
2.4684, 2.2158
2.1308, 2.6887
2.3285, 2.3416
2.1939, 2.5526
2.4648, 2.1895
2.3504, 1.8625
2.1414, 2.2458
2.3998, 2.0659
1.9454, 2.6344
2.6114, 2.4761
2.6386, 1.9129
2.6259, 1.7601
2.1293, 2.3489
2.2791, 2.0232
2.3488, 2.5018
2.2323, 2.3823
2.2794, 2.5873
2.4626, 2.5486
2.1346, 2.5502
2.7989, 2.2118
1.9589, 2.7026
2.2103, 2.4636
2.2362, 2.2988
2.3373, 2.2422
1.9689, 2.3532
2.3742, 2.1547
2.6016, 1.8580
2.3257, 2.1440
2.5669, 2.0143
2.6001, 2.7513
2.3417, 2.7330
2.4973, 2.3010
2.3612, 2.0609
2.1623, 2.4986
1.9600, 2.3493
2.2795, 2.2473
2.3356, 2.1149
2.4041, 2.1340
2.6466, 2.3245
2.0328, 2.5158
2.4952, 2.4896
2.1539, 2.3277
2.5789, 1.9721
2.1039, 2.6248
2.1508, 2.6551
2.2481, 2.0197
1.9550, 2.6889
2.6972, 2.4324
2.0976, 2.7586
2.4969, 1.9739
1.9837, 2.3806
2.4232, 2.1797
1.9281, 2.2997
2.4896, 1.8817
2.3841, 2.5793
2.0605, 2.6296
2.5015, 1.8359
2.2813, 2.1894
2.0717, 2.2931
1.8432, 2.7123
2.1815, 2.1505
2.3691, 2.6017
2.5216, 1.8400
2.7761, 1.8740
2.3603, 2.2137
2.3632, 2.2355
2.4827, 2.6463
2.5798, 2.2610
2.6827, 2.3864
2.7692, 2.3782
2.2121, 2.5625
2.5663, 2.0305
2.4476, 2.2642
2.5091, 2.4686
1.8912, 2.4210
2.6011, 1.7008
2.1034, 2.3806
2.3748, 1.9611
2.2045, 2.1815
2.4938, 2.1096
2.4563, 2.8394
2.6203, 2.2386
2.4547, 2.2915
2.2477, 2.4202
2.5113, 2.4900
2.4918, 1.8839
2.3864, 2.0265
2.3165, 2.2382
2.5255, 1.7398
2.5360, 2.1102
2.0120, 2.5081
2.4546, 2.2292
2.2211, 2.6017
2.2121, 2.4028
2.1287, 2.4064
2.2204, 2.6160
2.6858, 2.6943
2.3411, 2.1376
2.3539, 2.5011
2.3853, 2.3100
2.4107, 2.2830
2.3018, 2.1014
2.6745, 1.9815
2.3338, 1.9131
2.0587, 2.4841
2.0518, 2.6013
2.1278, 2.5902
1.7423, 2.6264
2.0889, 2.5075
2.0560, 2.6669
2.3962, 2.2919
2.2455, 2.4223
2.2046, 2.0373
2.4835, 1.9738
2.0442, 2.3148
2.3153, 2.0991
2.4331, 2.4719
2.4742, 2.2876
1.9452, 2.5373
2.3139, 2.0299
2.0976, 2.1549
2.0182, 2.5414
2.5065, 2.0964
1.9069, 2.6780
2.3313, 2.2553
2.4794, 2.6028
2.2246, 2.3728
2.0666, 2.3202
2.0008, 2.5690
2.0912, 2.5694
2.4248, 2.4026
2.5005, 2.5540
2.5866, 2.2304
2.5069, 2.1880
2.5754, 2.5899
2.0600, 2.5151
2.5592, 2.1206
2.1722, 2.4337
2.0565, 2.6104
2.1731, 2.6287
2.3169, 2.5816
2.4901, 2.2791
2.3598, 2.3330
2.1135, 2.7798
2.4380, 2.7793
2.1420, 2.5935
2.5670, 2.7154
2.0614, 2.1521
2.4807, 2.5631
2.4363, 2.2134
2.5939, 1.8565
2.3158, 2.3089
2.2609, 2.3725
2.3972, 2.3081
2.5359, 2.0773
2.5854, 1.9498
2.1105, 2.3969
2.3026, 2.3602
2.5848, 2.1600
2.3240, 2.6894
2.5538, 2.2288
2.3991, 2.5037
2.8341, 1.8926
2.1068, 2.3673
2.1316, 1.8992
1.9094, 2.4492
2.1724, 2.3740
2.2744, 2.2640
2.4483, 2.5996
2.3886, 2.5694
2.1263, 2.4219
2.5726, 2.0502
2.1832, 2.0527
2.2460, 1.9083
2.2834, 2.4454
2.3603, 2.3670
2.1556, 2.5703
2.2233, 2.2483
2.3049, 1.9385
1.9865, 2.5994
2.3960, 2.2215
2.3596, 2.5707
2.4091, 2.1103
2.4713, 2.5526
2.1830, 2.4911
2.3035, 2.5711
2.3016, 2.3549
2.4281, 2.6181
2.1111, 2.2662
2.5666, 1.9911
2.2826, 2.0029
2.3458, 2.5137
2.5271, 2.4180
2.5497, 2.8271
2.3147, 2.2636
2.4751, 2.0963
2.4187, 2.5809
2.3651, 2.3123
2.3221, 2.6157
1.9936, 2.4500
1.9865, 2.3956
2.8929, 1.9203
2.0683, 2.5457
2.4935, 2.1002
2.3488, 2.3590
2.5582, 2.1556
2.4424, 1.4978
2.3599, 2.2375
2.4798, 2.6993
2.4263, 2.1572
2.4245, 2.2791
2.2349, 2.2596
2.6979, 2.0181
2.4333, 2.1385
1.9124, 2.4549
2.2675, 2.4153
2.5920, 2.1779
2.4823, 2.0133
2.1815, 2.5204
2.6051, 2.5497
2.1254, 2.6946
1.8870, 2.6576
2.3278, 2.3228
2.1047, 2.7317
2.5496, 2.2398
2.1460, 2.7064
2.4225, 2.0857
2.7674, 2.1250
2.2097, 2.3696
2.3678, 2.0586
2.6288, 2.5636
2.2300, 2.4739
2.3110, 2.6229
2.4415, 2.1073
2.5024, 2.6900
2.4967, 1.7745
2.9611, 1.8572
2.0142, 2.7034
2.4379, 2.3228
1.9701, 2.6264
2.6388, 2.1800
2.0756, 2.4009
2.3340, 2.1177
2.1885, 2.1486
2.3774, 2.1553
2.4821, 2.1632
1.9934, 2.6647
2.9176, 1.9366
2.4039, 2.1747
2.6385, 1.9325
2.0365, 2.6902
2.4385, 2.4555
2.2573, 2.5337
2.4966, 2.2561
2.2691, 2.0599
2.3137, 2.0358
2.3081, 2.4486
2.4275, 2.0291
2.7211, 2.2356
2.0979, 2.4006
2.5828, 2.0716
2.3354, 2.1670
2.7246, 2.1487
2.3176, 2.1556
2.3486, 2.3373
2.5867, 2.2165
2.4066, 2.5469
2.4914, 2.1391
2.4962, 1.8519
2.3053, 2.7350
2.4389, 2.4832
2.1610, 2.3345
2.4340, 2.4729
2.5326, 2.1355
2.6455, 2.0648
2.4894, 2.1065
2.7530, 2.0006
2.4715, 1.9493
2.6167, 2.3616
2.3142, 2.1135
2.3961, 2.2680
2.1481, 2.4109
2.3117, 2.3555
2.5701, 2.5320
2.6674, 2.2308
2.7426, 2.3008
2.3141, 2.4197
2.7693, 1.9919
2.1681, 2.1150
2.2941, 2.2452
2.5389, 2.3608
2.2218, 2.3322
2.0081, 2.8388
2.3140, 1.9875
2.1548, 2.1694
2.4603, 2.1425
2.3417, 2.5837
2.2063, 2.4832
2.2619, 2.2150
2.3689, 2.0023
2.4626, 2.5102
2.2692, 2.3313
2.2884, 2.4358
2.1800, 2.4425
2.0806, 2.3876
2.1061, 2.0216
2.3525, 2.1972
2.0478, 2.7558
2.2608, 2.5083
2.3103, 2.1472
2.4296, 2.0336
2.3277, 2.2678
2.0303, 2.6623
2.4005, 2.3897
2.6188, 2.1724
2.2160, 2.3644
1.8852, 2.5399
2.2312, 2.0981
2.3518, 2.4007
2.3951, 1.9701
2.2558, 2.6617
2.2600, 2.5028
1.8903, 2.5226
2.4247, 2.5329
2.3343, 1.9177
2.2327, 2.3772
2.3679, 2.0736
2.4710, 1.7085
2.7021, 1.8035
2.3274, 2.2141
2.1911, 2.4519
2.5519, 1.9533
2.4180, 1.7277
2.5196, 2.5048
1.9489, 2.6717
2.5728, 2.1158
2.4355, 2.1338
2.4202, 2.1359
2.2410, 2.3457
2.3549, 2.5899
1.9652, 2.3703
2.3922, 2.1519
2.3910, 2.0744
2.0274, 2.6927
2.5121, 1.9799
2.4560, 2.2789
2.4084, 2.0272
2.3955, 2.5433
2.3423, 2.4953
2.2719, 2.3476
2.3902, 1.7255
2.4864, 1.8861
2.2627, 2.2674
2.4481, 1.9093
2.1115, 2.2828
2.1842, 2.5400
2.5690, 2.0668
2.0108, 2.4157
2.1823, 2.5131
1.9870, 2.8490
1.9058, 2.7125
2.5650, 2.2240
2.4869, 2.6874
2.5012, 2.1851
2.2107, 2.3842
2.5502, 2.5541
2.4141, 2.5625
2.4593, 2.8376
2.3936, 1.9750
2.3876, 2.5324
2.5288, 2.6073
2.3940, 2.2114
2.0649, 2.6505
2.3062, 2.4365
2.3185, 2.5095
2.5348, 2.6898
2.3938, 2.1744
2.4811, 2.8132
1.8650, 2.7603
1.8943, 2.5959
2.6219, 2.4478
2.0621, 2.3052
2.1176, 2.3329
1.9411, 2.4845
2.3601, 2.1113
2.2476, 2.2666
2.0315, 2.6500
2.4940, 2.8298
2.5578, 2.4009
2.3233, 2.2701
2.3822, 2.2229
2.8265, 1.9078
2.3665, 2.3791
2.3400, 2.4352
2.2666, 2.2220
2.2583, 2.2486
2.0094, 2.6087
2.6189, 2.1300
2.5633, 1.9246
2.0923, 2.3221
2.3819, 2.1206
2.0833, 2.5232
2.5145, 2.0846
2.3702, 2.4644
2.2935, 2.5129
2.2503, 2.5483
2.3575, 2.0445
2.2253, 2.0179
2.4256, 2.3762
2.3472, 2.2521
2.1728, 2.5098
2.1795, 2.3976
2.4982, 1.9343
2.4523, 2.3858
2.0806, 2.5220
2.2572, 2.3095
2.3345, 2.3068
2.4635, 2.1239
2.3875, 2.4405
2.4216, 2.5376
2.1711, 2.1939
2.3300, 2.4772
2.3784, 2.2299
1.9599, 2.4287
2.3976, 2.5334
2.6606, 2.1053
2.4017, 2.1099
2.5455, 2.0726
2.3339, 2.2222
2.3146, 2.4605
2.2865, 2.4020
2.5921, 1.9867
2.5010, 2.1962
1.9784, 2.4167
2.5206, 1.9397
2.4331, 2.1679
2.5040, 2.3008
2.3032, 2.2618
2.3371, 2.4028
2.5548, 1.8784
2.0580, 2.4997
2.4608, 2.4587
2.4607, 2.3346
2.3525, 2.4495
2.3724, 2.5956
2.3757, 2.5523
2.4403, 2.4707
2.1931, 2.5633
2.4138, 2.4226
2.0220, 2.6524
2.4674, 2.3253
2.2920, 2.6831
2.5489, 2.5705
2.2690, 2.4089
2.4137, 2.4847
2.1731, 2.4957
2.4011, 2.6534
2.0361, 2.3389
2.3373, 2.1360
1.9174, 2.6314
2.1813, 2.6136
2.4645, 2.5345
2.3469, 1.8989
2.5122, 2.2740
2.5190, 2.4578
2.3936, 2.4776
2.3143, 2.4392
2.3526, 2.0786
2.0938, 2.7452
2.6388, 2.0482
2.3186, 2.2114
2.5051, 2.4112
2.1810, 2.4569
2.5785, 2.0557
2.4014, 2.3065
2.2848, 2.4723
2.3443, 2.3525
2.5812, 2.4739
2.0087, 2.2524
2.7199, 2.1570
2.2101, 2.0789
2.4099, 2.7260
1.9715, 2.3258
1.9763, 2.5229
2.2104, 2.1130
2.4587, 2.7117
2.6113, 1.6683
2.4665, 2.2920
2.5593, 2.3746
2.1668, 2.2274
2.0575, 2.3365
2.3934, 2.0876
2.2816, 2.1823
2.5777, 2.0958
2.3062, 2.1823
1.8225, 2.7454
2.4463, 2.6421
2.3040, 2.4994
2.3126, 2.2916
2.2933, 2.8427
2.3452, 2.2450
2.3813, 2.4325
2.5809, 2.1331
2.5422, 2.3282
2.5490, 2.4804
2.7541, 1.9199
2.3277, 1.9237
2.2902, 2.1239
2.3956, 2.3439
2.0003, 2.5742
2.2524, 2.2856
2.1620, 2.0630
2.6671, 2.2042
2.0880, 2.3632
2.2668, 2.1647
2.0512, 2.5921
2.1572, 2.3210
2.4794, 2.2171
2.3083, 2.1107
2.1604, 2.3968
1.9564, 2.6460
2.3313, 2.4102
2.0242, 2.6314
2.5503, 2.1740
2.7064, 2.2442
2.3216, 2.3367
2.2921, 2.5365
1.9883, 2.8438
2.4066, 1.9690
2.4685, 2.5593
2.1401, 2.0389
2.3218, 2.6549
2.1281, 2.6269
2.2414, 2.4263
2.2598, 2.1922
2.6665, 2.5727
2.8291, 2.4295
2.5741, 2.5798
2.3948, 2.3863
2.1783, 1.8660
2.2689, 2.1667
2.3555, 2.1507
2.3301, 2.5066
2.0600, 2.7573
2.8761, 2.0147
1.9712, 2.3467
2.2516, 1.6041
2.0871, 2.5004
2.5350, 1.8345
2.1533, 2.7519
2.3997, 2.2916
2.4546, 2.4212
2.2399, 2.8884
2.3242, 2.4812
2.4162, 2.2493
2.2341, 2.3059
2.4226, 2.5420
2.3608, 2.2097
2.4565, 2.2118
2.2170, 2.5927
2.2964, 2.3680
2.2440, 2.1800
1.9380, 2.6145
2.3686, 2.3155
2.0517, 2.4588
2.0064, 2.3100
2.1055, 2.5469
2.3009, 2.4812
2.3803, 2.7060
2.1499, 2.4478
2.3687, 2.7570
2.3930, 2.3897
2.3143, 2.4612
2.1988, 2.1568
2.0724, 2.5322
2.1836, 2.5060
2.3605, 2.4012
2.5264, 2.4145
2.2415, 2.3942
2.4135, 2.4573
2.4408, 2.4951
2.2067, 2.4702
2.0994, 2.1902
2.2717, 2.2178
2.0577, 2.5068
2.4263, 1.9902
2.3190, 2.4864
2.2842, 2.4441
2.3176, 2.2192
2.3926, 1.7758
2.1294, 2.4013
2.4623, 2.1605
2.1553, 2.3390
2.6996, 2.3815
2.2276, 2.0294
2.2963, 2.3154
2.2928, 2.4091
2.0015, 2.7542
2.0536, 2.6497
2.3410, 1.9654
2.1380, 2.1859
2.3961, 2.5600
2.4101, 2.0222
2.2738, 2.3076
2.1959, 2.1832
2.3607, 2.4786
2.2434, 2.7473
2.3060, 2.2091
2.4984, 1.9983
1.8605, 2.6950
2.0564, 2.4945
2.4166, 2.2679
2.0628, 2.3595
2.2534, 2.0009
2.0779, 2.2011
2.5572, 2.6119
2.2257, 2.4112
2.2507, 2.3226
2.2577, 2.2184
2.5519, 1.8719
2.2729, 2.0731
2.3860, 2.4328
2.3539, 2.2288
2.1397, 2.6161
2.5795, 1.9698
2.4183, 2.4490
2.1134, 2.5523
2.1902, 2.3840
2.4604, 2.0592
2.3862, 2.1268
2.2995, 2.1094
2.1205, 2.4547
2.1266, 2.5568
1.9660, 2.4544
2.3956, 2.7087
2.2485, 2.1988
2.0478, 2.4272
2.3280, 2.5831
2.7075, 2.2935
2.6359, 2.3362
1.9859, 2.4481
1.9426, 2.4884
2.4727, 2.6055
2.5620, 1.9785
2.4139, 2.1642
2.3513, 2.6222
2.3364, 2.1849
2.6735, 2.1771
2.1446, 2.4099
2.5341, 2.2407
2.4027, 1.9586
2.3829, 2.4950
2.2748, 2.6135
1.8794, 2.5503
2.4672, 2.6707
2.4684, 1.9136
2.2412, 2.3877
2.3154, 2.6689
2.4248, 2.0479
2.6473, 1.9473
2.4168, 2.3176
2.1754, 2.5739
2.2306, 2.2693
2.3485, 2.3037
2.3321, 2.3270
2.2505, 2.6068
2.4070, 2.1377
2.4200, 2.2527
2.2992, 2.3358
2.2139, 2.3471
2.4830, 2.1933
2.2564, 2.0267
2.6131, 1.8925
2.4798, 2.1475
2.7796, 1.8089
2.1889, 2.2378
2.4986, 1.9773
2.5882, 1.8905
2.2329, 2.0297
2.4630, 1.9954
1.9401, 2.4201
2.1564, 2.6445
2.3683, 2.0231
1.8421, 2.6667
2.7655, 2.0675
2.5326, 2.0271
2.3920, 2.0493
2.2318, 2.0840
2.3492, 2.4521
2.2335, 2.3517
2.4414, 2.0876
2.0290, 2.5825
2.1197, 1.9948
2.6144, 2.2040
2.4646, 2.0624
2.0953, 2.5758
2.3597, 2.6113
2.1884, 1.9511
2.4861, 2.0416
2.5113, 2.4578
2.3914, 2.2944
2.4626, 1.7894
2.0784, 2.5426
2.5126, 2.3417
2.3257, 2.2148
2.5547, 1.9502
2.3786, 2.0286
2.1612, 2.2652
2.6178, 2.2339
2.2032, 1.8024
2.2021, 2.2301
2.6067, 2.0717
2.1595, 2.5802
2.3810, 2.0138
2.1056, 2.3924
2.1262, 2.5932
2.1050, 2.6213
2.0387, 2.7445
2.3430, 2.1382
2.5826, 1.9053
2.4219, 2.0376
2.4170, 2.3053
2.1729, 2.3328
2.6933, 2.0818
2.1602, 2.2898
2.3186, 2.6548
2.0715, 2.1456
2.0050, 2.6298
2.3472, 2.6142
2.4106, 2.4486
2.2890, 2.0419
2.4040, 2.2251
2.4674, 2.1794
2.1297, 2.7093
2.3936, 2.7126
2.5071, 1.9635
2.4955, 2.0483
2.4141, 2.2127
2.2528, 1.9497
2.3908, 1.9823
2.3009, 1.9224
2.3068, 2.3646
2.4079, 2.0973
2.0579, 2.5545
2.3937, 1.8403
2.3466, 1.7903
2.0843, 2.5727
2.4048, 2.6282
2.4126, 1.7403
2.3839, 2.1664
2.3505, 2.1691
2.8354, 1.8090
2.0793, 2.3053
2.3884, 2.3003
2.4325, 2.0615
1.9756, 2.4848
2.2381, 2.4457
2.8232, 2.0666
1.9624, 2.5497
2.4768, 2.6700
2.6420, 2.5362
2.1771, 2.4939
2.3978, 2.2599
2.3249, 2.4215
2.1817, 2.2771
2.3270, 2.4031
2.4154, 2.3043
2.6540, 2.2376
2.4780, 1.9693
2.3387, 1.9795
2.6344, 2.6861
2.1903, 2.3035
2.3387, 2.1280
2.3469, 2.4098
2.4630, 2.1893
2.4707, 1.9630
2.3953, 2.2885
2.3755, 2.0400
2.1177, 2.6132
2.5398, 2.0708
2.3148, 2.1734
2.6232, 2.1882
2.3786, 2.5293
2.1513, 2.3980
2.3154, 1.9411
2.6730, 2.1682
2.5111, 2.2492
2.5192, 2.5033
2.3282, 2.3891
2.3987, 2.5985
2.4426, 2.1768
2.3174, 2.2371
2.4082, 2.0815
2.6772, 1.9908
2.3164, 2.2811
2.1514, 2.4175
2.4635, 2.1095
2.4759, 2.6282
2.1120, 2.5666
2.3066, 2.1947
2.1087, 2.4954
2.4604, 2.3068
2.3823, 2.2447
2.6849, 1.9283
2.6180, 2.0303
2.6228, 1.9329
2.0670, 2.5333
2.1786, 2.5220
2.3269, 2.3434
2.4521, 2.2958
2.7990, 2.1451
2.4648, 2.3420
2.3692, 2.1400
2.3488, 2.5552
2.2618, 2.1179
2.3510, 1.9818
2.4284, 1.9580
2.2318, 2.1383
2.9204, 2.0160
2.0060, 2.7075
2.3877, 2.1849
2.3454, 2.3436
2.4807, 2.6393
2.4626, 2.0975
2.3385, 2.5865
2.1558, 2.3291
2.2617, 2.2064
2.3817, 2.3335
2.2533, 2.2843
2.2460, 2.4517
2.3946, 2.1754
2.3955, 1.7491
2.2888, 2.1857
2.7023, 2.1515
2.0315, 2.3911
2.3614, 2.4358
2.0745, 2.2317
2.3463, 2.2947
2.5237, 2.0734
2.0247, 2.5535
2.1681, 2.3230
1.9511, 2.5515
2.4220, 2.7378
2.0151, 2.5138
2.1016, 2.5850
1.9868, 2.3153
2.5034, 1.9492
2.5717, 2.0502
2.1819, 2.1592
2.1692, 2.0959
2.3834, 2.6747
2.0072, 2.0688
2.3721, 2.3777
2.5858, 2.5923
2.2945, 2.0177
2.3377, 2.0019
2.4730, 2.6961
2.5905, 2.3203
2.0317, 2.2791
2.3492, 2.1106
2.0931, 2.4577
2.7900, 2.4111
2.1678, 2.4484
2.0513, 2.3669
2.4597, 2.1045
2.0218, 2.6130
2.1135, 2.1261
2.2916, 2.5514
2.2026, 2.4349
2.3344, 1.8012
1.9360, 2.4183
2.0104, 2.8613
2.3627, 2.4708
2.4550, 2.2821
2.0839, 2.1693
2.7463, 2.0059
2.4162, 2.0335
2.2808, 1.9548
2.1702, 2.3985
2.8260, 2.0012
2.3667, 2.0675
2.2811, 2.4763
2.4324, 2.2754
2.3949, 2.3830
2.5159, 2.3705
2.2743, 2.3652
2.2686, 2.2854
2.2929, 2.2630
2.2795, 2.3849
2.3116, 2.5345
2.4757, 2.8066
2.0249, 2.5637
2.5012, 2.2286
2.3546, 2.3470
2.6065, 1.9593
2.0370, 2.4914
2.5465, 2.1260
2.1694, 2.2686
2.0943, 2.5536
2.3542, 2.0145
1.9213, 2.7522
2.1248, 2.4302
2.1142, 2.5179
2.4913, 2.3001
2.1765, 2.3446
2.1736, 2.3811
2.4347, 2.0665
2.3857, 2.4870
2.2928, 2.3576
2.7646, 2.0511
2.4475, 2.5139
2.4038, 2.6004
2.1935, 2.2643
2.3600, 2.6724
2.2736, 2.5847
2.3486, 2.3227
2.0046, 2.4584
2.1204, 2.4381
2.2434, 2.2119
2.6257, 2.6981
2.2160, 2.3367
2.1085, 2.4694
2.4267, 2.6114
2.3271, 2.4957
2.4065, 2.8938
2.5919, 2.1134
2.2703, 2.1818
2.0975, 2.5904
2.4332, 2.1808
2.4658, 2.1707
2.3469, 2.2593
2.3381, 2.1694
2.4130, 2.3214
2.4025, 2.4926
2.0343, 2.7216
2.3352, 2.3806
2.3179, 2.4283
2.0244, 2.4890
2.8007, 1.8115
2.1629, 2.2057
2.1827, 2.7563
2.3018, 2.2698
2.2747, 2.5609
2.6319, 2.5971
2.3034, 1.9978
2.2728, 2.5327
2.3437, 2.4749
2.3741, 2.0903
2.3269, 2.3741
2.1899, 2.2678
2.1222, 2.4636
2.3152, 2.2350
2.2041, 2.3358
2.3642, 2.1823
2.3121, 2.2318
2.5472, 2.0715
1.9174, 2.8185
2.6658, 1.7318
2.3875, 2.4068
2.5353, 2.2616
2.1409, 2.4524
2.0703, 2.4206
2.4218, 2.2173
2.1846, 2.3697
2.4698, 1.9895
1.9733, 2.3903
2.2334, 1.9370
2.6018, 2.5474
2.3116, 2.2020
2.3653, 1.8930
2.4109, 2.3300
2.4319, 2.1335
2.2625, 2.3383
2.5464, 2.0838
2.2517, 1.8889
2.5722, 1.8809
2.1553, 2.6875
2.4276, 2.6962
1.9439, 2.6778
2.5156, 2.8081
2.0677, 2.3655
2.4700, 2.0755
2.7290, 2.1853
2.2172, 2.1023
2.3991, 2.0911
2.3605, 2.2325
2.0910, 2.5834
2.1298, 2.3949
2.0165, 2.4324
2.2298, 2.2278
2.3575, 2.2278
2.0679, 2.7155
2.3864, 2.4628
2.3956, 2.1155
2.2248, 2.1361
2.5433, 2.2992
2.1470, 2.4236
2.1750, 2.3258
2.4396, 2.0604
1.9350, 2.6111
2.3246, 2.2266
2.3359, 2.5162
2.3103, 2.3481
2.5727, 1.7412
2.3162, 2.0726
2.1938, 2.6358
2.2404, 2.5587
2.3829, 2.2649
2.6049, 2.6091
2.1917, 2.3490
2.3223, 2.4350
2.2027, 2.3453
2.1212, 2.4001
2.2619, 2.1787
2.4190, 2.3270
2.4222, 2.4578
2.3812, 1.9931
2.3888, 2.2674
2.4116, 2.4178
2.3938, 2.1722
2.2271, 2.1713
2.1054, 2.6109
2.4077, 2.1785
2.5262, 2.4017
2.4732, 2.6239
2.1724, 2.2816
2.4711, 2.1368
2.1804, 1.9714
2.4140, 2.2225
2.3949, 2.0925
2.2499, 1.9291
2.6789, 1.9331
2.1457, 2.2168
2.4686, 2.2469
2.2940, 2.2188
2.4817, 2.3941
2.2586, 2.4875
2.3228, 2.2136
2.3122, 1.8265
2.0020, 2.6938
2.1856, 2.2409
2.7983, 2.3340
2.2935, 2.1965
2.6373, 2.2186
2.3432, 2.5001
1.9340, 2.5304
2.5851, 1.9477
1.8206, 2.6821
2.3673, 2.1920
2.3486, 2.0474
2.2292, 2.5615
2.0598, 2.4839
2.1159, 2.7101
2.4908, 2.3337
2.3984, 2.2602
2.4477, 2.1885
2.4010, 2.3744
1.9972, 2.5850
2.2285, 2.3623
2.3312, 2.5232
2.5238, 2.1605
2.3697, 2.6369
2.4512, 2.9605
2.3623, 2.5134
2.3927, 2.5322
2.0073, 2.4539
2.3287, 2.2702
2.3828, 2.7296
2.0507, 2.6847
2.3823, 1.8402
1.9986, 2.7248
2.3528, 2.5636
2.3784, 2.1894
2.1820, 2.4396
2.2408, 2.1930
2.4821, 1.7478
2.0353, 2.4663
2.0963, 2.4695
2.7774, 2.0188
2.2884, 2.1146
2.3566, 2.6011
2.3370, 2.2078
2.0076, 2.4914
2.4314, 2.2933
2.3389, 2.2478
2.2785, 2.2312
2.3406, 2.2048
2.3470, 2.7484
2.4045, 1.9856
2.2434, 2.6138
2.3098, 2.0864
2.2791, 2.0655
2.4396, 1.9214
2.1397, 2.3946
2.0970, 2.5997
2.1976, 2.2590
2.3805, 2.4235
2.2029, 2.4832
2.5820, 2.5812
2.0743, 2.3553
2.1835, 2.3709
1.9996, 2.4059
2.0517, 2.1502
2.4838, 2.3403
2.4666, 2.5608
2.4255, 2.2849
2.3075, 2.5737
2.6399, 2.3013
2.2353, 1.7447
2.2185, 1.9570
2.4066, 2.1027
2.0711, 2.5593
2.5408, 2.4258
2.0394, 2.8056
2.2054, 2.4402
2.2256, 2.4551
2.3644, 2.7505
2.3711, 2.4764
2.3683, 2.6120
2.1525, 2.0444
2.6086, 1.9083
2.0380, 2.6772
2.4127, 2.6278
2.3425, 2.1832
2.2732, 2.6161
2.2702, 2.0121
2.2235, 2.5645
2.2338, 2.3104
2.3268, 1.7928
2.3885, 2.5851
2.1330, 2.4787
2.3971, 1.9346
2.3610, 2.1520
2.3437, 2.4682
2.3037, 2.3962
2.3123, 2.9264
2.2926, 2.6436
2.4997, 2.0737
1.9700, 2.5775
2.3598, 2.2370
2.4651, 2.5612
2.5135, 2.2624
2.2673, 2.5795
2.4730, 2.1055
2.4211, 2.6331
2.6045, 2.2470
2.4605, 2.2351
2.3171, 2.3671
2.6027, 1.7777
2.3360, 1.8780
2.2838, 2.1272
2.3677, 2.2055
2.3238, 2.2742
2.4788, 1.9928
2.2023, 2.5985
2.4077, 2.2414
2.3820, 2.3302
2.3603, 2.4098
2.1773, 2.4493
2.3366, 2.3461
2.4209, 2.5716
2.3472, 2.5630
2.8595, 1.9491
2.6866, 2.2286
2.5434, 2.3386
2.2491, 2.3904
2.3628, 2.0505
2.0806, 2.4011
2.6290, 2.3861
2.0847, 2.4154
2.4987, 2.2455
1.8246, 2.6603
2.2823, 2.1697
2.1778, 2.5026
2.5080, 2.6732
2.3348, 2.0885
2.4451, 2.1782
2.5920, 2.0896
2.5046, 2.2429
2.4928, 2.1164
2.3652, 2.4000
2.2640, 2.1907
2.4667, 2.3180
2.0454, 2.5251
2.4794, 2.0036
2.5044, 2.7790
1.8988, 2.6503
2.6211, 2.2545
1.9497, 2.6085
2.1514, 2.1651
2.3555, 2.2927
2.1550, 2.4062
2.0701, 2.4271
2.4482, 2.2048
2.3541, 1.8385
2.3189, 2.0422
2.3294, 2.5604
1.9043, 2.6309
2.2070, 2.4640
2.1800, 2.5631
2.2700, 2.2197
2.4676, 1.8659
2.2218, 2.5765
2.3752, 2.3251
2.0004, 2.7468
2.4145, 2.2683
2.2589, 2.5387
2.2281, 2.5179
2.4726, 2.6173
2.4181, 2.1796
2.0613, 2.1809
2.3390, 2.3038
2.4609, 2.1664
1.8355, 2.4712
2.4472, 1.9523
2.4269, 1.9018
2.4381, 2.4731
2.6266, 2.3645
2.5947, 2.5192
2.4687, 2.1043
2.6637, 2.3203
2.4445, 2.3831
2.3472, 2.6525
2.5557, 2.3381
2.6256, 2.1539
2.6763, 2.0747
2.5021, 2.0736
2.2808, 2.4420
2.1289, 2.7472
2.2175, 2.5218
2.5091, 2.5720
2.5662, 2.0344
2.4154, 2.4988
2.1056, 2.6025
2.5142, 2.2015
2.3613, 2.0586
2.5236, 2.1589
2.4967, 2.3582
2.3541, 2.4951
2.9281, 2.0475
2.4713, 2.2308
2.5194, 2.0603
2.4125, 2.7267
2.0878, 2.7077
2.6559, 1.9572
2.1530, 2.1377
2.4716, 2.0983
2.2242, 2.6928
2.2179, 2.6525
2.4381, 2.1547
2.0532, 2.6300
2.2904, 2.1808
2.5781, 2.0151
2.3459, 2.2467
2.3864, 2.4774
2.2724, 2.0558
2.4473, 2.2991
2.5226, 2.1593
2.3086, 2.3648
2.2980, 2.3862
2.7047, 1.4520
2.5498, 2.4731
2.0518, 2.3203
2.3663, 2.7524
2.1616, 2.2431
2.4015, 2.5388
2.7183, 2.4795
2.3226, 2.2401
2.3685, 2.3565
2.2052, 2.4499
2.6173, 2.1229
2.4022, 2.7101
2.1644, 2.4853
2.7927, 1.8301
1.9566, 2.7831
2.0855, 2.5303
2.1943, 2.3228
2.6903, 1.8646
1.9663, 2.4961
1.9555, 2.6871
2.4773, 2.0100
2.2659, 2.4459
2.4678, 2.2629
2.4282, 2.4664
2.2932, 2.1622
2.4039, 2.1848
2.4216, 1.8594
2.2112, 2.1921
2.3798, 2.2247
2.0801, 2.3763
2.1087, 2.3315
2.3533, 2.5141
2.7004, 1.9378
2.3787, 2.1051
2.6403, 1.7930
2.2947, 2.1488
2.4581, 2.1452
2.3803, 1.8394
2.0876, 2.6268
2.1181, 2.3356
2.6321, 2.1171
2.4024, 2.1230
2.2398, 2.5039
2.2604, 2.5316
1.9689, 2.6476
2.0745, 2.0386
2.4071, 2.3667
2.5765, 2.1084
2.3997, 2.0603
2.5485, 1.8496
2.2131, 2.0605
2.4381, 2.6465
2.3952, 2.2565
2.1657, 2.3344
2.1983, 2.4998
2.3756, 2.1953
2.3864, 2.2652
2.4166, 1.9100
1.9629, 2.0598
2.4811, 1.9485
2.2414, 1.9892
2.6305, 2.0196
2.1520, 2.2329
2.4275, 2.0572
2.3332, 2.0432
2.0593, 2.5268
2.3215, 2.3237
2.5799, 2.1731
2.3316, 2.2148
2.1259, 2.7650
2.2794, 2.0649
2.3910, 2.2942
2.4545, 2.1215
2.1256, 2.7741
2.0840, 2.5029
2.5791, 2.3119
2.4659, 2.4307
2.3139, 2.1622
2.4050, 2.3540
2.0134, 2.6409
2.4202, 1.8809
2.4149, 2.2664
2.2940, 2.6508
2.4743, 2.0902
2.2805, 2.4227
2.3624, 2.5068
2.3921, 2.8833
2.3137, 2.1788
2.2464, 2.5303
2.4992, 2.3819
2.2155, 2.0880
2.3436, 2.3056
2.4017, 2.7212
2.3572, 2.2365
2.1837, 2.4957
2.1147, 2.7618
2.4607, 2.4775
2.3331, 2.5466
2.4262, 2.1542
2.5403, 2.5823
2.0820, 2.3603
2.2313, 2.0399
2.4049, 1.9739
2.5074, 2.1660
2.4202, 2.1312
2.6552, 2.1267
2.4919, 2.1646
2.2044, 2.0600
2.4357, 2.1333
2.2064, 2.2098
2.3548, 2.3931
2.4347, 2.3060
2.3923, 2.2735
2.3967, 1.8943
1.7884, 2.8459
2.5262, 2.3925
2.4562, 1.8897
2.2839, 1.9472
2.6305, 2.1698
2.0815, 2.3194
2.1919, 2.5199
2.5048, 2.1550
2.3343, 2.6867
2.2633, 1.9179
2.4815, 2.0398
2.0092, 2.4772
2.4717, 2.8419
2.4313, 2.6815
2.3395, 2.2839
2.7058, 1.9104
2.0755, 2.4327
2.2445, 2.4673
2.4504, 2.4350
2.4342, 2.1926
2.1216, 2.4976
2.4417, 2.2590
2.6927, 2.2477
2.5392, 2.1463
2.6495, 2.2370
2.3263, 2.0579
1.9992, 2.5703
2.7077, 2.0233
2.3864, 1.9275
2.3062, 2.0388
2.5378, 2.1543
2.3554, 2.1908
2.2230, 2.5130
2.4007, 1.9939
2.2317, 2.4095
2.5664, 2.1823
2.1470, 2.4697
2.4411, 2.0069
2.2241, 2.7366
2.3695, 2.3366
2.2412, 2.3996
2.0894, 2.6670
2.2260, 2.1875
2.2115, 2.2146
2.3696, 2.1230
2.2089, 2.4728
2.2995, 2.1642
2.5831, 2.2138
2.1499, 2.3578
2.1044, 2.6318
2.3449, 2.2355
2.2754, 2.1502
2.1256, 2.2353
2.7018, 2.0656
2.3762, 2.5871
2.3812, 2.6294
2.6359, 1.9868
2.1722, 2.4153
2.7239, 1.8282
2.2568, 2.3157
2.3559, 1.9919
2.5620, 2.0165
2.2306, 2.4199
2.5190, 2.0075
2.6450, 2.0405
2.3925, 1.9791
2.6792, 2.1854
2.3602, 2.3029
2.5443, 2.1739
2.1805, 2.5763
2.4029, 2.3779
1.8916, 2.6068
1.9470, 2.4718
2.3563, 1.8195
2.3913, 2.5995
2.2305, 2.1442
1.9688, 2.7157
2.2544, 2.4219
2.1160, 2.7876
2.4465, 2.1369
2.3288, 2.1336
2.4167, 2.4355
2.2494, 2.4081
2.3779, 2.7019
2.2198, 2.1068
2.2493, 1.9618
2.7087, 2.0742
2.4522, 1.9839
2.3585, 2.1104
2.3429, 2.1103
2.3449, 2.3272
1.9265, 2.4329
2.2659, 2.1447
2.3921, 2.1827
2.1226, 2.8468
2.3807, 1.9153
1.8310, 2.7574
1.9649, 2.6281
2.6273, 2.2309
2.3339, 2.2265
2.3986, 2.7087
2.5731, 2.4422
2.6939, 2.6367
2.2891, 2.5437
1.9107, 2.6240
2.2860, 2.4985
2.3302, 2.4965
2.5285, 2.3971
2.3778, 2.6322
1.9284, 2.6853
2.0928, 2.3233
2.2760, 2.4835
2.3298, 2.3796
2.3735, 2.2195
2.4067, 1.8566
2.4374, 2.2620
2.5141, 1.9812
1.7860, 2.7300
2.3213, 2.0963
2.3153, 2.8105
1.7347, 2.7490
2.3339, 2.3554
2.5946, 2.2045
2.2155, 2.0543
2.4957, 2.1924
2.6053, 2.2058
2.0395, 2.1961
2.4051, 2.1385
2.5004, 2.1256
2.0546, 2.2921
2.2581, 2.2878
2.6220, 1.8955
2.4527, 2.1935
2.3218, 2.1075
2.1998, 2.4039
2.2544, 2.0648
2.5241, 1.9333
2.1932, 2.7487
1.8700, 2.5435
2.2178, 2.4912
2.1776, 2.3506
2.3328, 2.0170
2.4913, 2.4954
2.3654, 2.4790
2.1556, 2.5484
2.4303, 1.9855
2.2750, 2.0490
2.3204, 2.5425
2.0421, 2.6770
2.1401, 2.3151
2.2741, 2.3649
2.4736, 2.0804
2.5431, 2.3337
2.3693, 2.6346
2.5142, 1.8723
2.4533, 1.9105
2.0339, 2.7032
2.5878, 2.1839
2.2361, 2.5857
2.3296, 2.3375
2.2968, 2.5086
2.3408, 1.9053
1.8780, 2.7040
2.2591, 2.5018
2.4348, 2.0228
2.3620, 2.2198
2.1924, 2.5537
2.3990, 2.1729
2.3771, 2.1233
2.2539, 2.3247
2.2932, 2.4142
2.3041, 2.2519
2.6181, 2.0411
2.8488, 2.3366
2.4054, 2.3142
2.1442, 2.5410
2.3450, 2.0474
2.4831, 1.7902
2.0147, 2.2164
2.4247, 2.5103
1.9245, 2.3126
2.0916, 2.3236
2.3394, 2.2035
2.3486, 2.1660
2.5629, 1.7919
2.3033, 2.2543
2.6173, 2.3690
2.4750, 1.9570
2.4464, 2.4535
2.5936, 2.1498
2.2097, 2.3620
2.5126, 2.2222
1.9941, 2.2019
1.7738, 2.6008
2.6605, 1.9574
2.4933, 2.8952
2.2632, 2.1327
2.1811, 2.4320
2.1900, 2.0040
2.5389, 2.0288
2.1257, 2.2972
2.1201, 2.4962
2.5975, 2.3248
2.4022, 2.3663
2.1132, 2.2499
2.4805, 1.9784
2.2180, 2.3710
2.4308, 1.7654
2.1718, 2.3493
2.4307, 2.2762
2.4537, 1.9635
2.1188, 2.1970
2.3271, 2.1277
2.6297, 2.1542
2.3496, 2.1954
2.4002, 2.4795
2.3877, 2.2942
2.2250, 2.3779
2.6774, 2.0811
2.1639, 2.2077
2.6178, 2.4580
2.3387, 2.3813
2.1993, 2.4408
2.2839, 2.3513
2.4735, 2.1700
2.3620, 2.4502
2.8119, 2.0329
2.3190, 2.7617
2.0324, 2.3962
2.4021, 2.0623
2.5330, 2.1826
2.6971, 2.0213
2.3705, 1.9889
2.4333, 2.2268
2.0483, 2.1702
2.5505, 1.6004
2.5077, 2.5927
2.3940, 2.2600
2.3348, 2.0603
2.0707, 2.4617
2.1776, 2.5472
2.4255, 2.1038
2.5026, 1.8763
2.2469, 2.1432
2.0141, 2.6476
2.4127, 2.0802
2.5764, 1.6564
2.4972, 2.3789
2.6437, 1.9655
2.6280, 2.5962
2.4903, 1.9192
2.3439, 2.7424
2.3736, 2.1891
2.1508, 2.7035
2.4241, 2.2658
2.0148, 2.5995
2.0482, 2.7753
2.2272, 2.4655
2.4047, 2.1502
1.8499, 2.6229
2.3160, 2.1183
2.3743, 2.4314
2.2705, 2.6883
2.2482, 2.6483
2.6452, 2.0504
2.3824, 2.3761
2.3885, 2.1366
2.3925, 1.8784
2.3667, 2.1154
2.3845, 2.6010
2.6515, 2.0458
2.7822, 2.2237
2.4279, 2.3666
2.2583, 2.2074
2.4396, 2.1316
2.4939, 2.8608
2.3610, 2.8087
2.3984, 2.3455
2.2518, 2.3581
2.3148, 2.2586
2.4508, 1.7065
2.1786, 2.7544
2.3128, 2.6029
2.0946, 2.4707
2.5146, 2.1024
2.3250, 2.5304
2.0906, 2.6982
2.3882, 2.7174
2.2876, 2.3385
2.4552, 2.1738
2.4370, 1.7213
2.3157, 2.3344
2.4538, 2.4970
2.5554, 2.2857
2.2068, 2.0705
2.3730, 2.0904
2.3990, 2.7781
2.5427, 2.0896
2.2969, 2.1729
2.0998, 2.2348
2.3472, 1.9610
2.0482, 2.7510
2.5229, 2.1132
2.1210, 2.4804
2.0900, 2.3871
2.1987, 2.4423
2.3765, 2.3562
2.3569, 2.2852
1.9922, 2.5859
2.4581, 2.1820
2.2684, 2.7609
2.7602, 2.1890
2.2915, 2.4057
2.2975, 2.5365
2.6489, 1.9403
2.6769, 2.3102
2.5447, 2.0573
2.4238, 2.3315
2.1869, 2.4140
2.3599, 1.9725
2.3220, 1.8131
2.0953, 2.5167
2.6185, 2.1232
2.5470, 1.7526
2.2127, 2.4668
2.6500, 2.3120
2.4935, 2.2434
2.2641, 2.6472
2.3431, 2.7184
2.2072, 2.5352
2.5289, 1.9981
2.4488, 2.3417
2.4699, 1.9489
2.0113, 2.4023
2.5789, 2.6421
2.4805, 2.1958
2.0145, 2.7018
2.2708, 2.3011
2.1090, 2.5750
2.4349, 1.9925
2.3468, 2.5818
2.4427, 2.2874
2.3411, 2.0335
2.4353, 2.2150
2.1827, 2.6794
2.7963, 2.2708
2.3010, 2.3855
2.3528, 2.2467
2.0808, 2.7699
2.4456, 1.8791
2.2117, 2.3494
2.4272, 2.3793
2.2577, 2.1879
2.4317, 1.9162
2.1842, 2.5094
2.5261, 2.3381
2.5635, 1.9286
2.6642, 2.1031
2.3524, 2.2725
2.4508, 2.2174
2.3260, 2.3514
2.4576, 2.1483
1.9896, 2.6164
2.2626, 2.0362
2.3937, 2.6915
2.0337, 2.6558
2.3610, 2.0947
2.2545, 2.4503
2.2341, 2.0266
2.2252, 2.2587
2.3465, 2.6159
2.5073, 1.9971
2.7723, 2.0406
2.3807, 2.5589
2.0364, 2.1909
2.1910, 1.9889
2.3842, 2.3996
2.1261, 2.6091
2.0841, 2.5580
2.1197, 2.6801
2.0378, 2.6556
2.2172, 2.3324
2.5120, 2.2219
2.4279, 1.6704
2.1840, 2.3099
2.4409, 2.2809
2.1649, 2.1959
2.0314, 2.6854
2.0290, 2.4994
2.4192, 2.5394
2.2193, 2.2273
2.0168, 2.3602
2.2618, 2.3615
2.2257, 2.4992
2.3716, 1.8718
2.4006, 2.6901
1.9857, 2.5236
2.2199, 2.3426
2.0751, 2.6120
2.0323, 1.9178
2.4225, 2.2830
2.5057, 2.2518
2.0296, 2.4601
2.3530, 2.3449
2.3464, 2.1046
2.1448, 2.4619
2.3562, 2.2830
2.0797, 2.4169
2.2566, 2.2531
2.5961, 1.9769
2.3949, 1.6158
2.4502, 2.3156
2.3923, 1.8613
2.2872, 2.3786
2.3969, 2.2097
2.3177, 2.3140
2.0838, 2.4245
2.1134, 2.7300
2.4673, 2.1379
2.4796, 2.2984
2.4280, 2.8993
2.4381, 2.2799
2.3744, 2.2737
2.4144, 1.8985
1.8777, 2.6985
2.4430, 2.5143
2.3471, 2.1057
1.9986, 2.5520
2.6155, 2.5550
2.2435, 2.4814
2.6160, 2.1549
2.3658, 2.1623
2.2006, 2.3113
2.3635, 2.0998
2.3362, 2.3974
2.4897, 2.2220
2.3323, 2.1186
2.2461, 2.5142
2.2498, 2.4681
2.4959, 2.0591
2.3244, 2.7837
2.4335, 2.3306
2.1954, 2.4625
2.5562, 2.1695
2.2994, 2.1850
2.2940, 2.5692
2.0330, 2.6644
2.1084, 2.1298
2.3821, 2.1878
2.2928, 2.1130
2.4746, 2.2112
2.2798, 2.3431
2.3534, 2.1244
2.2398, 2.5908
2.3581, 2.8532
2.6749, 2.4056
2.4240, 1.9732
2.6430, 1.7441
2.3946, 2.3786
2.2040, 2.3332
2.0499, 2.2808
2.3976, 2.0711
2.8096, 2.0050
2.4362, 2.9234
2.1249, 2.3139
2.3496, 2.2640
2.4897, 1.9382
2.1647, 2.4184
2.5601, 2.7528
1.9582, 2.8362
1.9103, 2.5083
1.9595, 2.6356
2.5400, 1.8052
2.4559, 2.0842
2.3893, 2.0833
2.5420, 2.2592
2.6480, 2.6328
2.3594, 2.0354
2.3161, 2.4478
2.3718, 2.2033
2.0397, 2.6209
2.2314, 2.3486
2.5341, 2.0465
2.3869, 2.4349
2.8034, 1.9903
2.5058, 2.1789
2.5031, 2.2587
2.3983, 2.7741
2.3166, 1.8850
2.4417, 2.0002
2.2569, 1.9080
2.4289, 2.2537
2.5964, 2.1394
2.4832, 2.2661
2.4540, 1.9810
2.3525, 2.3543
2.4788, 2.5299
2.2835, 2.2644
2.3386, 2.4869
2.4824, 2.2047
2.3320, 2.2363
2.4323, 2.6979
2.1747, 2.3842
2.3163, 2.6015
2.4356, 2.6961
2.3144, 2.8608
2.3303, 2.6813
2.0643, 2.3423
1.9721, 2.8195
2.1342, 2.5129
2.4427, 2.0065
2.3256, 2.2098
2.5985, 2.4647
2.3034, 2.0035
2.2016, 2.1529
2.1764, 2.7883
2.1216, 2.3546
2.4537, 2.3764
2.2413, 2.4385
2.5609, 2.2834
2.6014, 1.6674
2.3325, 2.3243
2.3070, 2.2630
2.6071, 2.0540
2.3454, 1.9760
2.1579, 2.4106
2.2356, 2.0651
2.2869, 2.4924
2.2833, 2.0763
2.3796, 2.5906
2.4323, 2.5434
2.7039, 2.2067
2.3846, 2.2881
2.3498, 2.4412
2.6638, 2.1850
2.0015, 2.5371
2.1566, 2.1396
2.5569, 2.2593
2.4366, 2.2700
2.4020, 2.1383
2.4313, 2.1977
2.1955, 2.4594
2.3514, 2.6501
2.2895, 2.3187
2.0236, 2.3348
2.1493, 2.5721
2.0687, 2.6893
2.3383, 2.6550
2.4619, 1.9669
2.6885, 1.9107
2.0643, 2.6472
2.6195, 2.2601
2.3073, 2.4658
2.2149, 2.1000
2.6788, 2.4942
2.5017, 2.2518
2.0329, 2.6197
2.3961, 1.9849
2.2712, 2.1032
2.3933, 2.3642
2.3909, 2.2786
2.8336, 2.0536
2.3828, 2.0825
1.9258, 2.6628
2.4027, 2.1404
2.3020, 2.1340
2.2229, 2.6794
2.4593, 2.4185
2.1519, 2.5334
2.3193, 2.7425
2.5467, 2.3029
2.3344, 2.1971
2.3009, 2.3000
2.5930, 2.7966
2.2634, 2.2370
2.4151, 2.6262
2.2824, 2.1373
2.1662, 2.4902
2.7553, 2.1714
2.3784, 2.1160
2.5382, 2.3205
2.4771, 2.0253
2.5174, 2.6014
2.4794, 1.9855
2.7972, 1.9492
2.2360, 2.4686
2.4765, 2.5491
2.2527, 2.3310
2.6487, 2.0775
2.3135, 2.2971
2.3415, 2.4858
2.4651, 2.3728
2.2824, 2.5834
2.1556, 2.7392
2.4196, 2.3730
2.6198, 2.3557
2.2554, 2.3836
2.2444, 2.3525
2.4296, 2.0234
2.3469, 2.6829
2.2646, 1.8644
2.4177, 1.9991
2.6671, 2.1234
1.9808, 2.5281
2.6964, 1.9609
2.0695, 2.5390
2.4059, 2.1789
2.1244, 2.5452
2.5885, 2.0998
2.2465, 2.2294
2.6339, 2.3403
2.2311, 2.2244
2.0584, 2.4207
2.3056, 2.2544
2.3549, 2.2714
2.1096, 2.1373
2.4390, 2.7634
2.4323, 2.1974
2.3779, 2.1442
2.4666, 2.3536
2.1125, 2.2468
2.5931, 2.1884
2.2631, 2.3000
2.3019, 2.4489
2.3563, 2.2188
2.4652, 2.7540
2.6355, 2.1780
2.6176, 1.9806
2.3681, 2.5031
2.1213, 2.5421
2.4395, 2.3382
2.6179, 1.9976
2.5660, 2.5827
1.9892, 2.8068
2.4796, 2.1346
2.2636, 2.0688
2.5204, 2.1943
1.9714, 2.8314
2.1115, 2.6015
2.4861, 2.3692
2.3144, 2.1881
2.4764, 2.2705
2.3147, 2.1612
2.2779, 2.3681
2.5821, 1.8971
2.1515, 2.7445
2.3697, 2.3109
2.1588, 2.2946
2.3119, 2.2640
2.4210, 2.3318
2.0904, 2.6153
2.5734, 2.1907
2.4595, 2.1136
2.3209, 1.9259
2.3785, 2.5473
2.1235, 2.6651
2.4091, 2.2005
2.3458, 2.5603
1.9695, 2.5307
2.6532, 2.3902
2.0930, 2.4428
2.4691, 2.1570
2.4879, 2.1653
2.6324, 2.5109
2.0973, 2.2252
2.5381, 2.3155
2.4358, 2.4508
2.6089, 1.8703
2.4559, 2.7048
2.5413, 2.1983
2.5020, 2.1838
2.6192, 2.3268
2.4156, 2.0301
2.4138, 2.3593
2.6827, 2.2302
2.4295, 2.5539
2.4518, 2.4444
2.0914, 2.8183
2.3203, 2.3285
2.2017, 2.6934
2.3511, 2.2771
2.3961, 2.1640
2.3388, 2.6039
1.7687, 2.5251
2.5023, 2.0240
2.0186, 2.6933
2.3632, 1.8169
2.4184, 2.1851
2.0875, 2.7278
2.2528, 2.3569
2.1377, 2.7279
2.3981, 2.7074
2.3790, 2.5043
2.5166, 2.1962
2.2640, 2.0644
2.2726, 2.2980
2.2863, 2.1575
2.3739, 2.2950
2.2910, 2.2307
2.3108, 2.2215
2.0836, 2.1597
2.2967, 2.6258
2.6295, 2.2139
2.0378, 2.5346
2.4742, 2.8825
2.4170, 2.2539
2.2557, 2.8945
2.0602, 2.5936
2.3175, 2.6848
2.2957, 2.3316
2.6507, 2.4117
2.1631, 2.5242
2.1536, 2.4359
2.3218, 2.5812
2.2187, 2.3398
2.2044, 1.8831
2.0204, 2.5883
2.2756, 2.2631
2.3323, 2.2182
2.3494, 1.9182
2.4284, 2.3533
2.4557, 1.9100
2.2623, 2.2846
2.4411, 2.4901
2.5768, 1.9754
2.1467, 2.1213
2.2409, 2.5117
2.4477, 2.4653
2.5554, 1.9214
1.7977, 2.7192
2.3296, 2.0354
2.1093, 2.2399
2.1200, 2.3683
1.8898, 2.6313
2.4235, 2.3615
2.2955, 2.1403
2.3293, 2.5262
2.5436, 2.5956
2.3896, 2.0688
2.2732, 2.4537
2.5513, 2.1236
2.4595, 2.1079
2.1964, 2.3576
2.3405, 2.5791
2.2269, 2.6660
2.6259, 2.1745
2.2325, 2.5229
1.9701, 2.5013
2.7143, 2.4930
2.3542, 1.7803
2.4822, 2.3397
2.3743, 2.0082
2.0649, 2.2695
2.3659, 2.6017
2.6099, 2.3928
2.3895, 2.2347
2.1634, 2.7756
2.4081, 1.9730
2.3583, 2.4296
2.4296, 1.8260
2.8246, 2.3764
2.2991, 2.5854
1.8641, 2.4851
2.7402, 2.3140
2.1813, 2.0509
2.1023, 2.4769
2.2987, 2.1085
2.3176, 2.5070
2.4833, 2.4893
2.2129, 2.1694
2.0378, 2.6395
2.3235, 2.0458
2.2925, 2.2102
2.3794, 2.1110
2.1624, 2.3427
2.2812, 2.3532
2.0511, 2.6402
2.1427, 2.5816
2.1546, 2.5387
1.9402, 2.6717
2.1762, 2.3012
2.3729, 2.4833
2.5145, 1.9179
2.3055, 2.1368
2.1050, 2.5820
2.3738, 1.9574
2.1178, 2.7047
2.4780, 2.5096
2.2292, 2.4828
2.1917, 2.3900
2.6134, 1.9279
2.2675, 2.0913
2.6949, 2.1813
2.5431, 1.9789
2.4470, 2.0199
2.4297, 1.8756
2.2983, 2.2248
2.4126, 2.1181
2.1299, 2.3155
2.4080, 2.1220
2.5944, 2.3042
2.2495, 2.1084
2.1821, 2.3216
2.5484, 2.4341
2.3469, 2.5161
1.9104, 2.5380
2.2157, 2.3359
2.3865, 2.4229
2.5220, 2.5713
2.3282, 2.3186
2.0754, 2.3114
2.6647, 2.0459
2.3084, 2.7462
2.1822, 2.0492
2.3881, 2.5479
2.0979, 2.5766
2.2188, 2.2825
2.2280, 2.1907
2.4581, 2.0486
2.0320, 2.3512
2.8067, 2.2717
2.1288, 2.1366
2.6347, 2.1718
2.6396, 2.1723
2.2139, 2.4713
2.5511, 2.3917
2.1850, 2.5308
2.5143, 1.9011
2.4678, 2.1785
2.0375, 2.5021
2.0661, 2.6184
2.5850, 2.1852
2.3153, 2.3379
2.4687, 2.3134
2.2543, 2.2722
1.8233, 2.5284
2.2440, 2.1687
2.2996, 2.5148
2.4107, 2.2175
2.2379, 2.0476
2.6183, 2.5089
1.9522, 2.3453
2.4472, 1.8996
2.2551, 1.9620
2.2983, 2.4031
2.4341, 2.1664
2.4584, 2.0706
2.1902, 2.5015
2.4849, 2.1015
2.3506, 2.5439
2.2588, 2.4138
2.5862, 2.1264
2.1645, 2.5342
2.0276, 2.3797
2.4364, 2.4529
2.1653, 2.5204
2.3279, 2.2218
2.2274, 2.3249
2.1872, 2.5571
2.2967, 1.9889
2.2326, 2.5619
2.9791, 2.0270
2.0853, 2.6582
2.4851, 1.9990
2.3956, 2.0927
2.2394, 2.4644
2.5192, 2.0858
2.2026, 2.1615
2.7336, 2.1490
1.9595, 2.6383
2.3928, 2.2572
2.2288, 2.4651
2.0180, 2.5555
2.3818, 2.2124
2.2764, 2.3338
2.4354, 2.3245
2.3882, 2.0983
2.7334, 2.4065
2.1526, 2.4662
2.3055, 2.2310
2.0344, 2.5787
2.1112, 2.5658
2.3528, 2.3630
2.6327, 1.9981
2.1267, 2.6154
2.4048, 2.3670
2.6684, 2.0746
2.4849, 2.7209
2.5473, 2.0236
2.5486, 2.1095
2.2332, 2.0782
2.5316, 1.9981
2.3422, 2.6903
2.3027, 2.2922
2.2885, 2.1159
2.5002, 2.2749
1.9963, 2.4420
2.3631, 2.5239
2.3507, 2.1155
2.0859, 2.6546
2.3280, 2.5585
2.2106, 2.4197
2.3917, 2.1437
1.9132, 2.4357
2.4036, 2.3655
2.2840, 2.3776
2.3604, 1.9932
2.4610, 2.0981
2.4809, 1.9662
1.8679, 2.6699
2.1555, 2.3045
2.4227, 2.1913
2.3365, 2.0858
2.2231, 1.9800
2.3313, 2.2599
2.3506, 2.0987
2.4761, 2.1305
1.9481, 2.8257
2.0796, 2.6649
2.4996, 2.0736
2.6507, 1.8164
2.0896, 2.5338
2.3590, 2.5778
2.4768, 2.3299
2.3459, 2.1869
2.2977, 2.3642
2.1393, 2.2967
2.3483, 2.5598
2.4329, 2.3288
2.3759, 2.2199
2.0678, 2.4233
2.2578, 2.4506
2.6145, 2.0640
2.2102, 2.4833
2.4294, 2.2868
2.5880, 2.3333
2.6863, 2.1164
2.4607, 2.2546
2.4121, 2.2941
2.2550, 2.3655
2.6496, 2.0832
1.9395, 2.5407
2.2475, 2.6685
2.5139, 1.8890
2.3984, 2.3021
2.6076, 1.9715
2.3593, 2.3687
2.1299, 2.3353
2.3672, 2.6499
2.2655, 2.1669
2.1819, 2.3465
2.5127, 2.0855
2.2611, 2.2594
2.1987, 2.7240
2.3771, 2.1189
2.3043, 2.2297
2.3168, 2.1142
2.4971, 2.1457
2.5245, 2.2058
2.5134, 2.6867
2.6975, 2.1710
2.2590, 2.6201
2.6637, 2.0350
2.2795, 2.0554
2.1104, 2.7387
2.4381, 2.3332
2.4258, 2.4441
2.4220, 2.2321
2.3685, 1.9926
2.7130, 1.9607
2.3790, 2.2877
2.5829, 2.6104
2.5979, 2.4401
2.7038, 2.0213
2.1502, 2.4416
2.4401, 2.1725
2.2905, 1.7545
2.1745, 2.8045
2.3753, 2.3350
2.3056, 2.2206
1.9750, 2.6086
2.5399, 2.2449
2.4644, 2.1898
2.2854, 2.1119
2.3242, 2.3280
2.0602, 2.4696
2.1179, 2.4187
2.3786, 2.4839
2.0584, 2.8283
1.9674, 2.6446
2.3661, 2.1640
2.4717, 2.1991
2.4288, 2.2807
2.2037, 1.9184
2.0472, 2.4094
2.0132, 2.5246
2.3024, 2.4925
2.3362, 2.6679
2.5351, 2.0123
2.5474, 1.8884
2.0530, 2.3352
2.4674, 2.4824
1.8357, 2.7044
2.2485, 2.7097
2.6885, 1.8416
2.2156, 2.5017
2.2873, 2.2481
2.1054, 2.1727
2.2380, 2.2892
2.3806, 2.4283
2.4297, 2.3589
2.0678, 2.1112
2.4033, 2.3287
2.2030, 2.1826
2.5008, 1.8888
2.1192, 2.4443
2.3125, 2.3713
2.5092, 2.0566
2.5411, 2.0127
2.2455, 2.3112
2.6169, 2.0074
2.3323, 2.5736
2.2547, 2.0641
2.2999, 2.3736
2.4680, 2.1117
2.5811, 2.0949
2.0323, 2.5646
2.4224, 2.6228
2.4260, 2.0551
2.5244, 2.3454
2.5569, 2.5316
2.4038, 2.4696
2.7959, 1.8794
2.1402, 2.5706
2.3713, 2.2974
2.1481, 2.4789
1.9934, 2.4504
2.5282, 2.2031
2.4158, 2.0648
2.2346, 2.2904
2.4045, 2.7401
2.4663, 2.1915
2.3603, 2.2853
2.3398, 2.0570
2.4577, 1.7988
2.2500, 2.2048
2.2597, 2.4197
2.4237, 2.3703
2.1686, 2.4606
2.3581, 2.2049
2.4389, 2.6166
2.4343, 2.0310
2.4433, 2.0779
2.6537, 2.2140
2.3928, 2.2363
2.8764, 1.9410
2.3410, 2.1380
2.1504, 2.4016
2.5051, 2.2481
2.5861, 2.0852
2.5799, 2.6849
2.2779, 2.7170
2.3047, 2.1312
2.3691, 2.7482
2.2348, 2.3094
2.2152, 2.3047
2.7038, 2.2026
2.4035, 2.0502
2.2847, 2.4711
2.5702, 1.9481
2.4558, 1.9249
2.3774, 2.7664
2.2934, 2.6540
2.3331, 2.3344
2.2100, 2.3110
2.3938, 2.8057
2.3752, 2.2517
2.2698, 2.0455
2.5788, 2.1093
2.6774, 2.8005
2.1670, 2.3271
2.2874, 2.6284
2.3002, 2.3461
1.9767, 2.4717
2.2151, 2.7302
2.2668, 2.0714
2.5648, 2.5311
2.3471, 1.8946
2.5270, 2.3913
2.4610, 2.3369
2.5729, 2.2615
2.3582, 2.3368
2.2045, 2.2522
2.0722, 2.5039
2.1522, 2.2889
2.2472, 2.6107
2.0084, 2.5604
2.3337, 2.4264
2.0500, 2.5736
2.3445, 2.0427
2.4762, 2.4582
2.5105, 2.4286
2.3979, 2.2242
2.4063, 2.4345
2.1799, 2.7511
2.7376, 2.0805
2.3948, 2.6790
2.3336, 2.1389
2.3150, 2.1565
2.3291, 2.2337
2.2784, 2.3559
2.1505, 2.2957
2.7066, 2.4557
2.0358, 2.3530
2.3722, 2.3370
2.3435, 2.8482
2.6760, 1.9210
2.3066, 2.0962
2.3971, 2.0381
2.2777, 2.2765
1.9001, 2.7641
2.6054, 1.9299
2.2737, 2.3078
2.3681, 2.0773
1.9775, 2.6446
2.3104, 2.4307
2.2870, 2.0656
2.3720, 2.4158
2.2385, 2.1603
2.2706, 2.0600
2.3167, 2.5338
2.3359, 2.2229
1.9379, 2.5312
2.4828, 2.2438
2.3190, 2.6958
2.3476, 1.7470
2.4678, 2.4493
2.4953, 2.0153
2.3164, 2.3977
2.5581, 2.6146
2.3840, 1.9883
2.3537, 2.3479
2.4585, 2.1475
2.2368, 2.3929
2.1476, 2.9443
2.1814, 2.7651
2.0414, 2.3497
1.8649, 2.5202
2.2398, 2.5859
2.4448, 1.9808
2.2686, 2.5731
2.1857, 2.3856
2.1621, 2.3745
2.1875, 2.4462
2.4443, 2.4674
2.8433, 2.2917
2.2879, 2.0285
2.3862, 2.2349
2.2675, 2.0697
1.7433, 2.8278
2.0107, 2.2272
2.2110, 2.4594
2.3006, 2.7642
2.4339, 2.3881
2.3755, 2.1501
2.2331, 2.4858
2.3713, 2.0781
2.5607, 2.3645
2.4998, 2.1542
2.2583, 1.9563
2.0825, 2.5657
2.3813, 1.9821
2.4787, 1.9398
2.3307, 1.8664
1.8049, 2.5731
2.2419, 2.6070
2.2795, 2.1018
2.1419, 2.7836
2.5968, 1.9243
2.0765, 2.3405
2.5985, 2.0811
2.1384, 2.5348
2.4661, 2.5986
2.3845, 2.1902
2.0335, 2.3836
2.0759, 2.6262
2.6453, 1.9595
2.3449, 2.5932
2.1115, 2.2109
2.1856, 2.2522
2.3884, 2.3763
2.5933, 2.4818
2.2347, 2.6072
2.0224, 2.4740
1.9987, 2.3573
2.0023, 2.7809
2.2085, 2.2064
2.3369, 2.3630
2.3443, 2.0374
2.2135, 2.2758
2.5516, 2.8096
2.4888, 2.2701
2.1068, 2.1504
2.3351, 2.4343
2.2284, 2.4241
2.5039, 1.7533
2.4484, 2.1560
2.3835, 2.4976
2.1142, 2.6871
1.9627, 2.5828
2.3492, 2.2897
2.1393, 2.7598
2.4202, 2.4445
2.4607, 2.2012
2.6729, 1.8968
2.2080, 2.3907
2.0441, 2.4281
2.5172, 2.1644
2.3447, 2.6870
2.4498, 2.4081
2.5074, 2.6077
2.3635, 1.9666
2.3640, 2.4601
2.3534, 2.5899
2.4073, 2.2332
2.1819, 2.0323
2.1034, 2.4825
2.1435, 2.3143
2.1986, 2.0860
2.5231, 2.7688
2.3375, 2.2649
2.5315, 2.0671
2.2283, 2.6920
2.0027, 2.5513
2.3782, 2.6523
2.4595, 2.6499
2.3848, 2.2216
2.6041, 1.8764
2.4155, 2.6711
2.1196, 2.8079
2.1899, 2.4922
2.2026, 2.7502
2.4867, 2.2484
2.4344, 2.1089
2.4819, 2.1487
2.1602, 2.3539
2.3711, 2.4268
2.2760, 2.6443
2.1990, 2.6568
2.3245, 2.2769
2.2989, 2.5244
2.0663, 2.2660
2.3890, 2.7546
2.0597, 2.3418
2.3403, 2.2588
2.4869, 2.6279
2.1435, 2.6145
2.6586, 2.1954
2.2924, 2.3337
1.9543, 2.5864
2.7021, 1.9204
1.9951, 2.5008
1.8374, 2.6029
2.2536, 1.9799
2.2138, 2.3699
2.3242, 2.6663
2.5110, 2.2240
2.3295, 2.2567
2.0515, 2.6525
2.3737, 2.6424
2.2517, 2.4134
2.4776, 2.2882
2.4907, 2.3891
2.3811, 2.2774
2.4081, 2.6393
2.3308, 2.0429
2.3611, 2.5185
2.0244, 2.3357
2.0915, 2.4296
2.4057, 2.1841
2.0218, 2.8278
2.0700, 2.3701
2.4269, 2.6923
2.4849, 2.7107
2.3932, 1.9138
2.2612, 2.1754
2.2855, 1.9699
2.5903, 2.2603
2.4082, 2.1574
2.4290, 2.5518
2.4630, 2.4123
2.2778, 2.5351
2.2520, 2.2139
2.3481, 2.1916
2.6627, 1.9704
2.4066, 2.7213
2.4547, 2.0783
2.1320, 2.5717
2.4211, 2.8057
2.3003, 2.4691
2.4159, 2.4241
2.4241, 2.2994
2.2778, 2.4958
2.1824, 2.0512
2.4090, 2.1003
2.1450, 1.8444
2.5813, 1.8628
2.4538, 2.2812
2.3257, 2.2779
2.2764, 1.9233
2.0451, 2.5176
2.3643, 2.4004
2.4298, 2.4121
2.4599, 1.8535
2.4391, 2.6021
2.1372, 2.7428
2.5240, 2.7130
2.5291, 2.8188
2.7598, 2.1643
2.2946, 2.1826
2.2470, 1.9886
2.1525, 2.2925
2.2225, 2.5957
1.7898, 2.5166
2.4880, 2.7376
2.4792, 2.1439
2.5658, 1.9037
2.1046, 2.3116
2.3686, 2.5302
2.3875, 2.1104
2.4697, 2.8714
2.4946, 2.0154
2.3885, 2.7703
1.9947, 2.6365
2.1459, 2.5445
2.0259, 2.2867
2.3708, 2.3420
1.8682, 2.6178
2.4382, 1.9983
2.2562, 2.4194
2.2578, 2.4850
2.4179, 2.3615
2.5837, 2.0263
2.0691, 2.6195
2.2122, 2.2597
2.0922, 2.6767
2.4466, 2.9919
1.8692, 2.4946
1.7960, 2.6197
2.2343, 2.4175
2.3654, 2.4943
1.6250, 2.5402
2.1764, 2.1855
2.3065, 2.1698
2.5349, 2.4941
2.2498, 2.4042
2.4455, 2.1048
2.4688, 2.2892
2.1715, 2.2362
2.3837, 2.2702
2.6187, 1.7558
2.4401, 2.0700
2.4848, 2.3885
1.9639, 2.4446
2.2361, 2.1327
2.1603, 2.4836
2.5547, 2.2760
2.0954, 2.4831
2.3217, 2.1534
2.0654, 2.3292
2.3827, 2.4440
2.4059, 2.5694
2.5982, 1.9308
2.3644, 1.8781
2.5073, 2.4600
1.9993, 2.5791
2.2853, 2.2755
2.3319, 2.5974
2.0414, 2.4724
2.2991, 2.2314
2.3476, 2.0285
2.3670, 2.1155
2.4327, 2.1282
2.4230, 2.1888
2.1953, 2.4224
2.5181, 2.1080
2.3690, 2.3273
2.0355, 2.7196
2.5113, 2.7476
2.3784, 2.1863
2.5885, 2.1420
2.0180, 2.6544
2.4060, 2.2967
2.3991, 2.2451
2.3553, 2.4954
2.1367, 2.5461
2.4875, 1.8995
2.3780, 2.0891
2.4309, 1.7905
2.1517, 2.6055
2.1420, 2.2889
2.4221, 2.3543
2.2300, 2.3833
2.4139, 1.9100
2.3692, 1.9974
2.3851, 2.1411
2.3461, 2.3544
1.9813, 2.7921
2.4806, 2.1621
2.2097, 2.3092
2.3296, 2.3695
2.5206, 2.8966
2.4401, 2.7408
2.4560, 2.0279
2.7938, 1.8864
2.1610, 2.7343
2.6084, 2.3902
2.0904, 2.4218
2.2521, 2.1579
2.2109, 2.3761
2.1058, 2.4061
2.0607, 2.4409
2.3388, 2.0946
2.0482, 2.6034
2.3929, 2.1812
2.2692, 2.1744
2.7035, 2.2015
2.3962, 2.7830
2.3059, 2.5989
2.2212, 2.1314
2.0074, 2.6807
2.3993, 2.2310
2.1984, 2.4071
2.4079, 2.7145
2.4693, 2.2335
2.4968, 2.2835
2.4780, 2.4621
2.3416, 2.5688
2.3904, 2.2105
2.5858, 2.4963
1.7353, 2.7545
2.2715, 2.3618
2.1906, 2.7482
2.5782, 2.5515
2.6853, 2.2869
1.7108, 2.6543
2.3876, 1.8617
2.0556, 2.6207
2.3473, 2.3866
2.3847, 2.1775
2.3054, 2.1625
2.1982, 2.4373
2.3249, 2.2200
2.5850, 2.3602
2.4931, 1.7736
2.4472, 2.4320
2.0536, 2.2480
2.3019, 2.1676
2.1627, 2.4612
2.6661, 2.2360
2.7613, 2.2629
2.0284, 2.0245
2.2012, 2.7113
2.1601, 2.0297
2.1647, 2.3484
2.5442, 2.0857
2.5294, 2.4077
2.0492, 2.4641
2.0823, 2.8427
2.3549, 2.2273
2.5335, 2.2931
2.1458, 2.3305
2.0172, 2.6197
2.5619, 2.0552
2.3198, 2.2605
2.4568, 2.3648
2.2992, 2.1430
2.3876, 2.8207
2.3936, 2.5461
2.4260, 2.6226
2.2058, 2.4467
2.5967, 2.0958
2.4511, 2.6827
2.4280, 2.3261
2.5657, 2.3456
2.5202, 2.3195
2.3064, 2.1317
2.3869, 2.4143
2.2732, 2.3025
1.8575, 2.7533
2.3334, 1.8595
1.8640, 2.6385
2.2954, 1.7990
2.6735, 2.1659
2.5439, 2.2500
2.6938, 2.0792
2.1248, 2.4389
2.2636, 2.4066
2.4850, 1.8558
2.2156, 2.3583
2.3238, 2.2729
2.2526, 2.3293
2.0572, 2.7383
2.6264, 2.1747
2.1856, 2.2352
2.3247, 2.0250
2.3517, 2.0644
2.3382, 2.2737
2.6715, 1.9026
2.3536, 1.9207
2.3116, 1.9578
2.4583, 2.3941
2.3077, 2.2815
2.2769, 2.2142
2.1102, 2.4873
2.0131, 2.7662
2.4745, 2.4107
2.3307, 2.2544
2.0151, 2.4620
2.3022, 2.8315
2.3967, 1.9873
1.9169, 2.6068
2.2144, 2.3419
2.4466, 1.9108
2.4310, 2.3443
2.1196, 2.3756
2.7423, 1.9474
2.1874, 2.4770
1.8222, 2.5850
2.6089, 2.3388
1.9326, 2.6787
2.3380, 2.4271
2.3710, 2.0068
2.2277, 2.0525
2.4997, 2.1740
2.5028, 2.8065
1.9682, 2.5894
2.5127, 2.1731
2.3509, 2.4138
2.4141, 2.8318
2.1989, 2.6608
2.3451, 2.5222
2.4133, 1.9719
2.1420, 2.5952
2.3134, 2.2990
2.1940, 2.4457
2.5083, 1.9525
2.2755, 2.3068
2.2978, 2.2949
2.2810, 2.6472
2.4907, 2.3440
2.3003, 2.3415
2.3753, 2.1115
2.2440, 2.0691
2.7078, 2.2383
2.1475, 2.4403
2.0791, 2.4380
2.2138, 2.5926
2.2238, 2.2961
2.2340, 2.1446
2.1132, 2.5766
2.4100, 2.0049
2.3407, 2.1947
2.5924, 1.9824
2.5079, 2.8817
2.4322, 1.7491
2.3116, 2.2442
2.2663, 2.3303
2.8941, 1.9174
2.3524, 2.0508
2.4812, 1.9200
2.3826, 2.5328
2.0860, 2.2411
2.0356, 2.3051
2.3494, 2.2514
2.0012, 2.2974
2.6104, 2.0542
2.4496, 2.3222
1.9222, 2.7372
2.9836, 2.0798
2.3679, 2.7119
2.3842, 2.2484
2.1093, 2.3270
2.8396, 2.3916
2.3737, 2.0709
2.0972, 2.3175
2.0368, 2.4852
2.4385, 2.1795
2.5416, 2.0036
2.3909, 2.0933
2.3517, 1.9997
2.0215, 2.5357
2.3233, 2.3105
2.2384, 2.5551
2.0485, 2.5181
2.3103, 2.0866
2.4161, 2.6013
2.4718, 2.0759
2.5718, 2.2461
2.4103, 2.2182
2.5348, 2.3492
2.2435, 2.3628
2.5356, 2.3424
2.4867, 2.6659
1.9991, 2.4441
1.8981, 2.4975
2.2103, 2.3901
2.5385, 2.6465
2.2323, 2.2144
2.3608, 2.2791
2.1877, 2.2373
2.2760, 2.0786
2.4400, 2.2580
1.9043, 2.7538
2.0396, 2.5762
2.3670, 2.2999
2.2136, 2.1383
2.2421, 2.6663
2.4146, 2.6418
2.3561, 2.0962
2.6975, 2.0627
2.2755, 2.1977
2.2369, 2.4021
2.5248, 2.2392
2.6680, 2.0538
2.0252, 2.6327
2.5867, 2.2452
2.3451, 2.3172
1.9561, 2.7860
2.4139, 2.6562
2.3184, 2.6229
2.3609, 2.3187
2.2489, 2.7898
2.5484, 2.5292
2.4416, 2.6878
2.1047, 2.3191
2.2085, 2.2738
2.4757, 2.2192
2.1113, 2.5701
2.3887, 2.3781
2.4884, 2.2115
2.5208, 2.1028
2.3113, 2.0951
2.3795, 2.4294
2.7410, 2.2032
2.2275, 2.4156
2.3492, 2.3346
2.1019, 2.5955
1.8695, 2.5654
2.4932, 2.0519
2.4443, 2.1793
2.1734, 1.9978
2.5068, 1.9041
2.7216, 2.1101
2.3288, 2.2070
2.4761, 2.0535
2.4480, 1.6964
2.6554, 2.1303
2.4933, 1.9063
2.2178, 2.4288
2.0381, 2.1753
2.2163, 2.2527
2.2982, 2.4911
2.3354, 2.0823
2.2801, 2.5900
2.3307, 2.0954
2.3858, 2.4517
2.3065, 2.4576
2.4401, 2.2744
2.3796, 2.0670
2.2887, 2.0396
2.1510, 2.5648
2.0837, 2.6895
2.2932, 2.5569
2.3887, 2.1094
2.0307, 2.5329
2.3504, 2.3867
2.3553, 2.4651
2.3928, 2.4353
2.3757, 2.0678
2.2138, 2.4502
2.4661, 2.5861
2.3070, 2.3665
2.3437, 2.3631
2.1777, 2.6542
2.1678, 2.4825
2.7529, 2.0956
2.4128, 2.1726
1.9978, 2.6034
2.0208, 2.3980
2.3207, 2.0919
2.4932, 2.1159
2.5535, 2.0077
2.6829, 1.8396
2.4406, 1.9888
2.4002, 2.6652
2.6790, 2.1336
2.3408, 1.9822
2.2905, 2.5868
2.4301, 2.6111
2.1759, 2.2879
2.3041, 2.0129
2.2900, 2.3391
2.5071, 2.1005
2.4092, 2.8064
2.4179, 2.5211
2.1192, 2.6312
2.1878, 2.2364
2.1582, 2.2981
1.9380, 2.1867
2.0922, 2.5405
2.5204, 2.0254
1.9450, 2.6193
2.1012, 2.2962
2.1995, 2.5771
2.5791, 2.6006
2.3107, 2.2266
2.4189, 2.2897
2.3253, 2.2312
2.5063, 2.1591
2.0896, 2.1021
2.2581, 2.3798
2.0218, 2.3975
2.0681, 2.1092
2.0327, 2.6393
2.2283, 2.0339
2.3979, 2.2020
2.3275, 2.1714
2.1534, 2.4320
2.1050, 2.6556
2.4506, 2.0560
2.4043, 2.2507
2.6355, 2.0344
2.4339, 2.1629
2.6303, 2.0809
2.6238, 2.0849
2.2219, 2.1817
2.1085, 2.6170
2.2571, 2.4758
2.0114, 2.2932
2.4720, 2.0388
2.6983, 2.1122
2.2304, 2.5008
2.2924, 2.0606
2.3174, 1.9918
2.2961, 2.6459
2.1771, 2.2959
2.6019, 2.3752
2.1829, 2.2421
2.5307, 2.1519
2.2968, 2.2211
2.2204, 2.2167
2.2498, 2.1268
2.4260, 1.9568
2.6401, 1.7085
2.5145, 2.2937
2.5399, 2.1503
2.3285, 2.0836
2.4121, 2.3155
2.3736, 2.4648
2.4738, 2.4835
2.2310, 2.6809
2.1972, 2.4834
2.7343, 2.2794
2.2612, 2.6642
2.5773, 1.8682
2.1957, 2.7646
2.3634, 2.2045
2.5410, 2.0412
2.0983, 2.2437
2.4703, 1.9229
2.5067, 2.1886
2.1767, 2.4347
2.5506, 2.6579
2.3486, 2.5894
2.2138, 2.4339
2.4511, 2.0287
2.5634, 1.7935
2.4955, 1.9228
2.0129, 2.1880
2.3241, 2.5474
2.0540, 2.4473
2.5050, 2.2249
2.1858, 2.4717
2.2929, 2.2187
2.5811, 2.1032
2.5277, 1.6643
2.6064, 2.1263
2.4292, 2.4393
2.3301, 2.1126
2.4061, 2.5029
2.6634, 2.1006
2.6933, 2.0066
2.5879, 2.0765
2.3916, 2.3126
2.3144, 2.3937
2.5670, 2.3827
2.3378, 2.5929
2.7107, 2.1989
2.3517, 2.6380
2.3580, 2.2988
2.0319, 2.6586
2.3751, 2.2639
2.4162, 2.6345
2.5604, 2.0304
2.3063, 2.2062
2.3741, 2.2673
2.1183, 2.6177
2.3689, 2.4575
2.2915, 2.2074
2.0867, 2.5803
2.3008, 2.4845
2.2540, 2.6242
2.2912, 2.4451
2.4152, 2.1596
2.3634, 1.8574
2.1132, 2.3152
2.2036, 2.0942
2.0248, 2.5951
2.1934, 2.3862
2.3284, 2.5616
2.4279, 2.2513
2.7107, 2.0154
2.1144, 2.5683
2.5335, 1.5460
2.4150, 2.1737
2.6448, 1.8569
2.4781, 2.2602
2.5214, 2.2748
2.4025, 2.0529
1.9781, 2.6053
2.2378, 2.5329
2.7828, 2.1361
2.6546, 2.1101
2.4976, 2.1411
2.7084, 2.6560
2.4026, 2.2968
2.2533, 2.7024
2.4930, 2.0490
2.2162, 2.2058
2.0026, 2.3055
2.2014, 2.0778
2.4608, 2.7099
2.1925, 2.6851
2.5062, 2.2049
2.3674, 2.0753
2.3704, 2.4086
2.2897, 1.9466
2.2986, 2.3780
2.8111, 2.4106
2.6947, 2.0847
2.5034, 2.0535
2.1880, 2.4098
2.4522, 2.1007
2.3182, 2.1232
2.4254, 1.9506
2.3794, 2.1696
2.0846, 2.5148
2.1299, 2.5313
2.3135, 2.1354
2.0311, 2.5317
2.0851, 2.6683
2.1150, 2.3779
2.4915, 2.1173
2.5704, 2.3007
2.1606, 2.2637
2.4105, 2.3883
1.9838, 2.3651
2.3297, 1.9569
2.3212, 2.1089
1.9601, 2.5502
2.4475, 1.8722
1.9537, 2.6606
2.4648, 2.0399
2.4144, 2.0495
2.3248, 2.2893
2.0533, 2.4887
2.8747, 2.1816
2.3774, 2.3480
2.6459, 2.2033
2.3506, 1.8659
2.2608, 2.5377
2.3237, 2.0801
2.5845, 2.0135
2.5677, 1.9979
2.4167, 1.8367
2.1875, 2.0793
2.3811, 2.2452
2.0092, 2.3963
2.4331, 2.6408
2.2942, 2.3638
2.2250, 2.1078
2.1258, 2.7585
2.5599, 2.0532
2.4382, 2.3967
2.3187, 2.2373
2.4076, 2.0316
2.2267, 2.3650
2.4579, 2.6986
2.4344, 1.8780
2.0939, 2.5161
2.3671, 2.7495
2.3446, 2.2486
2.1730, 2.8129
2.7229, 2.0487
2.2182, 2.1934
2.3572, 2.7928
2.2484, 1.9919
2.3291, 2.6596
2.5434, 2.6705
2.3011, 2.0520
2.3148, 2.3209
2.0754, 2.3143
2.4085, 2.0420
2.4256, 2.5233
2.5381, 1.9701
2.3783, 2.1406
2.2798, 2.4639
2.4139, 2.1501
2.3715, 1.9733
2.0173, 2.4979
2.3426, 2.2541
2.0597, 2.6845
2.3520, 2.1360
2.3267, 2.1238
2.1449, 2.5407
2.4876, 2.1069
2.4263, 2.0758
2.4702, 1.9442
2.2685, 2.5393
2.0853, 2.3765
2.1110, 2.4756
2.3491, 1.9470
2.1004, 2.5945
2.6700, 2.2264
2.0794, 2.4382
2.2788, 2.1784
2.7188, 1.8434
2.1942, 2.4242
2.3288, 2.3421
2.0894, 2.7543
2.5662, 2.3173
2.1357, 2.7600
2.5082, 1.8172
2.4126, 2.7752
2.1450, 2.4101
2.0626, 2.2076
2.1628, 2.5620
1.8232, 2.6584
2.6273, 2.0441
2.5573, 2.0872
2.1146, 2.4359
2.5045, 1.9288
2.4569, 2.0749
2.2918, 2.1901
2.5461, 2.0272
2.5029, 2.2569
2.3160, 2.1823
2.3879, 2.1508
2.0953, 2.5047
2.7195, 1.9663
2.2384, 2.0300
2.3796, 2.3049
2.7924, 2.0996
2.2737, 2.6266
2.1839, 2.5873
2.5459, 2.0593
2.7954, 2.3351
2.4693, 2.7537
2.4877, 2.2501
2.1252, 2.5952
2.4658, 2.6764
2.5551, 2.1352
2.3256, 2.7436
2.2009, 2.4215
2.4144, 1.9995
2.3037, 2.3627
2.3748, 2.2191
2.4617, 1.9999
2.5076, 1.8338
2.3341, 2.2267
2.3681, 2.6485
1.8157, 2.7054
2.1880, 2.1682
2.0293, 2.5627
2.3681, 2.5603
1.9188, 2.4273
2.3515, 2.4586
2.5811, 2.5741
2.6879, 2.0300
2.4334, 2.1811
2.4507, 2.2610
2.1912, 2.4051
2.3370, 2.8613
2.0572, 2.5767
2.2954, 2.3255
2.1949, 2.4454
1.8901, 2.6125
2.1949, 2.5464
2.2491, 2.2312
1.8466, 2.7853
2.4306, 2.1659
2.1312, 2.1826
2.3524, 2.3443
1.9617, 2.6371
2.5201, 1.9506
2.6252, 2.6634
2.4347, 2.0909
2.5752, 2.0539
2.3792, 2.5403
1.8122, 2.5309
2.2949, 2.5341
2.1576, 2.2872
2.4283, 1.9929
2.3982, 2.1752
2.5866, 2.3665
2.3261, 2.5618
2.0939, 2.6140
2.8402, 2.1213
2.5012, 2.1464
2.1312, 2.2951
2.4508, 2.3703
2.4161, 2.2533
2.0821, 2.3777
2.4279, 1.4998
2.3534, 2.6773
2.5710, 2.4011
2.2444, 2.4556
2.4159, 2.7258
2.4763, 1.9166
2.3719, 2.0303
2.6384, 2.0582
1.9474, 2.3640
1.9010, 2.6492
2.9683, 2.2841
2.2397, 2.7000
2.4211, 2.0262
2.4025, 1.7921
2.2731, 2.2633
2.3210, 2.3877
2.4098, 2.2582
2.3460, 2.1622
2.3310, 2.1721
2.4983, 2.3620
2.3869, 2.5556
1.8994, 2.6343
2.3878, 1.9544
2.2949, 1.8838
2.4927, 1.9634
2.2701, 2.4346
2.3895, 2.3919
2.3566, 2.5692
2.3674, 2.2516
2.4908, 2.4937
2.3412, 2.0341
2.4342, 1.9263
2.1965, 2.1890
2.5256, 2.3714
2.5044, 2.2143
2.2991, 2.3347
2.3949, 2.6043
2.4603, 1.9660
1.9293, 2.6780
2.4118, 2.0734
2.1575, 2.1611
2.0245, 2.4367
2.3479, 2.4091
2.1824, 1.9708
2.4867, 2.2000
2.2360, 2.7954
1.9573, 2.3035
2.3738, 2.2445
2.0569, 2.3269
1.9470, 2.5905
2.0738, 2.5772
2.6414, 2.1765
2.5292, 1.9947
2.2052, 2.4061
2.5459, 2.1529
2.4275, 2.1773
2.4811, 2.5644
2.2099, 2.5341
2.5979, 2.6140
2.3284, 2.0020
2.2329, 2.4317
2.0497, 2.5499
2.5089, 2.1322
2.2211, 2.5136
2.5187, 2.7388
1.9071, 2.6022
1.8585, 2.6351
2.6095, 1.9687
2.6264, 2.1943
2.3188, 2.1115
2.6189, 2.1668
2.2987, 2.0542
2.1367, 2.5763
2.1058, 2.8117
2.2067, 2.2050
2.2901, 2.0662
2.1944, 2.4493
2.4348, 2.2464
2.2590, 2.7555
2.4260, 2.7069
2.4025, 2.2632
2.2651, 2.4417
2.2389, 2.0281
2.3620, 2.0911
2.1846, 2.1636
1.8299, 2.6562
2.3196, 2.8959
2.4145, 2.3727
2.3009, 2.1027
2.3878, 2.1588
2.2744, 2.1924
2.4702, 2.4152
2.6075, 1.9258
2.3724, 2.0625
2.2654, 2.1167
2.3747, 2.2972
2.4515, 2.0544
2.3535, 2.8046
2.5205, 2.5147
2.6740, 2.1346
2.4299, 2.2320
2.3768, 2.7167
1.9510, 2.6367
2.5099, 2.1039
2.5206, 2.3865
2.6743, 2.2980
2.3488, 2.3467
2.3442, 2.1234
2.2579, 2.7419
2.1457, 2.4555
2.1439, 2.4673
2.3289, 2.2907
2.3721, 2.0209
2.2964, 2.1154
2.2242, 2.3814
2.3394, 2.4608
2.3845, 2.0464
2.1348, 2.4899
2.3306, 2.3189
1.8190, 2.6019
2.8857, 1.9014
2.2655, 2.4047
2.3780, 2.3470
2.4863, 2.3206
2.3953, 2.3014
2.1498, 2.2026
2.5207, 2.3325
2.2772, 2.3403
2.4526, 2.0203
2.5228, 1.9114
2.2318, 2.2375
2.2202, 2.2312
2.2082, 2.3189
2.2648, 2.1725
2.3415, 2.4948
2.0361, 2.6723
2.6910, 1.3161
2.5034, 2.0882
2.4468, 1.9150
2.1482, 2.2969
2.4813, 2.3839
2.3127, 2.0760
2.1314, 2.4279
2.4139, 2.1582
1.9534, 2.7705
2.4934, 2.1357
2.3133, 2.8679
2.3370, 2.7248
2.4134, 2.1789
2.5275, 2.8152
2.4804, 2.2098
2.6542, 1.7024
2.4047, 2.5726
2.5645, 2.2802
2.4692, 2.2970
2.1247, 2.4081
2.6072, 2.0503
2.0398, 2.5383
2.4193, 2.2592
2.0987, 2.5003
2.3976, 2.4041
2.5541, 2.2249
2.3017, 1.9696
2.3104, 2.6010
2.0134, 2.6339
2.3464, 1.9822
2.3746, 2.1173
2.5110, 2.1352
2.3397, 2.2698
2.5087, 1.9554
2.3445, 2.1492
2.3842, 2.1727
2.6422, 2.5505
1.8774, 2.5227
2.3053, 2.2745
2.3584, 2.1375
2.5095, 2.5689
2.3084, 2.4322
2.4108, 1.8604
2.6176, 2.2912
2.5069, 2.5302
2.5804, 1.9401
2.8027, 2.3448
2.1564, 2.3534
2.4709, 2.4094
2.3197, 2.5642
2.2411, 2.1677
2.5335, 2.8585
2.3093, 2.0529
1.8996, 2.6340
2.4276, 2.7942
2.5070, 2.3062
2.4671, 2.8134
2.5596, 2.1623
2.4155, 2.5169
2.3268, 2.1569
2.1318, 2.3085
2.1415, 2.1943
2.1107, 2.1947
2.3762, 2.3397
2.0435, 2.5694
2.3182, 2.6316
2.4079, 1.6685
2.2887, 2.3023
2.1708, 2.3738
2.5911, 2.3116
2.6827, 1.9098
2.1657, 2.6456
2.6728, 2.0425
2.3874, 2.2075
1.9475, 2.6802
2.5408, 2.2295
1.9113, 2.4499
2.3476, 2.6504
2.2122, 2.4406
2.4542, 1.9458
2.2794, 2.2164
2.3853, 2.7284
2.4273, 2.5124
2.2310, 2.6844
2.3041, 2.6572
2.1846, 2.4236
2.4223, 2.0945
2.3038, 2.5319
2.4130, 2.0567
2.4092, 2.4028
2.2197, 2.1695
2.3218, 2.5015
2.3961, 2.0687
2.6250, 1.6568
2.1145, 2.4194
2.5525, 2.2460
2.3134, 1.8130
2.3455, 2.4358
2.4222, 2.1778
2.4526, 2.3223
2.3014, 2.4100
2.5820, 2.1076
2.4665, 2.5345
2.3811, 1.8894
2.4232, 2.5771
1.9725, 2.6204
2.6012, 1.9763
2.2832, 2.1479
2.6698, 2.2362
2.1920, 2.1007
2.2997, 1.6798
2.2402, 1.9882
2.1984, 2.4383
2.4417, 2.5734
2.4458, 2.1786
2.4954, 2.5657
2.2264, 2.0302
2.2376, 2.1946
2.3144, 1.8679
2.3221, 2.3000
2.1663, 2.3002
2.1690, 2.5654
1.9670, 2.4058
2.2426, 2.6431
2.1846, 2.4678
2.5932, 2.2422
2.4831, 1.8052
2.4828, 2.2610
2.0113, 2.4986
2.3453, 2.6585
2.5078, 1.9650
2.1327, 2.4904
2.3807, 2.3597
2.3857, 2.1940
2.2054, 2.0947
2.1539, 2.4098
2.5864, 1.8694
2.1989, 2.8785
2.1574, 2.4775
2.2991, 2.0702
2.3010, 2.3843
2.1289, 2.3565
2.1489, 2.2776
2.2177, 2.4601
2.4469, 2.5213
2.0315, 2.5625
2.3174, 2.0678
2.4257, 2.1353
2.1764, 2.8904
2.9145, 1.8384
2.2161, 2.5562
2.4455, 2.5702
2.2080, 2.6100
2.5093, 1.8700
2.1487, 2.7337
2.5612, 1.7720
2.3825, 2.0545
2.2057, 2.2762
2.1886, 2.3402
2.6082, 2.0712
2.0514, 2.4333
2.0977, 2.5493
2.5927, 2.4939
2.4328, 2.8011
2.6306, 2.2655
2.4009, 2.0885
2.3555, 2.7103
2.3073, 2.8731
2.2799, 2.4288
2.0686, 2.6253
2.5608, 2.4195
2.8953, 2.0459
2.2299, 2.4448
2.2961, 2.1815
1.8966, 2.2524
2.4185, 2.7687
2.1220, 2.5988
1.9453, 2.5975
2.2676, 2.5063
2.4497, 2.9380
2.5657, 1.9687
2.4164, 1.9266
2.4704, 2.5710
2.1578, 2.7347
2.4925, 2.6461
2.3337, 2.1758
2.6541, 2.1610
2.4459, 2.8622
1.8174, 2.6863
2.3151, 2.1136
2.4173, 2.6837
2.5809, 2.5829
2.4919, 2.1838
2.4577, 2.0710
2.3275, 2.6757
2.3773, 2.4688
2.3656, 2.2330
2.2738, 2.5454
2.1530, 2.7365
2.2545, 2.0637
2.5065, 2.3643
2.2508, 2.5647
2.3709, 1.8852
2.0827, 2.7816
2.3593, 2.6217
2.2301, 2.2227
2.3650, 2.0009
2.2397, 2.6994
2.4230, 2.5506
2.7887, 2.4119
2.1232, 2.5133
2.2839, 2.4048
2.1127, 2.3266
2.5134, 1.9092
2.6505, 2.2883
2.2557, 2.5486
2.4998, 2.0398
2.6938, 2.1023
2.2640, 1.7382
2.3323, 2.0322
2.3706, 1.8154
2.4151, 2.3207
2.4738, 2.6850
2.4813, 2.8914
2.3749, 2.0076
2.2487, 2.3559
2.3952, 2.0942
2.1307, 2.2166
2.4651, 2.3637
2.5252, 2.3196
2.5900, 2.1299
2.5599, 2.3647
2.4926, 2.0571
2.4151, 2.5348
2.5034, 2.2008
2.0065, 2.7127
2.5718, 2.1690
2.4841, 2.1822
2.0487, 2.6812
2.4165, 2.4025
2.3205, 2.8928
1.8447, 2.6195
2.1384, 2.4556
2.6673, 2.3165
2.2745, 2.3921
2.4209, 1.8999
2.3105, 1.9450
2.1609, 2.5793
2.3986, 2.1741
2.2065, 2.1867
2.2349, 2.3278
2.0658, 2.6473
2.5941, 2.3461
2.3330, 2.4265
2.7765, 2.3683
2.4491, 2.3614
2.5475, 2.1797
2.5649, 2.0188
2.5024, 2.3762
2.4245, 2.0757
2.3518, 2.2124
2.4809, 2.4130
2.2007, 2.3203
2.2209, 2.5516
2.4251, 2.3276
2.0104, 2.4616
2.1998, 2.2112
2.0585, 2.4000
2.3778, 1.8676
1.8803, 2.6462
2.2945, 2.2917
2.3616, 2.0578
2.3255, 1.9831
2.5755, 2.1843
2.0559, 2.3121
2.3234, 2.5296
2.1212, 2.1830
2.3324, 1.9585
2.2211, 2.3160
2.8796, 1.9183
2.2134, 1.9356
2.3632, 2.2455
2.4839, 2.3663
2.7496, 2.0081
2.1235, 2.4080
2.2121, 2.1404
2.4579, 1.8577
2.0353, 2.7640
2.1477, 2.5992
2.1759, 2.4217
2.2194, 2.5212
2.3415, 1.7797
2.3470, 2.2524
2.4628, 2.1106
2.7012, 2.1627
2.4989, 1.9079
2.1839, 2.2266
2.3348, 1.9078
2.3374, 2.0298
2.5887, 1.9350
2.5185, 1.7374
2.3781, 2.3157
2.3977, 2.2859
2.4405, 2.1893
2.5573, 2.4926
2.3374, 2.1911
2.3566, 1.8687
2.4535, 2.4980
2.0701, 2.1379
2.2374, 2.3724
2.3260, 2.3027
1.9578, 2.3687
2.4134, 2.0547
2.2646, 2.6680
2.3237, 2.4048
2.2330, 2.3581
2.3112, 2.1993
2.3887, 2.6236
2.4688, 1.7575
2.4122, 2.1375
2.0510, 2.3191
2.3797, 2.3332
2.4811, 2.2926
2.5329, 1.6546
2.3462, 2.2195
2.2756, 2.5295
2.5139, 2.8425
2.4548, 2.0715
2.4506, 2.3338
2.4816, 2.0885
2.8110, 1.9755
2.4387, 1.8582
2.4509, 2.5959
2.1339, 2.0745
2.2000, 1.9787
2.1297, 2.6091
2.5265, 1.9839
2.3750, 2.2141
2.3869, 2.3391
2.3595, 2.2472
2.4268, 1.8598
2.4129, 2.1360
2.5295, 2.1194
2.5289, 2.3427
2.7888, 2.3069
2.5880, 1.8175
2.4350, 2.3606
2.2459, 2.5295
2.1313, 2.2653
2.4470, 2.0677
2.3506, 2.4267
2.4512, 2.3697
2.4134, 2.2269
2.0986, 2.2915
1.8738, 2.7272
2.3713, 1.9770
2.3542, 2.5881
2.2713, 2.3889
2.3694, 2.6938
2.3328, 2.0558
2.3376, 2.3170
2.2220, 2.7750
2.1661, 2.6088
2.3854, 2.1959
2.1319, 2.3374
2.5165, 2.0481
2.4958, 1.8424
1.8677, 2.7898
2.2453, 1.9579
2.5621, 2.0606
2.3409, 2.3763
2.1673, 2.7080
2.2048, 2.1978
2.2880, 2.5332
2.4242, 2.2721
2.2893, 2.3907
2.4164, 2.1020
2.3582, 2.3167
2.2773, 2.6937
2.2995, 2.2704
2.2619, 2.4641
2.3184, 2.4496
2.5873, 2.4946
2.7711, 1.8461
2.2784, 2.0436
2.5103, 2.0296
2.3096, 2.1467
2.2958, 2.1736
2.1796, 2.2898
2.1496, 2.3409
2.5612, 2.0406
2.3848, 2.5244
2.3489, 2.1092
2.2872, 2.2183
2.0282, 2.2130
2.3003, 2.6182
2.3805, 2.1526
2.4499, 1.7656
2.3270, 2.4580
1.9480, 2.6292
2.5877, 1.9524
2.4180, 1.8444
2.3186, 2.1183
2.6018, 2.5605
2.1577, 2.3749
2.5936, 1.6866
2.1001, 2.6152
2.3621, 2.5648
2.2352, 2.3318
2.4023, 2.2787
2.1256, 2.6873
2.3152, 2.6098
2.5726, 2.2490
2.1789, 2.6613
2.3537, 2.3516
2.1308, 2.1957
1.8719, 2.5905
2.2607, 2.5893
2.2551, 2.3456
2.3279, 2.5481
2.0915, 2.7665
2.5149, 2.3989
2.2637, 2.5357
2.4023, 2.0576
2.4844, 1.9491
2.3311, 2.1460
2.3336, 1.9883
1.9291, 2.3348
2.2457, 2.4712
2.4930, 2.7807
2.6933, 2.1158
2.4668, 2.0297
1.9877, 2.3160
2.3526, 2.1199
2.3625, 2.1687
2.1768, 2.3322
2.4978, 2.1757
2.5463, 2.6517
1.9958, 2.5971
2.5006, 2.2045
2.2695, 2.2539
2.2456, 2.4205
2.2385, 2.7863
2.0782, 2.3955
2.3979, 2.0321
2.1098, 2.4745
2.1746, 2.4411
2.5583, 2.1620
2.5225, 1.9729
2.5279, 2.8785
2.6714, 2.0966
2.3594, 2.6398
2.2381, 2.1585
1.9608, 2.5080
2.3211, 2.6707
2.4625, 2.0976
2.1255, 2.3988
2.4063, 2.2362
2.2673, 2.1945
2.1690, 2.0252
2.3733, 2.4942
2.4733, 2.2287
2.2576, 2.1022
2.2399, 2.0506
2.4724, 2.5125
1.9387, 2.5551
2.3048, 2.1761
2.5269, 2.3438
2.2466, 2.4975
2.4258, 2.2485
2.4867, 1.9719
2.3491, 2.1553
2.3068, 2.1092
2.2628, 2.4093
2.3940, 2.6233
2.4172, 2.6348
2.0014, 2.5976
2.1032, 2.1043
2.2318, 2.1231
2.3513, 2.2072
2.4010, 2.1614
2.3381, 2.4862
2.3885, 2.3056
2.9071, 2.1384
2.7026, 2.1075
2.3828, 2.0981
2.4067, 2.2097
2.4250, 2.2034
2.2524, 2.4041
2.4082, 2.5099
2.3744, 2.6436
2.3591, 2.1995
2.3614, 2.0485
2.2213, 2.3215
2.7563, 2.0681
2.3290, 2.3182
2.5672, 2.2945
2.4932, 2.1076
2.3655, 2.6280
2.3320, 2.2100
2.6331, 2.0228
2.5043, 2.3412
2.5265, 2.0997
2.3918, 2.2250
2.5475, 2.0681
2.5640, 1.8261
2.3263, 2.3735
1.9849, 2.4562
2.5046, 1.9600
2.0155, 2.6269
2.3192, 1.9275
2.3579, 2.5477
2.3728, 2.0971
2.4812, 2.0972
2.5950, 2.0666
2.5467, 2.2059
2.3884, 2.0107
2.2974, 2.2384
2.5692, 1.9734
1.7828, 2.5761
2.1546, 2.7436
1.9595, 2.3809
2.1749, 2.2676
2.0267, 2.3873
2.4090, 2.2601
2.2026, 2.4698
2.4882, 2.1790
2.4483, 2.1805
2.4187, 1.7655
2.5315, 1.9106
2.0687, 2.3835
2.6398, 2.2424
2.2276, 2.0117
2.5734, 2.0163
2.3120, 2.1394
2.3232, 2.2297
2.3235, 2.1728
2.4301, 2.4987
2.4531, 2.2137
1.8992, 2.5642
2.0599, 2.6073
2.2242, 2.8340
2.2949, 2.0944
2.6576, 1.9721
2.1885, 2.4266
2.4407, 2.1117
2.4669, 2.0918
2.3157, 2.2465
2.4403, 1.7472
2.3766, 2.2166
2.3730, 2.8134
2.2704, 2.5320
2.4341, 2.3670
2.2484, 2.1144
2.2746, 2.5695
2.2919, 2.3225
2.4989, 2.5608
2.1053, 2.2307
2.1458, 2.2415
2.2802, 2.2211
2.5477, 2.2007
1.9433, 2.4217
2.3542, 2.7760
2.0129, 2.6942
2.4136, 2.4296
2.8943, 2.3160
2.4319, 1.9924
2.2297, 2.0385
2.3402, 2.2880
2.5530, 2.0940
2.3643, 2.5147
2.3026, 2.1013
2.4264, 2.5346
2.4146, 1.8365
2.5118, 2.0503
2.4654, 2.1401
2.1802, 2.3223
2.3112, 2.7826
2.5060, 2.6651
2.6673, 1.8540
2.4234, 1.9354
2.1128, 2.7331
2.2767, 2.6851
2.2848, 2.1620
2.2742, 2.1452
2.3236, 2.4082
2.3703, 2.3818
1.9304, 2.5946
2.2934, 1.9955
2.4084, 2.0034
2.6024, 1.9584
2.5566, 1.9395
2.3379, 2.4505
2.2300, 1.9636
2.7070, 1.8253
2.2488, 2.1927
2.2621, 2.2374
2.3515, 2.2748
2.5002, 2.1499
2.4041, 1.7220
2.4463, 1.9807
2.2732, 2.3754
2.3152, 2.3929
2.0267, 2.6434
2.2829, 2.5623
2.4336, 2.7762
2.4456, 2.3930
2.3560, 2.1685
2.4329, 1.9336
2.3427, 2.1995
2.6785, 2.2968
2.4273, 2.0662
2.5657, 2.0794
2.6547, 2.4866
2.2022, 2.0459
2.6232, 1.8519
2.3480, 2.2084
2.4967, 2.3076
1.9866, 2.5242
2.4010, 2.4595
2.4932, 2.5626
2.1687, 2.4316
2.1868, 2.3518
2.0377, 2.7180
2.5545, 2.2803
2.0954, 2.4581
2.4548, 2.3155
2.2391, 2.5093
2.2852, 2.2659
2.4177, 1.9190
2.3476, 2.5198
2.5705, 2.5121
2.4251, 2.1900
2.1473, 2.7173
2.1747, 2.6818
2.5067, 2.2361
2.0731, 2.5581
2.2939, 2.6244
2.0579, 2.4566
2.3920, 2.0038
2.5120, 2.1950
2.6868, 2.2618
2.4625, 2.5250
2.2326, 2.1687
2.2431, 2.1667
2.3090, 2.1915
2.2675, 2.4513
2.0976, 2.9959
2.5812, 2.2752
2.7175, 2.1044
1.9680, 2.2328
2.4153, 2.1355
2.3701, 2.2287
2.2022, 2.5138
2.3831, 2.1332
2.0145, 2.6424
2.4206, 2.2466
2.7205, 1.9140
2.3513, 2.3270
2.0032, 2.3714
2.7407, 1.2632
2.2966, 2.7631
2.2889, 2.2172
2.3723, 1.9655
2.5463, 2.2595
1.9284, 2.4954
2.3279, 2.5252
2.3914, 1.8835
2.2212, 2.6550
2.3604, 1.6367
2.4838, 2.4740
2.4142, 2.1456
1.9821, 2.3409
2.2079, 2.3232
2.4404, 1.9381
2.4327, 2.0487
2.1073, 2.6864
2.1832, 2.1570
2.0136, 2.6756
2.0392, 2.6694
2.1549, 2.3583
2.0364, 2.5790
2.3654, 2.4933
2.1455, 2.4699
2.2779, 2.1186
2.2841, 2.5349
2.4377, 1.9465
2.5931, 2.5226
2.4556, 2.4104
2.4630, 2.3949
2.4410, 2.3659
2.6736, 2.3402
2.2694, 1.8644
2.5521, 2.3733
2.3001, 2.5376
2.2518, 2.2146
2.3128, 2.4324
2.2752, 2.1125
2.6537, 2.0455
2.2024, 2.5093
2.3118, 2.2943
2.1227, 2.7955
2.5938, 1.8199
2.6589, 2.2702
2.0612, 2.4696
2.1150, 2.5683
2.5554, 2.2220
2.3516, 2.2949
2.3204, 2.0459
2.2939, 2.3231
2.0341, 2.4748
2.2121, 2.3879
2.2836, 2.8214
2.3830, 2.2609
1.9240, 2.4147
2.2526, 2.4064
2.5139, 2.2935
2.3477, 2.4878
2.5007, 2.0692
2.1380, 2.2173
1.9662, 2.5783
2.4356, 1.8990
1.8935, 2.6682
2.3685, 2.3515
2.0642, 2.3283
2.3979, 2.2688
2.3568, 2.5544
1.9444, 2.6011
2.6469, 2.0714
2.4089, 2.7718
2.5110, 1.8501
2.4474, 2.4443
2.3472, 2.6113
2.2292, 2.3613
2.3694, 2.5764
2.5197, 2.4152
2.6078, 2.5036
2.3017, 2.0704
2.2703, 2.2876
2.5483, 2.3300
2.4088, 2.6876
2.0143, 2.3636
2.2738, 2.2669
2.0293, 2.6133
2.5416, 1.9426
2.1963, 2.0957
2.2345, 2.3769
1.8615, 2.4640
1.9378, 2.5459
2.5490, 1.8996
2.2562, 2.5173
2.3110, 2.4172
2.2837, 2.3262
2.2338, 2.4643
2.2018, 2.6195
2.1090, 2.2232
2.3741, 2.5819
2.4186, 2.2106
2.3127, 2.1784
2.2071, 2.3286
2.4310, 2.5059
2.5908, 2.1570
2.6258, 2.1665
2.4118, 2.5422
2.4362, 2.0030
2.2021, 1.9989
2.3137, 2.4907
1.9669, 2.2571
2.5977, 1.9799
2.3379, 2.2152
2.4254, 2.2160
2.5252, 1.7532
2.3128, 2.7438
2.4437, 2.4736
2.1453, 2.5049
2.2066, 2.1990
2.2899, 2.1712
2.4498, 2.4126
2.2638, 2.4711
2.3687, 2.2314
2.4984, 2.4521
2.4668, 2.0904
2.4418, 2.2116
2.0007, 2.4722
2.2863, 2.4808
2.3743, 2.1584
2.6303, 2.7326
2.1791, 2.7881
2.5398, 1.9551
2.4518, 2.3173
2.2438, 2.0620
2.5028, 2.0044
1.9266, 2.6959
2.4349, 2.5056
2.1673, 2.5519
2.1914, 2.3231
2.5595, 1.9323
2.5067, 2.1702
2.0637, 2.6894
2.3633, 2.2195
2.4888, 1.8107
2.3520, 1.9973
2.7280, 2.4784
1.8061, 2.6580
2.3606, 2.6595
2.4805, 2.6147
2.7279, 1.7870
2.5833, 2.0413
2.3798, 2.4962
2.6503, 2.0818
2.5148, 2.5297
2.2615, 2.7092
2.3171, 2.4169
2.1362, 2.4967
2.3745, 2.5569
2.2414, 2.5896
2.3361, 2.4070
2.2603, 2.4842
1.9766, 2.3961
2.2113, 2.6646
2.1830, 2.5965
2.3498, 2.3068
2.3378, 1.8814
2.1764, 2.5061
1.9646, 2.6508
2.0521, 2.7054
2.1064, 2.5311
2.5042, 2.0556
2.6350, 2.2234
2.0810, 2.5387
2.5025, 1.8876
2.4972, 2.4125
2.5434, 2.0805
2.6511, 2.3134
2.4016, 2.0830
2.6686, 1.8462
2.4830, 1.9127
2.5807, 2.5717
2.4618, 2.4282
2.5032, 1.6854
2.5332, 2.3126
2.3428, 2.0092
2.3065, 2.2426
2.2789, 2.1008
2.2475, 2.5835
1.9710, 2.6266
2.3268, 2.1358
2.4867, 2.4023
2.3689, 2.0862
2.4367, 1.8713
2.3897, 2.1077
2.2560, 2.7364
1.8032, 2.7116
2.3341, 2.1943
2.1205, 2.4541
2.5428, 2.0618
2.1426, 2.6925
2.1853, 2.4346
2.6090, 1.9576
2.1481, 2.5730
2.2607, 2.0865
2.2120, 2.7191
2.7160, 2.2550
2.4261, 2.3753
2.3016, 2.5718
1.9744, 2.7431
2.4538, 1.8740
2.1565, 2.1483
2.3177, 2.5245
2.2369, 2.5676
2.1971, 2.2179
2.6580, 1.8757
2.4554, 2.0287
2.4543, 2.0401
2.2050, 2.3915
2.6099, 1.8310
2.5040, 2.3753
2.6608, 2.1849
2.7454, 2.0007
2.5093, 2.2019
2.2460, 2.2010
2.4809, 2.3937
2.3288, 1.9928
2.6626, 2.3396
2.2975, 2.0410
2.5089, 2.2145
2.4150, 2.1034
2.1872, 2.9552
2.4622, 2.3508
2.1865, 2.0516
2.2780, 2.1125
2.3480, 2.1994
2.0008, 2.4697
2.2862, 2.0596
2.1455, 2.2786
2.3288, 2.1253
2.1403, 2.8210
2.3141, 2.1820
2.6255, 2.0176
2.3447, 2.3510
2.4069, 2.2538
1.9651, 2.4777
2.2699, 2.3640
2.4003, 2.2903
2.3197, 2.2616
2.4284, 2.0419
2.4933, 2.0449
2.3348, 2.1309
2.3953, 2.2617
2.5499, 2.0837
2.5332, 1.8432
2.3696, 2.5385
2.3200, 2.7536
2.5534, 1.6961
2.4265, 2.4481
2.3546, 2.6470
2.2802, 2.3513
2.0353, 2.3757
2.4546, 1.8006
2.3201, 2.7552
2.5598, 2.0458
2.1230, 2.6026
2.4046, 2.1569
2.1841, 2.1364
2.2675, 2.5041
2.4556, 2.1200
2.2025, 2.1174
2.3882, 2.0456
2.4356, 2.3658
1.7409, 2.5615
2.3790, 1.7944
2.2520, 1.9579
2.3438, 2.3265
2.4489, 2.1468
2.5011, 2.6541
2.5218, 2.2723
2.5229, 2.1138
2.5053, 2.1641
2.2801, 2.4858
2.1729, 2.5814
2.3299, 2.5265
2.0902, 2.5623
2.4981, 2.4585
2.3032, 2.8541
1.9382, 2.7472
2.1810, 2.5242
2.3309, 2.1818
2.5102, 1.8962
2.1632, 2.4654
2.4919, 2.1282
2.3250, 2.5235
2.0204, 2.5812
2.6604, 2.1560
2.3683, 2.8515
2.1723, 2.2373
2.4039, 2.4833
1.8973, 2.8064
2.4733, 2.3223
2.4160, 2.2036
2.1833, 2.4130
2.0928, 2.3603
2.3360, 2.3635
2.3237, 2.1761
2.2846, 1.9725
2.1524, 2.5783
2.0164, 2.6558
2.2588, 2.0383
2.3943, 1.5605
2.4117, 1.9938
1.9550, 2.9037
2.4613, 1.9689
2.4694, 2.4484
2.4865, 2.4451
2.3121, 2.2513
2.2423, 2.3265
2.1896, 2.2761
2.7121, 2.1797
2.5335, 2.1762
2.1399, 2.6188
2.4281, 2.3634
2.7020, 2.5195
2.4410, 2.1167
2.3581, 2.1517
2.3488, 2.1434
2.3916, 2.0467
2.3983, 1.4783
2.3812, 2.1839
2.3133, 2.2210
2.3886, 2.5357
2.3284, 2.1639
1.9866, 2.6374
2.0494, 2.5498
2.3722, 2.4705
2.2015, 2.2318
2.5296, 2.4544
2.2812, 1.8290
2.4379, 2.0187
2.4204, 2.2654
2.3592, 2.6433
2.3114, 2.0837
2.1149, 2.5530
2.1960, 1.9464
2.0449, 2.4988
2.0527, 2.4863
2.3807, 2.5273
2.3958, 2.4620
2.1558, 2.7141
2.4286, 2.1338
2.2683, 2.3979
2.4669, 2.4625
2.8909, 2.1801
2.2744, 2.1953
2.2320, 2.1412
2.3912, 2.2357
2.6674, 1.9373
2.2053, 2.3066
2.2870, 2.2617
2.1591, 2.6136
2.1194, 2.5049
2.3332, 2.0394
2.3200, 2.0135
2.0588, 2.6040
2.2722, 1.9644
2.1627, 2.7171
2.3237, 2.4375
2.1839, 2.3356
2.3407, 2.2447
2.3403, 2.2390
2.1512, 2.1818
2.4806, 2.3778
2.4809, 2.2323
2.1724, 2.7760
2.0385, 2.4625
2.4874, 1.8036
2.4734, 1.9870
2.2322, 2.0886
2.2323, 2.5089
2.6592, 1.7593
2.4864, 2.1586
2.0791, 2.3932
2.0889, 2.3948
1.9953, 2.2332
1.8015, 2.6477
2.6212, 1.9425
2.4338, 2.2130
2.3753, 2.0566
2.6881, 2.2127
2.0976, 2.6326
2.1925, 2.4127
1.8355, 2.6275
2.4110, 1.8845
2.0589, 2.8314
1.9834, 2.6702
2.5591, 2.1519
2.6159, 2.2695
2.1824, 2.7027
2.2845, 2.7355
2.2376, 2.3196
2.4135, 2.6852
2.5046, 1.8908
2.4578, 2.4243
2.5789, 2.3702
2.0693, 2.2167
2.4610, 2.4710
2.4891, 2.1411
2.2605, 2.2010
2.3918, 2.0036
2.2517, 2.4771
2.2445, 2.4995
2.4804, 1.9654
1.9732, 2.2631
2.2097, 1.8681
2.6098, 1.9984
2.4106, 2.2397
2.3965, 2.5572
2.3812, 2.8289
1.9692, 2.6476
1.9434, 2.6833
2.1613, 2.1728
2.4815, 2.1720
2.2428, 2.4707
2.4281, 2.6305
2.4387, 2.3287
2.1864, 2.2644
2.1980, 2.3663
2.4430, 2.0060
2.3586, 1.7785
2.3456, 2.3376
2.2065, 1.9874
1.8517, 2.5792
2.2937, 2.1846
2.7572, 2.2430
2.0541, 2.0084
2.1248, 2.6700
2.2668, 2.3659
2.3931, 1.8127
2.4734, 2.4779
2.2015, 2.5084
2.1787, 2.2474
2.3455, 1.9542
2.3461, 2.5522
2.1285, 2.7257
2.3386, 2.4780
1.8028, 2.6365
2.1515, 2.0618
2.3135, 2.2602
2.4496, 2.1688
2.3908, 2.3316
2.2003, 2.4784
2.5160, 2.1717
2.4840, 2.1842
2.0635, 2.3163
2.7107, 1.9843
2.4677, 2.1521
2.5276, 2.2661
2.3950, 2.0106
2.1062, 2.4266
2.1002, 2.6993
2.4661, 2.6854
2.5552, 2.2191
2.2230, 2.2536
2.1769, 2.3114
2.4308, 2.2179
2.2695, 2.4746
2.4018, 2.6626
2.3547, 2.4044
2.3416, 2.2363
2.3510, 2.6760
2.1288, 2.3877
2.2935, 2.6324
2.6779, 2.1434
2.3080, 2.2424
2.5228, 2.1982
2.3891, 2.3387
2.4607, 2.5212
2.4800, 2.0342
2.3028, 2.2136
2.4366, 2.1874
2.4317, 2.1742
2.2585, 2.3010
2.5144, 2.0478
2.5471, 2.0078
2.0876, 2.2753
2.5787, 2.3289
2.0207, 2.2884
2.3412, 2.3374
2.5503, 2.2344
2.4304, 1.9765
2.2410, 2.5352
2.2499, 2.5456
2.4393, 2.3038
2.0868, 2.2525
1.9076, 2.5834
2.4131, 2.2975
2.6211, 2.4490
2.2028, 2.2188
2.7114, 2.2887
2.4475, 1.8971
1.8066, 2.6675
2.1387, 2.3925
2.2108, 2.2988
2.3649, 2.0982
2.4547, 2.2691
2.6668, 2.0141
2.4890, 2.1261
2.3364, 2.6161
2.3209, 2.3868
1.9592, 2.5219
2.3439, 2.0936
2.4284, 2.1855
2.1716, 2.2457
2.4524, 2.1094
2.2785, 2.4119
2.5108, 1.9501
2.0744, 2.4741
2.4934, 2.2160
2.4739, 2.1558
1.8587, 2.7692
2.0070, 2.5328
2.5423, 2.1858
2.1084, 2.9032
2.1694, 2.6063
2.1689, 2.4615
1.9971, 2.5485
2.1336, 2.6263
2.3232, 2.7750
2.0838, 2.3618
1.9953, 2.3124
2.3886, 1.9847
2.3342, 2.1511
2.3368, 2.4585
2.0367, 2.7314
2.6556, 1.9742
2.5213, 1.9534
2.3663, 2.0551
2.4338, 2.2047
2.6045, 2.0346
2.1015, 2.4747
2.7479, 1.9674
2.4110, 2.1361
2.5191, 2.0579
2.3999, 2.2222
2.4279, 2.4619
1.9875, 2.6131
2.2475, 2.2085
2.7775, 2.3170
2.2764, 2.0467
2.5033, 2.2586
2.5482, 1.7957
2.3970, 2.1958
2.3036, 2.2157
2.1446, 2.3913
2.1775, 2.4524
2.4993, 2.1188
1.8434, 2.7589
2.5736, 2.3692
2.5416, 1.9734
2.4135, 1.6572
2.2052, 2.1350
2.3190, 2.4259
2.2867, 2.0438
2.1718, 2.6124
2.4442, 2.1539
2.0192, 2.2241
2.3728, 2.4023
2.5392, 2.1462
2.2753, 2.3773
2.2869, 2.0369
2.3299, 2.3320
2.3489, 2.0025
2.2703, 2.3272
2.2502, 2.7258
3.0436, 2.3058
2.0606, 2.4828
2.0900, 2.4795
2.1704, 2.3071
2.4425, 2.4422
2.3758, 1.9312
2.3222, 2.6988
2.2463, 2.5548
2.4401, 2.4514
2.4066, 2.1319
2.0448, 2.4008
2.2399, 2.1686
2.4362, 2.1737
2.2598, 2.7030
1.8197, 2.5844
2.3813, 2.6047
2.1244, 2.3582
2.1741, 2.5511
2.3430, 2.0999
2.0465, 2.5227
2.4287, 2.3282
2.4817, 2.1370
2.5765, 2.4191
2.2937, 1.8043
2.5831, 2.3942
2.4016, 2.1708
2.0268, 2.5433
2.4067, 2.5250
2.4733, 2.3094
2.3472, 2.0895
2.4847, 2.6056
2.2626, 2.2957
2.4821, 1.8756
2.4639, 2.7337
2.3872, 2.7858
2.5617, 2.0197
2.4643, 2.0130
2.2313, 2.2500
2.3892, 1.8851
2.0794, 2.5219
2.5237, 2.5262
2.3190, 2.2850
2.3836, 2.5920
2.1830, 2.4602
2.4949, 2.1659
2.4958, 2.5818
2.0686, 2.5408
2.3241, 2.0032
2.3699, 2.0113
2.2788, 2.6838
2.4259, 2.4222
2.1887, 2.0791
2.2753, 2.0498
2.5071, 2.5117
2.2440, 2.1802
2.2832, 2.3815
2.4839, 1.9746
1.9584, 2.6057
2.1338, 2.1693
2.3928, 2.3440
2.9289, 1.8911
2.1996, 2.4666
2.0169, 2.3849
2.4165, 2.1410
1.9672, 2.5694
2.2414, 1.7473
2.6509, 2.1967
2.5601, 2.2279
2.0874, 2.4181
2.6665, 2.3595
2.0343, 2.6329
2.2034, 2.7044
1.9437, 2.5613
2.7584, 2.1563
2.2885, 2.1945
2.5641, 2.1268
2.2794, 2.3081
2.4300, 2.4847
2.2459, 2.3816
2.4714, 1.9398
2.3813, 1.8849
2.3331, 2.2755
2.7415, 2.1250
2.4451, 2.6393
2.1756, 2.1965
2.4939, 2.7009
2.0929, 2.1756
2.2153, 2.2837
2.0794, 2.4335
2.0004, 2.7258
2.4679, 2.6987
2.5339, 2.0625
2.5222, 2.0064
2.4868, 2.1485
1.9155, 2.7075
2.3114, 2.1223
2.3766, 1.9852
2.4175, 2.1985
1.9747, 2.5528
2.4206, 2.8027
2.1426, 2.6035
2.0320, 2.3583
2.4525, 2.5467
2.5589, 2.1835
2.7040, 2.0797
2.0851, 2.3402
2.1573, 2.1907
2.3940, 2.2150
2.6583, 2.1699
2.4566, 2.3913
2.1419, 2.5221
2.1725, 2.1543
2.3784, 2.6298
1.8881, 2.6854
2.3560, 2.2696
2.4446, 2.1834
2.4612, 2.1865
2.5611, 2.0179
2.0330, 2.6280
2.4118, 2.6206
2.3545, 2.3051
2.4621, 1.9548
2.3472, 2.4674
2.3087, 1.8188
2.3766, 2.1164
2.3299, 2.4342
2.3487, 2.5032
2.2907, 2.5425
2.0531, 2.3592
2.1824, 2.4208
2.4172, 2.0927
2.3701, 2.1617
2.2747, 2.3873
1.8570, 2.5967
2.6365, 2.1461
2.4929, 1.9899
2.3833, 2.1616
2.1116, 2.7422
2.0019, 2.5940
2.1842, 2.3650
2.3511, 2.3143
2.3257, 2.0436
2.0856, 2.4172
2.2051, 1.9468
2.3660, 2.1110
2.2731, 2.2790
2.1535, 1.9836
2.3438, 1.9570
2.2855, 2.0767
2.6260, 2.0716
2.2000, 2.4423
2.4051, 2.1186
2.3604, 2.1378
2.6537, 2.1207
2.3661, 2.7329
2.4144, 2.1601
2.3914, 2.0646
2.0244, 2.5624
2.6471, 2.5946
2.5251, 2.0047
2.5697, 2.4574
2.5885, 2.0010
2.3244, 2.5628
2.0064, 2.6352
2.3921, 2.4689
2.1405, 2.1878
2.2158, 2.6389
1.9756, 2.3558
2.2863, 2.1490
2.6179, 1.9746
2.1196, 2.5331
2.6309, 1.7594
2.3747, 2.2638
2.1920, 2.6091
2.5738, 2.1545
2.4343, 2.1390
2.3623, 1.9340
2.8448, 1.9504
2.0222, 2.6579
2.4167, 2.3072
2.2909, 2.3430
2.1222, 2.3252
2.4505, 2.0505
2.4187, 2.4174
2.3595, 2.0853
2.4079, 2.4451
2.5452, 2.6364
2.5542, 2.5085
2.4591, 2.3096
2.3712, 2.4736
2.4966, 2.7377
2.4137, 2.6417
2.0364, 2.7664
2.6073, 2.1719
2.7955, 2.3648
2.1676, 2.7176
2.2341, 2.5154
2.3726, 2.5183
2.3636, 2.2522
2.2563, 2.2494
2.2917, 2.0643
2.0178, 2.8170
2.5085, 1.9472
1.9185, 2.5594
2.2626, 1.9246
2.5362, 2.3044
2.4056, 2.8591
2.3619, 2.2728
2.5262, 2.1699
2.1673, 2.3733
1.9939, 2.3858
2.3918, 2.5490
2.3810, 2.6671
2.1618, 2.4630
2.5267, 2.3110
2.1364, 2.4624
2.6209, 2.3983
2.4772, 2.1968
2.2602, 2.8189
2.0806, 2.5460
2.2544, 2.5860
2.3925, 2.0569
2.3557, 2.3207
2.3746, 2.4334
2.1200, 2.3210
2.3584, 2.1132
2.7161, 2.0162
2.6783, 2.2406
2.3586, 2.7351
2.3013, 2.1765
2.2052, 2.3119
2.3846, 2.3885
2.4377, 2.1663
2.3548, 2.1482
2.4765, 2.1069
2.1374, 2.5030
2.4841, 2.4119
2.4108, 2.3532
2.1952, 2.1335
2.3761, 2.2417
2.1627, 2.6607
2.1085, 2.5098
2.1851, 2.2634
2.1176, 2.4020
2.2778, 2.1573
2.5017, 1.9927
2.3677, 2.1074
2.5804, 2.1792
2.2785, 2.1581
2.6353, 2.0366
2.3466, 2.3983
2.6022, 2.1711
2.4763, 2.1985
2.2528, 2.6149
2.2883, 2.3937
2.2966, 2.5563
2.3901, 2.6603
2.3816, 2.2628
2.4468, 2.7040
2.1911, 2.2416
1.9544, 2.6915
2.7191, 1.8246
2.3154, 2.6093
2.1870, 2.4991
2.4495, 2.2378
2.4109, 2.4969
2.3449, 2.4452
2.0746, 2.5386
2.6093, 2.4067
2.4723, 2.5029
2.6013, 2.0282
2.3700, 2.1114
2.5048, 2.6537
2.2495, 2.4243
2.2509, 2.0768
2.4308, 2.1470
2.2898, 2.4802
2.4724, 1.9723
2.3551, 2.0520
2.4393, 2.4913
2.1482, 2.2828
2.5842, 2.0604
2.7496, 2.2411
2.3918, 2.5014
2.4309, 2.4970
2.3610, 1.8066
2.6472, 2.5070
2.3555, 2.2379
2.2617, 2.4787
2.4841, 1.9585
2.1970, 2.3003
2.1647, 2.1419
2.3483, 2.0630
2.5801, 2.0608
2.3119, 2.2295
2.3753, 2.6802
2.1936, 2.8181
2.4249, 2.7428
2.3111, 2.1387
2.4919, 2.0274
2.1669, 2.6011
2.4766, 2.2328
2.1383, 2.4127
2.4538, 2.7168
1.9699, 2.5951
2.4071, 2.2095
1.9493, 2.5784
2.2920, 2.1372
2.3899, 2.6461
2.0577, 2.5666
2.5657, 2.1353
2.5020, 2.4350
2.1655, 2.1834
2.3846, 2.2447
2.3430, 2.4499
2.0735, 2.3586
2.1436, 2.5258
2.3245, 2.7064
2.3574, 2.1228
2.5296, 2.6583
2.2494, 1.9964
2.1977, 2.5748
2.1869, 2.2471
2.3936, 2.1732
2.3870, 2.3025
2.2847, 2.3444
2.2755, 2.6039
2.3499, 1.9433
2.1942, 2.7099
2.1882, 2.4793
2.0282, 2.7249
2.3379, 2.1814
2.3298, 2.7781
2.2209, 2.0178
1.9998, 2.7772
2.3729, 2.2012
2.4542, 2.3192
2.1144, 2.2877
2.0927, 2.2525
2.4339, 1.6751
2.6416, 2.0459
2.1766, 2.4656
2.3849, 2.0049
2.5061, 2.2512
2.6272, 1.9764
2.4784, 1.7918
2.3980, 2.1835
2.5699, 2.2485
2.3843, 2.1274
2.5040, 2.5479
2.5346, 1.9478
2.5037, 2.0249
2.3969, 2.3890
2.1744, 2.5551
2.2858, 2.3060
1.9927, 2.6846
2.5773, 2.4341
2.2481, 2.5634
1.9874, 2.6507
2.4820, 2.4634
2.3375, 2.7838
2.2109, 2.5317
2.4374, 2.4869
2.0844, 2.7346
2.1989, 2.4793
2.3429, 1.8568
2.6673, 2.0085
2.2448, 2.8749
2.6702, 2.2358
2.7611, 2.2908
2.1306, 2.4368
2.3889, 2.4644
2.4855, 2.1471
2.2025, 2.4675
2.4679, 2.2468
2.4880, 2.0453
2.1770, 2.4177
2.3796, 2.2182
2.0792, 2.6395
2.6061, 2.1113
2.4021, 2.4501
2.0602, 2.5863
2.3539, 2.3054
2.2985, 2.5382
2.4506, 2.0360
2.2089, 2.1604
2.1407, 2.2756
2.2017, 2.6697
2.3239, 2.4656
2.3884, 2.5061
2.2573, 2.6900
1.9992, 2.4140
2.5564, 2.3879
2.3629, 2.7012
2.5465, 1.9378
2.9999, 2.3242
2.4765, 2.2151
2.3927, 2.1059
2.4131, 2.3163
2.1023, 2.5805
2.1375, 2.0984
2.3672, 1.9904
2.4321, 2.3569
2.2713, 2.0941
2.0624, 2.5904
2.3856, 1.9869
2.8760, 1.9699
2.4209, 2.3605
2.2626, 2.5721
2.4002, 1.8576
2.3187, 2.8232
2.2718, 2.2027
2.0320, 2.3784
2.2819, 1.9906
2.6293, 1.9329
2.1427, 2.5300
2.4462, 2.7712
2.5270, 1.9893
2.5505, 2.2875
2.2349, 1.9385
2.2875, 2.2591
2.4255, 2.0357
1.6958, 2.6576
2.0246, 2.5491
2.1422, 2.3303
2.5916, 1.9831
2.5027, 2.7309
2.3158, 2.1735
2.4707, 2.1556
2.3771, 2.0476
2.4053, 2.4589
2.3529, 2.4307
2.0597, 2.4345
2.2270, 2.1822
2.4083, 2.0613
2.2374, 2.8721
2.3294, 2.3914
2.3044, 2.1944
2.0910, 2.6167
2.4493, 2.0955
2.3661, 2.3279
2.3199, 2.6047
2.2985, 2.6750
2.3174, 2.1438
2.3130, 2.2463
2.1901, 2.2689
2.4872, 2.1956
2.1797, 2.2807
2.6233, 1.9398
2.4321, 2.4008
2.2436, 2.4153
2.1414, 2.3635
2.2295, 2.2006
1.9963, 2.0859
2.4454, 2.0907
2.5131, 2.0498
2.0808, 2.3647
2.3130, 2.5031
2.1000, 2.6932
2.4850, 2.0797
2.6424, 1.9641
2.3934, 2.1155
2.5461, 1.9053
2.2039, 2.6052
2.3325, 2.7222
2.7427, 1.9527
2.4142, 1.5991
2.4445, 2.0371
2.1687, 2.2228
2.2649, 2.2055
2.3940, 1.6549
2.8050, 2.0771
2.0632, 2.7226
2.1601, 2.5337
2.4188, 2.3634
2.1642, 2.4963
2.3125, 2.2852
2.5843, 2.2054
2.1698, 2.4059
1.9965, 2.3567
1.9821, 2.6071
2.3084, 1.8687
2.3891, 2.1587
2.2816, 2.0821
2.0899, 2.6287
2.0091, 2.4732
2.3123, 2.5510
2.2321, 2.7771
2.6621, 2.1112
2.2519, 2.7233
2.2784, 2.4888
2.0062, 2.5846
2.3771, 2.5706
2.4053, 2.1063
2.0223, 2.5387
2.3216, 2.2043
2.6537, 2.4159
2.1717, 2.5183
2.6484, 2.2751
2.2582, 2.3792
2.6133, 2.1320
2.1527, 2.4821
2.3152, 2.0688
1.9793, 2.4926
2.4270, 1.9273
2.3927, 2.4452
2.3862, 2.4698
2.5992, 2.2674
2.2788, 2.6104
2.4563, 2.3030
2.2549, 2.6960
2.3983, 2.1117
2.0630, 2.2889
2.3853, 2.7132
2.3084, 2.6915
2.3149, 2.2485
2.3683, 2.3483
2.0326, 2.5162
2.2001, 2.2466
2.4301, 2.3964
2.2740, 2.3150
2.2394, 2.1292
1.8147, 2.6139
1.9755, 2.3149
2.4705, 2.4473
2.3219, 2.0190
1.6500, 2.7575
2.4245, 1.9882
2.5653, 2.0877
2.2216, 2.1445
2.0702, 2.3151
2.3164, 2.2228
2.4099, 2.2504
2.7758, 2.2120
2.4417, 1.6378
2.4978, 2.4647
2.4543, 2.7140
2.4300, 2.0145
2.1805, 2.3694
2.1482, 2.4210
2.3951, 2.3297
2.5594, 2.8067
2.3215, 2.5231
2.0207, 2.5627
2.1270, 2.4457
2.3109, 2.3255
2.0906, 2.2923
2.4704, 2.6646
2.0816, 2.5203
2.2220, 2.6172
2.6611, 2.3928
2.6327, 2.4860
1.8811, 2.2277
2.2952, 2.5533
2.3401, 2.2726
2.2957, 2.4968
2.1239, 2.4957
1.8182, 2.5705
2.2562, 2.6443
2.2275, 2.3819
2.3036, 2.0631
2.3905, 2.4665
2.5186, 1.8965
2.2146, 2.4614
2.4350, 2.3680
2.3576, 2.0450
2.3769, 2.4214
2.3250, 2.3449
2.1825, 2.2346
2.2861, 2.2612
2.5543, 1.9011
2.6666, 2.5064
2.6522, 2.1160
2.0726, 2.2110
1.9824, 2.4280
2.6694, 1.8705
2.2125, 2.2516
2.6620, 1.9531
2.3039, 2.6662
2.6910, 1.9372
2.2311, 2.6110
2.4746, 2.1588
2.2023, 2.5264
2.1035, 2.3474
2.4738, 2.1811
2.3214, 2.5628
2.4810, 1.9366
2.4579, 2.0832
2.1432, 2.5196
2.0658, 2.6357
2.1969, 2.2956
2.3695, 2.2985
2.6339, 2.1036
2.2184, 2.2817
2.3502, 2.1152
2.2238, 2.4475
2.3543, 2.3521
2.4350, 2.2207
2.3965, 2.8142
2.4322, 2.0190
2.5873, 2.0661
2.4136, 2.2181
2.3093, 2.0809
2.0229, 2.5338
2.0801, 2.6919
2.0204, 2.6577
2.5013, 2.2631
2.4220, 2.2498
2.1896, 2.2770
2.6476, 2.3381
2.4605, 2.7109
2.5304, 2.6989
2.1620, 2.0886
2.5840, 1.8202
2.2428, 2.0660
2.3126, 2.3658
2.2494, 2.2096
2.4775, 1.9066
2.1241, 2.0627
2.3988, 2.1864
2.7155, 2.2261
2.7967, 2.1217
2.3864, 1.9957
2.7904, 2.5009
2.0700, 2.4437
2.4458, 2.4444
2.3311, 2.1358
2.1753, 2.5251
2.2916, 2.1811
2.2426, 2.1815
2.3521, 2.5985
2.3452, 2.3577
2.3989, 2.2828
2.0706, 2.5386
2.2967, 2.5080
2.3471, 2.3927
2.4047, 2.2942
2.4890, 2.2867
2.4641, 2.0801
2.5770, 1.9455
2.0711, 2.7826
2.3267, 2.0650
2.5833, 2.4937
2.0850, 2.6072
2.2858, 2.5110
2.2641, 2.1216
2.3992, 2.4189
2.4400, 2.3619
2.3879, 2.0017
2.6184, 2.1180
1.9891, 2.3410
2.2220, 2.2564
2.2725, 2.1540
2.5243, 2.1826
2.3436, 2.5570
2.4598, 2.2985
2.5039, 2.7915
2.4387, 2.1702
2.0542, 2.5057
2.4673, 2.3026
2.1682, 2.2367
2.3912, 2.0594
2.2906, 2.7928
2.4854, 2.8086
2.4777, 2.4378
2.2497, 2.2202
2.3606, 2.3230
2.4651, 2.5230
2.5922, 2.1273
2.6192, 2.1575
2.4044, 2.2922
2.3422, 2.0340
2.1561, 2.5680
2.6488, 2.3666
2.2112, 2.5354
2.2367, 2.1274
2.2492, 2.3336
2.3563, 2.7666
2.3183, 2.2816
2.3531, 2.2437
2.2056, 2.4714
2.2799, 2.7097
2.4133, 2.0399
2.5283, 2.1383
2.3149, 2.1956
2.2402, 2.4330
1.9777, 2.4291
2.4208, 2.1182
2.3802, 2.3886
1.9752, 2.5614
2.2726, 2.2253
1.8253, 2.6002
2.3994, 2.0792
2.1064, 2.4718
2.2569, 2.3666
2.4906, 1.8831
2.3583, 2.2446
2.0413, 2.5717
2.5445, 2.1032
2.3788, 2.0953
2.4648, 2.0429
2.2169, 2.4134
2.2269, 2.3629
2.2512, 1.9018
2.3860, 2.1175
2.3798, 2.0353
2.5068, 2.1729
2.5232, 1.8637
2.3347, 2.3659
2.4229, 2.1435
2.2858, 1.8825
2.3010, 2.0012
2.3210, 1.7967
2.4153, 2.7195
2.3413, 2.1121
2.6145, 2.3832
2.4658, 2.1825
2.6105, 2.6919
2.5621, 2.4401
2.0990, 2.5348
2.4485, 2.1197
2.3621, 2.7158
2.3409, 2.3212
2.0752, 2.5615
2.1047, 2.5423
2.5640, 2.6472
2.2612, 2.2134
2.7618, 2.1330
2.4795, 2.1499
2.4446, 1.3548
2.2090, 2.4391
2.3090, 2.4395
2.4416, 2.5540
2.3812, 2.3332
2.3084, 2.0120
2.2764, 2.3626
2.6509, 2.0453
2.5745, 2.6138
2.0047, 2.4267
2.6029, 2.3729
2.6746, 2.5084
2.5381, 2.4191
2.3583, 2.5105
2.2842, 2.3453
2.0206, 2.6086
2.4912, 2.2787
2.4580, 2.0764
2.2452, 2.4822
2.4633, 2.3137
2.2098, 2.5779
2.3403, 2.7351
2.3731, 2.8039
2.1768, 2.3583
2.2111, 2.2522
2.4170, 2.1470
2.1541, 2.7793
2.0260, 2.3634
2.1318, 2.2832
1.8975, 2.4250
2.1816, 2.4914
2.2366, 1.9283
2.5141, 2.3054
2.5716, 2.7786
2.7614, 1.8257
2.5166, 2.7156
2.2444, 2.2294
2.4095, 2.2359
2.0151, 2.5694
2.5535, 2.0928
2.2818, 2.2299
2.3563, 2.0170
2.4535, 2.3196
2.4336, 2.0887
2.3249, 2.2002
2.5891, 2.2878
2.3440, 1.9835
2.1613, 2.4818
2.4425, 2.6922
2.1203, 2.7697
2.5918, 2.5499
2.3023, 2.4890
2.2975, 2.1542
2.0741, 2.5253
2.0337, 2.4142
2.1988, 2.6481
1.8699, 2.5428
2.1391, 2.5033
2.1082, 1.8827
2.6493, 2.3782
2.1991, 2.1819
2.4919, 1.9612
2.2913, 2.3977
2.1402, 2.4757
2.7054, 2.3493
2.4481, 2.0728
2.6535, 1.8170
2.0087, 2.4090
2.2837, 2.1158
2.3812, 2.3721
2.4739, 2.0491
2.3092, 2.2085
2.1525, 2.5135
1.9881, 2.7721
2.2525, 2.4396
2.2499, 2.3291
2.5396, 2.2910
2.3219, 2.1611
2.1252, 2.5927
2.6752, 2.5782
2.4035, 2.0253
2.3278, 2.1462
2.1944, 2.5221
2.4081, 2.7262
2.4370, 2.1603
2.5176, 2.1768
2.4442, 2.3930
2.0087, 2.8095
2.3344, 2.3425
2.2688, 2.1364
2.2764, 1.9983
2.4804, 2.5200
2.1729, 2.5844
1.8622, 2.4212
2.4263, 2.1211
2.8774, 2.2413
1.9325, 2.6713
2.1473, 2.7059
1.9963, 2.6824
2.9317, 2.1080
2.2685, 2.0595
2.3194, 2.0392
2.2790, 2.3227
2.0872, 2.5577
2.5767, 2.0710
2.4323, 2.5333
2.4554, 2.1977
2.4972, 2.5943
2.0479, 2.3706
2.2130, 2.4963
2.0597, 2.6776
2.4580, 2.1039
2.4773, 2.2998
2.2061, 2.3310
2.4216, 2.0865
2.2947, 2.6357
2.1029, 2.4472
2.3262, 2.6143
2.1732, 2.2709
2.2990, 2.5910
2.1182, 2.2742
2.5214, 1.8947
1.9759, 2.4105
1.9833, 2.6618
2.2509, 2.4262
2.5183, 2.4416
2.1660, 2.1262
2.4853, 2.5268
2.2526, 2.2280
2.4976, 2.2195
2.5478, 2.2738
2.5245, 1.8472
1.9721, 2.7216
2.0953, 2.3741
2.6062, 1.7235
2.4241, 2.5208
2.4671, 2.1988
2.1523, 2.5734
2.3149, 2.2807
2.5141, 2.2729
2.3207, 2.3955
2.5400, 2.2122
2.2508, 2.5391
2.4609, 2.5039
2.3009, 2.0384
2.0365, 2.6525
2.1163, 1.9460
2.5401, 2.1444
2.4162, 2.4557
2.7214, 1.7801
2.0819, 2.4999
2.4613, 2.0908
2.3561, 2.2364
2.3401, 2.3709
2.6568, 1.9563
2.3931, 1.9247
2.5805, 2.3425
2.3608, 2.4709
2.5542, 2.0903
2.3404, 2.7872
2.8250, 2.2845
2.0717, 2.3211
2.3314, 2.5556
2.1136, 2.4382
2.3886, 2.7369
2.3778, 2.1989
2.1942, 2.3190
2.4793, 2.1904
2.4942, 2.1548
2.6169, 1.8957
2.1808, 2.6358
2.0015, 2.5808
2.0404, 2.5895
2.6599, 2.1795
2.1105, 2.3870
2.2554, 2.1141
2.2570, 2.5897
2.3346, 2.2335
2.5062, 2.5855
2.4765, 2.0142
2.4558, 2.4536
2.4457, 2.4974
2.4503, 2.1678
2.7210, 2.2177
2.7548, 2.0738
2.6637, 1.8464
2.4362, 1.9982
2.4578, 2.4133
2.5953, 2.6453
2.0058, 2.3584
2.6679, 1.9804
2.1723, 2.4460
2.6980, 2.0588
2.2175, 2.1101
1.9747, 2.4801
2.2982, 2.7077
2.3789, 2.2776
2.2415, 2.4563
2.1938, 2.2645
2.2396, 2.6560
2.4262, 2.5317
2.0939, 2.3799
2.3207, 2.0554
2.2507, 2.3272
2.3069, 2.3653
2.1650, 2.3734
2.5521, 2.2138
1.9903, 2.6701
2.1140, 2.1159
2.3877, 2.1772
2.4453, 2.2262
2.6540, 2.3426
2.3206, 2.0343
2.6512, 2.2769
2.4420, 2.1079
2.3120, 2.1989
2.4192, 2.2818
2.1569, 2.2988
2.9327, 2.0503
2.0785, 2.7110
2.6755, 1.9217
2.2885, 2.2919
2.6163, 2.1636
2.4105, 2.0767
2.3612, 2.3692
2.3930, 2.3755
2.1523, 2.1718
2.1732, 2.6125
2.3512, 2.4724
2.4971, 2.1709
2.2427, 2.4579
2.2966, 2.3858
2.0295, 2.7378
2.1508, 2.5009
2.3965, 1.9140
2.6313, 2.3420
2.6130, 2.0460
2.3327, 2.3440
2.0969, 2.4085
2.1920, 2.4274
2.3114, 2.3453
2.7584, 1.9756
2.2851, 2.2609
2.2761, 2.5827
2.4380, 2.6080
2.4161, 2.3777
2.2663, 2.2854
2.4260, 2.1786
2.3155, 2.4151
2.4683, 1.8924
2.4890, 1.8713
2.2863, 2.3365
2.4026, 2.4519
2.5747, 2.7034
2.1899, 2.2765
2.2740, 2.2214
1.8905, 2.4808
2.3955, 1.9984
2.3098, 1.9372
2.3787, 1.9336
2.3625, 2.4915
1.8958, 2.5344
2.5036, 2.2511
2.1868, 2.3465
1.9465, 2.5638
2.4512, 2.0246
2.1748, 2.4008
2.1959, 2.4221
2.4442, 2.3199
2.4339, 2.6098
2.4118, 1.8662
2.2871, 2.7880
2.2129, 2.4840
2.4534, 2.2328
2.1369, 2.3663
2.2611, 2.0629
2.2150, 2.7474
2.4022, 2.3204
2.3074, 2.3724
2.0541, 2.2632
2.0912, 2.7788
2.5016, 2.0954
2.5652, 2.5305
2.5961, 1.6011
2.6485, 1.8452
2.4700, 2.3560
2.1936, 2.5547
1.9926, 2.7704
2.4168, 2.4631
2.2799, 2.0881
2.3267, 2.3840
2.3797, 2.4984
2.1794, 2.6539
2.3263, 2.5866
2.0602, 2.4238
2.2826, 2.0646
1.9458, 2.6534
2.5318, 2.2222
1.9057, 2.5425
2.5223, 2.1927
2.4672, 2.1685
2.0304, 2.6415
2.1845, 2.4522
2.5174, 2.3295
1.9446, 2.4888
2.0058, 2.2266
2.2939, 2.6497
2.6524, 2.0346
2.0014, 2.7298
2.3621, 2.6442
2.2730, 2.6831
2.3341, 2.3921
2.6187, 2.3503
2.1773, 2.7851
2.3123, 2.3955
2.3506, 2.2688
2.2694, 2.3151
2.3691, 2.7877
2.2694, 2.2211
2.2010, 2.6683
2.6015, 2.6258
2.3535, 2.3183
2.4793, 1.5492
2.2702, 2.7303
2.3973, 2.2239
2.4976, 2.3262
2.4037, 2.1124
2.2234, 2.3295
2.5438, 2.1031
2.2080, 2.3298
2.2106, 2.2170
2.0469, 2.3464
2.4606, 2.1703
2.6921, 2.3046
2.3246, 2.1113
2.5350, 2.0943
2.4190, 2.1233
2.2193, 2.3383
2.3881, 2.2093
2.0584, 2.2678
2.1602, 2.1251
2.3985, 1.9212
2.2569, 2.3629
2.4943, 2.4709
2.3727, 2.6506
2.4621, 2.4641
2.3511, 2.5952
2.2119, 2.6456
2.5263, 1.7559
1.8424, 2.7471
2.7704, 1.9650
2.2162, 2.2280
2.5474, 2.7257
2.1789, 2.3443
2.1877, 2.6666
2.2399, 2.4804
2.5329, 2.0156
2.4800, 2.1005
2.2939, 2.5094
2.2246, 2.3590
2.5183, 2.8358
2.4670, 2.2807
2.3815, 2.1539
2.1475, 2.3581
2.4381, 2.0217
2.4164, 2.1838
2.2081, 2.3292
2.5054, 1.9751
2.4355, 2.3134
2.3905, 2.6343
2.8757, 1.9001
2.3113, 2.1479
2.3044, 2.2573
2.5675, 2.1505
2.1332, 2.4375
2.3378, 2.0863
2.4281, 2.3323
2.2004, 2.6010
2.3664, 2.3789
2.5765, 2.0633
2.3789, 2.5381
2.1858, 2.5172
2.2362, 2.3390
2.3061, 2.5996
2.9036, 2.1335
2.3743, 2.3171
2.1691, 2.3100
2.3406, 2.2043
2.1901, 2.1836
2.2627, 2.2163
1.9949, 2.5380
2.3103, 2.0521
2.0612, 2.2133
2.4522, 2.2062
2.3363, 2.3202
2.3281, 2.2790
2.4337, 1.9832
2.2581, 2.5588
2.4517, 2.0077
2.3386, 2.4380
2.3887, 1.9666
2.1038, 2.4448
2.3920, 2.0393
2.2848, 2.6722
2.3199, 2.4964
2.1282, 2.6409
2.6139, 1.8519
2.1119, 2.5679
1.9965, 2.6104
2.4010, 2.7451
2.0286, 2.4670
2.3743, 2.1798
2.0379, 2.7253
2.5459, 1.8296
2.2076, 2.3222
2.0921, 2.4876
2.1015, 2.6409
1.9945, 2.5197
2.5608, 2.5515
1.9377, 2.8449
2.4178, 2.5078
2.1871, 2.0727
2.3907, 2.0082
2.3973, 2.9633
2.3510, 2.1349
2.5754, 2.5543
2.1951, 2.3899
2.3355, 2.5417
2.2539, 2.5721
2.5352, 2.2941
2.2601, 1.9747
2.3588, 2.2486
2.4984, 2.2301
2.3871, 2.4059
2.0774, 2.5774
2.3692, 2.1065
2.2263, 2.2189
2.0567, 2.4935
1.6466, 2.7449
2.3037, 2.5558
2.3843, 1.9062
2.4909, 2.5296
2.3995, 2.4967
1.9071, 2.6580
2.3729, 2.0244
2.5079, 2.0431
2.3316, 2.7330
2.6292, 2.5944
2.1237, 2.5312
2.3245, 2.1592
2.4678, 2.4475
2.2955, 2.2844
1.8986, 2.4980
2.2855, 1.9353
2.0374, 2.8008
2.3887, 1.8344
2.6664, 1.6512
2.2646, 2.1527
2.3226, 1.9647
2.3994, 2.5951
2.6432, 2.1455
2.3765, 2.1475
2.2289, 2.1660
2.3513, 2.0937
2.3021, 2.3815
2.3708, 2.2245
2.5515, 2.6284
2.6836, 2.1684
2.5403, 2.1337
2.5031, 2.1536
2.1981, 2.1028
2.1286, 2.5069
2.4496, 2.3643
2.3331, 1.9396
2.4856, 2.1737
2.2683, 2.4760
2.1623, 2.2898
2.4157, 1.9155
2.3384, 2.2172
2.2791, 2.1198
2.3682, 2.2973
2.1874, 2.7273
2.4255, 2.0327
2.5668, 2.6753
2.6327, 1.8868
2.3223, 2.4329
2.4396, 2.2685
2.2061, 2.6724
2.3469, 1.9970
2.1541, 2.4398
2.1617, 2.2436
2.4076, 2.1203
2.5630, 2.2083
2.8486, 1.9511
2.3361, 2.1292
2.3234, 2.5094
2.4156, 2.2397
2.1619, 2.5658
2.3928, 2.4743
2.5589, 2.2443
2.5614, 1.9239
2.2138, 2.3456
2.2390, 2.2191
2.2784, 2.3570
2.5093, 1.9967
2.6135, 2.0718
2.4148, 2.3265
2.3472, 2.2883
2.1735, 2.2156
2.4774, 2.2072
1.8189, 2.8180
2.2712, 2.6941
2.4745, 2.7875
2.2547, 2.2492
2.1113, 2.5404
2.2568, 2.4372
2.4332, 2.1911
2.3763, 2.3185
2.2159, 2.5349
2.6290, 2.2475
2.2892, 2.5256
2.5588, 1.9668
2.5928, 2.5500
2.4425, 1.9989
2.1449, 2.6407
2.6461, 2.0426
2.2856, 2.1384
2.7707, 1.9143
2.8285, 2.2727
2.3958, 2.2385
2.4293, 2.3310
2.1072, 2.4403
2.1572, 2.5997
2.3092, 2.7451
2.4233, 2.6087
2.2616, 2.6440
2.2078, 2.3740
2.3293, 2.2589
2.4286, 2.2784
2.4241, 2.1154
2.2796, 2.2404
2.2369, 2.3372
2.3481, 2.5678
2.3752, 2.2414
2.0465, 2.4598
2.4177, 2.1119
2.2892, 2.0085
2.0510, 2.6506
2.3897, 2.5206
2.2630, 2.6275
2.4458, 1.9802
2.2775, 2.0741
2.0863, 2.2711
2.4987, 2.1504
2.3793, 2.1686
2.5224, 2.0139
2.3254, 2.2890
2.3777, 2.2628
2.0092, 2.6015
2.3397, 2.1583
2.5055, 2.0303
2.0776, 2.5612
2.4098, 2.6124
2.1592, 2.6959
2.4281, 2.8364
2.4029, 2.6000
2.3757, 2.0016
2.3648, 2.3731
2.4137, 1.9490
2.2192, 2.4933
2.3273, 2.1917
2.5033, 2.8360
2.3993, 2.3425
2.2108, 2.4046
2.0153, 2.3063
2.4631, 1.9167
2.4300, 2.4397
2.2691, 2.2187
1.9429, 2.4375
2.2908, 2.0455
2.0985, 2.6166
2.2068, 2.4257
1.9770, 2.4590
1.8449, 2.6169
2.4668, 2.0370
2.2501, 2.2880
2.4337, 2.1713
2.5907, 1.9486
2.6571, 2.2764
2.4298, 2.4965
2.3857, 2.3598
2.4524, 2.1492
2.0277, 2.6649
2.6202, 2.0293
2.3244, 2.5005
2.2977, 2.3684
2.1532, 2.5714
1.9711, 2.5232
2.3757, 1.9483
2.6176, 2.3624
2.3404, 2.2718
2.4402, 2.2848
2.4704, 1.7072
2.4004, 2.0579
2.4495, 1.9777
2.5146, 2.2411
2.4564, 2.0643
2.3894, 2.3520
2.3047, 2.3244
2.3228, 2.4282
2.5247, 2.6790
2.4179, 1.8594
2.3684, 2.5690
2.4099, 2.0259
2.3170, 1.9178
2.0470, 2.3850
2.0929, 2.4089
2.3719, 2.6898
2.3305, 2.3745
2.4037, 2.3734
2.1793, 2.0861
2.3255, 2.6571
2.3305, 2.1224
2.2442, 2.2054
2.4864, 2.0701
2.2383, 2.4239
2.3681, 2.3477
2.2373, 2.6188
2.3544, 2.5365
2.5115, 2.0146
2.7674, 2.2430
2.3784, 2.0029
2.1208, 2.5494
2.2133, 2.4813
2.4327, 2.3634
2.5065, 2.5911
2.2616, 2.1970
1.9818, 2.5928
2.2391, 2.3222
2.2172, 2.6027
2.1839, 2.7376
2.1929, 2.5331
2.2384, 2.4576
2.4156, 2.2676
2.3046, 2.1974
2.5427, 1.8647
2.6936, 1.9592
2.3874, 2.1500
2.4907, 2.7246
2.4190, 2.3673
2.1247, 2.2439
2.3090, 1.9709
2.7784, 1.8691
2.2974, 2.4360
2.3314, 2.3921
2.1432, 2.3885
2.4914, 2.6075
1.9220, 2.6907
2.4080, 2.0977
2.4528, 2.3467
2.3316, 2.6765
2.4075, 2.2590
2.3990, 2.6610
2.3521, 2.2188
2.0445, 2.4580
2.6027, 2.4747
2.2118, 2.6250
2.1164, 2.2638
2.5269, 1.7375
2.3448, 2.3603
2.4136, 2.3111
2.5948, 2.4806
2.3963, 1.8720
2.4313, 2.5801
1.8498, 2.7171
2.3993, 2.3291
2.2951, 2.3634
2.3839, 1.9701
2.0896, 2.3761
2.6218, 1.9992
2.0865, 2.5661
2.3287, 2.4082
2.5849, 2.2461
2.2846, 2.5049
1.9827, 2.2770
1.9682, 2.5101
2.2364, 2.2172
2.4631, 2.1567
1.9717, 2.4874
2.3164, 2.0611
2.6405, 2.1993
2.5740, 2.1310
2.2220, 2.2417
2.6057, 2.1681
2.4290, 2.3195
2.4585, 2.0587
2.5546, 2.1163
2.3732, 2.3660
2.1858, 2.1556
2.3033, 2.0338
2.3516, 2.1434
2.3103, 2.2433
2.4182, 2.1496
2.1294, 2.4996
2.3716, 2.3671
2.2545, 2.4090
2.3324, 2.3066
2.0500, 2.5722
2.6090, 2.0995
2.4826, 1.8990
2.5609, 2.8082
2.2784, 2.0905
2.6476, 2.2022
2.4303, 2.0738
2.3448, 2.7630
2.6792, 2.1584
2.4940, 2.5697
2.1002, 2.7511
2.5358, 2.2615
2.5310, 2.4383
2.3298, 2.1642
2.5406, 2.2567
1.9834, 2.6211
2.2433, 2.5354
2.4637, 1.8541
2.4249, 2.6030
2.7799, 2.1514
2.5300, 2.0330
2.2907, 2.1854
2.1740, 2.3165
2.2534, 2.7681
2.1331, 2.1856
2.5327, 2.4329
2.3019, 2.3388
2.3714, 2.2435
2.5301, 2.2132
2.3629, 2.2429
2.0122, 2.1575
2.4500, 2.3443
2.4170, 2.1877
2.5124, 2.2474
2.2327, 2.1055
2.7992, 2.0504
2.3015, 2.5243
2.3688, 2.2853
2.1947, 2.2007
2.3957, 2.5314
2.3017, 2.0495
2.3689, 2.1133
2.6305, 2.2957
2.3921, 2.5024
2.2767, 2.4412
2.6804, 2.0674
2.0483, 2.4272
2.6342, 2.1463
2.2415, 2.2736
2.6413, 2.2621
2.2673, 2.2541
2.3435, 2.1955
2.4655, 2.3553
2.3277, 1.9318
2.6433, 1.6500
2.5022, 2.2835
2.2228, 2.3907
2.4129, 2.2453
2.2577, 2.2887
2.6381, 2.6153
2.3956, 2.1914
2.6075, 2.3926
2.5392, 2.6965
2.6136, 1.9599
2.0021, 2.7403
2.6826, 2.2012
2.6485, 2.0951
2.1886, 2.1135
1.9574, 2.6256
2.0851, 2.5218
2.2254, 2.4297
2.4188, 2.2292
2.0655, 2.5624
2.3210, 1.9565
2.4331, 2.1532
2.3020, 2.2772
2.0758, 2.3406
2.2694, 2.1330
2.3373, 2.2698
2.0388, 2.5731
2.0839, 2.2673
2.3719, 2.0228
2.4294, 2.2913
2.7196, 1.9883
2.4094, 2.0502
2.2334, 2.3811
2.5073, 2.4630
2.4671, 1.9744
2.4021, 1.9783
2.8017, 2.2623
2.1404, 2.1623
2.3745, 2.6729
2.2319, 2.4902
1.8950, 2.4646
2.0726, 2.6837
2.4681, 2.7238
2.6330, 2.2090
2.4504, 2.0698
2.3411, 2.7316
2.5466, 2.3817
2.4124, 1.7832
2.5082, 2.3395
2.1565, 2.5709
2.6313, 2.3304
2.2980, 2.0720
2.2410, 2.3054
2.3052, 2.5194
2.5340, 2.0148
2.3284, 2.2128
2.6047, 2.1739
2.5235, 2.1901
2.0545, 2.4265
2.6056, 1.9627
2.5125, 2.0389
2.1817, 2.8014
2.4144, 2.2546
2.0188, 2.2857
2.2926, 2.5142
2.3809, 2.5186
2.0321, 2.2836
2.6445, 2.2370
2.3541, 2.1853
2.4159, 2.1628
2.3228, 2.2402
2.5483, 2.0217
2.3978, 2.3091
2.4897, 1.9438
2.5313, 2.2716
2.2160, 2.2057
2.2473, 2.0601
2.3621, 2.3489
2.3251, 2.1356
2.5081, 2.6581
2.4283, 1.9685
2.4107, 2.0944
2.0289, 2.2672
2.5541, 1.8377
2.3412, 2.5952
2.4144, 2.7148
2.7626, 1.9415
2.4588, 2.4521
2.5677, 2.1045
2.4761, 2.0543
2.5301, 2.1135
2.1000, 2.8731
2.4592, 2.2210
2.2979, 2.0490
2.4549, 2.2047
2.2379, 2.0259
2.3084, 2.3098
2.3857, 2.1305
2.4166, 1.9600
2.2070, 2.2844
2.3069, 2.6520
2.3976, 2.1618
2.3307, 2.1758
2.5300, 2.5728
2.5714, 2.3567
2.6761, 1.8044
2.0891, 2.3504
2.4393, 2.4852
2.3194, 2.2340
2.1984, 2.3255
2.3357, 2.4302
2.2084, 2.4859
2.6464, 2.1842
2.4721, 2.3363
2.3457, 2.1127
2.2817, 2.4059
2.7743, 2.2934
2.3622, 1.6447
2.5359, 2.1046
2.3223, 2.1493
2.7172, 2.4423
2.5206, 2.2601
2.5108, 2.3312
2.4081, 2.3248
2.3382, 2.6093
2.2055, 2.6165
2.0034, 2.5900
2.3329, 2.1704
2.1955, 2.2575
2.5238, 2.0586
2.6572, 2.2235
2.1269, 2.7147
2.4389, 2.1767
2.3716, 2.3413
2.4999, 2.0396
2.4310, 2.0804
2.3586, 2.2064
2.4053, 2.6189
2.3255, 2.0002
2.1241, 2.8903
2.0576, 2.3475
2.4050, 1.9370
2.2153, 2.1788
2.2738, 2.7865
2.2786, 2.3781
2.5400, 2.2934
2.4257, 2.3636
2.3896, 2.5015
2.3948, 1.8163
2.2058, 2.6438
2.4346, 2.5714
2.3044, 2.0479
2.3436, 2.2201
2.5942, 1.5598
2.3242, 2.3058
2.4894, 1.9739
2.3487, 1.9930
2.4910, 2.1362
2.3726, 2.2153
2.3134, 2.4849
2.9478, 2.0619
2.3765, 2.4533
2.4486, 2.4359
2.4365, 2.4779
2.3147, 2.2654
2.4904, 1.9403
2.5959, 2.2154
2.4911, 2.4785
2.4460, 2.5366
2.3083, 1.9706
2.6704, 1.7472
2.6982, 1.9780
2.4378, 2.2072
2.3366, 2.6065
2.3645, 2.5787
2.2597, 2.2693
2.6082, 2.7908
2.3325, 2.2898
2.4506, 2.0196
2.3509, 2.5412
2.7813, 2.0342
2.4017, 1.9299
2.5320, 2.1638
2.5501, 2.2542
2.4943, 1.8933
2.1264, 2.1880
2.2864, 2.3512
2.1452, 2.2879
2.4506, 2.1423
2.2902, 2.1490
1.9731, 2.6121
2.0239, 2.2894
2.6477, 1.9811
2.4698, 2.0432
2.5906, 2.2126
2.4339, 2.7832
2.6532, 1.8881
2.3518, 1.8730
2.1874, 2.2206
2.4352, 2.4091
2.3253, 2.0746
2.3569, 2.5003
2.4519, 2.4063
2.5053, 2.0062
2.6961, 2.3292
1.9818, 2.6423
1.9701, 2.6843
2.3165, 2.2634
2.3402, 2.3382
2.3836, 1.7758
2.6251, 2.0990
2.1789, 2.0416
2.1466, 2.3117
2.1961, 2.4543
2.0196, 2.3813
2.3659, 2.0231
2.4070, 1.9938
2.3000, 2.4770
2.2151, 2.2921
2.1110, 2.4471
1.9247, 2.7191
2.2140, 2.1175
2.3116, 2.1506
2.4587, 2.0132
2.0659, 2.4841
2.2981, 2.0436
2.4163, 2.1505
2.2049, 2.3632
2.5378, 2.3287
2.5405, 2.1010
2.2148, 2.7430
2.3722, 2.5273
2.5852, 2.0916
2.3596, 2.1715
2.0394, 2.3396
2.4197, 1.9955
2.6019, 2.2917
2.2056, 2.2005
2.1623, 2.3507
2.3261, 2.2719
2.4730, 2.2161
2.4219, 2.0452
2.2051, 2.4721
2.4335, 2.0776
2.4565, 2.2683
2.3974, 1.9559
2.3465, 2.2209
2.3200, 2.3326
2.5856, 2.1620
2.5603, 2.5839
2.3025, 2.3333
2.3104, 2.2209
2.5224, 2.1343
2.3693, 2.0700
2.1495, 2.7184
2.3991, 2.2653
2.2802, 2.1923
2.2782, 2.3694
2.2394, 2.5106
2.1353, 2.7937
2.1638, 2.4106
2.5919, 2.0668
2.4728, 2.8494
2.2116, 2.2062
2.2992, 2.3325
2.4475, 2.6691
2.1178, 2.2407
2.4240, 2.1655
2.3077, 2.2926
2.2260, 2.3040
2.2922, 2.1158
2.4307, 2.5102
2.3812, 2.5261
2.6223, 1.7850
2.3471, 2.3002
2.5120, 2.6936
2.1596, 2.7133
2.7767, 2.0675
2.3315, 2.4102
2.3668, 2.2205
2.3066, 2.4472
2.3289, 2.4840
2.2521, 2.5480
2.3786, 2.3858
2.4742, 2.6543
2.2639, 2.4664
2.3202, 2.5643
2.3308, 2.4657
2.3590, 2.3202
2.3182, 1.9633
1.6933, 2.7304
2.1380, 2.4463
2.4128, 2.6650
2.0410, 2.6580
2.1908, 2.3988
2.2057, 2.1684
2.3328, 2.1223
2.4434, 2.6163
2.4443, 2.7762
2.5960, 2.2228
2.2146, 2.0719
2.5546, 2.2030
2.3135, 2.7751
2.5081, 2.1459
2.2532, 2.2556
2.5273, 2.0020
2.1029, 2.2578
2.5867, 2.0127
2.7661, 2.1757
2.1492, 2.8148
2.3783, 2.0636
2.2333, 2.2908
2.5936, 2.1390
2.1751, 2.1865
2.2708, 2.2186
2.5093, 2.1349
2.6036, 1.9478
2.3991, 2.1387
2.0059, 2.6702
2.2328, 2.4572
2.2825, 2.0007
2.2830, 2.1729
2.2893, 2.3428
2.3428, 2.1208
2.4167, 2.1615
2.2930, 2.3226
2.6545, 1.9223
2.5351, 2.2670
2.5809, 2.1034
2.7451, 2.1381
2.3035, 2.2026
2.4060, 1.9992
2.1223, 2.3694
2.3581, 2.1580
2.4067, 1.8817
2.4764, 2.2837
2.2129, 2.1700
2.8409, 2.0214
2.4999, 2.4395
2.3650, 2.1979
2.5426, 2.0298
2.6321, 1.9542
2.1378, 2.3375
2.3651, 2.4435
2.3057, 2.3270
2.1930, 2.3396
2.2018, 2.2946
2.2247, 2.3881
2.0118, 2.7705
2.4748, 2.3955
1.9617, 2.3827
2.3528, 2.4716
2.4633, 2.0370
2.2880, 2.2748
2.3117, 2.6158
2.4516, 2.0692
2.5399, 2.0320
2.1719, 2.2637
2.1010, 2.6530
2.6128, 2.0428
2.3060, 2.1212
2.5114, 2.6345
2.5316, 2.1052
2.0454, 2.2570
2.3120, 2.3610
2.4903, 2.2034
2.5295, 2.4459
2.5252, 1.6869
2.2098, 2.3110
2.2628, 2.1407
